system,method,method_label,run_id,source_group,iteration,throughput,latency,qps,cost,fidelity,prepare_time,run_time,clean_time,config_json
tomcat,lf05_hard07,"lambda_f=0.5, hard=0.7",3301,RQ1&2parrel,1,2245.95,24.16,2245.95,10.034581661224365,"[8, 50, 10, False]",0.0,10.03374171257019,0.0,"{""acceptCount"": ""100"", ""allowBackslash"": ""FALSE"", ""compression"": ""on"", ""compressionMinSize"": ""2048"", ""connectionTimeout"": ""60000"", ""connectionUploadTimeout"": ""300000"", ""disableUploadTimeout"": ""FALSE"", ""executorTerminationTimeoutMillis"": ""5000"", ""keepAliveTimeout"": ""60000"", ""maxConnections"": ""8192"", ""maxHeaderCount"": ""100"", ""maxHttpHeaderSize"": ""8192"", ""maxHttpRequestHeaderSize"": ""8192"", ""maxHttpResponseHeaderSize"": ""8192"", ""maxKeepAliveRequests"": ""100"", ""maxParameterCount"": ""10000"", ""maxSwallowSize"": ""2097152"", ""maxThreads"": ""200"", ""minSpareThreads"": ""10"", ""processorCache"": ""200"", ""tcpNoDelay"": ""TRUE"", ""threadPriority"": ""5"", ""threadsMaxIdleTime"": ""60000"", ""useAsyncIO"": ""TRUE"", ""useVirtualThreads"": ""FALSE""}"
tomcat,lf05_hard07,"lambda_f=0.5, hard=0.7",3301,RQ1&2parrel,2,2313.15,25.12,2313.15,10.04080057144165,"[8, 50, 10, False]",0.0,10.040543556213379,0.0,"{""acceptCount"": ""100"", ""allowBackslash"": ""FALSE"", ""compression"": ""on"", ""compressionMinSize"": ""2048"", ""connectionTimeout"": ""60000"", ""connectionUploadTimeout"": ""300000"", ""disableUploadTimeout"": ""FALSE"", ""executorTerminationTimeoutMillis"": ""5000"", ""keepAliveTimeout"": ""60000"", ""maxConnections"": ""8192"", ""maxHeaderCount"": ""100"", ""maxHttpHeaderSize"": ""65535"", ""maxHttpRequestHeaderSize"": ""65534"", ""maxHttpResponseHeaderSize"": ""8192"", ""maxKeepAliveRequests"": ""100"", ""maxParameterCount"": ""10000"", ""maxSwallowSize"": ""2097152"", ""maxThreads"": ""200"", ""minSpareThreads"": ""10"", ""processorCache"": ""200"", ""tcpNoDelay"": ""TRUE"", ""threadPriority"": ""5"", ""threadsMaxIdleTime"": ""60000"", ""useAsyncIO"": ""TRUE"", ""useVirtualThreads"": ""FALSE""}"
tomcat,lf05_hard07,"lambda_f=0.5, hard=0.7",3301,RQ1&2parrel,3,2435.48,24.71,2435.48,10.044601440429688,"[8, 50, 10, False]",0.0,10.044513940811157,0.0,"{""acceptCount"": ""100"", ""allowBackslash"": ""FALSE"", ""compression"": ""on"", ""compressionMinSize"": ""2048"", ""connectionTimeout"": ""60000"", ""connectionUploadTimeout"": ""300000"", ""disableUploadTimeout"": ""FALSE"", ""executorTerminationTimeoutMillis"": ""5000"", ""keepAliveTimeout"": ""60000"", ""maxConnections"": ""8192"", ""maxHeaderCount"": ""100"", ""maxHttpHeaderSize"": ""65535"", ""maxHttpRequestHeaderSize"": ""36863"", ""maxHttpResponseHeaderSize"": ""8192"", ""maxKeepAliveRequests"": ""100"", ""maxParameterCount"": ""10000"", ""maxSwallowSize"": ""2097152"", ""maxThreads"": ""200"", ""minSpareThreads"": ""10"", ""processorCache"": ""200"", ""tcpNoDelay"": ""TRUE"", ""threadPriority"": ""5"", ""threadsMaxIdleTime"": ""60000"", ""useAsyncIO"": ""TRUE"", ""useVirtualThreads"": ""FALSE""}"
tomcat,lf05_hard07,"lambda_f=0.5, hard=0.7",3301,RQ1&2parrel,4,2193.24,24.73,2193.24,10.046074151992798,"[8, 50, 10, False]",0.0,10.04597783088684,0.0,"{""acceptCount"": ""100"", ""allowBackslash"": ""FALSE"", ""compression"": ""on"", ""compressionMinSize"": ""2048"", ""connectionTimeout"": ""60000"", ""connectionUploadTimeout"": ""300000"", ""disableUploadTimeout"": ""FALSE"", ""executorTerminationTimeoutMillis"": ""5000"", ""keepAliveTimeout"": ""60000"", ""maxConnections"": ""8192"", ""maxHeaderCount"": ""100"", ""maxHttpHeaderSize"": ""65535"", ""maxHttpRequestHeaderSize"": ""33023"", ""maxHttpResponseHeaderSize"": ""8192"", ""maxKeepAliveRequests"": ""100"", ""maxParameterCount"": ""10000"", ""maxSwallowSize"": ""2097152"", ""maxThreads"": ""200"", ""minSpareThreads"": ""10"", ""processorCache"": ""200"", ""tcpNoDelay"": ""TRUE"", ""threadPriority"": ""5"", ""threadsMaxIdleTime"": ""60000"", ""useAsyncIO"": ""TRUE"", ""useVirtualThreads"": ""FALSE""}"
tomcat,lf05_hard07,"lambda_f=0.5, hard=0.7",3301,RQ1&2parrel,5,2284.8,25.59,2284.8,10.039577722549438,"[8, 50, 10, False]",0.0,10.039488315582275,0.0,"{""acceptCount"": ""100"", ""allowBackslash"": ""FALSE"", ""compression"": ""on"", ""compressionMinSize"": ""2048"", ""connectionTimeout"": ""60000"", ""connectionUploadTimeout"": ""300000"", ""disableUploadTimeout"": ""FALSE"", ""executorTerminationTimeoutMillis"": ""5000"", ""keepAliveTimeout"": ""60000"", ""maxConnections"": ""8192"", ""maxHeaderCount"": ""100"", ""maxHttpHeaderSize"": ""8192"", ""maxHttpRequestHeaderSize"": ""8192"", ""maxHttpResponseHeaderSize"": ""4352"", ""maxKeepAliveRequests"": ""100"", ""maxParameterCount"": ""10000"", ""maxSwallowSize"": ""2097152"", ""maxThreads"": ""200"", ""minSpareThreads"": ""10"", ""processorCache"": ""200"", ""tcpNoDelay"": ""TRUE"", ""threadPriority"": ""5"", ""threadsMaxIdleTime"": ""60000"", ""useAsyncIO"": ""TRUE"", ""useVirtualThreads"": ""FALSE""}"
tomcat,lf05_hard07,"lambda_f=0.5, hard=0.7",3301,RQ1&2parrel,6,2253.27,24.09,2253.27,10.039424896240234,"[8, 50, 10, False]",0.0,10.039334297180176,0.0,"{""acceptCount"": ""100"", ""allowBackslash"": ""FALSE"", ""compression"": ""on"", ""compressionMinSize"": ""2048"", ""connectionTimeout"": ""60000"", ""connectionUploadTimeout"": ""300000"", ""disableUploadTimeout"": ""FALSE"", ""executorTerminationTimeoutMillis"": ""5000"", ""keepAliveTimeout"": ""60000"", ""maxConnections"": ""8192"", ""maxHeaderCount"": ""100"", ""maxHttpHeaderSize"": ""8192"", ""maxHttpRequestHeaderSize"": ""8192"", ""maxHttpResponseHeaderSize"": ""513"", ""maxKeepAliveRequests"": ""100"", ""maxParameterCount"": ""10000"", ""maxSwallowSize"": ""2097152"", ""maxThreads"": ""200"", ""minSpareThreads"": ""10"", ""processorCache"": ""200"", ""tcpNoDelay"": ""TRUE"", ""threadPriority"": ""5"", ""threadsMaxIdleTime"": ""60000"", ""useAsyncIO"": ""TRUE"", ""useVirtualThreads"": ""FALSE""}"
tomcat,lf05_hard07,"lambda_f=0.5, hard=0.7",3301,RQ1&2parrel,7,2252.24,24.29,2252.24,10.042148113250732,"[8, 50, 10, False]",0.0,10.042060613632202,0.0,"{""acceptCount"": ""100"", ""allowBackslash"": ""FALSE"", ""compression"": ""on"", ""compressionMinSize"": ""2048"", ""connectionTimeout"": ""60000"", ""connectionUploadTimeout"": ""300000"", ""disableUploadTimeout"": ""FALSE"", ""executorTerminationTimeoutMillis"": ""5000"", ""keepAliveTimeout"": ""60000"", ""maxConnections"": ""8192"", ""maxHeaderCount"": ""100"", ""maxHttpHeaderSize"": ""8192"", ""maxHttpRequestHeaderSize"": ""8192"", ""maxHttpResponseHeaderSize"": ""512"", ""maxKeepAliveRequests"": ""100"", ""maxParameterCount"": ""10000"", ""maxSwallowSize"": ""2097152"", ""maxThreads"": ""200"", ""minSpareThreads"": ""10"", ""processorCache"": ""200"", ""tcpNoDelay"": ""TRUE"", ""threadPriority"": ""5"", ""threadsMaxIdleTime"": ""60000"", ""useAsyncIO"": ""TRUE"", ""useVirtualThreads"": ""FALSE""}"
tomcat,lf05_hard07,"lambda_f=0.5, hard=0.7",3301,RQ1&2parrel,8,1761.11,43.63,1761.11,10.031287431716919,"[8, 50, 10, False]",0.0,10.031193256378174,0.0,"{""acceptCount"": ""100"", ""allowBackslash"": ""FALSE"", ""compression"": ""on"", ""compressionMinSize"": ""2048"", ""connectionTimeout"": ""60000"", ""connectionUploadTimeout"": ""300000"", ""disableUploadTimeout"": ""FALSE"", ""executorTerminationTimeoutMillis"": ""5000"", ""keepAliveTimeout"": ""60000"", ""maxConnections"": ""8192"", ""maxHeaderCount"": ""100"", ""maxHttpHeaderSize"": ""8192"", ""maxHttpRequestHeaderSize"": ""8192"", ""maxHttpResponseHeaderSize"": ""8192"", ""maxKeepAliveRequests"": ""100"", ""maxParameterCount"": ""10000"", ""maxSwallowSize"": ""2097152"", ""maxThreads"": ""200"", ""minSpareThreads"": ""10"", ""processorCache"": ""0"", ""tcpNoDelay"": ""TRUE"", ""threadPriority"": ""5"", ""threadsMaxIdleTime"": ""60000"", ""useAsyncIO"": ""TRUE"", ""useVirtualThreads"": ""FALSE""}"
tomcat,lf05_hard07,"lambda_f=0.5, hard=0.7",3301,RQ1&2parrel,9,2277.35,25.33,2277.35,10.042940139770508,"[8, 50, 10, False]",0.0,10.042850017547607,0.0,"{""acceptCount"": ""40"", ""allowBackslash"": ""TRUE"", ""compression"": ""off"", ""compressionMinSize"": ""4475"", ""connectionTimeout"": ""470577"", ""connectionUploadTimeout"": ""298054"", ""disableUploadTimeout"": ""FALSE"", ""executorTerminationTimeoutMillis"": ""133320"", ""keepAliveTimeout"": ""423626"", ""maxConnections"": ""3698"", ""maxHeaderCount"": ""423"", ""maxHttpHeaderSize"": ""6768"", ""maxHttpRequestHeaderSize"": ""44230"", ""maxHttpResponseHeaderSize"": ""47940"", ""maxKeepAliveRequests"": ""4796"", ""maxParameterCount"": ""29370"", ""maxSwallowSize"": ""1321687"", ""maxThreads"": ""112"", ""minSpareThreads"": ""939"", ""processorCache"": ""142"", ""tcpNoDelay"": ""TRUE"", ""threadPriority"": ""1"", ""threadsMaxIdleTime"": ""332168"", ""useAsyncIO"": ""TRUE"", ""useVirtualThreads"": ""FALSE""}"
tomcat,lf05_hard07,"lambda_f=0.5, hard=0.7",3301,RQ1&2parrel,10,2139.58,23.17,2139.58,10.030141115188599,"[8, 50, 10, False]",0.0,10.030050992965698,0.0,"{""acceptCount"": ""533"", ""allowBackslash"": ""FALSE"", ""compression"": ""off"", ""compressionMinSize"": ""7066"", ""connectionTimeout"": ""393856"", ""connectionUploadTimeout"": ""149457"", ""disableUploadTimeout"": ""TRUE"", ""executorTerminationTimeoutMillis"": ""310337"", ""keepAliveTimeout"": ""338578"", ""maxConnections"": ""10147"", ""maxHeaderCount"": ""387"", ""maxHttpHeaderSize"": ""797"", ""maxHttpRequestHeaderSize"": ""55159"", ""maxHttpResponseHeaderSize"": ""64851"", ""maxKeepAliveRequests"": ""4571"", ""maxParameterCount"": ""79749"", ""maxSwallowSize"": ""19092804"", ""maxThreads"": ""310"", ""minSpareThreads"": ""245"", ""processorCache"": ""95"", ""tcpNoDelay"": ""FALSE"", ""threadPriority"": ""5"", ""threadsMaxIdleTime"": ""172432"", ""useAsyncIO"": ""FALSE"", ""useVirtualThreads"": ""TRUE""}"
tomcat,lf05_hard07,"lambda_f=0.5, hard=0.7",3301,RQ1&2parrel,11,2350.33,23.52,2350.33,10.031383037567139,"[8, 50, 10, False]",0.0,10.031291961669922,0.0,"{""acceptCount"": ""619"", ""allowBackslash"": ""FALSE"", ""compression"": ""force"", ""compressionMinSize"": ""8141"", ""connectionTimeout"": ""127528"", ""connectionUploadTimeout"": ""490144"", ""disableUploadTimeout"": ""FALSE"", ""executorTerminationTimeoutMillis"": ""206717"", ""keepAliveTimeout"": ""443371"", ""maxConnections"": ""19898"", ""maxHeaderCount"": ""493"", ""maxHttpHeaderSize"": ""6518"", ""maxHttpRequestHeaderSize"": ""58834"", ""maxHttpResponseHeaderSize"": ""14512"", ""maxKeepAliveRequests"": ""3326"", ""maxParameterCount"": ""21666"", ""maxSwallowSize"": ""10890600"", ""maxThreads"": ""371"", ""minSpareThreads"": ""788"", ""processorCache"": ""160"", ""tcpNoDelay"": ""TRUE"", ""threadPriority"": ""9"", ""threadsMaxIdleTime"": ""315529"", ""useAsyncIO"": ""FALSE"", ""useVirtualThreads"": ""FALSE""}"
tomcat,lf05_hard07,"lambda_f=0.5, hard=0.7",3301,RQ1&2parrel,12,2298.31,25.28,2298.31,10.037591695785522,"[8, 50, 10, False]",0.0,10.037499904632568,0.0,"{""acceptCount"": ""288"", ""allowBackslash"": ""FALSE"", ""compression"": ""force"", ""compressionMinSize"": ""2958"", ""connectionTimeout"": ""11718"", ""connectionUploadTimeout"": ""584102"", ""disableUploadTimeout"": ""FALSE"", ""executorTerminationTimeoutMillis"": ""412756"", ""keepAliveTimeout"": ""598785"", ""maxConnections"": ""10935"", ""maxHeaderCount"": ""774"", ""maxHttpHeaderSize"": ""24785"", ""maxHttpRequestHeaderSize"": ""29730"", ""maxHttpResponseHeaderSize"": ""46920"", ""maxKeepAliveRequests"": ""3975"", ""maxParameterCount"": ""37425"", ""maxSwallowSize"": ""17115236"", ""maxThreads"": ""271"", ""minSpareThreads"": ""278"", ""processorCache"": ""170"", ""tcpNoDelay"": ""TRUE"", ""threadPriority"": ""10"", ""threadsMaxIdleTime"": ""490793"", ""useAsyncIO"": ""TRUE"", ""useVirtualThreads"": ""FALSE""}"
tomcat,lf05_hard07,"lambda_f=0.5, hard=0.7",3301,RQ1&2parrel,13,2387.54,25.53,2387.54,10.039673805236816,"[8, 50, 10, False]",0.0,10.039580345153809,0.0,"{""acceptCount"": ""405"", ""allowBackslash"": ""TRUE"", ""compression"": ""on"", ""compressionMinSize"": ""3009"", ""connectionTimeout"": ""241931"", ""connectionUploadTimeout"": ""163413"", ""disableUploadTimeout"": ""TRUE"", ""executorTerminationTimeoutMillis"": ""277895"", ""keepAliveTimeout"": ""384257"", ""maxConnections"": ""14799"", ""maxHeaderCount"": ""667"", ""maxHttpHeaderSize"": ""8624"", ""maxHttpRequestHeaderSize"": ""49763"", ""maxHttpResponseHeaderSize"": ""25400"", ""maxKeepAliveRequests"": ""458"", ""maxParameterCount"": ""14231"", ""maxSwallowSize"": ""16538665"", ""maxThreads"": ""231"", ""minSpareThreads"": ""15"", ""processorCache"": ""224"", ""tcpNoDelay"": ""FALSE"", ""threadPriority"": ""8"", ""threadsMaxIdleTime"": ""499368"", ""useAsyncIO"": ""FALSE"", ""useVirtualThreads"": ""FALSE""}"
tomcat,lf05_hard07,"lambda_f=0.5, hard=0.7",3301,RQ1&2parrel,14,2146.4,23.08,2146.4,10.036156415939331,"[8, 50, 10, False]",0.0,10.036065816879272,0.0,"{""acceptCount"": ""902"", ""allowBackslash"": ""FALSE"", ""compression"": ""on"", ""compressionMinSize"": ""5931"", ""connectionTimeout"": ""18651"", ""connectionUploadTimeout"": ""12549"", ""disableUploadTimeout"": ""FALSE"", ""executorTerminationTimeoutMillis"": ""473681"", ""keepAliveTimeout"": ""316935"", ""maxConnections"": ""1554"", ""maxHeaderCount"": ""641"", ""maxHttpHeaderSize"": ""2114"", ""maxHttpRequestHeaderSize"": ""47963"", ""maxHttpResponseHeaderSize"": ""10179"", ""maxKeepAliveRequests"": ""175"", ""maxParameterCount"": ""63777"", ""maxSwallowSize"": ""3998748"", ""maxThreads"": ""28"", ""minSpareThreads"": ""802"", ""processorCache"": ""364"", ""tcpNoDelay"": ""TRUE"", ""threadPriority"": ""7"", ""threadsMaxIdleTime"": ""40392"", ""useAsyncIO"": ""TRUE"", ""useVirtualThreads"": ""TRUE""}"
tomcat,lf05_hard07,"lambda_f=0.5, hard=0.7",3301,RQ1&2parrel,15,2419.91,25.97,2419.91,10.033779382705688,"[8, 50, 10, False]",0.0,10.033690690994263,0.0,"{""acceptCount"": ""941"", ""allowBackslash"": ""FALSE"", ""compression"": ""force"", ""compressionMinSize"": ""9575"", ""connectionTimeout"": ""359979"", ""connectionUploadTimeout"": ""549856"", ""disableUploadTimeout"": ""TRUE"", ""executorTerminationTimeoutMillis"": ""52154"", ""keepAliveTimeout"": ""399386"", ""maxConnections"": ""8482"", ""maxHeaderCount"": ""722"", ""maxHttpHeaderSize"": ""4818"", ""maxHttpRequestHeaderSize"": ""35160"", ""maxHttpResponseHeaderSize"": ""60550"", ""maxKeepAliveRequests"": ""1420"", ""maxParameterCount"": ""34617"", ""maxSwallowSize"": ""7633984"", ""maxThreads"": ""90"", ""minSpareThreads"": ""227"", ""processorCache"": ""281"", ""tcpNoDelay"": ""FALSE"", ""threadPriority"": ""3"", ""threadsMaxIdleTime"": ""520404"", ""useAsyncIO"": ""TRUE"", ""useVirtualThreads"": ""FALSE""}"
tomcat,lf05_hard07,"lambda_f=0.5, hard=0.7",3301,RQ1&2parrel,16,2201.17,22.55,2201.17,10.030408143997192,"[8, 50, 10, False]",0.0,10.030312776565552,0.0,"{""acceptCount"": ""444"", ""allowBackslash"": ""TRUE"", ""compression"": ""force"", ""compressionMinSize"": ""1925"", ""connectionTimeout"": ""584430"", ""connectionUploadTimeout"": ""401325"", ""disableUploadTimeout"": ""FALSE"", ""executorTerminationTimeoutMillis"": ""400301"", ""keepAliveTimeout"": ""334400"", ""maxConnections"": ""15157"", ""maxHeaderCount"": ""711"", ""maxHttpHeaderSize"": ""2872"", ""maxHttpRequestHeaderSize"": ""62313"", ""maxHttpResponseHeaderSize"": ""44115"", ""maxKeepAliveRequests"": ""1703"", ""maxParameterCount"": ""87292"", ""maxSwallowSize"": ""13435981"", ""maxThreads"": ""294"", ""minSpareThreads"": ""955"", ""processorCache"": ""331"", ""tcpNoDelay"": ""TRUE"", ""threadPriority"": ""4"", ""threadsMaxIdleTime"": ""61251"", ""useAsyncIO"": ""FALSE"", ""useVirtualThreads"": ""TRUE""}"
tomcat,lf05_hard07,"lambda_f=0.5, hard=0.7",3301,RQ1&2parrel,17,2193.76,22.62,2193.76,10.026199340820312,"[8, 50, 10, False]",0.0,10.02611231803894,0.0,"{""acceptCount"": ""789"", ""allowBackslash"": ""FALSE"", ""compression"": ""force"", ""compressionMinSize"": ""2756"", ""connectionTimeout"": ""509315"", ""connectionUploadTimeout"": ""419839"", ""disableUploadTimeout"": ""TRUE"", ""executorTerminationTimeoutMillis"": ""102302"", ""keepAliveTimeout"": ""267238"", ""maxConnections"": ""18176"", ""maxHeaderCount"": ""851"", ""maxHttpHeaderSize"": ""7420"", ""maxHttpRequestHeaderSize"": ""63941"", ""maxHttpResponseHeaderSize"": ""49642"", ""maxKeepAliveRequests"": ""1939"", ""maxParameterCount"": ""74824"", ""maxSwallowSize"": ""12433317"", ""maxThreads"": ""193"", ""minSpareThreads"": ""399"", ""processorCache"": ""355"", ""tcpNoDelay"": ""FALSE"", ""threadPriority"": ""1"", ""threadsMaxIdleTime"": ""508274"", ""useAsyncIO"": ""TRUE"", ""useVirtualThreads"": ""TRUE""}"
tomcat,lf05_hard07,"lambda_f=0.5, hard=0.7",3301,RQ1&2parrel,18,2287.88,27.6,2287.88,10.034230470657349,"[8, 50, 10, False]",0.0,10.034131288528442,0.0,"{""acceptCount"": ""980"", ""allowBackslash"": ""TRUE"", ""compression"": ""on"", ""compressionMinSize"": ""3325"", ""connectionTimeout"": ""269383"", ""connectionUploadTimeout"": ""246834"", ""disableUploadTimeout"": ""FALSE"", ""executorTerminationTimeoutMillis"": ""89087"", ""keepAliveTimeout"": ""331382"", ""maxConnections"": ""4716"", ""maxHeaderCount"": ""645"", ""maxHttpHeaderSize"": ""49598"", ""maxHttpRequestHeaderSize"": ""52566"", ""maxHttpResponseHeaderSize"": ""63445"", ""maxKeepAliveRequests"": ""3352"", ""maxParameterCount"": ""49820"", ""maxSwallowSize"": ""2307674"", ""maxThreads"": ""248"", ""minSpareThreads"": ""419"", ""processorCache"": ""4"", ""tcpNoDelay"": ""TRUE"", ""threadPriority"": ""7"", ""threadsMaxIdleTime"": ""215874"", ""useAsyncIO"": ""TRUE"", ""useVirtualThreads"": ""FALSE""}"
tomcat,lf05_hard07,"lambda_f=0.5, hard=0.7",3301,RQ1&2parrel,19,2347.51,25.09,2347.51,10.030401229858398,"[8, 50, 10, False]",0.0,10.030305624008179,0.0,"{""acceptCount"": ""33"", ""allowBackslash"": ""FALSE"", ""compression"": ""on"", ""compressionMinSize"": ""7587"", ""connectionTimeout"": ""272509"", ""connectionUploadTimeout"": ""275409"", ""disableUploadTimeout"": ""FALSE"", ""executorTerminationTimeoutMillis"": ""74606"", ""keepAliveTimeout"": ""68073"", ""maxConnections"": ""17700"", ""maxHeaderCount"": ""490"", ""maxHttpHeaderSize"": ""18225"", ""maxHttpRequestHeaderSize"": ""24284"", ""maxHttpResponseHeaderSize"": ""35711"", ""maxKeepAliveRequests"": ""1305"", ""maxParameterCount"": ""17574"", ""maxSwallowSize"": ""14272648"", ""maxThreads"": ""31"", ""minSpareThreads"": ""123"", ""processorCache"": ""279"", ""tcpNoDelay"": ""TRUE"", ""threadPriority"": ""6"", ""threadsMaxIdleTime"": ""150372"", ""useAsyncIO"": ""FALSE"", ""useVirtualThreads"": ""FALSE""}"
tomcat,lf05_hard07,"lambda_f=0.5, hard=0.7",3301,RQ1&2parrel,20,2348.34,24.76,2348.34,10.026641607284546,"[8, 50, 10, False]",0.0,10.026550769805908,0.0,"{""acceptCount"": ""874"", ""allowBackslash"": ""FALSE"", ""compression"": ""off"", ""compressionMinSize"": ""2552"", ""connectionTimeout"": ""166816"", ""connectionUploadTimeout"": ""219762"", ""disableUploadTimeout"": ""FALSE"", ""executorTerminationTimeoutMillis"": ""581214"", ""keepAliveTimeout"": ""223497"", ""maxConnections"": ""11859"", ""maxHeaderCount"": ""770"", ""maxHttpHeaderSize"": ""3949"", ""maxHttpRequestHeaderSize"": ""52075"", ""maxHttpResponseHeaderSize"": ""3367"", ""maxKeepAliveRequests"": ""685"", ""maxParameterCount"": ""26689"", ""maxSwallowSize"": ""20492232"", ""maxThreads"": ""131"", ""minSpareThreads"": ""568"", ""processorCache"": ""288"", ""tcpNoDelay"": ""TRUE"", ""threadPriority"": ""6"", ""threadsMaxIdleTime"": ""56095"", ""useAsyncIO"": ""TRUE"", ""useVirtualThreads"": ""FALSE""}"
tomcat,lf05_hard07,"lambda_f=0.5, hard=0.7",3301,RQ1&2parrel,21,2348.06,25.79,2348.06,10.027711153030396,"[8, 50, 10, False]",0.0,10.027616262435913,0.0,"{""acceptCount"": ""942"", ""allowBackslash"": ""TRUE"", ""compression"": ""force"", ""compressionMinSize"": ""2444"", ""connectionTimeout"": ""86915"", ""connectionUploadTimeout"": ""527788"", ""disableUploadTimeout"": ""TRUE"", ""executorTerminationTimeoutMillis"": ""115928"", ""keepAliveTimeout"": ""8968"", ""maxConnections"": ""12604"", ""maxHeaderCount"": ""663"", ""maxHttpHeaderSize"": ""20300"", ""maxHttpRequestHeaderSize"": ""31469"", ""maxHttpResponseHeaderSize"": ""56503"", ""maxKeepAliveRequests"": ""4998"", ""maxParameterCount"": ""24958"", ""maxSwallowSize"": ""18608784"", ""maxThreads"": ""172"", ""minSpareThreads"": ""835"", ""processorCache"": ""143"", ""tcpNoDelay"": ""FALSE"", ""threadPriority"": ""7"", ""threadsMaxIdleTime"": ""45931"", ""useAsyncIO"": ""FALSE"", ""useVirtualThreads"": ""FALSE""}"
tomcat,lf05_hard07,"lambda_f=0.5, hard=0.7",3301,RQ1&2parrel,22,2432.56,25.5,2432.56,10.034719467163086,"[8, 50, 10, False]",0.0,10.034624099731445,0.0,"{""acceptCount"": ""153"", ""allowBackslash"": ""TRUE"", ""compression"": ""force"", ""compressionMinSize"": ""7659"", ""connectionTimeout"": ""52698"", ""connectionUploadTimeout"": ""471557"", ""disableUploadTimeout"": ""TRUE"", ""executorTerminationTimeoutMillis"": ""509460"", ""keepAliveTimeout"": ""153543"", ""maxConnections"": ""16569"", ""maxHeaderCount"": ""70"", ""maxHttpHeaderSize"": ""2002"", ""maxHttpRequestHeaderSize"": ""61336"", ""maxHttpResponseHeaderSize"": ""24349"", ""maxKeepAliveRequests"": ""3090"", ""maxParameterCount"": ""34183"", ""maxSwallowSize"": ""15008095"", ""maxThreads"": ""72"", ""minSpareThreads"": ""356"", ""processorCache"": ""127"", ""tcpNoDelay"": ""FALSE"", ""threadPriority"": ""7"", ""threadsMaxIdleTime"": ""160249"", ""useAsyncIO"": ""TRUE"", ""useVirtualThreads"": ""FALSE""}"
tomcat,lf05_hard07,"lambda_f=0.5, hard=0.7",3301,RQ1&2parrel,23,2162.67,22.98,2162.67,10.027340173721313,"[8, 50, 10, False]",0.0,10.027251482009888,0.0,"{""acceptCount"": ""191"", ""allowBackslash"": ""TRUE"", ""compression"": ""on"", ""compressionMinSize"": ""7855"", ""connectionTimeout"": ""319025"", ""connectionUploadTimeout"": ""93181"", ""disableUploadTimeout"": ""FALSE"", ""executorTerminationTimeoutMillis"": ""11761"", ""keepAliveTimeout"": ""255150"", ""maxConnections"": ""13398"", ""maxHeaderCount"": ""51"", ""maxHttpHeaderSize"": ""5441"", ""maxHttpRequestHeaderSize"": ""56851"", ""maxHttpResponseHeaderSize"": ""39001"", ""maxKeepAliveRequests"": ""4344"", ""maxParameterCount"": ""67242"", ""maxSwallowSize"": ""17926528"", ""maxThreads"": ""9"", ""minSpareThreads"": ""673"", ""processorCache"": ""16"", ""tcpNoDelay"": ""TRUE"", ""threadPriority"": ""3"", ""threadsMaxIdleTime"": ""326783"", ""useAsyncIO"": ""TRUE"", ""useVirtualThreads"": ""TRUE""}"
tomcat,lf05_hard07,"lambda_f=0.5, hard=0.7",3301,RQ1&2parrel,24,2425.82,26.09,2425.82,10.038504838943481,"[8, 50, 10, False]",0.0,10.038414239883423,0.0,"{""acceptCount"": ""693"", ""allowBackslash"": ""FALSE"", ""compression"": ""on"", ""compressionMinSize"": ""1086"", ""connectionTimeout"": ""545674"", ""connectionUploadTimeout"": ""241744"", ""disableUploadTimeout"": ""TRUE"", ""executorTerminationTimeoutMillis"": ""434908"", ""keepAliveTimeout"": ""168967"", ""maxConnections"": ""467"", ""maxHeaderCount"": ""15"", ""maxHttpHeaderSize"": ""3268"", ""maxHttpRequestHeaderSize"": ""42920"", ""maxHttpResponseHeaderSize"": ""53467"", ""maxKeepAliveRequests"": ""3787"", ""maxParameterCount"": ""16912"", ""maxSwallowSize"": ""2941172"", ""maxThreads"": ""213"", ""minSpareThreads"": ""386"", ""processorCache"": ""172"", ""tcpNoDelay"": ""FALSE"", ""threadPriority"": ""3"", ""threadsMaxIdleTime"": ""185805"", ""useAsyncIO"": ""FALSE"", ""useVirtualThreads"": ""FALSE""}"
tomcat,lf05_hard07,"lambda_f=0.5, hard=0.7",3301,RQ1&2parrel,25,2327.59,24.74,2327.59,10.038915634155273,"[8, 50, 10, False]",0.0,10.038819074630737,0.0,"{""acceptCount"": ""72"", ""allowBackslash"": ""FALSE"", ""compression"": ""force"", ""compressionMinSize"": ""1558"", ""connectionTimeout"": ""343477"", ""connectionUploadTimeout"": ""509336"", ""disableUploadTimeout"": ""TRUE"", ""executorTerminationTimeoutMillis"": ""269666"", ""keepAliveTimeout"": ""577669"", ""maxConnections"": ""5781"", ""maxHeaderCount"": ""327"", ""maxHttpHeaderSize"": ""6972"", ""maxHttpRequestHeaderSize"": ""54006"", ""maxHttpResponseHeaderSize"": ""8694"", ""maxKeepAliveRequests"": ""3621"", ""maxParameterCount"": ""48030"", ""maxSwallowSize"": ""10097991"", ""maxThreads"": ""68"", ""minSpareThreads"": ""52"", ""processorCache"": ""342"", ""tcpNoDelay"": ""TRUE"", ""threadPriority"": ""7"", ""threadsMaxIdleTime"": ""379517"", ""useAsyncIO"": ""FALSE"", ""useVirtualThreads"": ""FALSE""}"
tomcat,lf05_hard07,"lambda_f=0.5, hard=0.7",3301,RQ1&2parrel,26,2272.67,21.91,2272.67,10.034868478775024,"[8, 50, 10, False]",0.0,10.034770965576172,0.0,"{""acceptCount"": ""577"", ""allowBackslash"": ""TRUE"", ""compression"": ""force"", ""compressionMinSize"": ""9983"", ""connectionTimeout"": ""567782"", ""connectionUploadTimeout"": ""358470"", ""disableUploadTimeout"": ""FALSE"", ""executorTerminationTimeoutMillis"": ""486380"", ""keepAliveTimeout"": ""493818"", ""maxConnections"": ""18081"", ""maxHeaderCount"": ""364"", ""maxHttpHeaderSize"": ""720"", ""maxHttpRequestHeaderSize"": ""43602"", ""maxHttpResponseHeaderSize"": ""26867"", ""maxKeepAliveRequests"": ""3260"", ""maxParameterCount"": ""99136"", ""maxSwallowSize"": ""10687834"", ""maxThreads"": ""266"", ""minSpareThreads"": ""765"", ""processorCache"": ""296"", ""tcpNoDelay"": ""FALSE"", ""threadPriority"": ""8"", ""threadsMaxIdleTime"": ""238540"", ""useAsyncIO"": ""TRUE"", ""useVirtualThreads"": ""TRUE""}"
tomcat,lf05_hard07,"lambda_f=0.5, hard=0.7",3301,RQ1&2parrel,27,2168.06,22.74,2168.06,10.02958607673645,"[8, 50, 10, False]",0.0,10.029489278793335,0.0,"{""acceptCount"": ""828"", ""allowBackslash"": ""FALSE"", ""compression"": ""off"", ""compressionMinSize"": ""8946"", ""connectionTimeout"": ""148896"", ""connectionUploadTimeout"": ""73595"", ""disableUploadTimeout"": ""FALSE"", ""executorTerminationTimeoutMillis"": ""167545"", ""keepAliveTimeout"": ""359675"", ""maxConnections"": ""5300"", ""maxHeaderCount"": ""967"", ""maxHttpHeaderSize"": ""18769"", ""maxHttpRequestHeaderSize"": ""30660"", ""maxHttpResponseHeaderSize"": ""27895"", ""maxKeepAliveRequests"": ""2987"", ""maxParameterCount"": ""91193"", ""maxSwallowSize"": ""5465643"", ""maxThreads"": ""106"", ""minSpareThreads"": ""456"", ""processorCache"": ""218"", ""tcpNoDelay"": ""FALSE"", ""threadPriority"": ""3"", ""threadsMaxIdleTime"": ""133821"", ""useAsyncIO"": ""TRUE"", ""useVirtualThreads"": ""TRUE""}"
tomcat,lf05_hard07,"lambda_f=0.5, hard=0.7",3301,RQ1&2parrel,28,2222.1,32.94,2222.1,10.043258666992188,"[8, 50, 10, False]",0.0,10.043157577514648,0.0,"{""acceptCount"": ""17"", ""allowBackslash"": ""FALSE"", ""compression"": ""on"", ""compressionMinSize"": ""3752"", ""connectionTimeout"": ""30311"", ""connectionUploadTimeout"": ""130265"", ""disableUploadTimeout"": ""FALSE"", ""executorTerminationTimeoutMillis"": ""410931"", ""keepAliveTimeout"": ""513634"", ""maxConnections"": ""4264"", ""maxHeaderCount"": ""309"", ""maxHttpHeaderSize"": ""4534"", ""maxHttpRequestHeaderSize"": ""57444"", ""maxHttpResponseHeaderSize"": ""60049"", ""maxKeepAliveRequests"": ""4866"", ""maxParameterCount"": ""50653"", ""maxSwallowSize"": ""1854756"", ""maxThreads"": ""6"", ""minSpareThreads"": ""977"", ""processorCache"": ""203"", ""tcpNoDelay"": ""FALSE"", ""threadPriority"": ""3"", ""threadsMaxIdleTime"": ""259856"", ""useAsyncIO"": ""FALSE"", ""useVirtualThreads"": ""TRUE""}"
tomcat,lf05_hard07,"lambda_f=0.5, hard=0.7",3301,RQ1&2parrel,29,2370.88,23.09,2370.88,10.039010524749756,"[8, 50, 10, False]",0.0,10.038878917694092,0.0,"{""acceptCount"": ""487"", ""allowBackslash"": ""FALSE"", ""compression"": ""force"", ""compressionMinSize"": ""83"", ""connectionTimeout"": ""144013"", ""connectionUploadTimeout"": ""531830"", ""disableUploadTimeout"": ""FALSE"", ""executorTerminationTimeoutMillis"": ""144115"", ""keepAliveTimeout"": ""527826"", ""maxConnections"": ""17169"", ""maxHeaderCount"": ""583"", ""maxHttpHeaderSize"": ""8194"", ""maxHttpRequestHeaderSize"": ""49132"", ""maxHttpResponseHeaderSize"": ""64384"", ""maxKeepAliveRequests"": ""1789"", ""maxParameterCount"": ""8645"", ""maxSwallowSize"": ""13313653"", ""maxThreads"": ""399"", ""minSpareThreads"": ""995"", ""processorCache"": ""23"", ""tcpNoDelay"": ""FALSE"", ""threadPriority"": ""4"", ""threadsMaxIdleTime"": ""584221"", ""useAsyncIO"": ""TRUE"", ""useVirtualThreads"": ""FALSE""}"
tomcat,lf05_hard07,"lambda_f=0.5, hard=0.7",3301,RQ1&2parrel,30,2172.83,22.95,2172.83,10.02903699874878,"[8, 50, 10, False]",0.0,10.028940916061401,0.0,"{""acceptCount"": ""989"", ""allowBackslash"": ""TRUE"", ""compression"": ""force"", ""compressionMinSize"": ""8858"", ""connectionTimeout"": ""219709"", ""connectionUploadTimeout"": ""383231"", ""disableUploadTimeout"": ""TRUE"", ""executorTerminationTimeoutMillis"": ""304598"", ""keepAliveTimeout"": ""464046"", ""maxConnections"": ""9165"", ""maxHeaderCount"": ""609"", ""maxHttpHeaderSize"": ""2418"", ""maxHttpRequestHeaderSize"": ""50377"", ""maxHttpResponseHeaderSize"": ""48393"", ""maxKeepAliveRequests"": ""1330"", ""maxParameterCount"": ""57462"", ""maxSwallowSize"": ""7513090"", ""maxThreads"": ""197"", ""minSpareThreads"": ""189"", ""processorCache"": ""164"", ""tcpNoDelay"": ""TRUE"", ""threadPriority"": ""2"", ""threadsMaxIdleTime"": ""143987"", ""useAsyncIO"": ""FALSE"", ""useVirtualThreads"": ""TRUE""}"
tomcat,lf05_hard07,"lambda_f=0.5, hard=0.7",3301,RQ1&2parrel,31,2300.26,28.88,2300.26,10.02719759941101,"[8, 50, 10, False]",0.0,10.027100563049316,0.0,"{""acceptCount"": ""755"", ""allowBackslash"": ""FALSE"", ""compression"": ""off"", ""compressionMinSize"": ""3432"", ""connectionTimeout"": ""97156"", ""connectionUploadTimeout"": ""16698"", ""disableUploadTimeout"": ""FALSE"", ""executorTerminationTimeoutMillis"": ""495122"", ""keepAliveTimeout"": ""294801"", ""maxConnections"": ""6162"", ""maxHeaderCount"": ""58"", ""maxHttpHeaderSize"": ""32583"", ""maxHttpRequestHeaderSize"": ""41041"", ""maxHttpResponseHeaderSize"": ""57761"", ""maxKeepAliveRequests"": ""4817"", ""maxParameterCount"": ""4456"", ""maxSwallowSize"": ""15920469"", ""maxThreads"": ""290"", ""minSpareThreads"": ""704"", ""processorCache"": ""162"", ""tcpNoDelay"": ""TRUE"", ""threadPriority"": ""8"", ""threadsMaxIdleTime"": ""164236"", ""useAsyncIO"": ""FALSE"", ""useVirtualThreads"": ""FALSE""}"
tomcat,lf05_hard07,"lambda_f=0.5, hard=0.7",3301,RQ1&2parrel,32,2139.53,23.29,2139.53,10.047418355941772,"[8, 50, 10, False]",0.0,10.047321319580078,0.0,"{""acceptCount"": ""619"", ""allowBackslash"": ""FALSE"", ""compression"": ""off"", ""compressionMinSize"": ""9602"", ""connectionTimeout"": ""337000"", ""connectionUploadTimeout"": ""334966"", ""disableUploadTimeout"": ""TRUE"", ""executorTerminationTimeoutMillis"": ""546181"", ""keepAliveTimeout"": ""520371"", ""maxConnections"": ""5962"", ""maxHeaderCount"": ""865"", ""maxHttpHeaderSize"": ""4437"", ""maxHttpRequestHeaderSize"": ""48832"", ""maxHttpResponseHeaderSize"": ""24560"", ""maxKeepAliveRequests"": ""1836"", ""maxParameterCount"": ""54637"", ""maxSwallowSize"": ""19916780"", ""maxThreads"": ""41"", ""minSpareThreads"": ""817"", ""processorCache"": ""72"", ""tcpNoDelay"": ""TRUE"", ""threadPriority"": ""2"", ""threadsMaxIdleTime"": ""281583"", ""useAsyncIO"": ""FALSE"", ""useVirtualThreads"": ""TRUE""}"
tomcat,lf05_hard07,"lambda_f=0.5, hard=0.7",3301,RQ1&2parrel,33,2197.04,23.31,2197.04,10.048357248306274,"[8, 50, 10, False]",0.0,10.048264980316162,0.0,"{""acceptCount"": ""813"", ""allowBackslash"": ""FALSE"", ""compression"": ""force"", ""compressionMinSize"": ""9070"", ""connectionTimeout"": ""324580"", ""connectionUploadTimeout"": ""300027"", ""disableUploadTimeout"": ""TRUE"", ""executorTerminationTimeoutMillis"": ""68550"", ""keepAliveTimeout"": ""228821"", ""maxConnections"": ""15520"", ""maxHeaderCount"": ""158"", ""maxHttpHeaderSize"": ""1026"", ""maxHttpRequestHeaderSize"": ""9129"", ""maxHttpResponseHeaderSize"": ""56984"", ""maxKeepAliveRequests"": ""463"", ""maxParameterCount"": ""20602"", ""maxSwallowSize"": ""19923052"", ""maxThreads"": ""53"", ""minSpareThreads"": ""137"", ""processorCache"": ""378"", ""tcpNoDelay"": ""FALSE"", ""threadPriority"": ""5"", ""threadsMaxIdleTime"": ""218831"", ""useAsyncIO"": ""TRUE"", ""useVirtualThreads"": ""TRUE""}"
tomcat,lf05_hard07,"lambda_f=0.5, hard=0.7",3301,RQ1&2parrel,34,2014.57,25.17,2014.57,10.056939601898193,"[8, 50, 10, False]",0.0,10.056795120239258,0.0,"{""acceptCount"": ""947"", ""allowBackslash"": ""TRUE"", ""compression"": ""force"", ""compressionMinSize"": ""2649"", ""connectionTimeout"": ""306638"", ""connectionUploadTimeout"": ""517281"", ""disableUploadTimeout"": ""TRUE"", ""executorTerminationTimeoutMillis"": ""522402"", ""keepAliveTimeout"": ""306284"", ""maxConnections"": ""12042"", ""maxHeaderCount"": ""446"", ""maxHttpHeaderSize"": ""42223"", ""maxHttpRequestHeaderSize"": ""43908"", ""maxHttpResponseHeaderSize"": ""55324"", ""maxKeepAliveRequests"": ""1217"", ""maxParameterCount"": ""79409"", ""maxSwallowSize"": ""6039716"", ""maxThreads"": ""145"", ""minSpareThreads"": ""724"", ""processorCache"": ""211"", ""tcpNoDelay"": ""FALSE"", ""threadPriority"": ""5"", ""threadsMaxIdleTime"": ""456636"", ""useAsyncIO"": ""FALSE"", ""useVirtualThreads"": ""TRUE""}"
tomcat,lf05_hard07,"lambda_f=0.5, hard=0.7",3301,RQ1&2parrel,35,2176.29,23.42,2176.29,10.065115451812744,"[8, 50, 10, False]",0.0,10.065022945404053,0.0,"{""acceptCount"": ""179"", ""allowBackslash"": ""TRUE"", ""compression"": ""force"", ""compressionMinSize"": ""5892"", ""connectionTimeout"": ""196265"", ""connectionUploadTimeout"": ""67431"", ""disableUploadTimeout"": ""TRUE"", ""executorTerminationTimeoutMillis"": ""290581"", ""keepAliveTimeout"": ""427972"", ""maxConnections"": ""19306"", ""maxHeaderCount"": ""98"", ""maxHttpHeaderSize"": ""9988"", ""maxHttpRequestHeaderSize"": ""56900"", ""maxHttpResponseHeaderSize"": ""51385"", ""maxKeepAliveRequests"": ""2592"", ""maxParameterCount"": ""24639"", ""maxSwallowSize"": ""6814239"", ""maxThreads"": ""221"", ""minSpareThreads"": ""870"", ""processorCache"": ""274"", ""tcpNoDelay"": ""TRUE"", ""threadPriority"": ""3"", ""threadsMaxIdleTime"": ""447276"", ""useAsyncIO"": ""FALSE"", ""useVirtualThreads"": ""TRUE""}"
tomcat,lf05_hard07,"lambda_f=0.5, hard=0.7",3301,RQ1&2parrel,36,2520.65,23.47,2520.65,10.04589295387268,"[8, 50, 10, False]",0.0,10.04579210281372,0.0,"{""acceptCount"": ""769"", ""allowBackslash"": ""FALSE"", ""compression"": ""force"", ""compressionMinSize"": ""2213"", ""connectionTimeout"": ""437102"", ""connectionUploadTimeout"": ""466072"", ""disableUploadTimeout"": ""FALSE"", ""executorTerminationTimeoutMillis"": ""446259"", ""keepAliveTimeout"": ""393339"", ""maxConnections"": ""367"", ""maxHeaderCount"": ""805"", ""maxHttpHeaderSize"": ""27477"", ""maxHttpRequestHeaderSize"": ""29197"", ""maxHttpResponseHeaderSize"": ""61450"", ""maxKeepAliveRequests"": ""1786"", ""maxParameterCount"": ""70343"", ""maxSwallowSize"": ""5985850"", ""maxThreads"": ""191"", ""minSpareThreads"": ""519"", ""processorCache"": ""48"", ""tcpNoDelay"": ""FALSE"", ""threadPriority"": ""5"", ""threadsMaxIdleTime"": ""163751"", ""useAsyncIO"": ""FALSE"", ""useVirtualThreads"": ""FALSE""}"
tomcat,lf05_hard07,"lambda_f=0.5, hard=0.7",3301,RQ1&2parrel,37,2474.04,23.77,2474.04,10.039536952972412,"[8, 50, 10, False]",0.0,10.03943395614624,0.0,"{""acceptCount"": ""755"", ""allowBackslash"": ""TRUE"", ""compression"": ""off"", ""compressionMinSize"": ""4313"", ""connectionTimeout"": ""448990"", ""connectionUploadTimeout"": ""393862"", ""disableUploadTimeout"": ""TRUE"", ""executorTerminationTimeoutMillis"": ""441491"", ""keepAliveTimeout"": ""387087"", ""maxConnections"": ""669"", ""maxHeaderCount"": ""807"", ""maxHttpHeaderSize"": ""25946"", ""maxHttpRequestHeaderSize"": ""31637"", ""maxHttpResponseHeaderSize"": ""61415"", ""maxKeepAliveRequests"": ""1767"", ""maxParameterCount"": ""31099"", ""maxSwallowSize"": ""6136726"", ""maxThreads"": ""191"", ""minSpareThreads"": ""516"", ""processorCache"": ""133"", ""tcpNoDelay"": ""FALSE"", ""threadPriority"": ""5"", ""threadsMaxIdleTime"": ""418570"", ""useAsyncIO"": ""TRUE"", ""useVirtualThreads"": ""FALSE""}"
tomcat,lf05_hard07,"lambda_f=0.5, hard=0.7",3301,RQ1&2parrel,38,2430.03,25.12,2430.03,10.03877568244934,"[8, 50, 10, False]",0.0,10.038151741027832,0.0,"{""acceptCount"": ""773"", ""allowBackslash"": ""FALSE"", ""compression"": ""force"", ""compressionMinSize"": ""2753"", ""connectionTimeout"": ""462660"", ""connectionUploadTimeout"": ""466722"", ""disableUploadTimeout"": ""FALSE"", ""executorTerminationTimeoutMillis"": ""539471"", ""keepAliveTimeout"": ""410177"", ""maxConnections"": ""473"", ""maxHeaderCount"": ""711"", ""maxHttpHeaderSize"": ""26038"", ""maxHttpRequestHeaderSize"": ""29709"", ""maxHttpResponseHeaderSize"": ""61448"", ""maxKeepAliveRequests"": ""1768"", ""maxParameterCount"": ""70341"", ""maxSwallowSize"": ""5955779"", ""maxThreads"": ""191"", ""minSpareThreads"": ""519"", ""processorCache"": ""53"", ""tcpNoDelay"": ""FALSE"", ""threadPriority"": ""5"", ""threadsMaxIdleTime"": ""166801"", ""useAsyncIO"": ""FALSE"", ""useVirtualThreads"": ""FALSE""}"
tomcat,lf05_hard07,"lambda_f=0.5, hard=0.7",3301,RQ1&2parrel,39,2236.22,26.38,2236.22,10.03230905532837,"[8, 50, 10, False]",0.0,10.032205820083618,0.0,"{""acceptCount"": ""764"", ""allowBackslash"": ""FALSE"", ""compression"": ""force"", ""compressionMinSize"": ""2206"", ""connectionTimeout"": ""417898"", ""connectionUploadTimeout"": ""412574"", ""disableUploadTimeout"": ""TRUE"", ""executorTerminationTimeoutMillis"": ""320398"", ""keepAliveTimeout"": ""381909"", ""maxConnections"": ""416"", ""maxHeaderCount"": ""920"", ""maxHttpHeaderSize"": ""25199"", ""maxHttpRequestHeaderSize"": ""29859"", ""maxHttpResponseHeaderSize"": ""63548"", ""maxKeepAliveRequests"": ""1709"", ""maxParameterCount"": ""56713"", ""maxSwallowSize"": ""4500105"", ""maxThreads"": ""191"", ""minSpareThreads"": ""521"", ""processorCache"": ""48"", ""tcpNoDelay"": ""FALSE"", ""threadPriority"": ""5"", ""threadsMaxIdleTime"": ""173562"", ""useAsyncIO"": ""FALSE"", ""useVirtualThreads"": ""FALSE""}"
tomcat,lf05_hard07,"lambda_f=0.5, hard=0.7",3301,RQ1&2parrel,40,2213.48,25.57,2213.48,10.03679871559143,"[8, 50, 10, False]",0.0,10.036702871322632,0.0,"{""acceptCount"": ""769"", ""allowBackslash"": ""FALSE"", ""compression"": ""force"", ""compressionMinSize"": ""2170"", ""connectionTimeout"": ""437102"", ""connectionUploadTimeout"": ""466072"", ""disableUploadTimeout"": ""FALSE"", ""executorTerminationTimeoutMillis"": ""446259"", ""keepAliveTimeout"": ""358902"", ""maxConnections"": ""367"", ""maxHeaderCount"": ""805"", ""maxHttpHeaderSize"": ""27443"", ""maxHttpRequestHeaderSize"": ""29425"", ""maxHttpResponseHeaderSize"": ""62768"", ""maxKeepAliveRequests"": ""1790"", ""maxParameterCount"": ""67665"", ""maxSwallowSize"": ""6246651"", ""maxThreads"": ""136"", ""minSpareThreads"": ""518"", ""processorCache"": ""48"", ""tcpNoDelay"": ""FALSE"", ""threadPriority"": ""5"", ""threadsMaxIdleTime"": ""163751"", ""useAsyncIO"": ""FALSE"", ""useVirtualThreads"": ""FALSE""}"
tomcat,lf05_hard07,"lambda_f=0.5, hard=0.7",3301,RQ1&2parrel,41,2616.93,22.73,2616.93,10.030981063842773,"[8, 50, 10, False]",0.0,10.030878782272339,0.0,"{""acceptCount"": ""477"", ""allowBackslash"": ""TRUE"", ""compression"": ""on"", ""compressionMinSize"": ""1329"", ""connectionTimeout"": ""21986"", ""connectionUploadTimeout"": ""72681"", ""disableUploadTimeout"": ""TRUE"", ""executorTerminationTimeoutMillis"": ""192600"", ""keepAliveTimeout"": ""303230"", ""maxConnections"": ""7850"", ""maxHeaderCount"": ""380"", ""maxHttpHeaderSize"": ""28003"", ""maxHttpRequestHeaderSize"": ""38478"", ""maxHttpResponseHeaderSize"": ""35979"", ""maxKeepAliveRequests"": ""3809"", ""maxParameterCount"": ""41949"", ""maxSwallowSize"": ""19789464"", ""maxThreads"": ""190"", ""minSpareThreads"": ""151"", ""processorCache"": ""126"", ""tcpNoDelay"": ""FALSE"", ""threadPriority"": ""6"", ""threadsMaxIdleTime"": ""311551"", ""useAsyncIO"": ""TRUE"", ""useVirtualThreads"": ""FALSE""}"
tomcat,lf05_hard07,"lambda_f=0.5, hard=0.7",3301,RQ1&2parrel,42,2413.19,24.14,2413.19,10.03404450416565,"[8, 50, 10, False]",0.0,10.033946752548218,0.0,"{""acceptCount"": ""476"", ""allowBackslash"": ""TRUE"", ""compression"": ""on"", ""compressionMinSize"": ""1122"", ""connectionTimeout"": ""21986"", ""connectionUploadTimeout"": ""72681"", ""disableUploadTimeout"": ""TRUE"", ""executorTerminationTimeoutMillis"": ""192600"", ""keepAliveTimeout"": ""324906"", ""maxConnections"": ""7850"", ""maxHeaderCount"": ""380"", ""maxHttpHeaderSize"": ""28036"", ""maxHttpRequestHeaderSize"": ""38478"", ""maxHttpResponseHeaderSize"": ""35540"", ""maxKeepAliveRequests"": ""3708"", ""maxParameterCount"": ""41949"", ""maxSwallowSize"": ""18089104"", ""maxThreads"": ""190"", ""minSpareThreads"": ""250"", ""processorCache"": ""123"", ""tcpNoDelay"": ""FALSE"", ""threadPriority"": ""6"", ""threadsMaxIdleTime"": ""308450"", ""useAsyncIO"": ""TRUE"", ""useVirtualThreads"": ""FALSE""}"
tomcat,lf05_hard07,"lambda_f=0.5, hard=0.7",3301,RQ1&2parrel,43,2224.96,22.52,2224.96,10.02317214012146,"[8, 50, 10, False]",0.0,10.023080587387085,0.0,"{""acceptCount"": ""469"", ""allowBackslash"": ""TRUE"", ""compression"": ""off"", ""compressionMinSize"": ""7913"", ""connectionTimeout"": ""361385"", ""connectionUploadTimeout"": ""222238"", ""disableUploadTimeout"": ""TRUE"", ""executorTerminationTimeoutMillis"": ""34474"", ""keepAliveTimeout"": ""115677"", ""maxConnections"": ""293"", ""maxHeaderCount"": ""848"", ""maxHttpHeaderSize"": ""6280"", ""maxHttpRequestHeaderSize"": ""54143"", ""maxHttpResponseHeaderSize"": ""35979"", ""maxKeepAliveRequests"": ""3787"", ""maxParameterCount"": ""33806"", ""maxSwallowSize"": ""9228186"", ""maxThreads"": ""201"", ""minSpareThreads"": ""941"", ""processorCache"": ""136"", ""tcpNoDelay"": ""FALSE"", ""threadPriority"": ""6"", ""threadsMaxIdleTime"": ""577600"", ""useAsyncIO"": ""TRUE"", ""useVirtualThreads"": ""TRUE""}"
tomcat,lf05_hard07,"lambda_f=0.5, hard=0.7",3301,RQ1&2parrel,44,2316.0,24.35,2316.0,10.027364730834961,"[8, 50, 10, False]",0.0,10.027216672897339,0.0,"{""acceptCount"": ""495"", ""allowBackslash"": ""TRUE"", ""compression"": ""on"", ""compressionMinSize"": ""9495"", ""connectionTimeout"": ""121978"", ""connectionUploadTimeout"": ""323071"", ""disableUploadTimeout"": ""TRUE"", ""executorTerminationTimeoutMillis"": ""150082"", ""keepAliveTimeout"": ""413303"", ""maxConnections"": ""11518"", ""maxHeaderCount"": ""358"", ""maxHttpHeaderSize"": ""2234"", ""maxHttpRequestHeaderSize"": ""7049"", ""maxHttpResponseHeaderSize"": ""32709"", ""maxKeepAliveRequests"": ""1945"", ""maxParameterCount"": ""68690"", ""maxSwallowSize"": ""14179443"", ""maxThreads"": ""315"", ""minSpareThreads"": ""277"", ""processorCache"": ""246"", ""tcpNoDelay"": ""FALSE"", ""threadPriority"": ""7"", ""threadsMaxIdleTime"": ""188849"", ""useAsyncIO"": ""FALSE"", ""useVirtualThreads"": ""FALSE""}"
tomcat,lf05_hard07,"lambda_f=0.5, hard=0.7",3301,RQ1&2parrel,45,2314.32,25.69,2314.32,10.046619176864624,"[8, 50, 10, False]",0.0,10.046502590179443,0.0,"{""acceptCount"": ""109"", ""allowBackslash"": ""TRUE"", ""compression"": ""force"", ""compressionMinSize"": ""6702"", ""connectionTimeout"": ""478269"", ""connectionUploadTimeout"": ""136816"", ""disableUploadTimeout"": ""TRUE"", ""executorTerminationTimeoutMillis"": ""58737"", ""keepAliveTimeout"": ""97666"", ""maxConnections"": ""12215"", ""maxHeaderCount"": ""570"", ""maxHttpHeaderSize"": ""36388"", ""maxHttpRequestHeaderSize"": ""49623"", ""maxHttpResponseHeaderSize"": ""36635"", ""maxKeepAliveRequests"": ""4162"", ""maxParameterCount"": ""50111"", ""maxSwallowSize"": ""11454990"", ""maxThreads"": ""373"", ""minSpareThreads"": ""47"", ""processorCache"": ""28"", ""tcpNoDelay"": ""FALSE"", ""threadPriority"": ""5"", ""threadsMaxIdleTime"": ""168104"", ""useAsyncIO"": ""FALSE"", ""useVirtualThreads"": ""FALSE""}"
tomcat,lf05_hard07,"lambda_f=0.5, hard=0.7",3301,RQ1&2parrel,46,2227.2,22.34,2227.2,10.033348083496094,"[8, 50, 10, False]",0.0,10.033249139785767,0.0,"{""acceptCount"": ""388"", ""allowBackslash"": ""TRUE"", ""compression"": ""off"", ""compressionMinSize"": ""9932"", ""connectionTimeout"": ""594315"", ""connectionUploadTimeout"": ""562351"", ""disableUploadTimeout"": ""TRUE"", ""executorTerminationTimeoutMillis"": ""326131"", ""keepAliveTimeout"": ""46233"", ""maxConnections"": ""8832"", ""maxHeaderCount"": ""297"", ""maxHttpHeaderSize"": ""40346"", ""maxHttpRequestHeaderSize"": ""40665"", ""maxHttpResponseHeaderSize"": ""40936"", ""maxKeepAliveRequests"": ""2339"", ""maxParameterCount"": ""8013"", ""maxSwallowSize"": ""5239658"", ""maxThreads"": ""30"", ""minSpareThreads"": ""59"", ""processorCache"": ""249"", ""tcpNoDelay"": ""FALSE"", ""threadPriority"": ""3"", ""threadsMaxIdleTime"": ""487817"", ""useAsyncIO"": ""TRUE"", ""useVirtualThreads"": ""TRUE""}"
tomcat,lf05_hard07,"lambda_f=0.5, hard=0.7",3301,RQ1&2parrel,47,2316.8,24.66,2316.8,10.034959077835083,"[8, 50, 10, False]",0.0,10.0348379611969,0.0,"{""acceptCount"": ""531"", ""allowBackslash"": ""FALSE"", ""compression"": ""force"", ""compressionMinSize"": ""4395"", ""connectionTimeout"": ""237557"", ""connectionUploadTimeout"": ""70612"", ""disableUploadTimeout"": ""FALSE"", ""executorTerminationTimeoutMillis"": ""259373"", ""keepAliveTimeout"": ""409122"", ""maxConnections"": ""16304"", ""maxHeaderCount"": ""560"", ""maxHttpHeaderSize"": ""4213"", ""maxHttpRequestHeaderSize"": ""16206"", ""maxHttpResponseHeaderSize"": ""10710"", ""maxKeepAliveRequests"": ""4348"", ""maxParameterCount"": ""73735"", ""maxSwallowSize"": ""18351588"", ""maxThreads"": ""287"", ""minSpareThreads"": ""550"", ""processorCache"": ""182"", ""tcpNoDelay"": ""TRUE"", ""threadPriority"": ""6"", ""threadsMaxIdleTime"": ""7353"", ""useAsyncIO"": ""FALSE"", ""useVirtualThreads"": ""FALSE""}"
tomcat,lf05_hard07,"lambda_f=0.5, hard=0.7",3301,RQ1&2parrel,48,2192.72,22.55,2192.72,10.033438205718994,"[8, 50, 10, False]",0.0,10.033337593078613,0.0,"{""acceptCount"": ""279"", ""allowBackslash"": ""FALSE"", ""compression"": ""on"", ""compressionMinSize"": ""3508"", ""connectionTimeout"": ""217381"", ""connectionUploadTimeout"": ""216830"", ""disableUploadTimeout"": ""FALSE"", ""executorTerminationTimeoutMillis"": ""245222"", ""keepAliveTimeout"": ""45976"", ""maxConnections"": ""13932"", ""maxHeaderCount"": ""486"", ""maxHttpHeaderSize"": ""24261"", ""maxHttpRequestHeaderSize"": ""47006"", ""maxHttpResponseHeaderSize"": ""46392"", ""maxKeepAliveRequests"": ""2897"", ""maxParameterCount"": ""54514"", ""maxSwallowSize"": ""15850168"", ""maxThreads"": ""193"", ""minSpareThreads"": ""69"", ""processorCache"": ""32"", ""tcpNoDelay"": ""FALSE"", ""threadPriority"": ""7"", ""threadsMaxIdleTime"": ""597523"", ""useAsyncIO"": ""FALSE"", ""useVirtualThreads"": ""TRUE""}"
tomcat,lf05_hard07,"lambda_f=0.5, hard=0.7",3301,RQ1&2parrel,49,2278.26,26.21,2278.26,10.036614418029785,"[8, 50, 10, False]",0.0,10.036512851715088,0.0,"{""acceptCount"": ""886"", ""allowBackslash"": ""FALSE"", ""compression"": ""off"", ""compressionMinSize"": ""1569"", ""connectionTimeout"": ""368839"", ""connectionUploadTimeout"": ""409140"", ""disableUploadTimeout"": ""FALSE"", ""executorTerminationTimeoutMillis"": ""130492"", ""keepAliveTimeout"": ""129959"", ""maxConnections"": ""17463"", ""maxHeaderCount"": ""270"", ""maxHttpHeaderSize"": ""34399"", ""maxHttpRequestHeaderSize"": ""58721"", ""maxHttpResponseHeaderSize"": ""55584"", ""maxKeepAliveRequests"": ""2036"", ""maxParameterCount"": ""57608"", ""maxSwallowSize"": ""16283735"", ""maxThreads"": ""227"", ""minSpareThreads"": ""757"", ""processorCache"": ""389"", ""tcpNoDelay"": ""TRUE"", ""threadPriority"": ""4"", ""threadsMaxIdleTime"": ""46958"", ""useAsyncIO"": ""FALSE"", ""useVirtualThreads"": ""FALSE""}"
tomcat,lf05_hard07,"lambda_f=0.5, hard=0.7",3301,RQ1&2parrel,50,2370.29,23.88,2370.29,10.02476716041565,"[8, 50, 10, False]",0.0,10.024675607681274,0.0,"{""acceptCount"": ""198"", ""allowBackslash"": ""FALSE"", ""compression"": ""on"", ""compressionMinSize"": ""4202"", ""connectionTimeout"": ""345376"", ""connectionUploadTimeout"": ""41522"", ""disableUploadTimeout"": ""FALSE"", ""executorTerminationTimeoutMillis"": ""481935"", ""keepAliveTimeout"": ""159564"", ""maxConnections"": ""7332"", ""maxHeaderCount"": ""781"", ""maxHttpHeaderSize"": ""43092"", ""maxHttpRequestHeaderSize"": ""65408"", ""maxHttpResponseHeaderSize"": ""44227"", ""maxKeepAliveRequests"": ""3291"", ""maxParameterCount"": ""24785"", ""maxSwallowSize"": ""16905688"", ""maxThreads"": ""152"", ""minSpareThreads"": ""184"", ""processorCache"": ""98"", ""tcpNoDelay"": ""TRUE"", ""threadPriority"": ""4"", ""threadsMaxIdleTime"": ""355520"", ""useAsyncIO"": ""FALSE"", ""useVirtualThreads"": ""FALSE""}"
tomcat,lf05_hard07,"lambda_f=0.5, hard=0.7",3301,RQ1&2parrel,51,2272.0,21.8,2272.0,10.033090829849243,"[8, 50, 10, False]",0.0,10.032996892929077,0.0,"{""acceptCount"": ""923"", ""allowBackslash"": ""FALSE"", ""compression"": ""off"", ""compressionMinSize"": ""2318"", ""connectionTimeout"": ""461480"", ""connectionUploadTimeout"": ""36661"", ""disableUploadTimeout"": ""TRUE"", ""executorTerminationTimeoutMillis"": ""550693"", ""keepAliveTimeout"": ""565386"", ""maxConnections"": ""12745"", ""maxHeaderCount"": ""241"", ""maxHttpHeaderSize"": ""16667"", ""maxHttpRequestHeaderSize"": ""48542"", ""maxHttpResponseHeaderSize"": ""43981"", ""maxKeepAliveRequests"": ""246"", ""maxParameterCount"": ""96601"", ""maxSwallowSize"": ""6449313"", ""maxThreads"": ""223"", ""minSpareThreads"": ""142"", ""processorCache"": ""214"", ""tcpNoDelay"": ""FALSE"", ""threadPriority"": ""9"", ""threadsMaxIdleTime"": ""69264"", ""useAsyncIO"": ""TRUE"", ""useVirtualThreads"": ""TRUE""}"
tomcat,lf05_hard07,"lambda_f=0.5, hard=0.7",3301,RQ1&2parrel,52,2282.15,21.76,2282.15,10.025288581848145,"[8, 50, 10, False]",0.0,10.025200128555298,0.0,"{""acceptCount"": ""497"", ""allowBackslash"": ""FALSE"", ""compression"": ""force"", ""compressionMinSize"": ""10111"", ""connectionTimeout"": ""394941"", ""connectionUploadTimeout"": ""489288"", ""disableUploadTimeout"": ""TRUE"", ""executorTerminationTimeoutMillis"": ""419006"", ""keepAliveTimeout"": ""427371"", ""maxConnections"": ""15156"", ""maxHeaderCount"": ""689"", ""maxHttpHeaderSize"": ""10778"", ""maxHttpRequestHeaderSize"": ""37629"", ""maxHttpResponseHeaderSize"": ""54641"", ""maxKeepAliveRequests"": ""2810"", ""maxParameterCount"": ""99689"", ""maxSwallowSize"": ""7333317"", ""maxThreads"": ""262"", ""minSpareThreads"": ""799"", ""processorCache"": ""331"", ""tcpNoDelay"": ""TRUE"", ""threadPriority"": ""8"", ""threadsMaxIdleTime"": ""487715"", ""useAsyncIO"": ""TRUE"", ""useVirtualThreads"": ""TRUE""}"
tomcat,lf05_hard07,"lambda_f=0.5, hard=0.7",3301,RQ1&2parrel,53,2562.97,22.2,2562.97,10.062766790390015,"[8, 50, 10, False]",0.0,10.062675476074219,0.0,"{""acceptCount"": ""987"", ""allowBackslash"": ""FALSE"", ""compression"": ""force"", ""compressionMinSize"": ""5870"", ""connectionTimeout"": ""436608"", ""connectionUploadTimeout"": ""581982"", ""disableUploadTimeout"": ""FALSE"", ""executorTerminationTimeoutMillis"": ""160735"", ""keepAliveTimeout"": ""171342"", ""maxConnections"": ""11456"", ""maxHeaderCount"": ""753"", ""maxHttpHeaderSize"": ""6706"", ""maxHttpRequestHeaderSize"": ""57974"", ""maxHttpResponseHeaderSize"": ""18337"", ""maxKeepAliveRequests"": ""536"", ""maxParameterCount"": ""39012"", ""maxSwallowSize"": ""9753810"", ""maxThreads"": ""286"", ""minSpareThreads"": ""185"", ""processorCache"": ""42"", ""tcpNoDelay"": ""FALSE"", ""threadPriority"": ""5"", ""threadsMaxIdleTime"": ""281575"", ""useAsyncIO"": ""FALSE"", ""useVirtualThreads"": ""FALSE""}"
tomcat,lf05_hard07,"lambda_f=0.5, hard=0.7",3301,RQ1&2parrel,54,2331.27,21.49,2331.27,10.057897806167603,"[8, 50, 10, False]",0.0,10.05780291557312,0.0,"{""acceptCount"": ""342"", ""allowBackslash"": ""FALSE"", ""compression"": ""force"", ""compressionMinSize"": ""7606"", ""connectionTimeout"": ""112916"", ""connectionUploadTimeout"": ""568065"", ""disableUploadTimeout"": ""TRUE"", ""executorTerminationTimeoutMillis"": ""278789"", ""keepAliveTimeout"": ""582952"", ""maxConnections"": ""9439"", ""maxHeaderCount"": ""280"", ""maxHttpHeaderSize"": ""28614"", ""maxHttpRequestHeaderSize"": ""61590"", ""maxHttpResponseHeaderSize"": ""38720"", ""maxKeepAliveRequests"": ""4809"", ""maxParameterCount"": ""52446"", ""maxSwallowSize"": ""10005398"", ""maxThreads"": ""339"", ""minSpareThreads"": ""574"", ""processorCache"": ""65"", ""tcpNoDelay"": ""FALSE"", ""threadPriority"": ""4"", ""threadsMaxIdleTime"": ""19401"", ""useAsyncIO"": ""TRUE"", ""useVirtualThreads"": ""TRUE""}"
tomcat,lf05_hard07,"lambda_f=0.5, hard=0.7",3301,RQ1&2parrel,55,2431.89,20.76,2431.89,10.021225929260254,"[8, 50, 10, False]",0.0,10.021135091781616,0.0,"{""acceptCount"": ""65"", ""allowBackslash"": ""TRUE"", ""compression"": ""off"", ""compressionMinSize"": ""3371"", ""connectionTimeout"": ""451173"", ""connectionUploadTimeout"": ""531248"", ""disableUploadTimeout"": ""TRUE"", ""executorTerminationTimeoutMillis"": ""553557"", ""keepAliveTimeout"": ""305373"", ""maxConnections"": ""3390"", ""maxHeaderCount"": ""842"", ""maxHttpHeaderSize"": ""17635"", ""maxHttpRequestHeaderSize"": ""42083"", ""maxHttpResponseHeaderSize"": ""28706"", ""maxKeepAliveRequests"": ""2057"", ""maxParameterCount"": ""33852"", ""maxSwallowSize"": ""18875300"", ""maxThreads"": ""204"", ""minSpareThreads"": ""272"", ""processorCache"": ""329"", ""tcpNoDelay"": ""FALSE"", ""threadPriority"": ""6"", ""threadsMaxIdleTime"": ""302123"", ""useAsyncIO"": ""FALSE"", ""useVirtualThreads"": ""TRUE""}"
tomcat,lf05_hard07,"lambda_f=0.5, hard=0.7",3301,RQ1&2parrel,56,2474.49,20.3,2474.49,10.039188861846924,"[8, 50, 10, False]",0.0,10.039063453674316,0.0,"{""acceptCount"": ""967"", ""allowBackslash"": ""FALSE"", ""compression"": ""force"", ""compressionMinSize"": ""7294"", ""connectionTimeout"": ""283527"", ""connectionUploadTimeout"": ""344818"", ""disableUploadTimeout"": ""FALSE"", ""executorTerminationTimeoutMillis"": ""410629"", ""keepAliveTimeout"": ""468455"", ""maxConnections"": ""7163"", ""maxHeaderCount"": ""953"", ""maxHttpHeaderSize"": ""27067"", ""maxHttpRequestHeaderSize"": ""64732"", ""maxHttpResponseHeaderSize"": ""40845"", ""maxKeepAliveRequests"": ""4498"", ""maxParameterCount"": ""86973"", ""maxSwallowSize"": ""13012652"", ""maxThreads"": ""66"", ""minSpareThreads"": ""984"", ""processorCache"": ""224"", ""tcpNoDelay"": ""FALSE"", ""threadPriority"": ""9"", ""threadsMaxIdleTime"": ""395572"", ""useAsyncIO"": ""TRUE"", ""useVirtualThreads"": ""TRUE""}"
tomcat,lf05_hard07,"lambda_f=0.5, hard=0.7",3301,RQ1&2parrel,57,2334.83,21.78,2334.83,10.02114224433899,"[8, 50, 10, False]",0.0,10.021055459976196,0.0,"{""acceptCount"": ""917"", ""allowBackslash"": ""FALSE"", ""compression"": ""on"", ""compressionMinSize"": ""9355"", ""connectionTimeout"": ""84770"", ""connectionUploadTimeout"": ""52942"", ""disableUploadTimeout"": ""TRUE"", ""executorTerminationTimeoutMillis"": ""358141"", ""keepAliveTimeout"": ""235010"", ""maxConnections"": ""18579"", ""maxHeaderCount"": ""861"", ""maxHttpHeaderSize"": ""4284"", ""maxHttpRequestHeaderSize"": ""53474"", ""maxHttpResponseHeaderSize"": ""36197"", ""maxKeepAliveRequests"": ""1781"", ""maxParameterCount"": ""59781"", ""maxSwallowSize"": ""2206894"", ""maxThreads"": ""249"", ""minSpareThreads"": ""845"", ""processorCache"": ""102"", ""tcpNoDelay"": ""TRUE"", ""threadPriority"": ""10"", ""threadsMaxIdleTime"": ""429066"", ""useAsyncIO"": ""FALSE"", ""useVirtualThreads"": ""TRUE""}"
tomcat,lf05_hard07,"lambda_f=0.5, hard=0.7",3301,RQ1&2parrel,58,2509.59,26.14,2509.59,10.025583267211914,"[8, 50, 10, False]",0.0,10.02548336982727,0.0,"{""acceptCount"": ""477"", ""allowBackslash"": ""TRUE"", ""compression"": ""on"", ""compressionMinSize"": ""1329"", ""connectionTimeout"": ""21986"", ""connectionUploadTimeout"": ""72681"", ""disableUploadTimeout"": ""TRUE"", ""executorTerminationTimeoutMillis"": ""154009"", ""keepAliveTimeout"": ""323233"", ""maxConnections"": ""7850"", ""maxHeaderCount"": ""380"", ""maxHttpHeaderSize"": ""28003"", ""maxHttpRequestHeaderSize"": ""38478"", ""maxHttpResponseHeaderSize"": ""31684"", ""maxKeepAliveRequests"": ""3809"", ""maxParameterCount"": ""41949"", ""maxSwallowSize"": ""19789464"", ""maxThreads"": ""190"", ""minSpareThreads"": ""151"", ""processorCache"": ""126"", ""tcpNoDelay"": ""FALSE"", ""threadPriority"": ""6"", ""threadsMaxIdleTime"": ""311551"", ""useAsyncIO"": ""TRUE"", ""useVirtualThreads"": ""FALSE""}"
tomcat,lf05_hard07,"lambda_f=0.5, hard=0.7",3301,RQ1&2parrel,59,2405.36,20.83,2405.36,10.046291589736938,"[8, 50, 10, False]",0.0,10.046200513839722,0.0,"{""acceptCount"": ""544"", ""allowBackslash"": ""FALSE"", ""compression"": ""on"", ""compressionMinSize"": ""4873"", ""connectionTimeout"": ""87956"", ""connectionUploadTimeout"": ""423812"", ""disableUploadTimeout"": ""FALSE"", ""executorTerminationTimeoutMillis"": ""122217"", ""keepAliveTimeout"": ""261372"", ""maxConnections"": ""6053"", ""maxHeaderCount"": ""207"", ""maxHttpHeaderSize"": ""8683"", ""maxHttpRequestHeaderSize"": ""42578"", ""maxHttpResponseHeaderSize"": ""25453"", ""maxKeepAliveRequests"": ""4308"", ""maxParameterCount"": ""10168"", ""maxSwallowSize"": ""4108823"", ""maxThreads"": ""120"", ""minSpareThreads"": ""73"", ""processorCache"": ""300"", ""tcpNoDelay"": ""FALSE"", ""threadPriority"": ""6"", ""threadsMaxIdleTime"": ""119954"", ""useAsyncIO"": ""FALSE"", ""useVirtualThreads"": ""TRUE""}"
tomcat,lf05_hard07,"lambda_f=0.5, hard=0.7",3301,RQ1&2parrel,60,2539.54,26.61,2539.54,10.054751634597778,"[8, 50, 10, False]",0.0,10.054661989212036,0.0,"{""acceptCount"": ""477"", ""allowBackslash"": ""TRUE"", ""compression"": ""force"", ""compressionMinSize"": ""1171"", ""connectionTimeout"": ""180428"", ""connectionUploadTimeout"": ""114837"", ""disableUploadTimeout"": ""FALSE"", ""executorTerminationTimeoutMillis"": ""292244"", ""keepAliveTimeout"": ""235059"", ""maxConnections"": ""4669"", ""maxHeaderCount"": ""928"", ""maxHttpHeaderSize"": ""28067"", ""maxHttpRequestHeaderSize"": ""39163"", ""maxHttpResponseHeaderSize"": ""36855"", ""maxKeepAliveRequests"": ""3545"", ""maxParameterCount"": ""32940"", ""maxSwallowSize"": ""17619496"", ""maxThreads"": ""201"", ""minSpareThreads"": ""163"", ""processorCache"": ""126"", ""tcpNoDelay"": ""FALSE"", ""threadPriority"": ""6"", ""threadsMaxIdleTime"": ""311551"", ""useAsyncIO"": ""FALSE"", ""useVirtualThreads"": ""FALSE""}"
tomcat,lf05_hard07,"lambda_f=0.5, hard=0.7",3301,RQ1&2parrel,61,2330.03,21.53,2330.03,10.029571294784546,"[8, 50, 10, False]",0.0,10.029474020004272,0.0,"{""acceptCount"": ""78"", ""allowBackslash"": ""TRUE"", ""compression"": ""force"", ""compressionMinSize"": ""4215"", ""connectionTimeout"": ""275349"", ""connectionUploadTimeout"": ""305978"", ""disableUploadTimeout"": ""FALSE"", ""executorTerminationTimeoutMillis"": ""427552"", ""keepAliveTimeout"": ""287380"", ""maxConnections"": ""13600"", ""maxHeaderCount"": ""34"", ""maxHttpHeaderSize"": ""2176"", ""maxHttpRequestHeaderSize"": ""62731"", ""maxHttpResponseHeaderSize"": ""56037"", ""maxKeepAliveRequests"": ""4493"", ""maxParameterCount"": ""54578"", ""maxSwallowSize"": ""7199671"", ""maxThreads"": ""351"", ""minSpareThreads"": ""72"", ""processorCache"": ""263"", ""tcpNoDelay"": ""FALSE"", ""threadPriority"": ""8"", ""threadsMaxIdleTime"": ""535850"", ""useAsyncIO"": ""FALSE"", ""useVirtualThreads"": ""TRUE""}"
tomcat,lf05_hard07,"lambda_f=0.5, hard=0.7",3301,RQ1&2parrel,62,2498.75,23.67,2498.75,10.037623405456543,"[8, 50, 10, False]",0.0,10.03753924369812,0.0,"{""acceptCount"": ""398"", ""allowBackslash"": ""TRUE"", ""compression"": ""off"", ""compressionMinSize"": ""4981"", ""connectionTimeout"": ""195410"", ""connectionUploadTimeout"": ""143686"", ""disableUploadTimeout"": ""FALSE"", ""executorTerminationTimeoutMillis"": ""589963"", ""keepAliveTimeout"": ""290935"", ""maxConnections"": ""2800"", ""maxHeaderCount"": ""187"", ""maxHttpHeaderSize"": ""40503"", ""maxHttpRequestHeaderSize"": ""42441"", ""maxHttpResponseHeaderSize"": ""49020"", ""maxKeepAliveRequests"": ""1560"", ""maxParameterCount"": ""86551"", ""maxSwallowSize"": ""8637164"", ""maxThreads"": ""137"", ""minSpareThreads"": ""916"", ""processorCache"": ""232"", ""tcpNoDelay"": ""TRUE"", ""threadPriority"": ""5"", ""threadsMaxIdleTime"": ""62265"", ""useAsyncIO"": ""FALSE"", ""useVirtualThreads"": ""FALSE""}"
tomcat,lf05_hard07,"lambda_f=0.5, hard=0.7",3301,RQ1&2parrel,63,2568.38,26.39,2568.38,10.031739950180054,"[8, 50, 10, False]",0.0,10.03160047531128,0.0,"{""acceptCount"": ""477"", ""allowBackslash"": ""TRUE"", ""compression"": ""on"", ""compressionMinSize"": ""1329"", ""connectionTimeout"": ""21986"", ""connectionUploadTimeout"": ""72681"", ""disableUploadTimeout"": ""TRUE"", ""executorTerminationTimeoutMillis"": ""192600"", ""keepAliveTimeout"": ""303230"", ""maxConnections"": ""7850"", ""maxHeaderCount"": ""380"", ""maxHttpHeaderSize"": ""28003"", ""maxHttpRequestHeaderSize"": ""38478"", ""maxHttpResponseHeaderSize"": ""35979"", ""maxKeepAliveRequests"": ""3809"", ""maxParameterCount"": ""41949"", ""maxSwallowSize"": ""19789464"", ""maxThreads"": ""190"", ""minSpareThreads"": ""151"", ""processorCache"": ""126"", ""tcpNoDelay"": ""FALSE"", ""threadPriority"": ""6"", ""threadsMaxIdleTime"": ""311551"", ""useAsyncIO"": ""FALSE"", ""useVirtualThreads"": ""FALSE""}"
tomcat,lf05_hard07,"lambda_f=0.5, hard=0.7",3301,RQ1&2parrel,64,2495.31,24.78,2495.31,10.062960863113403,"[8, 50, 10, False]",0.0,10.062872648239136,0.0,"{""acceptCount"": ""477"", ""allowBackslash"": ""TRUE"", ""compression"": ""force"", ""compressionMinSize"": ""1330"", ""connectionTimeout"": ""67540"", ""connectionUploadTimeout"": ""62465"", ""disableUploadTimeout"": ""TRUE"", ""executorTerminationTimeoutMillis"": ""192697"", ""keepAliveTimeout"": ""249201"", ""maxConnections"": ""7791"", ""maxHeaderCount"": ""380"", ""maxHttpHeaderSize"": ""28166"", ""maxHttpRequestHeaderSize"": ""38488"", ""maxHttpResponseHeaderSize"": ""35979"", ""maxKeepAliveRequests"": ""3228"", ""maxParameterCount"": ""41942"", ""maxSwallowSize"": ""19689189"", ""maxThreads"": ""190"", ""minSpareThreads"": ""156"", ""processorCache"": ""122"", ""tcpNoDelay"": ""FALSE"", ""threadPriority"": ""6"", ""threadsMaxIdleTime"": ""315144"", ""useAsyncIO"": ""TRUE"", ""useVirtualThreads"": ""FALSE""}"
tomcat,lf05_hard07,"lambda_f=0.5, hard=0.7",3301,RQ1&2parrel,65,2473.23,24.64,2473.23,10.056474447250366,"[8, 50, 10, False]",0.0,10.05637526512146,0.0,"{""acceptCount"": ""462"", ""allowBackslash"": ""TRUE"", ""compression"": ""on"", ""compressionMinSize"": ""1392"", ""connectionTimeout"": ""22019"", ""connectionUploadTimeout"": ""577772"", ""disableUploadTimeout"": ""TRUE"", ""executorTerminationTimeoutMillis"": ""233787"", ""keepAliveTimeout"": ""303230"", ""maxConnections"": ""7925"", ""maxHeaderCount"": ""170"", ""maxHttpHeaderSize"": ""35352"", ""maxHttpRequestHeaderSize"": ""38478"", ""maxHttpResponseHeaderSize"": ""35708"", ""maxKeepAliveRequests"": ""3801"", ""maxParameterCount"": ""41949"", ""maxSwallowSize"": ""19293211"", ""maxThreads"": ""190"", ""minSpareThreads"": ""144"", ""processorCache"": ""125"", ""tcpNoDelay"": ""FALSE"", ""threadPriority"": ""6"", ""threadsMaxIdleTime"": ""318408"", ""useAsyncIO"": ""TRUE"", ""useVirtualThreads"": ""FALSE""}"
tomcat,lf05_hard07,"lambda_f=0.5, hard=0.7",3301,RQ1&2parrel,66,2431.7,22.46,2431.7,10.03761601448059,"[8, 50, 10, False]",0.0,10.037520170211792,0.0,"{""acceptCount"": ""477"", ""allowBackslash"": ""TRUE"", ""compression"": ""on"", ""compressionMinSize"": ""6792"", ""connectionTimeout"": ""21986"", ""connectionUploadTimeout"": ""72663"", ""disableUploadTimeout"": ""TRUE"", ""executorTerminationTimeoutMillis"": ""192600"", ""keepAliveTimeout"": ""303230"", ""maxConnections"": ""7850"", ""maxHeaderCount"": ""380"", ""maxHttpHeaderSize"": ""28230"", ""maxHttpRequestHeaderSize"": ""38478"", ""maxHttpResponseHeaderSize"": ""36058"", ""maxKeepAliveRequests"": ""3738"", ""maxParameterCount"": ""41949"", ""maxSwallowSize"": ""19789464"", ""maxThreads"": ""190"", ""minSpareThreads"": ""151"", ""processorCache"": ""126"", ""tcpNoDelay"": ""FALSE"", ""threadPriority"": ""6"", ""threadsMaxIdleTime"": ""311551"", ""useAsyncIO"": ""TRUE"", ""useVirtualThreads"": ""FALSE""}"
tomcat,lf05_hard07,"lambda_f=0.5, hard=0.7",3301,RQ1&2parrel,67,2472.07,28.83,2472.07,10.027940273284912,"[8, 50, 10, False]",0.0,10.027848243713379,0.0,"{""acceptCount"": ""477"", ""allowBackslash"": ""TRUE"", ""compression"": ""force"", ""compressionMinSize"": ""1346"", ""connectionTimeout"": ""14302"", ""connectionUploadTimeout"": ""6615"", ""disableUploadTimeout"": ""FALSE"", ""executorTerminationTimeoutMillis"": ""267563"", ""keepAliveTimeout"": ""290055"", ""maxConnections"": ""13966"", ""maxHeaderCount"": ""379"", ""maxHttpHeaderSize"": ""28005"", ""maxHttpRequestHeaderSize"": ""38483"", ""maxHttpResponseHeaderSize"": ""40513"", ""maxKeepAliveRequests"": ""3935"", ""maxParameterCount"": ""34476"", ""maxSwallowSize"": ""19786535"", ""maxThreads"": ""189"", ""minSpareThreads"": ""120"", ""processorCache"": ""124"", ""tcpNoDelay"": ""FALSE"", ""threadPriority"": ""6"", ""threadsMaxIdleTime"": ""306842"", ""useAsyncIO"": ""TRUE"", ""useVirtualThreads"": ""FALSE""}"
tomcat,lf05_hard07,"lambda_f=0.5, hard=0.7",3301,RQ1&2parrel,68,2369.7,25.82,2369.7,10.047316789627075,"[8, 50, 10, False]",0.0,10.047192811965942,0.0,"{""acceptCount"": ""433"", ""allowBackslash"": ""TRUE"", ""compression"": ""force"", ""compressionMinSize"": ""1502"", ""connectionTimeout"": ""24380"", ""connectionUploadTimeout"": ""44826"", ""disableUploadTimeout"": ""TRUE"", ""executorTerminationTimeoutMillis"": ""194106"", ""keepAliveTimeout"": ""308584"", ""maxConnections"": ""5797"", ""maxHeaderCount"": ""390"", ""maxHttpHeaderSize"": ""28002"", ""maxHttpRequestHeaderSize"": ""38478"", ""maxHttpResponseHeaderSize"": ""35979"", ""maxKeepAliveRequests"": ""3654"", ""maxParameterCount"": ""41935"", ""maxSwallowSize"": ""20302250"", ""maxThreads"": ""190"", ""minSpareThreads"": ""47"", ""processorCache"": ""126"", ""tcpNoDelay"": ""FALSE"", ""threadPriority"": ""6"", ""threadsMaxIdleTime"": ""309642"", ""useAsyncIO"": ""TRUE"", ""useVirtualThreads"": ""FALSE""}"
tomcat,lf05_hard07,"lambda_f=0.5, hard=0.7",3301,RQ1&2parrel,69,2404.73,26.19,2404.73,10.060547828674316,"[8, 50, 10, False]",0.0,10.060457468032837,0.0,"{""acceptCount"": ""481"", ""allowBackslash"": ""TRUE"", ""compression"": ""on"", ""compressionMinSize"": ""1332"", ""connectionTimeout"": ""46938"", ""connectionUploadTimeout"": ""44195"", ""disableUploadTimeout"": ""TRUE"", ""executorTerminationTimeoutMillis"": ""244654"", ""keepAliveTimeout"": ""305141"", ""maxConnections"": ""7851"", ""maxHeaderCount"": ""380"", ""maxHttpHeaderSize"": ""28569"", ""maxHttpRequestHeaderSize"": ""38539"", ""maxHttpResponseHeaderSize"": ""36528"", ""maxKeepAliveRequests"": ""3809"", ""maxParameterCount"": ""42744"", ""maxSwallowSize"": ""19828056"", ""maxThreads"": ""194"", ""minSpareThreads"": ""154"", ""processorCache"": ""150"", ""tcpNoDelay"": ""FALSE"", ""threadPriority"": ""6"", ""threadsMaxIdleTime"": ""311565"", ""useAsyncIO"": ""TRUE"", ""useVirtualThreads"": ""FALSE""}"
tomcat,lf05_hard07,"lambda_f=0.5, hard=0.7",3301,RQ1&2parrel,70,2392.57,24.3,2392.57,10.03281021118164,"[8, 50, 10, False]",0.0,10.032713413238525,0.0,"{""acceptCount"": ""482"", ""allowBackslash"": ""TRUE"", ""compression"": ""on"", ""compressionMinSize"": ""1597"", ""connectionTimeout"": ""83828"", ""connectionUploadTimeout"": ""72681"", ""disableUploadTimeout"": ""TRUE"", ""executorTerminationTimeoutMillis"": ""197024"", ""keepAliveTimeout"": ""303230"", ""maxConnections"": ""10233"", ""maxHeaderCount"": ""390"", ""maxHttpHeaderSize"": ""28003"", ""maxHttpRequestHeaderSize"": ""37776"", ""maxHttpResponseHeaderSize"": ""42884"", ""maxKeepAliveRequests"": ""4977"", ""maxParameterCount"": ""41949"", ""maxSwallowSize"": ""19789464"", ""maxThreads"": ""189"", ""minSpareThreads"": ""151"", ""processorCache"": ""126"", ""tcpNoDelay"": ""FALSE"", ""threadPriority"": ""6"", ""threadsMaxIdleTime"": ""311551"", ""useAsyncIO"": ""TRUE"", ""useVirtualThreads"": ""FALSE""}"
tomcat,lf05_hard07,"lambda_f=0.5, hard=0.7",3301,RQ1&2parrel,71,2334.04,25.33,2334.04,10.028636693954468,"[8, 50, 10, False]",0.0,10.02854323387146,0.0,"{""acceptCount"": ""499"", ""allowBackslash"": ""TRUE"", ""compression"": ""on"", ""compressionMinSize"": ""1335"", ""connectionTimeout"": ""23223"", ""connectionUploadTimeout"": ""91337"", ""disableUploadTimeout"": ""FALSE"", ""executorTerminationTimeoutMillis"": ""235759"", ""keepAliveTimeout"": ""303230"", ""maxConnections"": ""7889"", ""maxHeaderCount"": ""382"", ""maxHttpHeaderSize"": ""28003"", ""maxHttpRequestHeaderSize"": ""38477"", ""maxHttpResponseHeaderSize"": ""37201"", ""maxKeepAliveRequests"": ""3840"", ""maxParameterCount"": ""41955"", ""maxSwallowSize"": ""20277731"", ""maxThreads"": ""212"", ""minSpareThreads"": ""130"", ""processorCache"": ""127"", ""tcpNoDelay"": ""FALSE"", ""threadPriority"": ""6"", ""threadsMaxIdleTime"": ""319820"", ""useAsyncIO"": ""TRUE"", ""useVirtualThreads"": ""FALSE""}"
tomcat,lf05_hard07,"lambda_f=0.5, hard=0.7",3301,RQ1&2parrel,72,2438.17,24.08,2438.17,10.0263352394104,"[8, 50, 10, False]",0.0,10.02623701095581,0.0,"{""acceptCount"": ""477"", ""allowBackslash"": ""TRUE"", ""compression"": ""force"", ""compressionMinSize"": ""1329"", ""connectionTimeout"": ""21986"", ""connectionUploadTimeout"": ""72681"", ""disableUploadTimeout"": ""TRUE"", ""executorTerminationTimeoutMillis"": ""192600"", ""keepAliveTimeout"": ""303230"", ""maxConnections"": ""6438"", ""maxHeaderCount"": ""380"", ""maxHttpHeaderSize"": ""28003"", ""maxHttpRequestHeaderSize"": ""38478"", ""maxHttpResponseHeaderSize"": ""35979"", ""maxKeepAliveRequests"": ""3809"", ""maxParameterCount"": ""41949"", ""maxSwallowSize"": ""19789464"", ""maxThreads"": ""190"", ""minSpareThreads"": ""151"", ""processorCache"": ""126"", ""tcpNoDelay"": ""FALSE"", ""threadPriority"": ""6"", ""threadsMaxIdleTime"": ""311551"", ""useAsyncIO"": ""TRUE"", ""useVirtualThreads"": ""FALSE""}"
tomcat,lf05_hard07,"lambda_f=0.5, hard=0.7",3301,RQ1&2parrel,73,2358.01,25.91,2358.01,10.030420303344727,"[8, 50, 10, False]",0.0,10.030327796936035,0.0,"{""acceptCount"": ""477"", ""allowBackslash"": ""TRUE"", ""compression"": ""off"", ""compressionMinSize"": ""1329"", ""connectionTimeout"": ""21986"", ""connectionUploadTimeout"": ""72681"", ""disableUploadTimeout"": ""TRUE"", ""executorTerminationTimeoutMillis"": ""192600"", ""keepAliveTimeout"": ""303230"", ""maxConnections"": ""7850"", ""maxHeaderCount"": ""380"", ""maxHttpHeaderSize"": ""28003"", ""maxHttpRequestHeaderSize"": ""38478"", ""maxHttpResponseHeaderSize"": ""35979"", ""maxKeepAliveRequests"": ""3809"", ""maxParameterCount"": ""41949"", ""maxSwallowSize"": ""19789464"", ""maxThreads"": ""190"", ""minSpareThreads"": ""151"", ""processorCache"": ""126"", ""tcpNoDelay"": ""FALSE"", ""threadPriority"": ""6"", ""threadsMaxIdleTime"": ""311551"", ""useAsyncIO"": ""TRUE"", ""useVirtualThreads"": ""FALSE""}"
tomcat,lf05_hard07,"lambda_f=0.5, hard=0.7",3301,RQ1&2parrel,74,2407.26,24.59,2407.26,10.024519681930542,"[8, 50, 10, False]",0.0,10.024437189102173,0.0,"{""acceptCount"": ""493"", ""allowBackslash"": ""TRUE"", ""compression"": ""on"", ""compressionMinSize"": ""1329"", ""connectionTimeout"": ""21986"", ""connectionUploadTimeout"": ""72681"", ""disableUploadTimeout"": ""TRUE"", ""executorTerminationTimeoutMillis"": ""192600"", ""keepAliveTimeout"": ""303230"", ""maxConnections"": ""7850"", ""maxHeaderCount"": ""380"", ""maxHttpHeaderSize"": ""28003"", ""maxHttpRequestHeaderSize"": ""38478"", ""maxHttpResponseHeaderSize"": ""37305"", ""maxKeepAliveRequests"": ""3809"", ""maxParameterCount"": ""41949"", ""maxSwallowSize"": ""19789464"", ""maxThreads"": ""190"", ""minSpareThreads"": ""151"", ""processorCache"": ""126"", ""tcpNoDelay"": ""FALSE"", ""threadPriority"": ""6"", ""threadsMaxIdleTime"": ""315069"", ""useAsyncIO"": ""TRUE"", ""useVirtualThreads"": ""FALSE""}"
tomcat,lf05_hard07,"lambda_f=0.5, hard=0.7",3301,RQ1&2parrel,75,2359.4,24.28,2359.4,10.021756172180176,"[8, 50, 10, False]",0.0,10.021667003631592,0.0,"{""acceptCount"": ""442"", ""allowBackslash"": ""TRUE"", ""compression"": ""on"", ""compressionMinSize"": ""1330"", ""connectionTimeout"": ""21986"", ""connectionUploadTimeout"": ""57042"", ""disableUploadTimeout"": ""FALSE"", ""executorTerminationTimeoutMillis"": ""192601"", ""keepAliveTimeout"": ""301001"", ""maxConnections"": ""9107"", ""maxHeaderCount"": ""380"", ""maxHttpHeaderSize"": ""18273"", ""maxHttpRequestHeaderSize"": ""38470"", ""maxHttpResponseHeaderSize"": ""35979"", ""maxKeepAliveRequests"": ""3502"", ""maxParameterCount"": ""41944"", ""maxSwallowSize"": ""19932325"", ""maxThreads"": ""190"", ""minSpareThreads"": ""146"", ""processorCache"": ""126"", ""tcpNoDelay"": ""FALSE"", ""threadPriority"": ""6"", ""threadsMaxIdleTime"": ""310704"", ""useAsyncIO"": ""TRUE"", ""useVirtualThreads"": ""FALSE""}"
tomcat,lf05_hard07,"lambda_f=0.5, hard=0.7",3301,RQ1&2parrel,76,2297.97,26.87,2297.97,10.01701545715332,"[8, 50, 10, False]",0.0,10.016910076141357,0.0,"{""acceptCount"": ""937"", ""allowBackslash"": ""TRUE"", ""compression"": ""on"", ""compressionMinSize"": ""1628"", ""connectionTimeout"": ""1077"", ""connectionUploadTimeout"": ""508856"", ""disableUploadTimeout"": ""TRUE"", ""executorTerminationTimeoutMillis"": ""244745"", ""keepAliveTimeout"": ""141089"", ""maxConnections"": ""972"", ""maxHeaderCount"": ""215"", ""maxHttpHeaderSize"": ""20633"", ""maxHttpRequestHeaderSize"": ""42440"", ""maxHttpResponseHeaderSize"": ""26354"", ""maxKeepAliveRequests"": ""709"", ""maxParameterCount"": ""71462"", ""maxSwallowSize"": ""5397423"", ""maxThreads"": ""221"", ""minSpareThreads"": ""364"", ""processorCache"": ""134"", ""tcpNoDelay"": ""FALSE"", ""threadPriority"": ""6"", ""threadsMaxIdleTime"": ""148978"", ""useAsyncIO"": ""FALSE"", ""useVirtualThreads"": ""FALSE""}"
tomcat,lf05_hard07,"lambda_f=0.5, hard=0.7",3301,RQ1&2parrel,77,2577.41,23.77,2577.41,10.019912242889404,"[8, 50, 10, False]",0.0,10.019793272018433,0.0,"{""acceptCount"": ""428"", ""allowBackslash"": ""TRUE"", ""compression"": ""on"", ""compressionMinSize"": ""1057"", ""connectionTimeout"": ""75437"", ""connectionUploadTimeout"": ""36407"", ""disableUploadTimeout"": ""TRUE"", ""executorTerminationTimeoutMillis"": ""203351"", ""keepAliveTimeout"": ""326743"", ""maxConnections"": ""5911"", ""maxHeaderCount"": ""185"", ""maxHttpHeaderSize"": ""24651"", ""maxHttpRequestHeaderSize"": ""38486"", ""maxHttpResponseHeaderSize"": ""35969"", ""maxKeepAliveRequests"": ""3809"", ""maxParameterCount"": ""41949"", ""maxSwallowSize"": ""19789464"", ""maxThreads"": ""192"", ""minSpareThreads"": ""112"", ""processorCache"": ""122"", ""tcpNoDelay"": ""FALSE"", ""threadPriority"": ""6"", ""threadsMaxIdleTime"": ""304419"", ""useAsyncIO"": ""TRUE"", ""useVirtualThreads"": ""FALSE""}"
tomcat,lf05_hard07,"lambda_f=0.5, hard=0.7",3301,RQ1&2parrel,78,2378.66,26.45,2378.66,10.111145734786987,"[8, 50, 10, False]",0.0,10.111058473587036,0.0,"{""acceptCount"": ""476"", ""allowBackslash"": ""TRUE"", ""compression"": ""on"", ""compressionMinSize"": ""92"", ""connectionTimeout"": ""13756"", ""connectionUploadTimeout"": ""72681"", ""disableUploadTimeout"": ""TRUE"", ""executorTerminationTimeoutMillis"": ""192600"", ""keepAliveTimeout"": ""304217"", ""maxConnections"": ""5555"", ""maxHeaderCount"": ""380"", ""maxHttpHeaderSize"": ""28009"", ""maxHttpRequestHeaderSize"": ""38478"", ""maxHttpResponseHeaderSize"": ""35823"", ""maxKeepAliveRequests"": ""3808"", ""maxParameterCount"": ""39507"", ""maxSwallowSize"": ""19789464"", ""maxThreads"": ""184"", ""minSpareThreads"": ""151"", ""processorCache"": ""109"", ""tcpNoDelay"": ""FALSE"", ""threadPriority"": ""6"", ""threadsMaxIdleTime"": ""312504"", ""useAsyncIO"": ""TRUE"", ""useVirtualThreads"": ""FALSE""}"
tomcat,lf05_hard07,"lambda_f=0.5, hard=0.7",3301,RQ1&2parrel,79,2321.89,26.61,2321.89,10.018393278121948,"[8, 50, 10, False]",0.0,10.018298149108887,0.0,"{""acceptCount"": ""167"", ""allowBackslash"": ""TRUE"", ""compression"": ""force"", ""compressionMinSize"": ""7794"", ""connectionTimeout"": ""125702"", ""connectionUploadTimeout"": ""515238"", ""disableUploadTimeout"": ""FALSE"", ""executorTerminationTimeoutMillis"": ""327050"", ""keepAliveTimeout"": ""382028"", ""maxConnections"": ""3300"", ""maxHeaderCount"": ""413"", ""maxHttpHeaderSize"": ""3888"", ""maxHttpRequestHeaderSize"": ""34331"", ""maxHttpResponseHeaderSize"": ""63417"", ""maxKeepAliveRequests"": ""4022"", ""maxParameterCount"": ""42473"", ""maxSwallowSize"": ""12868109"", ""maxThreads"": ""255"", ""minSpareThreads"": ""306"", ""processorCache"": ""388"", ""tcpNoDelay"": ""FALSE"", ""threadPriority"": ""10"", ""threadsMaxIdleTime"": ""530768"", ""useAsyncIO"": ""FALSE"", ""useVirtualThreads"": ""FALSE""}"
tomcat,lf05_hard07,"lambda_f=0.5, hard=0.7",3301,RQ1&2parrel,80,2324.84,21.83,2324.84,10.019677639007568,"[8, 50, 10, False]",0.0,10.01959228515625,0.0,"{""acceptCount"": ""275"", ""allowBackslash"": ""TRUE"", ""compression"": ""off"", ""compressionMinSize"": ""10092"", ""connectionTimeout"": ""38958"", ""connectionUploadTimeout"": ""567441"", ""disableUploadTimeout"": ""FALSE"", ""executorTerminationTimeoutMillis"": ""26626"", ""keepAliveTimeout"": ""74617"", ""maxConnections"": ""2412"", ""maxHeaderCount"": ""937"", ""maxHttpHeaderSize"": ""18828"", ""maxHttpRequestHeaderSize"": ""51555"", ""maxHttpResponseHeaderSize"": ""59244"", ""maxKeepAliveRequests"": ""919"", ""maxParameterCount"": ""62294"", ""maxSwallowSize"": ""12590705"", ""maxThreads"": ""366"", ""minSpareThreads"": ""306"", ""processorCache"": ""347"", ""tcpNoDelay"": ""FALSE"", ""threadPriority"": ""8"", ""threadsMaxIdleTime"": ""269352"", ""useAsyncIO"": ""FALSE"", ""useVirtualThreads"": ""TRUE""}"
tomcat,lf05_hard07,"lambda_f=0.5, hard=0.7",3301,RQ1&2parrel,81,2461.89,27.03,2461.89,10.021174192428589,"[8, 50, 10, False]",0.0,10.021089315414429,0.0,"{""acceptCount"": ""462"", ""allowBackslash"": ""TRUE"", ""compression"": ""on"", ""compressionMinSize"": ""1329"", ""connectionTimeout"": ""21986"", ""connectionUploadTimeout"": ""72681"", ""disableUploadTimeout"": ""TRUE"", ""executorTerminationTimeoutMillis"": ""61790"", ""keepAliveTimeout"": ""180136"", ""maxConnections"": ""8070"", ""maxHeaderCount"": ""403"", ""maxHttpHeaderSize"": ""28658"", ""maxHttpRequestHeaderSize"": ""38604"", ""maxHttpResponseHeaderSize"": ""35490"", ""maxKeepAliveRequests"": ""3807"", ""maxParameterCount"": ""41008"", ""maxSwallowSize"": ""19898135"", ""maxThreads"": ""173"", ""minSpareThreads"": ""151"", ""processorCache"": ""124"", ""tcpNoDelay"": ""FALSE"", ""threadPriority"": ""6"", ""threadsMaxIdleTime"": ""346399"", ""useAsyncIO"": ""FALSE"", ""useVirtualThreads"": ""FALSE""}"
tomcat,lf05_hard07,"lambda_f=0.5, hard=0.7",3301,RQ1&2parrel,82,2421.44,23.49,2421.44,10.022776126861572,"[8, 50, 10, False]",0.0,10.022689580917358,0.0,"{""acceptCount"": ""826"", ""allowBackslash"": ""FALSE"", ""compression"": ""off"", ""compressionMinSize"": ""2657"", ""connectionTimeout"": ""236597"", ""connectionUploadTimeout"": ""187346"", ""disableUploadTimeout"": ""TRUE"", ""executorTerminationTimeoutMillis"": ""387086"", ""keepAliveTimeout"": ""440986"", ""maxConnections"": ""8274"", ""maxHeaderCount"": ""739"", ""maxHttpHeaderSize"": ""1813"", ""maxHttpRequestHeaderSize"": ""41489"", ""maxHttpResponseHeaderSize"": ""41481"", ""maxKeepAliveRequests"": ""2203"", ""maxParameterCount"": ""50002"", ""maxSwallowSize"": ""17041480"", ""maxThreads"": ""345"", ""minSpareThreads"": ""516"", ""processorCache"": ""27"", ""tcpNoDelay"": ""TRUE"", ""threadPriority"": ""8"", ""threadsMaxIdleTime"": ""416652"", ""useAsyncIO"": ""FALSE"", ""useVirtualThreads"": ""FALSE""}"
tomcat,lf05_hard07,"lambda_f=0.5, hard=0.7",3301,RQ1&2parrel,83,2396.39,23.91,2396.39,10.020997285842896,"[8, 50, 10, False]",0.0,10.020909786224365,0.0,"{""acceptCount"": ""499"", ""allowBackslash"": ""TRUE"", ""compression"": ""force"", ""compressionMinSize"": ""7969"", ""connectionTimeout"": ""36305"", ""connectionUploadTimeout"": ""226557"", ""disableUploadTimeout"": ""TRUE"", ""executorTerminationTimeoutMillis"": ""188824"", ""keepAliveTimeout"": ""546580"", ""maxConnections"": ""18828"", ""maxHeaderCount"": ""474"", ""maxHttpHeaderSize"": ""28535"", ""maxHttpRequestHeaderSize"": ""38174"", ""maxHttpResponseHeaderSize"": ""58349"", ""maxKeepAliveRequests"": ""3785"", ""maxParameterCount"": ""70377"", ""maxSwallowSize"": ""18361404"", ""maxThreads"": ""340"", ""minSpareThreads"": ""398"", ""processorCache"": ""279"", ""tcpNoDelay"": ""TRUE"", ""threadPriority"": ""6"", ""threadsMaxIdleTime"": ""311551"", ""useAsyncIO"": ""TRUE"", ""useVirtualThreads"": ""FALSE""}"
tomcat,lf05_hard07,"lambda_f=0.5, hard=0.7",3301,RQ1&2parrel,84,2421.54,24.88,2421.54,10.024874925613403,"[8, 50, 10, False]",0.0,10.024787187576294,0.0,"{""acceptCount"": ""578"", ""allowBackslash"": ""TRUE"", ""compression"": ""force"", ""compressionMinSize"": ""4014"", ""connectionTimeout"": ""396582"", ""connectionUploadTimeout"": ""469874"", ""disableUploadTimeout"": ""TRUE"", ""executorTerminationTimeoutMillis"": ""107391"", ""keepAliveTimeout"": ""580988"", ""maxConnections"": ""16036"", ""maxHeaderCount"": ""91"", ""maxHttpHeaderSize"": ""17322"", ""maxHttpRequestHeaderSize"": ""32583"", ""maxHttpResponseHeaderSize"": ""44518"", ""maxKeepAliveRequests"": ""1540"", ""maxParameterCount"": ""41964"", ""maxSwallowSize"": ""1375352"", ""maxThreads"": ""86"", ""minSpareThreads"": ""200"", ""processorCache"": ""61"", ""tcpNoDelay"": ""TRUE"", ""threadPriority"": ""3"", ""threadsMaxIdleTime"": ""555722"", ""useAsyncIO"": ""FALSE"", ""useVirtualThreads"": ""FALSE""}"
tomcat,lf05_hard07,"lambda_f=0.5, hard=0.7",3301,RQ1&2parrel,85,2192.5,23.13,2192.5,10.02655816078186,"[8, 50, 10, False]",0.0,10.026466369628906,0.0,"{""acceptCount"": ""937"", ""allowBackslash"": ""TRUE"", ""compression"": ""force"", ""compressionMinSize"": ""8114"", ""connectionTimeout"": ""38021"", ""connectionUploadTimeout"": ""549236"", ""disableUploadTimeout"": ""FALSE"", ""executorTerminationTimeoutMillis"": ""580359"", ""keepAliveTimeout"": ""9530"", ""maxConnections"": ""6442"", ""maxHeaderCount"": ""158"", ""maxHttpHeaderSize"": ""32226"", ""maxHttpRequestHeaderSize"": ""64156"", ""maxHttpResponseHeaderSize"": ""64690"", ""maxKeepAliveRequests"": ""3796"", ""maxParameterCount"": ""89938"", ""maxSwallowSize"": ""6054302"", ""maxThreads"": ""39"", ""minSpareThreads"": ""1"", ""processorCache"": ""47"", ""tcpNoDelay"": ""TRUE"", ""threadPriority"": ""2"", ""threadsMaxIdleTime"": ""475125"", ""useAsyncIO"": ""FALSE"", ""useVirtualThreads"": ""TRUE""}"
tomcat,lf05_hard07,"lambda_f=0.5, hard=0.7",3301,RQ1&2parrel,86,2235.06,22.91,2235.06,10.021551609039307,"[8, 50, 10, False]",0.0,10.02145791053772,0.0,"{""acceptCount"": ""430"", ""allowBackslash"": ""TRUE"", ""compression"": ""on"", ""compressionMinSize"": ""4589"", ""connectionTimeout"": ""113095"", ""connectionUploadTimeout"": ""88143"", ""disableUploadTimeout"": ""FALSE"", ""executorTerminationTimeoutMillis"": ""121834"", ""keepAliveTimeout"": ""526330"", ""maxConnections"": ""11767"", ""maxHeaderCount"": ""84"", ""maxHttpHeaderSize"": ""9897"", ""maxHttpRequestHeaderSize"": ""11998"", ""maxHttpResponseHeaderSize"": ""25669"", ""maxKeepAliveRequests"": ""3754"", ""maxParameterCount"": ""21705"", ""maxSwallowSize"": ""6460085"", ""maxThreads"": ""120"", ""minSpareThreads"": ""25"", ""processorCache"": ""28"", ""tcpNoDelay"": ""FALSE"", ""threadPriority"": ""1"", ""threadsMaxIdleTime"": ""128165"", ""useAsyncIO"": ""TRUE"", ""useVirtualThreads"": ""TRUE""}"
tomcat,lf05_hard07,"lambda_f=0.5, hard=0.7",3301,RQ1&2parrel,87,2279.1,29.18,2279.1,10.030803203582764,"[8, 50, 10, False]",0.0,10.03071141242981,0.0,"{""acceptCount"": ""477"", ""allowBackslash"": ""TRUE"", ""compression"": ""off"", ""compressionMinSize"": ""9240"", ""connectionTimeout"": ""491318"", ""connectionUploadTimeout"": ""572904"", ""disableUploadTimeout"": ""FALSE"", ""executorTerminationTimeoutMillis"": ""186665"", ""keepAliveTimeout"": ""574589"", ""maxConnections"": ""8148"", ""maxHeaderCount"": ""787"", ""maxHttpHeaderSize"": ""34650"", ""maxHttpRequestHeaderSize"": ""62048"", ""maxHttpResponseHeaderSize"": ""36092"", ""maxKeepAliveRequests"": ""1113"", ""maxParameterCount"": ""90338"", ""maxSwallowSize"": ""15408725"", ""maxThreads"": ""344"", ""minSpareThreads"": ""607"", ""processorCache"": ""86"", ""tcpNoDelay"": ""FALSE"", ""threadPriority"": ""10"", ""threadsMaxIdleTime"": ""483912"", ""useAsyncIO"": ""TRUE"", ""useVirtualThreads"": ""FALSE""}"
tomcat,lf05_hard07,"lambda_f=0.5, hard=0.7",3301,RQ1&2parrel,88,2070.54,24.93,2070.54,10.02306604385376,"[8, 50, 10, False]",0.0,10.022928714752197,0.0,"{""acceptCount"": ""500"", ""allowBackslash"": ""TRUE"", ""compression"": ""off"", ""compressionMinSize"": ""2079"", ""connectionTimeout"": ""20154"", ""connectionUploadTimeout"": ""211689"", ""disableUploadTimeout"": ""FALSE"", ""executorTerminationTimeoutMillis"": ""527001"", ""keepAliveTimeout"": ""302880"", ""maxConnections"": ""5164"", ""maxHeaderCount"": ""304"", ""maxHttpHeaderSize"": ""5058"", ""maxHttpRequestHeaderSize"": ""38822"", ""maxHttpResponseHeaderSize"": ""26517"", ""maxKeepAliveRequests"": ""3118"", ""maxParameterCount"": ""23219"", ""maxSwallowSize"": ""10638756"", ""maxThreads"": ""150"", ""minSpareThreads"": ""533"", ""processorCache"": ""124"", ""tcpNoDelay"": ""FALSE"", ""threadPriority"": ""2"", ""threadsMaxIdleTime"": ""69895"", ""useAsyncIO"": ""FALSE"", ""useVirtualThreads"": ""TRUE""}"
tomcat,lf05_hard07,"lambda_f=0.5, hard=0.7",3301,RQ1&2parrel,89,2129.5,28.81,2129.5,10.030074834823608,"[8, 50, 10, False]",0.0,10.02994441986084,0.0,"{""acceptCount"": ""904"", ""allowBackslash"": ""TRUE"", ""compression"": ""off"", ""compressionMinSize"": ""8799"", ""connectionTimeout"": ""525020"", ""connectionUploadTimeout"": ""225555"", ""disableUploadTimeout"": ""TRUE"", ""executorTerminationTimeoutMillis"": ""36257"", ""keepAliveTimeout"": ""27800"", ""maxConnections"": ""19067"", ""maxHeaderCount"": ""997"", ""maxHttpHeaderSize"": ""7034"", ""maxHttpRequestHeaderSize"": ""40318"", ""maxHttpResponseHeaderSize"": ""56552"", ""maxKeepAliveRequests"": ""1710"", ""maxParameterCount"": ""32255"", ""maxSwallowSize"": ""2331788"", ""maxThreads"": ""342"", ""minSpareThreads"": ""822"", ""processorCache"": ""241"", ""tcpNoDelay"": ""FALSE"", ""threadPriority"": ""9"", ""threadsMaxIdleTime"": ""197970"", ""useAsyncIO"": ""TRUE"", ""useVirtualThreads"": ""FALSE""}"
tomcat,lf05_hard07,"lambda_f=0.5, hard=0.7",3301,RQ1&2parrel,90,2296.86,27.45,2296.86,10.02817678451538,"[8, 50, 10, False]",0.0,10.028079509735107,0.0,"{""acceptCount"": ""466"", ""allowBackslash"": ""TRUE"", ""compression"": ""on"", ""compressionMinSize"": ""2359"", ""connectionTimeout"": ""21986"", ""connectionUploadTimeout"": ""72681"", ""disableUploadTimeout"": ""TRUE"", ""executorTerminationTimeoutMillis"": ""192733"", ""keepAliveTimeout"": ""276799"", ""maxConnections"": ""7850"", ""maxHeaderCount"": ""876"", ""maxHttpHeaderSize"": ""28003"", ""maxHttpRequestHeaderSize"": ""38135"", ""maxHttpResponseHeaderSize"": ""35637"", ""maxKeepAliveRequests"": ""4387"", ""maxParameterCount"": ""41949"", ""maxSwallowSize"": ""19789464"", ""maxThreads"": ""190"", ""minSpareThreads"": ""149"", ""processorCache"": ""130"", ""tcpNoDelay"": ""FALSE"", ""threadPriority"": ""6"", ""threadsMaxIdleTime"": ""316002"", ""useAsyncIO"": ""TRUE"", ""useVirtualThreads"": ""FALSE""}"
tomcat,lf05_hard07,"lambda_f=0.5, hard=0.7",3301,RQ1&2parrel,91,2269.24,31.0,2269.24,10.064617395401001,"[8, 50, 10, False]",0.0,10.064489126205444,0.0,"{""acceptCount"": ""477"", ""allowBackslash"": ""TRUE"", ""compression"": ""on"", ""compressionMinSize"": ""1329"", ""connectionTimeout"": ""21986"", ""connectionUploadTimeout"": ""72681"", ""disableUploadTimeout"": ""TRUE"", ""executorTerminationTimeoutMillis"": ""192600"", ""keepAliveTimeout"": ""303230"", ""maxConnections"": ""7850"", ""maxHeaderCount"": ""380"", ""maxHttpHeaderSize"": ""28003"", ""maxHttpRequestHeaderSize"": ""38478"", ""maxHttpResponseHeaderSize"": ""35979"", ""maxKeepAliveRequests"": ""3809"", ""maxParameterCount"": ""41949"", ""maxSwallowSize"": ""19789464"", ""maxThreads"": ""190"", ""minSpareThreads"": ""184"", ""processorCache"": ""126"", ""tcpNoDelay"": ""FALSE"", ""threadPriority"": ""6"", ""threadsMaxIdleTime"": ""311849"", ""useAsyncIO"": ""TRUE"", ""useVirtualThreads"": ""FALSE""}"
tomcat,lf05_hard07,"lambda_f=0.5, hard=0.7",3301,RQ1&2parrel,92,2413.14,28.69,2413.14,10.040242433547974,"[8, 50, 10, False]",0.0,10.040148258209229,0.0,"{""acceptCount"": ""474"", ""allowBackslash"": ""TRUE"", ""compression"": ""on"", ""compressionMinSize"": ""1329"", ""connectionTimeout"": ""124960"", ""connectionUploadTimeout"": ""258316"", ""disableUploadTimeout"": ""TRUE"", ""executorTerminationTimeoutMillis"": ""187410"", ""keepAliveTimeout"": ""303230"", ""maxConnections"": ""7850"", ""maxHeaderCount"": ""373"", ""maxHttpHeaderSize"": ""4878"", ""maxHttpRequestHeaderSize"": ""38357"", ""maxHttpResponseHeaderSize"": ""35043"", ""maxKeepAliveRequests"": ""4768"", ""maxParameterCount"": ""41949"", ""maxSwallowSize"": ""19789464"", ""maxThreads"": ""190"", ""minSpareThreads"": ""151"", ""processorCache"": ""128"", ""tcpNoDelay"": ""FALSE"", ""threadPriority"": ""9"", ""threadsMaxIdleTime"": ""311551"", ""useAsyncIO"": ""TRUE"", ""useVirtualThreads"": ""FALSE""}"
tomcat,lf05_hard07,"lambda_f=0.5, hard=0.7",3301,RQ1&2parrel,93,2353.12,21.24,2353.12,10.045627355575562,"[8, 50, 10, False]",0.0,10.045535802841187,0.0,"{""acceptCount"": ""402"", ""allowBackslash"": ""FALSE"", ""compression"": ""off"", ""compressionMinSize"": ""183"", ""connectionTimeout"": ""301888"", ""connectionUploadTimeout"": ""72353"", ""disableUploadTimeout"": ""FALSE"", ""executorTerminationTimeoutMillis"": ""421758"", ""keepAliveTimeout"": ""110360"", ""maxConnections"": ""7072"", ""maxHeaderCount"": ""943"", ""maxHttpHeaderSize"": ""532"", ""maxHttpRequestHeaderSize"": ""59314"", ""maxHttpResponseHeaderSize"": ""39968"", ""maxKeepAliveRequests"": ""1408"", ""maxParameterCount"": ""83413"", ""maxSwallowSize"": ""18781944"", ""maxThreads"": ""139"", ""minSpareThreads"": ""112"", ""processorCache"": ""396"", ""tcpNoDelay"": ""TRUE"", ""threadPriority"": ""7"", ""threadsMaxIdleTime"": ""338343"", ""useAsyncIO"": ""FALSE"", ""useVirtualThreads"": ""TRUE""}"
tomcat,lf05_hard07,"lambda_f=0.5, hard=0.7",3301,RQ1&2parrel,94,2402.81,20.82,2402.81,10.050443410873413,"[8, 50, 10, False]",0.0,10.05034875869751,0.0,"{""acceptCount"": ""446"", ""allowBackslash"": ""TRUE"", ""compression"": ""force"", ""compressionMinSize"": ""740"", ""connectionTimeout"": ""544576"", ""connectionUploadTimeout"": ""355572"", ""disableUploadTimeout"": ""FALSE"", ""executorTerminationTimeoutMillis"": ""332631"", ""keepAliveTimeout"": ""287541"", ""maxConnections"": ""18110"", ""maxHeaderCount"": ""189"", ""maxHttpHeaderSize"": ""10581"", ""maxHttpRequestHeaderSize"": ""34338"", ""maxHttpResponseHeaderSize"": ""61503"", ""maxKeepAliveRequests"": ""3793"", ""maxParameterCount"": ""42467"", ""maxSwallowSize"": ""5965653"", ""maxThreads"": ""115"", ""minSpareThreads"": ""838"", ""processorCache"": ""282"", ""tcpNoDelay"": ""TRUE"", ""threadPriority"": ""4"", ""threadsMaxIdleTime"": ""537479"", ""useAsyncIO"": ""FALSE"", ""useVirtualThreads"": ""TRUE""}"
tomcat,lf05_hard07,"lambda_f=0.5, hard=0.7",3301,RQ1&2parrel,95,2511.25,20.3,2511.25,10.022804975509644,"[8, 50, 10, False]",0.0,10.022717952728271,0.0,"{""acceptCount"": ""382"", ""allowBackslash"": ""FALSE"", ""compression"": ""off"", ""compressionMinSize"": ""8034"", ""connectionTimeout"": ""444479"", ""connectionUploadTimeout"": ""322671"", ""disableUploadTimeout"": ""FALSE"", ""executorTerminationTimeoutMillis"": ""379310"", ""keepAliveTimeout"": ""70616"", ""maxConnections"": ""13562"", ""maxHeaderCount"": ""793"", ""maxHttpHeaderSize"": ""27666"", ""maxHttpRequestHeaderSize"": ""27758"", ""maxHttpResponseHeaderSize"": ""28506"", ""maxKeepAliveRequests"": ""4560"", ""maxParameterCount"": ""6940"", ""maxSwallowSize"": ""15217044"", ""maxThreads"": ""363"", ""minSpareThreads"": ""486"", ""processorCache"": ""75"", ""tcpNoDelay"": ""TRUE"", ""threadPriority"": ""6"", ""threadsMaxIdleTime"": ""159694"", ""useAsyncIO"": ""TRUE"", ""useVirtualThreads"": ""TRUE""}"
tomcat,lf05_hard07,"lambda_f=0.5, hard=0.7",3301,RQ1&2parrel,96,2615.22,26.24,2615.22,10.01760196685791,"[8, 50, 10, False]",0.0,10.01750111579895,0.0,"{""acceptCount"": ""478"", ""allowBackslash"": ""TRUE"", ""compression"": ""force"", ""compressionMinSize"": ""1080"", ""connectionTimeout"": ""21337"", ""connectionUploadTimeout"": ""373645"", ""disableUploadTimeout"": ""TRUE"", ""executorTerminationTimeoutMillis"": ""192510"", ""keepAliveTimeout"": ""85792"", ""maxConnections"": ""7850"", ""maxHeaderCount"": ""380"", ""maxHttpHeaderSize"": ""32426"", ""maxHttpRequestHeaderSize"": ""38478"", ""maxHttpResponseHeaderSize"": ""35979"", ""maxKeepAliveRequests"": ""3809"", ""maxParameterCount"": ""41949"", ""maxSwallowSize"": ""19789464"", ""maxThreads"": ""190"", ""minSpareThreads"": ""151"", ""processorCache"": ""128"", ""tcpNoDelay"": ""FALSE"", ""threadPriority"": ""1"", ""threadsMaxIdleTime"": ""356444"", ""useAsyncIO"": ""TRUE"", ""useVirtualThreads"": ""FALSE""}"
tomcat,lf05_hard07,"lambda_f=0.5, hard=0.7",3301,RQ1&2parrel,97,2507.66,20.5,2507.66,10.022067308425903,"[8, 50, 10, False]",0.0,10.021966457366943,0.0,"{""acceptCount"": ""856"", ""allowBackslash"": ""FALSE"", ""compression"": ""force"", ""compressionMinSize"": ""3333"", ""connectionTimeout"": ""348706"", ""connectionUploadTimeout"": ""586165"", ""disableUploadTimeout"": ""FALSE"", ""executorTerminationTimeoutMillis"": ""219860"", ""keepAliveTimeout"": ""421680"", ""maxConnections"": ""16220"", ""maxHeaderCount"": ""416"", ""maxHttpHeaderSize"": ""25001"", ""maxHttpRequestHeaderSize"": ""51179"", ""maxHttpResponseHeaderSize"": ""33346"", ""maxKeepAliveRequests"": ""4475"", ""maxParameterCount"": ""79590"", ""maxSwallowSize"": ""10943929"", ""maxThreads"": ""48"", ""minSpareThreads"": ""336"", ""processorCache"": ""234"", ""tcpNoDelay"": ""FALSE"", ""threadPriority"": ""2"", ""threadsMaxIdleTime"": ""110251"", ""useAsyncIO"": ""TRUE"", ""useVirtualThreads"": ""TRUE""}"
tomcat,lf05_hard07,"lambda_f=0.5, hard=0.7",3301,RQ1&2parrel,98,2518.75,20.51,2518.75,10.108184337615967,"[8, 50, 10, False]",0.0,10.10809063911438,0.0,"{""acceptCount"": ""611"", ""allowBackslash"": ""TRUE"", ""compression"": ""on"", ""compressionMinSize"": ""7408"", ""connectionTimeout"": ""235303"", ""connectionUploadTimeout"": ""550440"", ""disableUploadTimeout"": ""FALSE"", ""executorTerminationTimeoutMillis"": ""466576"", ""keepAliveTimeout"": ""471330"", ""maxConnections"": ""12202"", ""maxHeaderCount"": ""979"", ""maxHttpHeaderSize"": ""20232"", ""maxHttpRequestHeaderSize"": ""38271"", ""maxHttpResponseHeaderSize"": ""31032"", ""maxKeepAliveRequests"": ""2391"", ""maxParameterCount"": ""10997"", ""maxSwallowSize"": ""2118491"", ""maxThreads"": ""108"", ""minSpareThreads"": ""505"", ""processorCache"": ""173"", ""tcpNoDelay"": ""FALSE"", ""threadPriority"": ""8"", ""threadsMaxIdleTime"": ""392968"", ""useAsyncIO"": ""FALSE"", ""useVirtualThreads"": ""TRUE""}"
tomcat,lf05_hard07,"lambda_f=0.5, hard=0.7",3301,RQ1&2parrel,99,2491.19,24.39,2491.19,10.024445533752441,"[8, 50, 10, False]",0.0,10.024316310882568,0.0,"{""acceptCount"": ""68"", ""allowBackslash"": ""FALSE"", ""compression"": ""force"", ""compressionMinSize"": ""7843"", ""connectionTimeout"": ""258341"", ""connectionUploadTimeout"": ""423080"", ""disableUploadTimeout"": ""FALSE"", ""executorTerminationTimeoutMillis"": ""297150"", ""keepAliveTimeout"": ""192959"", ""maxConnections"": ""6934"", ""maxHeaderCount"": ""759"", ""maxHttpHeaderSize"": ""45802"", ""maxHttpRequestHeaderSize"": ""54936"", ""maxHttpResponseHeaderSize"": ""57670"", ""maxKeepAliveRequests"": ""2831"", ""maxParameterCount"": ""9791"", ""maxSwallowSize"": ""5522184"", ""maxThreads"": ""209"", ""minSpareThreads"": ""567"", ""processorCache"": ""247"", ""tcpNoDelay"": ""FALSE"", ""threadPriority"": ""6"", ""threadsMaxIdleTime"": ""582388"", ""useAsyncIO"": ""TRUE"", ""useVirtualThreads"": ""FALSE""}"
tomcat,lf05_hard07,"lambda_f=0.5, hard=0.7",3301,RQ1&2parrel,100,2706.53,23.44,2706.53,10.024268627166748,"[8, 50, 10, False]",0.0,10.02417802810669,0.0,"{""acceptCount"": ""482"", ""allowBackslash"": ""TRUE"", ""compression"": ""off"", ""compressionMinSize"": ""1386"", ""connectionTimeout"": ""299676"", ""connectionUploadTimeout"": ""239636"", ""disableUploadTimeout"": ""FALSE"", ""executorTerminationTimeoutMillis"": ""197497"", ""keepAliveTimeout"": ""314903"", ""maxConnections"": ""7950"", ""maxHeaderCount"": ""368"", ""maxHttpHeaderSize"": ""27928"", ""maxHttpRequestHeaderSize"": ""38478"", ""maxHttpResponseHeaderSize"": ""35979"", ""maxKeepAliveRequests"": ""2781"", ""maxParameterCount"": ""41949"", ""maxSwallowSize"": ""20090892"", ""maxThreads"": ""191"", ""minSpareThreads"": ""151"", ""processorCache"": ""126"", ""tcpNoDelay"": ""FALSE"", ""threadPriority"": ""1"", ""threadsMaxIdleTime"": ""310750"", ""useAsyncIO"": ""FALSE"", ""useVirtualThreads"": ""FALSE""}"
tomcat,lf05_hard07,"lambda_f=0.5, hard=0.7",3301,RQ1&2parrel,101,2587.3,28.25,2587.3,10.016929388046265,"[8, 50, 10, False]",0.0,10.01683783531189,0.0,"{""acceptCount"": ""474"", ""allowBackslash"": ""TRUE"", ""compression"": ""off"", ""compressionMinSize"": ""1420"", ""connectionTimeout"": ""195285"", ""connectionUploadTimeout"": ""239792"", ""disableUploadTimeout"": ""FALSE"", ""executorTerminationTimeoutMillis"": ""206568"", ""keepAliveTimeout"": ""136704"", ""maxConnections"": ""8137"", ""maxHeaderCount"": ""368"", ""maxHttpHeaderSize"": ""27956"", ""maxHttpRequestHeaderSize"": ""38478"", ""maxHttpResponseHeaderSize"": ""36606"", ""maxKeepAliveRequests"": ""2791"", ""maxParameterCount"": ""44661"", ""maxSwallowSize"": ""19829851"", ""maxThreads"": ""192"", ""minSpareThreads"": ""151"", ""processorCache"": ""126"", ""tcpNoDelay"": ""FALSE"", ""threadPriority"": ""1"", ""threadsMaxIdleTime"": ""348699"", ""useAsyncIO"": ""FALSE"", ""useVirtualThreads"": ""FALSE""}"
tomcat,lf05_hard07,"lambda_f=0.5, hard=0.7",3301,RQ1&2parrel,102,2477.69,25.02,2477.69,10.030672311782837,"[8, 50, 10, False]",0.0,10.030583620071411,0.0,"{""acceptCount"": ""535"", ""allowBackslash"": ""TRUE"", ""compression"": ""force"", ""compressionMinSize"": ""1071"", ""connectionTimeout"": ""299441"", ""connectionUploadTimeout"": ""194780"", ""disableUploadTimeout"": ""FALSE"", ""executorTerminationTimeoutMillis"": ""197392"", ""keepAliveTimeout"": ""305204"", ""maxConnections"": ""7950"", ""maxHeaderCount"": ""372"", ""maxHttpHeaderSize"": ""27949"", ""maxHttpRequestHeaderSize"": ""38440"", ""maxHttpResponseHeaderSize"": ""35979"", ""maxKeepAliveRequests"": ""2792"", ""maxParameterCount"": ""41800"", ""maxSwallowSize"": ""20947574"", ""maxThreads"": ""185"", ""minSpareThreads"": ""151"", ""processorCache"": ""126"", ""tcpNoDelay"": ""FALSE"", ""threadPriority"": ""1"", ""threadsMaxIdleTime"": ""329760"", ""useAsyncIO"": ""FALSE"", ""useVirtualThreads"": ""FALSE""}"
tomcat,lf05_hard07,"lambda_f=0.5, hard=0.7",3301,RQ1&2parrel,103,2495.89,23.24,2495.89,10.017836809158325,"[8, 50, 10, False]",0.0,10.017744302749634,0.0,"{""acceptCount"": ""482"", ""allowBackslash"": ""TRUE"", ""compression"": ""off"", ""compressionMinSize"": ""1398"", ""connectionTimeout"": ""299676"", ""connectionUploadTimeout"": ""239942"", ""disableUploadTimeout"": ""FALSE"", ""executorTerminationTimeoutMillis"": ""197524"", ""keepAliveTimeout"": ""225673"", ""maxConnections"": ""7950"", ""maxHeaderCount"": ""276"", ""maxHttpHeaderSize"": ""27916"", ""maxHttpRequestHeaderSize"": ""38477"", ""maxHttpResponseHeaderSize"": ""35979"", ""maxKeepAliveRequests"": ""2801"", ""maxParameterCount"": ""41949"", ""maxSwallowSize"": ""20091877"", ""maxThreads"": ""191"", ""minSpareThreads"": ""153"", ""processorCache"": ""126"", ""tcpNoDelay"": ""FALSE"", ""threadPriority"": ""1"", ""threadsMaxIdleTime"": ""310750"", ""useAsyncIO"": ""TRUE"", ""useVirtualThreads"": ""FALSE""}"
tomcat,lf05_hard07,"lambda_f=0.5, hard=0.7",3301,RQ1&2parrel,104,2526.81,26.98,2526.81,10.047396659851074,"[8, 50, 10, False]",0.0,10.047304391860962,0.0,"{""acceptCount"": ""482"", ""allowBackslash"": ""TRUE"", ""compression"": ""off"", ""compressionMinSize"": ""1386"", ""connectionTimeout"": ""303457"", ""connectionUploadTimeout"": ""239636"", ""disableUploadTimeout"": ""FALSE"", ""executorTerminationTimeoutMillis"": ""197483"", ""keepAliveTimeout"": ""314843"", ""maxConnections"": ""7950"", ""maxHeaderCount"": ""535"", ""maxHttpHeaderSize"": ""27928"", ""maxHttpRequestHeaderSize"": ""38478"", ""maxHttpResponseHeaderSize"": ""35979"", ""maxKeepAliveRequests"": ""2767"", ""maxParameterCount"": ""36855"", ""maxSwallowSize"": ""19266804"", ""maxThreads"": ""191"", ""minSpareThreads"": ""150"", ""processorCache"": ""126"", ""tcpNoDelay"": ""FALSE"", ""threadPriority"": ""2"", ""threadsMaxIdleTime"": ""310750"", ""useAsyncIO"": ""FALSE"", ""useVirtualThreads"": ""FALSE""}"
tomcat,lf05_hard07,"lambda_f=0.5, hard=0.7",3301,RQ1&2parrel,105,2301.01,26.63,2301.01,10.04793119430542,"[8, 50, 10, False]",0.0,10.047843933105469,0.0,"{""acceptCount"": ""482"", ""allowBackslash"": ""TRUE"", ""compression"": ""force"", ""compressionMinSize"": ""1386"", ""connectionTimeout"": ""299673"", ""connectionUploadTimeout"": ""194516"", ""disableUploadTimeout"": ""FALSE"", ""executorTerminationTimeoutMillis"": ""203909"", ""keepAliveTimeout"": ""335760"", ""maxConnections"": ""6185"", ""maxHeaderCount"": ""368"", ""maxHttpHeaderSize"": ""27928"", ""maxHttpRequestHeaderSize"": ""38458"", ""maxHttpResponseHeaderSize"": ""35979"", ""maxKeepAliveRequests"": ""2782"", ""maxParameterCount"": ""41949"", ""maxSwallowSize"": ""20078960"", ""maxThreads"": ""191"", ""minSpareThreads"": ""147"", ""processorCache"": ""126"", ""tcpNoDelay"": ""FALSE"", ""threadPriority"": ""1"", ""threadsMaxIdleTime"": ""312063"", ""useAsyncIO"": ""FALSE"", ""useVirtualThreads"": ""FALSE""}"
tomcat,lf05_hard07,"lambda_f=0.5, hard=0.7",3301,RQ1&2parrel,106,2405.9,21.18,2405.9,10.02971863746643,"[8, 50, 10, False]",0.0,10.029632806777954,0.0,"{""acceptCount"": ""106"", ""allowBackslash"": ""TRUE"", ""compression"": ""force"", ""compressionMinSize"": ""6827"", ""connectionTimeout"": ""524201"", ""connectionUploadTimeout"": ""224706"", ""disableUploadTimeout"": ""FALSE"", ""executorTerminationTimeoutMillis"": ""65279"", ""keepAliveTimeout"": ""244241"", ""maxConnections"": ""15610"", ""maxHeaderCount"": ""192"", ""maxHttpHeaderSize"": ""41271"", ""maxHttpRequestHeaderSize"": ""64610"", ""maxHttpResponseHeaderSize"": ""55150"", ""maxKeepAliveRequests"": ""4167"", ""maxParameterCount"": ""27766"", ""maxSwallowSize"": ""5377722"", ""maxThreads"": ""350"", ""minSpareThreads"": ""756"", ""processorCache"": ""223"", ""tcpNoDelay"": ""TRUE"", ""threadPriority"": ""8"", ""threadsMaxIdleTime"": ""205568"", ""useAsyncIO"": ""TRUE"", ""useVirtualThreads"": ""TRUE""}"
tomcat,lf05_hard07,"lambda_f=0.5, hard=0.7",3301,RQ1&2parrel,107,2600.94,23.72,2600.94,10.015922784805298,"[8, 50, 10, False]",0.0,10.015824556350708,0.0,"{""acceptCount"": ""482"", ""allowBackslash"": ""TRUE"", ""compression"": ""off"", ""compressionMinSize"": ""1386"", ""connectionTimeout"": ""299676"", ""connectionUploadTimeout"": ""239636"", ""disableUploadTimeout"": ""TRUE"", ""executorTerminationTimeoutMillis"": ""197497"", ""keepAliveTimeout"": ""314903"", ""maxConnections"": ""7950"", ""maxHeaderCount"": ""368"", ""maxHttpHeaderSize"": ""27928"", ""maxHttpRequestHeaderSize"": ""38478"", ""maxHttpResponseHeaderSize"": ""35979"", ""maxKeepAliveRequests"": ""2781"", ""maxParameterCount"": ""41949"", ""maxSwallowSize"": ""20090892"", ""maxThreads"": ""191"", ""minSpareThreads"": ""151"", ""processorCache"": ""126"", ""tcpNoDelay"": ""FALSE"", ""threadPriority"": ""1"", ""threadsMaxIdleTime"": ""310750"", ""useAsyncIO"": ""FALSE"", ""useVirtualThreads"": ""FALSE""}"
tomcat,lf05_hard07,"lambda_f=0.5, hard=0.7",3301,RQ1&2parrel,108,2572.64,24.03,2572.64,10.017861366271973,"[8, 50, 10, False]",0.0,10.017776012420654,0.0,"{""acceptCount"": ""482"", ""allowBackslash"": ""TRUE"", ""compression"": ""off"", ""compressionMinSize"": ""1088"", ""connectionTimeout"": ""299701"", ""connectionUploadTimeout"": ""270849"", ""disableUploadTimeout"": ""FALSE"", ""executorTerminationTimeoutMillis"": ""197497"", ""keepAliveTimeout"": ""315167"", ""maxConnections"": ""8843"", ""maxHeaderCount"": ""365"", ""maxHttpHeaderSize"": ""26214"", ""maxHttpRequestHeaderSize"": ""38478"", ""maxHttpResponseHeaderSize"": ""35979"", ""maxKeepAliveRequests"": ""2781"", ""maxParameterCount"": ""41917"", ""maxSwallowSize"": ""19807807"", ""maxThreads"": ""191"", ""minSpareThreads"": ""151"", ""processorCache"": ""126"", ""tcpNoDelay"": ""FALSE"", ""threadPriority"": ""2"", ""threadsMaxIdleTime"": ""315995"", ""useAsyncIO"": ""FALSE"", ""useVirtualThreads"": ""FALSE""}"
tomcat,lf05_hard07,"lambda_f=0.5, hard=0.7",3301,RQ1&2parrel,109,2193.19,23.07,2193.19,10.020010709762573,"[8, 50, 10, False]",0.0,10.019921064376831,0.0,"{""acceptCount"": ""624"", ""allowBackslash"": ""TRUE"", ""compression"": ""force"", ""compressionMinSize"": ""5288"", ""connectionTimeout"": ""491299"", ""connectionUploadTimeout"": ""324146"", ""disableUploadTimeout"": ""TRUE"", ""executorTerminationTimeoutMillis"": ""368716"", ""keepAliveTimeout"": ""116734"", ""maxConnections"": ""1983"", ""maxHeaderCount"": ""146"", ""maxHttpHeaderSize"": ""2614"", ""maxHttpRequestHeaderSize"": ""50287"", ""maxHttpResponseHeaderSize"": ""52759"", ""maxKeepAliveRequests"": ""4788"", ""maxParameterCount"": ""77383"", ""maxSwallowSize"": ""13790680"", ""maxThreads"": ""61"", ""minSpareThreads"": ""838"", ""processorCache"": ""32"", ""tcpNoDelay"": ""FALSE"", ""threadPriority"": ""6"", ""threadsMaxIdleTime"": ""459196"", ""useAsyncIO"": ""FALSE"", ""useVirtualThreads"": ""TRUE""}"
tomcat,lf05_hard07,"lambda_f=0.5, hard=0.7",3301,RQ1&2parrel,110,2396.09,25.34,2396.09,10.019384145736694,"[8, 50, 10, False]",0.0,10.019294738769531,0.0,"{""acceptCount"": ""421"", ""allowBackslash"": ""TRUE"", ""compression"": ""off"", ""compressionMinSize"": ""1382"", ""connectionTimeout"": ""298725"", ""connectionUploadTimeout"": ""264723"", ""disableUploadTimeout"": ""FALSE"", ""executorTerminationTimeoutMillis"": ""204164"", ""keepAliveTimeout"": ""315002"", ""maxConnections"": ""7960"", ""maxHeaderCount"": ""362"", ""maxHttpHeaderSize"": ""27919"", ""maxHttpRequestHeaderSize"": ""37836"", ""maxHttpResponseHeaderSize"": ""35689"", ""maxKeepAliveRequests"": ""2706"", ""maxParameterCount"": ""44592"", ""maxSwallowSize"": ""19994672"", ""maxThreads"": ""169"", ""minSpareThreads"": ""132"", ""processorCache"": ""127"", ""tcpNoDelay"": ""FALSE"", ""threadPriority"": ""1"", ""threadsMaxIdleTime"": ""312636"", ""useAsyncIO"": ""FALSE"", ""useVirtualThreads"": ""FALSE""}"
tomcat,lf05_hard07,"lambda_f=0.5, hard=0.7",3301,RQ1&2parrel,111,2321.95,27.26,2321.95,10.041388511657715,"[8, 50, 10, False]",0.0,10.04129958152771,0.0,"{""acceptCount"": ""482"", ""allowBackslash"": ""TRUE"", ""compression"": ""off"", ""compressionMinSize"": ""1386"", ""connectionTimeout"": ""299653"", ""connectionUploadTimeout"": ""252663"", ""disableUploadTimeout"": ""TRUE"", ""executorTerminationTimeoutMillis"": ""197497"", ""keepAliveTimeout"": ""314903"", ""maxConnections"": ""5667"", ""maxHeaderCount"": ""371"", ""maxHttpHeaderSize"": ""28093"", ""maxHttpRequestHeaderSize"": ""38478"", ""maxHttpResponseHeaderSize"": ""30089"", ""maxKeepAliveRequests"": ""2222"", ""maxParameterCount"": ""41949"", ""maxSwallowSize"": ""20090892"", ""maxThreads"": ""191"", ""minSpareThreads"": ""153"", ""processorCache"": ""134"", ""tcpNoDelay"": ""FALSE"", ""threadPriority"": ""1"", ""threadsMaxIdleTime"": ""310750"", ""useAsyncIO"": ""FALSE"", ""useVirtualThreads"": ""FALSE""}"
tomcat,lf05_hard07,"lambda_f=0.5, hard=0.7",3301,RQ1&2parrel,112,2424.48,26.19,2424.48,10.026929378509521,"[8, 50, 10, False]",0.0,10.02683401107788,0.0,"{""acceptCount"": ""480"", ""allowBackslash"": ""TRUE"", ""compression"": ""off"", ""compressionMinSize"": ""1436"", ""connectionTimeout"": ""287143"", ""connectionUploadTimeout"": ""492873"", ""disableUploadTimeout"": ""FALSE"", ""executorTerminationTimeoutMillis"": ""184779"", ""keepAliveTimeout"": ""330620"", ""maxConnections"": ""7963"", ""maxHeaderCount"": ""376"", ""maxHttpHeaderSize"": ""27743"", ""maxHttpRequestHeaderSize"": ""38797"", ""maxHttpResponseHeaderSize"": ""35979"", ""maxKeepAliveRequests"": ""2781"", ""maxParameterCount"": ""41945"", ""maxSwallowSize"": ""20565526"", ""maxThreads"": ""190"", ""minSpareThreads"": ""151"", ""processorCache"": ""102"", ""tcpNoDelay"": ""FALSE"", ""threadPriority"": ""1"", ""threadsMaxIdleTime"": ""309087"", ""useAsyncIO"": ""FALSE"", ""useVirtualThreads"": ""FALSE""}"
tomcat,lf05_hard07,"lambda_f=0.5, hard=0.7",3301,RQ1&2parrel,113,2478.5,24.74,2478.5,10.022359848022461,"[8, 50, 10, False]",0.0,10.022234916687012,0.0,"{""acceptCount"": ""482"", ""allowBackslash"": ""TRUE"", ""compression"": ""on"", ""compressionMinSize"": ""1065"", ""connectionTimeout"": ""299676"", ""connectionUploadTimeout"": ""239636"", ""disableUploadTimeout"": ""TRUE"", ""executorTerminationTimeoutMillis"": ""197497"", ""keepAliveTimeout"": ""314903"", ""maxConnections"": ""7950"", ""maxHeaderCount"": ""368"", ""maxHttpHeaderSize"": ""27952"", ""maxHttpRequestHeaderSize"": ""38478"", ""maxHttpResponseHeaderSize"": ""35982"", ""maxKeepAliveRequests"": ""2781"", ""maxParameterCount"": ""41949"", ""maxSwallowSize"": ""20090892"", ""maxThreads"": ""191"", ""minSpareThreads"": ""151"", ""processorCache"": ""124"", ""tcpNoDelay"": ""FALSE"", ""threadPriority"": ""1"", ""threadsMaxIdleTime"": ""413371"", ""useAsyncIO"": ""TRUE"", ""useVirtualThreads"": ""FALSE""}"
tomcat,lf05_hard07,"lambda_f=0.5, hard=0.7",3301,RQ1&2parrel,114,2385.64,26.31,2385.64,10.041282653808594,"[8, 50, 10, False]",0.0,10.041195154190063,0.0,"{""acceptCount"": ""480"", ""allowBackslash"": ""TRUE"", ""compression"": ""off"", ""compressionMinSize"": ""1566"", ""connectionTimeout"": ""300810"", ""connectionUploadTimeout"": ""185547"", ""disableUploadTimeout"": ""FALSE"", ""executorTerminationTimeoutMillis"": ""197497"", ""keepAliveTimeout"": ""314903"", ""maxConnections"": ""7961"", ""maxHeaderCount"": ""368"", ""maxHttpHeaderSize"": ""27928"", ""maxHttpRequestHeaderSize"": ""38535"", ""maxHttpResponseHeaderSize"": ""36706"", ""maxKeepAliveRequests"": ""2781"", ""maxParameterCount"": ""41949"", ""maxSwallowSize"": ""19502642"", ""maxThreads"": ""191"", ""minSpareThreads"": ""151"", ""processorCache"": ""126"", ""tcpNoDelay"": ""FALSE"", ""threadPriority"": ""1"", ""threadsMaxIdleTime"": ""310750"", ""useAsyncIO"": ""FALSE"", ""useVirtualThreads"": ""FALSE""}"
tomcat,lf05_hard07,"lambda_f=0.5, hard=0.7",3301,RQ1&2parrel,115,2295.05,30.28,2295.05,10.06482458114624,"[8, 50, 10, False]",0.0,10.064723014831543,0.0,"{""acceptCount"": ""573"", ""allowBackslash"": ""TRUE"", ""compression"": ""off"", ""compressionMinSize"": ""2044"", ""connectionTimeout"": ""299973"", ""connectionUploadTimeout"": ""272325"", ""disableUploadTimeout"": ""FALSE"", ""executorTerminationTimeoutMillis"": ""197495"", ""keepAliveTimeout"": ""315356"", ""maxConnections"": ""7962"", ""maxHeaderCount"": ""417"", ""maxHttpHeaderSize"": ""27928"", ""maxHttpRequestHeaderSize"": ""38455"", ""maxHttpResponseHeaderSize"": ""35979"", ""maxKeepAliveRequests"": ""2996"", ""maxParameterCount"": ""42108"", ""maxSwallowSize"": ""20473371"", ""maxThreads"": ""191"", ""minSpareThreads"": ""154"", ""processorCache"": ""100"", ""tcpNoDelay"": ""FALSE"", ""threadPriority"": ""1"", ""threadsMaxIdleTime"": ""310817"", ""useAsyncIO"": ""TRUE"", ""useVirtualThreads"": ""FALSE""}"
tomcat,lf05_hard07,"lambda_f=0.5, hard=0.7",3301,RQ1&2parrel,116,2320.5,26.67,2320.5,10.066787004470825,"[8, 50, 10, False]",0.0,10.066691637039185,0.0,"{""acceptCount"": ""482"", ""allowBackslash"": ""TRUE"", ""compression"": ""off"", ""compressionMinSize"": ""1387"", ""connectionTimeout"": ""299676"", ""connectionUploadTimeout"": ""300561"", ""disableUploadTimeout"": ""TRUE"", ""executorTerminationTimeoutMillis"": ""201090"", ""keepAliveTimeout"": ""314903"", ""maxConnections"": ""7950"", ""maxHeaderCount"": ""368"", ""maxHttpHeaderSize"": ""27928"", ""maxHttpRequestHeaderSize"": ""38478"", ""maxHttpResponseHeaderSize"": ""41333"", ""maxKeepAliveRequests"": ""2781"", ""maxParameterCount"": ""41949"", ""maxSwallowSize"": ""20090892"", ""maxThreads"": ""191"", ""minSpareThreads"": ""151"", ""processorCache"": ""128"", ""tcpNoDelay"": ""FALSE"", ""threadPriority"": ""1"", ""threadsMaxIdleTime"": ""310750"", ""useAsyncIO"": ""FALSE"", ""useVirtualThreads"": ""FALSE""}"
tomcat,lf05_hard07,"lambda_f=0.5, hard=0.7",3301,RQ1&2parrel,117,2346.47,25.91,2346.47,10.089397192001343,"[8, 50, 10, False]",0.0,10.089280128479004,0.0,"{""acceptCount"": ""482"", ""allowBackslash"": ""TRUE"", ""compression"": ""on"", ""compressionMinSize"": ""1386"", ""connectionTimeout"": ""299676"", ""connectionUploadTimeout"": ""239636"", ""disableUploadTimeout"": ""TRUE"", ""executorTerminationTimeoutMillis"": ""197497"", ""keepAliveTimeout"": ""314903"", ""maxConnections"": ""7950"", ""maxHeaderCount"": ""368"", ""maxHttpHeaderSize"": ""27928"", ""maxHttpRequestHeaderSize"": ""38478"", ""maxHttpResponseHeaderSize"": ""35979"", ""maxKeepAliveRequests"": ""2781"", ""maxParameterCount"": ""41949"", ""maxSwallowSize"": ""20090892"", ""maxThreads"": ""191"", ""minSpareThreads"": ""151"", ""processorCache"": ""126"", ""tcpNoDelay"": ""FALSE"", ""threadPriority"": ""1"", ""threadsMaxIdleTime"": ""310750"", ""useAsyncIO"": ""FALSE"", ""useVirtualThreads"": ""FALSE""}"
tomcat,lf05_hard07,"lambda_f=0.5, hard=0.7",3301,RQ1&2parrel,118,2405.98,21.31,2405.98,10.03197979927063,"[8, 50, 10, False]",0.0,10.031875371932983,0.0,"{""acceptCount"": ""302"", ""allowBackslash"": ""FALSE"", ""compression"": ""on"", ""compressionMinSize"": ""1496"", ""connectionTimeout"": ""503657"", ""connectionUploadTimeout"": ""221790"", ""disableUploadTimeout"": ""FALSE"", ""executorTerminationTimeoutMillis"": ""61316"", ""keepAliveTimeout"": ""46382"", ""maxConnections"": ""16534"", ""maxHeaderCount"": ""410"", ""maxHttpHeaderSize"": ""13325"", ""maxHttpRequestHeaderSize"": ""32884"", ""maxHttpResponseHeaderSize"": ""15956"", ""maxKeepAliveRequests"": ""267"", ""maxParameterCount"": ""81351"", ""maxSwallowSize"": ""14365719"", ""maxThreads"": ""351"", ""minSpareThreads"": ""500"", ""processorCache"": ""102"", ""tcpNoDelay"": ""FALSE"", ""threadPriority"": ""5"", ""threadsMaxIdleTime"": ""547292"", ""useAsyncIO"": ""TRUE"", ""useVirtualThreads"": ""TRUE""}"
tomcat,lf05_hard07,"lambda_f=0.5, hard=0.7",3301,RQ1&2parrel,119,2460.01,23.68,2460.01,10.053301572799683,"[8, 50, 10, False]",0.0,10.053175926208496,0.0,"{""acceptCount"": ""107"", ""allowBackslash"": ""TRUE"", ""compression"": ""off"", ""compressionMinSize"": ""4818"", ""connectionTimeout"": ""312316"", ""connectionUploadTimeout"": ""131766"", ""disableUploadTimeout"": ""TRUE"", ""executorTerminationTimeoutMillis"": ""184081"", ""keepAliveTimeout"": ""274951"", ""maxConnections"": ""658"", ""maxHeaderCount"": ""874"", ""maxHttpHeaderSize"": ""25906"", ""maxHttpRequestHeaderSize"": ""37814"", ""maxHttpResponseHeaderSize"": ""64157"", ""maxKeepAliveRequests"": ""2263"", ""maxParameterCount"": ""24991"", ""maxSwallowSize"": ""200834"", ""maxThreads"": ""55"", ""minSpareThreads"": ""751"", ""processorCache"": ""69"", ""tcpNoDelay"": ""TRUE"", ""threadPriority"": ""1"", ""threadsMaxIdleTime"": ""286953"", ""useAsyncIO"": ""TRUE"", ""useVirtualThreads"": ""FALSE""}"
tomcat,lf05_hard07,"lambda_f=0.5, hard=0.7",3301,RQ1&2parrel,120,2395.0,24.5,2395.0,10.030870914459229,"[8, 50, 10, False]",0.0,10.030767440795898,0.0,"{""acceptCount"": ""811"", ""allowBackslash"": ""FALSE"", ""compression"": ""off"", ""compressionMinSize"": ""8922"", ""connectionTimeout"": ""379950"", ""connectionUploadTimeout"": ""322278"", ""disableUploadTimeout"": ""FALSE"", ""executorTerminationTimeoutMillis"": ""575324"", ""keepAliveTimeout"": ""363479"", ""maxConnections"": ""19598"", ""maxHeaderCount"": ""996"", ""maxHttpHeaderSize"": ""17522"", ""maxHttpRequestHeaderSize"": ""38628"", ""maxHttpResponseHeaderSize"": ""35172"", ""maxKeepAliveRequests"": ""4396"", ""maxParameterCount"": ""84677"", ""maxSwallowSize"": ""7208532"", ""maxThreads"": ""398"", ""minSpareThreads"": ""831"", ""processorCache"": ""242"", ""tcpNoDelay"": ""FALSE"", ""threadPriority"": ""7"", ""threadsMaxIdleTime"": ""482741"", ""useAsyncIO"": ""FALSE"", ""useVirtualThreads"": ""FALSE""}"
tomcat,lf05_hard07,"lambda_f=0.5, hard=0.7",3301,RQ1&2parrel,121,2398.11,24.35,2398.11,10.079534769058228,"[8, 50, 10, False]",0.0,10.079444646835327,0.0,"{""acceptCount"": ""449"", ""allowBackslash"": ""TRUE"", ""compression"": ""on"", ""compressionMinSize"": ""5790"", ""connectionTimeout"": ""55858"", ""connectionUploadTimeout"": ""364782"", ""disableUploadTimeout"": ""FALSE"", ""executorTerminationTimeoutMillis"": ""44210"", ""keepAliveTimeout"": ""194928"", ""maxConnections"": ""8536"", ""maxHeaderCount"": ""140"", ""maxHttpHeaderSize"": ""4148"", ""maxHttpRequestHeaderSize"": ""29958"", ""maxHttpResponseHeaderSize"": ""54536"", ""maxKeepAliveRequests"": ""944"", ""maxParameterCount"": ""57865"", ""maxSwallowSize"": ""11076591"", ""maxThreads"": ""110"", ""minSpareThreads"": ""327"", ""processorCache"": ""83"", ""tcpNoDelay"": ""FALSE"", ""threadPriority"": ""9"", ""threadsMaxIdleTime"": ""578264"", ""useAsyncIO"": ""TRUE"", ""useVirtualThreads"": ""FALSE""}"
tomcat,lf05_hard07,"lambda_f=0.5, hard=0.7",3301,RQ1&2parrel,122,2347.11,24.62,2347.11,10.068142414093018,"[8, 50, 10, False]",0.0,10.068051099777222,0.0,"{""acceptCount"": ""783"", ""allowBackslash"": ""TRUE"", ""compression"": ""force"", ""compressionMinSize"": ""454"", ""connectionTimeout"": ""147012"", ""connectionUploadTimeout"": ""544055"", ""disableUploadTimeout"": ""FALSE"", ""executorTerminationTimeoutMillis"": ""559614"", ""keepAliveTimeout"": ""597372"", ""maxConnections"": ""1195"", ""maxHeaderCount"": ""510"", ""maxHttpHeaderSize"": ""1735"", ""maxHttpRequestHeaderSize"": ""57360"", ""maxHttpResponseHeaderSize"": ""15689"", ""maxKeepAliveRequests"": ""1176"", ""maxParameterCount"": ""30616"", ""maxSwallowSize"": ""15350037"", ""maxThreads"": ""277"", ""minSpareThreads"": ""474"", ""processorCache"": ""227"", ""tcpNoDelay"": ""TRUE"", ""threadPriority"": ""5"", ""threadsMaxIdleTime"": ""369299"", ""useAsyncIO"": ""TRUE"", ""useVirtualThreads"": ""FALSE""}"
tomcat,lf05_hard07,"lambda_f=0.5, hard=0.7",3301,RQ1&2parrel,123,2202.09,29.02,2202.09,10.073733568191528,"[8, 50, 10, False]",0.0,10.073641777038574,0.0,"{""acceptCount"": ""667"", ""allowBackslash"": ""TRUE"", ""compression"": ""off"", ""compressionMinSize"": ""8525"", ""connectionTimeout"": ""157308"", ""connectionUploadTimeout"": ""366960"", ""disableUploadTimeout"": ""TRUE"", ""executorTerminationTimeoutMillis"": ""475395"", ""keepAliveTimeout"": ""472729"", ""maxConnections"": ""525"", ""maxHeaderCount"": ""781"", ""maxHttpHeaderSize"": ""36336"", ""maxHttpRequestHeaderSize"": ""52513"", ""maxHttpResponseHeaderSize"": ""54694"", ""maxKeepAliveRequests"": ""4919"", ""maxParameterCount"": ""1868"", ""maxSwallowSize"": ""14136460"", ""maxThreads"": ""186"", ""minSpareThreads"": ""426"", ""processorCache"": ""283"", ""tcpNoDelay"": ""FALSE"", ""threadPriority"": ""10"", ""threadsMaxIdleTime"": ""396660"", ""useAsyncIO"": ""FALSE"", ""useVirtualThreads"": ""FALSE""}"
tomcat,lf05_hard07,"lambda_f=0.5, hard=0.7",3301,RQ1&2parrel,124,2231.18,21.91,2231.18,10.029143810272217,"[8, 50, 10, False]",0.0,10.029060125350952,0.0,"{""acceptCount"": ""61"", ""allowBackslash"": ""FALSE"", ""compression"": ""on"", ""compressionMinSize"": ""1078"", ""connectionTimeout"": ""215481"", ""connectionUploadTimeout"": ""177779"", ""disableUploadTimeout"": ""FALSE"", ""executorTerminationTimeoutMillis"": ""117239"", ""keepAliveTimeout"": ""504271"", ""maxConnections"": ""7702"", ""maxHeaderCount"": ""688"", ""maxHttpHeaderSize"": ""6247"", ""maxHttpRequestHeaderSize"": ""4506"", ""maxHttpResponseHeaderSize"": ""60830"", ""maxKeepAliveRequests"": ""3441"", ""maxParameterCount"": ""24979"", ""maxSwallowSize"": ""729243"", ""maxThreads"": ""4"", ""minSpareThreads"": ""92"", ""processorCache"": ""72"", ""tcpNoDelay"": ""TRUE"", ""threadPriority"": ""6"", ""threadsMaxIdleTime"": ""193568"", ""useAsyncIO"": ""TRUE"", ""useVirtualThreads"": ""FALSE""}"
tomcat,lf05_hard07,"lambda_f=0.5, hard=0.7",3301,RQ1&2parrel,125,2364.4,21.88,2364.4,10.01503872871399,"[8, 50, 10, False]",0.0,10.014941692352295,0.0,"{""acceptCount"": ""482"", ""allowBackslash"": ""TRUE"", ""compression"": ""off"", ""compressionMinSize"": ""1382"", ""connectionTimeout"": ""299813"", ""connectionUploadTimeout"": ""235560"", ""disableUploadTimeout"": ""FALSE"", ""executorTerminationTimeoutMillis"": ""197497"", ""keepAliveTimeout"": ""314903"", ""maxConnections"": ""8158"", ""maxHeaderCount"": ""368"", ""maxHttpHeaderSize"": ""27928"", ""maxHttpRequestHeaderSize"": ""38513"", ""maxHttpResponseHeaderSize"": ""35783"", ""maxKeepAliveRequests"": ""2781"", ""maxParameterCount"": ""41712"", ""maxSwallowSize"": ""20090892"", ""maxThreads"": ""191"", ""minSpareThreads"": ""159"", ""processorCache"": ""126"", ""tcpNoDelay"": ""FALSE"", ""threadPriority"": ""1"", ""threadsMaxIdleTime"": ""310750"", ""useAsyncIO"": ""TRUE"", ""useVirtualThreads"": ""TRUE""}"
tomcat,lf05_hard07,"lambda_f=0.5, hard=0.7",3301,RQ1&2parrel,126,2429.86,21.01,2429.86,10.019986152648926,"[8, 50, 10, False]",0.0,10.019901037216187,0.0,"{""acceptCount"": ""966"", ""allowBackslash"": ""FALSE"", ""compression"": ""force"", ""compressionMinSize"": ""5198"", ""connectionTimeout"": ""422146"", ""connectionUploadTimeout"": ""303608"", ""disableUploadTimeout"": ""FALSE"", ""executorTerminationTimeoutMillis"": ""211244"", ""keepAliveTimeout"": ""12719"", ""maxConnections"": ""6175"", ""maxHeaderCount"": ""636"", ""maxHttpHeaderSize"": ""32837"", ""maxHttpRequestHeaderSize"": ""35817"", ""maxHttpResponseHeaderSize"": ""43193"", ""maxKeepAliveRequests"": ""3482"", ""maxParameterCount"": ""44397"", ""maxSwallowSize"": ""6292818"", ""maxThreads"": ""274"", ""minSpareThreads"": ""939"", ""processorCache"": ""121"", ""tcpNoDelay"": ""FALSE"", ""threadPriority"": ""9"", ""threadsMaxIdleTime"": ""109324"", ""useAsyncIO"": ""TRUE"", ""useVirtualThreads"": ""TRUE""}"
tomcat,lf05_hard07,"lambda_f=0.5, hard=0.7",3301,RQ1&2parrel,127,2420.18,21.02,2420.18,10.029546976089478,"[8, 50, 10, False]",0.0,10.02945852279663,0.0,"{""acceptCount"": ""392"", ""allowBackslash"": ""FALSE"", ""compression"": ""off"", ""compressionMinSize"": ""5345"", ""connectionTimeout"": ""310698"", ""connectionUploadTimeout"": ""355414"", ""disableUploadTimeout"": ""FALSE"", ""executorTerminationTimeoutMillis"": ""338678"", ""keepAliveTimeout"": ""365719"", ""maxConnections"": ""18875"", ""maxHeaderCount"": ""479"", ""maxHttpHeaderSize"": ""1533"", ""maxHttpRequestHeaderSize"": ""44869"", ""maxHttpResponseHeaderSize"": ""19322"", ""maxKeepAliveRequests"": ""2942"", ""maxParameterCount"": ""8729"", ""maxSwallowSize"": ""11981941"", ""maxThreads"": ""39"", ""minSpareThreads"": ""775"", ""processorCache"": ""349"", ""tcpNoDelay"": ""FALSE"", ""threadPriority"": ""10"", ""threadsMaxIdleTime"": ""591037"", ""useAsyncIO"": ""TRUE"", ""useVirtualThreads"": ""TRUE""}"
tomcat,lf05_hard07,"lambda_f=0.5, hard=0.7",3301,RQ1&2parrel,128,2581.97,22.73,2581.97,10.027998447418213,"[8, 50, 10, False]",0.0,10.027906656265259,0.0,"{""acceptCount"": ""482"", ""allowBackslash"": ""TRUE"", ""compression"": ""off"", ""compressionMinSize"": ""1386"", ""connectionTimeout"": ""299676"", ""connectionUploadTimeout"": ""239636"", ""disableUploadTimeout"": ""FALSE"", ""executorTerminationTimeoutMillis"": ""197497"", ""keepAliveTimeout"": ""314903"", ""maxConnections"": ""7950"", ""maxHeaderCount"": ""368"", ""maxHttpHeaderSize"": ""27928"", ""maxHttpRequestHeaderSize"": ""38478"", ""maxHttpResponseHeaderSize"": ""35979"", ""maxKeepAliveRequests"": ""2781"", ""maxParameterCount"": ""41949"", ""maxSwallowSize"": ""20090892"", ""maxThreads"": ""191"", ""minSpareThreads"": ""151"", ""processorCache"": ""126"", ""tcpNoDelay"": ""FALSE"", ""threadPriority"": ""1"", ""threadsMaxIdleTime"": ""310750"", ""useAsyncIO"": ""TRUE"", ""useVirtualThreads"": ""FALSE""}"
tomcat,lf05_hard07,"lambda_f=0.5, hard=0.7",3301,RQ1&2parrel,129,2384.23,21.37,2384.23,10.034036636352539,"[8, 50, 10, False]",0.0,10.033944129943848,0.0,"{""acceptCount"": ""479"", ""allowBackslash"": ""TRUE"", ""compression"": ""force"", ""compressionMinSize"": ""10220"", ""connectionTimeout"": ""22662"", ""connectionUploadTimeout"": ""165078"", ""disableUploadTimeout"": ""FALSE"", ""executorTerminationTimeoutMillis"": ""188639"", ""keepAliveTimeout"": ""107881"", ""maxConnections"": ""19519"", ""maxHeaderCount"": ""10"", ""maxHttpHeaderSize"": ""26589"", ""maxHttpRequestHeaderSize"": ""38525"", ""maxHttpResponseHeaderSize"": ""46829"", ""maxKeepAliveRequests"": ""2719"", ""maxParameterCount"": ""74634"", ""maxSwallowSize"": ""20147718"", ""maxThreads"": ""345"", ""minSpareThreads"": ""965"", ""processorCache"": ""108"", ""tcpNoDelay"": ""FALSE"", ""threadPriority"": ""4"", ""threadsMaxIdleTime"": ""261575"", ""useAsyncIO"": ""FALSE"", ""useVirtualThreads"": ""TRUE""}"
tomcat,lf05_hard07,"lambda_f=0.5, hard=0.7",3301,RQ1&2parrel,130,2370.03,26.1,2370.03,10.030297040939331,"[8, 50, 10, False]",0.0,10.030206441879272,0.0,"{""acceptCount"": ""501"", ""allowBackslash"": ""FALSE"", ""compression"": ""on"", ""compressionMinSize"": ""5058"", ""connectionTimeout"": ""41013"", ""connectionUploadTimeout"": ""317302"", ""disableUploadTimeout"": ""FALSE"", ""executorTerminationTimeoutMillis"": ""100879"", ""keepAliveTimeout"": ""457651"", ""maxConnections"": ""14030"", ""maxHeaderCount"": ""983"", ""maxHttpHeaderSize"": ""35734"", ""maxHttpRequestHeaderSize"": ""58052"", ""maxHttpResponseHeaderSize"": ""43662"", ""maxKeepAliveRequests"": ""4240"", ""maxParameterCount"": ""78014"", ""maxSwallowSize"": ""4354286"", ""maxThreads"": ""318"", ""minSpareThreads"": ""153"", ""processorCache"": ""207"", ""tcpNoDelay"": ""FALSE"", ""threadPriority"": ""8"", ""threadsMaxIdleTime"": ""549704"", ""useAsyncIO"": ""FALSE"", ""useVirtualThreads"": ""FALSE""}"
tomcat,lf05_hard07,"lambda_f=0.5, hard=0.7",3301,RQ1&2parrel,131,2350.97,24.56,2350.97,10.039718627929688,"[8, 50, 10, False]",0.0,10.03962516784668,0.0,"{""acceptCount"": ""198"", ""allowBackslash"": ""FALSE"", ""compression"": ""force"", ""compressionMinSize"": ""7318"", ""connectionTimeout"": ""511110"", ""connectionUploadTimeout"": ""68198"", ""disableUploadTimeout"": ""FALSE"", ""executorTerminationTimeoutMillis"": ""361276"", ""keepAliveTimeout"": ""58442"", ""maxConnections"": ""15774"", ""maxHeaderCount"": ""538"", ""maxHttpHeaderSize"": ""19150"", ""maxHttpRequestHeaderSize"": ""44447"", ""maxHttpResponseHeaderSize"": ""55564"", ""maxKeepAliveRequests"": ""280"", ""maxParameterCount"": ""50296"", ""maxSwallowSize"": ""5896000"", ""maxThreads"": ""270"", ""minSpareThreads"": ""893"", ""processorCache"": ""5"", ""tcpNoDelay"": ""FALSE"", ""threadPriority"": ""2"", ""threadsMaxIdleTime"": ""399388"", ""useAsyncIO"": ""TRUE"", ""useVirtualThreads"": ""FALSE""}"
tomcat,lf05_hard07,"lambda_f=0.5, hard=0.7",3301,RQ1&2parrel,132,2471.73,26.41,2471.73,10.051283121109009,"[8, 50, 10, False]",0.0,10.051193237304688,0.0,"{""acceptCount"": ""749"", ""allowBackslash"": ""TRUE"", ""compression"": ""off"", ""compressionMinSize"": ""6135"", ""connectionTimeout"": ""177989"", ""connectionUploadTimeout"": ""566895"", ""disableUploadTimeout"": ""FALSE"", ""executorTerminationTimeoutMillis"": ""526344"", ""keepAliveTimeout"": ""188509"", ""maxConnections"": ""4776"", ""maxHeaderCount"": ""351"", ""maxHttpHeaderSize"": ""11336"", ""maxHttpRequestHeaderSize"": ""19243"", ""maxHttpResponseHeaderSize"": ""56393"", ""maxKeepAliveRequests"": ""1894"", ""maxParameterCount"": ""10662"", ""maxSwallowSize"": ""7191899"", ""maxThreads"": ""191"", ""minSpareThreads"": ""1000"", ""processorCache"": ""394"", ""tcpNoDelay"": ""TRUE"", ""threadPriority"": ""3"", ""threadsMaxIdleTime"": ""29793"", ""useAsyncIO"": ""TRUE"", ""useVirtualThreads"": ""FALSE""}"
tomcat,lf05_hard07,"lambda_f=0.5, hard=0.7",3301,RQ1&2parrel,133,2442.13,23.91,2442.13,10.05900502204895,"[8, 50, 10, False]",0.0,10.058918237686157,0.0,"{""acceptCount"": ""701"", ""allowBackslash"": ""FALSE"", ""compression"": ""on"", ""compressionMinSize"": ""3309"", ""connectionTimeout"": ""474460"", ""connectionUploadTimeout"": ""426902"", ""disableUploadTimeout"": ""FALSE"", ""executorTerminationTimeoutMillis"": ""73335"", ""keepAliveTimeout"": ""117608"", ""maxConnections"": ""10404"", ""maxHeaderCount"": ""907"", ""maxHttpHeaderSize"": ""26068"", ""maxHttpRequestHeaderSize"": ""31879"", ""maxHttpResponseHeaderSize"": ""51804"", ""maxKeepAliveRequests"": ""4132"", ""maxParameterCount"": ""90488"", ""maxSwallowSize"": ""6523009"", ""maxThreads"": ""217"", ""minSpareThreads"": ""746"", ""processorCache"": ""66"", ""tcpNoDelay"": ""TRUE"", ""threadPriority"": ""6"", ""threadsMaxIdleTime"": ""398035"", ""useAsyncIO"": ""FALSE"", ""useVirtualThreads"": ""FALSE""}"
tomcat,lf05_hard07,"lambda_f=0.5, hard=0.7",3301,RQ1&2parrel,134,2245.29,22.6,2245.29,10.050056219100952,"[8, 50, 10, False]",0.0,10.049968957901001,0.0,"{""acceptCount"": ""459"", ""allowBackslash"": ""FALSE"", ""compression"": ""on"", ""compressionMinSize"": ""1614"", ""connectionTimeout"": ""11503"", ""connectionUploadTimeout"": ""149904"", ""disableUploadTimeout"": ""FALSE"", ""executorTerminationTimeoutMillis"": ""83142"", ""keepAliveTimeout"": ""117085"", ""maxConnections"": ""8906"", ""maxHeaderCount"": ""176"", ""maxHttpHeaderSize"": ""10544"", ""maxHttpRequestHeaderSize"": ""1725"", ""maxHttpResponseHeaderSize"": ""25057"", ""maxKeepAliveRequests"": ""1075"", ""maxParameterCount"": ""13213"", ""maxSwallowSize"": ""18274574"", ""maxThreads"": ""27"", ""minSpareThreads"": ""709"", ""processorCache"": ""105"", ""tcpNoDelay"": ""FALSE"", ""threadPriority"": ""1"", ""threadsMaxIdleTime"": ""389887"", ""useAsyncIO"": ""TRUE"", ""useVirtualThreads"": ""TRUE""}"
tomcat,lf05_hard07,"lambda_f=0.5, hard=0.7",3301,RQ1&2parrel,135,2552.36,25.79,2552.36,10.020485639572144,"[8, 50, 10, False]",0.0,10.020397901535034,0.0,"{""acceptCount"": ""482"", ""allowBackslash"": ""TRUE"", ""compression"": ""off"", ""compressionMinSize"": ""1386"", ""connectionTimeout"": ""299676"", ""connectionUploadTimeout"": ""239636"", ""disableUploadTimeout"": ""TRUE"", ""executorTerminationTimeoutMillis"": ""575389"", ""keepAliveTimeout"": ""290642"", ""maxConnections"": ""7959"", ""maxHeaderCount"": ""370"", ""maxHttpHeaderSize"": ""33645"", ""maxHttpRequestHeaderSize"": ""37783"", ""maxHttpResponseHeaderSize"": ""35979"", ""maxKeepAliveRequests"": ""2796"", ""maxParameterCount"": ""41949"", ""maxSwallowSize"": ""20729415"", ""maxThreads"": ""191"", ""minSpareThreads"": ""151"", ""processorCache"": ""190"", ""tcpNoDelay"": ""TRUE"", ""threadPriority"": ""3"", ""threadsMaxIdleTime"": ""310750"", ""useAsyncIO"": ""TRUE"", ""useVirtualThreads"": ""FALSE""}"
tomcat,lf05_hard07,"lambda_f=0.5, hard=0.7",3301,RQ1&2parrel,136,2550.42,26.28,2550.42,10.039668560028076,"[8, 50, 10, False]",0.0,10.039581060409546,0.0,"{""acceptCount"": ""59"", ""allowBackslash"": ""TRUE"", ""compression"": ""off"", ""compressionMinSize"": ""3812"", ""connectionTimeout"": ""1586"", ""connectionUploadTimeout"": ""271429"", ""disableUploadTimeout"": ""TRUE"", ""executorTerminationTimeoutMillis"": ""441285"", ""keepAliveTimeout"": ""283276"", ""maxConnections"": ""16062"", ""maxHeaderCount"": ""757"", ""maxHttpHeaderSize"": ""12327"", ""maxHttpRequestHeaderSize"": ""45972"", ""maxHttpResponseHeaderSize"": ""12565"", ""maxKeepAliveRequests"": ""3206"", ""maxParameterCount"": ""39841"", ""maxSwallowSize"": ""18947056"", ""maxThreads"": ""113"", ""minSpareThreads"": ""891"", ""processorCache"": ""254"", ""tcpNoDelay"": ""TRUE"", ""threadPriority"": ""9"", ""threadsMaxIdleTime"": ""436579"", ""useAsyncIO"": ""TRUE"", ""useVirtualThreads"": ""FALSE""}"
tomcat,lf05_hard07,"lambda_f=0.5, hard=0.7",3301,RQ1&2parrel,137,2298.84,27.5,2298.84,10.083009719848633,"[8, 50, 10, False]",0.0,10.082912683486938,0.0,"{""acceptCount"": ""394"", ""allowBackslash"": ""FALSE"", ""compression"": ""off"", ""compressionMinSize"": ""8354"", ""connectionTimeout"": ""583650"", ""connectionUploadTimeout"": ""371254"", ""disableUploadTimeout"": ""FALSE"", ""executorTerminationTimeoutMillis"": ""579811"", ""keepAliveTimeout"": ""263659"", ""maxConnections"": ""18784"", ""maxHeaderCount"": ""314"", ""maxHttpHeaderSize"": ""11855"", ""maxHttpRequestHeaderSize"": ""60940"", ""maxHttpResponseHeaderSize"": ""18888"", ""maxKeepAliveRequests"": ""3482"", ""maxParameterCount"": ""56010"", ""maxSwallowSize"": ""2272111"", ""maxThreads"": ""316"", ""minSpareThreads"": ""188"", ""processorCache"": ""51"", ""tcpNoDelay"": ""TRUE"", ""threadPriority"": ""6"", ""threadsMaxIdleTime"": ""595492"", ""useAsyncIO"": ""TRUE"", ""useVirtualThreads"": ""FALSE""}"
tomcat,lf05_hard07,"lambda_f=0.5, hard=0.7",3301,RQ1&2parrel,138,2173.07,24.29,2173.07,10.04929494857788,"[8, 50, 10, False]",0.0,10.049200534820557,0.0,"{""acceptCount"": ""494"", ""allowBackslash"": ""TRUE"", ""compression"": ""off"", ""compressionMinSize"": ""1389"", ""connectionTimeout"": ""299462"", ""connectionUploadTimeout"": ""239042"", ""disableUploadTimeout"": ""FALSE"", ""executorTerminationTimeoutMillis"": ""190713"", ""keepAliveTimeout"": ""315353"", ""maxConnections"": ""9159"", ""maxHeaderCount"": ""368"", ""maxHttpHeaderSize"": ""27929"", ""maxHttpRequestHeaderSize"": ""38776"", ""maxHttpResponseHeaderSize"": ""35979"", ""maxKeepAliveRequests"": ""2685"", ""maxParameterCount"": ""42293"", ""maxSwallowSize"": ""20674794"", ""maxThreads"": ""193"", ""minSpareThreads"": ""151"", ""processorCache"": ""203"", ""tcpNoDelay"": ""FALSE"", ""threadPriority"": ""1"", ""threadsMaxIdleTime"": ""304039"", ""useAsyncIO"": ""FALSE"", ""useVirtualThreads"": ""FALSE""}"
tomcat,lf05_hard07,"lambda_f=0.5, hard=0.7",3301,RQ1&2parrel,139,2382.37,21.09,2382.37,10.056741714477539,"[8, 50, 10, False]",0.0,10.056653022766113,0.0,"{""acceptCount"": ""97"", ""allowBackslash"": ""FALSE"", ""compression"": ""on"", ""compressionMinSize"": ""5054"", ""connectionTimeout"": ""150105"", ""connectionUploadTimeout"": ""441072"", ""disableUploadTimeout"": ""TRUE"", ""executorTerminationTimeoutMillis"": ""105886"", ""keepAliveTimeout"": ""308320"", ""maxConnections"": ""8699"", ""maxHeaderCount"": ""434"", ""maxHttpHeaderSize"": ""5177"", ""maxHttpRequestHeaderSize"": ""27242"", ""maxHttpResponseHeaderSize"": ""7040"", ""maxKeepAliveRequests"": ""1228"", ""maxParameterCount"": ""961"", ""maxSwallowSize"": ""5453462"", ""maxThreads"": ""357"", ""minSpareThreads"": ""13"", ""processorCache"": ""41"", ""tcpNoDelay"": ""TRUE"", ""threadPriority"": ""7"", ""threadsMaxIdleTime"": ""510209"", ""useAsyncIO"": ""TRUE"", ""useVirtualThreads"": ""TRUE""}"
tomcat,lf05_hard07,"lambda_f=0.5, hard=0.7",3301,RQ1&2parrel,140,2583.6,23.72,2583.6,10.017457723617554,"[8, 50, 10, False]",0.0,10.01735806465149,0.0,"{""acceptCount"": ""482"", ""allowBackslash"": ""TRUE"", ""compression"": ""off"", ""compressionMinSize"": ""1386"", ""connectionTimeout"": ""299676"", ""connectionUploadTimeout"": ""256334"", ""disableUploadTimeout"": ""FALSE"", ""executorTerminationTimeoutMillis"": ""103960"", ""keepAliveTimeout"": ""314903"", ""maxConnections"": ""7950"", ""maxHeaderCount"": ""368"", ""maxHttpHeaderSize"": ""27928"", ""maxHttpRequestHeaderSize"": ""38478"", ""maxHttpResponseHeaderSize"": ""35935"", ""maxKeepAliveRequests"": ""2781"", ""maxParameterCount"": ""41949"", ""maxSwallowSize"": ""20090892"", ""maxThreads"": ""191"", ""minSpareThreads"": ""151"", ""processorCache"": ""126"", ""tcpNoDelay"": ""FALSE"", ""threadPriority"": ""1"", ""threadsMaxIdleTime"": ""310750"", ""useAsyncIO"": ""FALSE"", ""useVirtualThreads"": ""FALSE""}"
tomcat,lf05_hard07,"lambda_f=0.5, hard=0.7",3301,RQ1&2parrel,141,2551.25,24.2,2551.25,10.029897451400757,"[8, 50, 10, False]",0.0,10.029813528060913,0.0,"{""acceptCount"": ""704"", ""allowBackslash"": ""FALSE"", ""compression"": ""on"", ""compressionMinSize"": ""6356"", ""connectionTimeout"": ""578956"", ""connectionUploadTimeout"": ""78237"", ""disableUploadTimeout"": ""FALSE"", ""executorTerminationTimeoutMillis"": ""31493"", ""keepAliveTimeout"": ""7260"", ""maxConnections"": ""8925"", ""maxHeaderCount"": ""822"", ""maxHttpHeaderSize"": ""4169"", ""maxHttpRequestHeaderSize"": ""63435"", ""maxHttpResponseHeaderSize"": ""15896"", ""maxKeepAliveRequests"": ""2246"", ""maxParameterCount"": ""13895"", ""maxSwallowSize"": ""1568220"", ""maxThreads"": ""91"", ""minSpareThreads"": ""870"", ""processorCache"": ""361"", ""tcpNoDelay"": ""TRUE"", ""threadPriority"": ""8"", ""threadsMaxIdleTime"": ""294532"", ""useAsyncIO"": ""TRUE"", ""useVirtualThreads"": ""FALSE""}"
tomcat,lf05_hard07,"lambda_f=0.5, hard=0.7",3301,RQ1&2parrel,142,2330.94,27.58,2330.94,10.054919242858887,"[8, 50, 10, False]",0.0,10.054834365844727,0.0,"{""acceptCount"": ""950"", ""allowBackslash"": ""TRUE"", ""compression"": ""force"", ""compressionMinSize"": ""4661"", ""connectionTimeout"": ""17945"", ""connectionUploadTimeout"": ""117458"", ""disableUploadTimeout"": ""FALSE"", ""executorTerminationTimeoutMillis"": ""355552"", ""keepAliveTimeout"": ""285736"", ""maxConnections"": ""2622"", ""maxHeaderCount"": ""259"", ""maxHttpHeaderSize"": ""9573"", ""maxHttpRequestHeaderSize"": ""42272"", ""maxHttpResponseHeaderSize"": ""50800"", ""maxKeepAliveRequests"": ""4639"", ""maxParameterCount"": ""94939"", ""maxSwallowSize"": ""11750158"", ""maxThreads"": ""152"", ""minSpareThreads"": ""38"", ""processorCache"": ""44"", ""tcpNoDelay"": ""TRUE"", ""threadPriority"": ""5"", ""threadsMaxIdleTime"": ""574312"", ""useAsyncIO"": ""FALSE"", ""useVirtualThreads"": ""FALSE""}"
tomcat,lf05_hard07,"lambda_f=0.5, hard=0.7",3301,RQ1&2parrel,143,2440.23,26.03,2440.23,10.026816129684448,"[8, 50, 10, False]",0.0,10.026719093322754,0.0,"{""acceptCount"": ""849"", ""allowBackslash"": ""FALSE"", ""compression"": ""force"", ""compressionMinSize"": ""5405"", ""connectionTimeout"": ""555470"", ""connectionUploadTimeout"": ""287245"", ""disableUploadTimeout"": ""FALSE"", ""executorTerminationTimeoutMillis"": ""59468"", ""keepAliveTimeout"": ""554317"", ""maxConnections"": ""7926"", ""maxHeaderCount"": ""795"", ""maxHttpHeaderSize"": ""20024"", ""maxHttpRequestHeaderSize"": ""52600"", ""maxHttpResponseHeaderSize"": ""21414"", ""maxKeepAliveRequests"": ""613"", ""maxParameterCount"": ""56894"", ""maxSwallowSize"": ""10111373"", ""maxThreads"": ""219"", ""minSpareThreads"": ""480"", ""processorCache"": ""113"", ""tcpNoDelay"": ""FALSE"", ""threadPriority"": ""3"", ""threadsMaxIdleTime"": ""152984"", ""useAsyncIO"": ""FALSE"", ""useVirtualThreads"": ""FALSE""}"
tomcat,lf05_hard07,"lambda_f=0.5, hard=0.7",3301,RQ1&2parrel,144,2533.37,23.79,2533.37,10.018930912017822,"[8, 50, 10, False]",0.0,10.018826723098755,0.0,"{""acceptCount"": ""967"", ""allowBackslash"": ""TRUE"", ""compression"": ""off"", ""compressionMinSize"": ""5352"", ""connectionTimeout"": ""335680"", ""connectionUploadTimeout"": ""464364"", ""disableUploadTimeout"": ""TRUE"", ""executorTerminationTimeoutMillis"": ""524607"", ""keepAliveTimeout"": ""412594"", ""maxConnections"": ""6557"", ""maxHeaderCount"": ""653"", ""maxHttpHeaderSize"": ""3737"", ""maxHttpRequestHeaderSize"": ""33011"", ""maxHttpResponseHeaderSize"": ""34300"", ""maxKeepAliveRequests"": ""3823"", ""maxParameterCount"": ""91454"", ""maxSwallowSize"": ""8058960"", ""maxThreads"": ""280"", ""minSpareThreads"": ""243"", ""processorCache"": ""268"", ""tcpNoDelay"": ""TRUE"", ""threadPriority"": ""2"", ""threadsMaxIdleTime"": ""162177"", ""useAsyncIO"": ""TRUE"", ""useVirtualThreads"": ""FALSE""}"
tomcat,lf05_hard07,"lambda_f=0.5, hard=0.7",3301,RQ1&2parrel,145,2285.28,22.5,2285.28,10.06500244140625,"[8, 50, 10, False]",0.0,10.06485390663147,0.0,"{""acceptCount"": ""796"", ""allowBackslash"": ""TRUE"", ""compression"": ""off"", ""compressionMinSize"": ""1719"", ""connectionTimeout"": ""429331"", ""connectionUploadTimeout"": ""510101"", ""disableUploadTimeout"": ""TRUE"", ""executorTerminationTimeoutMillis"": ""73958"", ""keepAliveTimeout"": ""40188"", ""maxConnections"": ""14580"", ""maxHeaderCount"": ""717"", ""maxHttpHeaderSize"": ""6233"", ""maxHttpRequestHeaderSize"": ""48431"", ""maxHttpResponseHeaderSize"": ""32026"", ""maxKeepAliveRequests"": ""1410"", ""maxParameterCount"": ""28804"", ""maxSwallowSize"": ""16365521"", ""maxThreads"": ""262"", ""minSpareThreads"": ""981"", ""processorCache"": ""191"", ""tcpNoDelay"": ""TRUE"", ""threadPriority"": ""8"", ""threadsMaxIdleTime"": ""385135"", ""useAsyncIO"": ""TRUE"", ""useVirtualThreads"": ""TRUE""}"
tomcat,lf05_hard07,"lambda_f=0.5, hard=0.7",3301,RQ1&2parrel,146,2374.14,26.36,2374.14,10.062816381454468,"[8, 50, 10, False]",0.0,10.062726974487305,0.0,"{""acceptCount"": ""302"", ""allowBackslash"": ""TRUE"", ""compression"": ""force"", ""compressionMinSize"": ""1215"", ""connectionTimeout"": ""389847"", ""connectionUploadTimeout"": ""425460"", ""disableUploadTimeout"": ""TRUE"", ""executorTerminationTimeoutMillis"": ""83911"", ""keepAliveTimeout"": ""69742"", ""maxConnections"": ""3898"", ""maxHeaderCount"": ""25"", ""maxHttpHeaderSize"": ""2087"", ""maxHttpRequestHeaderSize"": ""54309"", ""maxHttpResponseHeaderSize"": ""27552"", ""maxKeepAliveRequests"": ""4060"", ""maxParameterCount"": ""18899"", ""maxSwallowSize"": ""7718005"", ""maxThreads"": ""107"", ""minSpareThreads"": ""82"", ""processorCache"": ""22"", ""tcpNoDelay"": ""FALSE"", ""threadPriority"": ""6"", ""threadsMaxIdleTime"": ""108057"", ""useAsyncIO"": ""TRUE"", ""useVirtualThreads"": ""FALSE""}"
tomcat,lf05_hard07,"lambda_f=0.5, hard=0.7",3301,RQ1&2parrel,147,2441.06,21.12,2441.06,10.014735221862793,"[8, 50, 10, False]",0.0,10.014648199081421,0.0,"{""acceptCount"": ""734"", ""allowBackslash"": ""FALSE"", ""compression"": ""on"", ""compressionMinSize"": ""1965"", ""connectionTimeout"": ""66732"", ""connectionUploadTimeout"": ""138255"", ""disableUploadTimeout"": ""FALSE"", ""executorTerminationTimeoutMillis"": ""50922"", ""keepAliveTimeout"": ""333586"", ""maxConnections"": ""6424"", ""maxHeaderCount"": ""186"", ""maxHttpHeaderSize"": ""14507"", ""maxHttpRequestHeaderSize"": ""54844"", ""maxHttpResponseHeaderSize"": ""29833"", ""maxKeepAliveRequests"": ""927"", ""maxParameterCount"": ""97645"", ""maxSwallowSize"": ""9694144"", ""maxThreads"": ""346"", ""minSpareThreads"": ""238"", ""processorCache"": ""221"", ""tcpNoDelay"": ""FALSE"", ""threadPriority"": ""1"", ""threadsMaxIdleTime"": ""133032"", ""useAsyncIO"": ""TRUE"", ""useVirtualThreads"": ""TRUE""}"
tomcat,lf05_hard07,"lambda_f=0.5, hard=0.7",3301,RQ1&2parrel,148,2531.68,24.96,2531.68,10.02012848854065,"[8, 50, 10, False]",0.0,10.020039319992065,0.0,"{""acceptCount"": ""482"", ""allowBackslash"": ""TRUE"", ""compression"": ""off"", ""compressionMinSize"": ""343"", ""connectionTimeout"": ""299676"", ""connectionUploadTimeout"": ""239636"", ""disableUploadTimeout"": ""TRUE"", ""executorTerminationTimeoutMillis"": ""197497"", ""keepAliveTimeout"": ""314078"", ""maxConnections"": ""8055"", ""maxHeaderCount"": ""368"", ""maxHttpHeaderSize"": ""27928"", ""maxHttpRequestHeaderSize"": ""38478"", ""maxHttpResponseHeaderSize"": ""35992"", ""maxKeepAliveRequests"": ""2781"", ""maxParameterCount"": ""41949"", ""maxSwallowSize"": ""20185188"", ""maxThreads"": ""179"", ""minSpareThreads"": ""152"", ""processorCache"": ""122"", ""tcpNoDelay"": ""FALSE"", ""threadPriority"": ""1"", ""threadsMaxIdleTime"": ""310750"", ""useAsyncIO"": ""FALSE"", ""useVirtualThreads"": ""FALSE""}"
tomcat,lf05_hard07,"lambda_f=0.5, hard=0.7",3301,RQ1&2parrel,149,2318.81,27.89,2318.81,10.074978113174438,"[8, 50, 10, False]",0.0,10.074889659881592,0.0,"{""acceptCount"": ""867"", ""allowBackslash"": ""FALSE"", ""compression"": ""off"", ""compressionMinSize"": ""6917"", ""connectionTimeout"": ""17611"", ""connectionUploadTimeout"": ""297695"", ""disableUploadTimeout"": ""TRUE"", ""executorTerminationTimeoutMillis"": ""134084"", ""keepAliveTimeout"": ""88082"", ""maxConnections"": ""16180"", ""maxHeaderCount"": ""1000"", ""maxHttpHeaderSize"": ""3884"", ""maxHttpRequestHeaderSize"": ""60571"", ""maxHttpResponseHeaderSize"": ""18811"", ""maxKeepAliveRequests"": ""4947"", ""maxParameterCount"": ""73729"", ""maxSwallowSize"": ""10808812"", ""maxThreads"": ""337"", ""minSpareThreads"": ""692"", ""processorCache"": ""28"", ""tcpNoDelay"": ""FALSE"", ""threadPriority"": ""1"", ""threadsMaxIdleTime"": ""454983"", ""useAsyncIO"": ""TRUE"", ""useVirtualThreads"": ""FALSE""}"
tomcat,lf05_hard07,"lambda_f=0.5, hard=0.7",3301,RQ1&2parrel,150,2241.85,28.11,2241.85,10.083556890487671,"[8, 50, 10, False]",0.0,10.083436489105225,0.0,"{""acceptCount"": ""482"", ""allowBackslash"": ""TRUE"", ""compression"": ""off"", ""compressionMinSize"": ""1386"", ""connectionTimeout"": ""299676"", ""connectionUploadTimeout"": ""239636"", ""disableUploadTimeout"": ""FALSE"", ""executorTerminationTimeoutMillis"": ""197497"", ""keepAliveTimeout"": ""314903"", ""maxConnections"": ""7950"", ""maxHeaderCount"": ""368"", ""maxHttpHeaderSize"": ""27928"", ""maxHttpRequestHeaderSize"": ""38478"", ""maxHttpResponseHeaderSize"": ""35979"", ""maxKeepAliveRequests"": ""2508"", ""maxParameterCount"": ""41949"", ""maxSwallowSize"": ""20090892"", ""maxThreads"": ""191"", ""minSpareThreads"": ""151"", ""processorCache"": ""126"", ""tcpNoDelay"": ""FALSE"", ""threadPriority"": ""1"", ""threadsMaxIdleTime"": ""310750"", ""useAsyncIO"": ""FALSE"", ""useVirtualThreads"": ""FALSE""}"
tomcat,lf05_hard07,"lambda_f=0.5, hard=0.7",3301,RQ1&2parrel,151,2537.99,23.9,2537.99,10.017131328582764,"[8, 50, 10, False]",0.0,10.017043113708496,0.0,"{""acceptCount"": ""376"", ""allowBackslash"": ""FALSE"", ""compression"": ""force"", ""compressionMinSize"": ""1343"", ""connectionTimeout"": ""266228"", ""connectionUploadTimeout"": ""248882"", ""disableUploadTimeout"": ""TRUE"", ""executorTerminationTimeoutMillis"": ""447693"", ""keepAliveTimeout"": ""435049"", ""maxConnections"": ""10159"", ""maxHeaderCount"": ""707"", ""maxHttpHeaderSize"": ""1455"", ""maxHttpRequestHeaderSize"": ""14342"", ""maxHttpResponseHeaderSize"": ""2705"", ""maxKeepAliveRequests"": ""3056"", ""maxParameterCount"": ""58775"", ""maxSwallowSize"": ""20209648"", ""maxThreads"": ""39"", ""minSpareThreads"": ""30"", ""processorCache"": ""236"", ""tcpNoDelay"": ""TRUE"", ""threadPriority"": ""10"", ""threadsMaxIdleTime"": ""183212"", ""useAsyncIO"": ""FALSE"", ""useVirtualThreads"": ""FALSE""}"
tomcat,lf05_hard07,"lambda_f=0.5, hard=0.7",3301,RQ1&2parrel,152,2250.8,22.87,2250.8,10.076293468475342,"[8, 50, 10, False]",0.0,10.07620120048523,0.0,"{""acceptCount"": ""792"", ""allowBackslash"": ""FALSE"", ""compression"": ""force"", ""compressionMinSize"": ""5838"", ""connectionTimeout"": ""567616"", ""connectionUploadTimeout"": ""411995"", ""disableUploadTimeout"": ""TRUE"", ""executorTerminationTimeoutMillis"": ""57473"", ""keepAliveTimeout"": ""113688"", ""maxConnections"": ""4862"", ""maxHeaderCount"": ""923"", ""maxHttpHeaderSize"": ""20029"", ""maxHttpRequestHeaderSize"": ""58872"", ""maxHttpResponseHeaderSize"": ""24468"", ""maxKeepAliveRequests"": ""832"", ""maxParameterCount"": ""63473"", ""maxSwallowSize"": ""9984713"", ""maxThreads"": ""352"", ""minSpareThreads"": ""427"", ""processorCache"": ""55"", ""tcpNoDelay"": ""TRUE"", ""threadPriority"": ""10"", ""threadsMaxIdleTime"": ""476585"", ""useAsyncIO"": ""TRUE"", ""useVirtualThreads"": ""TRUE""}"
tomcat,lf05_hard07,"lambda_f=0.5, hard=0.7",3301,RQ1&2parrel,153,2383.54,25.97,2383.54,10.095339059829712,"[8, 50, 10, False]",0.0,10.095248460769653,0.0,"{""acceptCount"": ""482"", ""allowBackslash"": ""TRUE"", ""compression"": ""force"", ""compressionMinSize"": ""1386"", ""connectionTimeout"": ""299676"", ""connectionUploadTimeout"": ""239636"", ""disableUploadTimeout"": ""FALSE"", ""executorTerminationTimeoutMillis"": ""197497"", ""keepAliveTimeout"": ""314903"", ""maxConnections"": ""7950"", ""maxHeaderCount"": ""368"", ""maxHttpHeaderSize"": ""27928"", ""maxHttpRequestHeaderSize"": ""38478"", ""maxHttpResponseHeaderSize"": ""35979"", ""maxKeepAliveRequests"": ""2781"", ""maxParameterCount"": ""41949"", ""maxSwallowSize"": ""20090892"", ""maxThreads"": ""191"", ""minSpareThreads"": ""151"", ""processorCache"": ""126"", ""tcpNoDelay"": ""FALSE"", ""threadPriority"": ""1"", ""threadsMaxIdleTime"": ""310750"", ""useAsyncIO"": ""FALSE"", ""useVirtualThreads"": ""FALSE""}"
tomcat,lf05_hard07,"lambda_f=0.5, hard=0.7",3301,RQ1&2parrel,154,2395.87,23.38,2395.87,10.086055994033813,"[8, 50, 10, False]",0.0,10.08596420288086,0.0,"{""acceptCount"": ""384"", ""allowBackslash"": ""TRUE"", ""compression"": ""on"", ""compressionMinSize"": ""8280"", ""connectionTimeout"": ""283431"", ""connectionUploadTimeout"": ""6928"", ""disableUploadTimeout"": ""FALSE"", ""executorTerminationTimeoutMillis"": ""455730"", ""keepAliveTimeout"": ""546071"", ""maxConnections"": ""15833"", ""maxHeaderCount"": ""482"", ""maxHttpHeaderSize"": ""7449"", ""maxHttpRequestHeaderSize"": ""37252"", ""maxHttpResponseHeaderSize"": ""36348"", ""maxKeepAliveRequests"": ""3212"", ""maxParameterCount"": ""17457"", ""maxSwallowSize"": ""20408576"", ""maxThreads"": ""73"", ""minSpareThreads"": ""749"", ""processorCache"": ""9"", ""tcpNoDelay"": ""TRUE"", ""threadPriority"": ""3"", ""threadsMaxIdleTime"": ""543716"", ""useAsyncIO"": ""TRUE"", ""useVirtualThreads"": ""FALSE""}"
tomcat,lf05_hard07,"lambda_f=0.5, hard=0.7",3301,RQ1&2parrel,155,2430.66,20.92,2430.66,10.020951747894287,"[8, 50, 10, False]",0.0,10.020841360092163,0.0,"{""acceptCount"": ""59"", ""allowBackslash"": ""FALSE"", ""compression"": ""force"", ""compressionMinSize"": ""640"", ""connectionTimeout"": ""506720"", ""connectionUploadTimeout"": ""47602"", ""disableUploadTimeout"": ""TRUE"", ""executorTerminationTimeoutMillis"": ""16368"", ""keepAliveTimeout"": ""342656"", ""maxConnections"": ""1054"", ""maxHeaderCount"": ""170"", ""maxHttpHeaderSize"": ""33352"", ""maxHttpRequestHeaderSize"": ""51777"", ""maxHttpResponseHeaderSize"": ""48347"", ""maxKeepAliveRequests"": ""608"", ""maxParameterCount"": ""49998"", ""maxSwallowSize"": ""14302665"", ""maxThreads"": ""316"", ""minSpareThreads"": ""222"", ""processorCache"": ""329"", ""tcpNoDelay"": ""TRUE"", ""threadPriority"": ""1"", ""threadsMaxIdleTime"": ""228790"", ""useAsyncIO"": ""TRUE"", ""useVirtualThreads"": ""TRUE""}"
tomcat,lf05_hard07,"lambda_f=0.5, hard=0.7",3301,RQ1&2parrel,156,2243.83,22.83,2243.83,10.019885301589966,"[8, 50, 10, False]",0.0,10.019793272018433,0.0,"{""acceptCount"": ""889"", ""allowBackslash"": ""FALSE"", ""compression"": ""on"", ""compressionMinSize"": ""702"", ""connectionTimeout"": ""56563"", ""connectionUploadTimeout"": ""157902"", ""disableUploadTimeout"": ""TRUE"", ""executorTerminationTimeoutMillis"": ""297608"", ""keepAliveTimeout"": ""478633"", ""maxConnections"": ""7826"", ""maxHeaderCount"": ""458"", ""maxHttpHeaderSize"": ""1260"", ""maxHttpRequestHeaderSize"": ""60356"", ""maxHttpResponseHeaderSize"": ""52044"", ""maxKeepAliveRequests"": ""3671"", ""maxParameterCount"": ""66979"", ""maxSwallowSize"": ""6254"", ""maxThreads"": ""270"", ""minSpareThreads"": ""442"", ""processorCache"": ""154"", ""tcpNoDelay"": ""FALSE"", ""threadPriority"": ""4"", ""threadsMaxIdleTime"": ""84008"", ""useAsyncIO"": ""FALSE"", ""useVirtualThreads"": ""TRUE""}"
tomcat,lf05_hard07,"lambda_f=0.5, hard=0.7",3301,RQ1&2parrel,157,2315.15,22.46,2315.15,10.037321329116821,"[8, 50, 10, False]",0.0,10.037235260009766,0.0,"{""acceptCount"": ""482"", ""allowBackslash"": ""TRUE"", ""compression"": ""on"", ""compressionMinSize"": ""2069"", ""connectionTimeout"": ""140121"", ""connectionUploadTimeout"": ""537306"", ""disableUploadTimeout"": ""TRUE"", ""executorTerminationTimeoutMillis"": ""128727"", ""keepAliveTimeout"": ""501059"", ""maxConnections"": ""8639"", ""maxHeaderCount"": ""750"", ""maxHttpHeaderSize"": ""10364"", ""maxHttpRequestHeaderSize"": ""37470"", ""maxHttpResponseHeaderSize"": ""27582"", ""maxKeepAliveRequests"": ""835"", ""maxParameterCount"": ""55080"", ""maxSwallowSize"": ""15325197"", ""maxThreads"": ""255"", ""minSpareThreads"": ""677"", ""processorCache"": ""104"", ""tcpNoDelay"": ""FALSE"", ""threadPriority"": ""10"", ""threadsMaxIdleTime"": ""156222"", ""useAsyncIO"": ""FALSE"", ""useVirtualThreads"": ""TRUE""}"
tomcat,lf05_hard07,"lambda_f=0.5, hard=0.7",3301,RQ1&2parrel,158,2324.82,27.67,2324.82,10.023478507995605,"[8, 50, 10, False]",0.0,10.023371458053589,0.0,"{""acceptCount"": ""482"", ""allowBackslash"": ""TRUE"", ""compression"": ""off"", ""compressionMinSize"": ""16"", ""connectionTimeout"": ""50779"", ""connectionUploadTimeout"": ""239636"", ""disableUploadTimeout"": ""FALSE"", ""executorTerminationTimeoutMillis"": ""197497"", ""keepAliveTimeout"": ""314903"", ""maxConnections"": ""7950"", ""maxHeaderCount"": ""368"", ""maxHttpHeaderSize"": ""28423"", ""maxHttpRequestHeaderSize"": ""38478"", ""maxHttpResponseHeaderSize"": ""35979"", ""maxKeepAliveRequests"": ""2781"", ""maxParameterCount"": ""41937"", ""maxSwallowSize"": ""20090892"", ""maxThreads"": ""191"", ""minSpareThreads"": ""151"", ""processorCache"": ""126"", ""tcpNoDelay"": ""FALSE"", ""threadPriority"": ""1"", ""threadsMaxIdleTime"": ""310750"", ""useAsyncIO"": ""FALSE"", ""useVirtualThreads"": ""FALSE""}"
tomcat,lf05_hard07,"lambda_f=0.5, hard=0.7",3301,RQ1&2parrel,159,2356.86,24.1,2356.86,10.022754192352295,"[8, 50, 10, False]",0.0,10.022663831710815,0.0,"{""acceptCount"": ""698"", ""allowBackslash"": ""TRUE"", ""compression"": ""off"", ""compressionMinSize"": ""5151"", ""connectionTimeout"": ""278735"", ""connectionUploadTimeout"": ""444910"", ""disableUploadTimeout"": ""FALSE"", ""executorTerminationTimeoutMillis"": ""132392"", ""keepAliveTimeout"": ""364693"", ""maxConnections"": ""5701"", ""maxHeaderCount"": ""975"", ""maxHttpHeaderSize"": ""15118"", ""maxHttpRequestHeaderSize"": ""35808"", ""maxHttpResponseHeaderSize"": ""63979"", ""maxKeepAliveRequests"": ""1969"", ""maxParameterCount"": ""50207"", ""maxSwallowSize"": ""19801648"", ""maxThreads"": ""348"", ""minSpareThreads"": ""317"", ""processorCache"": ""303"", ""tcpNoDelay"": ""TRUE"", ""threadPriority"": ""1"", ""threadsMaxIdleTime"": ""235007"", ""useAsyncIO"": ""TRUE"", ""useVirtualThreads"": ""FALSE""}"
tomcat,lf05_hard07,"lambda_f=0.5, hard=0.7",3301,RQ1&2parrel,160,2481.6,25.93,2481.6,10.027162551879883,"[8, 50, 10, False]",0.0,10.027077913284302,0.0,"{""acceptCount"": ""597"", ""allowBackslash"": ""FALSE"", ""compression"": ""off"", ""compressionMinSize"": ""4615"", ""connectionTimeout"": ""366260"", ""connectionUploadTimeout"": ""576963"", ""disableUploadTimeout"": ""FALSE"", ""executorTerminationTimeoutMillis"": ""427885"", ""keepAliveTimeout"": ""35028"", ""maxConnections"": ""941"", ""maxHeaderCount"": ""440"", ""maxHttpHeaderSize"": ""22609"", ""maxHttpRequestHeaderSize"": ""58309"", ""maxHttpResponseHeaderSize"": ""28555"", ""maxKeepAliveRequests"": ""2932"", ""maxParameterCount"": ""88648"", ""maxSwallowSize"": ""468823"", ""maxThreads"": ""80"", ""minSpareThreads"": ""134"", ""processorCache"": ""235"", ""tcpNoDelay"": ""FALSE"", ""threadPriority"": ""4"", ""threadsMaxIdleTime"": ""487599"", ""useAsyncIO"": ""TRUE"", ""useVirtualThreads"": ""FALSE""}"
tomcat,lf05_hard07,"lambda_f=0.5, hard=0.7",3301,RQ1&2parrel,161,2243.18,22.74,2243.18,10.049247741699219,"[8, 50, 10, False]",0.0,10.049160480499268,0.0,"{""acceptCount"": ""699"", ""allowBackslash"": ""FALSE"", ""compression"": ""off"", ""compressionMinSize"": ""6784"", ""connectionTimeout"": ""405284"", ""connectionUploadTimeout"": ""229528"", ""disableUploadTimeout"": ""TRUE"", ""executorTerminationTimeoutMillis"": ""556544"", ""keepAliveTimeout"": ""277998"", ""maxConnections"": ""511"", ""maxHeaderCount"": ""748"", ""maxHttpHeaderSize"": ""17976"", ""maxHttpRequestHeaderSize"": ""44919"", ""maxHttpResponseHeaderSize"": ""34186"", ""maxKeepAliveRequests"": ""1338"", ""maxParameterCount"": ""44940"", ""maxSwallowSize"": ""6807318"", ""maxThreads"": ""183"", ""minSpareThreads"": ""368"", ""processorCache"": ""276"", ""tcpNoDelay"": ""FALSE"", ""threadPriority"": ""5"", ""threadsMaxIdleTime"": ""38333"", ""useAsyncIO"": ""TRUE"", ""useVirtualThreads"": ""TRUE""}"
tomcat,lf05_hard07,"lambda_f=0.5, hard=0.7",3301,RQ1&2parrel,162,2215.72,23.41,2215.72,10.035396099090576,"[8, 50, 10, False]",0.0,10.03530764579773,0.0,"{""acceptCount"": ""926"", ""allowBackslash"": ""TRUE"", ""compression"": ""off"", ""compressionMinSize"": ""511"", ""connectionTimeout"": ""567491"", ""connectionUploadTimeout"": ""149073"", ""disableUploadTimeout"": ""TRUE"", ""executorTerminationTimeoutMillis"": ""308232"", ""keepAliveTimeout"": ""583454"", ""maxConnections"": ""1883"", ""maxHeaderCount"": ""740"", ""maxHttpHeaderSize"": ""20080"", ""maxHttpRequestHeaderSize"": ""34114"", ""maxHttpResponseHeaderSize"": ""27463"", ""maxKeepAliveRequests"": ""604"", ""maxParameterCount"": ""8639"", ""maxSwallowSize"": ""13341228"", ""maxThreads"": ""48"", ""minSpareThreads"": ""347"", ""processorCache"": ""2"", ""tcpNoDelay"": ""FALSE"", ""threadPriority"": ""2"", ""threadsMaxIdleTime"": ""293494"", ""useAsyncIO"": ""FALSE"", ""useVirtualThreads"": ""TRUE""}"
tomcat,lf05_hard07,"lambda_f=0.5, hard=0.7",3301,RQ1&2parrel,163,2412.14,21.1,2412.14,10.029000282287598,"[8, 50, 10, False]",0.0,10.02891492843628,0.0,"{""acceptCount"": ""390"", ""allowBackslash"": ""FALSE"", ""compression"": ""off"", ""compressionMinSize"": ""676"", ""connectionTimeout"": ""161224"", ""connectionUploadTimeout"": ""180937"", ""disableUploadTimeout"": ""FALSE"", ""executorTerminationTimeoutMillis"": ""159075"", ""keepAliveTimeout"": ""164442"", ""maxConnections"": ""177"", ""maxHeaderCount"": ""599"", ""maxHttpHeaderSize"": ""7453"", ""maxHttpRequestHeaderSize"": ""19598"", ""maxHttpResponseHeaderSize"": ""37711"", ""maxKeepAliveRequests"": ""1987"", ""maxParameterCount"": ""71166"", ""maxSwallowSize"": ""18114034"", ""maxThreads"": ""12"", ""minSpareThreads"": ""985"", ""processorCache"": ""44"", ""tcpNoDelay"": ""FALSE"", ""threadPriority"": ""6"", ""threadsMaxIdleTime"": ""46684"", ""useAsyncIO"": ""TRUE"", ""useVirtualThreads"": ""TRUE""}"
tomcat,lf05_hard07,"lambda_f=0.5, hard=0.7",3301,RQ1&2parrel,164,2286.76,25.91,2286.76,10.029894351959229,"[8, 50, 10, False]",0.0,10.029804229736328,0.0,"{""acceptCount"": ""296"", ""allowBackslash"": ""FALSE"", ""compression"": ""force"", ""compressionMinSize"": ""21"", ""connectionTimeout"": ""93142"", ""connectionUploadTimeout"": ""98857"", ""disableUploadTimeout"": ""TRUE"", ""executorTerminationTimeoutMillis"": ""53598"", ""keepAliveTimeout"": ""312331"", ""maxConnections"": ""873"", ""maxHeaderCount"": ""178"", ""maxHttpHeaderSize"": ""13168"", ""maxHttpRequestHeaderSize"": ""44834"", ""maxHttpResponseHeaderSize"": ""45019"", ""maxKeepAliveRequests"": ""4256"", ""maxParameterCount"": ""57494"", ""maxSwallowSize"": ""15455463"", ""maxThreads"": ""251"", ""minSpareThreads"": ""607"", ""processorCache"": ""67"", ""tcpNoDelay"": ""FALSE"", ""threadPriority"": ""3"", ""threadsMaxIdleTime"": ""131153"", ""useAsyncIO"": ""TRUE"", ""useVirtualThreads"": ""FALSE""}"
tomcat,lf05_hard07,"lambda_f=0.5, hard=0.7",3301,RQ1&2parrel,165,2349.93,25.98,2349.93,10.03902530670166,"[8, 50, 10, False]",0.0,10.038929224014282,0.0,"{""acceptCount"": ""555"", ""allowBackslash"": ""FALSE"", ""compression"": ""on"", ""compressionMinSize"": ""3819"", ""connectionTimeout"": ""348479"", ""connectionUploadTimeout"": ""497603"", ""disableUploadTimeout"": ""FALSE"", ""executorTerminationTimeoutMillis"": ""511222"", ""keepAliveTimeout"": ""516748"", ""maxConnections"": ""11047"", ""maxHeaderCount"": ""745"", ""maxHttpHeaderSize"": ""41571"", ""maxHttpRequestHeaderSize"": ""48215"", ""maxHttpResponseHeaderSize"": ""62163"", ""maxKeepAliveRequests"": ""4337"", ""maxParameterCount"": ""60419"", ""maxSwallowSize"": ""19934683"", ""maxThreads"": ""320"", ""minSpareThreads"": ""947"", ""processorCache"": ""75"", ""tcpNoDelay"": ""TRUE"", ""threadPriority"": ""10"", ""threadsMaxIdleTime"": ""193100"", ""useAsyncIO"": ""FALSE"", ""useVirtualThreads"": ""FALSE""}"
tomcat,lf05_hard07,"lambda_f=0.5, hard=0.7",3301,RQ1&2parrel,166,2549.43,24.0,2549.43,10.04127836227417,"[8, 50, 10, False]",0.0,10.041146278381348,0.0,"{""acceptCount"": ""753"", ""allowBackslash"": ""TRUE"", ""compression"": ""on"", ""compressionMinSize"": ""3740"", ""connectionTimeout"": ""179142"", ""connectionUploadTimeout"": ""368129"", ""disableUploadTimeout"": ""TRUE"", ""executorTerminationTimeoutMillis"": ""526088"", ""keepAliveTimeout"": ""431489"", ""maxConnections"": ""18256"", ""maxHeaderCount"": ""572"", ""maxHttpHeaderSize"": ""6644"", ""maxHttpRequestHeaderSize"": ""58724"", ""maxHttpResponseHeaderSize"": ""61779"", ""maxKeepAliveRequests"": ""1574"", ""maxParameterCount"": ""98754"", ""maxSwallowSize"": ""14151071"", ""maxThreads"": ""279"", ""minSpareThreads"": ""360"", ""processorCache"": ""159"", ""tcpNoDelay"": ""FALSE"", ""threadPriority"": ""2"", ""threadsMaxIdleTime"": ""498179"", ""useAsyncIO"": ""TRUE"", ""useVirtualThreads"": ""FALSE""}"
tomcat,lf05_hard07,"lambda_f=0.5, hard=0.7",3301,RQ1&2parrel,167,2430.11,21.0,2430.11,10.030056238174438,"[8, 50, 10, False]",0.0,10.0299711227417,0.0,"{""acceptCount"": ""654"", ""allowBackslash"": ""FALSE"", ""compression"": ""off"", ""compressionMinSize"": ""7668"", ""connectionTimeout"": ""468730"", ""connectionUploadTimeout"": ""104108"", ""disableUploadTimeout"": ""TRUE"", ""executorTerminationTimeoutMillis"": ""334820"", ""keepAliveTimeout"": ""463183"", ""maxConnections"": ""14501"", ""maxHeaderCount"": ""921"", ""maxHttpHeaderSize"": ""14021"", ""maxHttpRequestHeaderSize"": ""57173"", ""maxHttpResponseHeaderSize"": ""22996"", ""maxKeepAliveRequests"": ""3652"", ""maxParameterCount"": ""60404"", ""maxSwallowSize"": ""16915734"", ""maxThreads"": ""328"", ""minSpareThreads"": ""76"", ""processorCache"": ""130"", ""tcpNoDelay"": ""TRUE"", ""threadPriority"": ""6"", ""threadsMaxIdleTime"": ""145875"", ""useAsyncIO"": ""FALSE"", ""useVirtualThreads"": ""TRUE""}"
tomcat,lf05_hard07,"lambda_f=0.5, hard=0.7",3301,RQ1&2parrel,168,2316.79,22.25,2316.79,10.06566047668457,"[8, 50, 10, False]",0.0,10.065572738647461,0.0,"{""acceptCount"": ""74"", ""allowBackslash"": ""FALSE"", ""compression"": ""on"", ""compressionMinSize"": ""5913"", ""connectionTimeout"": ""516418"", ""connectionUploadTimeout"": ""352127"", ""disableUploadTimeout"": ""FALSE"", ""executorTerminationTimeoutMillis"": ""58408"", ""keepAliveTimeout"": ""386331"", ""maxConnections"": ""11185"", ""maxHeaderCount"": ""85"", ""maxHttpHeaderSize"": ""15217"", ""maxHttpRequestHeaderSize"": ""56172"", ""maxHttpResponseHeaderSize"": ""20334"", ""maxKeepAliveRequests"": ""2016"", ""maxParameterCount"": ""75192"", ""maxSwallowSize"": ""10479506"", ""maxThreads"": ""42"", ""minSpareThreads"": ""331"", ""processorCache"": ""215"", ""tcpNoDelay"": ""TRUE"", ""threadPriority"": ""7"", ""threadsMaxIdleTime"": ""235657"", ""useAsyncIO"": ""TRUE"", ""useVirtualThreads"": ""TRUE""}"
tomcat,lf05_hard07,"lambda_f=0.5, hard=0.7",3301,RQ1&2parrel,169,2541.92,22.71,2541.92,10.056068897247314,"[8, 50, 10, False]",0.0,10.055941343307495,0.0,"{""acceptCount"": ""504"", ""allowBackslash"": ""TRUE"", ""compression"": ""force"", ""compressionMinSize"": ""7693"", ""connectionTimeout"": ""447528"", ""connectionUploadTimeout"": ""409648"", ""disableUploadTimeout"": ""FALSE"", ""executorTerminationTimeoutMillis"": ""131280"", ""keepAliveTimeout"": ""368392"", ""maxConnections"": ""12451"", ""maxHeaderCount"": ""951"", ""maxHttpHeaderSize"": ""7171"", ""maxHttpRequestHeaderSize"": ""13879"", ""maxHttpResponseHeaderSize"": ""52492"", ""maxKeepAliveRequests"": ""2333"", ""maxParameterCount"": ""61837"", ""maxSwallowSize"": ""11291597"", ""maxThreads"": ""225"", ""minSpareThreads"": ""18"", ""processorCache"": ""399"", ""tcpNoDelay"": ""FALSE"", ""threadPriority"": ""10"", ""threadsMaxIdleTime"": ""448548"", ""useAsyncIO"": ""FALSE"", ""useVirtualThreads"": ""FALSE""}"
tomcat,lf05_hard07,"lambda_f=0.5, hard=0.7",3301,RQ1&2parrel,170,2457.55,24.41,2457.55,10.037201881408691,"[8, 50, 10, False]",0.0,10.037111520767212,0.0,"{""acceptCount"": ""161"", ""allowBackslash"": ""TRUE"", ""compression"": ""on"", ""compressionMinSize"": ""377"", ""connectionTimeout"": ""296481"", ""connectionUploadTimeout"": ""213436"", ""disableUploadTimeout"": ""TRUE"", ""executorTerminationTimeoutMillis"": ""356770"", ""keepAliveTimeout"": ""117496"", ""maxConnections"": ""8818"", ""maxHeaderCount"": ""844"", ""maxHttpHeaderSize"": ""6167"", ""maxHttpRequestHeaderSize"": ""25233"", ""maxHttpResponseHeaderSize"": ""35345"", ""maxKeepAliveRequests"": ""2325"", ""maxParameterCount"": ""48643"", ""maxSwallowSize"": ""17745041"", ""maxThreads"": ""270"", ""minSpareThreads"": ""1000"", ""processorCache"": ""41"", ""tcpNoDelay"": ""FALSE"", ""threadPriority"": ""5"", ""threadsMaxIdleTime"": ""353452"", ""useAsyncIO"": ""TRUE"", ""useVirtualThreads"": ""FALSE""}"
tomcat,lf05_hard07,"lambda_f=0.5, hard=0.7",3301,RQ1&2parrel,171,2114.3,26.17,2114.3,10.065595865249634,"[8, 50, 10, False]",0.0,10.065475225448608,0.0,"{""acceptCount"": ""925"", ""allowBackslash"": ""FALSE"", ""compression"": ""off"", ""compressionMinSize"": ""594"", ""connectionTimeout"": ""105603"", ""connectionUploadTimeout"": ""245415"", ""disableUploadTimeout"": ""FALSE"", ""executorTerminationTimeoutMillis"": ""45814"", ""keepAliveTimeout"": ""213238"", ""maxConnections"": ""4825"", ""maxHeaderCount"": ""209"", ""maxHttpHeaderSize"": ""33088"", ""maxHttpRequestHeaderSize"": ""48488"", ""maxHttpResponseHeaderSize"": ""49858"", ""maxKeepAliveRequests"": ""2604"", ""maxParameterCount"": ""9479"", ""maxSwallowSize"": ""10304538"", ""maxThreads"": ""234"", ""minSpareThreads"": ""597"", ""processorCache"": ""2"", ""tcpNoDelay"": ""FALSE"", ""threadPriority"": ""10"", ""threadsMaxIdleTime"": ""55317"", ""useAsyncIO"": ""FALSE"", ""useVirtualThreads"": ""TRUE""}"
tomcat,lf05_hard07,"lambda_f=0.5, hard=0.7",3301,RQ1&2parrel,172,2353.69,22.0,2353.69,10.025925159454346,"[8, 50, 10, False]",0.0,10.025790691375732,0.0,"{""acceptCount"": ""791"", ""allowBackslash"": ""TRUE"", ""compression"": ""force"", ""compressionMinSize"": ""547"", ""connectionTimeout"": ""594347"", ""connectionUploadTimeout"": ""99067"", ""disableUploadTimeout"": ""TRUE"", ""executorTerminationTimeoutMillis"": ""585920"", ""keepAliveTimeout"": ""236382"", ""maxConnections"": ""16128"", ""maxHeaderCount"": ""376"", ""maxHttpHeaderSize"": ""53506"", ""maxHttpRequestHeaderSize"": ""65374"", ""maxHttpResponseHeaderSize"": ""61787"", ""maxKeepAliveRequests"": ""2843"", ""maxParameterCount"": ""61087"", ""maxSwallowSize"": ""19147927"", ""maxThreads"": ""19"", ""minSpareThreads"": ""571"", ""processorCache"": ""19"", ""tcpNoDelay"": ""FALSE"", ""threadPriority"": ""10"", ""threadsMaxIdleTime"": ""384443"", ""useAsyncIO"": ""TRUE"", ""useVirtualThreads"": ""FALSE""}"
tomcat,lf05_hard07,"lambda_f=0.5, hard=0.7",3301,RQ1&2parrel,173,2300.14,22.58,2300.14,10.072271585464478,"[8, 50, 10, False]",0.0,10.072188138961792,0.0,"{""acceptCount"": ""469"", ""allowBackslash"": ""TRUE"", ""compression"": ""on"", ""compressionMinSize"": ""5470"", ""connectionTimeout"": ""195625"", ""connectionUploadTimeout"": ""329131"", ""disableUploadTimeout"": ""FALSE"", ""executorTerminationTimeoutMillis"": ""160336"", ""keepAliveTimeout"": ""144035"", ""maxConnections"": ""3808"", ""maxHeaderCount"": ""722"", ""maxHttpHeaderSize"": ""18816"", ""maxHttpRequestHeaderSize"": ""62807"", ""maxHttpResponseHeaderSize"": ""62199"", ""maxKeepAliveRequests"": ""2099"", ""maxParameterCount"": ""4301"", ""maxSwallowSize"": ""3055124"", ""maxThreads"": ""158"", ""minSpareThreads"": ""121"", ""processorCache"": ""57"", ""tcpNoDelay"": ""FALSE"", ""threadPriority"": ""9"", ""threadsMaxIdleTime"": ""179376"", ""useAsyncIO"": ""TRUE"", ""useVirtualThreads"": ""TRUE""}"
tomcat,lf05_hard07,"lambda_f=0.5, hard=0.7",3301,RQ1&2parrel,174,2278.52,25.94,2278.52,10.042095184326172,"[8, 50, 10, False]",0.0,10.042001724243164,0.0,"{""acceptCount"": ""190"", ""allowBackslash"": ""FALSE"", ""compression"": ""force"", ""compressionMinSize"": ""3786"", ""connectionTimeout"": ""131805"", ""connectionUploadTimeout"": ""519140"", ""disableUploadTimeout"": ""FALSE"", ""executorTerminationTimeoutMillis"": ""206763"", ""keepAliveTimeout"": ""75454"", ""maxConnections"": ""2424"", ""maxHeaderCount"": ""337"", ""maxHttpHeaderSize"": ""2540"", ""maxHttpRequestHeaderSize"": ""39277"", ""maxHttpResponseHeaderSize"": ""49507"", ""maxKeepAliveRequests"": ""2231"", ""maxParameterCount"": ""28140"", ""maxSwallowSize"": ""1729085"", ""maxThreads"": ""280"", ""minSpareThreads"": ""499"", ""processorCache"": ""21"", ""tcpNoDelay"": ""TRUE"", ""threadPriority"": ""1"", ""threadsMaxIdleTime"": ""8769"", ""useAsyncIO"": ""TRUE"", ""useVirtualThreads"": ""FALSE""}"
tomcat,lf05_hard07,"lambda_f=0.5, hard=0.7",3301,RQ1&2parrel,175,2557.56,22.91,2557.56,10.028503179550171,"[8, 50, 10, False]",0.0,10.02841567993164,0.0,"{""acceptCount"": ""160"", ""allowBackslash"": ""FALSE"", ""compression"": ""off"", ""compressionMinSize"": ""8162"", ""connectionTimeout"": ""236562"", ""connectionUploadTimeout"": ""214380"", ""disableUploadTimeout"": ""TRUE"", ""executorTerminationTimeoutMillis"": ""295910"", ""keepAliveTimeout"": ""456501"", ""maxConnections"": ""13688"", ""maxHeaderCount"": ""734"", ""maxHttpHeaderSize"": ""14996"", ""maxHttpRequestHeaderSize"": ""59916"", ""maxHttpResponseHeaderSize"": ""17423"", ""maxKeepAliveRequests"": ""3190"", ""maxParameterCount"": ""4944"", ""maxSwallowSize"": ""10443344"", ""maxThreads"": ""338"", ""minSpareThreads"": ""204"", ""processorCache"": ""94"", ""tcpNoDelay"": ""FALSE"", ""threadPriority"": ""2"", ""threadsMaxIdleTime"": ""441361"", ""useAsyncIO"": ""FALSE"", ""useVirtualThreads"": ""FALSE""}"
tomcat,lf05_hard07,"lambda_f=0.5, hard=0.7",3301,RQ1&2parrel,176,2313.96,27.64,2313.96,10.047332763671875,"[8, 50, 10, False]",0.0,10.047240734100342,0.0,"{""acceptCount"": ""60"", ""allowBackslash"": ""FALSE"", ""compression"": ""on"", ""compressionMinSize"": ""8609"", ""connectionTimeout"": ""561910"", ""connectionUploadTimeout"": ""178256"", ""disableUploadTimeout"": ""FALSE"", ""executorTerminationTimeoutMillis"": ""563265"", ""keepAliveTimeout"": ""537864"", ""maxConnections"": ""6043"", ""maxHeaderCount"": ""732"", ""maxHttpHeaderSize"": ""3523"", ""maxHttpRequestHeaderSize"": ""40496"", ""maxHttpResponseHeaderSize"": ""15324"", ""maxKeepAliveRequests"": ""1448"", ""maxParameterCount"": ""25440"", ""maxSwallowSize"": ""3385253"", ""maxThreads"": ""132"", ""minSpareThreads"": ""530"", ""processorCache"": ""183"", ""tcpNoDelay"": ""TRUE"", ""threadPriority"": ""6"", ""threadsMaxIdleTime"": ""165062"", ""useAsyncIO"": ""FALSE"", ""useVirtualThreads"": ""FALSE""}"
tomcat,lf05_hard07,"lambda_f=0.5, hard=0.7",3301,RQ1&2parrel,177,2167.16,23.64,2167.16,10.09064269065857,"[8, 50, 10, False]",0.0,10.090559959411621,0.0,"{""acceptCount"": ""80"", ""allowBackslash"": ""TRUE"", ""compression"": ""force"", ""compressionMinSize"": ""6068"", ""connectionTimeout"": ""58018"", ""connectionUploadTimeout"": ""60727"", ""disableUploadTimeout"": ""FALSE"", ""executorTerminationTimeoutMillis"": ""148236"", ""keepAliveTimeout"": ""46627"", ""maxConnections"": ""7106"", ""maxHeaderCount"": ""208"", ""maxHttpHeaderSize"": ""16510"", ""maxHttpRequestHeaderSize"": ""51130"", ""maxHttpResponseHeaderSize"": ""41417"", ""maxKeepAliveRequests"": ""3406"", ""maxParameterCount"": ""33402"", ""maxSwallowSize"": ""9235238"", ""maxThreads"": ""83"", ""minSpareThreads"": ""379"", ""processorCache"": ""220"", ""tcpNoDelay"": ""FALSE"", ""threadPriority"": ""8"", ""threadsMaxIdleTime"": ""159490"", ""useAsyncIO"": ""TRUE"", ""useVirtualThreads"": ""TRUE""}"
tomcat,lf05_hard07,"lambda_f=0.5, hard=0.7",3301,RQ1&2parrel,178,2569.97,20.01,2569.97,10.01503324508667,"[8, 50, 10, False]",0.0,10.014946699142456,0.0,"{""acceptCount"": ""512"", ""allowBackslash"": ""FALSE"", ""compression"": ""force"", ""compressionMinSize"": ""9284"", ""connectionTimeout"": ""287227"", ""connectionUploadTimeout"": ""211895"", ""disableUploadTimeout"": ""TRUE"", ""executorTerminationTimeoutMillis"": ""511617"", ""keepAliveTimeout"": ""537906"", ""maxConnections"": ""13085"", ""maxHeaderCount"": ""367"", ""maxHttpHeaderSize"": ""3097"", ""maxHttpRequestHeaderSize"": ""28078"", ""maxHttpResponseHeaderSize"": ""50497"", ""maxKeepAliveRequests"": ""2143"", ""maxParameterCount"": ""70728"", ""maxSwallowSize"": ""17103096"", ""maxThreads"": ""17"", ""minSpareThreads"": ""191"", ""processorCache"": ""397"", ""tcpNoDelay"": ""FALSE"", ""threadPriority"": ""5"", ""threadsMaxIdleTime"": ""116739"", ""useAsyncIO"": ""TRUE"", ""useVirtualThreads"": ""FALSE""}"
tomcat,lf05_hard07,"lambda_f=0.5, hard=0.7",3301,RQ1&2parrel,179,2264.54,22.42,2264.54,10.02012014389038,"[8, 50, 10, False]",0.0,10.020034790039062,0.0,"{""acceptCount"": ""363"", ""allowBackslash"": ""TRUE"", ""compression"": ""on"", ""compressionMinSize"": ""1739"", ""connectionTimeout"": ""380617"", ""connectionUploadTimeout"": ""165929"", ""disableUploadTimeout"": ""TRUE"", ""executorTerminationTimeoutMillis"": ""249711"", ""keepAliveTimeout"": ""121561"", ""maxConnections"": ""4372"", ""maxHeaderCount"": ""272"", ""maxHttpHeaderSize"": ""4756"", ""maxHttpRequestHeaderSize"": ""53980"", ""maxHttpResponseHeaderSize"": ""3698"", ""maxKeepAliveRequests"": ""2218"", ""maxParameterCount"": ""76904"", ""maxSwallowSize"": ""11568889"", ""maxThreads"": ""123"", ""minSpareThreads"": ""4"", ""processorCache"": ""75"", ""tcpNoDelay"": ""TRUE"", ""threadPriority"": ""8"", ""threadsMaxIdleTime"": ""455862"", ""useAsyncIO"": ""TRUE"", ""useVirtualThreads"": ""TRUE""}"
tomcat,lf05_hard07,"lambda_f=0.5, hard=0.7",3301,RQ1&2parrel,180,2444.6,27.34,2444.6,10.09965467453003,"[8, 50, 10, False]",0.0,10.0995614528656,0.0,"{""acceptCount"": ""865"", ""allowBackslash"": ""FALSE"", ""compression"": ""force"", ""compressionMinSize"": ""6725"", ""connectionTimeout"": ""68197"", ""connectionUploadTimeout"": ""579629"", ""disableUploadTimeout"": ""FALSE"", ""executorTerminationTimeoutMillis"": ""473911"", ""keepAliveTimeout"": ""453384"", ""maxConnections"": ""1106"", ""maxHeaderCount"": ""738"", ""maxHttpHeaderSize"": ""42010"", ""maxHttpRequestHeaderSize"": ""62145"", ""maxHttpResponseHeaderSize"": ""50734"", ""maxKeepAliveRequests"": ""4463"", ""maxParameterCount"": ""72537"", ""maxSwallowSize"": ""1409"", ""maxThreads"": ""158"", ""minSpareThreads"": ""287"", ""processorCache"": ""293"", ""tcpNoDelay"": ""TRUE"", ""threadPriority"": ""8"", ""threadsMaxIdleTime"": ""552879"", ""useAsyncIO"": ""FALSE"", ""useVirtualThreads"": ""FALSE""}"
tomcat,lf05_hard07,"lambda_f=0.5, hard=0.7",3301,RQ1&2parrel,181,2450.54,26.68,2450.54,10.03317928314209,"[8, 50, 10, False]",0.0,10.033085584640503,0.0,"{""acceptCount"": ""516"", ""allowBackslash"": ""TRUE"", ""compression"": ""on"", ""compressionMinSize"": ""2987"", ""connectionTimeout"": ""37054"", ""connectionUploadTimeout"": ""317095"", ""disableUploadTimeout"": ""TRUE"", ""executorTerminationTimeoutMillis"": ""39630"", ""keepAliveTimeout"": ""493271"", ""maxConnections"": ""5111"", ""maxHeaderCount"": ""772"", ""maxHttpHeaderSize"": ""19827"", ""maxHttpRequestHeaderSize"": ""28406"", ""maxHttpResponseHeaderSize"": ""41727"", ""maxKeepAliveRequests"": ""4957"", ""maxParameterCount"": ""41828"", ""maxSwallowSize"": ""17636120"", ""maxThreads"": ""120"", ""minSpareThreads"": ""80"", ""processorCache"": ""263"", ""tcpNoDelay"": ""FALSE"", ""threadPriority"": ""2"", ""threadsMaxIdleTime"": ""480884"", ""useAsyncIO"": ""FALSE"", ""useVirtualThreads"": ""FALSE""}"
tomcat,lf05_hard07,"lambda_f=0.5, hard=0.7",3301,RQ1&2parrel,182,2590.74,24.48,2590.74,10.03776741027832,"[8, 50, 10, False]",0.0,10.037641763687134,0.0,"{""acceptCount"": ""994"", ""allowBackslash"": ""TRUE"", ""compression"": ""on"", ""compressionMinSize"": ""1298"", ""connectionTimeout"": ""316453"", ""connectionUploadTimeout"": ""538163"", ""disableUploadTimeout"": ""FALSE"", ""executorTerminationTimeoutMillis"": ""521974"", ""keepAliveTimeout"": ""228751"", ""maxConnections"": ""6285"", ""maxHeaderCount"": ""304"", ""maxHttpHeaderSize"": ""48444"", ""maxHttpRequestHeaderSize"": ""57985"", ""maxHttpResponseHeaderSize"": ""62267"", ""maxKeepAliveRequests"": ""306"", ""maxParameterCount"": ""24368"", ""maxSwallowSize"": ""1494075"", ""maxThreads"": ""162"", ""minSpareThreads"": ""22"", ""processorCache"": ""196"", ""tcpNoDelay"": ""TRUE"", ""threadPriority"": ""1"", ""threadsMaxIdleTime"": ""586476"", ""useAsyncIO"": ""TRUE"", ""useVirtualThreads"": ""FALSE""}"
tomcat,lf05_hard07,"lambda_f=0.5, hard=0.7",3301,RQ1&2parrel,183,2528.31,24.89,2528.31,10.026886701583862,"[8, 50, 10, False]",0.0,10.026740312576294,0.0,"{""acceptCount"": ""322"", ""allowBackslash"": ""FALSE"", ""compression"": ""force"", ""compressionMinSize"": ""6646"", ""connectionTimeout"": ""273190"", ""connectionUploadTimeout"": ""537103"", ""disableUploadTimeout"": ""TRUE"", ""executorTerminationTimeoutMillis"": ""75652"", ""keepAliveTimeout"": ""353668"", ""maxConnections"": ""2904"", ""maxHeaderCount"": ""863"", ""maxHttpHeaderSize"": ""10897"", ""maxHttpRequestHeaderSize"": ""30694"", ""maxHttpResponseHeaderSize"": ""45218"", ""maxKeepAliveRequests"": ""3380"", ""maxParameterCount"": ""9809"", ""maxSwallowSize"": ""17725364"", ""maxThreads"": ""391"", ""minSpareThreads"": ""869"", ""processorCache"": ""90"", ""tcpNoDelay"": ""FALSE"", ""threadPriority"": ""4"", ""threadsMaxIdleTime"": ""418271"", ""useAsyncIO"": ""TRUE"", ""useVirtualThreads"": ""FALSE""}"
tomcat,lf05_hard07,"lambda_f=0.5, hard=0.7",3301,RQ1&2parrel,184,2396.32,24.66,2396.32,10.085679769515991,"[8, 50, 10, False]",0.0,10.085594177246094,0.0,"{""acceptCount"": ""132"", ""allowBackslash"": ""FALSE"", ""compression"": ""on"", ""compressionMinSize"": ""504"", ""connectionTimeout"": ""294745"", ""connectionUploadTimeout"": ""460610"", ""disableUploadTimeout"": ""FALSE"", ""executorTerminationTimeoutMillis"": ""395078"", ""keepAliveTimeout"": ""307839"", ""maxConnections"": ""7097"", ""maxHeaderCount"": ""635"", ""maxHttpHeaderSize"": ""2010"", ""maxHttpRequestHeaderSize"": ""45590"", ""maxHttpResponseHeaderSize"": ""45522"", ""maxKeepAliveRequests"": ""697"", ""maxParameterCount"": ""42185"", ""maxSwallowSize"": ""17143816"", ""maxThreads"": ""340"", ""minSpareThreads"": ""274"", ""processorCache"": ""269"", ""tcpNoDelay"": ""FALSE"", ""threadPriority"": ""5"", ""threadsMaxIdleTime"": ""98897"", ""useAsyncIO"": ""TRUE"", ""useVirtualThreads"": ""FALSE""}"
tomcat,lf05_hard07,"lambda_f=0.5, hard=0.7",3301,RQ1&2parrel,185,2474.71,25.43,2474.71,10.018571853637695,"[8, 50, 10, False]",0.0,10.018476963043213,0.0,"{""acceptCount"": ""482"", ""allowBackslash"": ""TRUE"", ""compression"": ""off"", ""compressionMinSize"": ""1386"", ""connectionTimeout"": ""299676"", ""connectionUploadTimeout"": ""239636"", ""disableUploadTimeout"": ""FALSE"", ""executorTerminationTimeoutMillis"": ""197497"", ""keepAliveTimeout"": ""314903"", ""maxConnections"": ""7950"", ""maxHeaderCount"": ""368"", ""maxHttpHeaderSize"": ""27928"", ""maxHttpRequestHeaderSize"": ""38478"", ""maxHttpResponseHeaderSize"": ""35979"", ""maxKeepAliveRequests"": ""2781"", ""maxParameterCount"": ""41949"", ""maxSwallowSize"": ""20090892"", ""maxThreads"": ""191"", ""minSpareThreads"": ""151"", ""processorCache"": ""126"", ""tcpNoDelay"": ""FALSE"", ""threadPriority"": ""1"", ""threadsMaxIdleTime"": ""332836"", ""useAsyncIO"": ""FALSE"", ""useVirtualThreads"": ""FALSE""}"
tomcat,lf05_hard07,"lambda_f=0.5, hard=0.7",3301,RQ1&2parrel,186,2256.35,21.55,2256.35,10.092067003250122,"[8, 50, 10, False]",0.0,10.09197998046875,0.0,"{""acceptCount"": ""697"", ""allowBackslash"": ""FALSE"", ""compression"": ""force"", ""compressionMinSize"": ""6870"", ""connectionTimeout"": ""423021"", ""connectionUploadTimeout"": ""461300"", ""disableUploadTimeout"": ""TRUE"", ""executorTerminationTimeoutMillis"": ""297871"", ""keepAliveTimeout"": ""368799"", ""maxConnections"": ""14307"", ""maxHeaderCount"": ""435"", ""maxHttpHeaderSize"": ""2793"", ""maxHttpRequestHeaderSize"": ""47689"", ""maxHttpResponseHeaderSize"": ""19659"", ""maxKeepAliveRequests"": ""3517"", ""maxParameterCount"": ""28287"", ""maxSwallowSize"": ""7921832"", ""maxThreads"": ""9"", ""minSpareThreads"": ""935"", ""processorCache"": ""46"", ""tcpNoDelay"": ""FALSE"", ""threadPriority"": ""6"", ""threadsMaxIdleTime"": ""171260"", ""useAsyncIO"": ""TRUE"", ""useVirtualThreads"": ""FALSE""}"
tomcat,lf05_hard07,"lambda_f=0.5, hard=0.7",3301,RQ1&2parrel,187,2380.93,27.19,2380.93,10.102102041244507,"[8, 50, 10, False]",0.0,10.102010250091553,0.0,"{""acceptCount"": ""670"", ""allowBackslash"": ""TRUE"", ""compression"": ""off"", ""compressionMinSize"": ""1545"", ""connectionTimeout"": ""88763"", ""connectionUploadTimeout"": ""266528"", ""disableUploadTimeout"": ""FALSE"", ""executorTerminationTimeoutMillis"": ""34915"", ""keepAliveTimeout"": ""319325"", ""maxConnections"": ""8044"", ""maxHeaderCount"": ""32"", ""maxHttpHeaderSize"": ""8821"", ""maxHttpRequestHeaderSize"": ""21500"", ""maxHttpResponseHeaderSize"": ""59160"", ""maxKeepAliveRequests"": ""316"", ""maxParameterCount"": ""4620"", ""maxSwallowSize"": ""12230940"", ""maxThreads"": ""207"", ""minSpareThreads"": ""78"", ""processorCache"": ""326"", ""tcpNoDelay"": ""TRUE"", ""threadPriority"": ""4"", ""threadsMaxIdleTime"": ""529158"", ""useAsyncIO"": ""TRUE"", ""useVirtualThreads"": ""FALSE""}"
tomcat,lf05_hard07,"lambda_f=0.5, hard=0.7",3301,RQ1&2parrel,188,2423.18,24.75,2423.18,10.03118109703064,"[8, 50, 10, False]",0.0,10.031058073043823,0.0,"{""acceptCount"": ""924"", ""allowBackslash"": ""FALSE"", ""compression"": ""force"", ""compressionMinSize"": ""8200"", ""connectionTimeout"": ""500264"", ""connectionUploadTimeout"": ""229691"", ""disableUploadTimeout"": ""FALSE"", ""executorTerminationTimeoutMillis"": ""347403"", ""keepAliveTimeout"": ""569072"", ""maxConnections"": ""4163"", ""maxHeaderCount"": ""598"", ""maxHttpHeaderSize"": ""3937"", ""maxHttpRequestHeaderSize"": ""878"", ""maxHttpResponseHeaderSize"": ""8524"", ""maxKeepAliveRequests"": ""2800"", ""maxParameterCount"": ""85870"", ""maxSwallowSize"": ""739278"", ""maxThreads"": ""348"", ""minSpareThreads"": ""763"", ""processorCache"": ""69"", ""tcpNoDelay"": ""TRUE"", ""threadPriority"": ""7"", ""threadsMaxIdleTime"": ""247035"", ""useAsyncIO"": ""FALSE"", ""useVirtualThreads"": ""FALSE""}"
tomcat,lf05_hard07,"lambda_f=0.5, hard=0.7",3301,RQ1&2parrel,189,2397.8,21.27,2397.8,10.037755489349365,"[8, 50, 10, False]",0.0,10.037667512893677,0.0,"{""acceptCount"": ""998"", ""allowBackslash"": ""TRUE"", ""compression"": ""off"", ""compressionMinSize"": ""19"", ""connectionTimeout"": ""37013"", ""connectionUploadTimeout"": ""289069"", ""disableUploadTimeout"": ""FALSE"", ""executorTerminationTimeoutMillis"": ""387215"", ""keepAliveTimeout"": ""176162"", ""maxConnections"": ""6971"", ""maxHeaderCount"": ""18"", ""maxHttpHeaderSize"": ""3825"", ""maxHttpRequestHeaderSize"": ""37888"", ""maxHttpResponseHeaderSize"": ""53241"", ""maxKeepAliveRequests"": ""3064"", ""maxParameterCount"": ""63217"", ""maxSwallowSize"": ""1834660"", ""maxThreads"": ""31"", ""minSpareThreads"": ""678"", ""processorCache"": ""210"", ""tcpNoDelay"": ""FALSE"", ""threadPriority"": ""6"", ""threadsMaxIdleTime"": ""81486"", ""useAsyncIO"": ""TRUE"", ""useVirtualThreads"": ""TRUE""}"
tomcat,lf05_hard07,"lambda_f=0.5, hard=0.7",3301,RQ1&2parrel,190,2235.08,28.38,2235.08,10.091649770736694,"[8, 50, 10, False]",0.0,10.091561794281006,0.0,"{""acceptCount"": ""536"", ""allowBackslash"": ""FALSE"", ""compression"": ""on"", ""compressionMinSize"": ""5364"", ""connectionTimeout"": ""106555"", ""connectionUploadTimeout"": ""492539"", ""disableUploadTimeout"": ""FALSE"", ""executorTerminationTimeoutMillis"": ""481045"", ""keepAliveTimeout"": ""251237"", ""maxConnections"": ""4567"", ""maxHeaderCount"": ""323"", ""maxHttpHeaderSize"": ""34679"", ""maxHttpRequestHeaderSize"": ""55779"", ""maxHttpResponseHeaderSize"": ""61342"", ""maxKeepAliveRequests"": ""1129"", ""maxParameterCount"": ""95376"", ""maxSwallowSize"": ""3913005"", ""maxThreads"": ""390"", ""minSpareThreads"": ""556"", ""processorCache"": ""262"", ""tcpNoDelay"": ""TRUE"", ""threadPriority"": ""5"", ""threadsMaxIdleTime"": ""296016"", ""useAsyncIO"": ""FALSE"", ""useVirtualThreads"": ""FALSE""}"
tomcat,lf05_hard07,"lambda_f=0.5, hard=0.7",3301,RQ1&2parrel,191,2422.44,30.76,2422.44,10.021527290344238,"[8, 50, 10, False]",0.0,10.021438121795654,0.0,"{""acceptCount"": ""89"", ""allowBackslash"": ""TRUE"", ""compression"": ""force"", ""compressionMinSize"": ""4535"", ""connectionTimeout"": ""116833"", ""connectionUploadTimeout"": ""349818"", ""disableUploadTimeout"": ""FALSE"", ""executorTerminationTimeoutMillis"": ""526978"", ""keepAliveTimeout"": ""48653"", ""maxConnections"": ""19056"", ""maxHeaderCount"": ""578"", ""maxHttpHeaderSize"": ""16970"", ""maxHttpRequestHeaderSize"": ""29556"", ""maxHttpResponseHeaderSize"": ""64762"", ""maxKeepAliveRequests"": ""3696"", ""maxParameterCount"": ""8430"", ""maxSwallowSize"": ""20121564"", ""maxThreads"": ""304"", ""minSpareThreads"": ""371"", ""processorCache"": ""288"", ""tcpNoDelay"": ""FALSE"", ""threadPriority"": ""8"", ""threadsMaxIdleTime"": ""221634"", ""useAsyncIO"": ""FALSE"", ""useVirtualThreads"": ""FALSE""}"
tomcat,lf05_hard07,"lambda_f=0.5, hard=0.7",3301,RQ1&2parrel,192,2467.0,20.75,2467.0,10.017417907714844,"[8, 50, 10, False]",0.0,10.017324209213257,0.0,"{""acceptCount"": ""31"", ""allowBackslash"": ""TRUE"", ""compression"": ""off"", ""compressionMinSize"": ""7927"", ""connectionTimeout"": ""344106"", ""connectionUploadTimeout"": ""554177"", ""disableUploadTimeout"": ""TRUE"", ""executorTerminationTimeoutMillis"": ""109350"", ""keepAliveTimeout"": ""20315"", ""maxConnections"": ""9654"", ""maxHeaderCount"": ""710"", ""maxHttpHeaderSize"": ""15892"", ""maxHttpRequestHeaderSize"": ""52363"", ""maxHttpResponseHeaderSize"": ""50238"", ""maxKeepAliveRequests"": ""1798"", ""maxParameterCount"": ""16869"", ""maxSwallowSize"": ""16136661"", ""maxThreads"": ""143"", ""minSpareThreads"": ""788"", ""processorCache"": ""73"", ""tcpNoDelay"": ""TRUE"", ""threadPriority"": ""5"", ""threadsMaxIdleTime"": ""163738"", ""useAsyncIO"": ""TRUE"", ""useVirtualThreads"": ""TRUE""}"
tomcat,lf05_hard07,"lambda_f=0.5, hard=0.7",3301,RQ1&2parrel,193,2569.56,22.39,2569.56,10.021974086761475,"[8, 50, 10, False]",0.0,10.02188229560852,0.0,"{""acceptCount"": ""403"", ""allowBackslash"": ""FALSE"", ""compression"": ""off"", ""compressionMinSize"": ""7412"", ""connectionTimeout"": ""294536"", ""connectionUploadTimeout"": ""322221"", ""disableUploadTimeout"": ""TRUE"", ""executorTerminationTimeoutMillis"": ""345959"", ""keepAliveTimeout"": ""455447"", ""maxConnections"": ""7344"", ""maxHeaderCount"": ""873"", ""maxHttpHeaderSize"": ""21547"", ""maxHttpRequestHeaderSize"": ""64638"", ""maxHttpResponseHeaderSize"": ""32720"", ""maxKeepAliveRequests"": ""146"", ""maxParameterCount"": ""61748"", ""maxSwallowSize"": ""11403567"", ""maxThreads"": ""268"", ""minSpareThreads"": ""600"", ""processorCache"": ""171"", ""tcpNoDelay"": ""FALSE"", ""threadPriority"": ""1"", ""threadsMaxIdleTime"": ""423241"", ""useAsyncIO"": ""FALSE"", ""useVirtualThreads"": ""FALSE""}"
tomcat,lf05_hard07,"lambda_f=0.5, hard=0.7",3301,RQ1&2parrel,194,2464.86,24.76,2464.86,10.081273555755615,"[8, 50, 10, False]",0.0,10.081181287765503,0.0,"{""acceptCount"": ""57"", ""allowBackslash"": ""FALSE"", ""compression"": ""off"", ""compressionMinSize"": ""1328"", ""connectionTimeout"": ""446357"", ""connectionUploadTimeout"": ""61252"", ""disableUploadTimeout"": ""TRUE"", ""executorTerminationTimeoutMillis"": ""206554"", ""keepAliveTimeout"": ""19503"", ""maxConnections"": ""2363"", ""maxHeaderCount"": ""712"", ""maxHttpHeaderSize"": ""15480"", ""maxHttpRequestHeaderSize"": ""35363"", ""maxHttpResponseHeaderSize"": ""16888"", ""maxKeepAliveRequests"": ""370"", ""maxParameterCount"": ""3898"", ""maxSwallowSize"": ""16510984"", ""maxThreads"": ""64"", ""minSpareThreads"": ""725"", ""processorCache"": ""67"", ""tcpNoDelay"": ""TRUE"", ""threadPriority"": ""1"", ""threadsMaxIdleTime"": ""40468"", ""useAsyncIO"": ""FALSE"", ""useVirtualThreads"": ""FALSE""}"
tomcat,lf05_hard07,"lambda_f=0.5, hard=0.7",3301,RQ1&2parrel,195,2591.4,23.25,2591.4,10.054816007614136,"[8, 50, 10, False]",0.0,10.054693460464478,0.0,"{""acceptCount"": ""207"", ""allowBackslash"": ""FALSE"", ""compression"": ""force"", ""compressionMinSize"": ""8393"", ""connectionTimeout"": ""134624"", ""connectionUploadTimeout"": ""128468"", ""disableUploadTimeout"": ""FALSE"", ""executorTerminationTimeoutMillis"": ""82061"", ""keepAliveTimeout"": ""580786"", ""maxConnections"": ""13706"", ""maxHeaderCount"": ""787"", ""maxHttpHeaderSize"": ""59183"", ""maxHttpRequestHeaderSize"": ""63866"", ""maxHttpResponseHeaderSize"": ""62850"", ""maxKeepAliveRequests"": ""2907"", ""maxParameterCount"": ""91773"", ""maxSwallowSize"": ""6478868"", ""maxThreads"": ""300"", ""minSpareThreads"": ""768"", ""processorCache"": ""324"", ""tcpNoDelay"": ""FALSE"", ""threadPriority"": ""8"", ""threadsMaxIdleTime"": ""452588"", ""useAsyncIO"": ""TRUE"", ""useVirtualThreads"": ""FALSE""}"
tomcat,lf05_hard07,"lambda_f=0.5, hard=0.7",3301,RQ1&2parrel,196,2416.38,21.08,2416.38,10.019836664199829,"[8, 50, 10, False]",0.0,10.019744396209717,0.0,"{""acceptCount"": ""978"", ""allowBackslash"": ""FALSE"", ""compression"": ""on"", ""compressionMinSize"": ""7355"", ""connectionTimeout"": ""175929"", ""connectionUploadTimeout"": ""337375"", ""disableUploadTimeout"": ""TRUE"", ""executorTerminationTimeoutMillis"": ""169663"", ""keepAliveTimeout"": ""524008"", ""maxConnections"": ""5795"", ""maxHeaderCount"": ""516"", ""maxHttpHeaderSize"": ""7567"", ""maxHttpRequestHeaderSize"": ""13664"", ""maxHttpResponseHeaderSize"": ""54830"", ""maxKeepAliveRequests"": ""4045"", ""maxParameterCount"": ""12812"", ""maxSwallowSize"": ""8265634"", ""maxThreads"": ""385"", ""minSpareThreads"": ""204"", ""processorCache"": ""176"", ""tcpNoDelay"": ""FALSE"", ""threadPriority"": ""3"", ""threadsMaxIdleTime"": ""389839"", ""useAsyncIO"": ""FALSE"", ""useVirtualThreads"": ""TRUE""}"
tomcat,lf05_hard07,"lambda_f=0.5, hard=0.7",3301,RQ1&2parrel,197,2533.5,25.46,2533.5,10.022059440612793,"[8, 50, 10, False]",0.0,10.021963834762573,0.0,"{""acceptCount"": ""482"", ""allowBackslash"": ""TRUE"", ""compression"": ""off"", ""compressionMinSize"": ""1386"", ""connectionTimeout"": ""299676"", ""connectionUploadTimeout"": ""239636"", ""disableUploadTimeout"": ""FALSE"", ""executorTerminationTimeoutMillis"": ""197497"", ""keepAliveTimeout"": ""314903"", ""maxConnections"": ""7950"", ""maxHeaderCount"": ""368"", ""maxHttpHeaderSize"": ""27928"", ""maxHttpRequestHeaderSize"": ""38478"", ""maxHttpResponseHeaderSize"": ""35979"", ""maxKeepAliveRequests"": ""2781"", ""maxParameterCount"": ""41949"", ""maxSwallowSize"": ""20090892"", ""maxThreads"": ""180"", ""minSpareThreads"": ""151"", ""processorCache"": ""126"", ""tcpNoDelay"": ""FALSE"", ""threadPriority"": ""1"", ""threadsMaxIdleTime"": ""310750"", ""useAsyncIO"": ""FALSE"", ""useVirtualThreads"": ""FALSE""}"
tomcat,lf05_hard07,"lambda_f=0.5, hard=0.7",3301,RQ1&2parrel,198,2193.81,23.56,2193.81,10.085519552230835,"[8, 50, 10, False]",0.0,10.085433959960938,0.0,"{""acceptCount"": ""24"", ""allowBackslash"": ""FALSE"", ""compression"": ""force"", ""compressionMinSize"": ""1652"", ""connectionTimeout"": ""364827"", ""connectionUploadTimeout"": ""317049"", ""disableUploadTimeout"": ""FALSE"", ""executorTerminationTimeoutMillis"": ""196455"", ""keepAliveTimeout"": ""210428"", ""maxConnections"": ""4004"", ""maxHeaderCount"": ""481"", ""maxHttpHeaderSize"": ""9772"", ""maxHttpRequestHeaderSize"": ""27677"", ""maxHttpResponseHeaderSize"": ""18404"", ""maxKeepAliveRequests"": ""1954"", ""maxParameterCount"": ""56625"", ""maxSwallowSize"": ""16663351"", ""maxThreads"": ""171"", ""minSpareThreads"": ""445"", ""processorCache"": ""295"", ""tcpNoDelay"": ""TRUE"", ""threadPriority"": ""8"", ""threadsMaxIdleTime"": ""553230"", ""useAsyncIO"": ""FALSE"", ""useVirtualThreads"": ""TRUE""}"
tomcat,lf05_hard07,"lambda_f=0.5, hard=0.7",3301,RQ1&2parrel,199,2230.01,22.62,2230.01,10.052147388458252,"[8, 50, 10, False]",0.0,10.052057027816772,0.0,"{""acceptCount"": ""262"", ""allowBackslash"": ""TRUE"", ""compression"": ""off"", ""compressionMinSize"": ""7805"", ""connectionTimeout"": ""250833"", ""connectionUploadTimeout"": ""356267"", ""disableUploadTimeout"": ""FALSE"", ""executorTerminationTimeoutMillis"": ""471224"", ""keepAliveTimeout"": ""82574"", ""maxConnections"": ""7544"", ""maxHeaderCount"": ""921"", ""maxHttpHeaderSize"": ""2987"", ""maxHttpRequestHeaderSize"": ""15023"", ""maxHttpResponseHeaderSize"": ""49054"", ""maxKeepAliveRequests"": ""4912"", ""maxParameterCount"": ""25281"", ""maxSwallowSize"": ""7138388"", ""maxThreads"": ""86"", ""minSpareThreads"": ""651"", ""processorCache"": ""112"", ""tcpNoDelay"": ""TRUE"", ""threadPriority"": ""5"", ""threadsMaxIdleTime"": ""235946"", ""useAsyncIO"": ""TRUE"", ""useVirtualThreads"": ""TRUE""}"
tomcat,lf05_hard07,"lambda_f=0.5, hard=0.7",3301,RQ1&2parrel,200,2427.38,26.96,2427.38,10.018436193466187,"[8, 50, 10, False]",0.0,10.0183424949646,0.0,"{""acceptCount"": ""352"", ""allowBackslash"": ""TRUE"", ""compression"": ""off"", ""compressionMinSize"": ""985"", ""connectionTimeout"": ""59864"", ""connectionUploadTimeout"": ""129578"", ""disableUploadTimeout"": ""TRUE"", ""executorTerminationTimeoutMillis"": ""119847"", ""keepAliveTimeout"": ""34106"", ""maxConnections"": ""11764"", ""maxHeaderCount"": ""323"", ""maxHttpHeaderSize"": ""32713"", ""maxHttpRequestHeaderSize"": ""46493"", ""maxHttpResponseHeaderSize"": ""38399"", ""maxKeepAliveRequests"": ""1496"", ""maxParameterCount"": ""27709"", ""maxSwallowSize"": ""12911860"", ""maxThreads"": ""214"", ""minSpareThreads"": ""550"", ""processorCache"": ""245"", ""tcpNoDelay"": ""FALSE"", ""threadPriority"": ""2"", ""threadsMaxIdleTime"": ""149879"", ""useAsyncIO"": ""TRUE"", ""useVirtualThreads"": ""FALSE""}"
tomcat,lf05_hard07,"lambda_f=0.5, hard=0.7",3302,RQ1&2parrel,1,2275.3,25.8,2275.3,10.040318489074707,"[8, 50, 10, False]",0.0,10.039515256881714,0.0,"{""acceptCount"": ""100"", ""allowBackslash"": ""FALSE"", ""compression"": ""on"", ""compressionMinSize"": ""2048"", ""connectionTimeout"": ""60000"", ""connectionUploadTimeout"": ""300000"", ""disableUploadTimeout"": ""FALSE"", ""executorTerminationTimeoutMillis"": ""5000"", ""keepAliveTimeout"": ""60000"", ""maxConnections"": ""8192"", ""maxHeaderCount"": ""100"", ""maxHttpHeaderSize"": ""8192"", ""maxHttpRequestHeaderSize"": ""8192"", ""maxHttpResponseHeaderSize"": ""8192"", ""maxKeepAliveRequests"": ""100"", ""maxParameterCount"": ""10000"", ""maxSwallowSize"": ""2097152"", ""maxThreads"": ""200"", ""minSpareThreads"": ""10"", ""processorCache"": ""200"", ""tcpNoDelay"": ""TRUE"", ""threadPriority"": ""5"", ""threadsMaxIdleTime"": ""60000"", ""useAsyncIO"": ""TRUE"", ""useVirtualThreads"": ""FALSE""}"
tomcat,lf05_hard07,"lambda_f=0.5, hard=0.7",3302,RQ1&2parrel,2,2363.42,24.53,2363.42,10.039124488830566,"[8, 50, 10, False]",0.0,10.03902792930603,0.0,"{""acceptCount"": ""100"", ""allowBackslash"": ""FALSE"", ""compression"": ""on"", ""compressionMinSize"": ""2048"", ""connectionTimeout"": ""60000"", ""connectionUploadTimeout"": ""300000"", ""disableUploadTimeout"": ""FALSE"", ""executorTerminationTimeoutMillis"": ""5000"", ""keepAliveTimeout"": ""60000"", ""maxConnections"": ""8192"", ""maxHeaderCount"": ""100"", ""maxHttpHeaderSize"": ""65535"", ""maxHttpRequestHeaderSize"": ""65534"", ""maxHttpResponseHeaderSize"": ""8192"", ""maxKeepAliveRequests"": ""100"", ""maxParameterCount"": ""10000"", ""maxSwallowSize"": ""2097152"", ""maxThreads"": ""200"", ""minSpareThreads"": ""10"", ""processorCache"": ""200"", ""tcpNoDelay"": ""TRUE"", ""threadPriority"": ""5"", ""threadsMaxIdleTime"": ""60000"", ""useAsyncIO"": ""TRUE"", ""useVirtualThreads"": ""FALSE""}"
tomcat,lf05_hard07,"lambda_f=0.5, hard=0.7",3302,RQ1&2parrel,3,2374.56,23.15,2374.56,10.046698570251465,"[8, 50, 10, False]",0.0,10.04660940170288,0.0,"{""acceptCount"": ""100"", ""allowBackslash"": ""FALSE"", ""compression"": ""on"", ""compressionMinSize"": ""2048"", ""connectionTimeout"": ""60000"", ""connectionUploadTimeout"": ""300000"", ""disableUploadTimeout"": ""FALSE"", ""executorTerminationTimeoutMillis"": ""5000"", ""keepAliveTimeout"": ""60000"", ""maxConnections"": ""8192"", ""maxHeaderCount"": ""100"", ""maxHttpHeaderSize"": ""65535"", ""maxHttpRequestHeaderSize"": ""36863"", ""maxHttpResponseHeaderSize"": ""8192"", ""maxKeepAliveRequests"": ""100"", ""maxParameterCount"": ""10000"", ""maxSwallowSize"": ""2097152"", ""maxThreads"": ""200"", ""minSpareThreads"": ""10"", ""processorCache"": ""200"", ""tcpNoDelay"": ""TRUE"", ""threadPriority"": ""5"", ""threadsMaxIdleTime"": ""60000"", ""useAsyncIO"": ""TRUE"", ""useVirtualThreads"": ""FALSE""}"
tomcat,lf05_hard07,"lambda_f=0.5, hard=0.7",3302,RQ1&2parrel,4,2266.44,23.97,2266.44,10.039046049118042,"[8, 50, 10, False]",0.0,10.03861927986145,0.0,"{""acceptCount"": ""100"", ""allowBackslash"": ""FALSE"", ""compression"": ""on"", ""compressionMinSize"": ""2048"", ""connectionTimeout"": ""60000"", ""connectionUploadTimeout"": ""300000"", ""disableUploadTimeout"": ""FALSE"", ""executorTerminationTimeoutMillis"": ""5000"", ""keepAliveTimeout"": ""60000"", ""maxConnections"": ""8192"", ""maxHeaderCount"": ""100"", ""maxHttpHeaderSize"": ""65535"", ""maxHttpRequestHeaderSize"": ""33023"", ""maxHttpResponseHeaderSize"": ""8192"", ""maxKeepAliveRequests"": ""100"", ""maxParameterCount"": ""10000"", ""maxSwallowSize"": ""2097152"", ""maxThreads"": ""200"", ""minSpareThreads"": ""10"", ""processorCache"": ""200"", ""tcpNoDelay"": ""TRUE"", ""threadPriority"": ""5"", ""threadsMaxIdleTime"": ""60000"", ""useAsyncIO"": ""TRUE"", ""useVirtualThreads"": ""FALSE""}"
tomcat,lf05_hard07,"lambda_f=0.5, hard=0.7",3302,RQ1&2parrel,5,2269.5,24.99,2269.5,10.045754432678223,"[8, 50, 10, False]",0.0,10.045653581619263,0.0,"{""acceptCount"": ""100"", ""allowBackslash"": ""FALSE"", ""compression"": ""on"", ""compressionMinSize"": ""2048"", ""connectionTimeout"": ""60000"", ""connectionUploadTimeout"": ""300000"", ""disableUploadTimeout"": ""FALSE"", ""executorTerminationTimeoutMillis"": ""5000"", ""keepAliveTimeout"": ""60000"", ""maxConnections"": ""8192"", ""maxHeaderCount"": ""100"", ""maxHttpHeaderSize"": ""8192"", ""maxHttpRequestHeaderSize"": ""8192"", ""maxHttpResponseHeaderSize"": ""4352"", ""maxKeepAliveRequests"": ""100"", ""maxParameterCount"": ""10000"", ""maxSwallowSize"": ""2097152"", ""maxThreads"": ""200"", ""minSpareThreads"": ""10"", ""processorCache"": ""200"", ""tcpNoDelay"": ""TRUE"", ""threadPriority"": ""5"", ""threadsMaxIdleTime"": ""60000"", ""useAsyncIO"": ""TRUE"", ""useVirtualThreads"": ""FALSE""}"
tomcat,lf05_hard07,"lambda_f=0.5, hard=0.7",3302,RQ1&2parrel,6,2226.25,25.45,2226.25,10.038719415664673,"[8, 50, 10, False]",0.0,10.038614273071289,0.0,"{""acceptCount"": ""100"", ""allowBackslash"": ""FALSE"", ""compression"": ""on"", ""compressionMinSize"": ""2048"", ""connectionTimeout"": ""60000"", ""connectionUploadTimeout"": ""300000"", ""disableUploadTimeout"": ""FALSE"", ""executorTerminationTimeoutMillis"": ""5000"", ""keepAliveTimeout"": ""60000"", ""maxConnections"": ""8192"", ""maxHeaderCount"": ""100"", ""maxHttpHeaderSize"": ""8192"", ""maxHttpRequestHeaderSize"": ""8192"", ""maxHttpResponseHeaderSize"": ""513"", ""maxKeepAliveRequests"": ""100"", ""maxParameterCount"": ""10000"", ""maxSwallowSize"": ""2097152"", ""maxThreads"": ""200"", ""minSpareThreads"": ""10"", ""processorCache"": ""200"", ""tcpNoDelay"": ""TRUE"", ""threadPriority"": ""5"", ""threadsMaxIdleTime"": ""60000"", ""useAsyncIO"": ""TRUE"", ""useVirtualThreads"": ""FALSE""}"
tomcat,lf05_hard07,"lambda_f=0.5, hard=0.7",3302,RQ1&2parrel,7,2260.6,24.29,2260.6,10.037145853042603,"[8, 50, 10, False]",0.0,10.037056922912598,0.0,"{""acceptCount"": ""100"", ""allowBackslash"": ""FALSE"", ""compression"": ""on"", ""compressionMinSize"": ""2048"", ""connectionTimeout"": ""60000"", ""connectionUploadTimeout"": ""300000"", ""disableUploadTimeout"": ""FALSE"", ""executorTerminationTimeoutMillis"": ""5000"", ""keepAliveTimeout"": ""60000"", ""maxConnections"": ""8192"", ""maxHeaderCount"": ""100"", ""maxHttpHeaderSize"": ""8192"", ""maxHttpRequestHeaderSize"": ""8192"", ""maxHttpResponseHeaderSize"": ""512"", ""maxKeepAliveRequests"": ""100"", ""maxParameterCount"": ""10000"", ""maxSwallowSize"": ""2097152"", ""maxThreads"": ""200"", ""minSpareThreads"": ""10"", ""processorCache"": ""200"", ""tcpNoDelay"": ""TRUE"", ""threadPriority"": ""5"", ""threadsMaxIdleTime"": ""60000"", ""useAsyncIO"": ""TRUE"", ""useVirtualThreads"": ""FALSE""}"
tomcat,lf05_hard07,"lambda_f=0.5, hard=0.7",3302,RQ1&2parrel,8,1863.17,42.1,1863.17,10.033989667892456,"[8, 50, 10, False]",0.0,10.033892393112183,0.0,"{""acceptCount"": ""100"", ""allowBackslash"": ""FALSE"", ""compression"": ""on"", ""compressionMinSize"": ""2048"", ""connectionTimeout"": ""60000"", ""connectionUploadTimeout"": ""300000"", ""disableUploadTimeout"": ""FALSE"", ""executorTerminationTimeoutMillis"": ""5000"", ""keepAliveTimeout"": ""60000"", ""maxConnections"": ""8192"", ""maxHeaderCount"": ""100"", ""maxHttpHeaderSize"": ""8192"", ""maxHttpRequestHeaderSize"": ""8192"", ""maxHttpResponseHeaderSize"": ""8192"", ""maxKeepAliveRequests"": ""100"", ""maxParameterCount"": ""10000"", ""maxSwallowSize"": ""2097152"", ""maxThreads"": ""200"", ""minSpareThreads"": ""10"", ""processorCache"": ""0"", ""tcpNoDelay"": ""TRUE"", ""threadPriority"": ""5"", ""threadsMaxIdleTime"": ""60000"", ""useAsyncIO"": ""TRUE"", ""useVirtualThreads"": ""FALSE""}"
tomcat,lf05_hard07,"lambda_f=0.5, hard=0.7",3302,RQ1&2parrel,9,2235.25,21.91,2235.25,10.04186224937439,"[8, 50, 10, False]",0.0,10.041765928268433,0.0,"{""acceptCount"": ""33"", ""allowBackslash"": ""TRUE"", ""compression"": ""on"", ""compressionMinSize"": ""4516"", ""connectionTimeout"": ""459548"", ""connectionUploadTimeout"": ""277676"", ""disableUploadTimeout"": ""FALSE"", ""executorTerminationTimeoutMillis"": ""334670"", ""keepAliveTimeout"": ""395014"", ""maxConnections"": ""9595"", ""maxHeaderCount"": ""425"", ""maxHttpHeaderSize"": ""9513"", ""maxHttpRequestHeaderSize"": ""4391"", ""maxHttpResponseHeaderSize"": ""37701"", ""maxKeepAliveRequests"": ""4239"", ""maxParameterCount"": ""27575"", ""maxSwallowSize"": ""15934147"", ""maxThreads"": ""7"", ""minSpareThreads"": ""968"", ""processorCache"": ""338"", ""tcpNoDelay"": ""FALSE"", ""threadPriority"": ""6"", ""threadsMaxIdleTime"": ""162189"", ""useAsyncIO"": ""TRUE"", ""useVirtualThreads"": ""FALSE""}"
tomcat,lf05_hard07,"lambda_f=0.5, hard=0.7",3302,RQ1&2parrel,10,2134.05,23.27,2134.05,10.035921335220337,"[8, 50, 10, False]",0.0,10.035820007324219,0.0,"{""acceptCount"": ""821"", ""allowBackslash"": ""FALSE"", ""compression"": ""on"", ""compressionMinSize"": ""8773"", ""connectionTimeout"": ""333778"", ""connectionUploadTimeout"": ""29558"", ""disableUploadTimeout"": ""TRUE"", ""executorTerminationTimeoutMillis"": ""28506"", ""keepAliveTimeout"": ""368687"", ""maxConnections"": ""10461"", ""maxHeaderCount"": ""393"", ""maxHttpHeaderSize"": ""13068"", ""maxHttpRequestHeaderSize"": ""21661"", ""maxHttpResponseHeaderSize"": ""61207"", ""maxKeepAliveRequests"": ""4031"", ""maxParameterCount"": ""99703"", ""maxSwallowSize"": ""5058478"", ""maxThreads"": ""222"", ""minSpareThreads"": ""256"", ""processorCache"": ""213"", ""tcpNoDelay"": ""TRUE"", ""threadPriority"": ""8"", ""threadsMaxIdleTime"": ""550310"", ""useAsyncIO"": ""FALSE"", ""useVirtualThreads"": ""TRUE""}"
tomcat,lf05_hard07,"lambda_f=0.5, hard=0.7",3302,RQ1&2parrel,11,2114.2,23.42,2114.2,10.040234327316284,"[8, 50, 10, False]",0.0,10.040141105651855,0.0,"{""acceptCount"": ""635"", ""allowBackslash"": ""TRUE"", ""compression"": ""force"", ""compressionMinSize"": ""9094"", ""connectionTimeout"": ""241900"", ""connectionUploadTimeout"": ""464453"", ""disableUploadTimeout"": ""TRUE"", ""executorTerminationTimeoutMillis"": ""394309"", ""keepAliveTimeout"": ""577391"", ""maxConnections"": ""9051"", ""maxHeaderCount"": ""971"", ""maxHttpHeaderSize"": ""29109"", ""maxHttpRequestHeaderSize"": ""45035"", ""maxHttpResponseHeaderSize"": ""58261"", ""maxKeepAliveRequests"": ""4558"", ""maxParameterCount"": ""91897"", ""maxSwallowSize"": ""20918700"", ""maxThreads"": ""110"", ""minSpareThreads"": ""545"", ""processorCache"": ""281"", ""tcpNoDelay"": ""TRUE"", ""threadPriority"": ""4"", ""threadsMaxIdleTime"": ""339158"", ""useAsyncIO"": ""FALSE"", ""useVirtualThreads"": ""TRUE""}"
tomcat,lf05_hard07,"lambda_f=0.5, hard=0.7",3302,RQ1&2parrel,12,2260.05,24.7,2260.05,10.031984567642212,"[8, 50, 10, False]",0.0,10.031895160675049,0.0,"{""acceptCount"": ""471"", ""allowBackslash"": ""FALSE"", ""compression"": ""force"", ""compressionMinSize"": ""2918"", ""connectionTimeout"": ""106187"", ""connectionUploadTimeout"": ""441142"", ""disableUploadTimeout"": ""FALSE"", ""executorTerminationTimeoutMillis"": ""100473"", ""keepAliveTimeout"": ""458486"", ""maxConnections"": ""11012"", ""maxHeaderCount"": ""941"", ""maxHttpHeaderSize"": ""25553"", ""maxHttpRequestHeaderSize"": ""62308"", ""maxHttpResponseHeaderSize"": ""41092"", ""maxKeepAliveRequests"": ""4966"", ""maxParameterCount"": ""32259"", ""maxSwallowSize"": ""33110"", ""maxThreads"": ""313"", ""minSpareThreads"": ""242"", ""processorCache"": ""355"", ""tcpNoDelay"": ""FALSE"", ""threadPriority"": ""2"", ""threadsMaxIdleTime"": ""148336"", ""useAsyncIO"": ""TRUE"", ""useVirtualThreads"": ""FALSE""}"
tomcat,lf05_hard07,"lambda_f=0.5, hard=0.7",3302,RQ1&2parrel,13,2204.04,23.91,2204.04,10.032509088516235,"[8, 50, 10, False]",0.0,10.032418251037598,0.0,"{""acceptCount"": ""374"", ""allowBackslash"": ""TRUE"", ""compression"": ""force"", ""compressionMinSize"": ""3007"", ""connectionTimeout"": ""235574"", ""connectionUploadTimeout"": ""172428"", ""disableUploadTimeout"": ""TRUE"", ""executorTerminationTimeoutMillis"": ""522249"", ""keepAliveTimeout"": ""417625"", ""maxConnections"": ""14020"", ""maxHeaderCount"": ""577"", ""maxHttpHeaderSize"": ""9718"", ""maxHttpRequestHeaderSize"": ""18806"", ""maxHttpResponseHeaderSize"": ""18845"", ""maxKeepAliveRequests"": ""492"", ""maxParameterCount"": ""13466"", ""maxSwallowSize"": ""1980741"", ""maxThreads"": ""363"", ""minSpareThreads"": ""466"", ""processorCache"": ""75"", ""tcpNoDelay"": ""TRUE"", ""threadPriority"": ""2"", ""threadsMaxIdleTime"": ""132900"", ""useAsyncIO"": ""FALSE"", ""useVirtualThreads"": ""FALSE""}"
tomcat,lf05_hard07,"lambda_f=0.5, hard=0.7",3302,RQ1&2parrel,14,2329.72,25.58,2329.72,10.034657955169678,"[8, 50, 10, False]",0.0,10.034569501876831,0.0,"{""acceptCount"": ""936"", ""allowBackslash"": ""TRUE"", ""compression"": ""on"", ""compressionMinSize"": ""7288"", ""connectionTimeout"": ""195518"", ""connectionUploadTimeout"": ""237629"", ""disableUploadTimeout"": ""TRUE"", ""executorTerminationTimeoutMillis"": ""44919"", ""keepAliveTimeout"": ""503151"", ""maxConnections"": ""16058"", ""maxHeaderCount"": ""86"", ""maxHttpHeaderSize"": ""28683"", ""maxHttpRequestHeaderSize"": ""52380"", ""maxHttpResponseHeaderSize"": ""62587"", ""maxKeepAliveRequests"": ""2334"", ""maxParameterCount"": ""26283"", ""maxSwallowSize"": ""9868443"", ""maxThreads"": ""234"", ""minSpareThreads"": ""549"", ""processorCache"": ""56"", ""tcpNoDelay"": ""TRUE"", ""threadPriority"": ""3"", ""threadsMaxIdleTime"": ""185216"", ""useAsyncIO"": ""TRUE"", ""useVirtualThreads"": ""FALSE""}"
tomcat,lf05_hard07,"lambda_f=0.5, hard=0.7",3302,RQ1&2parrel,15,2316.46,23.18,2316.46,10.03257155418396,"[8, 50, 10, False]",0.0,10.03248143196106,0.0,"{""acceptCount"": ""625"", ""allowBackslash"": ""FALSE"", ""compression"": ""force"", ""compressionMinSize"": ""5690"", ""connectionTimeout"": ""436446"", ""connectionUploadTimeout"": ""410511"", ""disableUploadTimeout"": ""TRUE"", ""executorTerminationTimeoutMillis"": ""429481"", ""keepAliveTimeout"": ""444667"", ""maxConnections"": ""4665"", ""maxHeaderCount"": ""539"", ""maxHttpHeaderSize"": ""12466"", ""maxHttpRequestHeaderSize"": ""12762"", ""maxHttpResponseHeaderSize"": ""63961"", ""maxKeepAliveRequests"": ""1568"", ""maxParameterCount"": ""34088"", ""maxSwallowSize"": ""15284377"", ""maxThreads"": ""148"", ""minSpareThreads"": ""276"", ""processorCache"": ""39"", ""tcpNoDelay"": ""TRUE"", ""threadPriority"": ""7"", ""threadsMaxIdleTime"": ""125391"", ""useAsyncIO"": ""TRUE"", ""useVirtualThreads"": ""FALSE""}"
tomcat,lf05_hard07,"lambda_f=0.5, hard=0.7",3302,RQ1&2parrel,16,2210.96,22.45,2210.96,10.029950618743896,"[8, 50, 10, False]",0.0,10.02985668182373,0.0,"{""acceptCount"": ""274"", ""allowBackslash"": ""TRUE"", ""compression"": ""force"", ""compressionMinSize"": ""1503"", ""connectionTimeout"": ""563204"", ""connectionUploadTimeout"": ""499518"", ""disableUploadTimeout"": ""FALSE"", ""executorTerminationTimeoutMillis"": ""126247"", ""keepAliveTimeout"": ""319902"", ""maxConnections"": ""15361"", ""maxHeaderCount"": ""506"", ""maxHttpHeaderSize"": ""16023"", ""maxHttpRequestHeaderSize"": ""28002"", ""maxHttpResponseHeaderSize"": ""34376"", ""maxKeepAliveRequests"": ""1390"", ""maxParameterCount"": ""93092"", ""maxSwallowSize"": ""5708205"", ""maxThreads"": ""331"", ""minSpareThreads"": ""941"", ""processorCache"": ""113"", ""tcpNoDelay"": ""FALSE"", ""threadPriority"": ""9"", ""threadsMaxIdleTime"": ""362117"", ""useAsyncIO"": ""FALSE"", ""useVirtualThreads"": ""TRUE""}"
tomcat,lf05_hard07,"lambda_f=0.5, hard=0.7",3302,RQ1&2parrel,17,2152.48,23.23,2152.48,10.02743911743164,"[8, 50, 10, False]",0.0,10.027337551116943,0.0,"{""acceptCount"": ""638"", ""allowBackslash"": ""FALSE"", ""compression"": ""off"", ""compressionMinSize"": ""2760"", ""connectionTimeout"": ""496342"", ""connectionUploadTimeout"": ""480616"", ""disableUploadTimeout"": ""TRUE"", ""executorTerminationTimeoutMillis"": ""363355"", ""keepAliveTimeout"": ""84426"", ""maxConnections"": ""18271"", ""maxHeaderCount"": ""876"", ""maxHttpHeaderSize"": ""9076"", ""maxHttpRequestHeaderSize"": ""25703"", ""maxHttpResponseHeaderSize"": ""57067"", ""maxKeepAliveRequests"": ""2181"", ""maxParameterCount"": ""50319"", ""maxSwallowSize"": ""9492434"", ""maxThreads"": ""52"", ""minSpareThreads"": ""106"", ""processorCache"": ""178"", ""tcpNoDelay"": ""TRUE"", ""threadPriority"": ""6"", ""threadsMaxIdleTime"": ""115610"", ""useAsyncIO"": ""TRUE"", ""useVirtualThreads"": ""TRUE""}"
tomcat,lf05_hard07,"lambda_f=0.5, hard=0.7",3302,RQ1&2parrel,18,2281.0,26.5,2281.0,10.030382871627808,"[8, 50, 10, False]",0.0,10.030291318893433,0.0,"{""acceptCount"": ""474"", ""allowBackslash"": ""TRUE"", ""compression"": ""off"", ""compressionMinSize"": ""9572"", ""connectionTimeout"": ""360340"", ""connectionUploadTimeout"": ""429046"", ""disableUploadTimeout"": ""FALSE"", ""executorTerminationTimeoutMillis"": ""60748"", ""keepAliveTimeout"": ""41617"", ""maxConnections"": ""1795"", ""maxHeaderCount"": ""907"", ""maxHttpHeaderSize"": ""13648"", ""maxHttpRequestHeaderSize"": ""16558"", ""maxHttpResponseHeaderSize"": ""41714"", ""maxKeepAliveRequests"": ""2364"", ""maxParameterCount"": ""22692"", ""maxSwallowSize"": ""11541225"", ""maxThreads"": ""271"", ""minSpareThreads"": ""677"", ""processorCache"": ""55"", ""tcpNoDelay"": ""FALSE"", ""threadPriority"": ""8"", ""threadsMaxIdleTime"": ""371893"", ""useAsyncIO"": ""FALSE"", ""useVirtualThreads"": ""FALSE""}"
tomcat,lf05_hard07,"lambda_f=0.5, hard=0.7",3302,RQ1&2parrel,19,2115.24,23.52,2115.24,10.028560161590576,"[8, 50, 10, False]",0.0,10.028468370437622,0.0,"{""acceptCount"": ""390"", ""allowBackslash"": ""TRUE"", ""compression"": ""on"", ""compressionMinSize"": ""5196"", ""connectionTimeout"": ""31506"", ""connectionUploadTimeout"": ""101008"", ""disableUploadTimeout"": ""TRUE"", ""executorTerminationTimeoutMillis"": ""569287"", ""keepAliveTimeout"": ""102135"", ""maxConnections"": ""7588"", ""maxHeaderCount"": ""977"", ""maxHttpHeaderSize"": ""11331"", ""maxHttpRequestHeaderSize"": ""7387"", ""maxHttpResponseHeaderSize"": ""28779"", ""maxKeepAliveRequests"": ""762"", ""maxParameterCount"": ""96062"", ""maxSwallowSize"": ""17152520"", ""maxThreads"": ""236"", ""minSpareThreads"": ""168"", ""processorCache"": ""108"", ""tcpNoDelay"": ""TRUE"", ""threadPriority"": ""1"", ""threadsMaxIdleTime"": ""142021"", ""useAsyncIO"": ""FALSE"", ""useVirtualThreads"": ""TRUE""}"
tomcat,lf05_hard07,"lambda_f=0.5, hard=0.7",3302,RQ1&2parrel,20,2101.76,23.71,2101.76,10.030662775039673,"[8, 50, 10, False]",0.0,10.03057312965393,0.0,"{""acceptCount"": ""826"", ""allowBackslash"": ""TRUE"", ""compression"": ""force"", ""compressionMinSize"": ""4998"", ""connectionTimeout"": ""137344"", ""connectionUploadTimeout"": ""17079"", ""disableUploadTimeout"": ""TRUE"", ""executorTerminationTimeoutMillis"": ""147918"", ""keepAliveTimeout"": ""185314"", ""maxConnections"": ""2492"", ""maxHeaderCount"": ""486"", ""maxHttpHeaderSize"": ""24973"", ""maxHttpRequestHeaderSize"": ""40933"", ""maxHttpResponseHeaderSize"": ""54106"", ""maxKeepAliveRequests"": ""1419"", ""maxParameterCount"": ""58124"", ""maxSwallowSize"": ""14518581"", ""maxThreads"": ""367"", ""minSpareThreads"": ""817"", ""processorCache"": ""114"", ""tcpNoDelay"": ""TRUE"", ""threadPriority"": ""2"", ""threadsMaxIdleTime"": ""176173"", ""useAsyncIO"": ""TRUE"", ""useVirtualThreads"": ""TRUE""}"
tomcat,lf05_hard07,"lambda_f=0.5, hard=0.7",3302,RQ1&2parrel,21,2324.97,27.03,2324.97,10.025736570358276,"[8, 50, 10, False]",0.0,10.025648832321167,0.0,"{""acceptCount"": ""620"", ""allowBackslash"": ""TRUE"", ""compression"": ""off"", ""compressionMinSize"": ""1665"", ""connectionTimeout"": ""34639"", ""connectionUploadTimeout"": ""389264"", ""disableUploadTimeout"": ""TRUE"", ""executorTerminationTimeoutMillis"": ""309483"", ""keepAliveTimeout"": ""262267"", ""maxConnections"": ""12633"", ""maxHeaderCount"": ""567"", ""maxHttpHeaderSize"": ""32565"", ""maxHttpRequestHeaderSize"": ""64612"", ""maxHttpResponseHeaderSize"": ""50351"", ""maxKeepAliveRequests"": ""4190"", ""maxParameterCount"": ""23741"", ""maxSwallowSize"": ""4430880"", ""maxThreads"": ""93"", ""minSpareThreads"": ""837"", ""processorCache"": ""340"", ""tcpNoDelay"": ""TRUE"", ""threadPriority"": ""5"", ""threadsMaxIdleTime"": ""348279"", ""useAsyncIO"": ""FALSE"", ""useVirtualThreads"": ""FALSE""}"
tomcat,lf05_hard07,"lambda_f=0.5, hard=0.7",3302,RQ1&2parrel,22,2362.62,25.28,2362.62,10.033166885375977,"[8, 50, 10, False]",0.0,10.03307580947876,0.0,"{""acceptCount"": ""182"", ""allowBackslash"": ""TRUE"", ""compression"": ""force"", ""compressionMinSize"": ""8502"", ""connectionTimeout"": ""134026"", ""connectionUploadTimeout"": ""322848"", ""disableUploadTimeout"": ""TRUE"", ""executorTerminationTimeoutMillis"": ""173310"", ""keepAliveTimeout"": ""26696"", ""maxConnections"": ""17446"", ""maxHeaderCount"": ""91"", ""maxHttpHeaderSize"": ""13949"", ""maxHttpRequestHeaderSize"": ""31103"", ""maxHttpResponseHeaderSize"": ""31104"", ""maxKeepAliveRequests"": ""3610"", ""maxParameterCount"": ""36704"", ""maxSwallowSize"": ""7069983"", ""maxThreads"": ""112"", ""minSpareThreads"": ""179"", ""processorCache"": ""334"", ""tcpNoDelay"": ""TRUE"", ""threadPriority"": ""5"", ""threadsMaxIdleTime"": ""532434"", ""useAsyncIO"": ""TRUE"", ""useVirtualThreads"": ""FALSE""}"
tomcat,lf05_hard07,"lambda_f=0.5, hard=0.7",3302,RQ1&2parrel,23,2199.55,22.46,2199.55,10.023137331008911,"[8, 50, 10, False]",0.0,10.023042917251587,0.0,"{""acceptCount"": ""207"", ""allowBackslash"": ""TRUE"", ""compression"": ""force"", ""compressionMinSize"": ""7446"", ""connectionTimeout"": ""407525"", ""connectionUploadTimeout"": ""51897"", ""disableUploadTimeout"": ""FALSE"", ""executorTerminationTimeoutMillis"": ""381996"", ""keepAliveTimeout"": ""115340"", ""maxConnections"": ""13176"", ""maxHeaderCount"": ""21"", ""maxHttpHeaderSize"": ""12141"", ""maxHttpRequestHeaderSize"": ""23962"", ""maxHttpResponseHeaderSize"": ""46500"", ""maxKeepAliveRequests"": ""4509"", ""maxParameterCount"": ""56978"", ""maxSwallowSize"": ""967129"", ""maxThreads"": ""196"", ""minSpareThreads"": ""665"", ""processorCache"": ""279"", ""tcpNoDelay"": ""FALSE"", ""threadPriority"": ""7"", ""threadsMaxIdleTime"": ""152629"", ""useAsyncIO"": ""TRUE"", ""useVirtualThreads"": ""TRUE""}"
tomcat,lf05_hard07,"lambda_f=0.5, hard=0.7",3302,RQ1&2parrel,24,2133.11,23.44,2133.11,10.031387090682983,"[8, 50, 10, False]",0.0,10.031295776367188,0.0,"{""acceptCount"": ""293"", ""allowBackslash"": ""FALSE"", ""compression"": ""force"", ""compressionMinSize"": ""4147"", ""connectionTimeout"": ""432589"", ""connectionUploadTimeout"": ""371072"", ""disableUploadTimeout"": ""FALSE"", ""executorTerminationTimeoutMillis"": ""152068"", ""keepAliveTimeout"": ""140061"", ""maxConnections"": ""17750"", ""maxHeaderCount"": ""370"", ""maxHttpHeaderSize"": ""45575"", ""maxHttpRequestHeaderSize"": ""58601"", ""maxHttpResponseHeaderSize"": ""57981"", ""maxKeepAliveRequests"": ""3736"", ""maxParameterCount"": ""76051"", ""maxSwallowSize"": ""17984404"", ""maxThreads"": ""202"", ""minSpareThreads"": ""621"", ""processorCache"": ""124"", ""tcpNoDelay"": ""TRUE"", ""threadPriority"": ""5"", ""threadsMaxIdleTime"": ""402492"", ""useAsyncIO"": ""TRUE"", ""useVirtualThreads"": ""TRUE""}"
tomcat,lf05_hard07,"lambda_f=0.5, hard=0.7",3302,RQ1&2parrel,25,2342.68,26.91,2342.68,10.029728174209595,"[8, 50, 10, False]",0.0,10.029630661010742,0.0,"{""acceptCount"": ""125"", ""allowBackslash"": ""FALSE"", ""compression"": ""force"", ""compressionMinSize"": ""2083"", ""connectionTimeout"": ""423830"", ""connectionUploadTimeout"": ""358361"", ""disableUploadTimeout"": ""TRUE"", ""executorTerminationTimeoutMillis"": ""509854"", ""keepAliveTimeout"": ""479584"", ""maxConnections"": ""2022"", ""maxHeaderCount"": ""303"", ""maxHttpHeaderSize"": ""9354"", ""maxHttpRequestHeaderSize"": ""22781"", ""maxHttpResponseHeaderSize"": ""12803"", ""maxKeepAliveRequests"": ""2772"", ""maxParameterCount"": ""37830"", ""maxSwallowSize"": ""12642984"", ""maxThreads"": ""101"", ""minSpareThreads"": ""484"", ""processorCache"": ""102"", ""tcpNoDelay"": ""FALSE"", ""threadPriority"": ""5"", ""threadsMaxIdleTime"": ""251417"", ""useAsyncIO"": ""FALSE"", ""useVirtualThreads"": ""FALSE""}"
tomcat,lf05_hard07,"lambda_f=0.5, hard=0.7",3302,RQ1&2parrel,26,2352.0,25.21,2352.0,10.031742095947266,"[8, 50, 10, False]",0.0,10.031654834747314,0.0,"{""acceptCount"": ""686"", ""allowBackslash"": ""FALSE"", ""compression"": ""off"", ""compressionMinSize"": ""8045"", ""connectionTimeout"": ""307593"", ""connectionUploadTimeout"": ""424147"", ""disableUploadTimeout"": ""TRUE"", ""executorTerminationTimeoutMillis"": ""47904"", ""keepAliveTimeout"": ""394023"", ""maxConnections"": ""8058"", ""maxHeaderCount"": ""796"", ""maxHttpHeaderSize"": ""26934"", ""maxHttpRequestHeaderSize"": ""54264"", ""maxHttpResponseHeaderSize"": ""36117"", ""maxKeepAliveRequests"": ""4448"", ""maxParameterCount"": ""867"", ""maxSwallowSize"": ""20484600"", ""maxThreads"": ""97"", ""minSpareThreads"": ""501"", ""processorCache"": ""121"", ""tcpNoDelay"": ""FALSE"", ""threadPriority"": ""5"", ""threadsMaxIdleTime"": ""67894"", ""useAsyncIO"": ""TRUE"", ""useVirtualThreads"": ""FALSE""}"
tomcat,lf05_hard07,"lambda_f=0.5, hard=0.7",3302,RQ1&2parrel,27,2205.6,26.56,2205.6,10.044476747512817,"[8, 50, 10, False]",0.0,10.044388055801392,0.0,"{""acceptCount"": ""872"", ""allowBackslash"": ""TRUE"", ""compression"": ""force"", ""compressionMinSize"": ""9644"", ""connectionTimeout"": ""249326"", ""connectionUploadTimeout"": ""298137"", ""disableUploadTimeout"": ""TRUE"", ""executorTerminationTimeoutMillis"": ""413424"", ""keepAliveTimeout"": ""457115"", ""maxConnections"": ""11338"", ""maxHeaderCount"": ""343"", ""maxHttpHeaderSize"": ""11179"", ""maxHttpRequestHeaderSize"": ""12595"", ""maxHttpResponseHeaderSize"": ""33409"", ""maxKeepAliveRequests"": ""3839"", ""maxParameterCount"": ""8673"", ""maxSwallowSize"": ""4662778"", ""maxThreads"": ""385"", ""minSpareThreads"": ""290"", ""processorCache"": ""185"", ""tcpNoDelay"": ""FALSE"", ""threadPriority"": ""10"", ""threadsMaxIdleTime"": ""240369"", ""useAsyncIO"": ""TRUE"", ""useVirtualThreads"": ""FALSE""}"
tomcat,lf05_hard07,"lambda_f=0.5, hard=0.7",3302,RQ1&2parrel,28,2156.29,24.01,2156.29,10.040400981903076,"[8, 50, 10, False]",0.0,10.040308952331543,0.0,"{""acceptCount"": ""21"", ""allowBackslash"": ""FALSE"", ""compression"": ""force"", ""compressionMinSize"": ""3626"", ""connectionTimeout"": ""75241"", ""connectionUploadTimeout"": ""12618"", ""disableUploadTimeout"": ""FALSE"", ""executorTerminationTimeoutMillis"": ""118430"", ""keepAliveTimeout"": ""578442"", ""maxConnections"": ""8611"", ""maxHeaderCount"": ""374"", ""maxHttpHeaderSize"": ""15752"", ""maxHttpRequestHeaderSize"": ""29865"", ""maxHttpResponseHeaderSize"": ""64800"", ""maxKeepAliveRequests"": ""4139"", ""maxParameterCount"": ""67469"", ""maxSwallowSize"": ""16370768"", ""maxThreads"": ""194"", ""minSpareThreads"": ""986"", ""processorCache"": ""60"", ""tcpNoDelay"": ""TRUE"", ""threadPriority"": ""7"", ""threadsMaxIdleTime"": ""472134"", ""useAsyncIO"": ""FALSE"", ""useVirtualThreads"": ""TRUE""}"
tomcat,lf05_hard07,"lambda_f=0.5, hard=0.7",3302,RQ1&2parrel,29,2240.05,23.84,2240.05,10.041161298751831,"[8, 50, 10, False]",0.0,10.041070222854614,0.0,"{""acceptCount"": ""286"", ""allowBackslash"": ""FALSE"", ""compression"": ""off"", ""compressionMinSize"": ""633"", ""connectionTimeout"": ""47501"", ""connectionUploadTimeout"": ""393579"", ""disableUploadTimeout"": ""FALSE"", ""executorTerminationTimeoutMillis"": ""322420"", ""keepAliveTimeout"": ""502099"", ""maxConnections"": ""16281"", ""maxHeaderCount"": ""699"", ""maxHttpHeaderSize"": ""10037"", ""maxHttpRequestHeaderSize"": ""4813"", ""maxHttpResponseHeaderSize"": ""59983"", ""maxKeepAliveRequests"": ""1519"", ""maxParameterCount"": ""1867"", ""maxSwallowSize"": ""5323104"", ""maxThreads"": ""269"", ""minSpareThreads"": ""982"", ""processorCache"": ""286"", ""tcpNoDelay"": ""TRUE"", ""threadPriority"": ""8"", ""threadsMaxIdleTime"": ""53340"", ""useAsyncIO"": ""TRUE"", ""useVirtualThreads"": ""FALSE""}"
tomcat,lf05_hard07,"lambda_f=0.5, hard=0.7",3302,RQ1&2parrel,30,2321.89,21.58,2321.89,10.029096841812134,"[8, 50, 10, False]",0.0,10.029009342193604,0.0,"{""acceptCount"": ""575"", ""allowBackslash"": ""TRUE"", ""compression"": ""off"", ""compressionMinSize"": ""6579"", ""connectionTimeout"": ""220889"", ""connectionUploadTimeout"": ""519987"", ""disableUploadTimeout"": ""TRUE"", ""executorTerminationTimeoutMillis"": ""26840"", ""keepAliveTimeout"": ""534364"", ""maxConnections"": ""3697"", ""maxHeaderCount"": ""729"", ""maxHttpHeaderSize"": ""14609"", ""maxHttpRequestHeaderSize"": ""20053"", ""maxHttpResponseHeaderSize"": ""38798"", ""maxKeepAliveRequests"": ""1771"", ""maxParameterCount"": ""74177"", ""maxSwallowSize"": ""15710475"", ""maxThreads"": ""61"", ""minSpareThreads"": ""301"", ""processorCache"": ""359"", ""tcpNoDelay"": ""FALSE"", ""threadPriority"": ""6"", ""threadsMaxIdleTime"": ""434154"", ""useAsyncIO"": ""FALSE"", ""useVirtualThreads"": ""TRUE""}"
tomcat,lf05_hard07,"lambda_f=0.5, hard=0.7",3302,RQ1&2parrel,31,2331.78,26.96,2331.78,10.022666454315186,"[8, 50, 10, False]",0.0,10.02256727218628,0.0,"{""acceptCount"": ""701"", ""allowBackslash"": ""FALSE"", ""compression"": ""off"", ""compressionMinSize"": ""5282"", ""connectionTimeout"": ""501569"", ""connectionUploadTimeout"": ""82637"", ""disableUploadTimeout"": ""TRUE"", ""executorTerminationTimeoutMillis"": ""11581"", ""keepAliveTimeout"": ""401975"", ""maxConnections"": ""12784"", ""maxHeaderCount"": ""877"", ""maxHttpHeaderSize"": ""13131"", ""maxHttpRequestHeaderSize"": ""32432"", ""maxHttpResponseHeaderSize"": ""63389"", ""maxKeepAliveRequests"": ""1611"", ""maxParameterCount"": ""65786"", ""maxSwallowSize"": ""1410856"", ""maxThreads"": ""243"", ""minSpareThreads"": ""602"", ""processorCache"": ""310"", ""tcpNoDelay"": ""TRUE"", ""threadPriority"": ""1"", ""threadsMaxIdleTime"": ""276589"", ""useAsyncIO"": ""FALSE"", ""useVirtualThreads"": ""FALSE""}"
tomcat,lf05_hard07,"lambda_f=0.5, hard=0.7",3302,RQ1&2parrel,32,2296.98,25.75,2296.98,10.033449411392212,"[8, 50, 10, False]",0.0,10.033320188522339,0.0,"{""acceptCount"": ""184"", ""allowBackslash"": ""TRUE"", ""compression"": ""on"", ""compressionMinSize"": ""9168"", ""connectionTimeout"": ""81615"", ""connectionUploadTimeout"": ""247202"", ""disableUploadTimeout"": ""TRUE"", ""executorTerminationTimeoutMillis"": ""471688"", ""keepAliveTimeout"": ""346023"", ""maxConnections"": ""3804"", ""maxHeaderCount"": ""452"", ""maxHttpHeaderSize"": ""5828"", ""maxHttpRequestHeaderSize"": ""6087"", ""maxHttpResponseHeaderSize"": ""23778"", ""maxKeepAliveRequests"": ""631"", ""maxParameterCount"": ""4338"", ""maxSwallowSize"": ""10604671"", ""maxThreads"": ""356"", ""minSpareThreads"": ""28"", ""processorCache"": ""318"", ""tcpNoDelay"": ""FALSE"", ""threadPriority"": ""2"", ""threadsMaxIdleTime"": ""78261"", ""useAsyncIO"": ""FALSE"", ""useVirtualThreads"": ""FALSE""}"
tomcat,lf05_hard07,"lambda_f=0.5, hard=0.7",3302,RQ1&2parrel,33,2445.04,24.59,2445.04,10.021419048309326,"[8, 50, 10, False]",0.0,10.021321058273315,0.0,"{""acceptCount"": ""989"", ""allowBackslash"": ""FALSE"", ""compression"": ""force"", ""compressionMinSize"": ""3169"", ""connectionTimeout"": ""72304"", ""connectionUploadTimeout"": ""188447"", ""disableUploadTimeout"": ""FALSE"", ""executorTerminationTimeoutMillis"": ""189276"", ""keepAliveTimeout"": ""370895"", ""maxConnections"": ""537"", ""maxHeaderCount"": ""67"", ""maxHttpHeaderSize"": ""5522"", ""maxHttpRequestHeaderSize"": ""1283"", ""maxHttpResponseHeaderSize"": ""43539"", ""maxKeepAliveRequests"": ""3730"", ""maxParameterCount"": ""51688"", ""maxSwallowSize"": ""6033534"", ""maxThreads"": ""179"", ""minSpareThreads"": ""417"", ""processorCache"": ""145"", ""tcpNoDelay"": ""TRUE"", ""threadPriority"": ""9"", ""threadsMaxIdleTime"": ""512778"", ""useAsyncIO"": ""TRUE"", ""useVirtualThreads"": ""FALSE""}"
tomcat,lf05_hard07,"lambda_f=0.5, hard=0.7",3302,RQ1&2parrel,34,2258.47,22.14,2258.47,10.015944480895996,"[8, 50, 10, False]",0.0,10.015856504440308,0.0,"{""acceptCount"": ""532"", ""allowBackslash"": ""TRUE"", ""compression"": ""force"", ""compressionMinSize"": ""3454"", ""connectionTimeout"": ""65754"", ""connectionUploadTimeout"": ""286424"", ""disableUploadTimeout"": ""FALSE"", ""executorTerminationTimeoutMillis"": ""105599"", ""keepAliveTimeout"": ""369481"", ""maxConnections"": ""538"", ""maxHeaderCount"": ""57"", ""maxHttpHeaderSize"": ""4123"", ""maxHttpRequestHeaderSize"": ""1583"", ""maxHttpResponseHeaderSize"": ""26078"", ""maxKeepAliveRequests"": ""4874"", ""maxParameterCount"": ""25814"", ""maxSwallowSize"": ""14783668"", ""maxThreads"": ""179"", ""minSpareThreads"": ""417"", ""processorCache"": ""254"", ""tcpNoDelay"": ""TRUE"", ""threadPriority"": ""9"", ""threadsMaxIdleTime"": ""592695"", ""useAsyncIO"": ""FALSE"", ""useVirtualThreads"": ""TRUE""}"
tomcat,lf05_hard07,"lambda_f=0.5, hard=0.7",3302,RQ1&2parrel,35,2278.05,21.98,2278.05,10.020735263824463,"[8, 50, 10, False]",0.0,10.02064061164856,0.0,"{""acceptCount"": ""154"", ""allowBackslash"": ""TRUE"", ""compression"": ""force"", ""compressionMinSize"": ""9141"", ""connectionTimeout"": ""198365"", ""connectionUploadTimeout"": ""99475"", ""disableUploadTimeout"": ""TRUE"", ""executorTerminationTimeoutMillis"": ""492505"", ""keepAliveTimeout"": ""403086"", ""maxConnections"": ""19527"", ""maxHeaderCount"": ""99"", ""maxHttpHeaderSize"": ""950"", ""maxHttpRequestHeaderSize"": ""24650"", ""maxHttpResponseHeaderSize"": ""54861"", ""maxKeepAliveRequests"": ""3312"", ""maxParameterCount"": ""24061"", ""maxSwallowSize"": ""14959125"", ""maxThreads"": ""400"", ""minSpareThreads"": ""862"", ""processorCache"": ""19"", ""tcpNoDelay"": ""FALSE"", ""threadPriority"": ""8"", ""threadsMaxIdleTime"": ""274714"", ""useAsyncIO"": ""FALSE"", ""useVirtualThreads"": ""TRUE""}"
tomcat,lf05_hard07,"lambda_f=0.5, hard=0.7",3302,RQ1&2parrel,36,2234.59,22.49,2234.59,10.052726984024048,"[8, 50, 10, False]",0.0,10.052642107009888,0.0,"{""acceptCount"": ""218"", ""allowBackslash"": ""TRUE"", ""compression"": ""on"", ""compressionMinSize"": ""3612"", ""connectionTimeout"": ""302952"", ""connectionUploadTimeout"": ""105284"", ""disableUploadTimeout"": ""TRUE"", ""executorTerminationTimeoutMillis"": ""187677"", ""keepAliveTimeout"": ""420970"", ""maxConnections"": ""7465"", ""maxHeaderCount"": ""356"", ""maxHttpHeaderSize"": ""6903"", ""maxHttpRequestHeaderSize"": ""49610"", ""maxHttpResponseHeaderSize"": ""19314"", ""maxKeepAliveRequests"": ""4479"", ""maxParameterCount"": ""12858"", ""maxSwallowSize"": ""11937735"", ""maxThreads"": ""233"", ""minSpareThreads"": ""500"", ""processorCache"": ""149"", ""tcpNoDelay"": ""FALSE"", ""threadPriority"": ""4"", ""threadsMaxIdleTime"": ""53981"", ""useAsyncIO"": ""TRUE"", ""useVirtualThreads"": ""TRUE""}"
tomcat,lf05_hard07,"lambda_f=0.5, hard=0.7",3302,RQ1&2parrel,37,2474.63,24.4,2474.63,10.064591646194458,"[8, 50, 10, False]",0.0,10.064496517181396,0.0,"{""acceptCount"": ""489"", ""allowBackslash"": ""TRUE"", ""compression"": ""off"", ""compressionMinSize"": ""6703"", ""connectionTimeout"": ""11627"", ""connectionUploadTimeout"": ""312538"", ""disableUploadTimeout"": ""TRUE"", ""executorTerminationTimeoutMillis"": ""423370"", ""keepAliveTimeout"": ""52413"", ""maxConnections"": ""8510"", ""maxHeaderCount"": ""549"", ""maxHttpHeaderSize"": ""20277"", ""maxHttpRequestHeaderSize"": ""33460"", ""maxHttpResponseHeaderSize"": ""58325"", ""maxKeepAliveRequests"": ""3023"", ""maxParameterCount"": ""61997"", ""maxSwallowSize"": ""1708331"", ""maxThreads"": ""360"", ""minSpareThreads"": ""209"", ""processorCache"": ""319"", ""tcpNoDelay"": ""TRUE"", ""threadPriority"": ""4"", ""threadsMaxIdleTime"": ""162344"", ""useAsyncIO"": ""TRUE"", ""useVirtualThreads"": ""FALSE""}"
tomcat,lf05_hard07,"lambda_f=0.5, hard=0.7",3302,RQ1&2parrel,38,2342.12,25.99,2342.12,10.060371398925781,"[8, 50, 10, False]",0.0,10.060278415679932,0.0,"{""acceptCount"": ""492"", ""allowBackslash"": ""TRUE"", ""compression"": ""off"", ""compressionMinSize"": ""6703"", ""connectionTimeout"": ""11627"", ""connectionUploadTimeout"": ""526069"", ""disableUploadTimeout"": ""TRUE"", ""executorTerminationTimeoutMillis"": ""423370"", ""keepAliveTimeout"": ""52413"", ""maxConnections"": ""8576"", ""maxHeaderCount"": ""876"", ""maxHttpHeaderSize"": ""20277"", ""maxHttpRequestHeaderSize"": ""33412"", ""maxHttpResponseHeaderSize"": ""58146"", ""maxKeepAliveRequests"": ""3040"", ""maxParameterCount"": ""62160"", ""maxSwallowSize"": ""1708331"", ""maxThreads"": ""268"", ""minSpareThreads"": ""209"", ""processorCache"": ""319"", ""tcpNoDelay"": ""TRUE"", ""threadPriority"": ""4"", ""threadsMaxIdleTime"": ""162344"", ""useAsyncIO"": ""TRUE"", ""useVirtualThreads"": ""FALSE""}"
tomcat,lf05_hard07,"lambda_f=0.5, hard=0.7",3302,RQ1&2parrel,39,2393.9,24.36,2393.9,10.053414583206177,"[8, 50, 10, False]",0.0,10.05332326889038,0.0,"{""acceptCount"": ""336"", ""allowBackslash"": ""TRUE"", ""compression"": ""force"", ""compressionMinSize"": ""7666"", ""connectionTimeout"": ""170372"", ""connectionUploadTimeout"": ""244138"", ""disableUploadTimeout"": ""TRUE"", ""executorTerminationTimeoutMillis"": ""308220"", ""keepAliveTimeout"": ""22792"", ""maxConnections"": ""7572"", ""maxHeaderCount"": ""449"", ""maxHttpHeaderSize"": ""19243"", ""maxHttpRequestHeaderSize"": ""34020"", ""maxHttpResponseHeaderSize"": ""52523"", ""maxKeepAliveRequests"": ""2695"", ""maxParameterCount"": ""85056"", ""maxSwallowSize"": ""1495089"", ""maxThreads"": ""319"", ""minSpareThreads"": ""167"", ""processorCache"": ""305"", ""tcpNoDelay"": ""TRUE"", ""threadPriority"": ""4"", ""threadsMaxIdleTime"": ""232746"", ""useAsyncIO"": ""TRUE"", ""useVirtualThreads"": ""FALSE""}"
tomcat,lf05_hard07,"lambda_f=0.5, hard=0.7",3302,RQ1&2parrel,40,2181.2,27.25,2181.2,10.046538829803467,"[8, 50, 10, False]",0.0,10.04644250869751,0.0,"{""acceptCount"": ""697"", ""allowBackslash"": ""TRUE"", ""compression"": ""force"", ""compressionMinSize"": ""8354"", ""connectionTimeout"": ""12932"", ""connectionUploadTimeout"": ""312579"", ""disableUploadTimeout"": ""FALSE"", ""executorTerminationTimeoutMillis"": ""413592"", ""keepAliveTimeout"": ""52413"", ""maxConnections"": ""8518"", ""maxHeaderCount"": ""582"", ""maxHttpHeaderSize"": ""32593"", ""maxHttpRequestHeaderSize"": ""33458"", ""maxHttpResponseHeaderSize"": ""57472"", ""maxKeepAliveRequests"": ""3020"", ""maxParameterCount"": ""61823"", ""maxSwallowSize"": ""1754199"", ""maxThreads"": ""354"", ""minSpareThreads"": ""209"", ""processorCache"": ""319"", ""tcpNoDelay"": ""TRUE"", ""threadPriority"": ""4"", ""threadsMaxIdleTime"": ""317096"", ""useAsyncIO"": ""TRUE"", ""useVirtualThreads"": ""FALSE""}"
tomcat,lf05_hard07,"lambda_f=0.5, hard=0.7",3302,RQ1&2parrel,41,2242.33,24.73,2242.33,10.02770733833313,"[8, 50, 10, False]",0.0,10.02756643295288,0.0,"{""acceptCount"": ""489"", ""allowBackslash"": ""TRUE"", ""compression"": ""off"", ""compressionMinSize"": ""6699"", ""connectionTimeout"": ""12972"", ""connectionUploadTimeout"": ""308792"", ""disableUploadTimeout"": ""TRUE"", ""executorTerminationTimeoutMillis"": ""454832"", ""keepAliveTimeout"": ""40093"", ""maxConnections"": ""8694"", ""maxHeaderCount"": ""549"", ""maxHttpHeaderSize"": ""22406"", ""maxHttpRequestHeaderSize"": ""33816"", ""maxHttpResponseHeaderSize"": ""56511"", ""maxKeepAliveRequests"": ""2991"", ""maxParameterCount"": ""61728"", ""maxSwallowSize"": ""1496380"", ""maxThreads"": ""356"", ""minSpareThreads"": ""209"", ""processorCache"": ""318"", ""tcpNoDelay"": ""TRUE"", ""threadPriority"": ""4"", ""threadsMaxIdleTime"": ""147170"", ""useAsyncIO"": ""TRUE"", ""useVirtualThreads"": ""FALSE""}"
tomcat,lf05_hard07,"lambda_f=0.5, hard=0.7",3302,RQ1&2parrel,42,2441.4,24.47,2441.4,10.028636932373047,"[8, 50, 10, False]",0.0,10.028548002243042,0.0,"{""acceptCount"": ""489"", ""allowBackslash"": ""TRUE"", ""compression"": ""force"", ""compressionMinSize"": ""6703"", ""connectionTimeout"": ""11627"", ""connectionUploadTimeout"": ""312538"", ""disableUploadTimeout"": ""TRUE"", ""executorTerminationTimeoutMillis"": ""423370"", ""keepAliveTimeout"": ""52413"", ""maxConnections"": ""8510"", ""maxHeaderCount"": ""549"", ""maxHttpHeaderSize"": ""20277"", ""maxHttpRequestHeaderSize"": ""33460"", ""maxHttpResponseHeaderSize"": ""58325"", ""maxKeepAliveRequests"": ""3023"", ""maxParameterCount"": ""61997"", ""maxSwallowSize"": ""1708331"", ""maxThreads"": ""360"", ""minSpareThreads"": ""209"", ""processorCache"": ""319"", ""tcpNoDelay"": ""TRUE"", ""threadPriority"": ""4"", ""threadsMaxIdleTime"": ""162344"", ""useAsyncIO"": ""TRUE"", ""useVirtualThreads"": ""FALSE""}"
tomcat,lf05_hard07,"lambda_f=0.5, hard=0.7",3302,RQ1&2parrel,43,2449.63,27.51,2449.63,10.026745319366455,"[8, 50, 10, False]",0.0,10.026648998260498,0.0,"{""acceptCount"": ""421"", ""allowBackslash"": ""FALSE"", ""compression"": ""force"", ""compressionMinSize"": ""893"", ""connectionTimeout"": ""496993"", ""connectionUploadTimeout"": ""309394"", ""disableUploadTimeout"": ""TRUE"", ""executorTerminationTimeoutMillis"": ""210946"", ""keepAliveTimeout"": ""209354"", ""maxConnections"": ""17316"", ""maxHeaderCount"": ""926"", ""maxHttpHeaderSize"": ""20553"", ""maxHttpRequestHeaderSize"": ""61488"", ""maxHttpResponseHeaderSize"": ""65333"", ""maxKeepAliveRequests"": ""3466"", ""maxParameterCount"": ""99535"", ""maxSwallowSize"": ""15499033"", ""maxThreads"": ""118"", ""minSpareThreads"": ""295"", ""processorCache"": ""146"", ""tcpNoDelay"": ""FALSE"", ""threadPriority"": ""2"", ""threadsMaxIdleTime"": ""26688"", ""useAsyncIO"": ""FALSE"", ""useVirtualThreads"": ""FALSE""}"
tomcat,lf05_hard07,"lambda_f=0.5, hard=0.7",3302,RQ1&2parrel,44,2222.15,22.35,2222.15,10.025887727737427,"[8, 50, 10, False]",0.0,10.025766372680664,0.0,"{""acceptCount"": ""891"", ""allowBackslash"": ""TRUE"", ""compression"": ""off"", ""compressionMinSize"": ""6521"", ""connectionTimeout"": ""318744"", ""connectionUploadTimeout"": ""359240"", ""disableUploadTimeout"": ""FALSE"", ""executorTerminationTimeoutMillis"": ""471338"", ""keepAliveTimeout"": ""522532"", ""maxConnections"": ""4436"", ""maxHeaderCount"": ""948"", ""maxHttpHeaderSize"": ""7027"", ""maxHttpRequestHeaderSize"": ""34328"", ""maxHttpResponseHeaderSize"": ""57240"", ""maxKeepAliveRequests"": ""3795"", ""maxParameterCount"": ""86826"", ""maxSwallowSize"": ""2093474"", ""maxThreads"": ""159"", ""minSpareThreads"": ""164"", ""processorCache"": ""299"", ""tcpNoDelay"": ""FALSE"", ""threadPriority"": ""6"", ""threadsMaxIdleTime"": ""370630"", ""useAsyncIO"": ""FALSE"", ""useVirtualThreads"": ""TRUE""}"
tomcat,lf05_hard07,"lambda_f=0.5, hard=0.7",3302,RQ1&2parrel,45,2274.82,21.92,2274.82,10.033448934555054,"[8, 50, 10, False]",0.0,10.033354997634888,0.0,"{""acceptCount"": ""569"", ""allowBackslash"": ""FALSE"", ""compression"": ""force"", ""compressionMinSize"": ""1556"", ""connectionTimeout"": ""196492"", ""connectionUploadTimeout"": ""320449"", ""disableUploadTimeout"": ""FALSE"", ""executorTerminationTimeoutMillis"": ""285122"", ""keepAliveTimeout"": ""359483"", ""maxConnections"": ""8026"", ""maxHeaderCount"": ""294"", ""maxHttpHeaderSize"": ""9831"", ""maxHttpRequestHeaderSize"": ""61210"", ""maxHttpResponseHeaderSize"": ""12183"", ""maxKeepAliveRequests"": ""2346"", ""maxParameterCount"": ""17198"", ""maxSwallowSize"": ""14616359"", ""maxThreads"": ""18"", ""minSpareThreads"": ""540"", ""processorCache"": ""154"", ""tcpNoDelay"": ""FALSE"", ""threadPriority"": ""3"", ""threadsMaxIdleTime"": ""224730"", ""useAsyncIO"": ""TRUE"", ""useVirtualThreads"": ""TRUE""}"
tomcat,lf05_hard07,"lambda_f=0.5, hard=0.7",3302,RQ1&2parrel,46,2221.63,22.45,2221.63,10.032365798950195,"[8, 50, 10, False]",0.0,10.032270908355713,0.0,"{""acceptCount"": ""599"", ""allowBackslash"": ""FALSE"", ""compression"": ""force"", ""compressionMinSize"": ""9935"", ""connectionTimeout"": ""412798"", ""connectionUploadTimeout"": ""321950"", ""disableUploadTimeout"": ""TRUE"", ""executorTerminationTimeoutMillis"": ""73277"", ""keepAliveTimeout"": ""269169"", ""maxConnections"": ""3848"", ""maxHeaderCount"": ""584"", ""maxHttpHeaderSize"": ""10804"", ""maxHttpRequestHeaderSize"": ""45948"", ""maxHttpResponseHeaderSize"": ""53488"", ""maxKeepAliveRequests"": ""2873"", ""maxParameterCount"": ""43168"", ""maxSwallowSize"": ""17940820"", ""maxThreads"": ""289"", ""minSpareThreads"": ""527"", ""processorCache"": ""187"", ""tcpNoDelay"": ""FALSE"", ""threadPriority"": ""9"", ""threadsMaxIdleTime"": ""455295"", ""useAsyncIO"": ""FALSE"", ""useVirtualThreads"": ""TRUE""}"
tomcat,lf05_hard07,"lambda_f=0.5, hard=0.7",3302,RQ1&2parrel,47,2210.06,30.06,2210.06,10.041096448898315,"[8, 50, 10, False]",0.0,10.04092264175415,0.0,"{""acceptCount"": ""489"", ""allowBackslash"": ""TRUE"", ""compression"": ""off"", ""compressionMinSize"": ""6703"", ""connectionTimeout"": ""11627"", ""connectionUploadTimeout"": ""312538"", ""disableUploadTimeout"": ""TRUE"", ""executorTerminationTimeoutMillis"": ""423370"", ""keepAliveTimeout"": ""52413"", ""maxConnections"": ""8510"", ""maxHeaderCount"": ""549"", ""maxHttpHeaderSize"": ""20277"", ""maxHttpRequestHeaderSize"": ""33460"", ""maxHttpResponseHeaderSize"": ""58325"", ""maxKeepAliveRequests"": ""3023"", ""maxParameterCount"": ""61997"", ""maxSwallowSize"": ""1708331"", ""maxThreads"": ""360"", ""minSpareThreads"": ""259"", ""processorCache"": ""319"", ""tcpNoDelay"": ""TRUE"", ""threadPriority"": ""4"", ""threadsMaxIdleTime"": ""162344"", ""useAsyncIO"": ""TRUE"", ""useVirtualThreads"": ""FALSE""}"
tomcat,lf05_hard07,"lambda_f=0.5, hard=0.7",3302,RQ1&2parrel,48,2360.0,25.32,2360.0,10.030640125274658,"[8, 50, 10, False]",0.0,10.03054165840149,0.0,"{""acceptCount"": ""664"", ""allowBackslash"": ""TRUE"", ""compression"": ""force"", ""compressionMinSize"": ""9857"", ""connectionTimeout"": ""421008"", ""connectionUploadTimeout"": ""137096"", ""disableUploadTimeout"": ""FALSE"", ""executorTerminationTimeoutMillis"": ""267316"", ""keepAliveTimeout"": ""595363"", ""maxConnections"": ""10515"", ""maxHeaderCount"": ""125"", ""maxHttpHeaderSize"": ""2505"", ""maxHttpRequestHeaderSize"": ""59024"", ""maxHttpResponseHeaderSize"": ""51422"", ""maxKeepAliveRequests"": ""1805"", ""maxParameterCount"": ""46187"", ""maxSwallowSize"": ""12995210"", ""maxThreads"": ""284"", ""minSpareThreads"": ""176"", ""processorCache"": ""74"", ""tcpNoDelay"": ""FALSE"", ""threadPriority"": ""9"", ""threadsMaxIdleTime"": ""153673"", ""useAsyncIO"": ""TRUE"", ""useVirtualThreads"": ""FALSE""}"
tomcat,lf05_hard07,"lambda_f=0.5, hard=0.7",3302,RQ1&2parrel,49,2088.22,24.04,2088.22,10.054160833358765,"[8, 50, 10, False]",0.0,10.054061651229858,0.0,"{""acceptCount"": ""617"", ""allowBackslash"": ""FALSE"", ""compression"": ""off"", ""compressionMinSize"": ""9214"", ""connectionTimeout"": ""53627"", ""connectionUploadTimeout"": ""354121"", ""disableUploadTimeout"": ""TRUE"", ""executorTerminationTimeoutMillis"": ""296045"", ""keepAliveTimeout"": ""188097"", ""maxConnections"": ""695"", ""maxHeaderCount"": ""398"", ""maxHttpHeaderSize"": ""48257"", ""maxHttpRequestHeaderSize"": ""50398"", ""maxHttpResponseHeaderSize"": ""61896"", ""maxKeepAliveRequests"": ""3179"", ""maxParameterCount"": ""56781"", ""maxSwallowSize"": ""2775156"", ""maxThreads"": ""184"", ""minSpareThreads"": ""137"", ""processorCache"": ""352"", ""tcpNoDelay"": ""TRUE"", ""threadPriority"": ""1"", ""threadsMaxIdleTime"": ""318815"", ""useAsyncIO"": ""TRUE"", ""useVirtualThreads"": ""TRUE""}"
tomcat,lf05_hard07,"lambda_f=0.5, hard=0.7",3302,RQ1&2parrel,50,2334.35,23.32,2334.35,10.050409078598022,"[8, 50, 10, False]",0.0,10.050319910049438,0.0,"{""acceptCount"": ""494"", ""allowBackslash"": ""TRUE"", ""compression"": ""off"", ""compressionMinSize"": ""6902"", ""connectionTimeout"": ""55999"", ""connectionUploadTimeout"": ""312538"", ""disableUploadTimeout"": ""TRUE"", ""executorTerminationTimeoutMillis"": ""426737"", ""keepAliveTimeout"": ""52413"", ""maxConnections"": ""8510"", ""maxHeaderCount"": ""549"", ""maxHttpHeaderSize"": ""20277"", ""maxHttpRequestHeaderSize"": ""33811"", ""maxHttpResponseHeaderSize"": ""58325"", ""maxKeepAliveRequests"": ""2814"", ""maxParameterCount"": ""62526"", ""maxSwallowSize"": ""1708331"", ""maxThreads"": ""360"", ""minSpareThreads"": ""209"", ""processorCache"": ""316"", ""tcpNoDelay"": ""TRUE"", ""threadPriority"": ""4"", ""threadsMaxIdleTime"": ""162344"", ""useAsyncIO"": ""TRUE"", ""useVirtualThreads"": ""FALSE""}"
tomcat,lf05_hard07,"lambda_f=0.5, hard=0.7",3302,RQ1&2parrel,51,2398.73,27.3,2398.73,10.028921604156494,"[8, 50, 10, False]",0.0,10.028799295425415,0.0,"{""acceptCount"": ""813"", ""allowBackslash"": ""TRUE"", ""compression"": ""force"", ""compressionMinSize"": ""6933"", ""connectionTimeout"": ""157485"", ""connectionUploadTimeout"": ""104854"", ""disableUploadTimeout"": ""FALSE"", ""executorTerminationTimeoutMillis"": ""320642"", ""keepAliveTimeout"": ""133496"", ""maxConnections"": ""10501"", ""maxHeaderCount"": ""359"", ""maxHttpHeaderSize"": ""8180"", ""maxHttpRequestHeaderSize"": ""30326"", ""maxHttpResponseHeaderSize"": ""9989"", ""maxKeepAliveRequests"": ""3765"", ""maxParameterCount"": ""39328"", ""maxSwallowSize"": ""20727014"", ""maxThreads"": ""261"", ""minSpareThreads"": ""873"", ""processorCache"": ""162"", ""tcpNoDelay"": ""TRUE"", ""threadPriority"": ""6"", ""threadsMaxIdleTime"": ""459300"", ""useAsyncIO"": ""TRUE"", ""useVirtualThreads"": ""FALSE""}"
tomcat,lf05_hard07,"lambda_f=0.5, hard=0.7",3302,RQ1&2parrel,52,2284.69,21.83,2284.69,10.02446436882019,"[8, 50, 10, False]",0.0,10.02437162399292,0.0,"{""acceptCount"": ""87"", ""allowBackslash"": ""FALSE"", ""compression"": ""on"", ""compressionMinSize"": ""6706"", ""connectionTimeout"": ""16894"", ""connectionUploadTimeout"": ""306428"", ""disableUploadTimeout"": ""FALSE"", ""executorTerminationTimeoutMillis"": ""504553"", ""keepAliveTimeout"": ""52413"", ""maxConnections"": ""15596"", ""maxHeaderCount"": ""549"", ""maxHttpHeaderSize"": ""2373"", ""maxHttpRequestHeaderSize"": ""60553"", ""maxHttpResponseHeaderSize"": ""42691"", ""maxKeepAliveRequests"": ""3353"", ""maxParameterCount"": ""62147"", ""maxSwallowSize"": ""4422410"", ""maxThreads"": ""205"", ""minSpareThreads"": ""202"", ""processorCache"": ""311"", ""tcpNoDelay"": ""FALSE"", ""threadPriority"": ""4"", ""threadsMaxIdleTime"": ""405728"", ""useAsyncIO"": ""TRUE"", ""useVirtualThreads"": ""TRUE""}"
tomcat,lf05_hard07,"lambda_f=0.5, hard=0.7",3302,RQ1&2parrel,53,2424.52,22.96,2424.52,10.035712718963623,"[8, 50, 10, False]",0.0,10.03562617301941,0.0,"{""acceptCount"": ""851"", ""allowBackslash"": ""TRUE"", ""compression"": ""force"", ""compressionMinSize"": ""5551"", ""connectionTimeout"": ""240131"", ""connectionUploadTimeout"": ""241980"", ""disableUploadTimeout"": ""TRUE"", ""executorTerminationTimeoutMillis"": ""302115"", ""keepAliveTimeout"": ""90418"", ""maxConnections"": ""8311"", ""maxHeaderCount"": ""122"", ""maxHttpHeaderSize"": ""8510"", ""maxHttpRequestHeaderSize"": ""57244"", ""maxHttpResponseHeaderSize"": ""26327"", ""maxKeepAliveRequests"": ""1217"", ""maxParameterCount"": ""46529"", ""maxSwallowSize"": ""18636278"", ""maxThreads"": ""45"", ""minSpareThreads"": ""358"", ""processorCache"": ""279"", ""tcpNoDelay"": ""TRUE"", ""threadPriority"": ""7"", ""threadsMaxIdleTime"": ""364697"", ""useAsyncIO"": ""FALSE"", ""useVirtualThreads"": ""FALSE""}"
tomcat,lf05_hard07,"lambda_f=0.5, hard=0.7",3302,RQ1&2parrel,54,2509.22,19.62,2509.22,10.057184934616089,"[8, 50, 10, False]",0.0,10.057096719741821,0.0,"{""acceptCount"": ""965"", ""allowBackslash"": ""TRUE"", ""compression"": ""off"", ""compressionMinSize"": ""7100"", ""connectionTimeout"": ""36186"", ""connectionUploadTimeout"": ""468192"", ""disableUploadTimeout"": ""TRUE"", ""executorTerminationTimeoutMillis"": ""549140"", ""keepAliveTimeout"": ""566266"", ""maxConnections"": ""2391"", ""maxHeaderCount"": ""612"", ""maxHttpHeaderSize"": ""26154"", ""maxHttpRequestHeaderSize"": ""56438"", ""maxHttpResponseHeaderSize"": ""35208"", ""maxKeepAliveRequests"": ""4079"", ""maxParameterCount"": ""90381"", ""maxSwallowSize"": ""15043403"", ""maxThreads"": ""10"", ""minSpareThreads"": ""489"", ""processorCache"": ""358"", ""tcpNoDelay"": ""FALSE"", ""threadPriority"": ""6"", ""threadsMaxIdleTime"": ""179384"", ""useAsyncIO"": ""FALSE"", ""useVirtualThreads"": ""FALSE""}"
tomcat,lf05_hard07,"lambda_f=0.5, hard=0.7",3302,RQ1&2parrel,55,2345.77,23.19,2345.77,10.093154191970825,"[8, 50, 10, False]",0.0,10.093061685562134,0.0,"{""acceptCount"": ""207"", ""allowBackslash"": ""FALSE"", ""compression"": ""off"", ""compressionMinSize"": ""6680"", ""connectionTimeout"": ""33368"", ""connectionUploadTimeout"": ""22646"", ""disableUploadTimeout"": ""FALSE"", ""executorTerminationTimeoutMillis"": ""337058"", ""keepAliveTimeout"": ""512606"", ""maxConnections"": ""1554"", ""maxHeaderCount"": ""676"", ""maxHttpHeaderSize"": ""14387"", ""maxHttpRequestHeaderSize"": ""63483"", ""maxHttpResponseHeaderSize"": ""29891"", ""maxKeepAliveRequests"": ""2587"", ""maxParameterCount"": ""63133"", ""maxSwallowSize"": ""20953788"", ""maxThreads"": ""315"", ""minSpareThreads"": ""925"", ""processorCache"": ""308"", ""tcpNoDelay"": ""TRUE"", ""threadPriority"": ""10"", ""threadsMaxIdleTime"": ""560470"", ""useAsyncIO"": ""FALSE"", ""useVirtualThreads"": ""FALSE""}"
tomcat,lf05_hard07,"lambda_f=0.5, hard=0.7",3302,RQ1&2parrel,56,2185.58,23.29,2185.58,10.047572135925293,"[8, 50, 10, False]",0.0,10.047475576400757,0.0,"{""acceptCount"": ""973"", ""allowBackslash"": ""TRUE"", ""compression"": ""off"", ""compressionMinSize"": ""7172"", ""connectionTimeout"": ""539681"", ""connectionUploadTimeout"": ""551144"", ""disableUploadTimeout"": ""TRUE"", ""executorTerminationTimeoutMillis"": ""417281"", ""keepAliveTimeout"": ""197294"", ""maxConnections"": ""1963"", ""maxHeaderCount"": ""469"", ""maxHttpHeaderSize"": ""31817"", ""maxHttpRequestHeaderSize"": ""43467"", ""maxHttpResponseHeaderSize"": ""42771"", ""maxKeepAliveRequests"": ""2077"", ""maxParameterCount"": ""64303"", ""maxSwallowSize"": ""935130"", ""maxThreads"": ""69"", ""minSpareThreads"": ""73"", ""processorCache"": ""377"", ""tcpNoDelay"": ""FALSE"", ""threadPriority"": ""6"", ""threadsMaxIdleTime"": ""2679"", ""useAsyncIO"": ""FALSE"", ""useVirtualThreads"": ""TRUE""}"
tomcat,lf05_hard07,"lambda_f=0.5, hard=0.7",3302,RQ1&2parrel,57,2235.85,27.06,2235.85,10.085340023040771,"[8, 50, 10, False]",0.0,10.085247993469238,0.0,"{""acceptCount"": ""138"", ""allowBackslash"": ""FALSE"", ""compression"": ""off"", ""compressionMinSize"": ""1000"", ""connectionTimeout"": ""403646"", ""connectionUploadTimeout"": ""340468"", ""disableUploadTimeout"": ""FALSE"", ""executorTerminationTimeoutMillis"": ""114637"", ""keepAliveTimeout"": ""229483"", ""maxConnections"": ""17985"", ""maxHeaderCount"": ""439"", ""maxHttpHeaderSize"": ""27246"", ""maxHttpRequestHeaderSize"": ""62772"", ""maxHttpResponseHeaderSize"": ""56137"", ""maxKeepAliveRequests"": ""2446"", ""maxParameterCount"": ""11738"", ""maxSwallowSize"": ""20016560"", ""maxThreads"": ""260"", ""minSpareThreads"": ""644"", ""processorCache"": ""253"", ""tcpNoDelay"": ""TRUE"", ""threadPriority"": ""8"", ""threadsMaxIdleTime"": ""409824"", ""useAsyncIO"": ""TRUE"", ""useVirtualThreads"": ""FALSE""}"
tomcat,lf05_hard07,"lambda_f=0.5, hard=0.7",3302,RQ1&2parrel,58,2268.91,27.22,2268.91,10.053435564041138,"[8, 50, 10, False]",0.0,10.053309440612793,0.0,"{""acceptCount"": ""965"", ""allowBackslash"": ""TRUE"", ""compression"": ""off"", ""compressionMinSize"": ""7127"", ""connectionTimeout"": ""36186"", ""connectionUploadTimeout"": ""468192"", ""disableUploadTimeout"": ""TRUE"", ""executorTerminationTimeoutMillis"": ""549138"", ""keepAliveTimeout"": ""566266"", ""maxConnections"": ""2391"", ""maxHeaderCount"": ""620"", ""maxHttpHeaderSize"": ""25925"", ""maxHttpRequestHeaderSize"": ""56955"", ""maxHttpResponseHeaderSize"": ""33754"", ""maxKeepAliveRequests"": ""4090"", ""maxParameterCount"": ""90036"", ""maxSwallowSize"": ""15043403"", ""maxThreads"": ""199"", ""minSpareThreads"": ""490"", ""processorCache"": ""358"", ""tcpNoDelay"": ""FALSE"", ""threadPriority"": ""6"", ""threadsMaxIdleTime"": ""212976"", ""useAsyncIO"": ""FALSE"", ""useVirtualThreads"": ""FALSE""}"
tomcat,lf05_hard07,"lambda_f=0.5, hard=0.7",3302,RQ1&2parrel,59,2104.21,24.2,2104.21,10.039025068283081,"[8, 50, 10, False]",0.0,10.038905143737793,0.0,"{""acceptCount"": ""100"", ""allowBackslash"": ""TRUE"", ""compression"": ""on"", ""compressionMinSize"": ""9492"", ""connectionTimeout"": ""575012"", ""connectionUploadTimeout"": ""291366"", ""disableUploadTimeout"": ""TRUE"", ""executorTerminationTimeoutMillis"": ""287423"", ""keepAliveTimeout"": ""408525"", ""maxConnections"": ""16712"", ""maxHeaderCount"": ""804"", ""maxHttpHeaderSize"": ""2600"", ""maxHttpRequestHeaderSize"": ""38050"", ""maxHttpResponseHeaderSize"": ""47717"", ""maxKeepAliveRequests"": ""4945"", ""maxParameterCount"": ""74080"", ""maxSwallowSize"": ""7349710"", ""maxThreads"": ""126"", ""minSpareThreads"": ""329"", ""processorCache"": ""265"", ""tcpNoDelay"": ""TRUE"", ""threadPriority"": ""5"", ""threadsMaxIdleTime"": ""580234"", ""useAsyncIO"": ""TRUE"", ""useVirtualThreads"": ""TRUE""}"
tomcat,lf05_hard07,"lambda_f=0.5, hard=0.7",3302,RQ1&2parrel,60,2233.95,27.17,2233.95,10.099621057510376,"[8, 50, 10, False]",0.0,10.099494695663452,0.0,"{""acceptCount"": ""764"", ""allowBackslash"": ""FALSE"", ""compression"": ""on"", ""compressionMinSize"": ""2840"", ""connectionTimeout"": ""448076"", ""connectionUploadTimeout"": ""15211"", ""disableUploadTimeout"": ""FALSE"", ""executorTerminationTimeoutMillis"": ""581849"", ""keepAliveTimeout"": ""364542"", ""maxConnections"": ""3341"", ""maxHeaderCount"": ""772"", ""maxHttpHeaderSize"": ""7172"", ""maxHttpRequestHeaderSize"": ""53291"", ""maxHttpResponseHeaderSize"": ""50619"", ""maxKeepAliveRequests"": ""4577"", ""maxParameterCount"": ""1955"", ""maxSwallowSize"": ""13642981"", ""maxThreads"": ""347"", ""minSpareThreads"": ""884"", ""processorCache"": ""390"", ""tcpNoDelay"": ""FALSE"", ""threadPriority"": ""2"", ""threadsMaxIdleTime"": ""207259"", ""useAsyncIO"": ""FALSE"", ""useVirtualThreads"": ""FALSE""}"
tomcat,lf05_hard07,"lambda_f=0.5, hard=0.7",3302,RQ1&2parrel,61,2311.72,21.47,2311.72,10.074715375900269,"[8, 50, 10, False]",0.0,10.074628114700317,0.0,"{""acceptCount"": ""965"", ""allowBackslash"": ""TRUE"", ""compression"": ""off"", ""compressionMinSize"": ""7100"", ""connectionTimeout"": ""36186"", ""connectionUploadTimeout"": ""468192"", ""disableUploadTimeout"": ""TRUE"", ""executorTerminationTimeoutMillis"": ""505922"", ""keepAliveTimeout"": ""566266"", ""maxConnections"": ""2391"", ""maxHeaderCount"": ""612"", ""maxHttpHeaderSize"": ""26154"", ""maxHttpRequestHeaderSize"": ""56438"", ""maxHttpResponseHeaderSize"": ""35208"", ""maxKeepAliveRequests"": ""4079"", ""maxParameterCount"": ""90381"", ""maxSwallowSize"": ""15043403"", ""maxThreads"": ""10"", ""minSpareThreads"": ""489"", ""processorCache"": ""358"", ""tcpNoDelay"": ""FALSE"", ""threadPriority"": ""6"", ""threadsMaxIdleTime"": ""179384"", ""useAsyncIO"": ""FALSE"", ""useVirtualThreads"": ""FALSE""}"
tomcat,lf05_hard07,"lambda_f=0.5, hard=0.7",3302,RQ1&2parrel,62,1968.33,25.87,1968.33,10.061824083328247,"[8, 50, 10, False]",0.0,10.061730146408081,0.0,"{""acceptCount"": ""437"", ""allowBackslash"": ""FALSE"", ""compression"": ""on"", ""compressionMinSize"": ""2545"", ""connectionTimeout"": ""318618"", ""connectionUploadTimeout"": ""538136"", ""disableUploadTimeout"": ""FALSE"", ""executorTerminationTimeoutMillis"": ""506659"", ""keepAliveTimeout"": ""466721"", ""maxConnections"": ""14861"", ""maxHeaderCount"": ""970"", ""maxHttpHeaderSize"": ""12003"", ""maxHttpRequestHeaderSize"": ""48936"", ""maxHttpResponseHeaderSize"": ""14854"", ""maxKeepAliveRequests"": ""3630"", ""maxParameterCount"": ""53783"", ""maxSwallowSize"": ""6485063"", ""maxThreads"": ""290"", ""minSpareThreads"": ""352"", ""processorCache"": ""22"", ""tcpNoDelay"": ""TRUE"", ""threadPriority"": ""9"", ""threadsMaxIdleTime"": ""510846"", ""useAsyncIO"": ""TRUE"", ""useVirtualThreads"": ""TRUE""}"
tomcat,lf05_hard07,"lambda_f=0.5, hard=0.7",3302,RQ1&2parrel,63,2088.57,24.36,2088.57,10.095309495925903,"[8, 50, 10, False]",0.0,10.095185995101929,0.0,"{""acceptCount"": ""121"", ""allowBackslash"": ""TRUE"", ""compression"": ""off"", ""compressionMinSize"": ""4705"", ""connectionTimeout"": ""265380"", ""connectionUploadTimeout"": ""581291"", ""disableUploadTimeout"": ""FALSE"", ""executorTerminationTimeoutMillis"": ""112305"", ""keepAliveTimeout"": ""98535"", ""maxConnections"": ""13621"", ""maxHeaderCount"": ""5"", ""maxHttpHeaderSize"": ""14425"", ""maxHttpRequestHeaderSize"": ""27546"", ""maxHttpResponseHeaderSize"": ""49389"", ""maxKeepAliveRequests"": ""3832"", ""maxParameterCount"": ""63303"", ""maxSwallowSize"": ""14550595"", ""maxThreads"": ""297"", ""minSpareThreads"": ""413"", ""processorCache"": ""17"", ""tcpNoDelay"": ""TRUE"", ""threadPriority"": ""3"", ""threadsMaxIdleTime"": ""25940"", ""useAsyncIO"": ""FALSE"", ""useVirtualThreads"": ""TRUE""}"
tomcat,lf05_hard07,"lambda_f=0.5, hard=0.7",3302,RQ1&2parrel,64,2133.24,23.96,2133.24,10.037164688110352,"[8, 50, 10, False]",0.0,10.037067174911499,0.0,"{""acceptCount"": ""198"", ""allowBackslash"": ""FALSE"", ""compression"": ""off"", ""compressionMinSize"": ""741"", ""connectionTimeout"": ""62835"", ""connectionUploadTimeout"": ""26189"", ""disableUploadTimeout"": ""FALSE"", ""executorTerminationTimeoutMillis"": ""295273"", ""keepAliveTimeout"": ""397146"", ""maxConnections"": ""1993"", ""maxHeaderCount"": ""122"", ""maxHttpHeaderSize"": ""1115"", ""maxHttpRequestHeaderSize"": ""518"", ""maxHttpResponseHeaderSize"": ""19055"", ""maxKeepAliveRequests"": ""225"", ""maxParameterCount"": ""23509"", ""maxSwallowSize"": ""847548"", ""maxThreads"": ""40"", ""minSpareThreads"": ""45"", ""processorCache"": ""4"", ""tcpNoDelay"": ""FALSE"", ""threadPriority"": ""3"", ""threadsMaxIdleTime"": ""252801"", ""useAsyncIO"": ""TRUE"", ""useVirtualThreads"": ""TRUE""}"
tomcat,lf05_hard07,"lambda_f=0.5, hard=0.7",3302,RQ1&2parrel,65,2205.96,22.78,2205.96,10.059645891189575,"[8, 50, 10, False]",0.0,10.059556484222412,0.0,"{""acceptCount"": ""966"", ""allowBackslash"": ""TRUE"", ""compression"": ""on"", ""compressionMinSize"": ""7409"", ""connectionTimeout"": ""252396"", ""connectionUploadTimeout"": ""122331"", ""disableUploadTimeout"": ""TRUE"", ""executorTerminationTimeoutMillis"": ""82476"", ""keepAliveTimeout"": ""466959"", ""maxConnections"": ""5346"", ""maxHeaderCount"": ""937"", ""maxHttpHeaderSize"": ""16273"", ""maxHttpRequestHeaderSize"": ""60481"", ""maxHttpResponseHeaderSize"": ""19214"", ""maxKeepAliveRequests"": ""2411"", ""maxParameterCount"": ""59488"", ""maxSwallowSize"": ""3199007"", ""maxThreads"": ""93"", ""minSpareThreads"": ""241"", ""processorCache"": ""320"", ""tcpNoDelay"": ""TRUE"", ""threadPriority"": ""10"", ""threadsMaxIdleTime"": ""334270"", ""useAsyncIO"": ""TRUE"", ""useVirtualThreads"": ""TRUE""}"
tomcat,lf05_hard07,"lambda_f=0.5, hard=0.7",3302,RQ1&2parrel,66,2064.3,31.49,2064.3,10.082013607025146,"[8, 50, 10, False]",0.0,10.081928014755249,0.0,"{""acceptCount"": ""714"", ""allowBackslash"": ""FALSE"", ""compression"": ""force"", ""compressionMinSize"": ""7449"", ""connectionTimeout"": ""567864"", ""connectionUploadTimeout"": ""352915"", ""disableUploadTimeout"": ""TRUE"", ""executorTerminationTimeoutMillis"": ""323918"", ""keepAliveTimeout"": ""155360"", ""maxConnections"": ""10073"", ""maxHeaderCount"": ""770"", ""maxHttpHeaderSize"": ""26154"", ""maxHttpRequestHeaderSize"": ""26465"", ""maxHttpResponseHeaderSize"": ""28787"", ""maxKeepAliveRequests"": ""4524"", ""maxParameterCount"": ""90171"", ""maxSwallowSize"": ""14547575"", ""maxThreads"": ""389"", ""minSpareThreads"": ""38"", ""processorCache"": ""308"", ""tcpNoDelay"": ""FALSE"", ""threadPriority"": ""9"", ""threadsMaxIdleTime"": ""111058"", ""useAsyncIO"": ""FALSE"", ""useVirtualThreads"": ""FALSE""}"
tomcat,lf05_hard07,"lambda_f=0.5, hard=0.7",3302,RQ1&2parrel,67,2308.64,21.83,2308.64,10.059190273284912,"[8, 50, 10, False]",0.0,10.059095621109009,0.0,"{""acceptCount"": ""306"", ""allowBackslash"": ""TRUE"", ""compression"": ""force"", ""compressionMinSize"": ""8582"", ""connectionTimeout"": ""201043"", ""connectionUploadTimeout"": ""158698"", ""disableUploadTimeout"": ""FALSE"", ""executorTerminationTimeoutMillis"": ""100153"", ""keepAliveTimeout"": ""423999"", ""maxConnections"": ""2214"", ""maxHeaderCount"": ""198"", ""maxHttpHeaderSize"": ""4425"", ""maxHttpRequestHeaderSize"": ""54495"", ""maxHttpResponseHeaderSize"": ""25815"", ""maxKeepAliveRequests"": ""1194"", ""maxParameterCount"": ""85068"", ""maxSwallowSize"": ""10739278"", ""maxThreads"": ""294"", ""minSpareThreads"": ""832"", ""processorCache"": ""148"", ""tcpNoDelay"": ""FALSE"", ""threadPriority"": ""8"", ""threadsMaxIdleTime"": ""323642"", ""useAsyncIO"": ""FALSE"", ""useVirtualThreads"": ""TRUE""}"
tomcat,lf05_hard07,"lambda_f=0.5, hard=0.7",3302,RQ1&2parrel,68,2285.39,22.07,2285.39,10.031251192092896,"[8, 50, 10, False]",0.0,10.031161785125732,0.0,"{""acceptCount"": ""834"", ""allowBackslash"": ""FALSE"", ""compression"": ""force"", ""compressionMinSize"": ""9317"", ""connectionTimeout"": ""259768"", ""connectionUploadTimeout"": ""310329"", ""disableUploadTimeout"": ""FALSE"", ""executorTerminationTimeoutMillis"": ""48399"", ""keepAliveTimeout"": ""246056"", ""maxConnections"": ""4020"", ""maxHeaderCount"": ""974"", ""maxHttpHeaderSize"": ""40228"", ""maxHttpRequestHeaderSize"": ""49638"", ""maxHttpResponseHeaderSize"": ""54462"", ""maxKeepAliveRequests"": ""2159"", ""maxParameterCount"": ""44641"", ""maxSwallowSize"": ""8562528"", ""maxThreads"": ""241"", ""minSpareThreads"": ""799"", ""processorCache"": ""46"", ""tcpNoDelay"": ""FALSE"", ""threadPriority"": ""9"", ""threadsMaxIdleTime"": ""107224"", ""useAsyncIO"": ""FALSE"", ""useVirtualThreads"": ""TRUE""}"
tomcat,lf05_hard07,"lambda_f=0.5, hard=0.7",3302,RQ1&2parrel,69,2203.7,27.6,2203.7,10.072361707687378,"[8, 50, 10, False]",0.0,10.072269678115845,0.0,"{""acceptCount"": ""805"", ""allowBackslash"": ""TRUE"", ""compression"": ""force"", ""compressionMinSize"": ""407"", ""connectionTimeout"": ""263017"", ""connectionUploadTimeout"": ""476298"", ""disableUploadTimeout"": ""FALSE"", ""executorTerminationTimeoutMillis"": ""539112"", ""keepAliveTimeout"": ""557858"", ""maxConnections"": ""9960"", ""maxHeaderCount"": ""595"", ""maxHttpHeaderSize"": ""31817"", ""maxHttpRequestHeaderSize"": ""35907"", ""maxHttpResponseHeaderSize"": ""58024"", ""maxKeepAliveRequests"": ""4709"", ""maxParameterCount"": ""32562"", ""maxSwallowSize"": ""16570455"", ""maxThreads"": ""296"", ""minSpareThreads"": ""163"", ""processorCache"": ""10"", ""tcpNoDelay"": ""TRUE"", ""threadPriority"": ""4"", ""threadsMaxIdleTime"": ""309180"", ""useAsyncIO"": ""FALSE"", ""useVirtualThreads"": ""FALSE""}"
tomcat,lf05_hard07,"lambda_f=0.5, hard=0.7",3302,RQ1&2parrel,70,1981.1,26.34,1981.1,10.050364017486572,"[8, 50, 10, False]",0.0,10.050279140472412,0.0,"{""acceptCount"": ""627"", ""allowBackslash"": ""TRUE"", ""compression"": ""on"", ""compressionMinSize"": ""5892"", ""connectionTimeout"": ""245944"", ""connectionUploadTimeout"": ""304647"", ""disableUploadTimeout"": ""FALSE"", ""executorTerminationTimeoutMillis"": ""389000"", ""keepAliveTimeout"": ""576715"", ""maxConnections"": ""8102"", ""maxHeaderCount"": ""698"", ""maxHttpHeaderSize"": ""32719"", ""maxHttpRequestHeaderSize"": ""47101"", ""maxHttpResponseHeaderSize"": ""59199"", ""maxKeepAliveRequests"": ""4674"", ""maxParameterCount"": ""78921"", ""maxSwallowSize"": ""20133782"", ""maxThreads"": ""338"", ""minSpareThreads"": ""928"", ""processorCache"": ""40"", ""tcpNoDelay"": ""TRUE"", ""threadPriority"": ""3"", ""threadsMaxIdleTime"": ""520614"", ""useAsyncIO"": ""TRUE"", ""useVirtualThreads"": ""TRUE""}"
tomcat,lf05_hard07,"lambda_f=0.5, hard=0.7",3302,RQ1&2parrel,71,2327.36,29.39,2327.36,10.039981365203857,"[8, 50, 10, False]",0.0,10.039878129959106,0.0,"{""acceptCount"": ""880"", ""allowBackslash"": ""TRUE"", ""compression"": ""off"", ""compressionMinSize"": ""9954"", ""connectionTimeout"": ""477149"", ""connectionUploadTimeout"": ""96822"", ""disableUploadTimeout"": ""TRUE"", ""executorTerminationTimeoutMillis"": ""58342"", ""keepAliveTimeout"": ""465812"", ""maxConnections"": ""14768"", ""maxHeaderCount"": ""513"", ""maxHttpHeaderSize"": ""8765"", ""maxHttpRequestHeaderSize"": ""58252"", ""maxHttpResponseHeaderSize"": ""60872"", ""maxKeepAliveRequests"": ""2816"", ""maxParameterCount"": ""58253"", ""maxSwallowSize"": ""17676700"", ""maxThreads"": ""141"", ""minSpareThreads"": ""760"", ""processorCache"": ""330"", ""tcpNoDelay"": ""TRUE"", ""threadPriority"": ""3"", ""threadsMaxIdleTime"": ""534756"", ""useAsyncIO"": ""FALSE"", ""useVirtualThreads"": ""FALSE""}"
tomcat,lf05_hard07,"lambda_f=0.5, hard=0.7",3302,RQ1&2parrel,72,2211.21,22.98,2211.21,10.029677867889404,"[8, 50, 10, False]",0.0,10.029591083526611,0.0,"{""acceptCount"": ""812"", ""allowBackslash"": ""FALSE"", ""compression"": ""force"", ""compressionMinSize"": ""4265"", ""connectionTimeout"": ""408305"", ""connectionUploadTimeout"": ""485263"", ""disableUploadTimeout"": ""FALSE"", ""executorTerminationTimeoutMillis"": ""158785"", ""keepAliveTimeout"": ""276264"", ""maxConnections"": ""13006"", ""maxHeaderCount"": ""767"", ""maxHttpHeaderSize"": ""3846"", ""maxHttpRequestHeaderSize"": ""17352"", ""maxHttpResponseHeaderSize"": ""25959"", ""maxKeepAliveRequests"": ""2643"", ""maxParameterCount"": ""52518"", ""maxSwallowSize"": ""6681436"", ""maxThreads"": ""207"", ""minSpareThreads"": ""129"", ""processorCache"": ""178"", ""tcpNoDelay"": ""TRUE"", ""threadPriority"": ""9"", ""threadsMaxIdleTime"": ""88049"", ""useAsyncIO"": ""TRUE"", ""useVirtualThreads"": ""TRUE""}"
tomcat,lf05_hard07,"lambda_f=0.5, hard=0.7",3302,RQ1&2parrel,73,2118.38,24.21,2118.38,10.029699325561523,"[8, 50, 10, False]",0.0,10.029601573944092,0.0,"{""acceptCount"": ""660"", ""allowBackslash"": ""FALSE"", ""compression"": ""on"", ""compressionMinSize"": ""7359"", ""connectionTimeout"": ""277280"", ""connectionUploadTimeout"": ""212916"", ""disableUploadTimeout"": ""TRUE"", ""executorTerminationTimeoutMillis"": ""310390"", ""keepAliveTimeout"": ""57571"", ""maxConnections"": ""3834"", ""maxHeaderCount"": ""325"", ""maxHttpHeaderSize"": ""5544"", ""maxHttpRequestHeaderSize"": ""56296"", ""maxHttpResponseHeaderSize"": ""14837"", ""maxKeepAliveRequests"": ""423"", ""maxParameterCount"": ""71611"", ""maxSwallowSize"": ""14861369"", ""maxThreads"": ""114"", ""minSpareThreads"": ""247"", ""processorCache"": ""157"", ""tcpNoDelay"": ""TRUE"", ""threadPriority"": ""8"", ""threadsMaxIdleTime"": ""79148"", ""useAsyncIO"": ""TRUE"", ""useVirtualThreads"": ""TRUE""}"
tomcat,lf05_hard07,"lambda_f=0.5, hard=0.7",3302,RQ1&2parrel,74,2220.64,23.43,2220.64,10.036349534988403,"[8, 50, 10, False]",0.0,10.036254405975342,0.0,"{""acceptCount"": ""202"", ""allowBackslash"": ""TRUE"", ""compression"": ""on"", ""compressionMinSize"": ""5505"", ""connectionTimeout"": ""181315"", ""connectionUploadTimeout"": ""370178"", ""disableUploadTimeout"": ""TRUE"", ""executorTerminationTimeoutMillis"": ""436999"", ""keepAliveTimeout"": ""460580"", ""maxConnections"": ""2360"", ""maxHeaderCount"": ""596"", ""maxHttpHeaderSize"": ""33272"", ""maxHttpRequestHeaderSize"": ""52962"", ""maxHttpResponseHeaderSize"": ""36989"", ""maxKeepAliveRequests"": ""1373"", ""maxParameterCount"": ""11367"", ""maxSwallowSize"": ""7778596"", ""maxThreads"": ""167"", ""minSpareThreads"": ""154"", ""processorCache"": ""62"", ""tcpNoDelay"": ""TRUE"", ""threadPriority"": ""7"", ""threadsMaxIdleTime"": ""315059"", ""useAsyncIO"": ""TRUE"", ""useVirtualThreads"": ""TRUE""}"
tomcat,lf05_hard07,"lambda_f=0.5, hard=0.7",3302,RQ1&2parrel,75,2254.71,22.65,2254.71,10.022372484207153,"[8, 50, 10, False]",0.0,10.02228331565857,0.0,"{""acceptCount"": ""552"", ""allowBackslash"": ""TRUE"", ""compression"": ""on"", ""compressionMinSize"": ""5802"", ""connectionTimeout"": ""315481"", ""connectionUploadTimeout"": ""563524"", ""disableUploadTimeout"": ""TRUE"", ""executorTerminationTimeoutMillis"": ""116048"", ""keepAliveTimeout"": ""454409"", ""maxConnections"": ""17297"", ""maxHeaderCount"": ""849"", ""maxHttpHeaderSize"": ""6472"", ""maxHttpRequestHeaderSize"": ""4229"", ""maxHttpResponseHeaderSize"": ""27229"", ""maxKeepAliveRequests"": ""1696"", ""maxParameterCount"": ""23087"", ""maxSwallowSize"": ""3608762"", ""maxThreads"": ""53"", ""minSpareThreads"": ""134"", ""processorCache"": ""371"", ""tcpNoDelay"": ""FALSE"", ""threadPriority"": ""9"", ""threadsMaxIdleTime"": ""227370"", ""useAsyncIO"": ""FALSE"", ""useVirtualThreads"": ""TRUE""}"
tomcat,lf05_hard07,"lambda_f=0.5, hard=0.7",3302,RQ1&2parrel,76,1996.38,26.11,1996.38,10.054442882537842,"[8, 50, 10, False]",0.0,10.054348707199097,0.0,"{""acceptCount"": ""525"", ""allowBackslash"": ""TRUE"", ""compression"": ""force"", ""compressionMinSize"": ""8056"", ""connectionTimeout"": ""168175"", ""connectionUploadTimeout"": ""249286"", ""disableUploadTimeout"": ""TRUE"", ""executorTerminationTimeoutMillis"": ""232351"", ""keepAliveTimeout"": ""329357"", ""maxConnections"": ""15668"", ""maxHeaderCount"": ""232"", ""maxHttpHeaderSize"": ""46933"", ""maxHttpRequestHeaderSize"": ""56796"", ""maxHttpResponseHeaderSize"": ""52543"", ""maxKeepAliveRequests"": ""3536"", ""maxParameterCount"": ""61139"", ""maxSwallowSize"": ""7180926"", ""maxThreads"": ""280"", ""minSpareThreads"": ""713"", ""processorCache"": ""321"", ""tcpNoDelay"": ""TRUE"", ""threadPriority"": ""6"", ""threadsMaxIdleTime"": ""174387"", ""useAsyncIO"": ""TRUE"", ""useVirtualThreads"": ""TRUE""}"
tomcat,lf05_hard07,"lambda_f=0.5, hard=0.7",3302,RQ1&2parrel,77,2186.44,22.54,2186.44,10.068834781646729,"[8, 50, 10, False]",0.0,10.068713188171387,0.0,"{""acceptCount"": ""965"", ""allowBackslash"": ""TRUE"", ""compression"": ""force"", ""compressionMinSize"": ""7100"", ""connectionTimeout"": ""36186"", ""connectionUploadTimeout"": ""468192"", ""disableUploadTimeout"": ""TRUE"", ""executorTerminationTimeoutMillis"": ""549140"", ""keepAliveTimeout"": ""566266"", ""maxConnections"": ""2391"", ""maxHeaderCount"": ""612"", ""maxHttpHeaderSize"": ""26154"", ""maxHttpRequestHeaderSize"": ""56438"", ""maxHttpResponseHeaderSize"": ""35208"", ""maxKeepAliveRequests"": ""4079"", ""maxParameterCount"": ""90381"", ""maxSwallowSize"": ""15043403"", ""maxThreads"": ""10"", ""minSpareThreads"": ""489"", ""processorCache"": ""358"", ""tcpNoDelay"": ""FALSE"", ""threadPriority"": ""6"", ""threadsMaxIdleTime"": ""179384"", ""useAsyncIO"": ""FALSE"", ""useVirtualThreads"": ""FALSE""}"
tomcat,lf05_hard07,"lambda_f=0.5, hard=0.7",3302,RQ1&2parrel,78,2372.46,26.77,2372.46,10.049462080001831,"[8, 50, 10, False]",0.0,10.049373626708984,0.0,"{""acceptCount"": ""916"", ""allowBackslash"": ""FALSE"", ""compression"": ""off"", ""compressionMinSize"": ""7045"", ""connectionTimeout"": ""529063"", ""connectionUploadTimeout"": ""258257"", ""disableUploadTimeout"": ""FALSE"", ""executorTerminationTimeoutMillis"": ""452756"", ""keepAliveTimeout"": ""567572"", ""maxConnections"": ""11876"", ""maxHeaderCount"": ""967"", ""maxHttpHeaderSize"": ""3238"", ""maxHttpRequestHeaderSize"": ""56583"", ""maxHttpResponseHeaderSize"": ""36193"", ""maxKeepAliveRequests"": ""4078"", ""maxParameterCount"": ""258"", ""maxSwallowSize"": ""10452845"", ""maxThreads"": ""342"", ""minSpareThreads"": ""241"", ""processorCache"": ""340"", ""tcpNoDelay"": ""TRUE"", ""threadPriority"": ""6"", ""threadsMaxIdleTime"": ""161759"", ""useAsyncIO"": ""FALSE"", ""useVirtualThreads"": ""FALSE""}"
tomcat,lf05_hard07,"lambda_f=0.5, hard=0.7",3302,RQ1&2parrel,79,2254.23,29.9,2254.23,10.047537326812744,"[8, 50, 10, False]",0.0,10.047447919845581,0.0,"{""acceptCount"": ""820"", ""allowBackslash"": ""TRUE"", ""compression"": ""off"", ""compressionMinSize"": ""6900"", ""connectionTimeout"": ""30140"", ""connectionUploadTimeout"": ""7582"", ""disableUploadTimeout"": ""TRUE"", ""executorTerminationTimeoutMillis"": ""76801"", ""keepAliveTimeout"": ""376943"", ""maxConnections"": ""5293"", ""maxHeaderCount"": ""480"", ""maxHttpHeaderSize"": ""7021"", ""maxHttpRequestHeaderSize"": ""2121"", ""maxHttpResponseHeaderSize"": ""9263"", ""maxKeepAliveRequests"": ""1264"", ""maxParameterCount"": ""545"", ""maxSwallowSize"": ""3079816"", ""maxThreads"": ""118"", ""minSpareThreads"": ""316"", ""processorCache"": ""312"", ""tcpNoDelay"": ""TRUE"", ""threadPriority"": ""10"", ""threadsMaxIdleTime"": ""161342"", ""useAsyncIO"": ""TRUE"", ""useVirtualThreads"": ""FALSE""}"
tomcat,lf05_hard07,"lambda_f=0.5, hard=0.7",3302,RQ1&2parrel,80,2292.62,21.49,2292.62,10.052453994750977,"[8, 50, 10, False]",0.0,10.052333354949951,0.0,"{""acceptCount"": ""965"", ""allowBackslash"": ""TRUE"", ""compression"": ""off"", ""compressionMinSize"": ""7100"", ""connectionTimeout"": ""36186"", ""connectionUploadTimeout"": ""468192"", ""disableUploadTimeout"": ""TRUE"", ""executorTerminationTimeoutMillis"": ""549140"", ""keepAliveTimeout"": ""566266"", ""maxConnections"": ""2391"", ""maxHeaderCount"": ""612"", ""maxHttpHeaderSize"": ""26154"", ""maxHttpRequestHeaderSize"": ""56438"", ""maxHttpResponseHeaderSize"": ""35208"", ""maxKeepAliveRequests"": ""4079"", ""maxParameterCount"": ""90381"", ""maxSwallowSize"": ""15043403"", ""maxThreads"": ""10"", ""minSpareThreads"": ""489"", ""processorCache"": ""358"", ""tcpNoDelay"": ""FALSE"", ""threadPriority"": ""6"", ""threadsMaxIdleTime"": ""179384"", ""useAsyncIO"": ""TRUE"", ""useVirtualThreads"": ""FALSE""}"
tomcat,lf05_hard07,"lambda_f=0.5, hard=0.7",3302,RQ1&2parrel,81,2277.78,21.49,2277.78,10.069539546966553,"[8, 50, 10, False]",0.0,10.069449186325073,0.0,"{""acceptCount"": ""965"", ""allowBackslash"": ""TRUE"", ""compression"": ""off"", ""compressionMinSize"": ""7100"", ""connectionTimeout"": ""36186"", ""connectionUploadTimeout"": ""468192"", ""disableUploadTimeout"": ""TRUE"", ""executorTerminationTimeoutMillis"": ""549140"", ""keepAliveTimeout"": ""566266"", ""maxConnections"": ""2391"", ""maxHeaderCount"": ""589"", ""maxHttpHeaderSize"": ""26154"", ""maxHttpRequestHeaderSize"": ""56438"", ""maxHttpResponseHeaderSize"": ""35208"", ""maxKeepAliveRequests"": ""4079"", ""maxParameterCount"": ""90381"", ""maxSwallowSize"": ""15043403"", ""maxThreads"": ""10"", ""minSpareThreads"": ""489"", ""processorCache"": ""358"", ""tcpNoDelay"": ""FALSE"", ""threadPriority"": ""6"", ""threadsMaxIdleTime"": ""179384"", ""useAsyncIO"": ""FALSE"", ""useVirtualThreads"": ""FALSE""}"
tomcat,lf05_hard07,"lambda_f=0.5, hard=0.7",3302,RQ1&2parrel,82,2246.0,28.21,2246.0,10.052157878875732,"[8, 50, 10, False]",0.0,10.05203628540039,0.0,"{""acceptCount"": ""773"", ""allowBackslash"": ""TRUE"", ""compression"": ""force"", ""compressionMinSize"": ""4862"", ""connectionTimeout"": ""336784"", ""connectionUploadTimeout"": ""321273"", ""disableUploadTimeout"": ""TRUE"", ""executorTerminationTimeoutMillis"": ""370870"", ""keepAliveTimeout"": ""481805"", ""maxConnections"": ""15896"", ""maxHeaderCount"": ""69"", ""maxHttpHeaderSize"": ""30459"", ""maxHttpRequestHeaderSize"": ""64020"", ""maxHttpResponseHeaderSize"": ""33282"", ""maxKeepAliveRequests"": ""1671"", ""maxParameterCount"": ""45048"", ""maxSwallowSize"": ""15904710"", ""maxThreads"": ""134"", ""minSpareThreads"": ""309"", ""processorCache"": ""243"", ""tcpNoDelay"": ""FALSE"", ""threadPriority"": ""7"", ""threadsMaxIdleTime"": ""11800"", ""useAsyncIO"": ""FALSE"", ""useVirtualThreads"": ""FALSE""}"
tomcat,lf05_hard07,"lambda_f=0.5, hard=0.7",3302,RQ1&2parrel,83,2004.54,25.14,2004.54,10.024686098098755,"[8, 50, 10, False]",0.0,10.024566888809204,0.0,"{""acceptCount"": ""224"", ""allowBackslash"": ""FALSE"", ""compression"": ""off"", ""compressionMinSize"": ""8051"", ""connectionTimeout"": ""510278"", ""connectionUploadTimeout"": ""491195"", ""disableUploadTimeout"": ""FALSE"", ""executorTerminationTimeoutMillis"": ""547519"", ""keepAliveTimeout"": ""528734"", ""maxConnections"": ""18620"", ""maxHeaderCount"": ""102"", ""maxHttpHeaderSize"": ""42566"", ""maxHttpRequestHeaderSize"": ""61978"", ""maxHttpResponseHeaderSize"": ""62052"", ""maxKeepAliveRequests"": ""3295"", ""maxParameterCount"": ""2233"", ""maxSwallowSize"": ""15067150"", ""maxThreads"": ""300"", ""minSpareThreads"": ""257"", ""processorCache"": ""137"", ""tcpNoDelay"": ""TRUE"", ""threadPriority"": ""9"", ""threadsMaxIdleTime"": ""458940"", ""useAsyncIO"": ""TRUE"", ""useVirtualThreads"": ""TRUE""}"
tomcat,lf05_hard07,"lambda_f=0.5, hard=0.7",3302,RQ1&2parrel,84,2367.76,29.03,2367.76,10.037145614624023,"[8, 50, 10, False]",0.0,10.037059783935547,0.0,"{""acceptCount"": ""598"", ""allowBackslash"": ""FALSE"", ""compression"": ""on"", ""compressionMinSize"": ""4386"", ""connectionTimeout"": ""295009"", ""connectionUploadTimeout"": ""417579"", ""disableUploadTimeout"": ""TRUE"", ""executorTerminationTimeoutMillis"": ""37141"", ""keepAliveTimeout"": ""127623"", ""maxConnections"": ""5762"", ""maxHeaderCount"": ""373"", ""maxHttpHeaderSize"": ""6049"", ""maxHttpRequestHeaderSize"": ""16814"", ""maxHttpResponseHeaderSize"": ""15093"", ""maxKeepAliveRequests"": ""3275"", ""maxParameterCount"": ""30303"", ""maxSwallowSize"": ""5219797"", ""maxThreads"": ""366"", ""minSpareThreads"": ""600"", ""processorCache"": ""98"", ""tcpNoDelay"": ""TRUE"", ""threadPriority"": ""6"", ""threadsMaxIdleTime"": ""555956"", ""useAsyncIO"": ""FALSE"", ""useVirtualThreads"": ""FALSE""}"
tomcat,lf05_hard07,"lambda_f=0.5, hard=0.7",3302,RQ1&2parrel,85,2105.75,25.62,2105.75,10.0206298828125,"[8, 50, 10, False]",0.0,10.020529508590698,0.0,"{""acceptCount"": ""247"", ""allowBackslash"": ""TRUE"", ""compression"": ""force"", ""compressionMinSize"": ""2926"", ""connectionTimeout"": ""19729"", ""connectionUploadTimeout"": ""309085"", ""disableUploadTimeout"": ""FALSE"", ""executorTerminationTimeoutMillis"": ""444388"", ""keepAliveTimeout"": ""31967"", ""maxConnections"": ""8783"", ""maxHeaderCount"": ""712"", ""maxHttpHeaderSize"": ""8561"", ""maxHttpRequestHeaderSize"": ""58646"", ""maxHttpResponseHeaderSize"": ""21787"", ""maxKeepAliveRequests"": ""3065"", ""maxParameterCount"": ""64954"", ""maxSwallowSize"": ""16832116"", ""maxThreads"": ""34"", ""minSpareThreads"": ""556"", ""processorCache"": ""257"", ""tcpNoDelay"": ""FALSE"", ""threadPriority"": ""6"", ""threadsMaxIdleTime"": ""191104"", ""useAsyncIO"": ""TRUE"", ""useVirtualThreads"": ""TRUE""}"
tomcat,lf05_hard07,"lambda_f=0.5, hard=0.7",3302,RQ1&2parrel,86,2309.9,22.0,2309.9,10.015866756439209,"[8, 50, 10, False]",0.0,10.015768051147461,0.0,"{""acceptCount"": ""292"", ""allowBackslash"": ""FALSE"", ""compression"": ""on"", ""compressionMinSize"": ""8191"", ""connectionTimeout"": ""516232"", ""connectionUploadTimeout"": ""343124"", ""disableUploadTimeout"": ""FALSE"", ""executorTerminationTimeoutMillis"": ""30822"", ""keepAliveTimeout"": ""173882"", ""maxConnections"": ""3601"", ""maxHeaderCount"": ""62"", ""maxHttpHeaderSize"": ""9313"", ""maxHttpRequestHeaderSize"": ""36892"", ""maxHttpResponseHeaderSize"": ""41509"", ""maxKeepAliveRequests"": ""757"", ""maxParameterCount"": ""32827"", ""maxSwallowSize"": ""8405229"", ""maxThreads"": ""192"", ""minSpareThreads"": ""182"", ""processorCache"": ""189"", ""tcpNoDelay"": ""FALSE"", ""threadPriority"": ""3"", ""threadsMaxIdleTime"": ""338172"", ""useAsyncIO"": ""FALSE"", ""useVirtualThreads"": ""TRUE""}"
tomcat,lf05_hard07,"lambda_f=0.5, hard=0.7",3302,RQ1&2parrel,87,2318.55,22.14,2318.55,10.017176866531372,"[8, 50, 10, False]",0.0,10.017088890075684,0.0,"{""acceptCount"": ""741"", ""allowBackslash"": ""TRUE"", ""compression"": ""off"", ""compressionMinSize"": ""2882"", ""connectionTimeout"": ""462497"", ""connectionUploadTimeout"": ""214935"", ""disableUploadTimeout"": ""FALSE"", ""executorTerminationTimeoutMillis"": ""409595"", ""keepAliveTimeout"": ""28798"", ""maxConnections"": ""4431"", ""maxHeaderCount"": ""653"", ""maxHttpHeaderSize"": ""9780"", ""maxHttpRequestHeaderSize"": ""51569"", ""maxHttpResponseHeaderSize"": ""27540"", ""maxKeepAliveRequests"": ""1942"", ""maxParameterCount"": ""54961"", ""maxSwallowSize"": ""14256598"", ""maxThreads"": ""45"", ""minSpareThreads"": ""234"", ""processorCache"": ""251"", ""tcpNoDelay"": ""FALSE"", ""threadPriority"": ""1"", ""threadsMaxIdleTime"": ""305392"", ""useAsyncIO"": ""TRUE"", ""useVirtualThreads"": ""TRUE""}"
tomcat,lf05_hard07,"lambda_f=0.5, hard=0.7",3302,RQ1&2parrel,88,2335.88,25.83,2335.88,10.018731832504272,"[8, 50, 10, False]",0.0,10.018643379211426,0.0,"{""acceptCount"": ""244"", ""allowBackslash"": ""FALSE"", ""compression"": ""force"", ""compressionMinSize"": ""7241"", ""connectionTimeout"": ""37464"", ""connectionUploadTimeout"": ""268860"", ""disableUploadTimeout"": ""FALSE"", ""executorTerminationTimeoutMillis"": ""596675"", ""keepAliveTimeout"": ""30938"", ""maxConnections"": ""9834"", ""maxHeaderCount"": ""612"", ""maxHttpHeaderSize"": ""19026"", ""maxHttpRequestHeaderSize"": ""23993"", ""maxHttpResponseHeaderSize"": ""35588"", ""maxKeepAliveRequests"": ""3582"", ""maxParameterCount"": ""83431"", ""maxSwallowSize"": ""15162818"", ""maxThreads"": ""306"", ""minSpareThreads"": ""489"", ""processorCache"": ""360"", ""tcpNoDelay"": ""FALSE"", ""threadPriority"": ""10"", ""threadsMaxIdleTime"": ""358330"", ""useAsyncIO"": ""FALSE"", ""useVirtualThreads"": ""FALSE""}"
tomcat,lf05_hard07,"lambda_f=0.5, hard=0.7",3302,RQ1&2parrel,89,2264.42,22.3,2264.42,10.014776468276978,"[8, 50, 10, False]",0.0,10.014691829681396,0.0,"{""acceptCount"": ""588"", ""allowBackslash"": ""FALSE"", ""compression"": ""off"", ""compressionMinSize"": ""6536"", ""connectionTimeout"": ""223064"", ""connectionUploadTimeout"": ""584771"", ""disableUploadTimeout"": ""TRUE"", ""executorTerminationTimeoutMillis"": ""278280"", ""keepAliveTimeout"": ""370783"", ""maxConnections"": ""1649"", ""maxHeaderCount"": ""624"", ""maxHttpHeaderSize"": ""6920"", ""maxHttpRequestHeaderSize"": ""41573"", ""maxHttpResponseHeaderSize"": ""52842"", ""maxKeepAliveRequests"": ""2753"", ""maxParameterCount"": ""79055"", ""maxSwallowSize"": ""14500091"", ""maxThreads"": ""104"", ""minSpareThreads"": ""369"", ""processorCache"": ""7"", ""tcpNoDelay"": ""TRUE"", ""threadPriority"": ""3"", ""threadsMaxIdleTime"": ""38787"", ""useAsyncIO"": ""FALSE"", ""useVirtualThreads"": ""TRUE""}"
tomcat,lf05_hard07,"lambda_f=0.5, hard=0.7",3302,RQ1&2parrel,90,2395.03,24.68,2395.03,10.021039009094238,"[8, 50, 10, False]",0.0,10.020891666412354,0.0,"{""acceptCount"": ""190"", ""allowBackslash"": ""TRUE"", ""compression"": ""off"", ""compressionMinSize"": ""6346"", ""connectionTimeout"": ""109120"", ""connectionUploadTimeout"": ""137515"", ""disableUploadTimeout"": ""TRUE"", ""executorTerminationTimeoutMillis"": ""424959"", ""keepAliveTimeout"": ""457993"", ""maxConnections"": ""17448"", ""maxHeaderCount"": ""968"", ""maxHttpHeaderSize"": ""4615"", ""maxHttpRequestHeaderSize"": ""5937"", ""maxHttpResponseHeaderSize"": ""62755"", ""maxKeepAliveRequests"": ""3669"", ""maxParameterCount"": ""7642"", ""maxSwallowSize"": ""10953102"", ""maxThreads"": ""144"", ""minSpareThreads"": ""252"", ""processorCache"": ""196"", ""tcpNoDelay"": ""TRUE"", ""threadPriority"": ""4"", ""threadsMaxIdleTime"": ""297594"", ""useAsyncIO"": ""TRUE"", ""useVirtualThreads"": ""FALSE""}"
tomcat,lf05_hard07,"lambda_f=0.5, hard=0.7",3302,RQ1&2parrel,91,2227.93,22.66,2227.93,10.02066445350647,"[8, 50, 10, False]",0.0,10.020569801330566,0.0,"{""acceptCount"": ""415"", ""allowBackslash"": ""FALSE"", ""compression"": ""off"", ""compressionMinSize"": ""5729"", ""connectionTimeout"": ""592470"", ""connectionUploadTimeout"": ""201114"", ""disableUploadTimeout"": ""TRUE"", ""executorTerminationTimeoutMillis"": ""352491"", ""keepAliveTimeout"": ""180045"", ""maxConnections"": ""14699"", ""maxHeaderCount"": ""241"", ""maxHttpHeaderSize"": ""11506"", ""maxHttpRequestHeaderSize"": ""50942"", ""maxHttpResponseHeaderSize"": ""38281"", ""maxKeepAliveRequests"": ""2596"", ""maxParameterCount"": ""17487"", ""maxSwallowSize"": ""5979727"", ""maxThreads"": ""128"", ""minSpareThreads"": ""481"", ""processorCache"": ""103"", ""tcpNoDelay"": ""TRUE"", ""threadPriority"": ""7"", ""threadsMaxIdleTime"": ""254858"", ""useAsyncIO"": ""FALSE"", ""useVirtualThreads"": ""TRUE""}"
tomcat,lf05_hard07,"lambda_f=0.5, hard=0.7",3302,RQ1&2parrel,92,2289.63,22.28,2289.63,10.015795946121216,"[8, 50, 10, False]",0.0,10.015700101852417,0.0,"{""acceptCount"": ""286"", ""allowBackslash"": ""TRUE"", ""compression"": ""off"", ""compressionMinSize"": ""8128"", ""connectionTimeout"": ""318945"", ""connectionUploadTimeout"": ""511044"", ""disableUploadTimeout"": ""FALSE"", ""executorTerminationTimeoutMillis"": ""228499"", ""keepAliveTimeout"": ""300960"", ""maxConnections"": ""10374"", ""maxHeaderCount"": ""195"", ""maxHttpHeaderSize"": ""9553"", ""maxHttpRequestHeaderSize"": ""62704"", ""maxHttpResponseHeaderSize"": ""24847"", ""maxKeepAliveRequests"": ""852"", ""maxParameterCount"": ""54077"", ""maxSwallowSize"": ""2075650"", ""maxThreads"": ""110"", ""minSpareThreads"": ""430"", ""processorCache"": ""12"", ""tcpNoDelay"": ""TRUE"", ""threadPriority"": ""1"", ""threadsMaxIdleTime"": ""187243"", ""useAsyncIO"": ""FALSE"", ""useVirtualThreads"": ""TRUE""}"
tomcat,lf05_hard07,"lambda_f=0.5, hard=0.7",3302,RQ1&2parrel,93,2359.34,21.27,2359.34,10.04713749885559,"[8, 50, 10, False]",0.0,10.047041177749634,0.0,"{""acceptCount"": ""707"", ""allowBackslash"": ""FALSE"", ""compression"": ""off"", ""compressionMinSize"": ""6464"", ""connectionTimeout"": ""453076"", ""connectionUploadTimeout"": ""460136"", ""disableUploadTimeout"": ""TRUE"", ""executorTerminationTimeoutMillis"": ""447941"", ""keepAliveTimeout"": ""287446"", ""maxConnections"": ""5237"", ""maxHeaderCount"": ""101"", ""maxHttpHeaderSize"": ""21765"", ""maxHttpRequestHeaderSize"": ""64205"", ""maxHttpResponseHeaderSize"": ""26351"", ""maxKeepAliveRequests"": ""4247"", ""maxParameterCount"": ""35990"", ""maxSwallowSize"": ""18746680"", ""maxThreads"": ""107"", ""minSpareThreads"": ""416"", ""processorCache"": ""55"", ""tcpNoDelay"": ""TRUE"", ""threadPriority"": ""3"", ""threadsMaxIdleTime"": ""142208"", ""useAsyncIO"": ""TRUE"", ""useVirtualThreads"": ""TRUE""}"
tomcat,lf05_hard07,"lambda_f=0.5, hard=0.7",3302,RQ1&2parrel,94,2526.86,23.03,2526.86,10.06137752532959,"[8, 50, 10, False]",0.0,10.061285972595215,0.0,"{""acceptCount"": ""439"", ""allowBackslash"": ""FALSE"", ""compression"": ""force"", ""compressionMinSize"": ""1229"", ""connectionTimeout"": ""474717"", ""connectionUploadTimeout"": ""20893"", ""disableUploadTimeout"": ""TRUE"", ""executorTerminationTimeoutMillis"": ""210161"", ""keepAliveTimeout"": ""23181"", ""maxConnections"": ""14054"", ""maxHeaderCount"": ""517"", ""maxHttpHeaderSize"": ""13591"", ""maxHttpRequestHeaderSize"": ""28886"", ""maxHttpResponseHeaderSize"": ""27639"", ""maxKeepAliveRequests"": ""3097"", ""maxParameterCount"": ""66921"", ""maxSwallowSize"": ""9697107"", ""maxThreads"": ""309"", ""minSpareThreads"": ""919"", ""processorCache"": ""79"", ""tcpNoDelay"": ""TRUE"", ""threadPriority"": ""2"", ""threadsMaxIdleTime"": ""276701"", ""useAsyncIO"": ""FALSE"", ""useVirtualThreads"": ""FALSE""}"
tomcat,lf05_hard07,"lambda_f=0.5, hard=0.7",3302,RQ1&2parrel,95,2290.42,21.92,2290.42,10.071822881698608,"[8, 50, 10, False]",0.0,10.071735858917236,0.0,"{""acceptCount"": ""472"", ""allowBackslash"": ""TRUE"", ""compression"": ""off"", ""compressionMinSize"": ""1513"", ""connectionTimeout"": ""390457"", ""connectionUploadTimeout"": ""54817"", ""disableUploadTimeout"": ""TRUE"", ""executorTerminationTimeoutMillis"": ""237406"", ""keepAliveTimeout"": ""465492"", ""maxConnections"": ""16126"", ""maxHeaderCount"": ""590"", ""maxHttpHeaderSize"": ""6932"", ""maxHttpRequestHeaderSize"": ""28571"", ""maxHttpResponseHeaderSize"": ""5631"", ""maxKeepAliveRequests"": ""3964"", ""maxParameterCount"": ""16295"", ""maxSwallowSize"": ""12508339"", ""maxThreads"": ""119"", ""minSpareThreads"": ""701"", ""processorCache"": ""8"", ""tcpNoDelay"": ""TRUE"", ""threadPriority"": ""9"", ""threadsMaxIdleTime"": ""465303"", ""useAsyncIO"": ""TRUE"", ""useVirtualThreads"": ""TRUE""}"
tomcat,lf05_hard07,"lambda_f=0.5, hard=0.7",3302,RQ1&2parrel,96,2218.44,22.8,2218.44,10.066829919815063,"[8, 50, 10, False]",0.0,10.066731929779053,0.0,"{""acceptCount"": ""920"", ""allowBackslash"": ""FALSE"", ""compression"": ""force"", ""compressionMinSize"": ""2972"", ""connectionTimeout"": ""402995"", ""connectionUploadTimeout"": ""520770"", ""disableUploadTimeout"": ""FALSE"", ""executorTerminationTimeoutMillis"": ""566908"", ""keepAliveTimeout"": ""67373"", ""maxConnections"": ""16430"", ""maxHeaderCount"": ""488"", ""maxHttpHeaderSize"": ""2053"", ""maxHttpRequestHeaderSize"": ""26455"", ""maxHttpResponseHeaderSize"": ""64363"", ""maxKeepAliveRequests"": ""3201"", ""maxParameterCount"": ""38996"", ""maxSwallowSize"": ""4811008"", ""maxThreads"": ""320"", ""minSpareThreads"": ""955"", ""processorCache"": ""222"", ""tcpNoDelay"": ""FALSE"", ""threadPriority"": ""3"", ""threadsMaxIdleTime"": ""349027"", ""useAsyncIO"": ""FALSE"", ""useVirtualThreads"": ""TRUE""}"
tomcat,lf05_hard07,"lambda_f=0.5, hard=0.7",3302,RQ1&2parrel,97,2158.22,30.58,2158.22,10.050085067749023,"[8, 50, 10, False]",0.0,10.04999852180481,0.0,"{""acceptCount"": ""632"", ""allowBackslash"": ""FALSE"", ""compression"": ""on"", ""compressionMinSize"": ""5438"", ""connectionTimeout"": ""65074"", ""connectionUploadTimeout"": ""583718"", ""disableUploadTimeout"": ""TRUE"", ""executorTerminationTimeoutMillis"": ""74398"", ""keepAliveTimeout"": ""431392"", ""maxConnections"": ""1850"", ""maxHeaderCount"": ""365"", ""maxHttpHeaderSize"": ""10308"", ""maxHttpRequestHeaderSize"": ""64765"", ""maxHttpResponseHeaderSize"": ""38593"", ""maxKeepAliveRequests"": ""97"", ""maxParameterCount"": ""84358"", ""maxSwallowSize"": ""7024379"", ""maxThreads"": ""378"", ""minSpareThreads"": ""805"", ""processorCache"": ""297"", ""tcpNoDelay"": ""FALSE"", ""threadPriority"": ""5"", ""threadsMaxIdleTime"": ""430891"", ""useAsyncIO"": ""FALSE"", ""useVirtualThreads"": ""FALSE""}"
tomcat,lf05_hard07,"lambda_f=0.5, hard=0.7",3302,RQ1&2parrel,98,2278.68,27.02,2278.68,10.064509868621826,"[8, 50, 10, False]",0.0,10.06441855430603,0.0,"{""acceptCount"": ""439"", ""allowBackslash"": ""FALSE"", ""compression"": ""force"", ""compressionMinSize"": ""1229"", ""connectionTimeout"": ""474717"", ""connectionUploadTimeout"": ""22597"", ""disableUploadTimeout"": ""TRUE"", ""executorTerminationTimeoutMillis"": ""210161"", ""keepAliveTimeout"": ""23181"", ""maxConnections"": ""14054"", ""maxHeaderCount"": ""516"", ""maxHttpHeaderSize"": ""13188"", ""maxHttpRequestHeaderSize"": ""28374"", ""maxHttpResponseHeaderSize"": ""31111"", ""maxKeepAliveRequests"": ""3092"", ""maxParameterCount"": ""67040"", ""maxSwallowSize"": ""9697107"", ""maxThreads"": ""229"", ""minSpareThreads"": ""919"", ""processorCache"": ""79"", ""tcpNoDelay"": ""TRUE"", ""threadPriority"": ""2"", ""threadsMaxIdleTime"": ""276523"", ""useAsyncIO"": ""FALSE"", ""useVirtualThreads"": ""FALSE""}"
tomcat,lf05_hard07,"lambda_f=0.5, hard=0.7",3302,RQ1&2parrel,99,2011.14,44.87,2011.14,10.065324068069458,"[8, 50, 10, False]",0.0,10.065218687057495,0.0,"{""acceptCount"": ""10"", ""allowBackslash"": ""FALSE"", ""compression"": ""on"", ""compressionMinSize"": ""4204"", ""connectionTimeout"": ""451522"", ""connectionUploadTimeout"": ""330780"", ""disableUploadTimeout"": ""TRUE"", ""executorTerminationTimeoutMillis"": ""98514"", ""keepAliveTimeout"": ""8136"", ""maxConnections"": ""16924"", ""maxHeaderCount"": ""760"", ""maxHttpHeaderSize"": ""38815"", ""maxHttpRequestHeaderSize"": ""57849"", ""maxHttpResponseHeaderSize"": ""51194"", ""maxKeepAliveRequests"": ""2247"", ""maxParameterCount"": ""13266"", ""maxSwallowSize"": ""12036158"", ""maxThreads"": ""170"", ""minSpareThreads"": ""443"", ""processorCache"": ""280"", ""tcpNoDelay"": ""FALSE"", ""threadPriority"": ""8"", ""threadsMaxIdleTime"": ""32834"", ""useAsyncIO"": ""FALSE"", ""useVirtualThreads"": ""TRUE""}"
tomcat,lf05_hard07,"lambda_f=0.5, hard=0.7",3302,RQ1&2parrel,100,2356.04,24.27,2356.04,10.036834478378296,"[8, 50, 10, False]",0.0,10.036741733551025,0.0,"{""acceptCount"": ""439"", ""allowBackslash"": ""FALSE"", ""compression"": ""force"", ""compressionMinSize"": ""1229"", ""connectionTimeout"": ""474717"", ""connectionUploadTimeout"": ""20893"", ""disableUploadTimeout"": ""TRUE"", ""executorTerminationTimeoutMillis"": ""210161"", ""keepAliveTimeout"": ""23181"", ""maxConnections"": ""14054"", ""maxHeaderCount"": ""517"", ""maxHttpHeaderSize"": ""13591"", ""maxHttpRequestHeaderSize"": ""28886"", ""maxHttpResponseHeaderSize"": ""27639"", ""maxKeepAliveRequests"": ""3097"", ""maxParameterCount"": ""66921"", ""maxSwallowSize"": ""9697107"", ""maxThreads"": ""309"", ""minSpareThreads"": ""919"", ""processorCache"": ""79"", ""tcpNoDelay"": ""TRUE"", ""threadPriority"": ""2"", ""threadsMaxIdleTime"": ""276701"", ""useAsyncIO"": ""TRUE"", ""useVirtualThreads"": ""FALSE""}"
tomcat,lf05_hard07,"lambda_f=0.5, hard=0.7",3302,RQ1&2parrel,101,2287.8,28.42,2287.8,10.050164937973022,"[8, 50, 10, False]",0.0,10.05007529258728,0.0,"{""acceptCount"": ""439"", ""allowBackslash"": ""FALSE"", ""compression"": ""force"", ""compressionMinSize"": ""1182"", ""connectionTimeout"": ""23914"", ""connectionUploadTimeout"": ""21336"", ""disableUploadTimeout"": ""TRUE"", ""executorTerminationTimeoutMillis"": ""207780"", ""keepAliveTimeout"": ""23181"", ""maxConnections"": ""2592"", ""maxHeaderCount"": ""122"", ""maxHttpHeaderSize"": ""5593"", ""maxHttpRequestHeaderSize"": ""2556"", ""maxHttpResponseHeaderSize"": ""14306"", ""maxKeepAliveRequests"": ""3097"", ""maxParameterCount"": ""67578"", ""maxSwallowSize"": ""9785759"", ""maxThreads"": ""151"", ""minSpareThreads"": ""167"", ""processorCache"": ""79"", ""tcpNoDelay"": ""TRUE"", ""threadPriority"": ""2"", ""threadsMaxIdleTime"": ""276701"", ""useAsyncIO"": ""FALSE"", ""useVirtualThreads"": ""FALSE""}"
tomcat,lf05_hard07,"lambda_f=0.5, hard=0.7",3302,RQ1&2parrel,102,2283.57,21.93,2283.57,10.029977560043335,"[8, 50, 10, False]",0.0,10.02987813949585,0.0,"{""acceptCount"": ""788"", ""allowBackslash"": ""TRUE"", ""compression"": ""force"", ""compressionMinSize"": ""9777"", ""connectionTimeout"": ""523329"", ""connectionUploadTimeout"": ""564341"", ""disableUploadTimeout"": ""TRUE"", ""executorTerminationTimeoutMillis"": ""40471"", ""keepAliveTimeout"": ""153603"", ""maxConnections"": ""5433"", ""maxHeaderCount"": ""227"", ""maxHttpHeaderSize"": ""15838"", ""maxHttpRequestHeaderSize"": ""19493"", ""maxHttpResponseHeaderSize"": ""54232"", ""maxKeepAliveRequests"": ""4252"", ""maxParameterCount"": ""94698"", ""maxSwallowSize"": ""6223205"", ""maxThreads"": ""114"", ""minSpareThreads"": ""828"", ""processorCache"": ""257"", ""tcpNoDelay"": ""TRUE"", ""threadPriority"": ""4"", ""threadsMaxIdleTime"": ""95331"", ""useAsyncIO"": ""FALSE"", ""useVirtualThreads"": ""TRUE""}"
tomcat,lf05_hard07,"lambda_f=0.5, hard=0.7",3302,RQ1&2parrel,103,2418.82,24.45,2418.82,10.038687229156494,"[8, 50, 10, False]",0.0,10.038588047027588,0.0,"{""acceptCount"": ""515"", ""allowBackslash"": ""TRUE"", ""compression"": ""off"", ""compressionMinSize"": ""2314"", ""connectionTimeout"": ""261285"", ""connectionUploadTimeout"": ""506219"", ""disableUploadTimeout"": ""FALSE"", ""executorTerminationTimeoutMillis"": ""597906"", ""keepAliveTimeout"": ""537241"", ""maxConnections"": ""10033"", ""maxHeaderCount"": ""107"", ""maxHttpHeaderSize"": ""7837"", ""maxHttpRequestHeaderSize"": ""53439"", ""maxHttpResponseHeaderSize"": ""48533"", ""maxKeepAliveRequests"": ""2472"", ""maxParameterCount"": ""27489"", ""maxSwallowSize"": ""3026824"", ""maxThreads"": ""185"", ""minSpareThreads"": ""932"", ""processorCache"": ""236"", ""tcpNoDelay"": ""TRUE"", ""threadPriority"": ""5"", ""threadsMaxIdleTime"": ""27241"", ""useAsyncIO"": ""FALSE"", ""useVirtualThreads"": ""FALSE""}"
tomcat,lf05_hard07,"lambda_f=0.5, hard=0.7",3302,RQ1&2parrel,104,2372.29,30.2,2372.29,10.024899005889893,"[8, 50, 10, False]",0.0,10.024803876876831,0.0,"{""acceptCount"": ""964"", ""allowBackslash"": ""FALSE"", ""compression"": ""force"", ""compressionMinSize"": ""7528"", ""connectionTimeout"": ""439032"", ""connectionUploadTimeout"": ""465383"", ""disableUploadTimeout"": ""FALSE"", ""executorTerminationTimeoutMillis"": ""186686"", ""keepAliveTimeout"": ""381247"", ""maxConnections"": ""17351"", ""maxHeaderCount"": ""633"", ""maxHttpHeaderSize"": ""9085"", ""maxHttpRequestHeaderSize"": ""48196"", ""maxHttpResponseHeaderSize"": ""20747"", ""maxKeepAliveRequests"": ""3844"", ""maxParameterCount"": ""70248"", ""maxSwallowSize"": ""11719949"", ""maxThreads"": ""42"", ""minSpareThreads"": ""307"", ""processorCache"": ""116"", ""tcpNoDelay"": ""TRUE"", ""threadPriority"": ""8"", ""threadsMaxIdleTime"": ""474314"", ""useAsyncIO"": ""TRUE"", ""useVirtualThreads"": ""FALSE""}"
tomcat,lf05_hard07,"lambda_f=0.5, hard=0.7",3302,RQ1&2parrel,105,2377.11,26.07,2377.11,10.030500888824463,"[8, 50, 10, False]",0.0,10.030415296554565,0.0,"{""acceptCount"": ""792"", ""allowBackslash"": ""TRUE"", ""compression"": ""off"", ""compressionMinSize"": ""2066"", ""connectionTimeout"": ""362494"", ""connectionUploadTimeout"": ""526950"", ""disableUploadTimeout"": ""FALSE"", ""executorTerminationTimeoutMillis"": ""337076"", ""keepAliveTimeout"": ""485120"", ""maxConnections"": ""15167"", ""maxHeaderCount"": ""173"", ""maxHttpHeaderSize"": ""18450"", ""maxHttpRequestHeaderSize"": ""28387"", ""maxHttpResponseHeaderSize"": ""64820"", ""maxKeepAliveRequests"": ""4224"", ""maxParameterCount"": ""57355"", ""maxSwallowSize"": ""4355573"", ""maxThreads"": ""374"", ""minSpareThreads"": ""935"", ""processorCache"": ""358"", ""tcpNoDelay"": ""FALSE"", ""threadPriority"": ""8"", ""threadsMaxIdleTime"": ""155047"", ""useAsyncIO"": ""FALSE"", ""useVirtualThreads"": ""FALSE""}"
tomcat,lf05_hard07,"lambda_f=0.5, hard=0.7",3302,RQ1&2parrel,106,2207.99,22.76,2207.99,10.02779507637024,"[8, 50, 10, False]",0.0,10.027700185775757,0.0,"{""acceptCount"": ""481"", ""allowBackslash"": ""FALSE"", ""compression"": ""force"", ""compressionMinSize"": ""5596"", ""connectionTimeout"": ""537384"", ""connectionUploadTimeout"": ""323710"", ""disableUploadTimeout"": ""FALSE"", ""executorTerminationTimeoutMillis"": ""408765"", ""keepAliveTimeout"": ""224018"", ""maxConnections"": ""8947"", ""maxHeaderCount"": ""304"", ""maxHttpHeaderSize"": ""26340"", ""maxHttpRequestHeaderSize"": ""28101"", ""maxHttpResponseHeaderSize"": ""54494"", ""maxKeepAliveRequests"": ""2916"", ""maxParameterCount"": ""2129"", ""maxSwallowSize"": ""3115384"", ""maxThreads"": ""40"", ""minSpareThreads"": ""909"", ""processorCache"": ""70"", ""tcpNoDelay"": ""TRUE"", ""threadPriority"": ""10"", ""threadsMaxIdleTime"": ""435364"", ""useAsyncIO"": ""FALSE"", ""useVirtualThreads"": ""TRUE""}"
tomcat,lf05_hard07,"lambda_f=0.5, hard=0.7",3302,RQ1&2parrel,107,2314.83,24.32,2314.83,10.023677110671997,"[8, 50, 10, False]",0.0,10.023585319519043,0.0,"{""acceptCount"": ""439"", ""allowBackslash"": ""FALSE"", ""compression"": ""force"", ""compressionMinSize"": ""1229"", ""connectionTimeout"": ""474717"", ""connectionUploadTimeout"": ""20893"", ""disableUploadTimeout"": ""TRUE"", ""executorTerminationTimeoutMillis"": ""210161"", ""keepAliveTimeout"": ""35540"", ""maxConnections"": ""13796"", ""maxHeaderCount"": ""565"", ""maxHttpHeaderSize"": ""13689"", ""maxHttpRequestHeaderSize"": ""27027"", ""maxHttpResponseHeaderSize"": ""64929"", ""maxKeepAliveRequests"": ""3144"", ""maxParameterCount"": ""66921"", ""maxSwallowSize"": ""9697107"", ""maxThreads"": ""306"", ""minSpareThreads"": ""937"", ""processorCache"": ""79"", ""tcpNoDelay"": ""TRUE"", ""threadPriority"": ""2"", ""threadsMaxIdleTime"": ""282158"", ""useAsyncIO"": ""FALSE"", ""useVirtualThreads"": ""FALSE""}"
tomcat,lf05_hard07,"lambda_f=0.5, hard=0.7",3302,RQ1&2parrel,108,2216.76,27.93,2216.76,10.024949789047241,"[8, 50, 10, False]",0.0,10.024861574172974,0.0,"{""acceptCount"": ""520"", ""allowBackslash"": ""FALSE"", ""compression"": ""force"", ""compressionMinSize"": ""266"", ""connectionTimeout"": ""224773"", ""connectionUploadTimeout"": ""209479"", ""disableUploadTimeout"": ""TRUE"", ""executorTerminationTimeoutMillis"": ""359535"", ""keepAliveTimeout"": ""419836"", ""maxConnections"": ""7646"", ""maxHeaderCount"": ""811"", ""maxHttpHeaderSize"": ""29730"", ""maxHttpRequestHeaderSize"": ""58838"", ""maxHttpResponseHeaderSize"": ""63834"", ""maxKeepAliveRequests"": ""3775"", ""maxParameterCount"": ""19517"", ""maxSwallowSize"": ""5273194"", ""maxThreads"": ""396"", ""minSpareThreads"": ""264"", ""processorCache"": ""383"", ""tcpNoDelay"": ""TRUE"", ""threadPriority"": ""10"", ""threadsMaxIdleTime"": ""203848"", ""useAsyncIO"": ""FALSE"", ""useVirtualThreads"": ""FALSE""}"
tomcat,lf05_hard07,"lambda_f=0.5, hard=0.7",3302,RQ1&2parrel,109,2208.16,31.5,2208.16,10.021584510803223,"[8, 50, 10, False]",0.0,10.021493911743164,0.0,"{""acceptCount"": ""873"", ""allowBackslash"": ""FALSE"", ""compression"": ""force"", ""compressionMinSize"": ""9645"", ""connectionTimeout"": ""167019"", ""connectionUploadTimeout"": ""171383"", ""disableUploadTimeout"": ""TRUE"", ""executorTerminationTimeoutMillis"": ""8278"", ""keepAliveTimeout"": ""85843"", ""maxConnections"": ""12466"", ""maxHeaderCount"": ""278"", ""maxHttpHeaderSize"": ""15966"", ""maxHttpRequestHeaderSize"": ""16686"", ""maxHttpResponseHeaderSize"": ""62483"", ""maxKeepAliveRequests"": ""2065"", ""maxParameterCount"": ""74759"", ""maxSwallowSize"": ""2524046"", ""maxThreads"": ""142"", ""minSpareThreads"": ""686"", ""processorCache"": ""146"", ""tcpNoDelay"": ""TRUE"", ""threadPriority"": ""6"", ""threadsMaxIdleTime"": ""146165"", ""useAsyncIO"": ""TRUE"", ""useVirtualThreads"": ""FALSE""}"
tomcat,lf05_hard07,"lambda_f=0.5, hard=0.7",3302,RQ1&2parrel,110,2253.72,22.65,2253.72,10.015291213989258,"[8, 50, 10, False]",0.0,10.015199899673462,0.0,"{""acceptCount"": ""605"", ""allowBackslash"": ""FALSE"", ""compression"": ""force"", ""compressionMinSize"": ""8555"", ""connectionTimeout"": ""577419"", ""connectionUploadTimeout"": ""73364"", ""disableUploadTimeout"": ""FALSE"", ""executorTerminationTimeoutMillis"": ""240821"", ""keepAliveTimeout"": ""388960"", ""maxConnections"": ""14880"", ""maxHeaderCount"": ""969"", ""maxHttpHeaderSize"": ""6299"", ""maxHttpRequestHeaderSize"": ""22430"", ""maxHttpResponseHeaderSize"": ""52135"", ""maxKeepAliveRequests"": ""43"", ""maxParameterCount"": ""11077"", ""maxSwallowSize"": ""9572484"", ""maxThreads"": ""155"", ""minSpareThreads"": ""680"", ""processorCache"": ""182"", ""tcpNoDelay"": ""FALSE"", ""threadPriority"": ""2"", ""threadsMaxIdleTime"": ""186226"", ""useAsyncIO"": ""TRUE"", ""useVirtualThreads"": ""TRUE""}"
tomcat,lf05_hard07,"lambda_f=0.5, hard=0.7",3302,RQ1&2parrel,111,2228.76,22.91,2228.76,10.050934553146362,"[8, 50, 10, False]",0.0,10.050844430923462,0.0,"{""acceptCount"": ""145"", ""allowBackslash"": ""FALSE"", ""compression"": ""on"", ""compressionMinSize"": ""9599"", ""connectionTimeout"": ""381825"", ""connectionUploadTimeout"": ""329499"", ""disableUploadTimeout"": ""TRUE"", ""executorTerminationTimeoutMillis"": ""468722"", ""keepAliveTimeout"": ""506600"", ""maxConnections"": ""13794"", ""maxHeaderCount"": ""873"", ""maxHttpHeaderSize"": ""4356"", ""maxHttpRequestHeaderSize"": ""38533"", ""maxHttpResponseHeaderSize"": ""9144"", ""maxKeepAliveRequests"": ""594"", ""maxParameterCount"": ""63190"", ""maxSwallowSize"": ""6168933"", ""maxThreads"": ""43"", ""minSpareThreads"": ""91"", ""processorCache"": ""134"", ""tcpNoDelay"": ""TRUE"", ""threadPriority"": ""10"", ""threadsMaxIdleTime"": ""276960"", ""useAsyncIO"": ""FALSE"", ""useVirtualThreads"": ""TRUE""}"
tomcat,lf05_hard07,"lambda_f=0.5, hard=0.7",3302,RQ1&2parrel,112,2260.43,22.94,2260.43,10.022271633148193,"[8, 50, 10, False]",0.0,10.022176504135132,0.0,"{""acceptCount"": ""161"", ""allowBackslash"": ""TRUE"", ""compression"": ""off"", ""compressionMinSize"": ""5449"", ""connectionTimeout"": ""458542"", ""connectionUploadTimeout"": ""45636"", ""disableUploadTimeout"": ""FALSE"", ""executorTerminationTimeoutMillis"": ""74828"", ""keepAliveTimeout"": ""158328"", ""maxConnections"": ""3101"", ""maxHeaderCount"": ""530"", ""maxHttpHeaderSize"": ""13592"", ""maxHttpRequestHeaderSize"": ""22881"", ""maxHttpResponseHeaderSize"": ""64940"", ""maxKeepAliveRequests"": ""94"", ""maxParameterCount"": ""52084"", ""maxSwallowSize"": ""4842399"", ""maxThreads"": ""20"", ""minSpareThreads"": ""516"", ""processorCache"": ""183"", ""tcpNoDelay"": ""FALSE"", ""threadPriority"": ""9"", ""threadsMaxIdleTime"": ""256802"", ""useAsyncIO"": ""TRUE"", ""useVirtualThreads"": ""TRUE""}"
tomcat,lf05_hard07,"lambda_f=0.5, hard=0.7",3302,RQ1&2parrel,113,2333.16,66.49,2333.16,10.047638893127441,"[8, 50, 10, False]",0.0,10.04751443862915,0.0,"{""acceptCount"": ""4"", ""allowBackslash"": ""TRUE"", ""compression"": ""off"", ""compressionMinSize"": ""1978"", ""connectionTimeout"": ""106694"", ""connectionUploadTimeout"": ""122440"", ""disableUploadTimeout"": ""FALSE"", ""executorTerminationTimeoutMillis"": ""252211"", ""keepAliveTimeout"": ""260291"", ""maxConnections"": ""10398"", ""maxHeaderCount"": ""640"", ""maxHttpHeaderSize"": ""7539"", ""maxHttpRequestHeaderSize"": ""25236"", ""maxHttpResponseHeaderSize"": ""3362"", ""maxKeepAliveRequests"": ""492"", ""maxParameterCount"": ""96856"", ""maxSwallowSize"": ""3436309"", ""maxThreads"": ""64"", ""minSpareThreads"": ""978"", ""processorCache"": ""98"", ""tcpNoDelay"": ""FALSE"", ""threadPriority"": ""2"", ""threadsMaxIdleTime"": ""61300"", ""useAsyncIO"": ""FALSE"", ""useVirtualThreads"": ""FALSE""}"
tomcat,lf05_hard07,"lambda_f=0.5, hard=0.7",3302,RQ1&2parrel,114,2171.77,30.91,2171.77,10.05927062034607,"[8, 50, 10, False]",0.0,10.059170246124268,0.0,"{""acceptCount"": ""254"", ""allowBackslash"": ""TRUE"", ""compression"": ""force"", ""compressionMinSize"": ""5054"", ""connectionTimeout"": ""440982"", ""connectionUploadTimeout"": ""237097"", ""disableUploadTimeout"": ""TRUE"", ""executorTerminationTimeoutMillis"": ""534698"", ""keepAliveTimeout"": ""337946"", ""maxConnections"": ""5108"", ""maxHeaderCount"": ""939"", ""maxHttpHeaderSize"": ""1727"", ""maxHttpRequestHeaderSize"": ""3127"", ""maxHttpResponseHeaderSize"": ""47154"", ""maxKeepAliveRequests"": ""416"", ""maxParameterCount"": ""64666"", ""maxSwallowSize"": ""11460975"", ""maxThreads"": ""374"", ""minSpareThreads"": ""95"", ""processorCache"": ""57"", ""tcpNoDelay"": ""TRUE"", ""threadPriority"": ""3"", ""threadsMaxIdleTime"": ""526281"", ""useAsyncIO"": ""FALSE"", ""useVirtualThreads"": ""FALSE""}"
tomcat,lf05_hard07,"lambda_f=0.5, hard=0.7",3302,RQ1&2parrel,115,2306.12,21.9,2306.12,10.032158374786377,"[8, 50, 10, False]",0.0,10.0314040184021,0.0,"{""acceptCount"": ""893"", ""allowBackslash"": ""TRUE"", ""compression"": ""force"", ""compressionMinSize"": ""338"", ""connectionTimeout"": ""532465"", ""connectionUploadTimeout"": ""349682"", ""disableUploadTimeout"": ""FALSE"", ""executorTerminationTimeoutMillis"": ""311406"", ""keepAliveTimeout"": ""410161"", ""maxConnections"": ""19210"", ""maxHeaderCount"": ""639"", ""maxHttpHeaderSize"": ""35670"", ""maxHttpRequestHeaderSize"": ""61133"", ""maxHttpResponseHeaderSize"": ""40249"", ""maxKeepAliveRequests"": ""1792"", ""maxParameterCount"": ""31027"", ""maxSwallowSize"": ""13485129"", ""maxThreads"": ""249"", ""minSpareThreads"": ""604"", ""processorCache"": ""215"", ""tcpNoDelay"": ""TRUE"", ""threadPriority"": ""8"", ""threadsMaxIdleTime"": ""388634"", ""useAsyncIO"": ""TRUE"", ""useVirtualThreads"": ""TRUE""}"
tomcat,lf05_hard07,"lambda_f=0.5, hard=0.7",3302,RQ1&2parrel,116,2427.58,25.55,2427.58,10.019289493560791,"[8, 50, 10, False]",0.0,10.019192934036255,0.0,"{""acceptCount"": ""257"", ""allowBackslash"": ""TRUE"", ""compression"": ""force"", ""compressionMinSize"": ""302"", ""connectionTimeout"": ""558634"", ""connectionUploadTimeout"": ""446948"", ""disableUploadTimeout"": ""FALSE"", ""executorTerminationTimeoutMillis"": ""449338"", ""keepAliveTimeout"": ""395296"", ""maxConnections"": ""333"", ""maxHeaderCount"": ""348"", ""maxHttpHeaderSize"": ""3276"", ""maxHttpRequestHeaderSize"": ""50663"", ""maxHttpResponseHeaderSize"": ""25712"", ""maxKeepAliveRequests"": ""3740"", ""maxParameterCount"": ""10320"", ""maxSwallowSize"": ""16614545"", ""maxThreads"": ""308"", ""minSpareThreads"": ""466"", ""processorCache"": ""204"", ""tcpNoDelay"": ""FALSE"", ""threadPriority"": ""7"", ""threadsMaxIdleTime"": ""556133"", ""useAsyncIO"": ""TRUE"", ""useVirtualThreads"": ""FALSE""}"
tomcat,lf05_hard07,"lambda_f=0.5, hard=0.7",3302,RQ1&2parrel,117,2420.55,20.59,2420.55,10.036136150360107,"[8, 50, 10, False]",0.0,10.036012411117554,0.0,"{""acceptCount"": ""300"", ""allowBackslash"": ""TRUE"", ""compression"": ""force"", ""compressionMinSize"": ""6581"", ""connectionTimeout"": ""48579"", ""connectionUploadTimeout"": ""185168"", ""disableUploadTimeout"": ""FALSE"", ""executorTerminationTimeoutMillis"": ""567827"", ""keepAliveTimeout"": ""364585"", ""maxConnections"": ""14108"", ""maxHeaderCount"": ""944"", ""maxHttpHeaderSize"": ""6475"", ""maxHttpRequestHeaderSize"": ""6414"", ""maxHttpResponseHeaderSize"": ""29191"", ""maxKeepAliveRequests"": ""719"", ""maxParameterCount"": ""53195"", ""maxSwallowSize"": ""1626114"", ""maxThreads"": ""390"", ""minSpareThreads"": ""300"", ""processorCache"": ""21"", ""tcpNoDelay"": ""TRUE"", ""threadPriority"": ""4"", ""threadsMaxIdleTime"": ""74481"", ""useAsyncIO"": ""TRUE"", ""useVirtualThreads"": ""TRUE""}"
tomcat,lf05_hard07,"lambda_f=0.5, hard=0.7",3302,RQ1&2parrel,118,2352.06,5.43,2352.06,10.056845664978027,"[8, 50, 10, False]",0.0,10.05675721168518,0.0,"{""acceptCount"": ""842"", ""allowBackslash"": ""FALSE"", ""compression"": ""on"", ""compressionMinSize"": ""5143"", ""connectionTimeout"": ""454720"", ""connectionUploadTimeout"": ""445259"", ""disableUploadTimeout"": ""FALSE"", ""executorTerminationTimeoutMillis"": ""519940"", ""keepAliveTimeout"": ""311747"", ""maxConnections"": ""13"", ""maxHeaderCount"": ""84"", ""maxHttpHeaderSize"": ""2726"", ""maxHttpRequestHeaderSize"": ""14026"", ""maxHttpResponseHeaderSize"": ""56398"", ""maxKeepAliveRequests"": ""3048"", ""maxParameterCount"": ""70350"", ""maxSwallowSize"": ""19985308"", ""maxThreads"": ""280"", ""minSpareThreads"": ""661"", ""processorCache"": ""358"", ""tcpNoDelay"": ""FALSE"", ""threadPriority"": ""5"", ""threadsMaxIdleTime"": ""339325"", ""useAsyncIO"": ""FALSE"", ""useVirtualThreads"": ""FALSE""}"
tomcat,lf05_hard07,"lambda_f=0.5, hard=0.7",3302,RQ1&2parrel,119,2462.41,24.23,2462.41,10.02729082107544,"[8, 50, 10, False]",0.0,10.02717638015747,0.0,"{""acceptCount"": ""439"", ""allowBackslash"": ""FALSE"", ""compression"": ""force"", ""compressionMinSize"": ""1229"", ""connectionTimeout"": ""483279"", ""connectionUploadTimeout"": ""20893"", ""disableUploadTimeout"": ""TRUE"", ""executorTerminationTimeoutMillis"": ""210161"", ""keepAliveTimeout"": ""16235"", ""maxConnections"": ""14054"", ""maxHeaderCount"": ""517"", ""maxHttpHeaderSize"": ""13591"", ""maxHttpRequestHeaderSize"": ""28886"", ""maxHttpResponseHeaderSize"": ""27639"", ""maxKeepAliveRequests"": ""3097"", ""maxParameterCount"": ""66921"", ""maxSwallowSize"": ""9697107"", ""maxThreads"": ""309"", ""minSpareThreads"": ""919"", ""processorCache"": ""79"", ""tcpNoDelay"": ""TRUE"", ""threadPriority"": ""2"", ""threadsMaxIdleTime"": ""276701"", ""useAsyncIO"": ""FALSE"", ""useVirtualThreads"": ""FALSE""}"
tomcat,lf05_hard07,"lambda_f=0.5, hard=0.7",3302,RQ1&2parrel,120,2617.2,25.21,2617.2,10.023923397064209,"[8, 50, 10, False]",0.0,10.023837566375732,0.0,"{""acceptCount"": ""653"", ""allowBackslash"": ""TRUE"", ""compression"": ""force"", ""compressionMinSize"": ""7381"", ""connectionTimeout"": ""101658"", ""connectionUploadTimeout"": ""281714"", ""disableUploadTimeout"": ""FALSE"", ""executorTerminationTimeoutMillis"": ""285386"", ""keepAliveTimeout"": ""558031"", ""maxConnections"": ""19227"", ""maxHeaderCount"": ""537"", ""maxHttpHeaderSize"": ""19132"", ""maxHttpRequestHeaderSize"": ""51623"", ""maxHttpResponseHeaderSize"": ""53771"", ""maxKeepAliveRequests"": ""3657"", ""maxParameterCount"": ""62544"", ""maxSwallowSize"": ""4020270"", ""maxThreads"": ""190"", ""minSpareThreads"": ""387"", ""processorCache"": ""350"", ""tcpNoDelay"": ""FALSE"", ""threadPriority"": ""9"", ""threadsMaxIdleTime"": ""550178"", ""useAsyncIO"": ""FALSE"", ""useVirtualThreads"": ""FALSE""}"
tomcat,lf05_hard07,"lambda_f=0.5, hard=0.7",3302,RQ1&2parrel,121,2594.93,24.89,2594.93,10.01645827293396,"[8, 50, 10, False]",0.0,10.016363382339478,0.0,"{""acceptCount"": ""653"", ""allowBackslash"": ""TRUE"", ""compression"": ""force"", ""compressionMinSize"": ""7348"", ""connectionTimeout"": ""101658"", ""connectionUploadTimeout"": ""281714"", ""disableUploadTimeout"": ""FALSE"", ""executorTerminationTimeoutMillis"": ""275856"", ""keepAliveTimeout"": ""558031"", ""maxConnections"": ""19220"", ""maxHeaderCount"": ""537"", ""maxHttpHeaderSize"": ""19132"", ""maxHttpRequestHeaderSize"": ""51623"", ""maxHttpResponseHeaderSize"": ""53771"", ""maxKeepAliveRequests"": ""3657"", ""maxParameterCount"": ""62544"", ""maxSwallowSize"": ""4020270"", ""maxThreads"": ""190"", ""minSpareThreads"": ""387"", ""processorCache"": ""350"", ""tcpNoDelay"": ""FALSE"", ""threadPriority"": ""9"", ""threadsMaxIdleTime"": ""549645"", ""useAsyncIO"": ""TRUE"", ""useVirtualThreads"": ""FALSE""}"
tomcat,lf05_hard07,"lambda_f=0.5, hard=0.7",3302,RQ1&2parrel,122,2417.65,27.78,2417.65,10.021741390228271,"[8, 50, 10, False]",0.0,10.02164912223816,0.0,"{""acceptCount"": ""645"", ""allowBackslash"": ""TRUE"", ""compression"": ""force"", ""compressionMinSize"": ""3114"", ""connectionTimeout"": ""73221"", ""connectionUploadTimeout"": ""272444"", ""disableUploadTimeout"": ""FALSE"", ""executorTerminationTimeoutMillis"": ""295381"", ""keepAliveTimeout"": ""558056"", ""maxConnections"": ""19228"", ""maxHeaderCount"": ""537"", ""maxHttpHeaderSize"": ""19132"", ""maxHttpRequestHeaderSize"": ""51623"", ""maxHttpResponseHeaderSize"": ""54181"", ""maxKeepAliveRequests"": ""2900"", ""maxParameterCount"": ""59421"", ""maxSwallowSize"": ""4023502"", ""maxThreads"": ""190"", ""minSpareThreads"": ""388"", ""processorCache"": ""350"", ""tcpNoDelay"": ""FALSE"", ""threadPriority"": ""8"", ""threadsMaxIdleTime"": ""550787"", ""useAsyncIO"": ""FALSE"", ""useVirtualThreads"": ""FALSE""}"
tomcat,lf05_hard07,"lambda_f=0.5, hard=0.7",3302,RQ1&2parrel,123,2405.44,27.79,2405.44,10.036625862121582,"[8, 50, 10, False]",0.0,10.036534786224365,0.0,"{""acceptCount"": ""653"", ""allowBackslash"": ""TRUE"", ""compression"": ""force"", ""compressionMinSize"": ""7381"", ""connectionTimeout"": ""101658"", ""connectionUploadTimeout"": ""281714"", ""disableUploadTimeout"": ""FALSE"", ""executorTerminationTimeoutMillis"": ""285386"", ""keepAliveTimeout"": ""558031"", ""maxConnections"": ""19227"", ""maxHeaderCount"": ""537"", ""maxHttpHeaderSize"": ""19132"", ""maxHttpRequestHeaderSize"": ""51623"", ""maxHttpResponseHeaderSize"": ""53771"", ""maxKeepAliveRequests"": ""3657"", ""maxParameterCount"": ""62544"", ""maxSwallowSize"": ""4020270"", ""maxThreads"": ""190"", ""minSpareThreads"": ""387"", ""processorCache"": ""350"", ""tcpNoDelay"": ""FALSE"", ""threadPriority"": ""9"", ""threadsMaxIdleTime"": ""550178"", ""useAsyncIO"": ""TRUE"", ""useVirtualThreads"": ""FALSE""}"
tomcat,lf05_hard07,"lambda_f=0.5, hard=0.7",3302,RQ1&2parrel,124,2323.6,26.2,2323.6,10.03295373916626,"[8, 50, 10, False]",0.0,10.032725095748901,0.0,"{""acceptCount"": ""653"", ""allowBackslash"": ""TRUE"", ""compression"": ""force"", ""compressionMinSize"": ""7194"", ""connectionTimeout"": ""101658"", ""connectionUploadTimeout"": ""281776"", ""disableUploadTimeout"": ""FALSE"", ""executorTerminationTimeoutMillis"": ""280238"", ""keepAliveTimeout"": ""558031"", ""maxConnections"": ""19227"", ""maxHeaderCount"": ""537"", ""maxHttpHeaderSize"": ""19118"", ""maxHttpRequestHeaderSize"": ""54767"", ""maxHttpResponseHeaderSize"": ""53771"", ""maxKeepAliveRequests"": ""3718"", ""maxParameterCount"": ""62544"", ""maxSwallowSize"": ""4023131"", ""maxThreads"": ""190"", ""minSpareThreads"": ""387"", ""processorCache"": ""355"", ""tcpNoDelay"": ""FALSE"", ""threadPriority"": ""9"", ""threadsMaxIdleTime"": ""550178"", ""useAsyncIO"": ""FALSE"", ""useVirtualThreads"": ""FALSE""}"
tomcat,lf05_hard07,"lambda_f=0.5, hard=0.7",3302,RQ1&2parrel,125,2238.76,23.05,2238.76,10.072035074234009,"[8, 50, 10, False]",0.0,10.071948289871216,0.0,"{""acceptCount"": ""217"", ""allowBackslash"": ""TRUE"", ""compression"": ""force"", ""compressionMinSize"": ""10166"", ""connectionTimeout"": ""331845"", ""connectionUploadTimeout"": ""419126"", ""disableUploadTimeout"": ""TRUE"", ""executorTerminationTimeoutMillis"": ""149979"", ""keepAliveTimeout"": ""277229"", ""maxConnections"": ""9774"", ""maxHeaderCount"": ""756"", ""maxHttpHeaderSize"": ""22089"", ""maxHttpRequestHeaderSize"": ""41700"", ""maxHttpResponseHeaderSize"": ""43259"", ""maxKeepAliveRequests"": ""4893"", ""maxParameterCount"": ""49704"", ""maxSwallowSize"": ""7195009"", ""maxThreads"": ""184"", ""minSpareThreads"": ""3"", ""processorCache"": ""303"", ""tcpNoDelay"": ""TRUE"", ""threadPriority"": ""2"", ""threadsMaxIdleTime"": ""476273"", ""useAsyncIO"": ""TRUE"", ""useVirtualThreads"": ""TRUE""}"
tomcat,lf05_hard07,"lambda_f=0.5, hard=0.7",3302,RQ1&2parrel,126,2306.62,24.59,2306.62,10.07668685913086,"[8, 50, 10, False]",0.0,10.076595306396484,0.0,"{""acceptCount"": ""653"", ""allowBackslash"": ""TRUE"", ""compression"": ""force"", ""compressionMinSize"": ""7716"", ""connectionTimeout"": ""113709"", ""connectionUploadTimeout"": ""281973"", ""disableUploadTimeout"": ""FALSE"", ""executorTerminationTimeoutMillis"": ""313692"", ""keepAliveTimeout"": ""554151"", ""maxConnections"": ""19296"", ""maxHeaderCount"": ""522"", ""maxHttpHeaderSize"": ""19132"", ""maxHttpRequestHeaderSize"": ""51639"", ""maxHttpResponseHeaderSize"": ""52995"", ""maxKeepAliveRequests"": ""3657"", ""maxParameterCount"": ""62544"", ""maxSwallowSize"": ""4020270"", ""maxThreads"": ""191"", ""minSpareThreads"": ""387"", ""processorCache"": ""350"", ""tcpNoDelay"": ""FALSE"", ""threadPriority"": ""9"", ""threadsMaxIdleTime"": ""550178"", ""useAsyncIO"": ""FALSE"", ""useVirtualThreads"": ""FALSE""}"
tomcat,lf05_hard07,"lambda_f=0.5, hard=0.7",3302,RQ1&2parrel,127,2431.3,24.68,2431.3,10.022751808166504,"[8, 50, 10, False]",0.0,10.022525072097778,0.0,"{""acceptCount"": ""653"", ""allowBackslash"": ""TRUE"", ""compression"": ""force"", ""compressionMinSize"": ""7381"", ""connectionTimeout"": ""101621"", ""connectionUploadTimeout"": ""281714"", ""disableUploadTimeout"": ""FALSE"", ""executorTerminationTimeoutMillis"": ""283311"", ""keepAliveTimeout"": ""580104"", ""maxConnections"": ""19227"", ""maxHeaderCount"": ""537"", ""maxHttpHeaderSize"": ""20084"", ""maxHttpRequestHeaderSize"": ""53735"", ""maxHttpResponseHeaderSize"": ""53771"", ""maxKeepAliveRequests"": ""3657"", ""maxParameterCount"": ""62544"", ""maxSwallowSize"": ""4020270"", ""maxThreads"": ""192"", ""minSpareThreads"": ""380"", ""processorCache"": ""340"", ""tcpNoDelay"": ""FALSE"", ""threadPriority"": ""9"", ""threadsMaxIdleTime"": ""537534"", ""useAsyncIO"": ""FALSE"", ""useVirtualThreads"": ""FALSE""}"
tomcat,lf05_hard07,"lambda_f=0.5, hard=0.7",3302,RQ1&2parrel,128,2387.99,26.33,2387.99,10.036229848861694,"[8, 50, 10, False]",0.0,10.035980939865112,0.0,"{""acceptCount"": ""773"", ""allowBackslash"": ""FALSE"", ""compression"": ""on"", ""compressionMinSize"": ""2629"", ""connectionTimeout"": ""391543"", ""connectionUploadTimeout"": ""410368"", ""disableUploadTimeout"": ""TRUE"", ""executorTerminationTimeoutMillis"": ""75718"", ""keepAliveTimeout"": ""287229"", ""maxConnections"": ""2184"", ""maxHeaderCount"": ""380"", ""maxHttpHeaderSize"": ""5291"", ""maxHttpRequestHeaderSize"": ""8782"", ""maxHttpResponseHeaderSize"": ""54767"", ""maxKeepAliveRequests"": ""1488"", ""maxParameterCount"": ""30971"", ""maxSwallowSize"": ""3023596"", ""maxThreads"": ""141"", ""minSpareThreads"": ""950"", ""processorCache"": ""17"", ""tcpNoDelay"": ""FALSE"", ""threadPriority"": ""7"", ""threadsMaxIdleTime"": ""595506"", ""useAsyncIO"": ""FALSE"", ""useVirtualThreads"": ""FALSE""}"
tomcat,lf05_hard07,"lambda_f=0.5, hard=0.7",3302,RQ1&2parrel,129,2150.64,23.63,2150.64,10.068841934204102,"[8, 50, 10, False]",0.0,10.068745374679565,0.0,"{""acceptCount"": ""511"", ""allowBackslash"": ""TRUE"", ""compression"": ""on"", ""compressionMinSize"": ""7634"", ""connectionTimeout"": ""316513"", ""connectionUploadTimeout"": ""163409"", ""disableUploadTimeout"": ""TRUE"", ""executorTerminationTimeoutMillis"": ""540644"", ""keepAliveTimeout"": ""146025"", ""maxConnections"": ""13410"", ""maxHeaderCount"": ""384"", ""maxHttpHeaderSize"": ""25605"", ""maxHttpRequestHeaderSize"": ""45674"", ""maxHttpResponseHeaderSize"": ""60215"", ""maxKeepAliveRequests"": ""191"", ""maxParameterCount"": ""99866"", ""maxSwallowSize"": ""7744039"", ""maxThreads"": ""271"", ""minSpareThreads"": ""567"", ""processorCache"": ""68"", ""tcpNoDelay"": ""TRUE"", ""threadPriority"": ""2"", ""threadsMaxIdleTime"": ""16980"", ""useAsyncIO"": ""TRUE"", ""useVirtualThreads"": ""TRUE""}"
tomcat,lf05_hard07,"lambda_f=0.5, hard=0.7",3302,RQ1&2parrel,130,2239.51,22.29,2239.51,10.035236358642578,"[8, 50, 10, False]",0.0,10.035145044326782,0.0,"{""acceptCount"": ""841"", ""allowBackslash"": ""TRUE"", ""compression"": ""force"", ""compressionMinSize"": ""6405"", ""connectionTimeout"": ""371514"", ""connectionUploadTimeout"": ""89227"", ""disableUploadTimeout"": ""TRUE"", ""executorTerminationTimeoutMillis"": ""579691"", ""keepAliveTimeout"": ""328499"", ""maxConnections"": ""13900"", ""maxHeaderCount"": ""454"", ""maxHttpHeaderSize"": ""10556"", ""maxHttpRequestHeaderSize"": ""39371"", ""maxHttpResponseHeaderSize"": ""47234"", ""maxKeepAliveRequests"": ""2147"", ""maxParameterCount"": ""39927"", ""maxSwallowSize"": ""412789"", ""maxThreads"": ""24"", ""minSpareThreads"": ""274"", ""processorCache"": ""240"", ""tcpNoDelay"": ""FALSE"", ""threadPriority"": ""10"", ""threadsMaxIdleTime"": ""144142"", ""useAsyncIO"": ""FALSE"", ""useVirtualThreads"": ""TRUE""}"
tomcat,lf05_hard07,"lambda_f=0.5, hard=0.7",3302,RQ1&2parrel,131,2428.77,20.86,2428.77,10.053238868713379,"[8, 50, 10, False]",0.0,10.053152084350586,0.0,"{""acceptCount"": ""816"", ""allowBackslash"": ""TRUE"", ""compression"": ""force"", ""compressionMinSize"": ""2279"", ""connectionTimeout"": ""63129"", ""connectionUploadTimeout"": ""379300"", ""disableUploadTimeout"": ""FALSE"", ""executorTerminationTimeoutMillis"": ""379954"", ""keepAliveTimeout"": ""19770"", ""maxConnections"": ""15810"", ""maxHeaderCount"": ""721"", ""maxHttpHeaderSize"": ""6978"", ""maxHttpRequestHeaderSize"": ""25237"", ""maxHttpResponseHeaderSize"": ""52904"", ""maxKeepAliveRequests"": ""1660"", ""maxParameterCount"": ""47875"", ""maxSwallowSize"": ""19425500"", ""maxThreads"": ""355"", ""minSpareThreads"": ""483"", ""processorCache"": ""91"", ""tcpNoDelay"": ""FALSE"", ""threadPriority"": ""8"", ""threadsMaxIdleTime"": ""452348"", ""useAsyncIO"": ""TRUE"", ""useVirtualThreads"": ""TRUE""}"
tomcat,lf05_hard07,"lambda_f=0.5, hard=0.7",3302,RQ1&2parrel,132,2467.36,20.67,2467.36,10.025391817092896,"[8, 50, 10, False]",0.0,10.02530026435852,0.0,"{""acceptCount"": ""210"", ""allowBackslash"": ""TRUE"", ""compression"": ""force"", ""compressionMinSize"": ""8765"", ""connectionTimeout"": ""123187"", ""connectionUploadTimeout"": ""555709"", ""disableUploadTimeout"": ""FALSE"", ""executorTerminationTimeoutMillis"": ""295587"", ""keepAliveTimeout"": ""521559"", ""maxConnections"": ""13665"", ""maxHeaderCount"": ""159"", ""maxHttpHeaderSize"": ""6325"", ""maxHttpRequestHeaderSize"": ""52416"", ""maxHttpResponseHeaderSize"": ""12434"", ""maxKeepAliveRequests"": ""1855"", ""maxParameterCount"": ""51053"", ""maxSwallowSize"": ""17611008"", ""maxThreads"": ""95"", ""minSpareThreads"": ""341"", ""processorCache"": ""206"", ""tcpNoDelay"": ""TRUE"", ""threadPriority"": ""5"", ""threadsMaxIdleTime"": ""328238"", ""useAsyncIO"": ""TRUE"", ""useVirtualThreads"": ""TRUE""}"
tomcat,lf05_hard07,"lambda_f=0.5, hard=0.7",3302,RQ1&2parrel,133,2388.44,21.56,2388.44,10.052854537963867,"[8, 50, 10, False]",0.0,10.052735328674316,0.0,"{""acceptCount"": ""366"", ""allowBackslash"": ""FALSE"", ""compression"": ""off"", ""compressionMinSize"": ""9680"", ""connectionTimeout"": ""283254"", ""connectionUploadTimeout"": ""275078"", ""disableUploadTimeout"": ""TRUE"", ""executorTerminationTimeoutMillis"": ""114726"", ""keepAliveTimeout"": ""490122"", ""maxConnections"": ""1923"", ""maxHeaderCount"": ""534"", ""maxHttpHeaderSize"": ""11212"", ""maxHttpRequestHeaderSize"": ""41885"", ""maxHttpResponseHeaderSize"": ""19479"", ""maxKeepAliveRequests"": ""2051"", ""maxParameterCount"": ""23599"", ""maxSwallowSize"": ""9644093"", ""maxThreads"": ""123"", ""minSpareThreads"": ""290"", ""processorCache"": ""58"", ""tcpNoDelay"": ""TRUE"", ""threadPriority"": ""9"", ""threadsMaxIdleTime"": ""569301"", ""useAsyncIO"": ""TRUE"", ""useVirtualThreads"": ""TRUE""}"
tomcat,lf05_hard07,"lambda_f=0.5, hard=0.7",3302,RQ1&2parrel,134,2285.79,22.47,2285.79,10.023119926452637,"[8, 50, 10, False]",0.0,10.023033380508423,0.0,"{""acceptCount"": ""93"", ""allowBackslash"": ""FALSE"", ""compression"": ""off"", ""compressionMinSize"": ""4136"", ""connectionTimeout"": ""580799"", ""connectionUploadTimeout"": ""466541"", ""disableUploadTimeout"": ""FALSE"", ""executorTerminationTimeoutMillis"": ""448724"", ""keepAliveTimeout"": ""386561"", ""maxConnections"": ""10188"", ""maxHeaderCount"": ""429"", ""maxHttpHeaderSize"": ""3847"", ""maxHttpRequestHeaderSize"": ""54788"", ""maxHttpResponseHeaderSize"": ""39963"", ""maxKeepAliveRequests"": ""1925"", ""maxParameterCount"": ""38081"", ""maxSwallowSize"": ""14602639"", ""maxThreads"": ""270"", ""minSpareThreads"": ""800"", ""processorCache"": ""256"", ""tcpNoDelay"": ""FALSE"", ""threadPriority"": ""3"", ""threadsMaxIdleTime"": ""263335"", ""useAsyncIO"": ""TRUE"", ""useVirtualThreads"": ""TRUE""}"
tomcat,lf05_hard07,"lambda_f=0.5, hard=0.7",3302,RQ1&2parrel,135,2358.46,24.22,2358.46,10.022052764892578,"[8, 50, 10, False]",0.0,10.021961450576782,0.0,"{""acceptCount"": ""480"", ""allowBackslash"": ""TRUE"", ""compression"": ""off"", ""compressionMinSize"": ""6852"", ""connectionTimeout"": ""435429"", ""connectionUploadTimeout"": ""41970"", ""disableUploadTimeout"": ""TRUE"", ""executorTerminationTimeoutMillis"": ""311526"", ""keepAliveTimeout"": ""203311"", ""maxConnections"": ""15257"", ""maxHeaderCount"": ""175"", ""maxHttpHeaderSize"": ""19448"", ""maxHttpRequestHeaderSize"": ""49620"", ""maxHttpResponseHeaderSize"": ""49140"", ""maxKeepAliveRequests"": ""1967"", ""maxParameterCount"": ""84088"", ""maxSwallowSize"": ""17118864"", ""maxThreads"": ""258"", ""minSpareThreads"": ""31"", ""processorCache"": ""127"", ""tcpNoDelay"": ""TRUE"", ""threadPriority"": ""5"", ""threadsMaxIdleTime"": ""48104"", ""useAsyncIO"": ""FALSE"", ""useVirtualThreads"": ""FALSE""}"
tomcat,lf05_hard07,"lambda_f=0.5, hard=0.7",3302,RQ1&2parrel,136,2049.84,25.54,2049.84,10.0504150390625,"[8, 50, 10, False]",0.0,10.05031943321228,0.0,"{""acceptCount"": ""762"", ""allowBackslash"": ""FALSE"", ""compression"": ""force"", ""compressionMinSize"": ""4822"", ""connectionTimeout"": ""489349"", ""connectionUploadTimeout"": ""218417"", ""disableUploadTimeout"": ""FALSE"", ""executorTerminationTimeoutMillis"": ""487826"", ""keepAliveTimeout"": ""374933"", ""maxConnections"": ""19994"", ""maxHeaderCount"": ""755"", ""maxHttpHeaderSize"": ""38205"", ""maxHttpRequestHeaderSize"": ""63720"", ""maxHttpResponseHeaderSize"": ""50184"", ""maxKeepAliveRequests"": ""1059"", ""maxParameterCount"": ""57822"", ""maxSwallowSize"": ""9484960"", ""maxThreads"": ""273"", ""minSpareThreads"": ""469"", ""processorCache"": ""274"", ""tcpNoDelay"": ""FALSE"", ""threadPriority"": ""8"", ""threadsMaxIdleTime"": ""210267"", ""useAsyncIO"": ""TRUE"", ""useVirtualThreads"": ""TRUE""}"
tomcat,lf05_hard07,"lambda_f=0.5, hard=0.7",3302,RQ1&2parrel,137,2508.37,19.93,2508.37,10.037303924560547,"[8, 50, 10, False]",0.0,10.037188291549683,0.0,"{""acceptCount"": ""118"", ""allowBackslash"": ""FALSE"", ""compression"": ""force"", ""compressionMinSize"": ""7479"", ""connectionTimeout"": ""230247"", ""connectionUploadTimeout"": ""374907"", ""disableUploadTimeout"": ""TRUE"", ""executorTerminationTimeoutMillis"": ""107749"", ""keepAliveTimeout"": ""66020"", ""maxConnections"": ""1330"", ""maxHeaderCount"": ""573"", ""maxHttpHeaderSize"": ""23279"", ""maxHttpRequestHeaderSize"": ""60095"", ""maxHttpResponseHeaderSize"": ""25453"", ""maxKeepAliveRequests"": ""4518"", ""maxParameterCount"": ""20084"", ""maxSwallowSize"": ""4236120"", ""maxThreads"": ""224"", ""minSpareThreads"": ""714"", ""processorCache"": ""113"", ""tcpNoDelay"": ""TRUE"", ""threadPriority"": ""10"", ""threadsMaxIdleTime"": ""423136"", ""useAsyncIO"": ""FALSE"", ""useVirtualThreads"": ""TRUE""}"
tomcat,lf05_hard07,"lambda_f=0.5, hard=0.7",3302,RQ1&2parrel,138,2168.94,24.04,2168.94,10.069796323776245,"[8, 50, 10, False]",0.0,10.069698810577393,0.0,"{""acceptCount"": ""123"", ""allowBackslash"": ""FALSE"", ""compression"": ""on"", ""compressionMinSize"": ""9466"", ""connectionTimeout"": ""34182"", ""connectionUploadTimeout"": ""54659"", ""disableUploadTimeout"": ""FALSE"", ""executorTerminationTimeoutMillis"": ""361505"", ""keepAliveTimeout"": ""2271"", ""maxConnections"": ""15780"", ""maxHeaderCount"": ""804"", ""maxHttpHeaderSize"": ""33508"", ""maxHttpRequestHeaderSize"": ""53071"", ""maxHttpResponseHeaderSize"": ""48336"", ""maxKeepAliveRequests"": ""2828"", ""maxParameterCount"": ""59705"", ""maxSwallowSize"": ""2847610"", ""maxThreads"": ""153"", ""minSpareThreads"": ""684"", ""processorCache"": ""125"", ""tcpNoDelay"": ""FALSE"", ""threadPriority"": ""10"", ""threadsMaxIdleTime"": ""201007"", ""useAsyncIO"": ""TRUE"", ""useVirtualThreads"": ""TRUE""}"
tomcat,lf05_hard07,"lambda_f=0.5, hard=0.7",3302,RQ1&2parrel,139,2236.8,22.92,2236.8,10.050130367279053,"[8, 50, 10, False]",0.0,10.05004358291626,0.0,"{""acceptCount"": ""893"", ""allowBackslash"": ""FALSE"", ""compression"": ""on"", ""compressionMinSize"": ""7501"", ""connectionTimeout"": ""234788"", ""connectionUploadTimeout"": ""457423"", ""disableUploadTimeout"": ""FALSE"", ""executorTerminationTimeoutMillis"": ""151144"", ""keepAliveTimeout"": ""475268"", ""maxConnections"": ""10211"", ""maxHeaderCount"": ""576"", ""maxHttpHeaderSize"": ""39416"", ""maxHttpRequestHeaderSize"": ""45788"", ""maxHttpResponseHeaderSize"": ""57875"", ""maxKeepAliveRequests"": ""3901"", ""maxParameterCount"": ""59322"", ""maxSwallowSize"": ""18113866"", ""maxThreads"": ""383"", ""minSpareThreads"": ""280"", ""processorCache"": ""224"", ""tcpNoDelay"": ""FALSE"", ""threadPriority"": ""5"", ""threadsMaxIdleTime"": ""560619"", ""useAsyncIO"": ""FALSE"", ""useVirtualThreads"": ""TRUE""}"
tomcat,lf05_hard07,"lambda_f=0.5, hard=0.7",3302,RQ1&2parrel,140,2454.25,23.63,2454.25,10.037124872207642,"[8, 50, 10, False]",0.0,10.037038564682007,0.0,"{""acceptCount"": ""653"", ""allowBackslash"": ""TRUE"", ""compression"": ""force"", ""compressionMinSize"": ""7549"", ""connectionTimeout"": ""68134"", ""connectionUploadTimeout"": ""281714"", ""disableUploadTimeout"": ""FALSE"", ""executorTerminationTimeoutMillis"": ""285386"", ""keepAliveTimeout"": ""558031"", ""maxConnections"": ""19221"", ""maxHeaderCount"": ""537"", ""maxHttpHeaderSize"": ""19132"", ""maxHttpRequestHeaderSize"": ""51426"", ""maxHttpResponseHeaderSize"": ""53257"", ""maxKeepAliveRequests"": ""3658"", ""maxParameterCount"": ""76354"", ""maxSwallowSize"": ""4020270"", ""maxThreads"": ""189"", ""minSpareThreads"": ""399"", ""processorCache"": ""312"", ""tcpNoDelay"": ""FALSE"", ""threadPriority"": ""9"", ""threadsMaxIdleTime"": ""556027"", ""useAsyncIO"": ""FALSE"", ""useVirtualThreads"": ""FALSE""}"
tomcat,lf05_hard07,"lambda_f=0.5, hard=0.7",3302,RQ1&2parrel,141,2190.87,22.97,2190.87,10.017844915390015,"[8, 50, 10, False]",0.0,10.017753601074219,0.0,"{""acceptCount"": ""276"", ""allowBackslash"": ""TRUE"", ""compression"": ""force"", ""compressionMinSize"": ""3903"", ""connectionTimeout"": ""488032"", ""connectionUploadTimeout"": ""268876"", ""disableUploadTimeout"": ""TRUE"", ""executorTerminationTimeoutMillis"": ""395766"", ""keepAliveTimeout"": ""485186"", ""maxConnections"": ""1340"", ""maxHeaderCount"": ""271"", ""maxHttpHeaderSize"": ""17827"", ""maxHttpRequestHeaderSize"": ""37659"", ""maxHttpResponseHeaderSize"": ""39143"", ""maxKeepAliveRequests"": ""1787"", ""maxParameterCount"": ""322"", ""maxSwallowSize"": ""2105605"", ""maxThreads"": ""343"", ""minSpareThreads"": ""353"", ""processorCache"": ""93"", ""tcpNoDelay"": ""TRUE"", ""threadPriority"": ""4"", ""threadsMaxIdleTime"": ""39061"", ""useAsyncIO"": ""FALSE"", ""useVirtualThreads"": ""TRUE""}"
tomcat,lf05_hard07,"lambda_f=0.5, hard=0.7",3302,RQ1&2parrel,142,2315.01,22.0,2315.01,10.04818344116211,"[8, 50, 10, False]",0.0,10.048091173171997,0.0,"{""acceptCount"": ""963"", ""allowBackslash"": ""TRUE"", ""compression"": ""off"", ""compressionMinSize"": ""6265"", ""connectionTimeout"": ""543336"", ""connectionUploadTimeout"": ""221225"", ""disableUploadTimeout"": ""TRUE"", ""executorTerminationTimeoutMillis"": ""237066"", ""keepAliveTimeout"": ""401967"", ""maxConnections"": ""8741"", ""maxHeaderCount"": ""762"", ""maxHttpHeaderSize"": ""4320"", ""maxHttpRequestHeaderSize"": ""6213"", ""maxHttpResponseHeaderSize"": ""9749"", ""maxKeepAliveRequests"": ""1039"", ""maxParameterCount"": ""38260"", ""maxSwallowSize"": ""9988867"", ""maxThreads"": ""260"", ""minSpareThreads"": ""632"", ""processorCache"": ""87"", ""tcpNoDelay"": ""TRUE"", ""threadPriority"": ""4"", ""threadsMaxIdleTime"": ""241634"", ""useAsyncIO"": ""TRUE"", ""useVirtualThreads"": ""TRUE""}"
tomcat,lf05_hard07,"lambda_f=0.5, hard=0.7",3302,RQ1&2parrel,143,2307.11,26.01,2307.11,10.067586898803711,"[8, 50, 10, False]",0.0,10.067491054534912,0.0,"{""acceptCount"": ""653"", ""allowBackslash"": ""TRUE"", ""compression"": ""force"", ""compressionMinSize"": ""7381"", ""connectionTimeout"": ""101658"", ""connectionUploadTimeout"": ""281714"", ""disableUploadTimeout"": ""FALSE"", ""executorTerminationTimeoutMillis"": ""285386"", ""keepAliveTimeout"": ""558031"", ""maxConnections"": ""19629"", ""maxHeaderCount"": ""537"", ""maxHttpHeaderSize"": ""19132"", ""maxHttpRequestHeaderSize"": ""51623"", ""maxHttpResponseHeaderSize"": ""53771"", ""maxKeepAliveRequests"": ""3657"", ""maxParameterCount"": ""62544"", ""maxSwallowSize"": ""4020270"", ""maxThreads"": ""190"", ""minSpareThreads"": ""387"", ""processorCache"": ""350"", ""tcpNoDelay"": ""FALSE"", ""threadPriority"": ""9"", ""threadsMaxIdleTime"": ""550178"", ""useAsyncIO"": ""FALSE"", ""useVirtualThreads"": ""FALSE""}"
tomcat,lf05_hard07,"lambda_f=0.5, hard=0.7",3302,RQ1&2parrel,144,2420.79,25.91,2420.79,10.020950317382812,"[8, 50, 10, False]",0.0,10.020860195159912,0.0,"{""acceptCount"": ""649"", ""allowBackslash"": ""TRUE"", ""compression"": ""force"", ""compressionMinSize"": ""7381"", ""connectionTimeout"": ""101658"", ""connectionUploadTimeout"": ""281560"", ""disableUploadTimeout"": ""FALSE"", ""executorTerminationTimeoutMillis"": ""281041"", ""keepAliveTimeout"": ""558031"", ""maxConnections"": ""17653"", ""maxHeaderCount"": ""537"", ""maxHttpHeaderSize"": ""19122"", ""maxHttpRequestHeaderSize"": ""51623"", ""maxHttpResponseHeaderSize"": ""52789"", ""maxKeepAliveRequests"": ""3657"", ""maxParameterCount"": ""58574"", ""maxSwallowSize"": ""4020270"", ""maxThreads"": ""190"", ""minSpareThreads"": ""387"", ""processorCache"": ""340"", ""tcpNoDelay"": ""FALSE"", ""threadPriority"": ""9"", ""threadsMaxIdleTime"": ""591214"", ""useAsyncIO"": ""FALSE"", ""useVirtualThreads"": ""FALSE""}"
tomcat,lf05_hard07,"lambda_f=0.5, hard=0.7",3302,RQ1&2parrel,145,2274.64,22.66,2274.64,10.089137315750122,"[8, 50, 10, False]",0.0,10.08905029296875,0.0,"{""acceptCount"": ""390"", ""allowBackslash"": ""FALSE"", ""compression"": ""force"", ""compressionMinSize"": ""2860"", ""connectionTimeout"": ""77184"", ""connectionUploadTimeout"": ""507619"", ""disableUploadTimeout"": ""TRUE"", ""executorTerminationTimeoutMillis"": ""68423"", ""keepAliveTimeout"": ""52612"", ""maxConnections"": ""19792"", ""maxHeaderCount"": ""810"", ""maxHttpHeaderSize"": ""16914"", ""maxHttpRequestHeaderSize"": ""18670"", ""maxHttpResponseHeaderSize"": ""51631"", ""maxKeepAliveRequests"": ""472"", ""maxParameterCount"": ""55205"", ""maxSwallowSize"": ""10552523"", ""maxThreads"": ""279"", ""minSpareThreads"": ""279"", ""processorCache"": ""278"", ""tcpNoDelay"": ""FALSE"", ""threadPriority"": ""2"", ""threadsMaxIdleTime"": ""188503"", ""useAsyncIO"": ""TRUE"", ""useVirtualThreads"": ""TRUE""}"
tomcat,lf05_hard07,"lambda_f=0.5, hard=0.7",3302,RQ1&2parrel,146,2143.49,23.93,2143.49,10.027557373046875,"[8, 50, 10, False]",0.0,10.027469635009766,0.0,"{""acceptCount"": ""653"", ""allowBackslash"": ""TRUE"", ""compression"": ""off"", ""compressionMinSize"": ""6974"", ""connectionTimeout"": ""83252"", ""connectionUploadTimeout"": ""281714"", ""disableUploadTimeout"": ""TRUE"", ""executorTerminationTimeoutMillis"": ""284889"", ""keepAliveTimeout"": ""533872"", ""maxConnections"": ""19227"", ""maxHeaderCount"": ""537"", ""maxHttpHeaderSize"": ""19132"", ""maxHttpRequestHeaderSize"": ""53957"", ""maxHttpResponseHeaderSize"": ""53771"", ""maxKeepAliveRequests"": ""3657"", ""maxParameterCount"": ""62544"", ""maxSwallowSize"": ""4020270"", ""maxThreads"": ""348"", ""minSpareThreads"": ""350"", ""processorCache"": ""350"", ""tcpNoDelay"": ""FALSE"", ""threadPriority"": ""9"", ""threadsMaxIdleTime"": ""531048"", ""useAsyncIO"": ""FALSE"", ""useVirtualThreads"": ""TRUE""}"
tomcat,lf05_hard07,"lambda_f=0.5, hard=0.7",3302,RQ1&2parrel,147,2361.57,26.77,2361.57,10.075038194656372,"[8, 50, 10, False]",0.0,10.074948787689209,0.0,"{""acceptCount"": ""253"", ""allowBackslash"": ""TRUE"", ""compression"": ""on"", ""compressionMinSize"": ""4578"", ""connectionTimeout"": ""179472"", ""connectionUploadTimeout"": ""158082"", ""disableUploadTimeout"": ""TRUE"", ""executorTerminationTimeoutMillis"": ""491637"", ""keepAliveTimeout"": ""54977"", ""maxConnections"": ""9641"", ""maxHeaderCount"": ""744"", ""maxHttpHeaderSize"": ""9456"", ""maxHttpRequestHeaderSize"": ""33210"", ""maxHttpResponseHeaderSize"": ""37753"", ""maxKeepAliveRequests"": ""4304"", ""maxParameterCount"": ""82562"", ""maxSwallowSize"": ""12242103"", ""maxThreads"": ""96"", ""minSpareThreads"": ""595"", ""processorCache"": ""6"", ""tcpNoDelay"": ""TRUE"", ""threadPriority"": ""2"", ""threadsMaxIdleTime"": ""557982"", ""useAsyncIO"": ""FALSE"", ""useVirtualThreads"": ""FALSE""}"
tomcat,lf05_hard07,"lambda_f=0.5, hard=0.7",3302,RQ1&2parrel,148,2376.05,21.08,2376.05,10.051743984222412,"[8, 50, 10, False]",0.0,10.051658391952515,0.0,"{""acceptCount"": ""269"", ""allowBackslash"": ""TRUE"", ""compression"": ""force"", ""compressionMinSize"": ""2749"", ""connectionTimeout"": ""246415"", ""connectionUploadTimeout"": ""108313"", ""disableUploadTimeout"": ""FALSE"", ""executorTerminationTimeoutMillis"": ""546647"", ""keepAliveTimeout"": ""243200"", ""maxConnections"": ""15220"", ""maxHeaderCount"": ""672"", ""maxHttpHeaderSize"": ""2094"", ""maxHttpRequestHeaderSize"": ""64567"", ""maxHttpResponseHeaderSize"": ""8303"", ""maxKeepAliveRequests"": ""4981"", ""maxParameterCount"": ""98876"", ""maxSwallowSize"": ""12501133"", ""maxThreads"": ""229"", ""minSpareThreads"": ""54"", ""processorCache"": ""198"", ""tcpNoDelay"": ""TRUE"", ""threadPriority"": ""2"", ""threadsMaxIdleTime"": ""205258"", ""useAsyncIO"": ""FALSE"", ""useVirtualThreads"": ""TRUE""}"
tomcat,lf05_hard07,"lambda_f=0.5, hard=0.7",3302,RQ1&2parrel,149,2206.08,22.96,2206.08,10.019075155258179,"[8, 50, 10, False]",0.0,10.018984079360962,0.0,"{""acceptCount"": ""438"", ""allowBackslash"": ""FALSE"", ""compression"": ""on"", ""compressionMinSize"": ""8185"", ""connectionTimeout"": ""157565"", ""connectionUploadTimeout"": ""238982"", ""disableUploadTimeout"": ""TRUE"", ""executorTerminationTimeoutMillis"": ""441521"", ""keepAliveTimeout"": ""276421"", ""maxConnections"": ""2512"", ""maxHeaderCount"": ""110"", ""maxHttpHeaderSize"": ""11722"", ""maxHttpRequestHeaderSize"": ""45031"", ""maxHttpResponseHeaderSize"": ""43384"", ""maxKeepAliveRequests"": ""4692"", ""maxParameterCount"": ""8823"", ""maxSwallowSize"": ""8382728"", ""maxThreads"": ""322"", ""minSpareThreads"": ""868"", ""processorCache"": ""246"", ""tcpNoDelay"": ""FALSE"", ""threadPriority"": ""6"", ""threadsMaxIdleTime"": ""495627"", ""useAsyncIO"": ""TRUE"", ""useVirtualThreads"": ""TRUE""}"
tomcat,lf05_hard07,"lambda_f=0.5, hard=0.7",3302,RQ1&2parrel,150,2311.98,26.43,2311.98,10.069813251495361,"[8, 50, 10, False]",0.0,10.069728136062622,0.0,"{""acceptCount"": ""653"", ""allowBackslash"": ""FALSE"", ""compression"": ""force"", ""compressionMinSize"": ""7381"", ""connectionTimeout"": ""101658"", ""connectionUploadTimeout"": ""351970"", ""disableUploadTimeout"": ""TRUE"", ""executorTerminationTimeoutMillis"": ""100091"", ""keepAliveTimeout"": ""558031"", ""maxConnections"": ""13241"", ""maxHeaderCount"": ""540"", ""maxHttpHeaderSize"": ""19132"", ""maxHttpRequestHeaderSize"": ""51623"", ""maxHttpResponseHeaderSize"": ""51030"", ""maxKeepAliveRequests"": ""3657"", ""maxParameterCount"": ""76692"", ""maxSwallowSize"": ""19198458"", ""maxThreads"": ""267"", ""minSpareThreads"": ""387"", ""processorCache"": ""350"", ""tcpNoDelay"": ""FALSE"", ""threadPriority"": ""9"", ""threadsMaxIdleTime"": ""556747"", ""useAsyncIO"": ""TRUE"", ""useVirtualThreads"": ""FALSE""}"
tomcat,lf05_hard07,"lambda_f=0.5, hard=0.7",3302,RQ1&2parrel,151,2219.18,22.4,2219.18,10.018703699111938,"[8, 50, 10, False]",0.0,10.018487691879272,0.0,"{""acceptCount"": ""653"", ""allowBackslash"": ""TRUE"", ""compression"": ""off"", ""compressionMinSize"": ""7381"", ""connectionTimeout"": ""100544"", ""connectionUploadTimeout"": ""60270"", ""disableUploadTimeout"": ""TRUE"", ""executorTerminationTimeoutMillis"": ""285106"", ""keepAliveTimeout"": ""59580"", ""maxConnections"": ""7227"", ""maxHeaderCount"": ""186"", ""maxHttpHeaderSize"": ""19045"", ""maxHttpRequestHeaderSize"": ""51623"", ""maxHttpResponseHeaderSize"": ""45908"", ""maxKeepAliveRequests"": ""3657"", ""maxParameterCount"": ""62544"", ""maxSwallowSize"": ""4041794"", ""maxThreads"": ""192"", ""minSpareThreads"": ""60"", ""processorCache"": ""350"", ""tcpNoDelay"": ""TRUE"", ""threadPriority"": ""9"", ""threadsMaxIdleTime"": ""365149"", ""useAsyncIO"": ""FALSE"", ""useVirtualThreads"": ""TRUE""}"
tomcat,lf05_hard07,"lambda_f=0.5, hard=0.7",3302,RQ1&2parrel,152,2413.11,24.8,2413.11,10.021745443344116,"[8, 50, 10, False]",0.0,10.021621465682983,0.0,"{""acceptCount"": ""653"", ""allowBackslash"": ""TRUE"", ""compression"": ""force"", ""compressionMinSize"": ""7381"", ""connectionTimeout"": ""101658"", ""connectionUploadTimeout"": ""380621"", ""disableUploadTimeout"": ""FALSE"", ""executorTerminationTimeoutMillis"": ""285386"", ""keepAliveTimeout"": ""592590"", ""maxConnections"": ""19227"", ""maxHeaderCount"": ""537"", ""maxHttpHeaderSize"": ""19132"", ""maxHttpRequestHeaderSize"": ""51623"", ""maxHttpResponseHeaderSize"": ""53771"", ""maxKeepAliveRequests"": ""3657"", ""maxParameterCount"": ""62544"", ""maxSwallowSize"": ""4020270"", ""maxThreads"": ""190"", ""minSpareThreads"": ""387"", ""processorCache"": ""350"", ""tcpNoDelay"": ""FALSE"", ""threadPriority"": ""9"", ""threadsMaxIdleTime"": ""550178"", ""useAsyncIO"": ""FALSE"", ""useVirtualThreads"": ""FALSE""}"
tomcat,lf05_hard07,"lambda_f=0.5, hard=0.7",3302,RQ1&2parrel,153,2286.97,27.13,2286.97,10.058633804321289,"[8, 50, 10, False]",0.0,10.058550119400024,0.0,"{""acceptCount"": ""856"", ""allowBackslash"": ""FALSE"", ""compression"": ""on"", ""compressionMinSize"": ""4547"", ""connectionTimeout"": ""474523"", ""connectionUploadTimeout"": ""108135"", ""disableUploadTimeout"": ""TRUE"", ""executorTerminationTimeoutMillis"": ""343086"", ""keepAliveTimeout"": ""499560"", ""maxConnections"": ""6756"", ""maxHeaderCount"": ""401"", ""maxHttpHeaderSize"": ""17153"", ""maxHttpRequestHeaderSize"": ""23710"", ""maxHttpResponseHeaderSize"": ""28512"", ""maxKeepAliveRequests"": ""58"", ""maxParameterCount"": ""56346"", ""maxSwallowSize"": ""2593121"", ""maxThreads"": ""88"", ""minSpareThreads"": ""887"", ""processorCache"": ""283"", ""tcpNoDelay"": ""TRUE"", ""threadPriority"": ""7"", ""threadsMaxIdleTime"": ""131122"", ""useAsyncIO"": ""FALSE"", ""useVirtualThreads"": ""FALSE""}"
tomcat,lf05_hard07,"lambda_f=0.5, hard=0.7",3302,RQ1&2parrel,154,2223.85,22.71,2223.85,10.03206205368042,"[8, 50, 10, False]",0.0,10.031972408294678,0.0,"{""acceptCount"": ""896"", ""allowBackslash"": ""TRUE"", ""compression"": ""on"", ""compressionMinSize"": ""7769"", ""connectionTimeout"": ""71637"", ""connectionUploadTimeout"": ""229793"", ""disableUploadTimeout"": ""FALSE"", ""executorTerminationTimeoutMillis"": ""51519"", ""keepAliveTimeout"": ""115543"", ""maxConnections"": ""4886"", ""maxHeaderCount"": ""872"", ""maxHttpHeaderSize"": ""9287"", ""maxHttpRequestHeaderSize"": ""5886"", ""maxHttpResponseHeaderSize"": ""17952"", ""maxKeepAliveRequests"": ""2392"", ""maxParameterCount"": ""80268"", ""maxSwallowSize"": ""16115904"", ""maxThreads"": ""59"", ""minSpareThreads"": ""841"", ""processorCache"": ""215"", ""tcpNoDelay"": ""TRUE"", ""threadPriority"": ""4"", ""threadsMaxIdleTime"": ""194988"", ""useAsyncIO"": ""FALSE"", ""useVirtualThreads"": ""TRUE""}"
tomcat,lf05_hard07,"lambda_f=0.5, hard=0.7",3302,RQ1&2parrel,155,2520.18,23.54,2520.18,10.109554529190063,"[8, 50, 10, False]",0.0,10.10946273803711,0.0,"{""acceptCount"": ""518"", ""allowBackslash"": ""TRUE"", ""compression"": ""force"", ""compressionMinSize"": ""909"", ""connectionTimeout"": ""288911"", ""connectionUploadTimeout"": ""473235"", ""disableUploadTimeout"": ""TRUE"", ""executorTerminationTimeoutMillis"": ""353732"", ""keepAliveTimeout"": ""224729"", ""maxConnections"": ""13568"", ""maxHeaderCount"": ""799"", ""maxHttpHeaderSize"": ""27082"", ""maxHttpRequestHeaderSize"": ""33772"", ""maxHttpResponseHeaderSize"": ""51603"", ""maxKeepAliveRequests"": ""3743"", ""maxParameterCount"": ""81759"", ""maxSwallowSize"": ""4919708"", ""maxThreads"": ""332"", ""minSpareThreads"": ""706"", ""processorCache"": ""104"", ""tcpNoDelay"": ""TRUE"", ""threadPriority"": ""7"", ""threadsMaxIdleTime"": ""447740"", ""useAsyncIO"": ""FALSE"", ""useVirtualThreads"": ""FALSE""}"
tomcat,lf05_hard07,"lambda_f=0.5, hard=0.7",3302,RQ1&2parrel,156,2417.06,28.87,2417.06,10.021899223327637,"[8, 50, 10, False]",0.0,10.021811723709106,0.0,"{""acceptCount"": ""248"", ""allowBackslash"": ""FALSE"", ""compression"": ""on"", ""compressionMinSize"": ""4223"", ""connectionTimeout"": ""199033"", ""connectionUploadTimeout"": ""65953"", ""disableUploadTimeout"": ""TRUE"", ""executorTerminationTimeoutMillis"": ""354126"", ""keepAliveTimeout"": ""10620"", ""maxConnections"": ""15128"", ""maxHeaderCount"": ""842"", ""maxHttpHeaderSize"": ""12843"", ""maxHttpRequestHeaderSize"": ""19094"", ""maxHttpResponseHeaderSize"": ""14789"", ""maxKeepAliveRequests"": ""2131"", ""maxParameterCount"": ""45457"", ""maxSwallowSize"": ""4876716"", ""maxThreads"": ""265"", ""minSpareThreads"": ""380"", ""processorCache"": ""340"", ""tcpNoDelay"": ""FALSE"", ""threadPriority"": ""1"", ""threadsMaxIdleTime"": ""592518"", ""useAsyncIO"": ""TRUE"", ""useVirtualThreads"": ""FALSE""}"
tomcat,lf05_hard07,"lambda_f=0.5, hard=0.7",3302,RQ1&2parrel,157,2433.69,24.56,2433.69,10.081796646118164,"[8, 50, 10, False]",0.0,10.081706285476685,0.0,"{""acceptCount"": ""653"", ""allowBackslash"": ""TRUE"", ""compression"": ""force"", ""compressionMinSize"": ""7381"", ""connectionTimeout"": ""101658"", ""connectionUploadTimeout"": ""281714"", ""disableUploadTimeout"": ""FALSE"", ""executorTerminationTimeoutMillis"": ""285386"", ""keepAliveTimeout"": ""558031"", ""maxConnections"": ""19227"", ""maxHeaderCount"": ""537"", ""maxHttpHeaderSize"": ""19132"", ""maxHttpRequestHeaderSize"": ""51623"", ""maxHttpResponseHeaderSize"": ""53771"", ""maxKeepAliveRequests"": ""3657"", ""maxParameterCount"": ""64804"", ""maxSwallowSize"": ""4020270"", ""maxThreads"": ""190"", ""minSpareThreads"": ""387"", ""processorCache"": ""350"", ""tcpNoDelay"": ""TRUE"", ""threadPriority"": ""9"", ""threadsMaxIdleTime"": ""550178"", ""useAsyncIO"": ""TRUE"", ""useVirtualThreads"": ""FALSE""}"
tomcat,lf05_hard07,"lambda_f=0.5, hard=0.7",3302,RQ1&2parrel,158,2301.85,22.05,2301.85,10.028662919998169,"[8, 50, 10, False]",0.0,10.028573989868164,0.0,"{""acceptCount"": ""844"", ""allowBackslash"": ""TRUE"", ""compression"": ""on"", ""compressionMinSize"": ""1046"", ""connectionTimeout"": ""196203"", ""connectionUploadTimeout"": ""60550"", ""disableUploadTimeout"": ""FALSE"", ""executorTerminationTimeoutMillis"": ""28963"", ""keepAliveTimeout"": ""283377"", ""maxConnections"": ""1721"", ""maxHeaderCount"": ""584"", ""maxHttpHeaderSize"": ""9118"", ""maxHttpRequestHeaderSize"": ""8240"", ""maxHttpResponseHeaderSize"": ""44842"", ""maxKeepAliveRequests"": ""4368"", ""maxParameterCount"": ""10469"", ""maxSwallowSize"": ""14508246"", ""maxThreads"": ""91"", ""minSpareThreads"": ""986"", ""processorCache"": ""129"", ""tcpNoDelay"": ""FALSE"", ""threadPriority"": ""9"", ""threadsMaxIdleTime"": ""264327"", ""useAsyncIO"": ""TRUE"", ""useVirtualThreads"": ""TRUE""}"
tomcat,lf05_hard07,"lambda_f=0.5, hard=0.7",3302,RQ1&2parrel,159,2184.66,23.16,2184.66,10.068138599395752,"[8, 50, 10, False]",0.0,10.068045139312744,0.0,"{""acceptCount"": ""148"", ""allowBackslash"": ""FALSE"", ""compression"": ""off"", ""compressionMinSize"": ""286"", ""connectionTimeout"": ""450331"", ""connectionUploadTimeout"": ""318195"", ""disableUploadTimeout"": ""FALSE"", ""executorTerminationTimeoutMillis"": ""290827"", ""keepAliveTimeout"": ""147310"", ""maxConnections"": ""14241"", ""maxHeaderCount"": ""771"", ""maxHttpHeaderSize"": ""11088"", ""maxHttpRequestHeaderSize"": ""28218"", ""maxHttpResponseHeaderSize"": ""62814"", ""maxKeepAliveRequests"": ""997"", ""maxParameterCount"": ""71987"", ""maxSwallowSize"": ""8357210"", ""maxThreads"": ""229"", ""minSpareThreads"": ""902"", ""processorCache"": ""298"", ""tcpNoDelay"": ""TRUE"", ""threadPriority"": ""8"", ""threadsMaxIdleTime"": ""222603"", ""useAsyncIO"": ""TRUE"", ""useVirtualThreads"": ""TRUE""}"
tomcat,lf05_hard07,"lambda_f=0.5, hard=0.7",3302,RQ1&2parrel,160,2339.81,25.76,2339.81,10.026023864746094,"[8, 50, 10, False]",0.0,10.025863885879517,0.0,"{""acceptCount"": ""653"", ""allowBackslash"": ""TRUE"", ""compression"": ""force"", ""compressionMinSize"": ""7381"", ""connectionTimeout"": ""101658"", ""connectionUploadTimeout"": ""281714"", ""disableUploadTimeout"": ""FALSE"", ""executorTerminationTimeoutMillis"": ""283661"", ""keepAliveTimeout"": ""551070"", ""maxConnections"": ""19011"", ""maxHeaderCount"": ""538"", ""maxHttpHeaderSize"": ""19132"", ""maxHttpRequestHeaderSize"": ""51895"", ""maxHttpResponseHeaderSize"": ""53771"", ""maxKeepAliveRequests"": ""3641"", ""maxParameterCount"": ""62418"", ""maxSwallowSize"": ""4020270"", ""maxThreads"": ""249"", ""minSpareThreads"": ""387"", ""processorCache"": ""350"", ""tcpNoDelay"": ""TRUE"", ""threadPriority"": ""9"", ""threadsMaxIdleTime"": ""548375"", ""useAsyncIO"": ""FALSE"", ""useVirtualThreads"": ""FALSE""}"
tomcat,lf05_hard07,"lambda_f=0.5, hard=0.7",3302,RQ1&2parrel,161,2501.64,26.07,2501.64,10.0205659866333,"[8, 50, 10, False]",0.0,10.02047085762024,0.0,"{""acceptCount"": ""105"", ""allowBackslash"": ""TRUE"", ""compression"": ""on"", ""compressionMinSize"": ""3181"", ""connectionTimeout"": ""384954"", ""connectionUploadTimeout"": ""415690"", ""disableUploadTimeout"": ""TRUE"", ""executorTerminationTimeoutMillis"": ""81936"", ""keepAliveTimeout"": ""520257"", ""maxConnections"": ""3582"", ""maxHeaderCount"": ""365"", ""maxHttpHeaderSize"": ""13772"", ""maxHttpRequestHeaderSize"": ""40156"", ""maxHttpResponseHeaderSize"": ""27280"", ""maxKeepAliveRequests"": ""907"", ""maxParameterCount"": ""97507"", ""maxSwallowSize"": ""13343713"", ""maxThreads"": ""302"", ""minSpareThreads"": ""485"", ""processorCache"": ""125"", ""tcpNoDelay"": ""TRUE"", ""threadPriority"": ""4"", ""threadsMaxIdleTime"": ""440709"", ""useAsyncIO"": ""FALSE"", ""useVirtualThreads"": ""FALSE""}"
tomcat,lf05_hard07,"lambda_f=0.5, hard=0.7",3302,RQ1&2parrel,162,2594.18,23.47,2594.18,10.038360834121704,"[8, 50, 10, False]",0.0,10.038266658782959,0.0,"{""acceptCount"": ""542"", ""allowBackslash"": ""FALSE"", ""compression"": ""force"", ""compressionMinSize"": ""1659"", ""connectionTimeout"": ""221393"", ""connectionUploadTimeout"": ""553438"", ""disableUploadTimeout"": ""TRUE"", ""executorTerminationTimeoutMillis"": ""183482"", ""keepAliveTimeout"": ""179416"", ""maxConnections"": ""1807"", ""maxHeaderCount"": ""455"", ""maxHttpHeaderSize"": ""2216"", ""maxHttpRequestHeaderSize"": ""23576"", ""maxHttpResponseHeaderSize"": ""31868"", ""maxKeepAliveRequests"": ""3091"", ""maxParameterCount"": ""95534"", ""maxSwallowSize"": ""4166326"", ""maxThreads"": ""177"", ""minSpareThreads"": ""940"", ""processorCache"": ""80"", ""tcpNoDelay"": ""FALSE"", ""threadPriority"": ""3"", ""threadsMaxIdleTime"": ""114312"", ""useAsyncIO"": ""TRUE"", ""useVirtualThreads"": ""FALSE""}"
tomcat,lf05_hard07,"lambda_f=0.5, hard=0.7",3302,RQ1&2parrel,163,2410.94,20.69,2410.94,10.026055812835693,"[8, 50, 10, False]",0.0,10.025966167449951,0.0,"{""acceptCount"": ""696"", ""allowBackslash"": ""TRUE"", ""compression"": ""force"", ""compressionMinSize"": ""9999"", ""connectionTimeout"": ""445324"", ""connectionUploadTimeout"": ""222601"", ""disableUploadTimeout"": ""TRUE"", ""executorTerminationTimeoutMillis"": ""163789"", ""keepAliveTimeout"": ""102920"", ""maxConnections"": ""19312"", ""maxHeaderCount"": ""126"", ""maxHttpHeaderSize"": ""10129"", ""maxHttpRequestHeaderSize"": ""21446"", ""maxHttpResponseHeaderSize"": ""40880"", ""maxKeepAliveRequests"": ""3639"", ""maxParameterCount"": ""66159"", ""maxSwallowSize"": ""2464584"", ""maxThreads"": ""324"", ""minSpareThreads"": ""342"", ""processorCache"": ""197"", ""tcpNoDelay"": ""FALSE"", ""threadPriority"": ""9"", ""threadsMaxIdleTime"": ""109484"", ""useAsyncIO"": ""TRUE"", ""useVirtualThreads"": ""TRUE""}"
tomcat,lf05_hard07,"lambda_f=0.5, hard=0.7",3302,RQ1&2parrel,164,2502.8,23.96,2502.8,10.02031421661377,"[8, 50, 10, False]",0.0,10.020226240158081,0.0,"{""acceptCount"": ""653"", ""allowBackslash"": ""TRUE"", ""compression"": ""force"", ""compressionMinSize"": ""7389"", ""connectionTimeout"": ""101658"", ""connectionUploadTimeout"": ""219432"", ""disableUploadTimeout"": ""FALSE"", ""executorTerminationTimeoutMillis"": ""285386"", ""keepAliveTimeout"": ""564233"", ""maxConnections"": ""17337"", ""maxHeaderCount"": ""537"", ""maxHttpHeaderSize"": ""19714"", ""maxHttpRequestHeaderSize"": ""51623"", ""maxHttpResponseHeaderSize"": ""62113"", ""maxKeepAliveRequests"": ""3678"", ""maxParameterCount"": ""65358"", ""maxSwallowSize"": ""4208544"", ""maxThreads"": ""196"", ""minSpareThreads"": ""386"", ""processorCache"": ""350"", ""tcpNoDelay"": ""TRUE"", ""threadPriority"": ""9"", ""threadsMaxIdleTime"": ""530486"", ""useAsyncIO"": ""FALSE"", ""useVirtualThreads"": ""FALSE""}"
tomcat,lf05_hard07,"lambda_f=0.5, hard=0.7",3302,RQ1&2parrel,165,2299.79,21.99,2299.79,10.017630338668823,"[8, 50, 10, False]",0.0,10.017541408538818,0.0,"{""acceptCount"": ""905"", ""allowBackslash"": ""TRUE"", ""compression"": ""off"", ""compressionMinSize"": ""9241"", ""connectionTimeout"": ""392667"", ""connectionUploadTimeout"": ""147030"", ""disableUploadTimeout"": ""TRUE"", ""executorTerminationTimeoutMillis"": ""197123"", ""keepAliveTimeout"": ""359881"", ""maxConnections"": ""18553"", ""maxHeaderCount"": ""212"", ""maxHttpHeaderSize"": ""25052"", ""maxHttpRequestHeaderSize"": ""31841"", ""maxHttpResponseHeaderSize"": ""49806"", ""maxKeepAliveRequests"": ""4338"", ""maxParameterCount"": ""19173"", ""maxSwallowSize"": ""5699914"", ""maxThreads"": ""171"", ""minSpareThreads"": ""502"", ""processorCache"": ""319"", ""tcpNoDelay"": ""TRUE"", ""threadPriority"": ""3"", ""threadsMaxIdleTime"": ""46948"", ""useAsyncIO"": ""FALSE"", ""useVirtualThreads"": ""TRUE""}"
tomcat,lf05_hard07,"lambda_f=0.5, hard=0.7",3302,RQ1&2parrel,166,2480.85,23.74,2480.85,10.019523620605469,"[8, 50, 10, False]",0.0,10.019399881362915,0.0,"{""acceptCount"": ""620"", ""allowBackslash"": ""FALSE"", ""compression"": ""force"", ""compressionMinSize"": ""8705"", ""connectionTimeout"": ""53799"", ""connectionUploadTimeout"": ""212092"", ""disableUploadTimeout"": ""TRUE"", ""executorTerminationTimeoutMillis"": ""72861"", ""keepAliveTimeout"": ""534959"", ""maxConnections"": ""17136"", ""maxHeaderCount"": ""935"", ""maxHttpHeaderSize"": ""26098"", ""maxHttpRequestHeaderSize"": ""56234"", ""maxHttpResponseHeaderSize"": ""59331"", ""maxKeepAliveRequests"": ""1178"", ""maxParameterCount"": ""18367"", ""maxSwallowSize"": ""17370749"", ""maxThreads"": ""157"", ""minSpareThreads"": ""563"", ""processorCache"": ""314"", ""tcpNoDelay"": ""FALSE"", ""threadPriority"": ""4"", ""threadsMaxIdleTime"": ""477551"", ""useAsyncIO"": ""FALSE"", ""useVirtualThreads"": ""FALSE""}"
tomcat,lf05_hard07,"lambda_f=0.5, hard=0.7",3302,RQ1&2parrel,167,2264.06,22.69,2264.06,10.021949529647827,"[8, 50, 10, False]",0.0,10.021859407424927,0.0,"{""acceptCount"": ""211"", ""allowBackslash"": ""FALSE"", ""compression"": ""force"", ""compressionMinSize"": ""9204"", ""connectionTimeout"": ""29898"", ""connectionUploadTimeout"": ""277673"", ""disableUploadTimeout"": ""FALSE"", ""executorTerminationTimeoutMillis"": ""319990"", ""keepAliveTimeout"": ""203546"", ""maxConnections"": ""6866"", ""maxHeaderCount"": ""446"", ""maxHttpHeaderSize"": ""5568"", ""maxHttpRequestHeaderSize"": ""60784"", ""maxHttpResponseHeaderSize"": ""26276"", ""maxKeepAliveRequests"": ""4484"", ""maxParameterCount"": ""17968"", ""maxSwallowSize"": ""580284"", ""maxThreads"": ""305"", ""minSpareThreads"": ""33"", ""processorCache"": ""3"", ""tcpNoDelay"": ""TRUE"", ""threadPriority"": ""7"", ""threadsMaxIdleTime"": ""165083"", ""useAsyncIO"": ""TRUE"", ""useVirtualThreads"": ""TRUE""}"
tomcat,lf05_hard07,"lambda_f=0.5, hard=0.7",3302,RQ1&2parrel,168,2368.2,24.7,2368.2,10.088247060775757,"[8, 50, 10, False]",0.0,10.088162899017334,0.0,"{""acceptCount"": ""653"", ""allowBackslash"": ""TRUE"", ""compression"": ""force"", ""compressionMinSize"": ""7381"", ""connectionTimeout"": ""101658"", ""connectionUploadTimeout"": ""273155"", ""disableUploadTimeout"": ""FALSE"", ""executorTerminationTimeoutMillis"": ""285386"", ""keepAliveTimeout"": ""558031"", ""maxConnections"": ""17208"", ""maxHeaderCount"": ""537"", ""maxHttpHeaderSize"": ""19132"", ""maxHttpRequestHeaderSize"": ""51623"", ""maxHttpResponseHeaderSize"": ""53771"", ""maxKeepAliveRequests"": ""3657"", ""maxParameterCount"": ""62544"", ""maxSwallowSize"": ""4011310"", ""maxThreads"": ""193"", ""minSpareThreads"": ""387"", ""processorCache"": ""350"", ""tcpNoDelay"": ""TRUE"", ""threadPriority"": ""9"", ""threadsMaxIdleTime"": ""550178"", ""useAsyncIO"": ""TRUE"", ""useVirtualThreads"": ""FALSE""}"
tomcat,lf05_hard07,"lambda_f=0.5, hard=0.7",3302,RQ1&2parrel,169,2326.15,22.2,2326.15,10.078164339065552,"[8, 50, 10, False]",0.0,10.078080177307129,0.0,"{""acceptCount"": ""622"", ""allowBackslash"": ""FALSE"", ""compression"": ""force"", ""compressionMinSize"": ""8875"", ""connectionTimeout"": ""306524"", ""connectionUploadTimeout"": ""290340"", ""disableUploadTimeout"": ""FALSE"", ""executorTerminationTimeoutMillis"": ""148623"", ""keepAliveTimeout"": ""139216"", ""maxConnections"": ""7583"", ""maxHeaderCount"": ""926"", ""maxHttpHeaderSize"": ""49302"", ""maxHttpRequestHeaderSize"": ""51234"", ""maxHttpResponseHeaderSize"": ""52274"", ""maxKeepAliveRequests"": ""1440"", ""maxParameterCount"": ""81632"", ""maxSwallowSize"": ""4048478"", ""maxThreads"": ""74"", ""minSpareThreads"": ""406"", ""processorCache"": ""209"", ""tcpNoDelay"": ""TRUE"", ""threadPriority"": ""2"", ""threadsMaxIdleTime"": ""83081"", ""useAsyncIO"": ""TRUE"", ""useVirtualThreads"": ""TRUE""}"
tomcat,lf05_hard07,"lambda_f=0.5, hard=0.7",3302,RQ1&2parrel,170,2210.21,22.9,2210.21,10.058882713317871,"[8, 50, 10, False]",0.0,10.058789491653442,0.0,"{""acceptCount"": ""322"", ""allowBackslash"": ""TRUE"", ""compression"": ""force"", ""compressionMinSize"": ""6720"", ""connectionTimeout"": ""405655"", ""connectionUploadTimeout"": ""472947"", ""disableUploadTimeout"": ""TRUE"", ""executorTerminationTimeoutMillis"": ""331146"", ""keepAliveTimeout"": ""491104"", ""maxConnections"": ""4670"", ""maxHeaderCount"": ""585"", ""maxHttpHeaderSize"": ""22518"", ""maxHttpRequestHeaderSize"": ""27118"", ""maxHttpResponseHeaderSize"": ""33365"", ""maxKeepAliveRequests"": ""883"", ""maxParameterCount"": ""68912"", ""maxSwallowSize"": ""6290004"", ""maxThreads"": ""282"", ""minSpareThreads"": ""68"", ""processorCache"": ""60"", ""tcpNoDelay"": ""TRUE"", ""threadPriority"": ""1"", ""threadsMaxIdleTime"": ""506278"", ""useAsyncIO"": ""FALSE"", ""useVirtualThreads"": ""TRUE""}"
tomcat,lf05_hard07,"lambda_f=0.5, hard=0.7",3302,RQ1&2parrel,171,2260.65,22.7,2260.65,10.021066665649414,"[8, 50, 10, False]",0.0,10.020977020263672,0.0,"{""acceptCount"": ""506"", ""allowBackslash"": ""TRUE"", ""compression"": ""on"", ""compressionMinSize"": ""6838"", ""connectionTimeout"": ""95133"", ""connectionUploadTimeout"": ""294928"", ""disableUploadTimeout"": ""TRUE"", ""executorTerminationTimeoutMillis"": ""295863"", ""keepAliveTimeout"": ""127062"", ""maxConnections"": ""2873"", ""maxHeaderCount"": ""594"", ""maxHttpHeaderSize"": ""4092"", ""maxHttpRequestHeaderSize"": ""23356"", ""maxHttpResponseHeaderSize"": ""23552"", ""maxKeepAliveRequests"": ""3343"", ""maxParameterCount"": ""48317"", ""maxSwallowSize"": ""7201658"", ""maxThreads"": ""369"", ""minSpareThreads"": ""465"", ""processorCache"": ""144"", ""tcpNoDelay"": ""FALSE"", ""threadPriority"": ""7"", ""threadsMaxIdleTime"": ""123395"", ""useAsyncIO"": ""FALSE"", ""useVirtualThreads"": ""TRUE""}"
tomcat,lf05_hard07,"lambda_f=0.5, hard=0.7",3302,RQ1&2parrel,172,2582.35,24.42,2582.35,10.022554636001587,"[8, 50, 10, False]",0.0,10.022469282150269,0.0,"{""acceptCount"": ""305"", ""allowBackslash"": ""TRUE"", ""compression"": ""force"", ""compressionMinSize"": ""4670"", ""connectionTimeout"": ""10973"", ""connectionUploadTimeout"": ""333915"", ""disableUploadTimeout"": ""FALSE"", ""executorTerminationTimeoutMillis"": ""269355"", ""keepAliveTimeout"": ""467250"", ""maxConnections"": ""17846"", ""maxHeaderCount"": ""633"", ""maxHttpHeaderSize"": ""13566"", ""maxHttpRequestHeaderSize"": ""56224"", ""maxHttpResponseHeaderSize"": ""46013"", ""maxKeepAliveRequests"": ""4654"", ""maxParameterCount"": ""61642"", ""maxSwallowSize"": ""9855035"", ""maxThreads"": ""68"", ""minSpareThreads"": ""988"", ""processorCache"": ""262"", ""tcpNoDelay"": ""FALSE"", ""threadPriority"": ""9"", ""threadsMaxIdleTime"": ""453647"", ""useAsyncIO"": ""TRUE"", ""useVirtualThreads"": ""FALSE""}"
tomcat,lf05_hard07,"lambda_f=0.5, hard=0.7",3302,RQ1&2parrel,173,2289.9,22.33,2289.9,10.082139730453491,"[8, 50, 10, False]",0.0,10.082026243209839,0.0,"{""acceptCount"": ""594"", ""allowBackslash"": ""FALSE"", ""compression"": ""force"", ""compressionMinSize"": ""8922"", ""connectionTimeout"": ""184769"", ""connectionUploadTimeout"": ""572631"", ""disableUploadTimeout"": ""TRUE"", ""executorTerminationTimeoutMillis"": ""562642"", ""keepAliveTimeout"": ""568582"", ""maxConnections"": ""2132"", ""maxHeaderCount"": ""666"", ""maxHttpHeaderSize"": ""8993"", ""maxHttpRequestHeaderSize"": ""34888"", ""maxHttpResponseHeaderSize"": ""53275"", ""maxKeepAliveRequests"": ""4867"", ""maxParameterCount"": ""14490"", ""maxSwallowSize"": ""11095507"", ""maxThreads"": ""261"", ""minSpareThreads"": ""291"", ""processorCache"": ""386"", ""tcpNoDelay"": ""TRUE"", ""threadPriority"": ""8"", ""threadsMaxIdleTime"": ""258851"", ""useAsyncIO"": ""FALSE"", ""useVirtualThreads"": ""TRUE""}"
tomcat,lf05_hard07,"lambda_f=0.5, hard=0.7",3302,RQ1&2parrel,174,2226.81,22.62,2226.81,10.096850156784058,"[8, 50, 10, False]",0.0,10.09675669670105,0.0,"{""acceptCount"": ""144"", ""allowBackslash"": ""TRUE"", ""compression"": ""force"", ""compressionMinSize"": ""6421"", ""connectionTimeout"": ""273816"", ""connectionUploadTimeout"": ""331835"", ""disableUploadTimeout"": ""FALSE"", ""executorTerminationTimeoutMillis"": ""185477"", ""keepAliveTimeout"": ""554344"", ""maxConnections"": ""3462"", ""maxHeaderCount"": ""866"", ""maxHttpHeaderSize"": ""31121"", ""maxHttpRequestHeaderSize"": ""41520"", ""maxHttpResponseHeaderSize"": ""51498"", ""maxKeepAliveRequests"": ""3550"", ""maxParameterCount"": ""82725"", ""maxSwallowSize"": ""19210684"", ""maxThreads"": ""387"", ""minSpareThreads"": ""462"", ""processorCache"": ""199"", ""tcpNoDelay"": ""TRUE"", ""threadPriority"": ""2"", ""threadsMaxIdleTime"": ""597917"", ""useAsyncIO"": ""FALSE"", ""useVirtualThreads"": ""TRUE""}"
tomcat,lf05_hard07,"lambda_f=0.5, hard=0.7",3302,RQ1&2parrel,175,2307.88,27.75,2307.88,10.031430721282959,"[8, 50, 10, False]",0.0,10.031336307525635,0.0,"{""acceptCount"": ""171"", ""allowBackslash"": ""TRUE"", ""compression"": ""on"", ""compressionMinSize"": ""3011"", ""connectionTimeout"": ""58983"", ""connectionUploadTimeout"": ""590572"", ""disableUploadTimeout"": ""TRUE"", ""executorTerminationTimeoutMillis"": ""142179"", ""keepAliveTimeout"": ""129075"", ""maxConnections"": ""13487"", ""maxHeaderCount"": ""280"", ""maxHttpHeaderSize"": ""4634"", ""maxHttpRequestHeaderSize"": ""4514"", ""maxHttpResponseHeaderSize"": ""62389"", ""maxKeepAliveRequests"": ""29"", ""maxParameterCount"": ""22710"", ""maxSwallowSize"": ""4711991"", ""maxThreads"": ""99"", ""minSpareThreads"": ""949"", ""processorCache"": ""331"", ""tcpNoDelay"": ""TRUE"", ""threadPriority"": ""6"", ""threadsMaxIdleTime"": ""213387"", ""useAsyncIO"": ""FALSE"", ""useVirtualThreads"": ""FALSE""}"
tomcat,lf05_hard07,"lambda_f=0.5, hard=0.7",3302,RQ1&2parrel,176,2582.82,23.11,2582.82,10.04044508934021,"[8, 50, 10, False]",0.0,10.040360927581787,0.0,"{""acceptCount"": ""995"", ""allowBackslash"": ""FALSE"", ""compression"": ""force"", ""compressionMinSize"": ""449"", ""connectionTimeout"": ""146918"", ""connectionUploadTimeout"": ""579948"", ""disableUploadTimeout"": ""TRUE"", ""executorTerminationTimeoutMillis"": ""482229"", ""keepAliveTimeout"": ""509193"", ""maxConnections"": ""16516"", ""maxHeaderCount"": ""836"", ""maxHttpHeaderSize"": ""27565"", ""maxHttpRequestHeaderSize"": ""64886"", ""maxHttpResponseHeaderSize"": ""46267"", ""maxKeepAliveRequests"": ""3177"", ""maxParameterCount"": ""41830"", ""maxSwallowSize"": ""1780774"", ""maxThreads"": ""192"", ""minSpareThreads"": ""751"", ""processorCache"": ""75"", ""tcpNoDelay"": ""FALSE"", ""threadPriority"": ""4"", ""threadsMaxIdleTime"": ""189584"", ""useAsyncIO"": ""TRUE"", ""useVirtualThreads"": ""FALSE""}"
tomcat,lf05_hard07,"lambda_f=0.5, hard=0.7",3302,RQ1&2parrel,177,2143.07,26.85,2143.07,10.04315733909607,"[8, 50, 10, False]",0.0,10.043063879013062,0.0,"{""acceptCount"": ""510"", ""allowBackslash"": ""TRUE"", ""compression"": ""on"", ""compressionMinSize"": ""2968"", ""connectionTimeout"": ""580908"", ""connectionUploadTimeout"": ""185254"", ""disableUploadTimeout"": ""TRUE"", ""executorTerminationTimeoutMillis"": ""466640"", ""keepAliveTimeout"": ""274223"", ""maxConnections"": ""19427"", ""maxHeaderCount"": ""774"", ""maxHttpHeaderSize"": ""7174"", ""maxHttpRequestHeaderSize"": ""61397"", ""maxHttpResponseHeaderSize"": ""43193"", ""maxKeepAliveRequests"": ""530"", ""maxParameterCount"": ""73315"", ""maxSwallowSize"": ""16544597"", ""maxThreads"": ""305"", ""minSpareThreads"": ""81"", ""processorCache"": ""76"", ""tcpNoDelay"": ""TRUE"", ""threadPriority"": ""9"", ""threadsMaxIdleTime"": ""594877"", ""useAsyncIO"": ""FALSE"", ""useVirtualThreads"": ""FALSE""}"
tomcat,lf05_hard07,"lambda_f=0.5, hard=0.7",3302,RQ1&2parrel,178,2575.53,22.85,2575.53,10.014628887176514,"[8, 50, 10, False]",0.0,10.01449966430664,0.0,"{""acceptCount"": ""545"", ""allowBackslash"": ""FALSE"", ""compression"": ""on"", ""compressionMinSize"": ""258"", ""connectionTimeout"": ""264598"", ""connectionUploadTimeout"": ""35278"", ""disableUploadTimeout"": ""FALSE"", ""executorTerminationTimeoutMillis"": ""203362"", ""keepAliveTimeout"": ""329445"", ""maxConnections"": ""2059"", ""maxHeaderCount"": ""132"", ""maxHttpHeaderSize"": ""9714"", ""maxHttpRequestHeaderSize"": ""13569"", ""maxHttpResponseHeaderSize"": ""65298"", ""maxKeepAliveRequests"": ""3932"", ""maxParameterCount"": ""93801"", ""maxSwallowSize"": ""20823950"", ""maxThreads"": ""93"", ""minSpareThreads"": ""134"", ""processorCache"": ""153"", ""tcpNoDelay"": ""TRUE"", ""threadPriority"": ""7"", ""threadsMaxIdleTime"": ""55394"", ""useAsyncIO"": ""FALSE"", ""useVirtualThreads"": ""FALSE""}"
tomcat,lf05_hard07,"lambda_f=0.5, hard=0.7",3302,RQ1&2parrel,179,2332.88,21.89,2332.88,10.049448251724243,"[8, 50, 10, False]",0.0,10.049369096755981,0.0,"{""acceptCount"": ""568"", ""allowBackslash"": ""TRUE"", ""compression"": ""off"", ""compressionMinSize"": ""8980"", ""connectionTimeout"": ""295987"", ""connectionUploadTimeout"": ""288212"", ""disableUploadTimeout"": ""FALSE"", ""executorTerminationTimeoutMillis"": ""352607"", ""keepAliveTimeout"": ""385548"", ""maxConnections"": ""19605"", ""maxHeaderCount"": ""494"", ""maxHttpHeaderSize"": ""20509"", ""maxHttpRequestHeaderSize"": ""45871"", ""maxHttpResponseHeaderSize"": ""36065"", ""maxKeepAliveRequests"": ""1386"", ""maxParameterCount"": ""32511"", ""maxSwallowSize"": ""18666596"", ""maxThreads"": ""73"", ""minSpareThreads"": ""905"", ""processorCache"": ""233"", ""tcpNoDelay"": ""TRUE"", ""threadPriority"": ""2"", ""threadsMaxIdleTime"": ""119747"", ""useAsyncIO"": ""FALSE"", ""useVirtualThreads"": ""TRUE""}"
tomcat,lf05_hard07,"lambda_f=0.5, hard=0.7",3302,RQ1&2parrel,180,2390.73,28.93,2390.73,10.07103705406189,"[8, 50, 10, False]",0.0,10.070943832397461,0.0,"{""acceptCount"": ""653"", ""allowBackslash"": ""TRUE"", ""compression"": ""force"", ""compressionMinSize"": ""7381"", ""connectionTimeout"": ""103662"", ""connectionUploadTimeout"": ""274983"", ""disableUploadTimeout"": ""FALSE"", ""executorTerminationTimeoutMillis"": ""285197"", ""keepAliveTimeout"": ""558095"", ""maxConnections"": ""19227"", ""maxHeaderCount"": ""537"", ""maxHttpHeaderSize"": ""19132"", ""maxHttpRequestHeaderSize"": ""51623"", ""maxHttpResponseHeaderSize"": ""53771"", ""maxKeepAliveRequests"": ""3657"", ""maxParameterCount"": ""62544"", ""maxSwallowSize"": ""4020270"", ""maxThreads"": ""188"", ""minSpareThreads"": ""387"", ""processorCache"": ""350"", ""tcpNoDelay"": ""FALSE"", ""threadPriority"": ""9"", ""threadsMaxIdleTime"": ""550178"", ""useAsyncIO"": ""FALSE"", ""useVirtualThreads"": ""FALSE""}"
tomcat,lf05_hard07,"lambda_f=0.5, hard=0.7",3302,RQ1&2parrel,181,2358.15,26.68,2358.15,10.024813890457153,"[8, 50, 10, False]",0.0,10.024726867675781,0.0,"{""acceptCount"": ""653"", ""allowBackslash"": ""TRUE"", ""compression"": ""force"", ""compressionMinSize"": ""7381"", ""connectionTimeout"": ""101658"", ""connectionUploadTimeout"": ""281714"", ""disableUploadTimeout"": ""FALSE"", ""executorTerminationTimeoutMillis"": ""285386"", ""keepAliveTimeout"": ""558031"", ""maxConnections"": ""19227"", ""maxHeaderCount"": ""537"", ""maxHttpHeaderSize"": ""19132"", ""maxHttpRequestHeaderSize"": ""51623"", ""maxHttpResponseHeaderSize"": ""53771"", ""maxKeepAliveRequests"": ""3657"", ""maxParameterCount"": ""67387"", ""maxSwallowSize"": ""4020270"", ""maxThreads"": ""190"", ""minSpareThreads"": ""387"", ""processorCache"": ""350"", ""tcpNoDelay"": ""TRUE"", ""threadPriority"": ""9"", ""threadsMaxIdleTime"": ""550178"", ""useAsyncIO"": ""FALSE"", ""useVirtualThreads"": ""FALSE""}"
tomcat,lf05_hard07,"lambda_f=0.5, hard=0.7",3302,RQ1&2parrel,182,2385.61,24.69,2385.61,10.07041311264038,"[8, 50, 10, False]",0.0,10.070324182510376,0.0,"{""acceptCount"": ""99"", ""allowBackslash"": ""FALSE"", ""compression"": ""force"", ""compressionMinSize"": ""8236"", ""connectionTimeout"": ""398057"", ""connectionUploadTimeout"": ""535522"", ""disableUploadTimeout"": ""FALSE"", ""executorTerminationTimeoutMillis"": ""187800"", ""keepAliveTimeout"": ""392340"", ""maxConnections"": ""7823"", ""maxHeaderCount"": ""675"", ""maxHttpHeaderSize"": ""10422"", ""maxHttpRequestHeaderSize"": ""16263"", ""maxHttpResponseHeaderSize"": ""53896"", ""maxKeepAliveRequests"": ""252"", ""maxParameterCount"": ""43659"", ""maxSwallowSize"": ""14359111"", ""maxThreads"": ""369"", ""minSpareThreads"": ""732"", ""processorCache"": ""332"", ""tcpNoDelay"": ""TRUE"", ""threadPriority"": ""9"", ""threadsMaxIdleTime"": ""212901"", ""useAsyncIO"": ""TRUE"", ""useVirtualThreads"": ""FALSE""}"
tomcat,lf05_hard07,"lambda_f=0.5, hard=0.7",3302,RQ1&2parrel,183,2154.02,23.7,2154.02,10.033759355545044,"[8, 50, 10, False]",0.0,10.03366732597351,0.0,"{""acceptCount"": ""739"", ""allowBackslash"": ""FALSE"", ""compression"": ""force"", ""compressionMinSize"": ""7514"", ""connectionTimeout"": ""578612"", ""connectionUploadTimeout"": ""51474"", ""disableUploadTimeout"": ""TRUE"", ""executorTerminationTimeoutMillis"": ""114535"", ""keepAliveTimeout"": ""357038"", ""maxConnections"": ""16298"", ""maxHeaderCount"": ""996"", ""maxHttpHeaderSize"": ""43603"", ""maxHttpRequestHeaderSize"": ""56108"", ""maxHttpResponseHeaderSize"": ""64009"", ""maxKeepAliveRequests"": ""1293"", ""maxParameterCount"": ""52262"", ""maxSwallowSize"": ""10501983"", ""maxThreads"": ""245"", ""minSpareThreads"": ""225"", ""processorCache"": ""189"", ""tcpNoDelay"": ""TRUE"", ""threadPriority"": ""5"", ""threadsMaxIdleTime"": ""73945"", ""useAsyncIO"": ""FALSE"", ""useVirtualThreads"": ""TRUE""}"
tomcat,lf05_hard07,"lambda_f=0.5, hard=0.7",3302,RQ1&2parrel,184,2590.61,21.56,2590.61,10.018440246582031,"[8, 50, 10, False]",0.0,10.01835036277771,0.0,"{""acceptCount"": ""653"", ""allowBackslash"": ""TRUE"", ""compression"": ""force"", ""compressionMinSize"": ""7381"", ""connectionTimeout"": ""105181"", ""connectionUploadTimeout"": ""281714"", ""disableUploadTimeout"": ""FALSE"", ""executorTerminationTimeoutMillis"": ""285386"", ""keepAliveTimeout"": ""558031"", ""maxConnections"": ""18255"", ""maxHeaderCount"": ""537"", ""maxHttpHeaderSize"": ""19180"", ""maxHttpRequestHeaderSize"": ""52556"", ""maxHttpResponseHeaderSize"": ""53642"", ""maxKeepAliveRequests"": ""3657"", ""maxParameterCount"": ""62011"", ""maxSwallowSize"": ""4016461"", ""maxThreads"": ""190"", ""minSpareThreads"": ""391"", ""processorCache"": ""350"", ""tcpNoDelay"": ""TRUE"", ""threadPriority"": ""9"", ""threadsMaxIdleTime"": ""550178"", ""useAsyncIO"": ""FALSE"", ""useVirtualThreads"": ""FALSE""}"
tomcat,lf05_hard07,"lambda_f=0.5, hard=0.7",3302,RQ1&2parrel,185,2482.71,20.88,2482.71,10.012640714645386,"[8, 50, 10, False]",0.0,10.01255464553833,0.0,"{""acceptCount"": ""684"", ""allowBackslash"": ""FALSE"", ""compression"": ""off"", ""compressionMinSize"": ""8656"", ""connectionTimeout"": ""251776"", ""connectionUploadTimeout"": ""30335"", ""disableUploadTimeout"": ""TRUE"", ""executorTerminationTimeoutMillis"": ""587630"", ""keepAliveTimeout"": ""130071"", ""maxConnections"": ""275"", ""maxHeaderCount"": ""5"", ""maxHttpHeaderSize"": ""14463"", ""maxHttpRequestHeaderSize"": ""33181"", ""maxHttpResponseHeaderSize"": ""38823"", ""maxKeepAliveRequests"": ""2318"", ""maxParameterCount"": ""52587"", ""maxSwallowSize"": ""2532491"", ""maxThreads"": ""250"", ""minSpareThreads"": ""458"", ""processorCache"": ""110"", ""tcpNoDelay"": ""TRUE"", ""threadPriority"": ""4"", ""threadsMaxIdleTime"": ""267081"", ""useAsyncIO"": ""TRUE"", ""useVirtualThreads"": ""TRUE""}"
tomcat,lf05_hard07,"lambda_f=0.5, hard=0.7",3302,RQ1&2parrel,186,2393.51,26.65,2393.51,10.029030799865723,"[8, 50, 10, False]",0.0,10.028907060623169,0.0,"{""acceptCount"": ""733"", ""allowBackslash"": ""TRUE"", ""compression"": ""off"", ""compressionMinSize"": ""9746"", ""connectionTimeout"": ""533575"", ""connectionUploadTimeout"": ""444686"", ""disableUploadTimeout"": ""FALSE"", ""executorTerminationTimeoutMillis"": ""133169"", ""keepAliveTimeout"": ""581043"", ""maxConnections"": ""11020"", ""maxHeaderCount"": ""442"", ""maxHttpHeaderSize"": ""48623"", ""maxHttpRequestHeaderSize"": ""58572"", ""maxHttpResponseHeaderSize"": ""50674"", ""maxKeepAliveRequests"": ""3502"", ""maxParameterCount"": ""94519"", ""maxSwallowSize"": ""19228658"", ""maxThreads"": ""68"", ""minSpareThreads"": ""55"", ""processorCache"": ""158"", ""tcpNoDelay"": ""TRUE"", ""threadPriority"": ""5"", ""threadsMaxIdleTime"": ""406770"", ""useAsyncIO"": ""TRUE"", ""useVirtualThreads"": ""FALSE""}"
tomcat,lf05_hard07,"lambda_f=0.5, hard=0.7",3302,RQ1&2parrel,187,2444.76,20.96,2444.76,10.015802145004272,"[8, 50, 10, False]",0.0,10.01571011543274,0.0,"{""acceptCount"": ""459"", ""allowBackslash"": ""TRUE"", ""compression"": ""force"", ""compressionMinSize"": ""3131"", ""connectionTimeout"": ""127476"", ""connectionUploadTimeout"": ""51858"", ""disableUploadTimeout"": ""FALSE"", ""executorTerminationTimeoutMillis"": ""402788"", ""keepAliveTimeout"": ""187633"", ""maxConnections"": ""5944"", ""maxHeaderCount"": ""734"", ""maxHttpHeaderSize"": ""3962"", ""maxHttpRequestHeaderSize"": ""36017"", ""maxHttpResponseHeaderSize"": ""2402"", ""maxKeepAliveRequests"": ""1893"", ""maxParameterCount"": ""164"", ""maxSwallowSize"": ""1234951"", ""maxThreads"": ""110"", ""minSpareThreads"": ""962"", ""processorCache"": ""336"", ""tcpNoDelay"": ""TRUE"", ""threadPriority"": ""10"", ""threadsMaxIdleTime"": ""229935"", ""useAsyncIO"": ""TRUE"", ""useVirtualThreads"": ""TRUE""}"
tomcat,lf05_hard07,"lambda_f=0.5, hard=0.7",3302,RQ1&2parrel,188,2319.22,27.33,2319.22,10.100985288619995,"[8, 50, 10, False]",0.0,10.100893497467041,0.0,"{""acceptCount"": ""653"", ""allowBackslash"": ""TRUE"", ""compression"": ""off"", ""compressionMinSize"": ""7420"", ""connectionTimeout"": ""100181"", ""connectionUploadTimeout"": ""281714"", ""disableUploadTimeout"": ""FALSE"", ""executorTerminationTimeoutMillis"": ""285383"", ""keepAliveTimeout"": ""558031"", ""maxConnections"": ""18630"", ""maxHeaderCount"": ""537"", ""maxHttpHeaderSize"": ""19132"", ""maxHttpRequestHeaderSize"": ""51624"", ""maxHttpResponseHeaderSize"": ""53771"", ""maxKeepAliveRequests"": ""3802"", ""maxParameterCount"": ""63935"", ""maxSwallowSize"": ""4020270"", ""maxThreads"": ""191"", ""minSpareThreads"": ""388"", ""processorCache"": ""351"", ""tcpNoDelay"": ""TRUE"", ""threadPriority"": ""9"", ""threadsMaxIdleTime"": ""550178"", ""useAsyncIO"": ""FALSE"", ""useVirtualThreads"": ""FALSE""}"
tomcat,lf05_hard07,"lambda_f=0.5, hard=0.7",3302,RQ1&2parrel,189,2124.81,23.62,2124.81,10.042911529541016,"[8, 50, 10, False]",0.0,10.042766571044922,0.0,"{""acceptCount"": ""968"", ""allowBackslash"": ""TRUE"", ""compression"": ""force"", ""compressionMinSize"": ""6913"", ""connectionTimeout"": ""30943"", ""connectionUploadTimeout"": ""473832"", ""disableUploadTimeout"": ""TRUE"", ""executorTerminationTimeoutMillis"": ""183474"", ""keepAliveTimeout"": ""563200"", ""maxConnections"": ""11626"", ""maxHeaderCount"": ""223"", ""maxHttpHeaderSize"": ""1925"", ""maxHttpRequestHeaderSize"": ""9407"", ""maxHttpResponseHeaderSize"": ""23989"", ""maxKeepAliveRequests"": ""3104"", ""maxParameterCount"": ""18990"", ""maxSwallowSize"": ""19694604"", ""maxThreads"": ""159"", ""minSpareThreads"": ""997"", ""processorCache"": ""13"", ""tcpNoDelay"": ""TRUE"", ""threadPriority"": ""7"", ""threadsMaxIdleTime"": ""590554"", ""useAsyncIO"": ""FALSE"", ""useVirtualThreads"": ""TRUE""}"
tomcat,lf05_hard07,"lambda_f=0.5, hard=0.7",3302,RQ1&2parrel,190,2266.52,22.2,2266.52,10.024901151657104,"[8, 50, 10, False]",0.0,10.024809122085571,0.0,"{""acceptCount"": ""947"", ""allowBackslash"": ""TRUE"", ""compression"": ""off"", ""compressionMinSize"": ""4927"", ""connectionTimeout"": ""62781"", ""connectionUploadTimeout"": ""418476"", ""disableUploadTimeout"": ""TRUE"", ""executorTerminationTimeoutMillis"": ""248528"", ""keepAliveTimeout"": ""578481"", ""maxConnections"": ""12732"", ""maxHeaderCount"": ""772"", ""maxHttpHeaderSize"": ""5682"", ""maxHttpRequestHeaderSize"": ""62548"", ""maxHttpResponseHeaderSize"": ""51404"", ""maxKeepAliveRequests"": ""4285"", ""maxParameterCount"": ""96903"", ""maxSwallowSize"": ""17654283"", ""maxThreads"": ""249"", ""minSpareThreads"": ""167"", ""processorCache"": ""114"", ""tcpNoDelay"": ""FALSE"", ""threadPriority"": ""10"", ""threadsMaxIdleTime"": ""83735"", ""useAsyncIO"": ""TRUE"", ""useVirtualThreads"": ""TRUE""}"
tomcat,lf05_hard07,"lambda_f=0.5, hard=0.7",3302,RQ1&2parrel,191,2355.32,26.8,2355.32,10.064698696136475,"[8, 50, 10, False]",0.0,10.064613819122314,0.0,"{""acceptCount"": ""524"", ""allowBackslash"": ""TRUE"", ""compression"": ""force"", ""compressionMinSize"": ""5254"", ""connectionTimeout"": ""101447"", ""connectionUploadTimeout"": ""10585"", ""disableUploadTimeout"": ""TRUE"", ""executorTerminationTimeoutMillis"": ""21041"", ""keepAliveTimeout"": ""210666"", ""maxConnections"": ""1462"", ""maxHeaderCount"": ""792"", ""maxHttpHeaderSize"": ""13564"", ""maxHttpRequestHeaderSize"": ""51623"", ""maxHttpResponseHeaderSize"": ""26038"", ""maxKeepAliveRequests"": ""996"", ""maxParameterCount"": ""61519"", ""maxSwallowSize"": ""3189641"", ""maxThreads"": ""190"", ""minSpareThreads"": ""584"", ""processorCache"": ""350"", ""tcpNoDelay"": ""TRUE"", ""threadPriority"": ""9"", ""threadsMaxIdleTime"": ""579950"", ""useAsyncIO"": ""TRUE"", ""useVirtualThreads"": ""FALSE""}"
tomcat,lf05_hard07,"lambda_f=0.5, hard=0.7",3302,RQ1&2parrel,192,2427.73,24.67,2427.73,10.020966053009033,"[8, 50, 10, False]",0.0,10.020842790603638,0.0,"{""acceptCount"": ""516"", ""allowBackslash"": ""FALSE"", ""compression"": ""off"", ""compressionMinSize"": ""8705"", ""connectionTimeout"": ""379163"", ""connectionUploadTimeout"": ""26300"", ""disableUploadTimeout"": ""TRUE"", ""executorTerminationTimeoutMillis"": ""579916"", ""keepAliveTimeout"": ""291116"", ""maxConnections"": ""8065"", ""maxHeaderCount"": ""313"", ""maxHttpHeaderSize"": ""22822"", ""maxHttpRequestHeaderSize"": ""29995"", ""maxHttpResponseHeaderSize"": ""42837"", ""maxKeepAliveRequests"": ""2919"", ""maxParameterCount"": ""12742"", ""maxSwallowSize"": ""6462661"", ""maxThreads"": ""138"", ""minSpareThreads"": ""799"", ""processorCache"": ""157"", ""tcpNoDelay"": ""TRUE"", ""threadPriority"": ""10"", ""threadsMaxIdleTime"": ""129562"", ""useAsyncIO"": ""FALSE"", ""useVirtualThreads"": ""FALSE""}"
tomcat,lf05_hard07,"lambda_f=0.5, hard=0.7",3302,RQ1&2parrel,193,2443.7,26.38,2443.7,10.038620710372925,"[8, 50, 10, False]",0.0,10.038529872894287,0.0,"{""acceptCount"": ""288"", ""allowBackslash"": ""FALSE"", ""compression"": ""on"", ""compressionMinSize"": ""4438"", ""connectionTimeout"": ""330869"", ""connectionUploadTimeout"": ""223477"", ""disableUploadTimeout"": ""FALSE"", ""executorTerminationTimeoutMillis"": ""200253"", ""keepAliveTimeout"": ""134808"", ""maxConnections"": ""16732"", ""maxHeaderCount"": ""623"", ""maxHttpHeaderSize"": ""8301"", ""maxHttpRequestHeaderSize"": ""33251"", ""maxHttpResponseHeaderSize"": ""29434"", ""maxKeepAliveRequests"": ""4803"", ""maxParameterCount"": ""9401"", ""maxSwallowSize"": ""12927554"", ""maxThreads"": ""366"", ""minSpareThreads"": ""25"", ""processorCache"": ""201"", ""tcpNoDelay"": ""FALSE"", ""threadPriority"": ""2"", ""threadsMaxIdleTime"": ""515198"", ""useAsyncIO"": ""TRUE"", ""useVirtualThreads"": ""FALSE""}"
tomcat,lf05_hard07,"lambda_f=0.5, hard=0.7",3302,RQ1&2parrel,194,2221.98,22.93,2221.98,10.017946004867554,"[8, 50, 10, False]",0.0,10.017836570739746,0.0,"{""acceptCount"": ""160"", ""allowBackslash"": ""FALSE"", ""compression"": ""off"", ""compressionMinSize"": ""9852"", ""connectionTimeout"": ""99742"", ""connectionUploadTimeout"": ""293654"", ""disableUploadTimeout"": ""TRUE"", ""executorTerminationTimeoutMillis"": ""395866"", ""keepAliveTimeout"": ""347905"", ""maxConnections"": ""10842"", ""maxHeaderCount"": ""278"", ""maxHttpHeaderSize"": ""45337"", ""maxHttpRequestHeaderSize"": ""61105"", ""maxHttpResponseHeaderSize"": ""57671"", ""maxKeepAliveRequests"": ""4388"", ""maxParameterCount"": ""26536"", ""maxSwallowSize"": ""4221956"", ""maxThreads"": ""388"", ""minSpareThreads"": ""202"", ""processorCache"": ""365"", ""tcpNoDelay"": ""TRUE"", ""threadPriority"": ""8"", ""threadsMaxIdleTime"": ""169910"", ""useAsyncIO"": ""TRUE"", ""useVirtualThreads"": ""TRUE""}"
tomcat,lf05_hard07,"lambda_f=0.5, hard=0.7",3302,RQ1&2parrel,195,2456.54,28.22,2456.54,10.026827573776245,"[8, 50, 10, False]",0.0,10.026740789413452,0.0,"{""acceptCount"": ""138"", ""allowBackslash"": ""TRUE"", ""compression"": ""force"", ""compressionMinSize"": ""8896"", ""connectionTimeout"": ""303872"", ""connectionUploadTimeout"": ""233063"", ""disableUploadTimeout"": ""FALSE"", ""executorTerminationTimeoutMillis"": ""523220"", ""keepAliveTimeout"": ""215703"", ""maxConnections"": ""9571"", ""maxHeaderCount"": ""270"", ""maxHttpHeaderSize"": ""1349"", ""maxHttpRequestHeaderSize"": ""43552"", ""maxHttpResponseHeaderSize"": ""32250"", ""maxKeepAliveRequests"": ""1326"", ""maxParameterCount"": ""39532"", ""maxSwallowSize"": ""13590643"", ""maxThreads"": ""204"", ""minSpareThreads"": ""787"", ""processorCache"": ""135"", ""tcpNoDelay"": ""FALSE"", ""threadPriority"": ""9"", ""threadsMaxIdleTime"": ""455112"", ""useAsyncIO"": ""FALSE"", ""useVirtualThreads"": ""FALSE""}"
tomcat,lf05_hard07,"lambda_f=0.5, hard=0.7",3302,RQ1&2parrel,196,2314.1,26.28,2314.1,10.031366109848022,"[8, 50, 10, False]",0.0,10.031270265579224,0.0,"{""acceptCount"": ""653"", ""allowBackslash"": ""FALSE"", ""compression"": ""force"", ""compressionMinSize"": ""7381"", ""connectionTimeout"": ""76488"", ""connectionUploadTimeout"": ""462287"", ""disableUploadTimeout"": ""FALSE"", ""executorTerminationTimeoutMillis"": ""284934"", ""keepAliveTimeout"": ""558031"", ""maxConnections"": ""5147"", ""maxHeaderCount"": ""425"", ""maxHttpHeaderSize"": ""19132"", ""maxHttpRequestHeaderSize"": ""51746"", ""maxHttpResponseHeaderSize"": ""53859"", ""maxKeepAliveRequests"": ""3554"", ""maxParameterCount"": ""55350"", ""maxSwallowSize"": ""16550599"", ""maxThreads"": ""189"", ""minSpareThreads"": ""387"", ""processorCache"": ""350"", ""tcpNoDelay"": ""TRUE"", ""threadPriority"": ""7"", ""threadsMaxIdleTime"": ""377905"", ""useAsyncIO"": ""TRUE"", ""useVirtualThreads"": ""FALSE""}"
tomcat,lf05_hard07,"lambda_f=0.5, hard=0.7",3302,RQ1&2parrel,197,2206.78,22.98,2206.78,10.038475275039673,"[8, 50, 10, False]",0.0,10.038380146026611,0.0,"{""acceptCount"": ""851"", ""allowBackslash"": ""TRUE"", ""compression"": ""force"", ""compressionMinSize"": ""9552"", ""connectionTimeout"": ""15213"", ""connectionUploadTimeout"": ""245279"", ""disableUploadTimeout"": ""TRUE"", ""executorTerminationTimeoutMillis"": ""592049"", ""keepAliveTimeout"": ""366162"", ""maxConnections"": ""15109"", ""maxHeaderCount"": ""886"", ""maxHttpHeaderSize"": ""27210"", ""maxHttpRequestHeaderSize"": ""47146"", ""maxHttpResponseHeaderSize"": ""44757"", ""maxKeepAliveRequests"": ""2710"", ""maxParameterCount"": ""68809"", ""maxSwallowSize"": ""13985487"", ""maxThreads"": ""304"", ""minSpareThreads"": ""31"", ""processorCache"": ""165"", ""tcpNoDelay"": ""FALSE"", ""threadPriority"": ""10"", ""threadsMaxIdleTime"": ""353166"", ""useAsyncIO"": ""TRUE"", ""useVirtualThreads"": ""TRUE""}"
tomcat,lf05_hard07,"lambda_f=0.5, hard=0.7",3302,RQ1&2parrel,198,2448.06,23.98,2448.06,10.025703191757202,"[8, 50, 10, False]",0.0,10.02557373046875,0.0,"{""acceptCount"": ""775"", ""allowBackslash"": ""TRUE"", ""compression"": ""force"", ""compressionMinSize"": ""2463"", ""connectionTimeout"": ""411979"", ""connectionUploadTimeout"": ""112313"", ""disableUploadTimeout"": ""FALSE"", ""executorTerminationTimeoutMillis"": ""7593"", ""keepAliveTimeout"": ""325626"", ""maxConnections"": ""2407"", ""maxHeaderCount"": ""834"", ""maxHttpHeaderSize"": ""3778"", ""maxHttpRequestHeaderSize"": ""1642"", ""maxHttpResponseHeaderSize"": ""40201"", ""maxKeepAliveRequests"": ""1443"", ""maxParameterCount"": ""61738"", ""maxSwallowSize"": ""12962590"", ""maxThreads"": ""146"", ""minSpareThreads"": ""897"", ""processorCache"": ""364"", ""tcpNoDelay"": ""TRUE"", ""threadPriority"": ""2"", ""threadsMaxIdleTime"": ""335472"", ""useAsyncIO"": ""FALSE"", ""useVirtualThreads"": ""FALSE""}"
tomcat,lf05_hard07,"lambda_f=0.5, hard=0.7",3302,RQ1&2parrel,199,2163.78,23.27,2163.78,10.022126197814941,"[8, 50, 10, False]",0.0,10.022002935409546,0.0,"{""acceptCount"": ""429"", ""allowBackslash"": ""TRUE"", ""compression"": ""on"", ""compressionMinSize"": ""5373"", ""connectionTimeout"": ""589807"", ""connectionUploadTimeout"": ""10056"", ""disableUploadTimeout"": ""FALSE"", ""executorTerminationTimeoutMillis"": ""121094"", ""keepAliveTimeout"": ""231896"", ""maxConnections"": ""6420"", ""maxHeaderCount"": ""986"", ""maxHttpHeaderSize"": ""19569"", ""maxHttpRequestHeaderSize"": ""20686"", ""maxHttpResponseHeaderSize"": ""59215"", ""maxKeepAliveRequests"": ""4843"", ""maxParameterCount"": ""62977"", ""maxSwallowSize"": ""3275222"", ""maxThreads"": ""276"", ""minSpareThreads"": ""711"", ""processorCache"": ""184"", ""tcpNoDelay"": ""TRUE"", ""threadPriority"": ""1"", ""threadsMaxIdleTime"": ""544012"", ""useAsyncIO"": ""FALSE"", ""useVirtualThreads"": ""TRUE""}"
tomcat,lf05_hard07,"lambda_f=0.5, hard=0.7",3302,RQ1&2parrel,200,2394.96,25.9,2394.96,10.014340877532959,"[8, 50, 10, False]",0.0,10.01424503326416,0.0,"{""acceptCount"": ""482"", ""allowBackslash"": ""FALSE"", ""compression"": ""force"", ""compressionMinSize"": ""185"", ""connectionTimeout"": ""397748"", ""connectionUploadTimeout"": ""461836"", ""disableUploadTimeout"": ""FALSE"", ""executorTerminationTimeoutMillis"": ""41282"", ""keepAliveTimeout"": ""29988"", ""maxConnections"": ""14766"", ""maxHeaderCount"": ""72"", ""maxHttpHeaderSize"": ""11184"", ""maxHttpRequestHeaderSize"": ""8179"", ""maxHttpResponseHeaderSize"": ""21810"", ""maxKeepAliveRequests"": ""2186"", ""maxParameterCount"": ""24590"", ""maxSwallowSize"": ""17512102"", ""maxThreads"": ""150"", ""minSpareThreads"": ""928"", ""processorCache"": ""156"", ""tcpNoDelay"": ""TRUE"", ""threadPriority"": ""9"", ""threadsMaxIdleTime"": ""187271"", ""useAsyncIO"": ""FALSE"", ""useVirtualThreads"": ""FALSE""}"
tomcat,lf05_hard07,"lambda_f=0.5, hard=0.7",3303,RQ1&2parrel,1,2290.02,24.36,2290.02,10.029342889785767,"[8, 50, 10, False]",0.0,10.028457880020142,0.0,"{""acceptCount"": ""100"", ""allowBackslash"": ""FALSE"", ""compression"": ""on"", ""compressionMinSize"": ""2048"", ""connectionTimeout"": ""60000"", ""connectionUploadTimeout"": ""300000"", ""disableUploadTimeout"": ""FALSE"", ""executorTerminationTimeoutMillis"": ""5000"", ""keepAliveTimeout"": ""60000"", ""maxConnections"": ""8192"", ""maxHeaderCount"": ""100"", ""maxHttpHeaderSize"": ""8192"", ""maxHttpRequestHeaderSize"": ""8192"", ""maxHttpResponseHeaderSize"": ""8192"", ""maxKeepAliveRequests"": ""100"", ""maxParameterCount"": ""10000"", ""maxSwallowSize"": ""2097152"", ""maxThreads"": ""200"", ""minSpareThreads"": ""10"", ""processorCache"": ""200"", ""tcpNoDelay"": ""TRUE"", ""threadPriority"": ""5"", ""threadsMaxIdleTime"": ""60000"", ""useAsyncIO"": ""TRUE"", ""useVirtualThreads"": ""FALSE""}"
tomcat,lf05_hard07,"lambda_f=0.5, hard=0.7",3303,RQ1&2parrel,2,2293.39,24.82,2293.39,10.029541492462158,"[8, 50, 10, False]",0.0,10.029425382614136,0.0,"{""acceptCount"": ""100"", ""allowBackslash"": ""FALSE"", ""compression"": ""on"", ""compressionMinSize"": ""2048"", ""connectionTimeout"": ""60000"", ""connectionUploadTimeout"": ""300000"", ""disableUploadTimeout"": ""FALSE"", ""executorTerminationTimeoutMillis"": ""5000"", ""keepAliveTimeout"": ""60000"", ""maxConnections"": ""8192"", ""maxHeaderCount"": ""100"", ""maxHttpHeaderSize"": ""65535"", ""maxHttpRequestHeaderSize"": ""65534"", ""maxHttpResponseHeaderSize"": ""8192"", ""maxKeepAliveRequests"": ""100"", ""maxParameterCount"": ""10000"", ""maxSwallowSize"": ""2097152"", ""maxThreads"": ""200"", ""minSpareThreads"": ""10"", ""processorCache"": ""200"", ""tcpNoDelay"": ""TRUE"", ""threadPriority"": ""5"", ""threadsMaxIdleTime"": ""60000"", ""useAsyncIO"": ""TRUE"", ""useVirtualThreads"": ""FALSE""}"
tomcat,lf05_hard07,"lambda_f=0.5, hard=0.7",3303,RQ1&2parrel,3,2348.84,25.85,2348.84,10.035982608795166,"[8, 50, 10, False]",0.0,10.03587532043457,0.0,"{""acceptCount"": ""100"", ""allowBackslash"": ""FALSE"", ""compression"": ""on"", ""compressionMinSize"": ""2048"", ""connectionTimeout"": ""60000"", ""connectionUploadTimeout"": ""300000"", ""disableUploadTimeout"": ""FALSE"", ""executorTerminationTimeoutMillis"": ""5000"", ""keepAliveTimeout"": ""60000"", ""maxConnections"": ""8192"", ""maxHeaderCount"": ""100"", ""maxHttpHeaderSize"": ""65535"", ""maxHttpRequestHeaderSize"": ""36863"", ""maxHttpResponseHeaderSize"": ""8192"", ""maxKeepAliveRequests"": ""100"", ""maxParameterCount"": ""10000"", ""maxSwallowSize"": ""2097152"", ""maxThreads"": ""200"", ""minSpareThreads"": ""10"", ""processorCache"": ""200"", ""tcpNoDelay"": ""TRUE"", ""threadPriority"": ""5"", ""threadsMaxIdleTime"": ""60000"", ""useAsyncIO"": ""TRUE"", ""useVirtualThreads"": ""FALSE""}"
tomcat,lf05_hard07,"lambda_f=0.5, hard=0.7",3303,RQ1&2parrel,4,2390.33,23.77,2390.33,10.039810419082642,"[8, 50, 10, False]",0.0,10.039690971374512,0.0,"{""acceptCount"": ""100"", ""allowBackslash"": ""FALSE"", ""compression"": ""on"", ""compressionMinSize"": ""2048"", ""connectionTimeout"": ""60000"", ""connectionUploadTimeout"": ""300000"", ""disableUploadTimeout"": ""FALSE"", ""executorTerminationTimeoutMillis"": ""5000"", ""keepAliveTimeout"": ""60000"", ""maxConnections"": ""8192"", ""maxHeaderCount"": ""100"", ""maxHttpHeaderSize"": ""65535"", ""maxHttpRequestHeaderSize"": ""33023"", ""maxHttpResponseHeaderSize"": ""8192"", ""maxKeepAliveRequests"": ""100"", ""maxParameterCount"": ""10000"", ""maxSwallowSize"": ""2097152"", ""maxThreads"": ""200"", ""minSpareThreads"": ""10"", ""processorCache"": ""200"", ""tcpNoDelay"": ""TRUE"", ""threadPriority"": ""5"", ""threadsMaxIdleTime"": ""60000"", ""useAsyncIO"": ""TRUE"", ""useVirtualThreads"": ""FALSE""}"
tomcat,lf05_hard07,"lambda_f=0.5, hard=0.7",3303,RQ1&2parrel,5,2411.48,24.49,2411.48,10.034552812576294,"[8, 50, 10, False]",0.0,10.03443193435669,0.0,"{""acceptCount"": ""100"", ""allowBackslash"": ""FALSE"", ""compression"": ""on"", ""compressionMinSize"": ""2048"", ""connectionTimeout"": ""60000"", ""connectionUploadTimeout"": ""300000"", ""disableUploadTimeout"": ""FALSE"", ""executorTerminationTimeoutMillis"": ""5000"", ""keepAliveTimeout"": ""60000"", ""maxConnections"": ""8192"", ""maxHeaderCount"": ""100"", ""maxHttpHeaderSize"": ""8192"", ""maxHttpRequestHeaderSize"": ""8192"", ""maxHttpResponseHeaderSize"": ""4352"", ""maxKeepAliveRequests"": ""100"", ""maxParameterCount"": ""10000"", ""maxSwallowSize"": ""2097152"", ""maxThreads"": ""200"", ""minSpareThreads"": ""10"", ""processorCache"": ""200"", ""tcpNoDelay"": ""TRUE"", ""threadPriority"": ""5"", ""threadsMaxIdleTime"": ""60000"", ""useAsyncIO"": ""TRUE"", ""useVirtualThreads"": ""FALSE""}"
tomcat,lf05_hard07,"lambda_f=0.5, hard=0.7",3303,RQ1&2parrel,6,2471.75,24.13,2471.75,10.03200101852417,"[8, 50, 10, False]",0.0,10.031873941421509,0.0,"{""acceptCount"": ""100"", ""allowBackslash"": ""FALSE"", ""compression"": ""on"", ""compressionMinSize"": ""2048"", ""connectionTimeout"": ""60000"", ""connectionUploadTimeout"": ""300000"", ""disableUploadTimeout"": ""FALSE"", ""executorTerminationTimeoutMillis"": ""5000"", ""keepAliveTimeout"": ""60000"", ""maxConnections"": ""8192"", ""maxHeaderCount"": ""100"", ""maxHttpHeaderSize"": ""8192"", ""maxHttpRequestHeaderSize"": ""8192"", ""maxHttpResponseHeaderSize"": ""513"", ""maxKeepAliveRequests"": ""100"", ""maxParameterCount"": ""10000"", ""maxSwallowSize"": ""2097152"", ""maxThreads"": ""200"", ""minSpareThreads"": ""10"", ""processorCache"": ""200"", ""tcpNoDelay"": ""TRUE"", ""threadPriority"": ""5"", ""threadsMaxIdleTime"": ""60000"", ""useAsyncIO"": ""TRUE"", ""useVirtualThreads"": ""FALSE""}"
tomcat,lf05_hard07,"lambda_f=0.5, hard=0.7",3303,RQ1&2parrel,7,2403.06,22.37,2403.06,10.031133651733398,"[8, 50, 10, False]",0.0,10.031007528305054,0.0,"{""acceptCount"": ""100"", ""allowBackslash"": ""FALSE"", ""compression"": ""on"", ""compressionMinSize"": ""2048"", ""connectionTimeout"": ""60000"", ""connectionUploadTimeout"": ""300000"", ""disableUploadTimeout"": ""FALSE"", ""executorTerminationTimeoutMillis"": ""5000"", ""keepAliveTimeout"": ""60000"", ""maxConnections"": ""8192"", ""maxHeaderCount"": ""100"", ""maxHttpHeaderSize"": ""8192"", ""maxHttpRequestHeaderSize"": ""8192"", ""maxHttpResponseHeaderSize"": ""512"", ""maxKeepAliveRequests"": ""100"", ""maxParameterCount"": ""10000"", ""maxSwallowSize"": ""2097152"", ""maxThreads"": ""200"", ""minSpareThreads"": ""10"", ""processorCache"": ""200"", ""tcpNoDelay"": ""TRUE"", ""threadPriority"": ""5"", ""threadsMaxIdleTime"": ""60000"", ""useAsyncIO"": ""TRUE"", ""useVirtualThreads"": ""FALSE""}"
tomcat,lf05_hard07,"lambda_f=0.5, hard=0.7",3303,RQ1&2parrel,8,2013.86,42.14,2013.86,10.024001598358154,"[8, 50, 10, False]",0.0,10.023869276046753,0.0,"{""acceptCount"": ""100"", ""allowBackslash"": ""FALSE"", ""compression"": ""on"", ""compressionMinSize"": ""2048"", ""connectionTimeout"": ""60000"", ""connectionUploadTimeout"": ""300000"", ""disableUploadTimeout"": ""FALSE"", ""executorTerminationTimeoutMillis"": ""5000"", ""keepAliveTimeout"": ""60000"", ""maxConnections"": ""8192"", ""maxHeaderCount"": ""100"", ""maxHttpHeaderSize"": ""8192"", ""maxHttpRequestHeaderSize"": ""8192"", ""maxHttpResponseHeaderSize"": ""8192"", ""maxKeepAliveRequests"": ""100"", ""maxParameterCount"": ""10000"", ""maxSwallowSize"": ""2097152"", ""maxThreads"": ""200"", ""minSpareThreads"": ""10"", ""processorCache"": ""0"", ""tcpNoDelay"": ""TRUE"", ""threadPriority"": ""5"", ""threadsMaxIdleTime"": ""60000"", ""useAsyncIO"": ""TRUE"", ""useVirtualThreads"": ""FALSE""}"
tomcat,lf05_hard07,"lambda_f=0.5, hard=0.7",3303,RQ1&2parrel,9,2397.93,20.71,2397.93,10.021476030349731,"[8, 50, 10, False]",0.0,10.021363019943237,0.0,"{""acceptCount"": ""586"", ""allowBackslash"": ""TRUE"", ""compression"": ""force"", ""compressionMinSize"": ""2284"", ""connectionTimeout"": ""166577"", ""connectionUploadTimeout"": ""139293"", ""disableUploadTimeout"": ""FALSE"", ""executorTerminationTimeoutMillis"": ""477004"", ""keepAliveTimeout"": ""359924"", ""maxConnections"": ""2082"", ""maxHeaderCount"": ""936"", ""maxHttpHeaderSize"": ""16482"", ""maxHttpRequestHeaderSize"": ""22427"", ""maxHttpResponseHeaderSize"": ""33665"", ""maxKeepAliveRequests"": ""4001"", ""maxParameterCount"": ""55052"", ""maxSwallowSize"": ""9624979"", ""maxThreads"": ""95"", ""minSpareThreads"": ""196"", ""processorCache"": ""162"", ""tcpNoDelay"": ""FALSE"", ""threadPriority"": ""5"", ""threadsMaxIdleTime"": ""486015"", ""useAsyncIO"": ""FALSE"", ""useVirtualThreads"": ""TRUE""}"
tomcat,lf05_hard07,"lambda_f=0.5, hard=0.7",3303,RQ1&2parrel,10,2419.32,20.43,2419.32,10.032857418060303,"[8, 50, 10, False]",0.0,10.032734632492065,0.0,"{""acceptCount"": ""374"", ""allowBackslash"": ""TRUE"", ""compression"": ""force"", ""compressionMinSize"": ""5919"", ""connectionTimeout"": ""265217"", ""connectionUploadTimeout"": ""7739"", ""disableUploadTimeout"": ""FALSE"", ""executorTerminationTimeoutMillis"": ""86968"", ""keepAliveTimeout"": ""542571"", ""maxConnections"": ""8210"", ""maxHeaderCount"": ""268"", ""maxHttpHeaderSize"": ""28113"", ""maxHttpRequestHeaderSize"": ""59400"", ""maxHttpResponseHeaderSize"": ""30952"", ""maxKeepAliveRequests"": ""3062"", ""maxParameterCount"": ""97082"", ""maxSwallowSize"": ""4032014"", ""maxThreads"": ""165"", ""minSpareThreads"": ""630"", ""processorCache"": ""166"", ""tcpNoDelay"": ""FALSE"", ""threadPriority"": ""5"", ""threadsMaxIdleTime"": ""337943"", ""useAsyncIO"": ""TRUE"", ""useVirtualThreads"": ""TRUE""}"
tomcat,lf05_hard07,"lambda_f=0.5, hard=0.7",3303,RQ1&2parrel,11,2558.53,21.21,2558.53,10.025871753692627,"[8, 50, 10, False]",0.0,10.025749683380127,0.0,"{""acceptCount"": ""268"", ""allowBackslash"": ""TRUE"", ""compression"": ""on"", ""compressionMinSize"": ""8794"", ""connectionTimeout"": ""352314"", ""connectionUploadTimeout"": ""448969"", ""disableUploadTimeout"": ""TRUE"", ""executorTerminationTimeoutMillis"": ""574430"", ""keepAliveTimeout"": ""478124"", ""maxConnections"": ""1813"", ""maxHeaderCount"": ""316"", ""maxHttpHeaderSize"": ""29323"", ""maxHttpRequestHeaderSize"": ""55106"", ""maxHttpResponseHeaderSize"": ""52576"", ""maxKeepAliveRequests"": ""4533"", ""maxParameterCount"": ""28913"", ""maxSwallowSize"": ""6375660"", ""maxThreads"": ""149"", ""minSpareThreads"": ""381"", ""processorCache"": ""11"", ""tcpNoDelay"": ""TRUE"", ""threadPriority"": ""7"", ""threadsMaxIdleTime"": ""103109"", ""useAsyncIO"": ""TRUE"", ""useVirtualThreads"": ""FALSE""}"
tomcat,lf05_hard07,"lambda_f=0.5, hard=0.7",3303,RQ1&2parrel,12,2496.84,20.0,2496.84,10.01956820487976,"[8, 50, 10, False]",0.0,10.019452333450317,0.0,"{""acceptCount"": ""955"", ""allowBackslash"": ""FALSE"", ""compression"": ""on"", ""compressionMinSize"": ""1077"", ""connectionTimeout"": ""536681"", ""connectionUploadTimeout"": ""575791"", ""disableUploadTimeout"": ""FALSE"", ""executorTerminationTimeoutMillis"": ""207370"", ""keepAliveTimeout"": ""556032"", ""maxConnections"": ""18370"", ""maxHeaderCount"": ""355"", ""maxHttpHeaderSize"": ""25957"", ""maxHttpRequestHeaderSize"": ""34483"", ""maxHttpResponseHeaderSize"": ""35703"", ""maxKeepAliveRequests"": ""4777"", ""maxParameterCount"": ""59080"", ""maxSwallowSize"": ""17419632"", ""maxThreads"": ""381"", ""minSpareThreads"": ""586"", ""processorCache"": ""148"", ""tcpNoDelay"": ""FALSE"", ""threadPriority"": ""9"", ""threadsMaxIdleTime"": ""360263"", ""useAsyncIO"": ""FALSE"", ""useVirtualThreads"": ""TRUE""}"
tomcat,lf05_hard07,"lambda_f=0.5, hard=0.7",3303,RQ1&2parrel,13,2596.86,21.99,2596.86,10.023291826248169,"[8, 50, 10, False]",0.0,10.023165464401245,0.0,"{""acceptCount"": ""639"", ""allowBackslash"": ""FALSE"", ""compression"": ""force"", ""compressionMinSize"": ""4633"", ""connectionTimeout"": ""490376"", ""connectionUploadTimeout"": ""243093"", ""disableUploadTimeout"": ""FALSE"", ""executorTerminationTimeoutMillis"": ""504380"", ""keepAliveTimeout"": ""498543"", ""maxConnections"": ""5806"", ""maxHeaderCount"": ""682"", ""maxHttpHeaderSize"": ""32231"", ""maxHttpRequestHeaderSize"": ""62163"", ""maxHttpResponseHeaderSize"": ""37789"", ""maxKeepAliveRequests"": ""2267"", ""maxParameterCount"": ""34195"", ""maxSwallowSize"": ""2318767"", ""maxThreads"": ""64"", ""minSpareThreads"": ""571"", ""processorCache"": ""386"", ""tcpNoDelay"": ""FALSE"", ""threadPriority"": ""6"", ""threadsMaxIdleTime"": ""268370"", ""useAsyncIO"": ""TRUE"", ""useVirtualThreads"": ""FALSE""}"
tomcat,lf05_hard07,"lambda_f=0.5, hard=0.7",3303,RQ1&2parrel,14,2452.58,20.34,2452.58,10.020474910736084,"[8, 50, 10, False]",0.0,10.020344734191895,0.0,"{""acceptCount"": ""78"", ""allowBackslash"": ""TRUE"", ""compression"": ""force"", ""compressionMinSize"": ""7157"", ""connectionTimeout"": ""383385"", ""connectionUploadTimeout"": ""107789"", ""disableUploadTimeout"": ""TRUE"", ""executorTerminationTimeoutMillis"": ""286806"", ""keepAliveTimeout"": ""568256"", ""maxConnections"": ""14247"", ""maxHeaderCount"": ""642"", ""maxHttpHeaderSize"": ""27343"", ""maxHttpRequestHeaderSize"": ""41651"", ""maxHttpResponseHeaderSize"": ""54539"", ""maxKeepAliveRequests"": ""2043"", ""maxParameterCount"": ""53819"", ""maxSwallowSize"": ""10913778"", ""maxThreads"": ""207"", ""minSpareThreads"": ""397"", ""processorCache"": ""274"", ""tcpNoDelay"": ""TRUE"", ""threadPriority"": ""10"", ""threadsMaxIdleTime"": ""451843"", ""useAsyncIO"": ""FALSE"", ""useVirtualThreads"": ""TRUE""}"
tomcat,lf05_hard07,"lambda_f=0.5, hard=0.7",3303,RQ1&2parrel,15,2529.37,20.23,2529.37,10.0207998752594,"[8, 50, 10, False]",0.0,10.020705938339233,0.0,"{""acceptCount"": ""447"", ""allowBackslash"": ""FALSE"", ""compression"": ""on"", ""compressionMinSize"": ""5805"", ""connectionTimeout"": ""1122"", ""connectionUploadTimeout"": ""532424"", ""disableUploadTimeout"": ""TRUE"", ""executorTerminationTimeoutMillis"": ""547569"", ""keepAliveTimeout"": ""316046"", ""maxConnections"": ""5615"", ""maxHeaderCount"": ""67"", ""maxHttpHeaderSize"": ""13576"", ""maxHttpRequestHeaderSize"": ""29483"", ""maxHttpResponseHeaderSize"": ""56581"", ""maxKeepAliveRequests"": ""1578"", ""maxParameterCount"": ""57212"", ""maxSwallowSize"": ""3022007"", ""maxThreads"": ""118"", ""minSpareThreads"": ""756"", ""processorCache"": ""235"", ""tcpNoDelay"": ""TRUE"", ""threadPriority"": ""3"", ""threadsMaxIdleTime"": ""351881"", ""useAsyncIO"": ""FALSE"", ""useVirtualThreads"": ""TRUE""}"
tomcat,lf05_hard07,"lambda_f=0.5, hard=0.7",3303,RQ1&2parrel,16,2652.18,21.72,2652.18,10.015397310256958,"[8, 50, 10, False]",0.0,10.015296936035156,0.0,"{""acceptCount"": ""758"", ""allowBackslash"": ""TRUE"", ""compression"": ""on"", ""compressionMinSize"": ""3207"", ""connectionTimeout"": ""269122"", ""connectionUploadTimeout"": ""398281"", ""disableUploadTimeout"": ""FALSE"", ""executorTerminationTimeoutMillis"": ""161246"", ""keepAliveTimeout"": ""375240"", ""maxConnections"": ""14673"", ""maxHeaderCount"": ""106"", ""maxHttpHeaderSize"": ""10208"", ""maxHttpRequestHeaderSize"": ""8958"", ""maxHttpResponseHeaderSize"": ""39827"", ""maxKeepAliveRequests"": ""1491"", ""maxParameterCount"": ""30020"", ""maxSwallowSize"": ""15530377"", ""maxThreads"": ""350"", ""minSpareThreads"": ""212"", ""processorCache"": ""325"", ""tcpNoDelay"": ""FALSE"", ""threadPriority"": ""2"", ""threadsMaxIdleTime"": ""85352"", ""useAsyncIO"": ""TRUE"", ""useVirtualThreads"": ""FALSE""}"
tomcat,lf05_hard07,"lambda_f=0.5, hard=0.7",3303,RQ1&2parrel,17,2524.98,20.22,2524.98,10.106748342514038,"[8, 50, 10, False]",0.0,10.106646060943604,0.0,"{""acceptCount"": ""90"", ""allowBackslash"": ""FALSE"", ""compression"": ""on"", ""compressionMinSize"": ""5939"", ""connectionTimeout"": ""343606"", ""connectionUploadTimeout"": ""317300"", ""disableUploadTimeout"": ""FALSE"", ""executorTerminationTimeoutMillis"": ""27293"", ""keepAliveTimeout"": ""407810"", ""maxConnections"": ""7216"", ""maxHeaderCount"": ""413"", ""maxHttpHeaderSize"": ""1784"", ""maxHttpRequestHeaderSize"": ""36198"", ""maxHttpResponseHeaderSize"": ""44424"", ""maxKeepAliveRequests"": ""4205"", ""maxParameterCount"": ""89713"", ""maxSwallowSize"": ""16187698"", ""maxThreads"": ""71"", ""minSpareThreads"": ""513"", ""processorCache"": ""312"", ""tcpNoDelay"": ""TRUE"", ""threadPriority"": ""4"", ""threadsMaxIdleTime"": ""444840"", ""useAsyncIO"": ""FALSE"", ""useVirtualThreads"": ""TRUE""}"
tomcat,lf05_hard07,"lambda_f=0.5, hard=0.7",3303,RQ1&2parrel,18,2502.7,20.31,2502.7,10.016349792480469,"[8, 50, 10, False]",0.0,10.016231060028076,0.0,"{""acceptCount"": ""961"", ""allowBackslash"": ""TRUE"", ""compression"": ""off"", ""compressionMinSize"": ""8529"", ""connectionTimeout"": ""109028"", ""connectionUploadTimeout"": ""589069"", ""disableUploadTimeout"": ""FALSE"", ""executorTerminationTimeoutMillis"": ""265647"", ""keepAliveTimeout"": ""83775"", ""maxConnections"": ""9299"", ""maxHeaderCount"": ""274"", ""maxHttpHeaderSize"": ""10947"", ""maxHttpRequestHeaderSize"": ""32665"", ""maxHttpResponseHeaderSize"": ""46016"", ""maxKeepAliveRequests"": ""1987"", ""maxParameterCount"": ""92931"", ""maxSwallowSize"": ""1604508"", ""maxThreads"": ""286"", ""minSpareThreads"": ""298"", ""processorCache"": ""272"", ""tcpNoDelay"": ""FALSE"", ""threadPriority"": ""1"", ""threadsMaxIdleTime"": ""79266"", ""useAsyncIO"": ""TRUE"", ""useVirtualThreads"": ""TRUE""}"
tomcat,lf05_hard07,"lambda_f=0.5, hard=0.7",3303,RQ1&2parrel,19,2536.68,19.95,2536.68,10.107872009277344,"[8, 50, 10, False]",0.0,10.107774257659912,0.0,"{""acceptCount"": ""580"", ""allowBackslash"": ""FALSE"", ""compression"": ""force"", ""compressionMinSize"": ""9870"", ""connectionTimeout"": ""331471"", ""connectionUploadTimeout"": ""127143"", ""disableUploadTimeout"": ""FALSE"", ""executorTerminationTimeoutMillis"": ""531229"", ""keepAliveTimeout"": ""204075"", ""maxConnections"": ""10510"", ""maxHeaderCount"": ""950"", ""maxHttpHeaderSize"": ""29937"", ""maxHttpRequestHeaderSize"": ""44563"", ""maxHttpResponseHeaderSize"": ""48054"", ""maxKeepAliveRequests"": ""1836"", ""maxParameterCount"": ""96123"", ""maxSwallowSize"": ""14606197"", ""maxThreads"": ""198"", ""minSpareThreads"": ""908"", ""processorCache"": ""236"", ""tcpNoDelay"": ""FALSE"", ""threadPriority"": ""7"", ""threadsMaxIdleTime"": ""279441"", ""useAsyncIO"": ""TRUE"", ""useVirtualThreads"": ""TRUE""}"
tomcat,lf05_hard07,"lambda_f=0.5, hard=0.7",3303,RQ1&2parrel,20,2653.6,22.62,2653.6,10.014127731323242,"[8, 50, 10, False]",0.0,10.01403260231018,0.0,"{""acceptCount"": ""143"", ""allowBackslash"": ""TRUE"", ""compression"": ""force"", ""compressionMinSize"": ""2240"", ""connectionTimeout"": ""599454"", ""connectionUploadTimeout"": ""298724"", ""disableUploadTimeout"": ""TRUE"", ""executorTerminationTimeoutMillis"": ""186962"", ""keepAliveTimeout"": ""266748"", ""maxConnections"": ""9578"", ""maxHeaderCount"": ""974"", ""maxHttpHeaderSize"": ""26573"", ""maxHttpRequestHeaderSize"": ""65060"", ""maxHttpResponseHeaderSize"": ""64863"", ""maxKeepAliveRequests"": ""1280"", ""maxParameterCount"": ""16061"", ""maxSwallowSize"": ""3541746"", ""maxThreads"": ""334"", ""minSpareThreads"": ""124"", ""processorCache"": ""323"", ""tcpNoDelay"": ""TRUE"", ""threadPriority"": ""9"", ""threadsMaxIdleTime"": ""462763"", ""useAsyncIO"": ""FALSE"", ""useVirtualThreads"": ""FALSE""}"
tomcat,lf05_hard07,"lambda_f=0.5, hard=0.7",3303,RQ1&2parrel,21,2440.86,20.59,2440.86,10.10661268234253,"[8, 50, 10, False]",0.0,10.106525659561157,0.0,"{""acceptCount"": ""452"", ""allowBackslash"": ""TRUE"", ""compression"": ""off"", ""compressionMinSize"": ""3792"", ""connectionTimeout"": ""473489"", ""connectionUploadTimeout"": ""557717"", ""disableUploadTimeout"": ""TRUE"", ""executorTerminationTimeoutMillis"": ""451291"", ""keepAliveTimeout"": ""169585"", ""maxConnections"": ""17185"", ""maxHeaderCount"": ""55"", ""maxHttpHeaderSize"": ""32602"", ""maxHttpRequestHeaderSize"": ""35348"", ""maxHttpResponseHeaderSize"": ""58698"", ""maxKeepAliveRequests"": ""3787"", ""maxParameterCount"": ""90872"", ""maxSwallowSize"": ""18662888"", ""maxThreads"": ""17"", ""minSpareThreads"": ""109"", ""processorCache"": ""161"", ""tcpNoDelay"": ""TRUE"", ""threadPriority"": ""6"", ""threadsMaxIdleTime"": ""108449"", ""useAsyncIO"": ""TRUE"", ""useVirtualThreads"": ""TRUE""}"
tomcat,lf05_hard07,"lambda_f=0.5, hard=0.7",3303,RQ1&2parrel,22,2359.59,25.37,2359.59,10.018909931182861,"[8, 50, 10, False]",0.0,10.018822431564331,0.0,"{""acceptCount"": ""764"", ""allowBackslash"": ""FALSE"", ""compression"": ""off"", ""compressionMinSize"": ""6399"", ""connectionTimeout"": ""432828"", ""connectionUploadTimeout"": ""392278"", ""disableUploadTimeout"": ""FALSE"", ""executorTerminationTimeoutMillis"": ""257533"", ""keepAliveTimeout"": ""259220"", ""maxConnections"": ""3120"", ""maxHeaderCount"": ""31"", ""maxHttpHeaderSize"": ""27710"", ""maxHttpRequestHeaderSize"": ""55987"", ""maxHttpResponseHeaderSize"": ""42012"", ""maxKeepAliveRequests"": ""4324"", ""maxParameterCount"": ""21340"", ""maxSwallowSize"": ""10047400"", ""maxThreads"": ""254"", ""minSpareThreads"": ""924"", ""processorCache"": ""99"", ""tcpNoDelay"": ""FALSE"", ""threadPriority"": ""10"", ""threadsMaxIdleTime"": ""365745"", ""useAsyncIO"": ""FALSE"", ""useVirtualThreads"": ""FALSE""}"
tomcat,lf05_hard07,"lambda_f=0.5, hard=0.7",3303,RQ1&2parrel,23,2211.24,23.75,2211.24,10.018186807632446,"[8, 50, 10, False]",0.0,10.017606496810913,0.0,"{""acceptCount"": ""941"", ""allowBackslash"": ""TRUE"", ""compression"": ""force"", ""compressionMinSize"": ""2421"", ""connectionTimeout"": ""501443"", ""connectionUploadTimeout"": ""223678"", ""disableUploadTimeout"": ""TRUE"", ""executorTerminationTimeoutMillis"": ""97280"", ""keepAliveTimeout"": ""418858"", ""maxConnections"": ""91"", ""maxHeaderCount"": ""590"", ""maxHttpHeaderSize"": ""2685"", ""maxHttpRequestHeaderSize"": ""43239"", ""maxHttpResponseHeaderSize"": ""62197"", ""maxKeepAliveRequests"": ""1473"", ""maxParameterCount"": ""98110"", ""maxSwallowSize"": ""12126510"", ""maxThreads"": ""143"", ""minSpareThreads"": ""441"", ""processorCache"": ""85"", ""tcpNoDelay"": ""FALSE"", ""threadPriority"": ""5"", ""threadsMaxIdleTime"": ""536017"", ""useAsyncIO"": ""FALSE"", ""useVirtualThreads"": ""TRUE""}"
tomcat,lf05_hard07,"lambda_f=0.5, hard=0.7",3303,RQ1&2parrel,24,2188.12,23.67,2188.12,10.019834995269775,"[8, 50, 10, False]",0.0,10.01974606513977,0.0,"{""acceptCount"": ""72"", ""allowBackslash"": ""FALSE"", ""compression"": ""force"", ""compressionMinSize"": ""5010"", ""connectionTimeout"": ""248261"", ""connectionUploadTimeout"": ""83635"", ""disableUploadTimeout"": ""TRUE"", ""executorTerminationTimeoutMillis"": ""195585"", ""keepAliveTimeout"": ""142889"", ""maxConnections"": ""3319"", ""maxHeaderCount"": ""721"", ""maxHttpHeaderSize"": ""9809"", ""maxHttpRequestHeaderSize"": ""23593"", ""maxHttpResponseHeaderSize"": ""60739"", ""maxKeepAliveRequests"": ""4877"", ""maxParameterCount"": ""95087"", ""maxSwallowSize"": ""5410480"", ""maxThreads"": ""303"", ""minSpareThreads"": ""750"", ""processorCache"": ""150"", ""tcpNoDelay"": ""TRUE"", ""threadPriority"": ""3"", ""threadsMaxIdleTime"": ""282851"", ""useAsyncIO"": ""TRUE"", ""useVirtualThreads"": ""TRUE""}"
tomcat,lf05_hard07,"lambda_f=0.5, hard=0.7",3303,RQ1&2parrel,25,2309.02,25.13,2309.02,10.024719715118408,"[8, 50, 10, False]",0.0,10.02463150024414,0.0,"{""acceptCount"": ""995"", ""allowBackslash"": ""TRUE"", ""compression"": ""off"", ""compressionMinSize"": ""1643"", ""connectionTimeout"": ""175943"", ""connectionUploadTimeout"": ""417790"", ""disableUploadTimeout"": ""FALSE"", ""executorTerminationTimeoutMillis"": ""495639"", ""keepAliveTimeout"": ""449965"", ""maxConnections"": ""19046"", ""maxHeaderCount"": ""422"", ""maxHttpHeaderSize"": ""31172"", ""maxHttpRequestHeaderSize"": ""58238"", ""maxHttpResponseHeaderSize"": ""53855"", ""maxKeepAliveRequests"": ""4947"", ""maxParameterCount"": ""5843"", ""maxSwallowSize"": ""17159616"", ""maxThreads"": ""258"", ""minSpareThreads"": ""599"", ""processorCache"": ""230"", ""tcpNoDelay"": ""TRUE"", ""threadPriority"": ""9"", ""threadsMaxIdleTime"": ""11802"", ""useAsyncIO"": ""TRUE"", ""useVirtualThreads"": ""FALSE""}"
tomcat,lf05_hard07,"lambda_f=0.5, hard=0.7",3303,RQ1&2parrel,26,2165.56,24.11,2165.56,10.023563623428345,"[8, 50, 10, False]",0.0,10.023473739624023,0.0,"{""acceptCount"": ""309"", ""allowBackslash"": ""FALSE"", ""compression"": ""off"", ""compressionMinSize"": ""9288"", ""connectionTimeout"": ""135278"", ""connectionUploadTimeout"": ""583512"", ""disableUploadTimeout"": ""TRUE"", ""executorTerminationTimeoutMillis"": ""295500"", ""keepAliveTimeout"": ""359167"", ""maxConnections"": ""1239"", ""maxHeaderCount"": ""383"", ""maxHttpHeaderSize"": ""28441"", ""maxHttpRequestHeaderSize"": ""45226"", ""maxHttpResponseHeaderSize"": ""38219"", ""maxKeepAliveRequests"": ""4410"", ""maxParameterCount"": ""81368"", ""maxSwallowSize"": ""5898364"", ""maxThreads"": ""26"", ""minSpareThreads"": ""433"", ""processorCache"": ""317"", ""tcpNoDelay"": ""FALSE"", ""threadPriority"": ""6"", ""threadsMaxIdleTime"": ""429505"", ""useAsyncIO"": ""FALSE"", ""useVirtualThreads"": ""TRUE""}"
tomcat,lf05_hard07,"lambda_f=0.5, hard=0.7",3303,RQ1&2parrel,27,2145.33,24.18,2145.33,10.026586055755615,"[8, 50, 10, False]",0.0,10.026497602462769,0.0,"{""acceptCount"": ""186"", ""allowBackslash"": ""TRUE"", ""compression"": ""force"", ""compressionMinSize"": ""8151"", ""connectionTimeout"": ""361682"", ""connectionUploadTimeout"": ""128021"", ""disableUploadTimeout"": ""TRUE"", ""executorTerminationTimeoutMillis"": ""557626"", ""keepAliveTimeout"": ""556812"", ""maxConnections"": ""19871"", ""maxHeaderCount"": ""831"", ""maxHttpHeaderSize"": ""14538"", ""maxHttpRequestHeaderSize"": ""25899"", ""maxHttpResponseHeaderSize"": ""40262"", ""maxKeepAliveRequests"": ""4249"", ""maxParameterCount"": ""79592"", ""maxSwallowSize"": ""19157176"", ""maxThreads"": ""312"", ""minSpareThreads"": ""793"", ""processorCache"": ""381"", ""tcpNoDelay"": ""FALSE"", ""threadPriority"": ""3"", ""threadsMaxIdleTime"": ""528909"", ""useAsyncIO"": ""FALSE"", ""useVirtualThreads"": ""TRUE""}"
tomcat,lf05_hard07,"lambda_f=0.5, hard=0.7",3303,RQ1&2parrel,28,2100.56,24.82,2100.56,10.041454792022705,"[8, 50, 10, False]",0.0,10.041337728500366,0.0,"{""acceptCount"": ""895"", ""allowBackslash"": ""TRUE"", ""compression"": ""force"", ""compressionMinSize"": ""3888"", ""connectionTimeout"": ""404105"", ""connectionUploadTimeout"": ""37726"", ""disableUploadTimeout"": ""TRUE"", ""executorTerminationTimeoutMillis"": ""8106"", ""keepAliveTimeout"": ""345675"", ""maxConnections"": ""11088"", ""maxHeaderCount"": ""499"", ""maxHttpHeaderSize"": ""26279"", ""maxHttpRequestHeaderSize"": ""53960"", ""maxHttpResponseHeaderSize"": ""27215"", ""maxKeepAliveRequests"": ""2688"", ""maxParameterCount"": ""74987"", ""maxSwallowSize"": ""14222148"", ""maxThreads"": ""230"", ""minSpareThreads"": ""350"", ""processorCache"": ""397"", ""tcpNoDelay"": ""FALSE"", ""threadPriority"": ""2"", ""threadsMaxIdleTime"": ""447138"", ""useAsyncIO"": ""TRUE"", ""useVirtualThreads"": ""TRUE""}"
tomcat,lf05_hard07,"lambda_f=0.5, hard=0.7",3303,RQ1&2parrel,29,2000.54,25.72,2000.54,10.036703824996948,"[8, 50, 10, False]",0.0,10.036578178405762,0.0,"{""acceptCount"": ""784"", ""allowBackslash"": ""FALSE"", ""compression"": ""off"", ""compressionMinSize"": ""3993"", ""connectionTimeout"": ""518493"", ""connectionUploadTimeout"": ""558594"", ""disableUploadTimeout"": ""FALSE"", ""executorTerminationTimeoutMillis"": ""487053"", ""keepAliveTimeout"": ""569197"", ""maxConnections"": ""12746"", ""maxHeaderCount"": ""164"", ""maxHttpHeaderSize"": ""15426"", ""maxHttpRequestHeaderSize"": ""18731"", ""maxHttpResponseHeaderSize"": ""49857"", ""maxKeepAliveRequests"": ""1360"", ""maxParameterCount"": ""83306"", ""maxSwallowSize"": ""15096313"", ""maxThreads"": ""276"", ""minSpareThreads"": ""224"", ""processorCache"": ""3"", ""tcpNoDelay"": ""TRUE"", ""threadPriority"": ""2"", ""threadsMaxIdleTime"": ""433208"", ""useAsyncIO"": ""FALSE"", ""useVirtualThreads"": ""TRUE""}"
tomcat,lf05_hard07,"lambda_f=0.5, hard=0.7",3303,RQ1&2parrel,30,2030.72,25.43,2030.72,10.029592514038086,"[8, 50, 10, False]",0.0,10.029494762420654,0.0,"{""acceptCount"": ""171"", ""allowBackslash"": ""TRUE"", ""compression"": ""on"", ""compressionMinSize"": ""1383"", ""connectionTimeout"": ""227704"", ""connectionUploadTimeout"": ""343128"", ""disableUploadTimeout"": ""FALSE"", ""executorTerminationTimeoutMillis"": ""424783"", ""keepAliveTimeout"": ""292038"", ""maxConnections"": ""10663"", ""maxHeaderCount"": ""22"", ""maxHttpHeaderSize"": ""6262"", ""maxHttpRequestHeaderSize"": ""46569"", ""maxHttpResponseHeaderSize"": ""56776"", ""maxKeepAliveRequests"": ""4832"", ""maxParameterCount"": ""86527"", ""maxSwallowSize"": ""9035323"", ""maxThreads"": ""68"", ""minSpareThreads"": ""963"", ""processorCache"": ""168"", ""tcpNoDelay"": ""FALSE"", ""threadPriority"": ""3"", ""threadsMaxIdleTime"": ""86209"", ""useAsyncIO"": ""TRUE"", ""useVirtualThreads"": ""TRUE""}"
tomcat,lf05_hard07,"lambda_f=0.5, hard=0.7",3303,RQ1&2parrel,31,2240.96,27.34,2240.96,10.069959878921509,"[8, 50, 10, False]",0.0,10.069849729537964,0.0,"{""acceptCount"": ""864"", ""allowBackslash"": ""TRUE"", ""compression"": ""force"", ""compressionMinSize"": ""7098"", ""connectionTimeout"": ""165857"", ""connectionUploadTimeout"": ""502028"", ""disableUploadTimeout"": ""FALSE"", ""executorTerminationTimeoutMillis"": ""489330"", ""keepAliveTimeout"": ""334477"", ""maxConnections"": ""8655"", ""maxHeaderCount"": ""582"", ""maxHttpHeaderSize"": ""15057"", ""maxHttpRequestHeaderSize"": ""56149"", ""maxHttpResponseHeaderSize"": ""16227"", ""maxKeepAliveRequests"": ""3240"", ""maxParameterCount"": ""58383"", ""maxSwallowSize"": ""10593380"", ""maxThreads"": ""189"", ""minSpareThreads"": ""293"", ""processorCache"": ""242"", ""tcpNoDelay"": ""FALSE"", ""threadPriority"": ""10"", ""threadsMaxIdleTime"": ""199129"", ""useAsyncIO"": ""TRUE"", ""useVirtualThreads"": ""FALSE""}"
tomcat,lf05_hard07,"lambda_f=0.5, hard=0.7",3303,RQ1&2parrel,32,2051.59,25.25,2051.59,10.07457685470581,"[8, 50, 10, False]",0.0,10.074482679367065,0.0,"{""acceptCount"": ""527"", ""allowBackslash"": ""TRUE"", ""compression"": ""force"", ""compressionMinSize"": ""9123"", ""connectionTimeout"": ""177278"", ""connectionUploadTimeout"": ""558982"", ""disableUploadTimeout"": ""FALSE"", ""executorTerminationTimeoutMillis"": ""175483"", ""keepAliveTimeout"": ""367625"", ""maxConnections"": ""14005"", ""maxHeaderCount"": ""847"", ""maxHttpHeaderSize"": ""25409"", ""maxHttpRequestHeaderSize"": ""64722"", ""maxHttpResponseHeaderSize"": ""48502"", ""maxKeepAliveRequests"": ""4095"", ""maxParameterCount"": ""91352"", ""maxSwallowSize"": ""15393228"", ""maxThreads"": ""340"", ""minSpareThreads"": ""673"", ""processorCache"": ""39"", ""tcpNoDelay"": ""TRUE"", ""threadPriority"": ""5"", ""threadsMaxIdleTime"": ""525719"", ""useAsyncIO"": ""FALSE"", ""useVirtualThreads"": ""TRUE""}"
tomcat,lf05_hard07,"lambda_f=0.5, hard=0.7",3303,RQ1&2parrel,33,2285.65,24.6,2285.65,10.042152881622314,"[8, 50, 10, False]",0.0,10.042055606842041,0.0,"{""acceptCount"": ""981"", ""allowBackslash"": ""TRUE"", ""compression"": ""off"", ""compressionMinSize"": ""6463"", ""connectionTimeout"": ""160681"", ""connectionUploadTimeout"": ""266662"", ""disableUploadTimeout"": ""TRUE"", ""executorTerminationTimeoutMillis"": ""38328"", ""keepAliveTimeout"": ""599169"", ""maxConnections"": ""10678"", ""maxHeaderCount"": ""923"", ""maxHttpHeaderSize"": ""4226"", ""maxHttpRequestHeaderSize"": ""44358"", ""maxHttpResponseHeaderSize"": ""34497"", ""maxKeepAliveRequests"": ""3154"", ""maxParameterCount"": ""1187"", ""maxSwallowSize"": ""2865173"", ""maxThreads"": ""281"", ""minSpareThreads"": ""1000"", ""processorCache"": ""104"", ""tcpNoDelay"": ""FALSE"", ""threadPriority"": ""9"", ""threadsMaxIdleTime"": ""538641"", ""useAsyncIO"": ""TRUE"", ""useVirtualThreads"": ""FALSE""}"
tomcat,lf05_hard07,"lambda_f=0.5, hard=0.7",3303,RQ1&2parrel,34,2185.11,23.2,2185.11,10.028480291366577,"[8, 50, 10, False]",0.0,10.028382539749146,0.0,"{""acceptCount"": ""423"", ""allowBackslash"": ""TRUE"", ""compression"": ""force"", ""compressionMinSize"": ""5632"", ""connectionTimeout"": ""486443"", ""connectionUploadTimeout"": ""379672"", ""disableUploadTimeout"": ""FALSE"", ""executorTerminationTimeoutMillis"": ""560105"", ""keepAliveTimeout"": ""420826"", ""maxConnections"": ""4395"", ""maxHeaderCount"": ""803"", ""maxHttpHeaderSize"": ""40542"", ""maxHttpRequestHeaderSize"": ""53256"", ""maxHttpResponseHeaderSize"": ""55668"", ""maxKeepAliveRequests"": ""4467"", ""maxParameterCount"": ""43978"", ""maxSwallowSize"": ""1228282"", ""maxThreads"": ""236"", ""minSpareThreads"": ""823"", ""processorCache"": ""45"", ""tcpNoDelay"": ""FALSE"", ""threadPriority"": ""10"", ""threadsMaxIdleTime"": ""343561"", ""useAsyncIO"": ""FALSE"", ""useVirtualThreads"": ""TRUE""}"
tomcat,lf05_hard07,"lambda_f=0.5, hard=0.7",3303,RQ1&2parrel,35,2061.09,24.55,2061.09,10.037784814834595,"[8, 50, 10, False]",0.0,10.037684202194214,0.0,"{""acceptCount"": ""86"", ""allowBackslash"": ""TRUE"", ""compression"": ""off"", ""compressionMinSize"": ""4796"", ""connectionTimeout"": ""187472"", ""connectionUploadTimeout"": ""223552"", ""disableUploadTimeout"": ""TRUE"", ""executorTerminationTimeoutMillis"": ""461436"", ""keepAliveTimeout"": ""205438"", ""maxConnections"": ""1135"", ""maxHeaderCount"": ""528"", ""maxHttpHeaderSize"": ""1895"", ""maxHttpRequestHeaderSize"": ""27005"", ""maxHttpResponseHeaderSize"": ""56964"", ""maxKeepAliveRequests"": ""2613"", ""maxParameterCount"": ""14039"", ""maxSwallowSize"": ""4023271"", ""maxThreads"": ""178"", ""minSpareThreads"": ""202"", ""processorCache"": ""108"", ""tcpNoDelay"": ""TRUE"", ""threadPriority"": ""3"", ""threadsMaxIdleTime"": ""213391"", ""useAsyncIO"": ""TRUE"", ""useVirtualThreads"": ""TRUE""}"
tomcat,lf05_hard07,"lambda_f=0.5, hard=0.7",3303,RQ1&2parrel,36,2188.34,22.95,2188.34,10.024606943130493,"[8, 50, 10, False]",0.0,10.024493932723999,0.0,"{""acceptCount"": ""351"", ""allowBackslash"": ""FALSE"", ""compression"": ""force"", ""compressionMinSize"": ""6442"", ""connectionTimeout"": ""510232"", ""connectionUploadTimeout"": ""215309"", ""disableUploadTimeout"": ""FALSE"", ""executorTerminationTimeoutMillis"": ""491041"", ""keepAliveTimeout"": ""562009"", ""maxConnections"": ""10563"", ""maxHeaderCount"": ""165"", ""maxHttpHeaderSize"": ""1356"", ""maxHttpRequestHeaderSize"": ""26527"", ""maxHttpResponseHeaderSize"": ""20297"", ""maxKeepAliveRequests"": ""3947"", ""maxParameterCount"": ""86564"", ""maxSwallowSize"": ""18343451"", ""maxThreads"": ""149"", ""minSpareThreads"": ""709"", ""processorCache"": ""196"", ""tcpNoDelay"": ""TRUE"", ""threadPriority"": ""2"", ""threadsMaxIdleTime"": ""426872"", ""useAsyncIO"": ""FALSE"", ""useVirtualThreads"": ""TRUE""}"
tomcat,lf05_hard07,"lambda_f=0.5, hard=0.7",3303,RQ1&2parrel,37,2171.88,29.6,2171.88,10.057839632034302,"[8, 50, 10, False]",0.0,10.057751655578613,0.0,"{""acceptCount"": ""37"", ""allowBackslash"": ""TRUE"", ""compression"": ""off"", ""compressionMinSize"": ""5752"", ""connectionTimeout"": ""235472"", ""connectionUploadTimeout"": ""71333"", ""disableUploadTimeout"": ""TRUE"", ""executorTerminationTimeoutMillis"": ""301325"", ""keepAliveTimeout"": ""218209"", ""maxConnections"": ""7984"", ""maxHeaderCount"": ""156"", ""maxHttpHeaderSize"": ""11105"", ""maxHttpRequestHeaderSize"": ""52078"", ""maxHttpResponseHeaderSize"": ""13866"", ""maxKeepAliveRequests"": ""1853"", ""maxParameterCount"": ""41840"", ""maxSwallowSize"": ""7267397"", ""maxThreads"": ""81"", ""minSpareThreads"": ""419"", ""processorCache"": ""182"", ""tcpNoDelay"": ""TRUE"", ""threadPriority"": ""1"", ""threadsMaxIdleTime"": ""85910"", ""useAsyncIO"": ""FALSE"", ""useVirtualThreads"": ""FALSE""}"
tomcat,lf05_hard07,"lambda_f=0.5, hard=0.7",3303,RQ1&2parrel,38,2116.23,24.23,2116.23,10.063706398010254,"[8, 50, 10, False]",0.0,10.063574075698853,0.0,"{""acceptCount"": ""921"", ""allowBackslash"": ""FALSE"", ""compression"": ""force"", ""compressionMinSize"": ""8036"", ""connectionTimeout"": ""528396"", ""connectionUploadTimeout"": ""435303"", ""disableUploadTimeout"": ""TRUE"", ""executorTerminationTimeoutMillis"": ""276681"", ""keepAliveTimeout"": ""53716"", ""maxConnections"": ""696"", ""maxHeaderCount"": ""604"", ""maxHttpHeaderSize"": ""35024"", ""maxHttpRequestHeaderSize"": ""50103"", ""maxHttpResponseHeaderSize"": ""46929"", ""maxKeepAliveRequests"": ""4099"", ""maxParameterCount"": ""6260"", ""maxSwallowSize"": ""4714143"", ""maxThreads"": ""168"", ""minSpareThreads"": ""373"", ""processorCache"": ""58"", ""tcpNoDelay"": ""TRUE"", ""threadPriority"": ""7"", ""threadsMaxIdleTime"": ""87645"", ""useAsyncIO"": ""TRUE"", ""useVirtualThreads"": ""TRUE""}"
tomcat,lf05_hard07,"lambda_f=0.5, hard=0.7",3303,RQ1&2parrel,39,2142.11,23.84,2142.11,10.085519313812256,"[8, 50, 10, False]",0.0,10.085390329360962,0.0,"{""acceptCount"": ""534"", ""allowBackslash"": ""FALSE"", ""compression"": ""off"", ""compressionMinSize"": ""95"", ""connectionTimeout"": ""52054"", ""connectionUploadTimeout"": ""589835"", ""disableUploadTimeout"": ""TRUE"", ""executorTerminationTimeoutMillis"": ""90399"", ""keepAliveTimeout"": ""186127"", ""maxConnections"": ""13060"", ""maxHeaderCount"": ""137"", ""maxHttpHeaderSize"": ""16690"", ""maxHttpRequestHeaderSize"": ""60183"", ""maxHttpResponseHeaderSize"": ""39400"", ""maxKeepAliveRequests"": ""1370"", ""maxParameterCount"": ""94146"", ""maxSwallowSize"": ""12883649"", ""maxThreads"": ""236"", ""minSpareThreads"": ""676"", ""processorCache"": ""195"", ""tcpNoDelay"": ""TRUE"", ""threadPriority"": ""4"", ""threadsMaxIdleTime"": ""563944"", ""useAsyncIO"": ""TRUE"", ""useVirtualThreads"": ""TRUE""}"
tomcat,lf05_hard07,"lambda_f=0.5, hard=0.7",3303,RQ1&2parrel,40,2132.11,24.29,2132.11,10.076040506362915,"[8, 50, 10, False]",0.0,10.075944900512695,0.0,"{""acceptCount"": ""943"", ""allowBackslash"": ""TRUE"", ""compression"": ""off"", ""compressionMinSize"": ""745"", ""connectionTimeout"": ""138760"", ""connectionUploadTimeout"": ""434263"", ""disableUploadTimeout"": ""TRUE"", ""executorTerminationTimeoutMillis"": ""230150"", ""keepAliveTimeout"": ""110729"", ""maxConnections"": ""8120"", ""maxHeaderCount"": ""117"", ""maxHttpHeaderSize"": ""3012"", ""maxHttpRequestHeaderSize"": ""2231"", ""maxHttpResponseHeaderSize"": ""65205"", ""maxKeepAliveRequests"": ""2458"", ""maxParameterCount"": ""16621"", ""maxSwallowSize"": ""9763666"", ""maxThreads"": ""42"", ""minSpareThreads"": ""644"", ""processorCache"": ""99"", ""tcpNoDelay"": ""TRUE"", ""threadPriority"": ""7"", ""threadsMaxIdleTime"": ""516363"", ""useAsyncIO"": ""FALSE"", ""useVirtualThreads"": ""TRUE""}"
tomcat,lf05_hard07,"lambda_f=0.5, hard=0.7",3303,RQ1&2parrel,41,2094.21,24.43,2094.21,10.069632530212402,"[8, 50, 10, False]",0.0,10.069525480270386,0.0,"{""acceptCount"": ""150"", ""allowBackslash"": ""FALSE"", ""compression"": ""force"", ""compressionMinSize"": ""7211"", ""connectionTimeout"": ""549989"", ""connectionUploadTimeout"": ""214887"", ""disableUploadTimeout"": ""TRUE"", ""executorTerminationTimeoutMillis"": ""333983"", ""keepAliveTimeout"": ""210504"", ""maxConnections"": ""15058"", ""maxHeaderCount"": ""63"", ""maxHttpHeaderSize"": ""44612"", ""maxHttpRequestHeaderSize"": ""56605"", ""maxHttpResponseHeaderSize"": ""52324"", ""maxKeepAliveRequests"": ""45"", ""maxParameterCount"": ""92666"", ""maxSwallowSize"": ""4374854"", ""maxThreads"": ""296"", ""minSpareThreads"": ""519"", ""processorCache"": ""381"", ""tcpNoDelay"": ""TRUE"", ""threadPriority"": ""6"", ""threadsMaxIdleTime"": ""521041"", ""useAsyncIO"": ""TRUE"", ""useVirtualThreads"": ""TRUE""}"
tomcat,lf05_hard07,"lambda_f=0.5, hard=0.7",3303,RQ1&2parrel,42,2100.72,23.91,2100.72,10.03868842124939,"[8, 50, 10, False]",0.0,10.038597822189331,0.0,"{""acceptCount"": ""887"", ""allowBackslash"": ""FALSE"", ""compression"": ""force"", ""compressionMinSize"": ""4829"", ""connectionTimeout"": ""215533"", ""connectionUploadTimeout"": ""511815"", ""disableUploadTimeout"": ""TRUE"", ""executorTerminationTimeoutMillis"": ""142286"", ""keepAliveTimeout"": ""253517"", ""maxConnections"": ""13294"", ""maxHeaderCount"": ""262"", ""maxHttpHeaderSize"": ""20896"", ""maxHttpRequestHeaderSize"": ""34851"", ""maxHttpResponseHeaderSize"": ""55525"", ""maxKeepAliveRequests"": ""3032"", ""maxParameterCount"": ""32706"", ""maxSwallowSize"": ""2786794"", ""maxThreads"": ""132"", ""minSpareThreads"": ""793"", ""processorCache"": ""331"", ""tcpNoDelay"": ""FALSE"", ""threadPriority"": ""9"", ""threadsMaxIdleTime"": ""381811"", ""useAsyncIO"": ""TRUE"", ""useVirtualThreads"": ""TRUE""}"
tomcat,lf05_hard07,"lambda_f=0.5, hard=0.7",3303,RQ1&2parrel,43,2475.14,24.62,2475.14,10.039891481399536,"[8, 50, 10, False]",0.0,10.039659023284912,0.0,"{""acceptCount"": ""244"", ""allowBackslash"": ""TRUE"", ""compression"": ""force"", ""compressionMinSize"": ""2240"", ""connectionTimeout"": ""599355"", ""connectionUploadTimeout"": ""301409"", ""disableUploadTimeout"": ""TRUE"", ""executorTerminationTimeoutMillis"": ""186962"", ""keepAliveTimeout"": ""266748"", ""maxConnections"": ""9578"", ""maxHeaderCount"": ""910"", ""maxHttpHeaderSize"": ""26573"", ""maxHttpRequestHeaderSize"": ""65060"", ""maxHttpResponseHeaderSize"": ""64863"", ""maxKeepAliveRequests"": ""1285"", ""maxParameterCount"": ""16061"", ""maxSwallowSize"": ""3541746"", ""maxThreads"": ""334"", ""minSpareThreads"": ""124"", ""processorCache"": ""352"", ""tcpNoDelay"": ""TRUE"", ""threadPriority"": ""9"", ""threadsMaxIdleTime"": ""462763"", ""useAsyncIO"": ""FALSE"", ""useVirtualThreads"": ""FALSE""}"
tomcat,lf05_hard07,"lambda_f=0.5, hard=0.7",3303,RQ1&2parrel,44,2296.6,25.64,2296.6,10.041887998580933,"[8, 50, 10, False]",0.0,10.04179573059082,0.0,"{""acceptCount"": ""22"", ""allowBackslash"": ""TRUE"", ""compression"": ""force"", ""compressionMinSize"": ""2165"", ""connectionTimeout"": ""598155"", ""connectionUploadTimeout"": ""300557"", ""disableUploadTimeout"": ""TRUE"", ""executorTerminationTimeoutMillis"": ""169073"", ""keepAliveTimeout"": ""367220"", ""maxConnections"": ""9550"", ""maxHeaderCount"": ""955"", ""maxHttpHeaderSize"": ""26760"", ""maxHttpRequestHeaderSize"": ""64515"", ""maxHttpResponseHeaderSize"": ""62836"", ""maxKeepAliveRequests"": ""1299"", ""maxParameterCount"": ""16333"", ""maxSwallowSize"": ""3541743"", ""maxThreads"": ""333"", ""minSpareThreads"": ""109"", ""processorCache"": ""323"", ""tcpNoDelay"": ""TRUE"", ""threadPriority"": ""9"", ""threadsMaxIdleTime"": ""462725"", ""useAsyncIO"": ""FALSE"", ""useVirtualThreads"": ""FALSE""}"
tomcat,lf05_hard07,"lambda_f=0.5, hard=0.7",3303,RQ1&2parrel,45,2247.41,22.32,2247.41,10.033821105957031,"[8, 50, 10, False]",0.0,10.033727884292603,0.0,"{""acceptCount"": ""163"", ""allowBackslash"": ""FALSE"", ""compression"": ""force"", ""compressionMinSize"": ""8415"", ""connectionTimeout"": ""257370"", ""connectionUploadTimeout"": ""533798"", ""disableUploadTimeout"": ""TRUE"", ""executorTerminationTimeoutMillis"": ""492588"", ""keepAliveTimeout"": ""43986"", ""maxConnections"": ""16998"", ""maxHeaderCount"": ""914"", ""maxHttpHeaderSize"": ""1031"", ""maxHttpRequestHeaderSize"": ""14400"", ""maxHttpResponseHeaderSize"": ""12141"", ""maxKeepAliveRequests"": ""3968"", ""maxParameterCount"": ""15652"", ""maxSwallowSize"": ""8377160"", ""maxThreads"": ""13"", ""minSpareThreads"": ""345"", ""processorCache"": ""347"", ""tcpNoDelay"": ""FALSE"", ""threadPriority"": ""8"", ""threadsMaxIdleTime"": ""594235"", ""useAsyncIO"": ""FALSE"", ""useVirtualThreads"": ""TRUE""}"
tomcat,lf05_hard07,"lambda_f=0.5, hard=0.7",3303,RQ1&2parrel,46,2308.76,28.26,2308.76,10.04515528678894,"[8, 50, 10, False]",0.0,10.0450599193573,0.0,"{""acceptCount"": ""167"", ""allowBackslash"": ""TRUE"", ""compression"": ""force"", ""compressionMinSize"": ""2240"", ""connectionTimeout"": ""599454"", ""connectionUploadTimeout"": ""298724"", ""disableUploadTimeout"": ""TRUE"", ""executorTerminationTimeoutMillis"": ""186962"", ""keepAliveTimeout"": ""266748"", ""maxConnections"": ""9578"", ""maxHeaderCount"": ""974"", ""maxHttpHeaderSize"": ""26573"", ""maxHttpRequestHeaderSize"": ""65060"", ""maxHttpResponseHeaderSize"": ""64863"", ""maxKeepAliveRequests"": ""1280"", ""maxParameterCount"": ""16061"", ""maxSwallowSize"": ""3541746"", ""maxThreads"": ""334"", ""minSpareThreads"": ""124"", ""processorCache"": ""323"", ""tcpNoDelay"": ""TRUE"", ""threadPriority"": ""9"", ""threadsMaxIdleTime"": ""462763"", ""useAsyncIO"": ""TRUE"", ""useVirtualThreads"": ""FALSE""}"
tomcat,lf05_hard07,"lambda_f=0.5, hard=0.7",3303,RQ1&2parrel,47,2217.45,25.76,2217.45,10.034178972244263,"[8, 50, 10, False]",0.0,10.034083604812622,0.0,"{""acceptCount"": ""635"", ""allowBackslash"": ""TRUE"", ""compression"": ""off"", ""compressionMinSize"": ""1533"", ""connectionTimeout"": ""79606"", ""connectionUploadTimeout"": ""350558"", ""disableUploadTimeout"": ""TRUE"", ""executorTerminationTimeoutMillis"": ""245422"", ""keepAliveTimeout"": ""382536"", ""maxConnections"": ""4568"", ""maxHeaderCount"": ""269"", ""maxHttpHeaderSize"": ""22067"", ""maxHttpRequestHeaderSize"": ""46665"", ""maxHttpResponseHeaderSize"": ""53276"", ""maxKeepAliveRequests"": ""474"", ""maxParameterCount"": ""19059"", ""maxSwallowSize"": ""10583383"", ""maxThreads"": ""337"", ""minSpareThreads"": ""195"", ""processorCache"": ""189"", ""tcpNoDelay"": ""TRUE"", ""threadPriority"": ""7"", ""threadsMaxIdleTime"": ""8196"", ""useAsyncIO"": ""FALSE"", ""useVirtualThreads"": ""FALSE""}"
tomcat,lf05_hard07,"lambda_f=0.5, hard=0.7",3303,RQ1&2parrel,48,2206.76,22.68,2206.76,10.031373739242554,"[8, 50, 10, False]",0.0,10.031278133392334,0.0,"{""acceptCount"": ""826"", ""allowBackslash"": ""TRUE"", ""compression"": ""force"", ""compressionMinSize"": ""2072"", ""connectionTimeout"": ""289797"", ""connectionUploadTimeout"": ""320379"", ""disableUploadTimeout"": ""FALSE"", ""executorTerminationTimeoutMillis"": ""394028"", ""keepAliveTimeout"": ""396662"", ""maxConnections"": ""15941"", ""maxHeaderCount"": ""823"", ""maxHttpHeaderSize"": ""22781"", ""maxHttpRequestHeaderSize"": ""61506"", ""maxHttpResponseHeaderSize"": ""56598"", ""maxKeepAliveRequests"": ""1334"", ""maxParameterCount"": ""5569"", ""maxSwallowSize"": ""16907967"", ""maxThreads"": ""180"", ""minSpareThreads"": ""914"", ""processorCache"": ""97"", ""tcpNoDelay"": ""FALSE"", ""threadPriority"": ""9"", ""threadsMaxIdleTime"": ""299948"", ""useAsyncIO"": ""TRUE"", ""useVirtualThreads"": ""TRUE""}"
tomcat,lf05_hard07,"lambda_f=0.5, hard=0.7",3303,RQ1&2parrel,49,2215.36,22.53,2215.36,10.029527187347412,"[8, 50, 10, False]",0.0,10.029435634613037,0.0,"{""acceptCount"": ""701"", ""allowBackslash"": ""TRUE"", ""compression"": ""off"", ""compressionMinSize"": ""222"", ""connectionTimeout"": ""460888"", ""connectionUploadTimeout"": ""432592"", ""disableUploadTimeout"": ""FALSE"", ""executorTerminationTimeoutMillis"": ""142864"", ""keepAliveTimeout"": ""525601"", ""maxConnections"": ""19189"", ""maxHeaderCount"": ""911"", ""maxHttpHeaderSize"": ""21018"", ""maxHttpRequestHeaderSize"": ""59819"", ""maxHttpResponseHeaderSize"": ""61040"", ""maxKeepAliveRequests"": ""3149"", ""maxParameterCount"": ""63195"", ""maxSwallowSize"": ""13416405"", ""maxThreads"": ""219"", ""minSpareThreads"": ""987"", ""processorCache"": ""336"", ""tcpNoDelay"": ""TRUE"", ""threadPriority"": ""5"", ""threadsMaxIdleTime"": ""83439"", ""useAsyncIO"": ""TRUE"", ""useVirtualThreads"": ""TRUE""}"
tomcat,lf05_hard07,"lambda_f=0.5, hard=0.7",3303,RQ1&2parrel,50,2343.39,21.0,2343.39,10.028114795684814,"[8, 50, 10, False]",0.0,10.027987718582153,0.0,"{""acceptCount"": ""877"", ""allowBackslash"": ""FALSE"", ""compression"": ""on"", ""compressionMinSize"": ""2869"", ""connectionTimeout"": ""368866"", ""connectionUploadTimeout"": ""387657"", ""disableUploadTimeout"": ""FALSE"", ""executorTerminationTimeoutMillis"": ""268494"", ""keepAliveTimeout"": ""480394"", ""maxConnections"": ""8119"", ""maxHeaderCount"": ""697"", ""maxHttpHeaderSize"": ""3006"", ""maxHttpRequestHeaderSize"": ""65509"", ""maxHttpResponseHeaderSize"": ""4949"", ""maxKeepAliveRequests"": ""1062"", ""maxParameterCount"": ""82800"", ""maxSwallowSize"": ""19435268"", ""maxThreads"": ""95"", ""minSpareThreads"": ""748"", ""processorCache"": ""235"", ""tcpNoDelay"": ""FALSE"", ""threadPriority"": ""6"", ""threadsMaxIdleTime"": ""458810"", ""useAsyncIO"": ""TRUE"", ""useVirtualThreads"": ""TRUE""}"
tomcat,lf05_hard07,"lambda_f=0.5, hard=0.7",3303,RQ1&2parrel,51,2308.81,21.51,2308.81,10.030398607254028,"[8, 50, 10, False]",0.0,10.030221462249756,0.0,"{""acceptCount"": ""944"", ""allowBackslash"": ""TRUE"", ""compression"": ""force"", ""compressionMinSize"": ""4625"", ""connectionTimeout"": ""495401"", ""connectionUploadTimeout"": ""69825"", ""disableUploadTimeout"": ""FALSE"", ""executorTerminationTimeoutMillis"": ""170029"", ""keepAliveTimeout"": ""561629"", ""maxConnections"": ""12839"", ""maxHeaderCount"": ""939"", ""maxHttpHeaderSize"": ""17182"", ""maxHttpRequestHeaderSize"": ""37586"", ""maxHttpResponseHeaderSize"": ""64434"", ""maxKeepAliveRequests"": ""3929"", ""maxParameterCount"": ""31626"", ""maxSwallowSize"": ""17361205"", ""maxThreads"": ""270"", ""minSpareThreads"": ""344"", ""processorCache"": ""356"", ""tcpNoDelay"": ""TRUE"", ""threadPriority"": ""8"", ""threadsMaxIdleTime"": ""156596"", ""useAsyncIO"": ""FALSE"", ""useVirtualThreads"": ""TRUE""}"
tomcat,lf05_hard07,"lambda_f=0.5, hard=0.7",3303,RQ1&2parrel,52,2340.68,21.25,2340.68,10.032450914382935,"[8, 50, 10, False]",0.0,10.032367467880249,0.0,"{""acceptCount"": ""526"", ""allowBackslash"": ""TRUE"", ""compression"": ""force"", ""compressionMinSize"": ""7122"", ""connectionTimeout"": ""8006"", ""connectionUploadTimeout"": ""414092"", ""disableUploadTimeout"": ""FALSE"", ""executorTerminationTimeoutMillis"": ""580340"", ""keepAliveTimeout"": ""322395"", ""maxConnections"": ""3557"", ""maxHeaderCount"": ""151"", ""maxHttpHeaderSize"": ""11456"", ""maxHttpRequestHeaderSize"": ""33638"", ""maxHttpResponseHeaderSize"": ""37438"", ""maxKeepAliveRequests"": ""2766"", ""maxParameterCount"": ""37061"", ""maxSwallowSize"": ""353195"", ""maxThreads"": ""186"", ""minSpareThreads"": ""326"", ""processorCache"": ""179"", ""tcpNoDelay"": ""FALSE"", ""threadPriority"": ""2"", ""threadsMaxIdleTime"": ""115859"", ""useAsyncIO"": ""FALSE"", ""useVirtualThreads"": ""TRUE""}"
tomcat,lf05_hard07,"lambda_f=0.5, hard=0.7",3303,RQ1&2parrel,53,2339.25,21.23,2339.25,10.032141923904419,"[8, 50, 10, False]",0.0,10.032049179077148,0.0,"{""acceptCount"": ""48"", ""allowBackslash"": ""TRUE"", ""compression"": ""on"", ""compressionMinSize"": ""3878"", ""connectionTimeout"": ""389309"", ""connectionUploadTimeout"": ""229357"", ""disableUploadTimeout"": ""FALSE"", ""executorTerminationTimeoutMillis"": ""197244"", ""keepAliveTimeout"": ""22581"", ""maxConnections"": ""6689"", ""maxHeaderCount"": ""391"", ""maxHttpHeaderSize"": ""35674"", ""maxHttpRequestHeaderSize"": ""59302"", ""maxHttpResponseHeaderSize"": ""59573"", ""maxKeepAliveRequests"": ""1519"", ""maxParameterCount"": ""6837"", ""maxSwallowSize"": ""8526845"", ""maxThreads"": ""46"", ""minSpareThreads"": ""675"", ""processorCache"": ""333"", ""tcpNoDelay"": ""FALSE"", ""threadPriority"": ""7"", ""threadsMaxIdleTime"": ""290865"", ""useAsyncIO"": ""TRUE"", ""useVirtualThreads"": ""TRUE""}"
tomcat,lf05_hard07,"lambda_f=0.5, hard=0.7",3303,RQ1&2parrel,54,2403.97,25.97,2403.97,10.028236865997314,"[8, 50, 10, False]",0.0,10.028155088424683,0.0,"{""acceptCount"": ""160"", ""allowBackslash"": ""TRUE"", ""compression"": ""force"", ""compressionMinSize"": ""2240"", ""connectionTimeout"": ""599454"", ""connectionUploadTimeout"": ""298724"", ""disableUploadTimeout"": ""TRUE"", ""executorTerminationTimeoutMillis"": ""186962"", ""keepAliveTimeout"": ""266190"", ""maxConnections"": ""9578"", ""maxHeaderCount"": ""974"", ""maxHttpHeaderSize"": ""26573"", ""maxHttpRequestHeaderSize"": ""65060"", ""maxHttpResponseHeaderSize"": ""64863"", ""maxKeepAliveRequests"": ""1280"", ""maxParameterCount"": ""16061"", ""maxSwallowSize"": ""3541746"", ""maxThreads"": ""363"", ""minSpareThreads"": ""154"", ""processorCache"": ""296"", ""tcpNoDelay"": ""TRUE"", ""threadPriority"": ""9"", ""threadsMaxIdleTime"": ""462763"", ""useAsyncIO"": ""FALSE"", ""useVirtualThreads"": ""FALSE""}"
tomcat,lf05_hard07,"lambda_f=0.5, hard=0.7",3303,RQ1&2parrel,55,2518.09,23.05,2518.09,10.053303956985474,"[8, 50, 10, False]",0.0,10.053207159042358,0.0,"{""acceptCount"": ""269"", ""allowBackslash"": ""TRUE"", ""compression"": ""on"", ""compressionMinSize"": ""9703"", ""connectionTimeout"": ""586934"", ""connectionUploadTimeout"": ""298724"", ""disableUploadTimeout"": ""FALSE"", ""executorTerminationTimeoutMillis"": ""584657"", ""keepAliveTimeout"": ""266748"", ""maxConnections"": ""19677"", ""maxHeaderCount"": ""996"", ""maxHttpHeaderSize"": ""26573"", ""maxHttpRequestHeaderSize"": ""65060"", ""maxHttpResponseHeaderSize"": ""63746"", ""maxKeepAliveRequests"": ""4103"", ""maxParameterCount"": ""17638"", ""maxSwallowSize"": ""15219758"", ""maxThreads"": ""334"", ""minSpareThreads"": ""124"", ""processorCache"": ""329"", ""tcpNoDelay"": ""FALSE"", ""threadPriority"": ""9"", ""threadsMaxIdleTime"": ""455376"", ""useAsyncIO"": ""FALSE"", ""useVirtualThreads"": ""FALSE""}"
tomcat,lf05_hard07,"lambda_f=0.5, hard=0.7",3303,RQ1&2parrel,56,2305.74,21.54,2305.74,10.041163921356201,"[8, 50, 10, False]",0.0,10.041070699691772,0.0,"{""acceptCount"": ""144"", ""allowBackslash"": ""TRUE"", ""compression"": ""off"", ""compressionMinSize"": ""2240"", ""connectionTimeout"": ""90408"", ""connectionUploadTimeout"": ""299126"", ""disableUploadTimeout"": ""TRUE"", ""executorTerminationTimeoutMillis"": ""588557"", ""keepAliveTimeout"": ""266748"", ""maxConnections"": ""6411"", ""maxHeaderCount"": ""833"", ""maxHttpHeaderSize"": ""26210"", ""maxHttpRequestHeaderSize"": ""64991"", ""maxHttpResponseHeaderSize"": ""65018"", ""maxKeepAliveRequests"": ""1432"", ""maxParameterCount"": ""90554"", ""maxSwallowSize"": ""2330269"", ""maxThreads"": ""336"", ""minSpareThreads"": ""192"", ""processorCache"": ""330"", ""tcpNoDelay"": ""TRUE"", ""threadPriority"": ""9"", ""threadsMaxIdleTime"": ""462763"", ""useAsyncIO"": ""TRUE"", ""useVirtualThreads"": ""TRUE""}"
tomcat,lf05_hard07,"lambda_f=0.5, hard=0.7",3303,RQ1&2parrel,57,2377.36,21.2,2377.36,10.022797346115112,"[8, 50, 10, False]",0.0,10.022706031799316,0.0,"{""acceptCount"": ""314"", ""allowBackslash"": ""TRUE"", ""compression"": ""on"", ""compressionMinSize"": ""2097"", ""connectionTimeout"": ""390169"", ""connectionUploadTimeout"": ""415981"", ""disableUploadTimeout"": ""FALSE"", ""executorTerminationTimeoutMillis"": ""135684"", ""keepAliveTimeout"": ""481834"", ""maxConnections"": ""13399"", ""maxHeaderCount"": ""846"", ""maxHttpHeaderSize"": ""16883"", ""maxHttpRequestHeaderSize"": ""29039"", ""maxHttpResponseHeaderSize"": ""60662"", ""maxKeepAliveRequests"": ""4121"", ""maxParameterCount"": ""80779"", ""maxSwallowSize"": ""12189450"", ""maxThreads"": ""60"", ""minSpareThreads"": ""560"", ""processorCache"": ""184"", ""tcpNoDelay"": ""FALSE"", ""threadPriority"": ""4"", ""threadsMaxIdleTime"": ""307994"", ""useAsyncIO"": ""TRUE"", ""useVirtualThreads"": ""TRUE""}"
tomcat,lf05_hard07,"lambda_f=0.5, hard=0.7",3303,RQ1&2parrel,58,2300.98,21.95,2300.98,10.044130325317383,"[8, 50, 10, False]",0.0,10.044041633605957,0.0,"{""acceptCount"": ""692"", ""allowBackslash"": ""TRUE"", ""compression"": ""force"", ""compressionMinSize"": ""355"", ""connectionTimeout"": ""356557"", ""connectionUploadTimeout"": ""164372"", ""disableUploadTimeout"": ""TRUE"", ""executorTerminationTimeoutMillis"": ""308522"", ""keepAliveTimeout"": ""306844"", ""maxConnections"": ""17461"", ""maxHeaderCount"": ""390"", ""maxHttpHeaderSize"": ""8386"", ""maxHttpRequestHeaderSize"": ""18111"", ""maxHttpResponseHeaderSize"": ""14260"", ""maxKeepAliveRequests"": ""4512"", ""maxParameterCount"": ""10923"", ""maxSwallowSize"": ""16728077"", ""maxThreads"": ""256"", ""minSpareThreads"": ""688"", ""processorCache"": ""94"", ""tcpNoDelay"": ""TRUE"", ""threadPriority"": ""3"", ""threadsMaxIdleTime"": ""43961"", ""useAsyncIO"": ""TRUE"", ""useVirtualThreads"": ""TRUE""}"
tomcat,lf05_hard07,"lambda_f=0.5, hard=0.7",3303,RQ1&2parrel,59,2469.75,20.44,2469.75,10.03124189376831,"[8, 50, 10, False]",0.0,10.031141757965088,0.0,"{""acceptCount"": ""260"", ""allowBackslash"": ""TRUE"", ""compression"": ""force"", ""compressionMinSize"": ""4925"", ""connectionTimeout"": ""105779"", ""connectionUploadTimeout"": ""444062"", ""disableUploadTimeout"": ""FALSE"", ""executorTerminationTimeoutMillis"": ""496982"", ""keepAliveTimeout"": ""28355"", ""maxConnections"": ""913"", ""maxHeaderCount"": ""314"", ""maxHttpHeaderSize"": ""1024"", ""maxHttpRequestHeaderSize"": ""875"", ""maxHttpResponseHeaderSize"": ""10991"", ""maxKeepAliveRequests"": ""807"", ""maxParameterCount"": ""14464"", ""maxSwallowSize"": ""379527"", ""maxThreads"": ""42"", ""minSpareThreads"": ""231"", ""processorCache"": ""341"", ""tcpNoDelay"": ""FALSE"", ""threadPriority"": ""6"", ""threadsMaxIdleTime"": ""86090"", ""useAsyncIO"": ""TRUE"", ""useVirtualThreads"": ""TRUE""}"
tomcat,lf05_hard07,"lambda_f=0.5, hard=0.7",3303,RQ1&2parrel,60,2259.73,22.1,2259.73,10.030284404754639,"[8, 50, 10, False]",0.0,10.030187845230103,0.0,"{""acceptCount"": ""832"", ""allowBackslash"": ""TRUE"", ""compression"": ""force"", ""compressionMinSize"": ""5144"", ""connectionTimeout"": ""310385"", ""connectionUploadTimeout"": ""507750"", ""disableUploadTimeout"": ""FALSE"", ""executorTerminationTimeoutMillis"": ""464107"", ""keepAliveTimeout"": ""15654"", ""maxConnections"": ""15835"", ""maxHeaderCount"": ""390"", ""maxHttpHeaderSize"": ""20490"", ""maxHttpRequestHeaderSize"": ""65321"", ""maxHttpResponseHeaderSize"": ""29725"", ""maxKeepAliveRequests"": ""4263"", ""maxParameterCount"": ""29620"", ""maxSwallowSize"": ""14064673"", ""maxThreads"": ""383"", ""minSpareThreads"": ""674"", ""processorCache"": ""388"", ""tcpNoDelay"": ""TRUE"", ""threadPriority"": ""6"", ""threadsMaxIdleTime"": ""557448"", ""useAsyncIO"": ""TRUE"", ""useVirtualThreads"": ""TRUE""}"
tomcat,lf05_hard07,"lambda_f=0.5, hard=0.7",3303,RQ1&2parrel,61,2405.74,21.06,2405.74,10.040156841278076,"[8, 50, 10, False]",0.0,10.04006814956665,0.0,"{""acceptCount"": ""183"", ""allowBackslash"": ""TRUE"", ""compression"": ""on"", ""compressionMinSize"": ""7546"", ""connectionTimeout"": ""155647"", ""connectionUploadTimeout"": ""293674"", ""disableUploadTimeout"": ""TRUE"", ""executorTerminationTimeoutMillis"": ""372005"", ""keepAliveTimeout"": ""188882"", ""maxConnections"": ""13710"", ""maxHeaderCount"": ""892"", ""maxHttpHeaderSize"": ""24545"", ""maxHttpRequestHeaderSize"": ""40966"", ""maxHttpResponseHeaderSize"": ""62683"", ""maxKeepAliveRequests"": ""2325"", ""maxParameterCount"": ""21969"", ""maxSwallowSize"": ""14813242"", ""maxThreads"": ""369"", ""minSpareThreads"": ""407"", ""processorCache"": ""279"", ""tcpNoDelay"": ""FALSE"", ""threadPriority"": ""10"", ""threadsMaxIdleTime"": ""565213"", ""useAsyncIO"": ""TRUE"", ""useVirtualThreads"": ""TRUE""}"
tomcat,lf05_hard07,"lambda_f=0.5, hard=0.7",3303,RQ1&2parrel,62,2392.76,20.71,2392.76,10.047034740447998,"[8, 50, 10, False]",0.0,10.046943187713623,0.0,"{""acceptCount"": ""823"", ""allowBackslash"": ""TRUE"", ""compression"": ""force"", ""compressionMinSize"": ""3476"", ""connectionTimeout"": ""434909"", ""connectionUploadTimeout"": ""9460"", ""disableUploadTimeout"": ""FALSE"", ""executorTerminationTimeoutMillis"": ""489635"", ""keepAliveTimeout"": ""130005"", ""maxConnections"": ""8858"", ""maxHeaderCount"": ""260"", ""maxHttpHeaderSize"": ""14399"", ""maxHttpRequestHeaderSize"": ""21180"", ""maxHttpResponseHeaderSize"": ""64296"", ""maxKeepAliveRequests"": ""1753"", ""maxParameterCount"": ""86362"", ""maxSwallowSize"": ""18604428"", ""maxThreads"": ""187"", ""minSpareThreads"": ""892"", ""processorCache"": ""58"", ""tcpNoDelay"": ""TRUE"", ""threadPriority"": ""7"", ""threadsMaxIdleTime"": ""172551"", ""useAsyncIO"": ""FALSE"", ""useVirtualThreads"": ""TRUE""}"
tomcat,lf05_hard07,"lambda_f=0.5, hard=0.7",3303,RQ1&2parrel,63,2393.43,20.88,2393.43,10.017711639404297,"[8, 50, 10, False]",0.0,10.017600536346436,0.0,"{""acceptCount"": ""706"", ""allowBackslash"": ""FALSE"", ""compression"": ""off"", ""compressionMinSize"": ""6536"", ""connectionTimeout"": ""92643"", ""connectionUploadTimeout"": ""52898"", ""disableUploadTimeout"": ""FALSE"", ""executorTerminationTimeoutMillis"": ""201519"", ""keepAliveTimeout"": ""267204"", ""maxConnections"": ""4625"", ""maxHeaderCount"": ""839"", ""maxHttpHeaderSize"": ""5698"", ""maxHttpRequestHeaderSize"": ""11895"", ""maxHttpResponseHeaderSize"": ""31762"", ""maxKeepAliveRequests"": ""4423"", ""maxParameterCount"": ""31452"", ""maxSwallowSize"": ""853222"", ""maxThreads"": ""98"", ""minSpareThreads"": ""33"", ""processorCache"": ""302"", ""tcpNoDelay"": ""TRUE"", ""threadPriority"": ""3"", ""threadsMaxIdleTime"": ""438755"", ""useAsyncIO"": ""TRUE"", ""useVirtualThreads"": ""TRUE""}"
tomcat,lf05_hard07,"lambda_f=0.5, hard=0.7",3303,RQ1&2parrel,64,2371.5,21.26,2371.5,10.033676147460938,"[8, 50, 10, False]",0.0,10.03358268737793,0.0,"{""acceptCount"": ""143"", ""allowBackslash"": ""FALSE"", ""compression"": ""on"", ""compressionMinSize"": ""1897"", ""connectionTimeout"": ""599454"", ""connectionUploadTimeout"": ""298899"", ""disableUploadTimeout"": ""TRUE"", ""executorTerminationTimeoutMillis"": ""208449"", ""keepAliveTimeout"": ""293607"", ""maxConnections"": ""9578"", ""maxHeaderCount"": ""974"", ""maxHttpHeaderSize"": ""25796"", ""maxHttpRequestHeaderSize"": ""65060"", ""maxHttpResponseHeaderSize"": ""64863"", ""maxKeepAliveRequests"": ""1065"", ""maxParameterCount"": ""3028"", ""maxSwallowSize"": ""3181102"", ""maxThreads"": ""334"", ""minSpareThreads"": ""135"", ""processorCache"": ""103"", ""tcpNoDelay"": ""FALSE"", ""threadPriority"": ""9"", ""threadsMaxIdleTime"": ""462763"", ""useAsyncIO"": ""FALSE"", ""useVirtualThreads"": ""TRUE""}"
tomcat,lf05_hard07,"lambda_f=0.5, hard=0.7",3303,RQ1&2parrel,65,2479.98,20.18,2479.98,10.021563529968262,"[8, 50, 10, False]",0.0,10.021463871002197,0.0,"{""acceptCount"": ""955"", ""allowBackslash"": ""FALSE"", ""compression"": ""force"", ""compressionMinSize"": ""8777"", ""connectionTimeout"": ""423752"", ""connectionUploadTimeout"": ""597087"", ""disableUploadTimeout"": ""FALSE"", ""executorTerminationTimeoutMillis"": ""58164"", ""keepAliveTimeout"": ""329911"", ""maxConnections"": ""3798"", ""maxHeaderCount"": ""247"", ""maxHttpHeaderSize"": ""59274"", ""maxHttpRequestHeaderSize"": ""63585"", ""maxHttpResponseHeaderSize"": ""63425"", ""maxKeepAliveRequests"": ""2232"", ""maxParameterCount"": ""42231"", ""maxSwallowSize"": ""2822901"", ""maxThreads"": ""7"", ""minSpareThreads"": ""393"", ""processorCache"": ""167"", ""tcpNoDelay"": ""TRUE"", ""threadPriority"": ""8"", ""threadsMaxIdleTime"": ""396487"", ""useAsyncIO"": ""TRUE"", ""useVirtualThreads"": ""TRUE""}"
tomcat,lf05_hard07,"lambda_f=0.5, hard=0.7",3303,RQ1&2parrel,66,2594.99,19.39,2594.99,10.034482717514038,"[8, 50, 10, False]",0.0,10.034393310546875,0.0,"{""acceptCount"": ""209"", ""allowBackslash"": ""FALSE"", ""compression"": ""off"", ""compressionMinSize"": ""10194"", ""connectionTimeout"": ""597434"", ""connectionUploadTimeout"": ""514828"", ""disableUploadTimeout"": ""TRUE"", ""executorTerminationTimeoutMillis"": ""569069"", ""keepAliveTimeout"": ""94206"", ""maxConnections"": ""3449"", ""maxHeaderCount"": ""737"", ""maxHttpHeaderSize"": ""15532"", ""maxHttpRequestHeaderSize"": ""30252"", ""maxHttpResponseHeaderSize"": ""42460"", ""maxKeepAliveRequests"": ""3861"", ""maxParameterCount"": ""76400"", ""maxSwallowSize"": ""14624977"", ""maxThreads"": ""2"", ""minSpareThreads"": ""93"", ""processorCache"": ""333"", ""tcpNoDelay"": ""FALSE"", ""threadPriority"": ""6"", ""threadsMaxIdleTime"": ""39553"", ""useAsyncIO"": ""FALSE"", ""useVirtualThreads"": ""TRUE""}"
tomcat,lf05_hard07,"lambda_f=0.5, hard=0.7",3303,RQ1&2parrel,67,2258.98,22.3,2258.98,10.025984287261963,"[8, 50, 10, False]",0.0,10.025860786437988,0.0,"{""acceptCount"": ""534"", ""allowBackslash"": ""FALSE"", ""compression"": ""on"", ""compressionMinSize"": ""2000"", ""connectionTimeout"": ""248598"", ""connectionUploadTimeout"": ""64138"", ""disableUploadTimeout"": ""TRUE"", ""executorTerminationTimeoutMillis"": ""77156"", ""keepAliveTimeout"": ""406357"", ""maxConnections"": ""1638"", ""maxHeaderCount"": ""78"", ""maxHttpHeaderSize"": ""2229"", ""maxHttpRequestHeaderSize"": ""5467"", ""maxHttpResponseHeaderSize"": ""21868"", ""maxKeepAliveRequests"": ""3548"", ""maxParameterCount"": ""32332"", ""maxSwallowSize"": ""4399481"", ""maxThreads"": ""151"", ""minSpareThreads"": ""59"", ""processorCache"": ""186"", ""tcpNoDelay"": ""FALSE"", ""threadPriority"": ""1"", ""threadsMaxIdleTime"": ""459968"", ""useAsyncIO"": ""FALSE"", ""useVirtualThreads"": ""TRUE""}"
tomcat,lf05_hard07,"lambda_f=0.5, hard=0.7",3303,RQ1&2parrel,68,2494.58,20.12,2494.58,10.014751195907593,"[8, 50, 10, False]",0.0,10.014642000198364,0.0,"{""acceptCount"": ""662"", ""allowBackslash"": ""TRUE"", ""compression"": ""off"", ""compressionMinSize"": ""5935"", ""connectionTimeout"": ""372833"", ""connectionUploadTimeout"": ""332956"", ""disableUploadTimeout"": ""FALSE"", ""executorTerminationTimeoutMillis"": ""318738"", ""keepAliveTimeout"": ""157528"", ""maxConnections"": ""16444"", ""maxHeaderCount"": ""329"", ""maxHttpHeaderSize"": ""33160"", ""maxHttpRequestHeaderSize"": ""48824"", ""maxHttpResponseHeaderSize"": ""47919"", ""maxKeepAliveRequests"": ""3771"", ""maxParameterCount"": ""67854"", ""maxSwallowSize"": ""11213882"", ""maxThreads"": ""242"", ""minSpareThreads"": ""393"", ""processorCache"": ""306"", ""tcpNoDelay"": ""FALSE"", ""threadPriority"": ""9"", ""threadsMaxIdleTime"": ""306564"", ""useAsyncIO"": ""FALSE"", ""useVirtualThreads"": ""TRUE""}"
tomcat,lf05_hard07,"lambda_f=0.5, hard=0.7",3303,RQ1&2parrel,69,2430.45,24.72,2430.45,10.016401767730713,"[8, 50, 10, False]",0.0,10.016309022903442,0.0,"{""acceptCount"": ""614"", ""allowBackslash"": ""FALSE"", ""compression"": ""force"", ""compressionMinSize"": ""6515"", ""connectionTimeout"": ""350049"", ""connectionUploadTimeout"": ""1668"", ""disableUploadTimeout"": ""TRUE"", ""executorTerminationTimeoutMillis"": ""32205"", ""keepAliveTimeout"": ""591544"", ""maxConnections"": ""12495"", ""maxHeaderCount"": ""505"", ""maxHttpHeaderSize"": ""2009"", ""maxHttpRequestHeaderSize"": ""45592"", ""maxHttpResponseHeaderSize"": ""45005"", ""maxKeepAliveRequests"": ""2678"", ""maxParameterCount"": ""32497"", ""maxSwallowSize"": ""9782191"", ""maxThreads"": ""93"", ""minSpareThreads"": ""398"", ""processorCache"": ""284"", ""tcpNoDelay"": ""TRUE"", ""threadPriority"": ""8"", ""threadsMaxIdleTime"": ""489365"", ""useAsyncIO"": ""FALSE"", ""useVirtualThreads"": ""FALSE""}"
tomcat,lf05_hard07,"lambda_f=0.5, hard=0.7",3303,RQ1&2parrel,70,2366.16,28.11,2366.16,10.024416446685791,"[8, 50, 10, False]",0.0,10.024317026138306,0.0,"{""acceptCount"": ""889"", ""allowBackslash"": ""FALSE"", ""compression"": ""force"", ""compressionMinSize"": ""8094"", ""connectionTimeout"": ""42836"", ""connectionUploadTimeout"": ""312183"", ""disableUploadTimeout"": ""FALSE"", ""executorTerminationTimeoutMillis"": ""512575"", ""keepAliveTimeout"": ""177051"", ""maxConnections"": ""12060"", ""maxHeaderCount"": ""133"", ""maxHttpHeaderSize"": ""3725"", ""maxHttpRequestHeaderSize"": ""23840"", ""maxHttpResponseHeaderSize"": ""25727"", ""maxKeepAliveRequests"": ""1933"", ""maxParameterCount"": ""56358"", ""maxSwallowSize"": ""15933494"", ""maxThreads"": ""352"", ""minSpareThreads"": ""49"", ""processorCache"": ""164"", ""tcpNoDelay"": ""TRUE"", ""threadPriority"": ""4"", ""threadsMaxIdleTime"": ""187544"", ""useAsyncIO"": ""FALSE"", ""useVirtualThreads"": ""FALSE""}"
tomcat,lf05_hard07,"lambda_f=0.5, hard=0.7",3303,RQ1&2parrel,71,2514.02,37.37,2514.02,10.022457122802734,"[8, 50, 10, False]",0.0,10.022371053695679,0.0,"{""acceptCount"": ""13"", ""allowBackslash"": ""TRUE"", ""compression"": ""on"", ""compressionMinSize"": ""261"", ""connectionTimeout"": ""284643"", ""connectionUploadTimeout"": ""548936"", ""disableUploadTimeout"": ""TRUE"", ""executorTerminationTimeoutMillis"": ""529484"", ""keepAliveTimeout"": ""435496"", ""maxConnections"": ""1324"", ""maxHeaderCount"": ""151"", ""maxHttpHeaderSize"": ""9801"", ""maxHttpRequestHeaderSize"": ""7724"", ""maxHttpResponseHeaderSize"": ""23577"", ""maxKeepAliveRequests"": ""4530"", ""maxParameterCount"": ""31795"", ""maxSwallowSize"": ""3526006"", ""maxThreads"": ""386"", ""minSpareThreads"": ""569"", ""processorCache"": ""85"", ""tcpNoDelay"": ""FALSE"", ""threadPriority"": ""5"", ""threadsMaxIdleTime"": ""82535"", ""useAsyncIO"": ""FALSE"", ""useVirtualThreads"": ""TRUE""}"
tomcat,lf05_hard07,"lambda_f=0.5, hard=0.7",3303,RQ1&2parrel,72,2522.78,26.94,2522.78,10.015201568603516,"[8, 50, 10, False]",0.0,10.015114784240723,0.0,"{""acceptCount"": ""472"", ""allowBackslash"": ""FALSE"", ""compression"": ""off"", ""compressionMinSize"": ""7457"", ""connectionTimeout"": ""362843"", ""connectionUploadTimeout"": ""118400"", ""disableUploadTimeout"": ""FALSE"", ""executorTerminationTimeoutMillis"": ""15368"", ""keepAliveTimeout"": ""74651"", ""maxConnections"": ""11741"", ""maxHeaderCount"": ""26"", ""maxHttpHeaderSize"": ""2067"", ""maxHttpRequestHeaderSize"": ""17280"", ""maxHttpResponseHeaderSize"": ""30779"", ""maxKeepAliveRequests"": ""518"", ""maxParameterCount"": ""25530"", ""maxSwallowSize"": ""6688492"", ""maxThreads"": ""96"", ""minSpareThreads"": ""655"", ""processorCache"": ""34"", ""tcpNoDelay"": ""TRUE"", ""threadPriority"": ""2"", ""threadsMaxIdleTime"": ""369247"", ""useAsyncIO"": ""TRUE"", ""useVirtualThreads"": ""FALSE""}"
tomcat,lf05_hard07,"lambda_f=0.5, hard=0.7",3303,RQ1&2parrel,73,2495.78,20.36,2495.78,10.0161771774292,"[8, 50, 10, False]",0.0,10.016085863113403,0.0,"{""acceptCount"": ""870"", ""allowBackslash"": ""TRUE"", ""compression"": ""off"", ""compressionMinSize"": ""632"", ""connectionTimeout"": ""582408"", ""connectionUploadTimeout"": ""460049"", ""disableUploadTimeout"": ""TRUE"", ""executorTerminationTimeoutMillis"": ""455919"", ""keepAliveTimeout"": ""517249"", ""maxConnections"": ""12949"", ""maxHeaderCount"": ""294"", ""maxHttpHeaderSize"": ""49429"", ""maxHttpRequestHeaderSize"": ""50283"", ""maxHttpResponseHeaderSize"": ""54561"", ""maxKeepAliveRequests"": ""1206"", ""maxParameterCount"": ""59223"", ""maxSwallowSize"": ""10405318"", ""maxThreads"": ""254"", ""minSpareThreads"": ""299"", ""processorCache"": ""116"", ""tcpNoDelay"": ""FALSE"", ""threadPriority"": ""7"", ""threadsMaxIdleTime"": ""26946"", ""useAsyncIO"": ""TRUE"", ""useVirtualThreads"": ""TRUE""}"
tomcat,lf05_hard07,"lambda_f=0.5, hard=0.7",3303,RQ1&2parrel,74,2280.03,22.13,2280.03,10.017295360565186,"[8, 50, 10, False]",0.0,10.017201662063599,0.0,"{""acceptCount"": ""491"", ""allowBackslash"": ""FALSE"", ""compression"": ""force"", ""compressionMinSize"": ""2183"", ""connectionTimeout"": ""504296"", ""connectionUploadTimeout"": ""189700"", ""disableUploadTimeout"": ""TRUE"", ""executorTerminationTimeoutMillis"": ""575081"", ""keepAliveTimeout"": ""403587"", ""maxConnections"": ""10413"", ""maxHeaderCount"": ""552"", ""maxHttpHeaderSize"": ""8562"", ""maxHttpRequestHeaderSize"": ""58828"", ""maxHttpResponseHeaderSize"": ""18728"", ""maxKeepAliveRequests"": ""607"", ""maxParameterCount"": ""64247"", ""maxSwallowSize"": ""10575285"", ""maxThreads"": ""11"", ""minSpareThreads"": ""936"", ""processorCache"": ""215"", ""tcpNoDelay"": ""TRUE"", ""threadPriority"": ""5"", ""threadsMaxIdleTime"": ""312851"", ""useAsyncIO"": ""FALSE"", ""useVirtualThreads"": ""TRUE""}"
tomcat,lf05_hard07,"lambda_f=0.5, hard=0.7",3303,RQ1&2parrel,75,2424.08,25.23,2424.08,10.029933214187622,"[8, 50, 10, False]",0.0,10.029846906661987,0.0,"{""acceptCount"": ""192"", ""allowBackslash"": ""TRUE"", ""compression"": ""force"", ""compressionMinSize"": ""4383"", ""connectionTimeout"": ""599454"", ""connectionUploadTimeout"": ""298724"", ""disableUploadTimeout"": ""TRUE"", ""executorTerminationTimeoutMillis"": ""186962"", ""keepAliveTimeout"": ""266748"", ""maxConnections"": ""19707"", ""maxHeaderCount"": ""963"", ""maxHttpHeaderSize"": ""59676"", ""maxHttpRequestHeaderSize"": ""65060"", ""maxHttpResponseHeaderSize"": ""64863"", ""maxKeepAliveRequests"": ""1299"", ""maxParameterCount"": ""16061"", ""maxSwallowSize"": ""3541746"", ""maxThreads"": ""334"", ""minSpareThreads"": ""124"", ""processorCache"": ""325"", ""tcpNoDelay"": ""TRUE"", ""threadPriority"": ""9"", ""threadsMaxIdleTime"": ""462763"", ""useAsyncIO"": ""FALSE"", ""useVirtualThreads"": ""FALSE""}"
tomcat,lf05_hard07,"lambda_f=0.5, hard=0.7",3303,RQ1&2parrel,76,2363.9,23.99,2363.9,10.038662910461426,"[8, 50, 10, False]",0.0,10.038560152053833,0.0,"{""acceptCount"": ""662"", ""allowBackslash"": ""TRUE"", ""compression"": ""force"", ""compressionMinSize"": ""9714"", ""connectionTimeout"": ""129812"", ""connectionUploadTimeout"": ""296419"", ""disableUploadTimeout"": ""TRUE"", ""executorTerminationTimeoutMillis"": ""436443"", ""keepAliveTimeout"": ""379312"", ""maxConnections"": ""7724"", ""maxHeaderCount"": ""999"", ""maxHttpHeaderSize"": ""15907"", ""maxHttpRequestHeaderSize"": ""18966"", ""maxHttpResponseHeaderSize"": ""29370"", ""maxKeepAliveRequests"": ""2579"", ""maxParameterCount"": ""5341"", ""maxSwallowSize"": ""20406128"", ""maxThreads"": ""317"", ""minSpareThreads"": ""355"", ""processorCache"": ""203"", ""tcpNoDelay"": ""FALSE"", ""threadPriority"": ""2"", ""threadsMaxIdleTime"": ""67651"", ""useAsyncIO"": ""TRUE"", ""useVirtualThreads"": ""FALSE""}"
tomcat,lf05_hard07,"lambda_f=0.5, hard=0.7",3303,RQ1&2parrel,77,2071.38,25.76,2071.38,10.02150011062622,"[8, 50, 10, False]",0.0,10.021409034729004,0.0,"{""acceptCount"": ""47"", ""allowBackslash"": ""FALSE"", ""compression"": ""force"", ""compressionMinSize"": ""4557"", ""connectionTimeout"": ""578491"", ""connectionUploadTimeout"": ""27963"", ""disableUploadTimeout"": ""TRUE"", ""executorTerminationTimeoutMillis"": ""62971"", ""keepAliveTimeout"": ""120502"", ""maxConnections"": ""6541"", ""maxHeaderCount"": ""417"", ""maxHttpHeaderSize"": ""2523"", ""maxHttpRequestHeaderSize"": ""48436"", ""maxHttpResponseHeaderSize"": ""33184"", ""maxKeepAliveRequests"": ""4840"", ""maxParameterCount"": ""36008"", ""maxSwallowSize"": ""3118194"", ""maxThreads"": ""26"", ""minSpareThreads"": ""851"", ""processorCache"": ""167"", ""tcpNoDelay"": ""TRUE"", ""threadPriority"": ""3"", ""threadsMaxIdleTime"": ""253561"", ""useAsyncIO"": ""TRUE"", ""useVirtualThreads"": ""TRUE""}"
tomcat,lf05_hard07,"lambda_f=0.5, hard=0.7",3303,RQ1&2parrel,78,2320.88,24.62,2320.88,10.047347068786621,"[8, 50, 10, False]",0.0,10.0472571849823,0.0,"{""acceptCount"": ""292"", ""allowBackslash"": ""FALSE"", ""compression"": ""force"", ""compressionMinSize"": ""7184"", ""connectionTimeout"": ""326927"", ""connectionUploadTimeout"": ""6223"", ""disableUploadTimeout"": ""TRUE"", ""executorTerminationTimeoutMillis"": ""451811"", ""keepAliveTimeout"": ""111530"", ""maxConnections"": ""5744"", ""maxHeaderCount"": ""813"", ""maxHttpHeaderSize"": ""4712"", ""maxHttpRequestHeaderSize"": ""47833"", ""maxHttpResponseHeaderSize"": ""28539"", ""maxKeepAliveRequests"": ""1074"", ""maxParameterCount"": ""2123"", ""maxSwallowSize"": ""3857194"", ""maxThreads"": ""127"", ""minSpareThreads"": ""585"", ""processorCache"": ""363"", ""tcpNoDelay"": ""TRUE"", ""threadPriority"": ""4"", ""threadsMaxIdleTime"": ""301766"", ""useAsyncIO"": ""FALSE"", ""useVirtualThreads"": ""FALSE""}"
tomcat,lf05_hard07,"lambda_f=0.5, hard=0.7",3303,RQ1&2parrel,79,2171.28,23.13,2171.28,10.060829877853394,"[8, 50, 10, False]",0.0,10.060685873031616,0.0,"{""acceptCount"": ""852"", ""allowBackslash"": ""FALSE"", ""compression"": ""force"", ""compressionMinSize"": ""9372"", ""connectionTimeout"": ""547842"", ""connectionUploadTimeout"": ""39578"", ""disableUploadTimeout"": ""TRUE"", ""executorTerminationTimeoutMillis"": ""572595"", ""keepAliveTimeout"": ""392480"", ""maxConnections"": ""17843"", ""maxHeaderCount"": ""839"", ""maxHttpHeaderSize"": ""37168"", ""maxHttpRequestHeaderSize"": ""50245"", ""maxHttpResponseHeaderSize"": ""61074"", ""maxKeepAliveRequests"": ""1397"", ""maxParameterCount"": ""42511"", ""maxSwallowSize"": ""15964018"", ""maxThreads"": ""329"", ""minSpareThreads"": ""797"", ""processorCache"": ""124"", ""tcpNoDelay"": ""FALSE"", ""threadPriority"": ""10"", ""threadsMaxIdleTime"": ""480150"", ""useAsyncIO"": ""FALSE"", ""useVirtualThreads"": ""TRUE""}"
tomcat,lf05_hard07,"lambda_f=0.5, hard=0.7",3303,RQ1&2parrel,80,2314.06,24.78,2314.06,10.048855304718018,"[8, 50, 10, False]",0.0,10.04876160621643,0.0,"{""acceptCount"": ""617"", ""allowBackslash"": ""FALSE"", ""compression"": ""on"", ""compressionMinSize"": ""8158"", ""connectionTimeout"": ""237546"", ""connectionUploadTimeout"": ""413400"", ""disableUploadTimeout"": ""TRUE"", ""executorTerminationTimeoutMillis"": ""594608"", ""keepAliveTimeout"": ""545925"", ""maxConnections"": ""11706"", ""maxHeaderCount"": ""624"", ""maxHttpHeaderSize"": ""37938"", ""maxHttpRequestHeaderSize"": ""56381"", ""maxHttpResponseHeaderSize"": ""48867"", ""maxKeepAliveRequests"": ""3259"", ""maxParameterCount"": ""84338"", ""maxSwallowSize"": ""17097890"", ""maxThreads"": ""96"", ""minSpareThreads"": ""989"", ""processorCache"": ""379"", ""tcpNoDelay"": ""TRUE"", ""threadPriority"": ""3"", ""threadsMaxIdleTime"": ""488493"", ""useAsyncIO"": ""FALSE"", ""useVirtualThreads"": ""FALSE""}"
tomcat,lf05_hard07,"lambda_f=0.5, hard=0.7",3303,RQ1&2parrel,81,2349.4,27.69,2349.4,10.037824630737305,"[8, 50, 10, False]",0.0,10.03773045539856,0.0,"{""acceptCount"": ""398"", ""allowBackslash"": ""TRUE"", ""compression"": ""force"", ""compressionMinSize"": ""9145"", ""connectionTimeout"": ""577876"", ""connectionUploadTimeout"": ""530243"", ""disableUploadTimeout"": ""TRUE"", ""executorTerminationTimeoutMillis"": ""156786"", ""keepAliveTimeout"": ""441524"", ""maxConnections"": ""8207"", ""maxHeaderCount"": ""505"", ""maxHttpHeaderSize"": ""15915"", ""maxHttpRequestHeaderSize"": ""24373"", ""maxHttpResponseHeaderSize"": ""46099"", ""maxKeepAliveRequests"": ""2241"", ""maxParameterCount"": ""51377"", ""maxSwallowSize"": ""19690441"", ""maxThreads"": ""344"", ""minSpareThreads"": ""943"", ""processorCache"": ""279"", ""tcpNoDelay"": ""TRUE"", ""threadPriority"": ""9"", ""threadsMaxIdleTime"": ""157869"", ""useAsyncIO"": ""FALSE"", ""useVirtualThreads"": ""FALSE""}"
tomcat,lf05_hard07,"lambda_f=0.5, hard=0.7",3303,RQ1&2parrel,82,2209.92,31.24,2209.92,10.058770418167114,"[8, 50, 10, False]",0.0,10.058680295944214,0.0,"{""acceptCount"": ""173"", ""allowBackslash"": ""TRUE"", ""compression"": ""on"", ""compressionMinSize"": ""5778"", ""connectionTimeout"": ""95108"", ""connectionUploadTimeout"": ""479556"", ""disableUploadTimeout"": ""TRUE"", ""executorTerminationTimeoutMillis"": ""195064"", ""keepAliveTimeout"": ""213814"", ""maxConnections"": ""14376"", ""maxHeaderCount"": ""396"", ""maxHttpHeaderSize"": ""19377"", ""maxHttpRequestHeaderSize"": ""27362"", ""maxHttpResponseHeaderSize"": ""26502"", ""maxKeepAliveRequests"": ""288"", ""maxParameterCount"": ""12145"", ""maxSwallowSize"": ""11699185"", ""maxThreads"": ""238"", ""minSpareThreads"": ""195"", ""processorCache"": ""327"", ""tcpNoDelay"": ""TRUE"", ""threadPriority"": ""10"", ""threadsMaxIdleTime"": ""501960"", ""useAsyncIO"": ""FALSE"", ""useVirtualThreads"": ""FALSE""}"
tomcat,lf05_hard07,"lambda_f=0.5, hard=0.7",3303,RQ1&2parrel,83,2262.13,29.02,2262.13,10.069530248641968,"[8, 50, 10, False]",0.0,10.069412469863892,0.0,"{""acceptCount"": ""394"", ""allowBackslash"": ""TRUE"", ""compression"": ""force"", ""compressionMinSize"": ""5700"", ""connectionTimeout"": ""142314"", ""connectionUploadTimeout"": ""367668"", ""disableUploadTimeout"": ""TRUE"", ""executorTerminationTimeoutMillis"": ""155314"", ""keepAliveTimeout"": ""559978"", ""maxConnections"": ""13323"", ""maxHeaderCount"": ""458"", ""maxHttpHeaderSize"": ""6319"", ""maxHttpRequestHeaderSize"": ""22687"", ""maxHttpResponseHeaderSize"": ""3780"", ""maxKeepAliveRequests"": ""1711"", ""maxParameterCount"": ""93589"", ""maxSwallowSize"": ""20149116"", ""maxThreads"": ""46"", ""minSpareThreads"": ""505"", ""processorCache"": ""127"", ""tcpNoDelay"": ""FALSE"", ""threadPriority"": ""2"", ""threadsMaxIdleTime"": ""543676"", ""useAsyncIO"": ""TRUE"", ""useVirtualThreads"": ""FALSE""}"
tomcat,lf05_hard07,"lambda_f=0.5, hard=0.7",3303,RQ1&2parrel,84,2196.79,23.12,2196.79,10.028064489364624,"[8, 50, 10, False]",0.0,10.027895450592041,0.0,"{""acceptCount"": ""698"", ""allowBackslash"": ""TRUE"", ""compression"": ""on"", ""compressionMinSize"": ""7480"", ""connectionTimeout"": ""487736"", ""connectionUploadTimeout"": ""459207"", ""disableUploadTimeout"": ""FALSE"", ""executorTerminationTimeoutMillis"": ""248979"", ""keepAliveTimeout"": ""331273"", ""maxConnections"": ""2265"", ""maxHeaderCount"": ""921"", ""maxHttpHeaderSize"": ""8982"", ""maxHttpRequestHeaderSize"": ""31388"", ""maxHttpResponseHeaderSize"": ""52009"", ""maxKeepAliveRequests"": ""4704"", ""maxParameterCount"": ""73559"", ""maxSwallowSize"": ""10973078"", ""maxThreads"": ""396"", ""minSpareThreads"": ""602"", ""processorCache"": ""370"", ""tcpNoDelay"": ""TRUE"", ""threadPriority"": ""9"", ""threadsMaxIdleTime"": ""391581"", ""useAsyncIO"": ""TRUE"", ""useVirtualThreads"": ""TRUE""}"
tomcat,lf05_hard07,"lambda_f=0.5, hard=0.7",3303,RQ1&2parrel,85,2187.66,23.91,2187.66,10.113943576812744,"[8, 50, 10, False]",0.0,10.113820791244507,0.0,"{""acceptCount"": ""428"", ""allowBackslash"": ""FALSE"", ""compression"": ""off"", ""compressionMinSize"": ""2159"", ""connectionTimeout"": ""533671"", ""connectionUploadTimeout"": ""549254"", ""disableUploadTimeout"": ""FALSE"", ""executorTerminationTimeoutMillis"": ""294328"", ""keepAliveTimeout"": ""474821"", ""maxConnections"": ""4422"", ""maxHeaderCount"": ""977"", ""maxHttpHeaderSize"": ""11344"", ""maxHttpRequestHeaderSize"": ""15538"", ""maxHttpResponseHeaderSize"": ""18498"", ""maxKeepAliveRequests"": ""2445"", ""maxParameterCount"": ""85472"", ""maxSwallowSize"": ""11067310"", ""maxThreads"": ""5"", ""minSpareThreads"": ""699"", ""processorCache"": ""260"", ""tcpNoDelay"": ""TRUE"", ""threadPriority"": ""4"", ""threadsMaxIdleTime"": ""273433"", ""useAsyncIO"": ""FALSE"", ""useVirtualThreads"": ""TRUE""}"
tomcat,lf05_hard07,"lambda_f=0.5, hard=0.7",3303,RQ1&2parrel,86,2201.06,22.86,2201.06,10.030004739761353,"[8, 50, 10, False]",0.0,10.029900789260864,0.0,"{""acceptCount"": ""713"", ""allowBackslash"": ""TRUE"", ""compression"": ""force"", ""compressionMinSize"": ""3348"", ""connectionTimeout"": ""101806"", ""connectionUploadTimeout"": ""243586"", ""disableUploadTimeout"": ""TRUE"", ""executorTerminationTimeoutMillis"": ""119359"", ""keepAliveTimeout"": ""66496"", ""maxConnections"": ""8348"", ""maxHeaderCount"": ""230"", ""maxHttpHeaderSize"": ""706"", ""maxHttpRequestHeaderSize"": ""45007"", ""maxHttpResponseHeaderSize"": ""35884"", ""maxKeepAliveRequests"": ""4340"", ""maxParameterCount"": ""66812"", ""maxSwallowSize"": ""195700"", ""maxThreads"": ""27"", ""minSpareThreads"": ""651"", ""processorCache"": ""183"", ""tcpNoDelay"": ""TRUE"", ""threadPriority"": ""7"", ""threadsMaxIdleTime"": ""230728"", ""useAsyncIO"": ""FALSE"", ""useVirtualThreads"": ""TRUE""}"
tomcat,lf05_hard07,"lambda_f=0.5, hard=0.7",3303,RQ1&2parrel,87,2069.05,24.56,2069.05,10.022369861602783,"[8, 50, 10, False]",0.0,10.022275686264038,0.0,"{""acceptCount"": ""236"", ""allowBackslash"": ""TRUE"", ""compression"": ""off"", ""compressionMinSize"": ""5174"", ""connectionTimeout"": ""333102"", ""connectionUploadTimeout"": ""428546"", ""disableUploadTimeout"": ""TRUE"", ""executorTerminationTimeoutMillis"": ""340666"", ""keepAliveTimeout"": ""366683"", ""maxConnections"": ""1468"", ""maxHeaderCount"": ""470"", ""maxHttpHeaderSize"": ""41590"", ""maxHttpRequestHeaderSize"": ""51870"", ""maxHttpResponseHeaderSize"": ""62142"", ""maxKeepAliveRequests"": ""595"", ""maxParameterCount"": ""89466"", ""maxSwallowSize"": ""9029850"", ""maxThreads"": ""192"", ""minSpareThreads"": ""351"", ""processorCache"": ""330"", ""tcpNoDelay"": ""TRUE"", ""threadPriority"": ""2"", ""threadsMaxIdleTime"": ""110205"", ""useAsyncIO"": ""TRUE"", ""useVirtualThreads"": ""TRUE""}"
tomcat,lf05_hard07,"lambda_f=0.5, hard=0.7",3303,RQ1&2parrel,88,2352.03,29.4,2352.03,10.02649712562561,"[8, 50, 10, False]",0.0,10.02640962600708,0.0,"{""acceptCount"": ""256"", ""allowBackslash"": ""FALSE"", ""compression"": ""on"", ""compressionMinSize"": ""2245"", ""connectionTimeout"": ""514202"", ""connectionUploadTimeout"": ""221469"", ""disableUploadTimeout"": ""TRUE"", ""executorTerminationTimeoutMillis"": ""188990"", ""keepAliveTimeout"": ""240548"", ""maxConnections"": ""9765"", ""maxHeaderCount"": ""927"", ""maxHttpHeaderSize"": ""26256"", ""maxHttpRequestHeaderSize"": ""60429"", ""maxHttpResponseHeaderSize"": ""42880"", ""maxKeepAliveRequests"": ""1267"", ""maxParameterCount"": ""15842"", ""maxSwallowSize"": ""11405396"", ""maxThreads"": ""307"", ""minSpareThreads"": ""132"", ""processorCache"": ""344"", ""tcpNoDelay"": ""FALSE"", ""threadPriority"": ""10"", ""threadsMaxIdleTime"": ""335398"", ""useAsyncIO"": ""TRUE"", ""useVirtualThreads"": ""FALSE""}"
tomcat,lf05_hard07,"lambda_f=0.5, hard=0.7",3303,RQ1&2parrel,89,2179.3,23.43,2179.3,10.026458024978638,"[8, 50, 10, False]",0.0,10.026366949081421,0.0,"{""acceptCount"": ""334"", ""allowBackslash"": ""FALSE"", ""compression"": ""force"", ""compressionMinSize"": ""759"", ""connectionTimeout"": ""354948"", ""connectionUploadTimeout"": ""66142"", ""disableUploadTimeout"": ""TRUE"", ""executorTerminationTimeoutMillis"": ""169040"", ""keepAliveTimeout"": ""342463"", ""maxConnections"": ""5120"", ""maxHeaderCount"": ""83"", ""maxHttpHeaderSize"": ""11901"", ""maxHttpRequestHeaderSize"": ""24331"", ""maxHttpResponseHeaderSize"": ""38237"", ""maxKeepAliveRequests"": ""2125"", ""maxParameterCount"": ""63594"", ""maxSwallowSize"": ""17402572"", ""maxThreads"": ""218"", ""minSpareThreads"": ""413"", ""processorCache"": ""46"", ""tcpNoDelay"": ""FALSE"", ""threadPriority"": ""10"", ""threadsMaxIdleTime"": ""596302"", ""useAsyncIO"": ""TRUE"", ""useVirtualThreads"": ""TRUE""}"
tomcat,lf05_hard07,"lambda_f=0.5, hard=0.7",3303,RQ1&2parrel,90,2201.1,23.29,2201.1,10.034594297409058,"[8, 50, 10, False]",0.0,10.034479856491089,0.0,"{""acceptCount"": ""201"", ""allowBackslash"": ""TRUE"", ""compression"": ""on"", ""compressionMinSize"": ""9252"", ""connectionTimeout"": ""22203"", ""connectionUploadTimeout"": ""34678"", ""disableUploadTimeout"": ""TRUE"", ""executorTerminationTimeoutMillis"": ""480594"", ""keepAliveTimeout"": ""504857"", ""maxConnections"": ""932"", ""maxHeaderCount"": ""506"", ""maxHttpHeaderSize"": ""4085"", ""maxHttpRequestHeaderSize"": ""8713"", ""maxHttpResponseHeaderSize"": ""5735"", ""maxKeepAliveRequests"": ""4200"", ""maxParameterCount"": ""18806"", ""maxSwallowSize"": ""5007202"", ""maxThreads"": ""300"", ""minSpareThreads"": ""521"", ""processorCache"": ""389"", ""tcpNoDelay"": ""FALSE"", ""threadPriority"": ""5"", ""threadsMaxIdleTime"": ""29888"", ""useAsyncIO"": ""FALSE"", ""useVirtualThreads"": ""TRUE""}"
tomcat,lf05_hard07,"lambda_f=0.5, hard=0.7",3303,RQ1&2parrel,91,2415.84,26.84,2415.84,10.020658254623413,"[8, 50, 10, False]",0.0,10.020564079284668,0.0,"{""acceptCount"": ""358"", ""allowBackslash"": ""FALSE"", ""compression"": ""off"", ""compressionMinSize"": ""4789"", ""connectionTimeout"": ""465541"", ""connectionUploadTimeout"": ""71716"", ""disableUploadTimeout"": ""TRUE"", ""executorTerminationTimeoutMillis"": ""130307"", ""keepAliveTimeout"": ""329614"", ""maxConnections"": ""5933"", ""maxHeaderCount"": ""756"", ""maxHttpHeaderSize"": ""10482"", ""maxHttpRequestHeaderSize"": ""37775"", ""maxHttpResponseHeaderSize"": ""37647"", ""maxKeepAliveRequests"": ""2320"", ""maxParameterCount"": ""3433"", ""maxSwallowSize"": ""4772214"", ""maxThreads"": ""46"", ""minSpareThreads"": ""211"", ""processorCache"": ""237"", ""tcpNoDelay"": ""TRUE"", ""threadPriority"": ""1"", ""threadsMaxIdleTime"": ""362250"", ""useAsyncIO"": ""TRUE"", ""useVirtualThreads"": ""FALSE""}"
tomcat,lf05_hard07,"lambda_f=0.5, hard=0.7",3303,RQ1&2parrel,92,2189.56,28.99,2189.56,10.025840044021606,"[8, 50, 10, False]",0.0,10.025749683380127,0.0,"{""acceptCount"": ""143"", ""allowBackslash"": ""TRUE"", ""compression"": ""force"", ""compressionMinSize"": ""2199"", ""connectionTimeout"": ""599454"", ""connectionUploadTimeout"": ""298724"", ""disableUploadTimeout"": ""TRUE"", ""executorTerminationTimeoutMillis"": ""176380"", ""keepAliveTimeout"": ""266748"", ""maxConnections"": ""9034"", ""maxHeaderCount"": ""974"", ""maxHttpHeaderSize"": ""11115"", ""maxHttpRequestHeaderSize"": ""46617"", ""maxHttpResponseHeaderSize"": ""64863"", ""maxKeepAliveRequests"": ""120"", ""maxParameterCount"": ""16061"", ""maxSwallowSize"": ""3541625"", ""maxThreads"": ""334"", ""minSpareThreads"": ""124"", ""processorCache"": ""323"", ""tcpNoDelay"": ""TRUE"", ""threadPriority"": ""8"", ""threadsMaxIdleTime"": ""462763"", ""useAsyncIO"": ""FALSE"", ""useVirtualThreads"": ""FALSE""}"
tomcat,lf05_hard07,"lambda_f=0.5, hard=0.7",3303,RQ1&2parrel,93,2323.14,25.93,2323.14,10.020224571228027,"[8, 50, 10, False]",0.0,10.02013111114502,0.0,"{""acceptCount"": ""747"", ""allowBackslash"": ""TRUE"", ""compression"": ""off"", ""compressionMinSize"": ""7222"", ""connectionTimeout"": ""350628"", ""connectionUploadTimeout"": ""508036"", ""disableUploadTimeout"": ""TRUE"", ""executorTerminationTimeoutMillis"": ""385900"", ""keepAliveTimeout"": ""228428"", ""maxConnections"": ""18599"", ""maxHeaderCount"": ""447"", ""maxHttpHeaderSize"": ""2626"", ""maxHttpRequestHeaderSize"": ""655"", ""maxHttpResponseHeaderSize"": ""53237"", ""maxKeepAliveRequests"": ""1695"", ""maxParameterCount"": ""74494"", ""maxSwallowSize"": ""19189135"", ""maxThreads"": ""100"", ""minSpareThreads"": ""252"", ""processorCache"": ""166"", ""tcpNoDelay"": ""TRUE"", ""threadPriority"": ""8"", ""threadsMaxIdleTime"": ""477431"", ""useAsyncIO"": ""TRUE"", ""useVirtualThreads"": ""FALSE""}"
tomcat,lf05_hard07,"lambda_f=0.5, hard=0.7",3303,RQ1&2parrel,94,2248.05,25.71,2248.05,10.07731580734253,"[8, 50, 10, False]",0.0,10.077190637588501,0.0,"{""acceptCount"": ""779"", ""allowBackslash"": ""FALSE"", ""compression"": ""off"", ""compressionMinSize"": ""1568"", ""connectionTimeout"": ""223078"", ""connectionUploadTimeout"": ""24511"", ""disableUploadTimeout"": ""TRUE"", ""executorTerminationTimeoutMillis"": ""353976"", ""keepAliveTimeout"": ""134224"", ""maxConnections"": ""13200"", ""maxHeaderCount"": ""461"", ""maxHttpHeaderSize"": ""20750"", ""maxHttpRequestHeaderSize"": ""64375"", ""maxHttpResponseHeaderSize"": ""54588"", ""maxKeepAliveRequests"": ""2789"", ""maxParameterCount"": ""97159"", ""maxSwallowSize"": ""10910390"", ""maxThreads"": ""390"", ""minSpareThreads"": ""815"", ""processorCache"": ""274"", ""tcpNoDelay"": ""FALSE"", ""threadPriority"": ""10"", ""threadsMaxIdleTime"": ""124784"", ""useAsyncIO"": ""TRUE"", ""useVirtualThreads"": ""FALSE""}"
tomcat,lf05_hard07,"lambda_f=0.5, hard=0.7",3303,RQ1&2parrel,95,2185.76,23.4,2185.76,10.070093393325806,"[8, 50, 10, False]",0.0,10.070000648498535,0.0,"{""acceptCount"": ""863"", ""allowBackslash"": ""TRUE"", ""compression"": ""on"", ""compressionMinSize"": ""7333"", ""connectionTimeout"": ""220632"", ""connectionUploadTimeout"": ""195990"", ""disableUploadTimeout"": ""FALSE"", ""executorTerminationTimeoutMillis"": ""353037"", ""keepAliveTimeout"": ""416780"", ""maxConnections"": ""15862"", ""maxHeaderCount"": ""766"", ""maxHttpHeaderSize"": ""31769"", ""maxHttpRequestHeaderSize"": ""35920"", ""maxHttpResponseHeaderSize"": ""59048"", ""maxKeepAliveRequests"": ""2667"", ""maxParameterCount"": ""53028"", ""maxSwallowSize"": ""5186729"", ""maxThreads"": ""342"", ""minSpareThreads"": ""698"", ""processorCache"": ""257"", ""tcpNoDelay"": ""FALSE"", ""threadPriority"": ""10"", ""threadsMaxIdleTime"": ""140209"", ""useAsyncIO"": ""TRUE"", ""useVirtualThreads"": ""TRUE""}"
tomcat,lf05_hard07,"lambda_f=0.5, hard=0.7",3303,RQ1&2parrel,96,2378.08,25.4,2378.08,10.077137231826782,"[8, 50, 10, False]",0.0,10.077041625976562,0.0,"{""acceptCount"": ""845"", ""allowBackslash"": ""FALSE"", ""compression"": ""force"", ""compressionMinSize"": ""4049"", ""connectionTimeout"": ""52491"", ""connectionUploadTimeout"": ""160350"", ""disableUploadTimeout"": ""FALSE"", ""executorTerminationTimeoutMillis"": ""215426"", ""keepAliveTimeout"": ""238416"", ""maxConnections"": ""8259"", ""maxHeaderCount"": ""451"", ""maxHttpHeaderSize"": ""11234"", ""maxHttpRequestHeaderSize"": ""14645"", ""maxHttpResponseHeaderSize"": ""42056"", ""maxKeepAliveRequests"": ""1571"", ""maxParameterCount"": ""26870"", ""maxSwallowSize"": ""18906016"", ""maxThreads"": ""63"", ""minSpareThreads"": ""918"", ""processorCache"": ""364"", ""tcpNoDelay"": ""FALSE"", ""threadPriority"": ""6"", ""threadsMaxIdleTime"": ""499516"", ""useAsyncIO"": ""TRUE"", ""useVirtualThreads"": ""FALSE""}"
tomcat,lf05_hard07,"lambda_f=0.5, hard=0.7",3303,RQ1&2parrel,97,2409.04,23.54,2409.04,10.074158430099487,"[8, 50, 10, False]",0.0,10.074069261550903,0.0,"{""acceptCount"": ""143"", ""allowBackslash"": ""TRUE"", ""compression"": ""force"", ""compressionMinSize"": ""2240"", ""connectionTimeout"": ""551588"", ""connectionUploadTimeout"": ""298724"", ""disableUploadTimeout"": ""TRUE"", ""executorTerminationTimeoutMillis"": ""186962"", ""keepAliveTimeout"": ""266748"", ""maxConnections"": ""9578"", ""maxHeaderCount"": ""974"", ""maxHttpHeaderSize"": ""26573"", ""maxHttpRequestHeaderSize"": ""65060"", ""maxHttpResponseHeaderSize"": ""64863"", ""maxKeepAliveRequests"": ""1280"", ""maxParameterCount"": ""16061"", ""maxSwallowSize"": ""3541746"", ""maxThreads"": ""334"", ""minSpareThreads"": ""124"", ""processorCache"": ""342"", ""tcpNoDelay"": ""TRUE"", ""threadPriority"": ""9"", ""threadsMaxIdleTime"": ""462763"", ""useAsyncIO"": ""FALSE"", ""useVirtualThreads"": ""FALSE""}"
tomcat,lf05_hard07,"lambda_f=0.5, hard=0.7",3303,RQ1&2parrel,98,2467.16,24.05,2467.16,10.06770658493042,"[8, 50, 10, False]",0.0,10.067617177963257,0.0,"{""acceptCount"": ""769"", ""allowBackslash"": ""TRUE"", ""compression"": ""on"", ""compressionMinSize"": ""10120"", ""connectionTimeout"": ""556058"", ""connectionUploadTimeout"": ""76652"", ""disableUploadTimeout"": ""FALSE"", ""executorTerminationTimeoutMillis"": ""200739"", ""keepAliveTimeout"": ""55269"", ""maxConnections"": ""6278"", ""maxHeaderCount"": ""405"", ""maxHttpHeaderSize"": ""1524"", ""maxHttpRequestHeaderSize"": ""39636"", ""maxHttpResponseHeaderSize"": ""48937"", ""maxKeepAliveRequests"": ""4506"", ""maxParameterCount"": ""79281"", ""maxSwallowSize"": ""1630517"", ""maxThreads"": ""274"", ""minSpareThreads"": ""216"", ""processorCache"": ""366"", ""tcpNoDelay"": ""FALSE"", ""threadPriority"": ""5"", ""threadsMaxIdleTime"": ""115994"", ""useAsyncIO"": ""FALSE"", ""useVirtualThreads"": ""FALSE""}"
tomcat,lf05_hard07,"lambda_f=0.5, hard=0.7",3303,RQ1&2parrel,99,2149.03,23.15,2149.03,10.055172443389893,"[8, 50, 10, False]",0.0,10.05507493019104,0.0,"{""acceptCount"": ""981"", ""allowBackslash"": ""FALSE"", ""compression"": ""off"", ""compressionMinSize"": ""3483"", ""connectionTimeout"": ""432493"", ""connectionUploadTimeout"": ""568675"", ""disableUploadTimeout"": ""TRUE"", ""executorTerminationTimeoutMillis"": ""581045"", ""keepAliveTimeout"": ""259185"", ""maxConnections"": ""15389"", ""maxHeaderCount"": ""562"", ""maxHttpHeaderSize"": ""26218"", ""maxHttpRequestHeaderSize"": ""62073"", ""maxHttpResponseHeaderSize"": ""62131"", ""maxKeepAliveRequests"": ""36"", ""maxParameterCount"": ""74854"", ""maxSwallowSize"": ""18779728"", ""maxThreads"": ""300"", ""minSpareThreads"": ""169"", ""processorCache"": ""384"", ""tcpNoDelay"": ""FALSE"", ""threadPriority"": ""6"", ""threadsMaxIdleTime"": ""462997"", ""useAsyncIO"": ""TRUE"", ""useVirtualThreads"": ""TRUE""}"
tomcat,lf05_hard07,"lambda_f=0.5, hard=0.7",3303,RQ1&2parrel,100,2252.29,22.27,2252.29,10.037956714630127,"[8, 50, 10, False]",0.0,10.037861347198486,0.0,"{""acceptCount"": ""584"", ""allowBackslash"": ""FALSE"", ""compression"": ""on"", ""compressionMinSize"": ""10190"", ""connectionTimeout"": ""154021"", ""connectionUploadTimeout"": ""156389"", ""disableUploadTimeout"": ""FALSE"", ""executorTerminationTimeoutMillis"": ""308843"", ""keepAliveTimeout"": ""589759"", ""maxConnections"": ""5913"", ""maxHeaderCount"": ""767"", ""maxHttpHeaderSize"": ""3004"", ""maxHttpRequestHeaderSize"": ""50736"", ""maxHttpResponseHeaderSize"": ""64701"", ""maxKeepAliveRequests"": ""2482"", ""maxParameterCount"": ""53201"", ""maxSwallowSize"": ""1614877"", ""maxThreads"": ""335"", ""minSpareThreads"": ""572"", ""processorCache"": ""87"", ""tcpNoDelay"": ""TRUE"", ""threadPriority"": ""4"", ""threadsMaxIdleTime"": ""370306"", ""useAsyncIO"": ""FALSE"", ""useVirtualThreads"": ""TRUE""}"
tomcat,lf05_hard07,"lambda_f=0.5, hard=0.7",3303,RQ1&2parrel,101,2463.85,23.08,2463.85,10.051499843597412,"[8, 50, 10, False]",0.0,10.051407098770142,0.0,"{""acceptCount"": ""143"", ""allowBackslash"": ""TRUE"", ""compression"": ""force"", ""compressionMinSize"": ""2240"", ""connectionTimeout"": ""599454"", ""connectionUploadTimeout"": ""298724"", ""disableUploadTimeout"": ""TRUE"", ""executorTerminationTimeoutMillis"": ""186962"", ""keepAliveTimeout"": ""266748"", ""maxConnections"": ""10370"", ""maxHeaderCount"": ""974"", ""maxHttpHeaderSize"": ""26629"", ""maxHttpRequestHeaderSize"": ""65060"", ""maxHttpResponseHeaderSize"": ""64863"", ""maxKeepAliveRequests"": ""1280"", ""maxParameterCount"": ""16061"", ""maxSwallowSize"": ""3546092"", ""maxThreads"": ""334"", ""minSpareThreads"": ""124"", ""processorCache"": ""323"", ""tcpNoDelay"": ""TRUE"", ""threadPriority"": ""9"", ""threadsMaxIdleTime"": ""462763"", ""useAsyncIO"": ""FALSE"", ""useVirtualThreads"": ""FALSE""}"
tomcat,lf05_hard07,"lambda_f=0.5, hard=0.7",3303,RQ1&2parrel,102,2314.1,24.64,2314.1,10.045521974563599,"[8, 50, 10, False]",0.0,10.045424461364746,0.0,"{""acceptCount"": ""367"", ""allowBackslash"": ""TRUE"", ""compression"": ""on"", ""compressionMinSize"": ""8081"", ""connectionTimeout"": ""324196"", ""connectionUploadTimeout"": ""463050"", ""disableUploadTimeout"": ""TRUE"", ""executorTerminationTimeoutMillis"": ""441818"", ""keepAliveTimeout"": ""237538"", ""maxConnections"": ""15814"", ""maxHeaderCount"": ""192"", ""maxHttpHeaderSize"": ""33216"", ""maxHttpRequestHeaderSize"": ""44298"", ""maxHttpResponseHeaderSize"": ""53657"", ""maxKeepAliveRequests"": ""4047"", ""maxParameterCount"": ""95861"", ""maxSwallowSize"": ""11647655"", ""maxThreads"": ""119"", ""minSpareThreads"": ""741"", ""processorCache"": ""134"", ""tcpNoDelay"": ""TRUE"", ""threadPriority"": ""10"", ""threadsMaxIdleTime"": ""92815"", ""useAsyncIO"": ""TRUE"", ""useVirtualThreads"": ""FALSE""}"
tomcat,lf05_hard07,"lambda_f=0.5, hard=0.7",3303,RQ1&2parrel,103,2439.58,26.95,2439.58,10.034781455993652,"[8, 50, 10, False]",0.0,10.034695863723755,0.0,"{""acceptCount"": ""143"", ""allowBackslash"": ""TRUE"", ""compression"": ""force"", ""compressionMinSize"": ""2240"", ""connectionTimeout"": ""599454"", ""connectionUploadTimeout"": ""298724"", ""disableUploadTimeout"": ""TRUE"", ""executorTerminationTimeoutMillis"": ""186962"", ""keepAliveTimeout"": ""266748"", ""maxConnections"": ""9578"", ""maxHeaderCount"": ""974"", ""maxHttpHeaderSize"": ""26573"", ""maxHttpRequestHeaderSize"": ""65060"", ""maxHttpResponseHeaderSize"": ""64863"", ""maxKeepAliveRequests"": ""1279"", ""maxParameterCount"": ""16061"", ""maxSwallowSize"": ""3541746"", ""maxThreads"": ""334"", ""minSpareThreads"": ""124"", ""processorCache"": ""323"", ""tcpNoDelay"": ""TRUE"", ""threadPriority"": ""9"", ""threadsMaxIdleTime"": ""462763"", ""useAsyncIO"": ""FALSE"", ""useVirtualThreads"": ""FALSE""}"
tomcat,lf05_hard07,"lambda_f=0.5, hard=0.7",3303,RQ1&2parrel,104,2334.72,27.87,2334.72,10.054002523422241,"[8, 50, 10, False]",0.0,10.053903102874756,0.0,"{""acceptCount"": ""228"", ""allowBackslash"": ""FALSE"", ""compression"": ""on"", ""compressionMinSize"": ""3899"", ""connectionTimeout"": ""25247"", ""connectionUploadTimeout"": ""147855"", ""disableUploadTimeout"": ""FALSE"", ""executorTerminationTimeoutMillis"": ""53055"", ""keepAliveTimeout"": ""201266"", ""maxConnections"": ""6349"", ""maxHeaderCount"": ""279"", ""maxHttpHeaderSize"": ""11902"", ""maxHttpRequestHeaderSize"": ""8865"", ""maxHttpResponseHeaderSize"": ""44195"", ""maxKeepAliveRequests"": ""50"", ""maxParameterCount"": ""5336"", ""maxSwallowSize"": ""11995505"", ""maxThreads"": ""123"", ""minSpareThreads"": ""63"", ""processorCache"": ""20"", ""tcpNoDelay"": ""FALSE"", ""threadPriority"": ""1"", ""threadsMaxIdleTime"": ""376352"", ""useAsyncIO"": ""TRUE"", ""useVirtualThreads"": ""FALSE""}"
tomcat,lf05_hard07,"lambda_f=0.5, hard=0.7",3303,RQ1&2parrel,105,2318.41,21.66,2318.41,10.03275179862976,"[8, 50, 10, False]",0.0,10.032660245895386,0.0,"{""acceptCount"": ""505"", ""allowBackslash"": ""FALSE"", ""compression"": ""on"", ""compressionMinSize"": ""879"", ""connectionTimeout"": ""30886"", ""connectionUploadTimeout"": ""564537"", ""disableUploadTimeout"": ""FALSE"", ""executorTerminationTimeoutMillis"": ""7239"", ""keepAliveTimeout"": ""303686"", ""maxConnections"": ""5043"", ""maxHeaderCount"": ""309"", ""maxHttpHeaderSize"": ""26040"", ""maxHttpRequestHeaderSize"": ""62476"", ""maxHttpResponseHeaderSize"": ""46822"", ""maxKeepAliveRequests"": ""2720"", ""maxParameterCount"": ""94164"", ""maxSwallowSize"": ""7357429"", ""maxThreads"": ""64"", ""minSpareThreads"": ""466"", ""processorCache"": ""328"", ""tcpNoDelay"": ""FALSE"", ""threadPriority"": ""3"", ""threadsMaxIdleTime"": ""490820"", ""useAsyncIO"": ""FALSE"", ""useVirtualThreads"": ""TRUE""}"
tomcat,lf05_hard07,"lambda_f=0.5, hard=0.7",3303,RQ1&2parrel,106,2350.35,25.76,2350.35,10.050784587860107,"[8, 50, 10, False]",0.0,10.050689220428467,0.0,"{""acceptCount"": ""143"", ""allowBackslash"": ""TRUE"", ""compression"": ""force"", ""compressionMinSize"": ""2240"", ""connectionTimeout"": ""599454"", ""connectionUploadTimeout"": ""298724"", ""disableUploadTimeout"": ""TRUE"", ""executorTerminationTimeoutMillis"": ""186962"", ""keepAliveTimeout"": ""266748"", ""maxConnections"": ""9578"", ""maxHeaderCount"": ""974"", ""maxHttpHeaderSize"": ""26573"", ""maxHttpRequestHeaderSize"": ""65060"", ""maxHttpResponseHeaderSize"": ""64863"", ""maxKeepAliveRequests"": ""1280"", ""maxParameterCount"": ""16061"", ""maxSwallowSize"": ""3541746"", ""maxThreads"": ""334"", ""minSpareThreads"": ""124"", ""processorCache"": ""323"", ""tcpNoDelay"": ""TRUE"", ""threadPriority"": ""9"", ""threadsMaxIdleTime"": ""467177"", ""useAsyncIO"": ""FALSE"", ""useVirtualThreads"": ""FALSE""}"
tomcat,lf05_hard07,"lambda_f=0.5, hard=0.7",3303,RQ1&2parrel,107,2266.01,22.05,2266.01,10.026665687561035,"[8, 50, 10, False]",0.0,10.026566743850708,0.0,"{""acceptCount"": ""143"", ""allowBackslash"": ""TRUE"", ""compression"": ""off"", ""compressionMinSize"": ""1923"", ""connectionTimeout"": ""399790"", ""connectionUploadTimeout"": ""569844"", ""disableUploadTimeout"": ""FALSE"", ""executorTerminationTimeoutMillis"": ""142802"", ""keepAliveTimeout"": ""12605"", ""maxConnections"": ""1399"", ""maxHeaderCount"": ""287"", ""maxHttpHeaderSize"": ""3327"", ""maxHttpRequestHeaderSize"": ""52902"", ""maxHttpResponseHeaderSize"": ""64899"", ""maxKeepAliveRequests"": ""3286"", ""maxParameterCount"": ""57143"", ""maxSwallowSize"": ""12859659"", ""maxThreads"": ""273"", ""minSpareThreads"": ""440"", ""processorCache"": ""166"", ""tcpNoDelay"": ""FALSE"", ""threadPriority"": ""3"", ""threadsMaxIdleTime"": ""462909"", ""useAsyncIO"": ""FALSE"", ""useVirtualThreads"": ""TRUE""}"
tomcat,lf05_hard07,"lambda_f=0.5, hard=0.7",3303,RQ1&2parrel,108,2298.29,26.25,2298.29,10.034626722335815,"[8, 50, 10, False]",0.0,10.034540176391602,0.0,"{""acceptCount"": ""884"", ""allowBackslash"": ""FALSE"", ""compression"": ""off"", ""compressionMinSize"": ""630"", ""connectionTimeout"": ""327830"", ""connectionUploadTimeout"": ""357825"", ""disableUploadTimeout"": ""TRUE"", ""executorTerminationTimeoutMillis"": ""150918"", ""keepAliveTimeout"": ""556187"", ""maxConnections"": ""5907"", ""maxHeaderCount"": ""179"", ""maxHttpHeaderSize"": ""585"", ""maxHttpRequestHeaderSize"": ""51971"", ""maxHttpResponseHeaderSize"": ""1300"", ""maxKeepAliveRequests"": ""3028"", ""maxParameterCount"": ""46125"", ""maxSwallowSize"": ""3507320"", ""maxThreads"": ""65"", ""minSpareThreads"": ""193"", ""processorCache"": ""181"", ""tcpNoDelay"": ""TRUE"", ""threadPriority"": ""1"", ""threadsMaxIdleTime"": ""525071"", ""useAsyncIO"": ""TRUE"", ""useVirtualThreads"": ""FALSE""}"
tomcat,lf05_hard07,"lambda_f=0.5, hard=0.7",3303,RQ1&2parrel,109,2356.52,24.85,2356.52,10.04342794418335,"[8, 50, 10, False]",0.0,10.043307542800903,0.0,"{""acceptCount"": ""945"", ""allowBackslash"": ""TRUE"", ""compression"": ""off"", ""compressionMinSize"": ""7105"", ""connectionTimeout"": ""212897"", ""connectionUploadTimeout"": ""297969"", ""disableUploadTimeout"": ""TRUE"", ""executorTerminationTimeoutMillis"": ""304082"", ""keepAliveTimeout"": ""126078"", ""maxConnections"": ""19732"", ""maxHeaderCount"": ""29"", ""maxHttpHeaderSize"": ""4062"", ""maxHttpRequestHeaderSize"": ""3566"", ""maxHttpResponseHeaderSize"": ""33257"", ""maxKeepAliveRequests"": ""624"", ""maxParameterCount"": ""72267"", ""maxSwallowSize"": ""15378004"", ""maxThreads"": ""211"", ""minSpareThreads"": ""762"", ""processorCache"": ""315"", ""tcpNoDelay"": ""TRUE"", ""threadPriority"": ""7"", ""threadsMaxIdleTime"": ""279984"", ""useAsyncIO"": ""TRUE"", ""useVirtualThreads"": ""FALSE""}"
tomcat,lf05_hard07,"lambda_f=0.5, hard=0.7",3303,RQ1&2parrel,110,2342.77,22.83,2342.77,10.031273365020752,"[8, 50, 10, False]",0.0,10.031160116195679,0.0,"{""acceptCount"": ""421"", ""allowBackslash"": ""TRUE"", ""compression"": ""off"", ""compressionMinSize"": ""794"", ""connectionTimeout"": ""545093"", ""connectionUploadTimeout"": ""145740"", ""disableUploadTimeout"": ""FALSE"", ""executorTerminationTimeoutMillis"": ""79281"", ""keepAliveTimeout"": ""240719"", ""maxConnections"": ""4244"", ""maxHeaderCount"": ""39"", ""maxHttpHeaderSize"": ""15997"", ""maxHttpRequestHeaderSize"": ""22162"", ""maxHttpResponseHeaderSize"": ""16837"", ""maxKeepAliveRequests"": ""3502"", ""maxParameterCount"": ""58999"", ""maxSwallowSize"": ""13993843"", ""maxThreads"": ""364"", ""minSpareThreads"": ""651"", ""processorCache"": ""267"", ""tcpNoDelay"": ""FALSE"", ""threadPriority"": ""5"", ""threadsMaxIdleTime"": ""53426"", ""useAsyncIO"": ""TRUE"", ""useVirtualThreads"": ""TRUE""}"
tomcat,lf05_hard07,"lambda_f=0.5, hard=0.7",3303,RQ1&2parrel,111,2514.97,25.42,2514.97,10.021498203277588,"[8, 50, 10, False]",0.0,10.02141261100769,0.0,"{""acceptCount"": ""605"", ""allowBackslash"": ""FALSE"", ""compression"": ""on"", ""compressionMinSize"": ""352"", ""connectionTimeout"": ""464979"", ""connectionUploadTimeout"": ""563905"", ""disableUploadTimeout"": ""TRUE"", ""executorTerminationTimeoutMillis"": ""581976"", ""keepAliveTimeout"": ""324319"", ""maxConnections"": ""18569"", ""maxHeaderCount"": ""911"", ""maxHttpHeaderSize"": ""24029"", ""maxHttpRequestHeaderSize"": ""54384"", ""maxHttpResponseHeaderSize"": ""24849"", ""maxKeepAliveRequests"": ""986"", ""maxParameterCount"": ""68335"", ""maxSwallowSize"": ""8039989"", ""maxThreads"": ""60"", ""minSpareThreads"": ""923"", ""processorCache"": ""355"", ""tcpNoDelay"": ""FALSE"", ""threadPriority"": ""10"", ""threadsMaxIdleTime"": ""183174"", ""useAsyncIO"": ""TRUE"", ""useVirtualThreads"": ""FALSE""}"
tomcat,lf05_hard07,"lambda_f=0.5, hard=0.7",3303,RQ1&2parrel,112,2500.72,24.33,2500.72,10.022780418395996,"[8, 50, 10, False]",0.0,10.022693634033203,0.0,"{""acceptCount"": ""863"", ""allowBackslash"": ""FALSE"", ""compression"": ""off"", ""compressionMinSize"": ""5620"", ""connectionTimeout"": ""555649"", ""connectionUploadTimeout"": ""526046"", ""disableUploadTimeout"": ""TRUE"", ""executorTerminationTimeoutMillis"": ""7585"", ""keepAliveTimeout"": ""573500"", ""maxConnections"": ""2469"", ""maxHeaderCount"": ""634"", ""maxHttpHeaderSize"": ""3478"", ""maxHttpRequestHeaderSize"": ""57667"", ""maxHttpResponseHeaderSize"": ""58023"", ""maxKeepAliveRequests"": ""2471"", ""maxParameterCount"": ""32227"", ""maxSwallowSize"": ""7974403"", ""maxThreads"": ""316"", ""minSpareThreads"": ""842"", ""processorCache"": ""176"", ""tcpNoDelay"": ""FALSE"", ""threadPriority"": ""10"", ""threadsMaxIdleTime"": ""38111"", ""useAsyncIO"": ""FALSE"", ""useVirtualThreads"": ""FALSE""}"
tomcat,lf05_hard07,"lambda_f=0.5, hard=0.7",3303,RQ1&2parrel,113,2166.11,32.83,2166.11,10.038960218429565,"[8, 50, 10, False]",0.0,10.038858890533447,0.0,"{""acceptCount"": ""58"", ""allowBackslash"": ""TRUE"", ""compression"": ""force"", ""compressionMinSize"": ""3036"", ""connectionTimeout"": ""94039"", ""connectionUploadTimeout"": ""525366"", ""disableUploadTimeout"": ""TRUE"", ""executorTerminationTimeoutMillis"": ""289979"", ""keepAliveTimeout"": ""277725"", ""maxConnections"": ""11318"", ""maxHeaderCount"": ""47"", ""maxHttpHeaderSize"": ""19409"", ""maxHttpRequestHeaderSize"": ""26613"", ""maxHttpResponseHeaderSize"": ""30761"", ""maxKeepAliveRequests"": ""2746"", ""maxParameterCount"": ""14529"", ""maxSwallowSize"": ""6874899"", ""maxThreads"": ""234"", ""minSpareThreads"": ""916"", ""processorCache"": ""143"", ""tcpNoDelay"": ""TRUE"", ""threadPriority"": ""3"", ""threadsMaxIdleTime"": ""34044"", ""useAsyncIO"": ""FALSE"", ""useVirtualThreads"": ""FALSE""}"
tomcat,lf05_hard07,"lambda_f=0.5, hard=0.7",3303,RQ1&2parrel,114,2363.32,27.42,2363.32,10.028207540512085,"[8, 50, 10, False]",0.0,10.02811884880066,0.0,"{""acceptCount"": ""269"", ""allowBackslash"": ""TRUE"", ""compression"": ""force"", ""compressionMinSize"": ""7114"", ""connectionTimeout"": ""320238"", ""connectionUploadTimeout"": ""468924"", ""disableUploadTimeout"": ""FALSE"", ""executorTerminationTimeoutMillis"": ""423607"", ""keepAliveTimeout"": ""156974"", ""maxConnections"": ""9434"", ""maxHeaderCount"": ""20"", ""maxHttpHeaderSize"": ""21822"", ""maxHttpRequestHeaderSize"": ""36754"", ""maxHttpResponseHeaderSize"": ""44137"", ""maxKeepAliveRequests"": ""4797"", ""maxParameterCount"": ""21246"", ""maxSwallowSize"": ""20037470"", ""maxThreads"": ""95"", ""minSpareThreads"": ""67"", ""processorCache"": ""47"", ""tcpNoDelay"": ""TRUE"", ""threadPriority"": ""5"", ""threadsMaxIdleTime"": ""276543"", ""useAsyncIO"": ""FALSE"", ""useVirtualThreads"": ""FALSE""}"
tomcat,lf05_hard07,"lambda_f=0.5, hard=0.7",3303,RQ1&2parrel,115,2355.32,25.52,2355.32,10.01840615272522,"[8, 50, 10, False]",0.0,10.018316745758057,0.0,"{""acceptCount"": ""251"", ""allowBackslash"": ""TRUE"", ""compression"": ""on"", ""compressionMinSize"": ""8210"", ""connectionTimeout"": ""189967"", ""connectionUploadTimeout"": ""366297"", ""disableUploadTimeout"": ""TRUE"", ""executorTerminationTimeoutMillis"": ""285488"", ""keepAliveTimeout"": ""288140"", ""maxConnections"": ""4125"", ""maxHeaderCount"": ""554"", ""maxHttpHeaderSize"": ""10602"", ""maxHttpRequestHeaderSize"": ""5573"", ""maxHttpResponseHeaderSize"": ""64941"", ""maxKeepAliveRequests"": ""3993"", ""maxParameterCount"": ""35250"", ""maxSwallowSize"": ""15018433"", ""maxThreads"": ""126"", ""minSpareThreads"": ""97"", ""processorCache"": ""39"", ""tcpNoDelay"": ""TRUE"", ""threadPriority"": ""7"", ""threadsMaxIdleTime"": ""328998"", ""useAsyncIO"": ""TRUE"", ""useVirtualThreads"": ""FALSE""}"
tomcat,lf05_hard07,"lambda_f=0.5, hard=0.7",3303,RQ1&2parrel,116,2286.19,22.13,2286.19,10.022128105163574,"[8, 50, 10, False]",0.0,10.02204442024231,0.0,"{""acceptCount"": ""140"", ""allowBackslash"": ""TRUE"", ""compression"": ""force"", ""compressionMinSize"": ""3334"", ""connectionTimeout"": ""327160"", ""connectionUploadTimeout"": ""587155"", ""disableUploadTimeout"": ""FALSE"", ""executorTerminationTimeoutMillis"": ""448089"", ""keepAliveTimeout"": ""242922"", ""maxConnections"": ""18828"", ""maxHeaderCount"": ""719"", ""maxHttpHeaderSize"": ""17394"", ""maxHttpRequestHeaderSize"": ""36249"", ""maxHttpResponseHeaderSize"": ""52985"", ""maxKeepAliveRequests"": ""1156"", ""maxParameterCount"": ""49236"", ""maxSwallowSize"": ""10738443"", ""maxThreads"": ""359"", ""minSpareThreads"": ""564"", ""processorCache"": ""265"", ""tcpNoDelay"": ""FALSE"", ""threadPriority"": ""4"", ""threadsMaxIdleTime"": ""346492"", ""useAsyncIO"": ""FALSE"", ""useVirtualThreads"": ""TRUE""}"
tomcat,lf05_hard07,"lambda_f=0.5, hard=0.7",3303,RQ1&2parrel,117,2373.55,29.1,2373.55,10.088243246078491,"[8, 50, 10, False]",0.0,10.088124990463257,0.0,"{""acceptCount"": ""411"", ""allowBackslash"": ""FALSE"", ""compression"": ""on"", ""compressionMinSize"": ""6797"", ""connectionTimeout"": ""434034"", ""connectionUploadTimeout"": ""54498"", ""disableUploadTimeout"": ""TRUE"", ""executorTerminationTimeoutMillis"": ""481135"", ""keepAliveTimeout"": ""80047"", ""maxConnections"": ""16924"", ""maxHeaderCount"": ""342"", ""maxHttpHeaderSize"": ""31885"", ""maxHttpRequestHeaderSize"": ""60041"", ""maxHttpResponseHeaderSize"": ""57830"", ""maxKeepAliveRequests"": ""1007"", ""maxParameterCount"": ""62570"", ""maxSwallowSize"": ""11193181"", ""maxThreads"": ""155"", ""minSpareThreads"": ""76"", ""processorCache"": ""129"", ""tcpNoDelay"": ""TRUE"", ""threadPriority"": ""2"", ""threadsMaxIdleTime"": ""152200"", ""useAsyncIO"": ""TRUE"", ""useVirtualThreads"": ""FALSE""}"
tomcat,lf05_hard07,"lambda_f=0.5, hard=0.7",3303,RQ1&2parrel,118,2173.96,23.23,2173.96,10.083150625228882,"[8, 50, 10, False]",0.0,10.083064317703247,0.0,"{""acceptCount"": ""809"", ""allowBackslash"": ""TRUE"", ""compression"": ""force"", ""compressionMinSize"": ""9542"", ""connectionTimeout"": ""161660"", ""connectionUploadTimeout"": ""501038"", ""disableUploadTimeout"": ""FALSE"", ""executorTerminationTimeoutMillis"": ""599861"", ""keepAliveTimeout"": ""223344"", ""maxConnections"": ""7274"", ""maxHeaderCount"": ""814"", ""maxHttpHeaderSize"": ""42124"", ""maxHttpRequestHeaderSize"": ""46741"", ""maxHttpResponseHeaderSize"": ""45011"", ""maxKeepAliveRequests"": ""4502"", ""maxParameterCount"": ""86522"", ""maxSwallowSize"": ""19736257"", ""maxThreads"": ""292"", ""minSpareThreads"": ""739"", ""processorCache"": ""287"", ""tcpNoDelay"": ""FALSE"", ""threadPriority"": ""1"", ""threadsMaxIdleTime"": ""589089"", ""useAsyncIO"": ""FALSE"", ""useVirtualThreads"": ""TRUE""}"
tomcat,lf05_hard07,"lambda_f=0.5, hard=0.7",3303,RQ1&2parrel,119,2438.5,24.25,2438.5,10.028274059295654,"[8, 50, 10, False]",0.0,10.028173923492432,0.0,"{""acceptCount"": ""565"", ""allowBackslash"": ""TRUE"", ""compression"": ""on"", ""compressionMinSize"": ""2265"", ""connectionTimeout"": ""321259"", ""connectionUploadTimeout"": ""302123"", ""disableUploadTimeout"": ""TRUE"", ""executorTerminationTimeoutMillis"": ""242636"", ""keepAliveTimeout"": ""490293"", ""maxConnections"": ""2022"", ""maxHeaderCount"": ""922"", ""maxHttpHeaderSize"": ""58611"", ""maxHttpRequestHeaderSize"": ""65072"", ""maxHttpResponseHeaderSize"": ""65009"", ""maxKeepAliveRequests"": ""1809"", ""maxParameterCount"": ""60315"", ""maxSwallowSize"": ""359322"", ""maxThreads"": ""266"", ""minSpareThreads"": ""137"", ""processorCache"": ""74"", ""tcpNoDelay"": ""TRUE"", ""threadPriority"": ""2"", ""threadsMaxIdleTime"": ""41307"", ""useAsyncIO"": ""FALSE"", ""useVirtualThreads"": ""FALSE""}"
tomcat,lf05_hard07,"lambda_f=0.5, hard=0.7",3303,RQ1&2parrel,120,2313.07,26.26,2313.07,10.087697744369507,"[8, 50, 10, False]",0.0,10.087610960006714,0.0,"{""acceptCount"": ""915"", ""allowBackslash"": ""TRUE"", ""compression"": ""force"", ""compressionMinSize"": ""8195"", ""connectionTimeout"": ""585959"", ""connectionUploadTimeout"": ""313632"", ""disableUploadTimeout"": ""FALSE"", ""executorTerminationTimeoutMillis"": ""186962"", ""keepAliveTimeout"": ""266748"", ""maxConnections"": ""19366"", ""maxHeaderCount"": ""974"", ""maxHttpHeaderSize"": ""26573"", ""maxHttpRequestHeaderSize"": ""65060"", ""maxHttpResponseHeaderSize"": ""64863"", ""maxKeepAliveRequests"": ""1280"", ""maxParameterCount"": ""16861"", ""maxSwallowSize"": ""6303943"", ""maxThreads"": ""344"", ""minSpareThreads"": ""124"", ""processorCache"": ""323"", ""tcpNoDelay"": ""FALSE"", ""threadPriority"": ""9"", ""threadsMaxIdleTime"": ""459697"", ""useAsyncIO"": ""FALSE"", ""useVirtualThreads"": ""FALSE""}"
tomcat,lf05_hard07,"lambda_f=0.5, hard=0.7",3303,RQ1&2parrel,121,2114.49,23.89,2114.49,10.057158470153809,"[8, 50, 10, False]",0.0,10.057059526443481,0.0,"{""acceptCount"": ""413"", ""allowBackslash"": ""FALSE"", ""compression"": ""force"", ""compressionMinSize"": ""4315"", ""connectionTimeout"": ""409455"", ""connectionUploadTimeout"": ""1563"", ""disableUploadTimeout"": ""TRUE"", ""executorTerminationTimeoutMillis"": ""524221"", ""keepAliveTimeout"": ""332739"", ""maxConnections"": ""744"", ""maxHeaderCount"": ""397"", ""maxHttpHeaderSize"": ""29544"", ""maxHttpRequestHeaderSize"": ""41091"", ""maxHttpResponseHeaderSize"": ""56468"", ""maxKeepAliveRequests"": ""4332"", ""maxParameterCount"": ""87778"", ""maxSwallowSize"": ""15118293"", ""maxThreads"": ""323"", ""minSpareThreads"": ""777"", ""processorCache"": ""103"", ""tcpNoDelay"": ""TRUE"", ""threadPriority"": ""3"", ""threadsMaxIdleTime"": ""522800"", ""useAsyncIO"": ""TRUE"", ""useVirtualThreads"": ""TRUE""}"
tomcat,lf05_hard07,"lambda_f=0.5, hard=0.7",3303,RQ1&2parrel,122,2424.59,24.8,2424.59,10.051177024841309,"[8, 50, 10, False]",0.0,10.051089525222778,0.0,"{""acceptCount"": ""407"", ""allowBackslash"": ""FALSE"", ""compression"": ""off"", ""compressionMinSize"": ""7101"", ""connectionTimeout"": ""198068"", ""connectionUploadTimeout"": ""526093"", ""disableUploadTimeout"": ""TRUE"", ""executorTerminationTimeoutMillis"": ""189184"", ""keepAliveTimeout"": ""22343"", ""maxConnections"": ""5717"", ""maxHeaderCount"": ""245"", ""maxHttpHeaderSize"": ""5047"", ""maxHttpRequestHeaderSize"": ""17552"", ""maxHttpResponseHeaderSize"": ""5770"", ""maxKeepAliveRequests"": ""1663"", ""maxParameterCount"": ""21372"", ""maxSwallowSize"": ""447826"", ""maxThreads"": ""287"", ""minSpareThreads"": ""76"", ""processorCache"": ""322"", ""tcpNoDelay"": ""FALSE"", ""threadPriority"": ""7"", ""threadsMaxIdleTime"": ""492123"", ""useAsyncIO"": ""FALSE"", ""useVirtualThreads"": ""FALSE""}"
tomcat,lf05_hard07,"lambda_f=0.5, hard=0.7",3303,RQ1&2parrel,123,2216.08,23.14,2216.08,10.067318201065063,"[8, 50, 10, False]",0.0,10.067227125167847,0.0,"{""acceptCount"": ""641"", ""allowBackslash"": ""FALSE"", ""compression"": ""force"", ""compressionMinSize"": ""7728"", ""connectionTimeout"": ""357506"", ""connectionUploadTimeout"": ""136187"", ""disableUploadTimeout"": ""TRUE"", ""executorTerminationTimeoutMillis"": ""115321"", ""keepAliveTimeout"": ""569735"", ""maxConnections"": ""9548"", ""maxHeaderCount"": ""807"", ""maxHttpHeaderSize"": ""8648"", ""maxHttpRequestHeaderSize"": ""12288"", ""maxHttpResponseHeaderSize"": ""10946"", ""maxKeepAliveRequests"": ""2771"", ""maxParameterCount"": ""58237"", ""maxSwallowSize"": ""20708700"", ""maxThreads"": ""241"", ""minSpareThreads"": ""334"", ""processorCache"": ""119"", ""tcpNoDelay"": ""TRUE"", ""threadPriority"": ""2"", ""threadsMaxIdleTime"": ""300898"", ""useAsyncIO"": ""FALSE"", ""useVirtualThreads"": ""TRUE""}"
tomcat,lf05_hard07,"lambda_f=0.5, hard=0.7",3303,RQ1&2parrel,124,2330.34,25.39,2330.34,10.038671255111694,"[8, 50, 10, False]",0.0,10.038572788238525,0.0,"{""acceptCount"": ""415"", ""allowBackslash"": ""FALSE"", ""compression"": ""force"", ""compressionMinSize"": ""5295"", ""connectionTimeout"": ""404170"", ""connectionUploadTimeout"": ""532417"", ""disableUploadTimeout"": ""TRUE"", ""executorTerminationTimeoutMillis"": ""518709"", ""keepAliveTimeout"": ""333383"", ""maxConnections"": ""12835"", ""maxHeaderCount"": ""768"", ""maxHttpHeaderSize"": ""11721"", ""maxHttpRequestHeaderSize"": ""57905"", ""maxHttpResponseHeaderSize"": ""24212"", ""maxKeepAliveRequests"": ""1726"", ""maxParameterCount"": ""55559"", ""maxSwallowSize"": ""14529761"", ""maxThreads"": ""167"", ""minSpareThreads"": ""701"", ""processorCache"": ""343"", ""tcpNoDelay"": ""TRUE"", ""threadPriority"": ""9"", ""threadsMaxIdleTime"": ""403586"", ""useAsyncIO"": ""TRUE"", ""useVirtualThreads"": ""FALSE""}"
tomcat,lf05_hard07,"lambda_f=0.5, hard=0.7",3303,RQ1&2parrel,125,2406.1,21.06,2406.1,10.021507501602173,"[8, 50, 10, False]",0.0,10.021385908126831,0.0,"{""acceptCount"": ""172"", ""allowBackslash"": ""FALSE"", ""compression"": ""force"", ""compressionMinSize"": ""1377"", ""connectionTimeout"": ""566207"", ""connectionUploadTimeout"": ""549160"", ""disableUploadTimeout"": ""FALSE"", ""executorTerminationTimeoutMillis"": ""273940"", ""keepAliveTimeout"": ""266207"", ""maxConnections"": ""6820"", ""maxHeaderCount"": ""698"", ""maxHttpHeaderSize"": ""9517"", ""maxHttpRequestHeaderSize"": ""63579"", ""maxHttpResponseHeaderSize"": ""29754"", ""maxKeepAliveRequests"": ""423"", ""maxParameterCount"": ""1793"", ""maxSwallowSize"": ""12521820"", ""maxThreads"": ""141"", ""minSpareThreads"": ""748"", ""processorCache"": ""366"", ""tcpNoDelay"": ""TRUE"", ""threadPriority"": ""6"", ""threadsMaxIdleTime"": ""379786"", ""useAsyncIO"": ""TRUE"", ""useVirtualThreads"": ""TRUE""}"
tomcat,lf05_hard07,"lambda_f=0.5, hard=0.7",3303,RQ1&2parrel,126,2407.34,21.43,2407.34,10.016086339950562,"[8, 50, 10, False]",0.0,10.016000270843506,0.0,"{""acceptCount"": ""232"", ""allowBackslash"": ""FALSE"", ""compression"": ""on"", ""compressionMinSize"": ""9237"", ""connectionTimeout"": ""448338"", ""connectionUploadTimeout"": ""231232"", ""disableUploadTimeout"": ""FALSE"", ""executorTerminationTimeoutMillis"": ""565839"", ""keepAliveTimeout"": ""439846"", ""maxConnections"": ""13871"", ""maxHeaderCount"": ""423"", ""maxHttpHeaderSize"": ""10700"", ""maxHttpRequestHeaderSize"": ""58658"", ""maxHttpResponseHeaderSize"": ""32689"", ""maxKeepAliveRequests"": ""3825"", ""maxParameterCount"": ""94373"", ""maxSwallowSize"": ""17194047"", ""maxThreads"": ""260"", ""minSpareThreads"": ""378"", ""processorCache"": ""376"", ""tcpNoDelay"": ""TRUE"", ""threadPriority"": ""8"", ""threadsMaxIdleTime"": ""496143"", ""useAsyncIO"": ""TRUE"", ""useVirtualThreads"": ""TRUE""}"
tomcat,lf05_hard07,"lambda_f=0.5, hard=0.7",3303,RQ1&2parrel,127,2466.54,26.72,2466.54,10.029016017913818,"[8, 50, 10, False]",0.0,10.028927326202393,0.0,"{""acceptCount"": ""839"", ""allowBackslash"": ""TRUE"", ""compression"": ""off"", ""compressionMinSize"": ""5381"", ""connectionTimeout"": ""343702"", ""connectionUploadTimeout"": ""229048"", ""disableUploadTimeout"": ""FALSE"", ""executorTerminationTimeoutMillis"": ""75986"", ""keepAliveTimeout"": ""443583"", ""maxConnections"": ""7959"", ""maxHeaderCount"": ""177"", ""maxHttpHeaderSize"": ""2968"", ""maxHttpRequestHeaderSize"": ""43572"", ""maxHttpResponseHeaderSize"": ""51907"", ""maxKeepAliveRequests"": ""3191"", ""maxParameterCount"": ""4848"", ""maxSwallowSize"": ""15195449"", ""maxThreads"": ""225"", ""minSpareThreads"": ""684"", ""processorCache"": ""63"", ""tcpNoDelay"": ""FALSE"", ""threadPriority"": ""6"", ""threadsMaxIdleTime"": ""81351"", ""useAsyncIO"": ""FALSE"", ""useVirtualThreads"": ""FALSE""}"
tomcat,lf05_hard07,"lambda_f=0.5, hard=0.7",3303,RQ1&2parrel,128,2402.26,20.87,2402.26,10.027063846588135,"[8, 50, 10, False]",0.0,10.026971817016602,0.0,"{""acceptCount"": ""754"", ""allowBackslash"": ""TRUE"", ""compression"": ""force"", ""compressionMinSize"": ""8871"", ""connectionTimeout"": ""595235"", ""connectionUploadTimeout"": ""319327"", ""disableUploadTimeout"": ""FALSE"", ""executorTerminationTimeoutMillis"": ""555322"", ""keepAliveTimeout"": ""92352"", ""maxConnections"": ""5507"", ""maxHeaderCount"": ""544"", ""maxHttpHeaderSize"": ""9493"", ""maxHttpRequestHeaderSize"": ""34407"", ""maxHttpResponseHeaderSize"": ""59686"", ""maxKeepAliveRequests"": ""488"", ""maxParameterCount"": ""6117"", ""maxSwallowSize"": ""11974225"", ""maxThreads"": ""96"", ""minSpareThreads"": ""523"", ""processorCache"": ""75"", ""tcpNoDelay"": ""TRUE"", ""threadPriority"": ""8"", ""threadsMaxIdleTime"": ""430483"", ""useAsyncIO"": ""FALSE"", ""useVirtualThreads"": ""TRUE""}"
tomcat,lf05_hard07,"lambda_f=0.5, hard=0.7",3303,RQ1&2parrel,129,2489.96,24.67,2489.96,10.032755851745605,"[8, 50, 10, False]",0.0,10.032668590545654,0.0,"{""acceptCount"": ""303"", ""allowBackslash"": ""FALSE"", ""compression"": ""off"", ""compressionMinSize"": ""4215"", ""connectionTimeout"": ""61670"", ""connectionUploadTimeout"": ""249836"", ""disableUploadTimeout"": ""TRUE"", ""executorTerminationTimeoutMillis"": ""438994"", ""keepAliveTimeout"": ""518070"", ""maxConnections"": ""2019"", ""maxHeaderCount"": ""328"", ""maxHttpHeaderSize"": ""42011"", ""maxHttpRequestHeaderSize"": ""56971"", ""maxHttpResponseHeaderSize"": ""55872"", ""maxKeepAliveRequests"": ""2440"", ""maxParameterCount"": ""56398"", ""maxSwallowSize"": ""11577588"", ""maxThreads"": ""364"", ""minSpareThreads"": ""961"", ""processorCache"": ""219"", ""tcpNoDelay"": ""FALSE"", ""threadPriority"": ""6"", ""threadsMaxIdleTime"": ""325296"", ""useAsyncIO"": ""TRUE"", ""useVirtualThreads"": ""FALSE""}"
tomcat,lf05_hard07,"lambda_f=0.5, hard=0.7",3303,RQ1&2parrel,130,2546.69,23.7,2546.69,10.032755613327026,"[8, 50, 10, False]",0.0,10.032676696777344,0.0,"{""acceptCount"": ""638"", ""allowBackslash"": ""FALSE"", ""compression"": ""on"", ""compressionMinSize"": ""1881"", ""connectionTimeout"": ""440139"", ""connectionUploadTimeout"": ""314639"", ""disableUploadTimeout"": ""FALSE"", ""executorTerminationTimeoutMillis"": ""251453"", ""keepAliveTimeout"": ""278268"", ""maxConnections"": ""12948"", ""maxHeaderCount"": ""814"", ""maxHttpHeaderSize"": ""38366"", ""maxHttpRequestHeaderSize"": ""54618"", ""maxHttpResponseHeaderSize"": ""45856"", ""maxKeepAliveRequests"": ""2540"", ""maxParameterCount"": ""37853"", ""maxSwallowSize"": ""15046917"", ""maxThreads"": ""288"", ""minSpareThreads"": ""29"", ""processorCache"": ""388"", ""tcpNoDelay"": ""FALSE"", ""threadPriority"": ""1"", ""threadsMaxIdleTime"": ""544587"", ""useAsyncIO"": ""TRUE"", ""useVirtualThreads"": ""FALSE""}"
tomcat,lf05_hard07,"lambda_f=0.5, hard=0.7",3303,RQ1&2parrel,131,2245.65,22.51,2245.65,10.048913955688477,"[8, 50, 10, False]",0.0,10.048830270767212,0.0,"{""acceptCount"": ""265"", ""allowBackslash"": ""TRUE"", ""compression"": ""on"", ""compressionMinSize"": ""7658"", ""connectionTimeout"": ""529696"", ""connectionUploadTimeout"": ""138582"", ""disableUploadTimeout"": ""FALSE"", ""executorTerminationTimeoutMillis"": ""14039"", ""keepAliveTimeout"": ""519235"", ""maxConnections"": ""12238"", ""maxHeaderCount"": ""69"", ""maxHttpHeaderSize"": ""22231"", ""maxHttpRequestHeaderSize"": ""42266"", ""maxHttpResponseHeaderSize"": ""65336"", ""maxKeepAliveRequests"": ""2858"", ""maxParameterCount"": ""11358"", ""maxSwallowSize"": ""18840848"", ""maxThreads"": ""175"", ""minSpareThreads"": ""933"", ""processorCache"": ""151"", ""tcpNoDelay"": ""FALSE"", ""threadPriority"": ""2"", ""threadsMaxIdleTime"": ""293793"", ""useAsyncIO"": ""TRUE"", ""useVirtualThreads"": ""TRUE""}"
tomcat,lf05_hard07,"lambda_f=0.5, hard=0.7",3303,RQ1&2parrel,132,2480.8,20.08,2480.8,10.028810024261475,"[8, 50, 10, False]",0.0,10.02871823310852,0.0,"{""acceptCount"": ""505"", ""allowBackslash"": ""TRUE"", ""compression"": ""on"", ""compressionMinSize"": ""2041"", ""connectionTimeout"": ""599454"", ""connectionUploadTimeout"": ""16263"", ""disableUploadTimeout"": ""TRUE"", ""executorTerminationTimeoutMillis"": ""186962"", ""keepAliveTimeout"": ""266748"", ""maxConnections"": ""12605"", ""maxHeaderCount"": ""974"", ""maxHttpHeaderSize"": ""30348"", ""maxHttpRequestHeaderSize"": ""61964"", ""maxHttpResponseHeaderSize"": ""34324"", ""maxKeepAliveRequests"": ""1192"", ""maxParameterCount"": ""17728"", ""maxSwallowSize"": ""3860057"", ""maxThreads"": ""336"", ""minSpareThreads"": ""693"", ""processorCache"": ""342"", ""tcpNoDelay"": ""FALSE"", ""threadPriority"": ""9"", ""threadsMaxIdleTime"": ""400591"", ""useAsyncIO"": ""FALSE"", ""useVirtualThreads"": ""TRUE""}"
tomcat,lf05_hard07,"lambda_f=0.5, hard=0.7",3303,RQ1&2parrel,133,2211.55,22.98,2211.55,10.070127964019775,"[8, 50, 10, False]",0.0,10.070037603378296,0.0,"{""acceptCount"": ""513"", ""allowBackslash"": ""TRUE"", ""compression"": ""on"", ""compressionMinSize"": ""2547"", ""connectionTimeout"": ""190253"", ""connectionUploadTimeout"": ""528751"", ""disableUploadTimeout"": ""FALSE"", ""executorTerminationTimeoutMillis"": ""231227"", ""keepAliveTimeout"": ""253817"", ""maxConnections"": ""10972"", ""maxHeaderCount"": ""951"", ""maxHttpHeaderSize"": ""4158"", ""maxHttpRequestHeaderSize"": ""29207"", ""maxHttpResponseHeaderSize"": ""16693"", ""maxKeepAliveRequests"": ""4140"", ""maxParameterCount"": ""77497"", ""maxSwallowSize"": ""7305519"", ""maxThreads"": ""27"", ""minSpareThreads"": ""33"", ""processorCache"": ""156"", ""tcpNoDelay"": ""TRUE"", ""threadPriority"": ""5"", ""threadsMaxIdleTime"": ""96884"", ""useAsyncIO"": ""FALSE"", ""useVirtualThreads"": ""TRUE""}"
tomcat,lf05_hard07,"lambda_f=0.5, hard=0.7",3303,RQ1&2parrel,134,2303.53,21.97,2303.53,10.06650424003601,"[8, 50, 10, False]",0.0,10.066415071487427,0.0,"{""acceptCount"": ""142"", ""allowBackslash"": ""TRUE"", ""compression"": ""on"", ""compressionMinSize"": ""2229"", ""connectionTimeout"": ""599454"", ""connectionUploadTimeout"": ""547853"", ""disableUploadTimeout"": ""TRUE"", ""executorTerminationTimeoutMillis"": ""471885"", ""keepAliveTimeout"": ""336752"", ""maxConnections"": ""11204"", ""maxHeaderCount"": ""904"", ""maxHttpHeaderSize"": ""27348"", ""maxHttpRequestHeaderSize"": ""51972"", ""maxHttpResponseHeaderSize"": ""64863"", ""maxKeepAliveRequests"": ""2174"", ""maxParameterCount"": ""16082"", ""maxSwallowSize"": ""3902489"", ""maxThreads"": ""375"", ""minSpareThreads"": ""893"", ""processorCache"": ""375"", ""tcpNoDelay"": ""TRUE"", ""threadPriority"": ""9"", ""threadsMaxIdleTime"": ""462763"", ""useAsyncIO"": ""FALSE"", ""useVirtualThreads"": ""TRUE""}"
tomcat,lf05_hard07,"lambda_f=0.5, hard=0.7",3303,RQ1&2parrel,135,2347.84,27.2,2347.84,10.056061029434204,"[8, 50, 10, False]",0.0,10.055965185165405,0.0,"{""acceptCount"": ""339"", ""allowBackslash"": ""FALSE"", ""compression"": ""off"", ""compressionMinSize"": ""5457"", ""connectionTimeout"": ""40508"", ""connectionUploadTimeout"": ""566302"", ""disableUploadTimeout"": ""FALSE"", ""executorTerminationTimeoutMillis"": ""522811"", ""keepAliveTimeout"": ""178274"", ""maxConnections"": ""11098"", ""maxHeaderCount"": ""551"", ""maxHttpHeaderSize"": ""46955"", ""maxHttpRequestHeaderSize"": ""53429"", ""maxHttpResponseHeaderSize"": ""57299"", ""maxKeepAliveRequests"": ""4699"", ""maxParameterCount"": ""41262"", ""maxSwallowSize"": ""14409319"", ""maxThreads"": ""363"", ""minSpareThreads"": ""624"", ""processorCache"": ""28"", ""tcpNoDelay"": ""FALSE"", ""threadPriority"": ""1"", ""threadsMaxIdleTime"": ""503398"", ""useAsyncIO"": ""FALSE"", ""useVirtualThreads"": ""FALSE""}"
tomcat,lf05_hard07,"lambda_f=0.5, hard=0.7",3303,RQ1&2parrel,136,2340.18,25.98,2340.18,10.052695989608765,"[8, 50, 10, False]",0.0,10.05260705947876,0.0,"{""acceptCount"": ""919"", ""allowBackslash"": ""TRUE"", ""compression"": ""on"", ""compressionMinSize"": ""7369"", ""connectionTimeout"": ""232831"", ""connectionUploadTimeout"": ""335553"", ""disableUploadTimeout"": ""FALSE"", ""executorTerminationTimeoutMillis"": ""319419"", ""keepAliveTimeout"": ""254774"", ""maxConnections"": ""1842"", ""maxHeaderCount"": ""533"", ""maxHttpHeaderSize"": ""21971"", ""maxHttpRequestHeaderSize"": ""55297"", ""maxHttpResponseHeaderSize"": ""51826"", ""maxKeepAliveRequests"": ""4753"", ""maxParameterCount"": ""78701"", ""maxSwallowSize"": ""20918859"", ""maxThreads"": ""264"", ""minSpareThreads"": ""495"", ""processorCache"": ""98"", ""tcpNoDelay"": ""FALSE"", ""threadPriority"": ""9"", ""threadsMaxIdleTime"": ""398517"", ""useAsyncIO"": ""TRUE"", ""useVirtualThreads"": ""FALSE""}"
tomcat,lf05_hard07,"lambda_f=0.5, hard=0.7",3303,RQ1&2parrel,137,2375.19,24.35,2375.19,10.03494906425476,"[8, 50, 10, False]",0.0,10.034847021102905,0.0,"{""acceptCount"": ""623"", ""allowBackslash"": ""FALSE"", ""compression"": ""on"", ""compressionMinSize"": ""8674"", ""connectionTimeout"": ""345874"", ""connectionUploadTimeout"": ""194382"", ""disableUploadTimeout"": ""TRUE"", ""executorTerminationTimeoutMillis"": ""597355"", ""keepAliveTimeout"": ""492857"", ""maxConnections"": ""1545"", ""maxHeaderCount"": ""757"", ""maxHttpHeaderSize"": ""2154"", ""maxHttpRequestHeaderSize"": ""22453"", ""maxHttpResponseHeaderSize"": ""52199"", ""maxKeepAliveRequests"": ""817"", ""maxParameterCount"": ""41392"", ""maxSwallowSize"": ""5958316"", ""maxThreads"": ""353"", ""minSpareThreads"": ""229"", ""processorCache"": ""317"", ""tcpNoDelay"": ""FALSE"", ""threadPriority"": ""1"", ""threadsMaxIdleTime"": ""498688"", ""useAsyncIO"": ""TRUE"", ""useVirtualThreads"": ""FALSE""}"
tomcat,lf05_hard07,"lambda_f=0.5, hard=0.7",3303,RQ1&2parrel,138,2363.49,26.04,2363.49,10.028259515762329,"[8, 50, 10, False]",0.0,10.028117179870605,0.0,"{""acceptCount"": ""866"", ""allowBackslash"": ""TRUE"", ""compression"": ""off"", ""compressionMinSize"": ""2964"", ""connectionTimeout"": ""181717"", ""connectionUploadTimeout"": ""414087"", ""disableUploadTimeout"": ""TRUE"", ""executorTerminationTimeoutMillis"": ""124815"", ""keepAliveTimeout"": ""308277"", ""maxConnections"": ""6728"", ""maxHeaderCount"": ""107"", ""maxHttpHeaderSize"": ""17068"", ""maxHttpRequestHeaderSize"": ""39296"", ""maxHttpResponseHeaderSize"": ""29303"", ""maxKeepAliveRequests"": ""4104"", ""maxParameterCount"": ""40538"", ""maxSwallowSize"": ""3359933"", ""maxThreads"": ""167"", ""minSpareThreads"": ""664"", ""processorCache"": ""130"", ""tcpNoDelay"": ""FALSE"", ""threadPriority"": ""2"", ""threadsMaxIdleTime"": ""203165"", ""useAsyncIO"": ""FALSE"", ""useVirtualThreads"": ""FALSE""}"
tomcat,lf05_hard07,"lambda_f=0.5, hard=0.7",3303,RQ1&2parrel,139,2172.96,23.46,2172.96,10.065107107162476,"[8, 50, 10, False]",0.0,10.065018653869629,0.0,"{""acceptCount"": ""43"", ""allowBackslash"": ""FALSE"", ""compression"": ""on"", ""compressionMinSize"": ""2412"", ""connectionTimeout"": ""74859"", ""connectionUploadTimeout"": ""340558"", ""disableUploadTimeout"": ""TRUE"", ""executorTerminationTimeoutMillis"": ""316378"", ""keepAliveTimeout"": ""19593"", ""maxConnections"": ""9103"", ""maxHeaderCount"": ""575"", ""maxHttpHeaderSize"": ""17030"", ""maxHttpRequestHeaderSize"": ""28571"", ""maxHttpResponseHeaderSize"": ""59684"", ""maxKeepAliveRequests"": ""2514"", ""maxParameterCount"": ""53260"", ""maxSwallowSize"": ""3208071"", ""maxThreads"": ""289"", ""minSpareThreads"": ""126"", ""processorCache"": ""217"", ""tcpNoDelay"": ""TRUE"", ""threadPriority"": ""10"", ""threadsMaxIdleTime"": ""60083"", ""useAsyncIO"": ""FALSE"", ""useVirtualThreads"": ""TRUE""}"
tomcat,lf05_hard07,"lambda_f=0.5, hard=0.7",3303,RQ1&2parrel,140,2371.49,27.21,2371.49,10.037139892578125,"[8, 50, 10, False]",0.0,10.037046432495117,0.0,"{""acceptCount"": ""143"", ""allowBackslash"": ""TRUE"", ""compression"": ""force"", ""compressionMinSize"": ""2240"", ""connectionTimeout"": ""599454"", ""connectionUploadTimeout"": ""298724"", ""disableUploadTimeout"": ""TRUE"", ""executorTerminationTimeoutMillis"": ""186962"", ""keepAliveTimeout"": ""266748"", ""maxConnections"": ""9578"", ""maxHeaderCount"": ""960"", ""maxHttpHeaderSize"": ""26573"", ""maxHttpRequestHeaderSize"": ""65060"", ""maxHttpResponseHeaderSize"": ""65003"", ""maxKeepAliveRequests"": ""1380"", ""maxParameterCount"": ""20698"", ""maxSwallowSize"": ""3541746"", ""maxThreads"": ""334"", ""minSpareThreads"": ""124"", ""processorCache"": ""323"", ""tcpNoDelay"": ""TRUE"", ""threadPriority"": ""9"", ""threadsMaxIdleTime"": ""462763"", ""useAsyncIO"": ""FALSE"", ""useVirtualThreads"": ""FALSE""}"
tomcat,lf05_hard07,"lambda_f=0.5, hard=0.7",3303,RQ1&2parrel,141,2454.17,25.73,2454.17,10.02925157546997,"[8, 50, 10, False]",0.0,10.029165506362915,0.0,"{""acceptCount"": ""593"", ""allowBackslash"": ""TRUE"", ""compression"": ""force"", ""compressionMinSize"": ""6355"", ""connectionTimeout"": ""115016"", ""connectionUploadTimeout"": ""46346"", ""disableUploadTimeout"": ""TRUE"", ""executorTerminationTimeoutMillis"": ""392405"", ""keepAliveTimeout"": ""157704"", ""maxConnections"": ""12837"", ""maxHeaderCount"": ""513"", ""maxHttpHeaderSize"": ""27414"", ""maxHttpRequestHeaderSize"": ""46619"", ""maxHttpResponseHeaderSize"": ""55643"", ""maxKeepAliveRequests"": ""4843"", ""maxParameterCount"": ""39801"", ""maxSwallowSize"": ""17603801"", ""maxThreads"": ""281"", ""minSpareThreads"": ""803"", ""processorCache"": ""43"", ""tcpNoDelay"": ""TRUE"", ""threadPriority"": ""1"", ""threadsMaxIdleTime"": ""185132"", ""useAsyncIO"": ""TRUE"", ""useVirtualThreads"": ""FALSE""}"
tomcat,lf05_hard07,"lambda_f=0.5, hard=0.7",3303,RQ1&2parrel,142,2475.73,20.56,2475.73,10.029629230499268,"[8, 50, 10, False]",0.0,10.029542684555054,0.0,"{""acceptCount"": ""952"", ""allowBackslash"": ""TRUE"", ""compression"": ""force"", ""compressionMinSize"": ""2850"", ""connectionTimeout"": ""582797"", ""connectionUploadTimeout"": ""476729"", ""disableUploadTimeout"": ""FALSE"", ""executorTerminationTimeoutMillis"": ""358462"", ""keepAliveTimeout"": ""578966"", ""maxConnections"": ""15810"", ""maxHeaderCount"": ""299"", ""maxHttpHeaderSize"": ""30864"", ""maxHttpRequestHeaderSize"": ""31200"", ""maxHttpResponseHeaderSize"": ""59232"", ""maxKeepAliveRequests"": ""1874"", ""maxParameterCount"": ""40278"", ""maxSwallowSize"": ""19161708"", ""maxThreads"": ""127"", ""minSpareThreads"": ""573"", ""processorCache"": ""110"", ""tcpNoDelay"": ""TRUE"", ""threadPriority"": ""9"", ""threadsMaxIdleTime"": ""298979"", ""useAsyncIO"": ""FALSE"", ""useVirtualThreads"": ""TRUE""}"
tomcat,lf05_hard07,"lambda_f=0.5, hard=0.7",3303,RQ1&2parrel,143,2385.29,21.2,2385.29,10.036270141601562,"[8, 50, 10, False]",0.0,10.036185264587402,0.0,"{""acceptCount"": ""955"", ""allowBackslash"": ""TRUE"", ""compression"": ""force"", ""compressionMinSize"": ""5818"", ""connectionTimeout"": ""462389"", ""connectionUploadTimeout"": ""39311"", ""disableUploadTimeout"": ""FALSE"", ""executorTerminationTimeoutMillis"": ""333072"", ""keepAliveTimeout"": ""465997"", ""maxConnections"": ""8883"", ""maxHeaderCount"": ""429"", ""maxHttpHeaderSize"": ""4439"", ""maxHttpRequestHeaderSize"": ""55033"", ""maxHttpResponseHeaderSize"": ""28755"", ""maxKeepAliveRequests"": ""4305"", ""maxParameterCount"": ""93899"", ""maxSwallowSize"": ""13210425"", ""maxThreads"": ""329"", ""minSpareThreads"": ""852"", ""processorCache"": ""242"", ""tcpNoDelay"": ""TRUE"", ""threadPriority"": ""8"", ""threadsMaxIdleTime"": ""515254"", ""useAsyncIO"": ""TRUE"", ""useVirtualThreads"": ""TRUE""}"
tomcat,lf05_hard07,"lambda_f=0.5, hard=0.7",3303,RQ1&2parrel,144,1984.26,25.63,1984.26,10.018069744110107,"[8, 50, 10, False]",0.0,10.017977476119995,0.0,"{""acceptCount"": ""95"", ""allowBackslash"": ""FALSE"", ""compression"": ""force"", ""compressionMinSize"": ""7287"", ""connectionTimeout"": ""595768"", ""connectionUploadTimeout"": ""499317"", ""disableUploadTimeout"": ""FALSE"", ""executorTerminationTimeoutMillis"": ""395458"", ""keepAliveTimeout"": ""8259"", ""maxConnections"": ""5295"", ""maxHeaderCount"": ""733"", ""maxHttpHeaderSize"": ""36273"", ""maxHttpRequestHeaderSize"": ""52887"", ""maxHttpResponseHeaderSize"": ""38805"", ""maxKeepAliveRequests"": ""3281"", ""maxParameterCount"": ""19982"", ""maxSwallowSize"": ""2983608"", ""maxThreads"": ""378"", ""minSpareThreads"": ""787"", ""processorCache"": ""338"", ""tcpNoDelay"": ""TRUE"", ""threadPriority"": ""8"", ""threadsMaxIdleTime"": ""234512"", ""useAsyncIO"": ""TRUE"", ""useVirtualThreads"": ""TRUE""}"
tomcat,lf05_hard07,"lambda_f=0.5, hard=0.7",3303,RQ1&2parrel,145,2174.38,23.51,2174.38,10.06359338760376,"[8, 50, 10, False]",0.0,10.063495635986328,0.0,"{""acceptCount"": ""242"", ""allowBackslash"": ""FALSE"", ""compression"": ""force"", ""compressionMinSize"": ""6465"", ""connectionTimeout"": ""474376"", ""connectionUploadTimeout"": ""38015"", ""disableUploadTimeout"": ""TRUE"", ""executorTerminationTimeoutMillis"": ""525328"", ""keepAliveTimeout"": ""537817"", ""maxConnections"": ""17224"", ""maxHeaderCount"": ""567"", ""maxHttpHeaderSize"": ""16452"", ""maxHttpRequestHeaderSize"": ""52263"", ""maxHttpResponseHeaderSize"": ""43299"", ""maxKeepAliveRequests"": ""1068"", ""maxParameterCount"": ""8192"", ""maxSwallowSize"": ""19124441"", ""maxThreads"": ""159"", ""minSpareThreads"": ""847"", ""processorCache"": ""170"", ""tcpNoDelay"": ""FALSE"", ""threadPriority"": ""8"", ""threadsMaxIdleTime"": ""30179"", ""useAsyncIO"": ""TRUE"", ""useVirtualThreads"": ""TRUE""}"
tomcat,lf05_hard07,"lambda_f=0.5, hard=0.7",3303,RQ1&2parrel,146,2083.41,24.17,2083.41,10.072639226913452,"[8, 50, 10, False]",0.0,10.072522640228271,0.0,"{""acceptCount"": ""444"", ""allowBackslash"": ""TRUE"", ""compression"": ""off"", ""compressionMinSize"": ""1503"", ""connectionTimeout"": ""542281"", ""connectionUploadTimeout"": ""285494"", ""disableUploadTimeout"": ""FALSE"", ""executorTerminationTimeoutMillis"": ""267159"", ""keepAliveTimeout"": ""32626"", ""maxConnections"": ""1291"", ""maxHeaderCount"": ""838"", ""maxHttpHeaderSize"": ""931"", ""maxHttpRequestHeaderSize"": ""23309"", ""maxHttpResponseHeaderSize"": ""61695"", ""maxKeepAliveRequests"": ""4167"", ""maxParameterCount"": ""45866"", ""maxSwallowSize"": ""12963368"", ""maxThreads"": ""5"", ""minSpareThreads"": ""976"", ""processorCache"": ""36"", ""tcpNoDelay"": ""FALSE"", ""threadPriority"": ""1"", ""threadsMaxIdleTime"": ""425155"", ""useAsyncIO"": ""TRUE"", ""useVirtualThreads"": ""TRUE""}"
tomcat,lf05_hard07,"lambda_f=0.5, hard=0.7",3303,RQ1&2parrel,147,2359.77,27.24,2359.77,10.075424671173096,"[8, 50, 10, False]",0.0,10.075336694717407,0.0,"{""acceptCount"": ""135"", ""allowBackslash"": ""TRUE"", ""compression"": ""on"", ""compressionMinSize"": ""6638"", ""connectionTimeout"": ""98221"", ""connectionUploadTimeout"": ""186366"", ""disableUploadTimeout"": ""TRUE"", ""executorTerminationTimeoutMillis"": ""389969"", ""keepAliveTimeout"": ""387671"", ""maxConnections"": ""15610"", ""maxHeaderCount"": ""950"", ""maxHttpHeaderSize"": ""14976"", ""maxHttpRequestHeaderSize"": ""63605"", ""maxHttpResponseHeaderSize"": ""43520"", ""maxKeepAliveRequests"": ""2406"", ""maxParameterCount"": ""64077"", ""maxSwallowSize"": ""17143588"", ""maxThreads"": ""81"", ""minSpareThreads"": ""755"", ""processorCache"": ""61"", ""tcpNoDelay"": ""FALSE"", ""threadPriority"": ""3"", ""threadsMaxIdleTime"": ""363753"", ""useAsyncIO"": ""TRUE"", ""useVirtualThreads"": ""FALSE""}"
tomcat,lf05_hard07,"lambda_f=0.5, hard=0.7",3303,RQ1&2parrel,148,2349.36,27.92,2349.36,10.0769681930542,"[8, 50, 10, False]",0.0,10.076866388320923,0.0,"{""acceptCount"": ""253"", ""allowBackslash"": ""FALSE"", ""compression"": ""off"", ""compressionMinSize"": ""7401"", ""connectionTimeout"": ""179505"", ""connectionUploadTimeout"": ""597569"", ""disableUploadTimeout"": ""FALSE"", ""executorTerminationTimeoutMillis"": ""289812"", ""keepAliveTimeout"": ""265074"", ""maxConnections"": ""19649"", ""maxHeaderCount"": ""715"", ""maxHttpHeaderSize"": ""15670"", ""maxHttpRequestHeaderSize"": ""21667"", ""maxHttpResponseHeaderSize"": ""27112"", ""maxKeepAliveRequests"": ""4649"", ""maxParameterCount"": ""22102"", ""maxSwallowSize"": ""15699343"", ""maxThreads"": ""232"", ""minSpareThreads"": ""67"", ""processorCache"": ""142"", ""tcpNoDelay"": ""FALSE"", ""threadPriority"": ""8"", ""threadsMaxIdleTime"": ""405448"", ""useAsyncIO"": ""TRUE"", ""useVirtualThreads"": ""FALSE""}"
tomcat,lf05_hard07,"lambda_f=0.5, hard=0.7",3303,RQ1&2parrel,149,2387.55,24.54,2387.55,10.0176842212677,"[8, 50, 10, False]",0.0,10.01756739616394,0.0,"{""acceptCount"": ""543"", ""allowBackslash"": ""FALSE"", ""compression"": ""on"", ""compressionMinSize"": ""798"", ""connectionTimeout"": ""287517"", ""connectionUploadTimeout"": ""466765"", ""disableUploadTimeout"": ""FALSE"", ""executorTerminationTimeoutMillis"": ""349749"", ""keepAliveTimeout"": ""37421"", ""maxConnections"": ""10642"", ""maxHeaderCount"": ""117"", ""maxHttpHeaderSize"": ""27411"", ""maxHttpRequestHeaderSize"": ""58128"", ""maxHttpResponseHeaderSize"": ""40619"", ""maxKeepAliveRequests"": ""3713"", ""maxParameterCount"": ""29839"", ""maxSwallowSize"": ""20634372"", ""maxThreads"": ""301"", ""minSpareThreads"": ""510"", ""processorCache"": ""137"", ""tcpNoDelay"": ""FALSE"", ""threadPriority"": ""8"", ""threadsMaxIdleTime"": ""570850"", ""useAsyncIO"": ""FALSE"", ""useVirtualThreads"": ""FALSE""}"
tomcat,lf05_hard07,"lambda_f=0.5, hard=0.7",3303,RQ1&2parrel,150,2323.89,23.15,2323.89,10.074465036392212,"[8, 50, 10, False]",0.0,10.074378728866577,0.0,"{""acceptCount"": ""640"", ""allowBackslash"": ""TRUE"", ""compression"": ""on"", ""compressionMinSize"": ""9931"", ""connectionTimeout"": ""563753"", ""connectionUploadTimeout"": ""306496"", ""disableUploadTimeout"": ""FALSE"", ""executorTerminationTimeoutMillis"": ""3128"", ""keepAliveTimeout"": ""598462"", ""maxConnections"": ""16318"", ""maxHeaderCount"": ""599"", ""maxHttpHeaderSize"": ""6538"", ""maxHttpRequestHeaderSize"": ""41565"", ""maxHttpResponseHeaderSize"": ""30861"", ""maxKeepAliveRequests"": ""1816"", ""maxParameterCount"": ""18881"", ""maxSwallowSize"": ""8655653"", ""maxThreads"": ""23"", ""minSpareThreads"": ""867"", ""processorCache"": ""80"", ""tcpNoDelay"": ""TRUE"", ""threadPriority"": ""6"", ""threadsMaxIdleTime"": ""114551"", ""useAsyncIO"": ""FALSE"", ""useVirtualThreads"": ""FALSE""}"
tomcat,lf05_hard07,"lambda_f=0.5, hard=0.7",3303,RQ1&2parrel,151,2320.74,27.45,2320.74,10.100653409957886,"[8, 50, 10, False]",0.0,10.100563287734985,0.0,"{""acceptCount"": ""773"", ""allowBackslash"": ""FALSE"", ""compression"": ""force"", ""compressionMinSize"": ""560"", ""connectionTimeout"": ""258988"", ""connectionUploadTimeout"": ""354867"", ""disableUploadTimeout"": ""FALSE"", ""executorTerminationTimeoutMillis"": ""310031"", ""keepAliveTimeout"": ""436247"", ""maxConnections"": ""12086"", ""maxHeaderCount"": ""53"", ""maxHttpHeaderSize"": ""14099"", ""maxHttpRequestHeaderSize"": ""56437"", ""maxHttpResponseHeaderSize"": ""63355"", ""maxKeepAliveRequests"": ""4516"", ""maxParameterCount"": ""74041"", ""maxSwallowSize"": ""10555000"", ""maxThreads"": ""108"", ""minSpareThreads"": ""199"", ""processorCache"": ""336"", ""tcpNoDelay"": ""TRUE"", ""threadPriority"": ""2"", ""threadsMaxIdleTime"": ""455389"", ""useAsyncIO"": ""TRUE"", ""useVirtualThreads"": ""FALSE""}"
tomcat,lf05_hard07,"lambda_f=0.5, hard=0.7",3303,RQ1&2parrel,152,2398.25,20.87,2398.25,10.066234827041626,"[8, 50, 10, False]",0.0,10.066143035888672,0.0,"{""acceptCount"": ""196"", ""allowBackslash"": ""TRUE"", ""compression"": ""off"", ""compressionMinSize"": ""3941"", ""connectionTimeout"": ""418380"", ""connectionUploadTimeout"": ""557967"", ""disableUploadTimeout"": ""TRUE"", ""executorTerminationTimeoutMillis"": ""269357"", ""keepAliveTimeout"": ""196769"", ""maxConnections"": ""16789"", ""maxHeaderCount"": ""811"", ""maxHttpHeaderSize"": ""43950"", ""maxHttpRequestHeaderSize"": ""62889"", ""maxHttpResponseHeaderSize"": ""46669"", ""maxKeepAliveRequests"": ""4541"", ""maxParameterCount"": ""80692"", ""maxSwallowSize"": ""9920891"", ""maxThreads"": ""132"", ""minSpareThreads"": ""881"", ""processorCache"": ""390"", ""tcpNoDelay"": ""FALSE"", ""threadPriority"": ""8"", ""threadsMaxIdleTime"": ""464893"", ""useAsyncIO"": ""TRUE"", ""useVirtualThreads"": ""TRUE""}"
tomcat,lf05_hard07,"lambda_f=0.5, hard=0.7",3303,RQ1&2parrel,153,2407.68,32.16,2407.68,10.033185243606567,"[8, 50, 10, False]",0.0,10.033063411712646,0.0,"{""acceptCount"": ""17"", ""allowBackslash"": ""FALSE"", ""compression"": ""off"", ""compressionMinSize"": ""1222"", ""connectionTimeout"": ""14618"", ""connectionUploadTimeout"": ""22750"", ""disableUploadTimeout"": ""FALSE"", ""executorTerminationTimeoutMillis"": ""8680"", ""keepAliveTimeout"": ""53910"", ""maxConnections"": ""867"", ""maxHeaderCount"": ""386"", ""maxHttpHeaderSize"": ""6862"", ""maxHttpRequestHeaderSize"": ""17480"", ""maxHttpResponseHeaderSize"": ""57472"", ""maxKeepAliveRequests"": ""1997"", ""maxParameterCount"": ""18846"", ""maxSwallowSize"": ""2694999"", ""maxThreads"": ""48"", ""minSpareThreads"": ""1"", ""processorCache"": ""68"", ""tcpNoDelay"": ""FALSE"", ""threadPriority"": ""2"", ""threadsMaxIdleTime"": ""391940"", ""useAsyncIO"": ""FALSE"", ""useVirtualThreads"": ""FALSE""}"
tomcat,lf05_hard07,"lambda_f=0.5, hard=0.7",3303,RQ1&2parrel,154,2364.62,25.42,2364.62,10.02192497253418,"[8, 50, 10, False]",0.0,10.021824359893799,0.0,"{""acceptCount"": ""364"", ""allowBackslash"": ""FALSE"", ""compression"": ""on"", ""compressionMinSize"": ""7371"", ""connectionTimeout"": ""574510"", ""connectionUploadTimeout"": ""304815"", ""disableUploadTimeout"": ""TRUE"", ""executorTerminationTimeoutMillis"": ""246779"", ""keepAliveTimeout"": ""581323"", ""maxConnections"": ""3447"", ""maxHeaderCount"": ""889"", ""maxHttpHeaderSize"": ""808"", ""maxHttpRequestHeaderSize"": ""47661"", ""maxHttpResponseHeaderSize"": ""670"", ""maxKeepAliveRequests"": ""2165"", ""maxParameterCount"": ""43310"", ""maxSwallowSize"": ""5492443"", ""maxThreads"": ""293"", ""minSpareThreads"": ""236"", ""processorCache"": ""309"", ""tcpNoDelay"": ""FALSE"", ""threadPriority"": ""2"", ""threadsMaxIdleTime"": ""510334"", ""useAsyncIO"": ""FALSE"", ""useVirtualThreads"": ""FALSE""}"
tomcat,lf05_hard07,"lambda_f=0.5, hard=0.7",3303,RQ1&2parrel,155,2272.81,22.6,2272.81,10.044159412384033,"[8, 50, 10, False]",0.0,10.04407000541687,0.0,"{""acceptCount"": ""357"", ""allowBackslash"": ""FALSE"", ""compression"": ""force"", ""compressionMinSize"": ""9646"", ""connectionTimeout"": ""402942"", ""connectionUploadTimeout"": ""158715"", ""disableUploadTimeout"": ""TRUE"", ""executorTerminationTimeoutMillis"": ""402351"", ""keepAliveTimeout"": ""219378"", ""maxConnections"": ""10442"", ""maxHeaderCount"": ""635"", ""maxHttpHeaderSize"": ""10269"", ""maxHttpRequestHeaderSize"": ""25501"", ""maxHttpResponseHeaderSize"": ""54259"", ""maxKeepAliveRequests"": ""3024"", ""maxParameterCount"": ""53638"", ""maxSwallowSize"": ""15999849"", ""maxThreads"": ""256"", ""minSpareThreads"": ""820"", ""processorCache"": ""87"", ""tcpNoDelay"": ""TRUE"", ""threadPriority"": ""2"", ""threadsMaxIdleTime"": ""54382"", ""useAsyncIO"": ""TRUE"", ""useVirtualThreads"": ""TRUE""}"
tomcat,lf05_hard07,"lambda_f=0.5, hard=0.7",3303,RQ1&2parrel,156,1107.19,46.82,1107.19,10.083470821380615,"[8, 50, 10, False]",0.0,10.083348035812378,0.0,"{""acceptCount"": ""676"", ""allowBackslash"": ""FALSE"", ""compression"": ""force"", ""compressionMinSize"": ""3917"", ""connectionTimeout"": ""129501"", ""connectionUploadTimeout"": ""599771"", ""disableUploadTimeout"": ""TRUE"", ""executorTerminationTimeoutMillis"": ""73116"", ""keepAliveTimeout"": ""178105"", ""maxConnections"": ""4626"", ""maxHeaderCount"": ""637"", ""maxHttpHeaderSize"": ""50441"", ""maxHttpRequestHeaderSize"": ""57261"", ""maxHttpResponseHeaderSize"": ""57436"", ""maxKeepAliveRequests"": ""1"", ""maxParameterCount"": ""22871"", ""maxSwallowSize"": ""14765616"", ""maxThreads"": ""261"", ""minSpareThreads"": ""477"", ""processorCache"": ""262"", ""tcpNoDelay"": ""TRUE"", ""threadPriority"": ""6"", ""threadsMaxIdleTime"": ""382597"", ""useAsyncIO"": ""TRUE"", ""useVirtualThreads"": ""FALSE""}"
tomcat,lf05_hard07,"lambda_f=0.5, hard=0.7",3303,RQ1&2parrel,157,2202.16,22.84,2202.16,10.034632682800293,"[8, 50, 10, False]",0.0,10.034537315368652,0.0,"{""acceptCount"": ""355"", ""allowBackslash"": ""FALSE"", ""compression"": ""on"", ""compressionMinSize"": ""7099"", ""connectionTimeout"": ""424908"", ""connectionUploadTimeout"": ""109367"", ""disableUploadTimeout"": ""TRUE"", ""executorTerminationTimeoutMillis"": ""87405"", ""keepAliveTimeout"": ""231722"", ""maxConnections"": ""19322"", ""maxHeaderCount"": ""131"", ""maxHttpHeaderSize"": ""7289"", ""maxHttpRequestHeaderSize"": ""5891"", ""maxHttpResponseHeaderSize"": ""14634"", ""maxKeepAliveRequests"": ""3039"", ""maxParameterCount"": ""72324"", ""maxSwallowSize"": ""5699734"", ""maxThreads"": ""306"", ""minSpareThreads"": ""836"", ""processorCache"": ""102"", ""tcpNoDelay"": ""TRUE"", ""threadPriority"": ""5"", ""threadsMaxIdleTime"": ""371646"", ""useAsyncIO"": ""FALSE"", ""useVirtualThreads"": ""TRUE""}"
tomcat,lf05_hard07,"lambda_f=0.5, hard=0.7",3303,RQ1&2parrel,158,2255.49,22.3,2255.49,10.04612112045288,"[8, 50, 10, False]",0.0,10.046033143997192,0.0,"{""acceptCount"": ""862"", ""allowBackslash"": ""TRUE"", ""compression"": ""force"", ""compressionMinSize"": ""7242"", ""connectionTimeout"": ""311887"", ""connectionUploadTimeout"": ""214346"", ""disableUploadTimeout"": ""FALSE"", ""executorTerminationTimeoutMillis"": ""120391"", ""keepAliveTimeout"": ""583592"", ""maxConnections"": ""14179"", ""maxHeaderCount"": ""959"", ""maxHttpHeaderSize"": ""15771"", ""maxHttpRequestHeaderSize"": ""28698"", ""maxHttpResponseHeaderSize"": ""48267"", ""maxKeepAliveRequests"": ""3431"", ""maxParameterCount"": ""96308"", ""maxSwallowSize"": ""20007152"", ""maxThreads"": ""148"", ""minSpareThreads"": ""360"", ""processorCache"": ""25"", ""tcpNoDelay"": ""FALSE"", ""threadPriority"": ""4"", ""threadsMaxIdleTime"": ""376766"", ""useAsyncIO"": ""FALSE"", ""useVirtualThreads"": ""TRUE""}"
tomcat,lf05_hard07,"lambda_f=0.5, hard=0.7",3303,RQ1&2parrel,159,2396.51,21.19,2396.51,10.034884214401245,"[8, 50, 10, False]",0.0,10.034796714782715,0.0,"{""acceptCount"": ""208"", ""allowBackslash"": ""TRUE"", ""compression"": ""force"", ""compressionMinSize"": ""3340"", ""connectionTimeout"": ""336277"", ""connectionUploadTimeout"": ""267884"", ""disableUploadTimeout"": ""TRUE"", ""executorTerminationTimeoutMillis"": ""269293"", ""keepAliveTimeout"": ""515144"", ""maxConnections"": ""2935"", ""maxHeaderCount"": ""303"", ""maxHttpHeaderSize"": ""42019"", ""maxHttpRequestHeaderSize"": ""48511"", ""maxHttpResponseHeaderSize"": ""65043"", ""maxKeepAliveRequests"": ""1231"", ""maxParameterCount"": ""74297"", ""maxSwallowSize"": ""3561500"", ""maxThreads"": ""31"", ""minSpareThreads"": ""321"", ""processorCache"": ""241"", ""tcpNoDelay"": ""TRUE"", ""threadPriority"": ""2"", ""threadsMaxIdleTime"": ""25047"", ""useAsyncIO"": ""TRUE"", ""useVirtualThreads"": ""TRUE""}"
tomcat,lf05_hard07,"lambda_f=0.5, hard=0.7",3303,RQ1&2parrel,160,2475.26,23.74,2475.26,10.03113341331482,"[8, 50, 10, False]",0.0,10.031044006347656,0.0,"{""acceptCount"": ""619"", ""allowBackslash"": ""TRUE"", ""compression"": ""on"", ""compressionMinSize"": ""6195"", ""connectionTimeout"": ""389914"", ""connectionUploadTimeout"": ""217489"", ""disableUploadTimeout"": ""TRUE"", ""executorTerminationTimeoutMillis"": ""277156"", ""keepAliveTimeout"": ""410913"", ""maxConnections"": ""10619"", ""maxHeaderCount"": ""101"", ""maxHttpHeaderSize"": ""47120"", ""maxHttpRequestHeaderSize"": ""62792"", ""maxHttpResponseHeaderSize"": ""51946"", ""maxKeepAliveRequests"": ""1936"", ""maxParameterCount"": ""72713"", ""maxSwallowSize"": ""5643961"", ""maxThreads"": ""374"", ""minSpareThreads"": ""153"", ""processorCache"": ""386"", ""tcpNoDelay"": ""TRUE"", ""threadPriority"": ""1"", ""threadsMaxIdleTime"": ""560779"", ""useAsyncIO"": ""TRUE"", ""useVirtualThreads"": ""FALSE""}"
tomcat,lf05_hard07,"lambda_f=0.5, hard=0.7",3303,RQ1&2parrel,161,2470.77,20.55,2470.77,10.015776634216309,"[8, 50, 10, False]",0.0,10.015689373016357,0.0,"{""acceptCount"": ""184"", ""allowBackslash"": ""TRUE"", ""compression"": ""on"", ""compressionMinSize"": ""516"", ""connectionTimeout"": ""147330"", ""connectionUploadTimeout"": ""285401"", ""disableUploadTimeout"": ""FALSE"", ""executorTerminationTimeoutMillis"": ""322105"", ""keepAliveTimeout"": ""103378"", ""maxConnections"": ""13817"", ""maxHeaderCount"": ""382"", ""maxHttpHeaderSize"": ""7561"", ""maxHttpRequestHeaderSize"": ""61990"", ""maxHttpResponseHeaderSize"": ""38174"", ""maxKeepAliveRequests"": ""3534"", ""maxParameterCount"": ""26116"", ""maxSwallowSize"": ""13012352"", ""maxThreads"": ""7"", ""minSpareThreads"": ""292"", ""processorCache"": ""85"", ""tcpNoDelay"": ""TRUE"", ""threadPriority"": ""1"", ""threadsMaxIdleTime"": ""304504"", ""useAsyncIO"": ""FALSE"", ""useVirtualThreads"": ""TRUE""}"
tomcat,lf05_hard07,"lambda_f=0.5, hard=0.7",3303,RQ1&2parrel,162,2305.39,15.05,2305.39,10.037073612213135,"[8, 50, 10, False]",0.0,10.036957263946533,0.0,"{""acceptCount"": ""793"", ""allowBackslash"": ""TRUE"", ""compression"": ""off"", ""compressionMinSize"": ""50"", ""connectionTimeout"": ""494034"", ""connectionUploadTimeout"": ""141003"", ""disableUploadTimeout"": ""TRUE"", ""executorTerminationTimeoutMillis"": ""215556"", ""keepAliveTimeout"": ""537966"", ""maxConnections"": ""34"", ""maxHeaderCount"": ""691"", ""maxHttpHeaderSize"": ""35296"", ""maxHttpRequestHeaderSize"": ""52364"", ""maxHttpResponseHeaderSize"": ""53406"", ""maxKeepAliveRequests"": ""4928"", ""maxParameterCount"": ""14908"", ""maxSwallowSize"": ""17537331"", ""maxThreads"": ""141"", ""minSpareThreads"": ""95"", ""processorCache"": ""285"", ""tcpNoDelay"": ""TRUE"", ""threadPriority"": ""7"", ""threadsMaxIdleTime"": ""436655"", ""useAsyncIO"": ""FALSE"", ""useVirtualThreads"": ""TRUE""}"
tomcat,lf05_hard07,"lambda_f=0.5, hard=0.7",3303,RQ1&2parrel,163,2277.89,22.0,2277.89,10.024246215820312,"[8, 50, 10, False]",0.0,10.024163722991943,0.0,"{""acceptCount"": ""997"", ""allowBackslash"": ""TRUE"", ""compression"": ""on"", ""compressionMinSize"": ""3480"", ""connectionTimeout"": ""468690"", ""connectionUploadTimeout"": ""55133"", ""disableUploadTimeout"": ""TRUE"", ""executorTerminationTimeoutMillis"": ""103401"", ""keepAliveTimeout"": ""211694"", ""maxConnections"": ""18240"", ""maxHeaderCount"": ""302"", ""maxHttpHeaderSize"": ""19390"", ""maxHttpRequestHeaderSize"": ""38606"", ""maxHttpResponseHeaderSize"": ""57810"", ""maxKeepAliveRequests"": ""1731"", ""maxParameterCount"": ""33430"", ""maxSwallowSize"": ""623620"", ""maxThreads"": ""79"", ""minSpareThreads"": ""707"", ""processorCache"": ""224"", ""tcpNoDelay"": ""FALSE"", ""threadPriority"": ""8"", ""threadsMaxIdleTime"": ""160039"", ""useAsyncIO"": ""FALSE"", ""useVirtualThreads"": ""TRUE""}"
tomcat,lf05_hard07,"lambda_f=0.5, hard=0.7",3303,RQ1&2parrel,164,2161.3,23.08,2161.3,10.06909704208374,"[8, 50, 10, False]",0.0,10.069005250930786,0.0,"{""acceptCount"": ""909"", ""allowBackslash"": ""FALSE"", ""compression"": ""on"", ""compressionMinSize"": ""8832"", ""connectionTimeout"": ""558544"", ""connectionUploadTimeout"": ""451791"", ""disableUploadTimeout"": ""FALSE"", ""executorTerminationTimeoutMillis"": ""223988"", ""keepAliveTimeout"": ""471246"", ""maxConnections"": ""6174"", ""maxHeaderCount"": ""276"", ""maxHttpHeaderSize"": ""22623"", ""maxHttpRequestHeaderSize"": ""55243"", ""maxHttpResponseHeaderSize"": ""64485"", ""maxKeepAliveRequests"": ""2792"", ""maxParameterCount"": ""36942"", ""maxSwallowSize"": ""16702197"", ""maxThreads"": ""376"", ""minSpareThreads"": ""868"", ""processorCache"": ""323"", ""tcpNoDelay"": ""TRUE"", ""threadPriority"": ""2"", ""threadsMaxIdleTime"": ""68509"", ""useAsyncIO"": ""TRUE"", ""useVirtualThreads"": ""TRUE""}"
tomcat,lf05_hard07,"lambda_f=0.5, hard=0.7",3303,RQ1&2parrel,165,2471.43,20.26,2471.43,10.01870322227478,"[8, 50, 10, False]",0.0,10.0186128616333,0.0,"{""acceptCount"": ""69"", ""allowBackslash"": ""TRUE"", ""compression"": ""force"", ""compressionMinSize"": ""8067"", ""connectionTimeout"": ""334661"", ""connectionUploadTimeout"": ""435848"", ""disableUploadTimeout"": ""FALSE"", ""executorTerminationTimeoutMillis"": ""476210"", ""keepAliveTimeout"": ""430703"", ""maxConnections"": ""9778"", ""maxHeaderCount"": ""496"", ""maxHttpHeaderSize"": ""6183"", ""maxHttpRequestHeaderSize"": ""29230"", ""maxHttpResponseHeaderSize"": ""49597"", ""maxKeepAliveRequests"": ""2427"", ""maxParameterCount"": ""8084"", ""maxSwallowSize"": ""20384800"", ""maxThreads"": ""213"", ""minSpareThreads"": ""530"", ""processorCache"": ""349"", ""tcpNoDelay"": ""FALSE"", ""threadPriority"": ""5"", ""threadsMaxIdleTime"": ""215428"", ""useAsyncIO"": ""FALSE"", ""useVirtualThreads"": ""TRUE""}"
tomcat,lf05_hard07,"lambda_f=0.5, hard=0.7",3303,RQ1&2parrel,166,2144.93,23.42,2144.93,10.027126550674438,"[8, 50, 10, False]",0.0,10.027035474777222,0.0,"{""acceptCount"": ""884"", ""allowBackslash"": ""TRUE"", ""compression"": ""off"", ""compressionMinSize"": ""6027"", ""connectionTimeout"": ""127264"", ""connectionUploadTimeout"": ""69316"", ""disableUploadTimeout"": ""TRUE"", ""executorTerminationTimeoutMillis"": ""146329"", ""keepAliveTimeout"": ""398031"", ""maxConnections"": ""7289"", ""maxHeaderCount"": ""710"", ""maxHttpHeaderSize"": ""7898"", ""maxHttpRequestHeaderSize"": ""59962"", ""maxHttpResponseHeaderSize"": ""46699"", ""maxKeepAliveRequests"": ""534"", ""maxParameterCount"": ""40267"", ""maxSwallowSize"": ""12635169"", ""maxThreads"": ""207"", ""minSpareThreads"": ""502"", ""processorCache"": ""349"", ""tcpNoDelay"": ""TRUE"", ""threadPriority"": ""1"", ""threadsMaxIdleTime"": ""46560"", ""useAsyncIO"": ""TRUE"", ""useVirtualThreads"": ""TRUE""}"
tomcat,lf05_hard07,"lambda_f=0.5, hard=0.7",3303,RQ1&2parrel,167,2328.03,21.62,2328.03,10.030184268951416,"[8, 50, 10, False]",0.0,10.030086755752563,0.0,"{""acceptCount"": ""344"", ""allowBackslash"": ""FALSE"", ""compression"": ""force"", ""compressionMinSize"": ""2650"", ""connectionTimeout"": ""342311"", ""connectionUploadTimeout"": ""397449"", ""disableUploadTimeout"": ""TRUE"", ""executorTerminationTimeoutMillis"": ""169177"", ""keepAliveTimeout"": ""395699"", ""maxConnections"": ""3355"", ""maxHeaderCount"": ""710"", ""maxHttpHeaderSize"": ""6329"", ""maxHttpRequestHeaderSize"": ""32354"", ""maxHttpResponseHeaderSize"": ""15216"", ""maxKeepAliveRequests"": ""4259"", ""maxParameterCount"": ""26586"", ""maxSwallowSize"": ""6778012"", ""maxThreads"": ""251"", ""minSpareThreads"": ""747"", ""processorCache"": ""79"", ""tcpNoDelay"": ""TRUE"", ""threadPriority"": ""10"", ""threadsMaxIdleTime"": ""386796"", ""useAsyncIO"": ""TRUE"", ""useVirtualThreads"": ""TRUE""}"
tomcat,lf05_hard07,"lambda_f=0.5, hard=0.7",3303,RQ1&2parrel,168,2414.51,20.75,2414.51,10.028002738952637,"[8, 50, 10, False]",0.0,10.027910232543945,0.0,"{""acceptCount"": ""946"", ""allowBackslash"": ""FALSE"", ""compression"": ""force"", ""compressionMinSize"": ""5477"", ""connectionTimeout"": ""119162"", ""connectionUploadTimeout"": ""463432"", ""disableUploadTimeout"": ""FALSE"", ""executorTerminationTimeoutMillis"": ""416861"", ""keepAliveTimeout"": ""134814"", ""maxConnections"": ""6756"", ""maxHeaderCount"": ""315"", ""maxHttpHeaderSize"": ""15315"", ""maxHttpRequestHeaderSize"": ""34032"", ""maxHttpResponseHeaderSize"": ""57031"", ""maxKeepAliveRequests"": ""4039"", ""maxParameterCount"": ""11107"", ""maxSwallowSize"": ""3838109"", ""maxThreads"": ""29"", ""minSpareThreads"": ""283"", ""processorCache"": ""286"", ""tcpNoDelay"": ""TRUE"", ""threadPriority"": ""3"", ""threadsMaxIdleTime"": ""468675"", ""useAsyncIO"": ""TRUE"", ""useVirtualThreads"": ""TRUE""}"
tomcat,lf05_hard07,"lambda_f=0.5, hard=0.7",3303,RQ1&2parrel,169,2245.63,22.47,2245.63,10.018731355667114,"[8, 50, 10, False]",0.0,10.018642902374268,0.0,"{""acceptCount"": ""964"", ""allowBackslash"": ""FALSE"", ""compression"": ""on"", ""compressionMinSize"": ""3906"", ""connectionTimeout"": ""472576"", ""connectionUploadTimeout"": ""229981"", ""disableUploadTimeout"": ""TRUE"", ""executorTerminationTimeoutMillis"": ""546189"", ""keepAliveTimeout"": ""395046"", ""maxConnections"": ""2529"", ""maxHeaderCount"": ""507"", ""maxHttpHeaderSize"": ""7589"", ""maxHttpRequestHeaderSize"": ""22190"", ""maxHttpResponseHeaderSize"": ""41018"", ""maxKeepAliveRequests"": ""4379"", ""maxParameterCount"": ""4391"", ""maxSwallowSize"": ""13868589"", ""maxThreads"": ""399"", ""minSpareThreads"": ""453"", ""processorCache"": ""73"", ""tcpNoDelay"": ""TRUE"", ""threadPriority"": ""4"", ""threadsMaxIdleTime"": ""6055"", ""useAsyncIO"": ""FALSE"", ""useVirtualThreads"": ""TRUE""}"
tomcat,lf05_hard07,"lambda_f=0.5, hard=0.7",3303,RQ1&2parrel,170,2296.08,27.38,2296.08,10.035818815231323,"[8, 50, 10, False]",0.0,10.035726547241211,0.0,"{""acceptCount"": ""128"", ""allowBackslash"": ""FALSE"", ""compression"": ""force"", ""compressionMinSize"": ""3406"", ""connectionTimeout"": ""86724"", ""connectionUploadTimeout"": ""147785"", ""disableUploadTimeout"": ""FALSE"", ""executorTerminationTimeoutMillis"": ""453416"", ""keepAliveTimeout"": ""476283"", ""maxConnections"": ""11731"", ""maxHeaderCount"": ""123"", ""maxHttpHeaderSize"": ""11775"", ""maxHttpRequestHeaderSize"": ""31905"", ""maxHttpResponseHeaderSize"": ""23142"", ""maxKeepAliveRequests"": ""1395"", ""maxParameterCount"": ""34957"", ""maxSwallowSize"": ""17801108"", ""maxThreads"": ""48"", ""minSpareThreads"": ""435"", ""processorCache"": ""230"", ""tcpNoDelay"": ""FALSE"", ""threadPriority"": ""8"", ""threadsMaxIdleTime"": ""155727"", ""useAsyncIO"": ""FALSE"", ""useVirtualThreads"": ""FALSE""}"
tomcat,lf05_hard07,"lambda_f=0.5, hard=0.7",3303,RQ1&2parrel,171,2415.29,24.16,2415.29,10.040785789489746,"[8, 50, 10, False]",0.0,10.039406299591064,0.0,"{""acceptCount"": ""276"", ""allowBackslash"": ""TRUE"", ""compression"": ""on"", ""compressionMinSize"": ""6425"", ""connectionTimeout"": ""438356"", ""connectionUploadTimeout"": ""101688"", ""disableUploadTimeout"": ""FALSE"", ""executorTerminationTimeoutMillis"": ""160318"", ""keepAliveTimeout"": ""333536"", ""maxConnections"": ""17210"", ""maxHeaderCount"": ""546"", ""maxHttpHeaderSize"": ""4226"", ""maxHttpRequestHeaderSize"": ""2058"", ""maxHttpResponseHeaderSize"": ""55644"", ""maxKeepAliveRequests"": ""4935"", ""maxParameterCount"": ""82843"", ""maxSwallowSize"": ""3951678"", ""maxThreads"": ""133"", ""minSpareThreads"": ""514"", ""processorCache"": ""186"", ""tcpNoDelay"": ""FALSE"", ""threadPriority"": ""2"", ""threadsMaxIdleTime"": ""414524"", ""useAsyncIO"": ""TRUE"", ""useVirtualThreads"": ""FALSE""}"
tomcat,lf05_hard07,"lambda_f=0.5, hard=0.7",3303,RQ1&2parrel,172,2419.15,25.71,2419.15,10.035866737365723,"[8, 50, 10, False]",0.0,10.03574514389038,0.0,"{""acceptCount"": ""408"", ""allowBackslash"": ""FALSE"", ""compression"": ""on"", ""compressionMinSize"": ""6300"", ""connectionTimeout"": ""30006"", ""connectionUploadTimeout"": ""425751"", ""disableUploadTimeout"": ""FALSE"", ""executorTerminationTimeoutMillis"": ""466174"", ""keepAliveTimeout"": ""185647"", ""maxConnections"": ""4946"", ""maxHeaderCount"": ""182"", ""maxHttpHeaderSize"": ""2746"", ""maxHttpRequestHeaderSize"": ""60224"", ""maxHttpResponseHeaderSize"": ""48145"", ""maxKeepAliveRequests"": ""3082"", ""maxParameterCount"": ""24572"", ""maxSwallowSize"": ""19239916"", ""maxThreads"": ""39"", ""minSpareThreads"": ""590"", ""processorCache"": ""323"", ""tcpNoDelay"": ""TRUE"", ""threadPriority"": ""3"", ""threadsMaxIdleTime"": ""506049"", ""useAsyncIO"": ""FALSE"", ""useVirtualThreads"": ""FALSE""}"
tomcat,lf05_hard07,"lambda_f=0.5, hard=0.7",3303,RQ1&2parrel,173,2237.72,28.52,2237.72,10.071442127227783,"[8, 50, 10, False]",0.0,10.071354627609253,0.0,"{""acceptCount"": ""358"", ""allowBackslash"": ""TRUE"", ""compression"": ""off"", ""compressionMinSize"": ""4251"", ""connectionTimeout"": ""374464"", ""connectionUploadTimeout"": ""243853"", ""disableUploadTimeout"": ""TRUE"", ""executorTerminationTimeoutMillis"": ""33945"", ""keepAliveTimeout"": ""232687"", ""maxConnections"": ""9650"", ""maxHeaderCount"": ""262"", ""maxHttpHeaderSize"": ""2122"", ""maxHttpRequestHeaderSize"": ""42001"", ""maxHttpResponseHeaderSize"": ""53509"", ""maxKeepAliveRequests"": ""3231"", ""maxParameterCount"": ""14614"", ""maxSwallowSize"": ""2484001"", ""maxThreads"": ""175"", ""minSpareThreads"": ""602"", ""processorCache"": ""387"", ""tcpNoDelay"": ""TRUE"", ""threadPriority"": ""9"", ""threadsMaxIdleTime"": ""55087"", ""useAsyncIO"": ""TRUE"", ""useVirtualThreads"": ""FALSE""}"
tomcat,lf05_hard07,"lambda_f=0.5, hard=0.7",3303,RQ1&2parrel,174,2240.11,22.67,2240.11,10.03628659248352,"[8, 50, 10, False]",0.0,10.036195516586304,0.0,"{""acceptCount"": ""494"", ""allowBackslash"": ""TRUE"", ""compression"": ""on"", ""compressionMinSize"": ""2285"", ""connectionTimeout"": ""599454"", ""connectionUploadTimeout"": ""20287"", ""disableUploadTimeout"": ""TRUE"", ""executorTerminationTimeoutMillis"": ""12545"", ""keepAliveTimeout"": ""266748"", ""maxConnections"": ""9737"", ""maxHeaderCount"": ""818"", ""maxHttpHeaderSize"": ""26573"", ""maxHttpRequestHeaderSize"": ""63930"", ""maxHttpResponseHeaderSize"": ""64863"", ""maxKeepAliveRequests"": ""1280"", ""maxParameterCount"": ""35793"", ""maxSwallowSize"": ""3541746"", ""maxThreads"": ""118"", ""minSpareThreads"": ""104"", ""processorCache"": ""19"", ""tcpNoDelay"": ""TRUE"", ""threadPriority"": ""7"", ""threadsMaxIdleTime"": ""574893"", ""useAsyncIO"": ""TRUE"", ""useVirtualThreads"": ""TRUE""}"
tomcat,lf05_hard07,"lambda_f=0.5, hard=0.7",3303,RQ1&2parrel,175,2237.58,27.24,2237.58,10.03836989402771,"[8, 50, 10, False]",0.0,10.038252353668213,0.0,"{""acceptCount"": ""993"", ""allowBackslash"": ""TRUE"", ""compression"": ""force"", ""compressionMinSize"": ""926"", ""connectionTimeout"": ""367461"", ""connectionUploadTimeout"": ""402188"", ""disableUploadTimeout"": ""TRUE"", ""executorTerminationTimeoutMillis"": ""205447"", ""keepAliveTimeout"": ""261434"", ""maxConnections"": ""6222"", ""maxHeaderCount"": ""488"", ""maxHttpHeaderSize"": ""13006"", ""maxHttpRequestHeaderSize"": ""52488"", ""maxHttpResponseHeaderSize"": ""45104"", ""maxKeepAliveRequests"": ""866"", ""maxParameterCount"": ""18915"", ""maxSwallowSize"": ""12317703"", ""maxThreads"": ""229"", ""minSpareThreads"": ""846"", ""processorCache"": ""285"", ""tcpNoDelay"": ""TRUE"", ""threadPriority"": ""5"", ""threadsMaxIdleTime"": ""367856"", ""useAsyncIO"": ""TRUE"", ""useVirtualThreads"": ""FALSE""}"
tomcat,lf05_hard07,"lambda_f=0.5, hard=0.7",3303,RQ1&2parrel,176,2699.56,22.33,2699.56,10.019479513168335,"[8, 50, 10, False]",0.0,10.019388198852539,0.0,"{""acceptCount"": ""143"", ""allowBackslash"": ""TRUE"", ""compression"": ""force"", ""compressionMinSize"": ""2240"", ""connectionTimeout"": ""599454"", ""connectionUploadTimeout"": ""298724"", ""disableUploadTimeout"": ""TRUE"", ""executorTerminationTimeoutMillis"": ""207095"", ""keepAliveTimeout"": ""266748"", ""maxConnections"": ""9578"", ""maxHeaderCount"": ""974"", ""maxHttpHeaderSize"": ""26573"", ""maxHttpRequestHeaderSize"": ""65060"", ""maxHttpResponseHeaderSize"": ""64863"", ""maxKeepAliveRequests"": ""1280"", ""maxParameterCount"": ""16061"", ""maxSwallowSize"": ""3541746"", ""maxThreads"": ""334"", ""minSpareThreads"": ""15"", ""processorCache"": ""323"", ""tcpNoDelay"": ""TRUE"", ""threadPriority"": ""9"", ""threadsMaxIdleTime"": ""462763"", ""useAsyncIO"": ""FALSE"", ""useVirtualThreads"": ""FALSE""}"
tomcat,lf05_hard07,"lambda_f=0.5, hard=0.7",3303,RQ1&2parrel,177,2219.71,22.92,2219.71,10.028613090515137,"[8, 50, 10, False]",0.0,10.028519868850708,0.0,"{""acceptCount"": ""744"", ""allowBackslash"": ""FALSE"", ""compression"": ""force"", ""compressionMinSize"": ""6800"", ""connectionTimeout"": ""525996"", ""connectionUploadTimeout"": ""550577"", ""disableUploadTimeout"": ""TRUE"", ""executorTerminationTimeoutMillis"": ""559220"", ""keepAliveTimeout"": ""104433"", ""maxConnections"": ""10719"", ""maxHeaderCount"": ""689"", ""maxHttpHeaderSize"": ""16593"", ""maxHttpRequestHeaderSize"": ""50763"", ""maxHttpResponseHeaderSize"": ""32493"", ""maxKeepAliveRequests"": ""1143"", ""maxParameterCount"": ""42674"", ""maxSwallowSize"": ""12685955"", ""maxThreads"": ""389"", ""minSpareThreads"": ""548"", ""processorCache"": ""181"", ""tcpNoDelay"": ""FALSE"", ""threadPriority"": ""7"", ""threadsMaxIdleTime"": ""354043"", ""useAsyncIO"": ""FALSE"", ""useVirtualThreads"": ""TRUE""}"
tomcat,lf05_hard07,"lambda_f=0.5, hard=0.7",3303,RQ1&2parrel,178,2228.33,22.52,2228.33,10.024302959442139,"[8, 50, 10, False]",0.0,10.024208068847656,0.0,"{""acceptCount"": ""405"", ""allowBackslash"": ""FALSE"", ""compression"": ""force"", ""compressionMinSize"": ""5443"", ""connectionTimeout"": ""342614"", ""connectionUploadTimeout"": ""208204"", ""disableUploadTimeout"": ""TRUE"", ""executorTerminationTimeoutMillis"": ""140901"", ""keepAliveTimeout"": ""155858"", ""maxConnections"": ""16065"", ""maxHeaderCount"": ""822"", ""maxHttpHeaderSize"": ""31233"", ""maxHttpRequestHeaderSize"": ""41251"", ""maxHttpResponseHeaderSize"": ""39961"", ""maxKeepAliveRequests"": ""857"", ""maxParameterCount"": ""79383"", ""maxSwallowSize"": ""14391091"", ""maxThreads"": ""361"", ""minSpareThreads"": ""495"", ""processorCache"": ""168"", ""tcpNoDelay"": ""FALSE"", ""threadPriority"": ""9"", ""threadsMaxIdleTime"": ""127297"", ""useAsyncIO"": ""TRUE"", ""useVirtualThreads"": ""TRUE""}"
tomcat,lf05_hard07,"lambda_f=0.5, hard=0.7",3303,RQ1&2parrel,179,2270.98,22.09,2270.98,10.019840717315674,"[8, 50, 10, False]",0.0,10.019749641418457,0.0,"{""acceptCount"": ""30"", ""allowBackslash"": ""FALSE"", ""compression"": ""on"", ""compressionMinSize"": ""4487"", ""connectionTimeout"": ""479540"", ""connectionUploadTimeout"": ""435343"", ""disableUploadTimeout"": ""TRUE"", ""executorTerminationTimeoutMillis"": ""533606"", ""keepAliveTimeout"": ""497273"", ""maxConnections"": ""12980"", ""maxHeaderCount"": ""856"", ""maxHttpHeaderSize"": ""19297"", ""maxHttpRequestHeaderSize"": ""36199"", ""maxHttpResponseHeaderSize"": ""64163"", ""maxKeepAliveRequests"": ""1411"", ""maxParameterCount"": ""58869"", ""maxSwallowSize"": ""19668961"", ""maxThreads"": ""356"", ""minSpareThreads"": ""713"", ""processorCache"": ""289"", ""tcpNoDelay"": ""TRUE"", ""threadPriority"": ""8"", ""threadsMaxIdleTime"": ""60978"", ""useAsyncIO"": ""FALSE"", ""useVirtualThreads"": ""TRUE""}"
tomcat,lf05_hard07,"lambda_f=0.5, hard=0.7",3303,RQ1&2parrel,180,2392.93,24.59,2392.93,10.06165337562561,"[8, 50, 10, False]",0.0,10.061564445495605,0.0,"{""acceptCount"": ""143"", ""allowBackslash"": ""TRUE"", ""compression"": ""force"", ""compressionMinSize"": ""2240"", ""connectionTimeout"": ""599454"", ""connectionUploadTimeout"": ""298724"", ""disableUploadTimeout"": ""TRUE"", ""executorTerminationTimeoutMillis"": ""207095"", ""keepAliveTimeout"": ""266748"", ""maxConnections"": ""9578"", ""maxHeaderCount"": ""974"", ""maxHttpHeaderSize"": ""25271"", ""maxHttpRequestHeaderSize"": ""65060"", ""maxHttpResponseHeaderSize"": ""64863"", ""maxKeepAliveRequests"": ""1280"", ""maxParameterCount"": ""19349"", ""maxSwallowSize"": ""3541746"", ""maxThreads"": ""334"", ""minSpareThreads"": ""15"", ""processorCache"": ""323"", ""tcpNoDelay"": ""TRUE"", ""threadPriority"": ""9"", ""threadsMaxIdleTime"": ""462763"", ""useAsyncIO"": ""FALSE"", ""useVirtualThreads"": ""FALSE""}"
tomcat,lf05_hard07,"lambda_f=0.5, hard=0.7",3303,RQ1&2parrel,181,2404.73,21.16,2404.73,10.019235372543335,"[8, 50, 10, False]",0.0,10.019144058227539,0.0,"{""acceptCount"": ""139"", ""allowBackslash"": ""TRUE"", ""compression"": ""on"", ""compressionMinSize"": ""2240"", ""connectionTimeout"": ""594622"", ""connectionUploadTimeout"": ""299711"", ""disableUploadTimeout"": ""TRUE"", ""executorTerminationTimeoutMillis"": ""207095"", ""keepAliveTimeout"": ""266748"", ""maxConnections"": ""15212"", ""maxHeaderCount"": ""971"", ""maxHttpHeaderSize"": ""26576"", ""maxHttpRequestHeaderSize"": ""65102"", ""maxHttpResponseHeaderSize"": ""64863"", ""maxKeepAliveRequests"": ""1280"", ""maxParameterCount"": ""16061"", ""maxSwallowSize"": ""3528381"", ""maxThreads"": ""262"", ""minSpareThreads"": ""14"", ""processorCache"": ""326"", ""tcpNoDelay"": ""TRUE"", ""threadPriority"": ""8"", ""threadsMaxIdleTime"": ""462763"", ""useAsyncIO"": ""TRUE"", ""useVirtualThreads"": ""TRUE""}"
tomcat,lf05_hard07,"lambda_f=0.5, hard=0.7",3303,RQ1&2parrel,182,2497.46,20.0,2497.46,10.037141561508179,"[8, 50, 10, False]",0.0,10.037053346633911,0.0,"{""acceptCount"": ""352"", ""allowBackslash"": ""FALSE"", ""compression"": ""off"", ""compressionMinSize"": ""1384"", ""connectionTimeout"": ""137513"", ""connectionUploadTimeout"": ""14839"", ""disableUploadTimeout"": ""FALSE"", ""executorTerminationTimeoutMillis"": ""129679"", ""keepAliveTimeout"": ""284889"", ""maxConnections"": ""10600"", ""maxHeaderCount"": ""233"", ""maxHttpHeaderSize"": ""4871"", ""maxHttpRequestHeaderSize"": ""9932"", ""maxHttpResponseHeaderSize"": ""8569"", ""maxKeepAliveRequests"": ""3949"", ""maxParameterCount"": ""66605"", ""maxSwallowSize"": ""8752399"", ""maxThreads"": ""188"", ""minSpareThreads"": ""928"", ""processorCache"": ""222"", ""tcpNoDelay"": ""FALSE"", ""threadPriority"": ""2"", ""threadsMaxIdleTime"": ""98991"", ""useAsyncIO"": ""FALSE"", ""useVirtualThreads"": ""TRUE""}"
tomcat,lf05_hard07,"lambda_f=0.5, hard=0.7",3303,RQ1&2parrel,183,2383.83,21.32,2383.83,10.016490697860718,"[8, 50, 10, False]",0.0,10.016399621963501,0.0,"{""acceptCount"": ""57"", ""allowBackslash"": ""TRUE"", ""compression"": ""off"", ""compressionMinSize"": ""518"", ""connectionTimeout"": ""38310"", ""connectionUploadTimeout"": ""345340"", ""disableUploadTimeout"": ""FALSE"", ""executorTerminationTimeoutMillis"": ""83440"", ""keepAliveTimeout"": ""260965"", ""maxConnections"": ""19091"", ""maxHeaderCount"": ""723"", ""maxHttpHeaderSize"": ""10109"", ""maxHttpRequestHeaderSize"": ""49263"", ""maxHttpResponseHeaderSize"": ""19391"", ""maxKeepAliveRequests"": ""817"", ""maxParameterCount"": ""53256"", ""maxSwallowSize"": ""4799682"", ""maxThreads"": ""45"", ""minSpareThreads"": ""274"", ""processorCache"": ""122"", ""tcpNoDelay"": ""FALSE"", ""threadPriority"": ""5"", ""threadsMaxIdleTime"": ""119983"", ""useAsyncIO"": ""TRUE"", ""useVirtualThreads"": ""TRUE""}"
tomcat,lf05_hard07,"lambda_f=0.5, hard=0.7",3303,RQ1&2parrel,184,2552.81,24.24,2552.81,10.026267528533936,"[8, 50, 10, False]",0.0,10.026172876358032,0.0,"{""acceptCount"": ""292"", ""allowBackslash"": ""FALSE"", ""compression"": ""on"", ""compressionMinSize"": ""6874"", ""connectionTimeout"": ""239322"", ""connectionUploadTimeout"": ""133740"", ""disableUploadTimeout"": ""TRUE"", ""executorTerminationTimeoutMillis"": ""320822"", ""keepAliveTimeout"": ""136806"", ""maxConnections"": ""15680"", ""maxHeaderCount"": ""202"", ""maxHttpHeaderSize"": ""22194"", ""maxHttpRequestHeaderSize"": ""55016"", ""maxHttpResponseHeaderSize"": ""62809"", ""maxKeepAliveRequests"": ""4348"", ""maxParameterCount"": ""51944"", ""maxSwallowSize"": ""8284322"", ""maxThreads"": ""118"", ""minSpareThreads"": ""81"", ""processorCache"": ""21"", ""tcpNoDelay"": ""TRUE"", ""threadPriority"": ""8"", ""threadsMaxIdleTime"": ""34239"", ""useAsyncIO"": ""FALSE"", ""useVirtualThreads"": ""FALSE""}"
tomcat,lf05_hard07,"lambda_f=0.5, hard=0.7",3303,RQ1&2parrel,185,2240.02,27.43,2240.02,10.08189606666565,"[8, 50, 10, False]",0.0,10.081795692443848,0.0,"{""acceptCount"": ""813"", ""allowBackslash"": ""TRUE"", ""compression"": ""force"", ""compressionMinSize"": ""6379"", ""connectionTimeout"": ""518908"", ""connectionUploadTimeout"": ""472112"", ""disableUploadTimeout"": ""FALSE"", ""executorTerminationTimeoutMillis"": ""317859"", ""keepAliveTimeout"": ""200177"", ""maxConnections"": ""10810"", ""maxHeaderCount"": ""976"", ""maxHttpHeaderSize"": ""6031"", ""maxHttpRequestHeaderSize"": ""24226"", ""maxHttpResponseHeaderSize"": ""22159"", ""maxKeepAliveRequests"": ""3532"", ""maxParameterCount"": ""51398"", ""maxSwallowSize"": ""10358160"", ""maxThreads"": ""322"", ""minSpareThreads"": ""757"", ""processorCache"": ""374"", ""tcpNoDelay"": ""TRUE"", ""threadPriority"": ""6"", ""threadsMaxIdleTime"": ""75871"", ""useAsyncIO"": ""TRUE"", ""useVirtualThreads"": ""FALSE""}"
tomcat,lf05_hard07,"lambda_f=0.5, hard=0.7",3303,RQ1&2parrel,186,2318.07,22.02,2318.07,10.016299962997437,"[8, 50, 10, False]",0.0,10.016210079193115,0.0,"{""acceptCount"": ""25"", ""allowBackslash"": ""TRUE"", ""compression"": ""off"", ""compressionMinSize"": ""6879"", ""connectionTimeout"": ""116674"", ""connectionUploadTimeout"": ""352423"", ""disableUploadTimeout"": ""TRUE"", ""executorTerminationTimeoutMillis"": ""412224"", ""keepAliveTimeout"": ""128502"", ""maxConnections"": ""4699"", ""maxHeaderCount"": ""403"", ""maxHttpHeaderSize"": ""9210"", ""maxHttpRequestHeaderSize"": ""29877"", ""maxHttpResponseHeaderSize"": ""37940"", ""maxKeepAliveRequests"": ""383"", ""maxParameterCount"": ""81598"", ""maxSwallowSize"": ""1184762"", ""maxThreads"": ""75"", ""minSpareThreads"": ""854"", ""processorCache"": ""129"", ""tcpNoDelay"": ""FALSE"", ""threadPriority"": ""5"", ""threadsMaxIdleTime"": ""226720"", ""useAsyncIO"": ""TRUE"", ""useVirtualThreads"": ""TRUE""}"
tomcat,lf05_hard07,"lambda_f=0.5, hard=0.7",3303,RQ1&2parrel,187,2253.67,22.36,2253.67,10.018216133117676,"[8, 50, 10, False]",0.0,10.018095970153809,0.0,"{""acceptCount"": ""190"", ""allowBackslash"": ""FALSE"", ""compression"": ""off"", ""compressionMinSize"": ""6344"", ""connectionTimeout"": ""413374"", ""connectionUploadTimeout"": ""215309"", ""disableUploadTimeout"": ""FALSE"", ""executorTerminationTimeoutMillis"": ""106091"", ""keepAliveTimeout"": ""337944"", ""maxConnections"": ""16638"", ""maxHeaderCount"": ""94"", ""maxHttpHeaderSize"": ""3012"", ""maxHttpRequestHeaderSize"": ""64652"", ""maxHttpResponseHeaderSize"": ""18762"", ""maxKeepAliveRequests"": ""1818"", ""maxParameterCount"": ""20906"", ""maxSwallowSize"": ""8570916"", ""maxThreads"": ""164"", ""minSpareThreads"": ""897"", ""processorCache"": ""9"", ""tcpNoDelay"": ""TRUE"", ""threadPriority"": ""8"", ""threadsMaxIdleTime"": ""408918"", ""useAsyncIO"": ""FALSE"", ""useVirtualThreads"": ""TRUE""}"
tomcat,lf05_hard07,"lambda_f=0.5, hard=0.7",3303,RQ1&2parrel,188,2423.65,23.89,2423.65,10.026695728302002,"[8, 50, 10, False]",0.0,10.026564836502075,0.0,"{""acceptCount"": ""957"", ""allowBackslash"": ""FALSE"", ""compression"": ""off"", ""compressionMinSize"": ""7118"", ""connectionTimeout"": ""515899"", ""connectionUploadTimeout"": ""496716"", ""disableUploadTimeout"": ""FALSE"", ""executorTerminationTimeoutMillis"": ""425245"", ""keepAliveTimeout"": ""338374"", ""maxConnections"": ""10755"", ""maxHeaderCount"": ""595"", ""maxHttpHeaderSize"": ""43727"", ""maxHttpRequestHeaderSize"": ""62651"", ""maxHttpResponseHeaderSize"": ""55789"", ""maxKeepAliveRequests"": ""3779"", ""maxParameterCount"": ""4767"", ""maxSwallowSize"": ""7403715"", ""maxThreads"": ""267"", ""minSpareThreads"": ""920"", ""processorCache"": ""366"", ""tcpNoDelay"": ""TRUE"", ""threadPriority"": ""4"", ""threadsMaxIdleTime"": ""341434"", ""useAsyncIO"": ""FALSE"", ""useVirtualThreads"": ""FALSE""}"
tomcat,lf05_hard07,"lambda_f=0.5, hard=0.7",3303,RQ1&2parrel,189,2519.28,24.74,2519.28,10.045223236083984,"[8, 50, 10, False]",0.0,10.045138835906982,0.0,"{""acceptCount"": ""144"", ""allowBackslash"": ""TRUE"", ""compression"": ""force"", ""compressionMinSize"": ""2229"", ""connectionTimeout"": ""596354"", ""connectionUploadTimeout"": ""298336"", ""disableUploadTimeout"": ""TRUE"", ""executorTerminationTimeoutMillis"": ""198176"", ""keepAliveTimeout"": ""265726"", ""maxConnections"": ""9544"", ""maxHeaderCount"": ""974"", ""maxHttpHeaderSize"": ""26573"", ""maxHttpRequestHeaderSize"": ""65060"", ""maxHttpResponseHeaderSize"": ""64863"", ""maxKeepAliveRequests"": ""2948"", ""maxParameterCount"": ""16061"", ""maxSwallowSize"": ""6712083"", ""maxThreads"": ""353"", ""minSpareThreads"": ""15"", ""processorCache"": ""342"", ""tcpNoDelay"": ""TRUE"", ""threadPriority"": ""9"", ""threadsMaxIdleTime"": ""462763"", ""useAsyncIO"": ""FALSE"", ""useVirtualThreads"": ""FALSE""}"
tomcat,lf05_hard07,"lambda_f=0.5, hard=0.7",3303,RQ1&2parrel,190,2400.76,14.71,2400.76,10.110995054244995,"[8, 50, 10, False]",0.0,10.110902547836304,0.0,"{""acceptCount"": ""395"", ""allowBackslash"": ""FALSE"", ""compression"": ""on"", ""compressionMinSize"": ""7322"", ""connectionTimeout"": ""198571"", ""connectionUploadTimeout"": ""94571"", ""disableUploadTimeout"": ""FALSE"", ""executorTerminationTimeoutMillis"": ""267535"", ""keepAliveTimeout"": ""531177"", ""maxConnections"": ""34"", ""maxHeaderCount"": ""136"", ""maxHttpHeaderSize"": ""8992"", ""maxHttpRequestHeaderSize"": ""55554"", ""maxHttpResponseHeaderSize"": ""21516"", ""maxKeepAliveRequests"": ""2632"", ""maxParameterCount"": ""29477"", ""maxSwallowSize"": ""7912848"", ""maxThreads"": ""214"", ""minSpareThreads"": ""42"", ""processorCache"": ""73"", ""tcpNoDelay"": ""FALSE"", ""threadPriority"": ""6"", ""threadsMaxIdleTime"": ""204986"", ""useAsyncIO"": ""TRUE"", ""useVirtualThreads"": ""TRUE""}"
tomcat,lf05_hard07,"lambda_f=0.5, hard=0.7",3303,RQ1&2parrel,191,2241.19,22.48,2241.19,10.061355352401733,"[8, 50, 10, False]",0.0,10.061263084411621,0.0,"{""acceptCount"": ""262"", ""allowBackslash"": ""FALSE"", ""compression"": ""off"", ""compressionMinSize"": ""2353"", ""connectionTimeout"": ""255821"", ""connectionUploadTimeout"": ""277012"", ""disableUploadTimeout"": ""FALSE"", ""executorTerminationTimeoutMillis"": ""103572"", ""keepAliveTimeout"": ""520730"", ""maxConnections"": ""10972"", ""maxHeaderCount"": ""841"", ""maxHttpHeaderSize"": ""13866"", ""maxHttpRequestHeaderSize"": ""19896"", ""maxHttpResponseHeaderSize"": ""40253"", ""maxKeepAliveRequests"": ""3350"", ""maxParameterCount"": ""90273"", ""maxSwallowSize"": ""10675547"", ""maxThreads"": ""56"", ""minSpareThreads"": ""397"", ""processorCache"": ""344"", ""tcpNoDelay"": ""TRUE"", ""threadPriority"": ""3"", ""threadsMaxIdleTime"": ""248222"", ""useAsyncIO"": ""TRUE"", ""useVirtualThreads"": ""TRUE""}"
tomcat,lf05_hard07,"lambda_f=0.5, hard=0.7",3303,RQ1&2parrel,192,2360.85,30.58,2360.85,10.049716711044312,"[8, 50, 10, False]",0.0,10.049627780914307,0.0,"{""acceptCount"": ""143"", ""allowBackslash"": ""TRUE"", ""compression"": ""force"", ""compressionMinSize"": ""2240"", ""connectionTimeout"": ""599544"", ""connectionUploadTimeout"": ""298732"", ""disableUploadTimeout"": ""TRUE"", ""executorTerminationTimeoutMillis"": ""207095"", ""keepAliveTimeout"": ""266695"", ""maxConnections"": ""9427"", ""maxHeaderCount"": ""974"", ""maxHttpHeaderSize"": ""26573"", ""maxHttpRequestHeaderSize"": ""65068"", ""maxHttpResponseHeaderSize"": ""64863"", ""maxKeepAliveRequests"": ""1403"", ""maxParameterCount"": ""10853"", ""maxSwallowSize"": ""4087523"", ""maxThreads"": ""333"", ""minSpareThreads"": ""17"", ""processorCache"": ""323"", ""tcpNoDelay"": ""FALSE"", ""threadPriority"": ""9"", ""threadsMaxIdleTime"": ""451484"", ""useAsyncIO"": ""FALSE"", ""useVirtualThreads"": ""FALSE""}"
tomcat,lf05_hard07,"lambda_f=0.5, hard=0.7",3303,RQ1&2parrel,193,2280.08,22.17,2280.08,10.020173788070679,"[8, 50, 10, False]",0.0,10.020072221755981,0.0,"{""acceptCount"": ""319"", ""allowBackslash"": ""TRUE"", ""compression"": ""force"", ""compressionMinSize"": ""806"", ""connectionTimeout"": ""271995"", ""connectionUploadTimeout"": ""418123"", ""disableUploadTimeout"": ""TRUE"", ""executorTerminationTimeoutMillis"": ""60284"", ""keepAliveTimeout"": ""583075"", ""maxConnections"": ""1170"", ""maxHeaderCount"": ""585"", ""maxHttpHeaderSize"": ""18180"", ""maxHttpRequestHeaderSize"": ""40324"", ""maxHttpResponseHeaderSize"": ""28977"", ""maxKeepAliveRequests"": ""1337"", ""maxParameterCount"": ""73800"", ""maxSwallowSize"": ""17406267"", ""maxThreads"": ""287"", ""minSpareThreads"": ""38"", ""processorCache"": ""25"", ""tcpNoDelay"": ""FALSE"", ""threadPriority"": ""7"", ""threadsMaxIdleTime"": ""152840"", ""useAsyncIO"": ""FALSE"", ""useVirtualThreads"": ""TRUE""}"
tomcat,lf05_hard07,"lambda_f=0.5, hard=0.7",3303,RQ1&2parrel,194,2356.02,26.15,2356.02,10.024506092071533,"[8, 50, 10, False]",0.0,10.024414539337158,0.0,"{""acceptCount"": ""460"", ""allowBackslash"": ""FALSE"", ""compression"": ""off"", ""compressionMinSize"": ""6774"", ""connectionTimeout"": ""317543"", ""connectionUploadTimeout"": ""96081"", ""disableUploadTimeout"": ""TRUE"", ""executorTerminationTimeoutMillis"": ""401544"", ""keepAliveTimeout"": ""180607"", ""maxConnections"": ""11258"", ""maxHeaderCount"": ""320"", ""maxHttpHeaderSize"": ""5746"", ""maxHttpRequestHeaderSize"": ""42566"", ""maxHttpResponseHeaderSize"": ""4528"", ""maxKeepAliveRequests"": ""672"", ""maxParameterCount"": ""51306"", ""maxSwallowSize"": ""14656631"", ""maxThreads"": ""353"", ""minSpareThreads"": ""764"", ""processorCache"": ""156"", ""tcpNoDelay"": ""FALSE"", ""threadPriority"": ""1"", ""threadsMaxIdleTime"": ""387199"", ""useAsyncIO"": ""FALSE"", ""useVirtualThreads"": ""FALSE""}"
tomcat,lf05_hard07,"lambda_f=0.5, hard=0.7",3303,RQ1&2parrel,195,2101.86,24.44,2101.86,10.025470495223999,"[8, 50, 10, False]",0.0,10.02538251876831,0.0,"{""acceptCount"": ""271"", ""allowBackslash"": ""FALSE"", ""compression"": ""off"", ""compressionMinSize"": ""8893"", ""connectionTimeout"": ""95537"", ""connectionUploadTimeout"": ""223331"", ""disableUploadTimeout"": ""FALSE"", ""executorTerminationTimeoutMillis"": ""508636"", ""keepAliveTimeout"": ""117760"", ""maxConnections"": ""4756"", ""maxHeaderCount"": ""939"", ""maxHttpHeaderSize"": ""31089"", ""maxHttpRequestHeaderSize"": ""53588"", ""maxHttpResponseHeaderSize"": ""61449"", ""maxKeepAliveRequests"": ""882"", ""maxParameterCount"": ""86883"", ""maxSwallowSize"": ""4726377"", ""maxThreads"": ""220"", ""minSpareThreads"": ""758"", ""processorCache"": ""120"", ""tcpNoDelay"": ""FALSE"", ""threadPriority"": ""10"", ""threadsMaxIdleTime"": ""228226"", ""useAsyncIO"": ""TRUE"", ""useVirtualThreads"": ""TRUE""}"
tomcat,lf05_hard07,"lambda_f=0.5, hard=0.7",3303,RQ1&2parrel,196,2229.88,22.94,2229.88,10.04699993133545,"[8, 50, 10, False]",0.0,10.046893835067749,0.0,"{""acceptCount"": ""872"", ""allowBackslash"": ""TRUE"", ""compression"": ""on"", ""compressionMinSize"": ""2941"", ""connectionTimeout"": ""208086"", ""connectionUploadTimeout"": ""327593"", ""disableUploadTimeout"": ""TRUE"", ""executorTerminationTimeoutMillis"": ""147328"", ""keepAliveTimeout"": ""72810"", ""maxConnections"": ""739"", ""maxHeaderCount"": ""16"", ""maxHttpHeaderSize"": ""32580"", ""maxHttpRequestHeaderSize"": ""40259"", ""maxHttpResponseHeaderSize"": ""58191"", ""maxKeepAliveRequests"": ""3621"", ""maxParameterCount"": ""64075"", ""maxSwallowSize"": ""786222"", ""maxThreads"": ""216"", ""minSpareThreads"": ""823"", ""processorCache"": ""38"", ""tcpNoDelay"": ""FALSE"", ""threadPriority"": ""7"", ""threadsMaxIdleTime"": ""264991"", ""useAsyncIO"": ""TRUE"", ""useVirtualThreads"": ""TRUE""}"
tomcat,lf05_hard07,"lambda_f=0.5, hard=0.7",3303,RQ1&2parrel,197,2287.01,25.09,2287.01,10.052622556686401,"[8, 50, 10, False]",0.0,10.052496194839478,0.0,"{""acceptCount"": ""220"", ""allowBackslash"": ""TRUE"", ""compression"": ""off"", ""compressionMinSize"": ""7652"", ""connectionTimeout"": ""375229"", ""connectionUploadTimeout"": ""144640"", ""disableUploadTimeout"": ""FALSE"", ""executorTerminationTimeoutMillis"": ""365467"", ""keepAliveTimeout"": ""306765"", ""maxConnections"": ""14045"", ""maxHeaderCount"": ""821"", ""maxHttpHeaderSize"": ""5109"", ""maxHttpRequestHeaderSize"": ""53947"", ""maxHttpResponseHeaderSize"": ""51575"", ""maxKeepAliveRequests"": ""3369"", ""maxParameterCount"": ""78553"", ""maxSwallowSize"": ""6152030"", ""maxThreads"": ""385"", ""minSpareThreads"": ""611"", ""processorCache"": ""385"", ""tcpNoDelay"": ""TRUE"", ""threadPriority"": ""5"", ""threadsMaxIdleTime"": ""573689"", ""useAsyncIO"": ""FALSE"", ""useVirtualThreads"": ""FALSE""}"
tomcat,lf05_hard07,"lambda_f=0.5, hard=0.7",3303,RQ1&2parrel,198,2205.76,27.75,2205.76,10.02889084815979,"[8, 50, 10, False]",0.0,10.02880072593689,0.0,"{""acceptCount"": ""190"", ""allowBackslash"": ""FALSE"", ""compression"": ""off"", ""compressionMinSize"": ""9009"", ""connectionTimeout"": ""393598"", ""connectionUploadTimeout"": ""474504"", ""disableUploadTimeout"": ""TRUE"", ""executorTerminationTimeoutMillis"": ""420337"", ""keepAliveTimeout"": ""290520"", ""maxConnections"": ""8501"", ""maxHeaderCount"": ""152"", ""maxHttpHeaderSize"": ""24959"", ""maxHttpRequestHeaderSize"": ""55220"", ""maxHttpResponseHeaderSize"": ""33816"", ""maxKeepAliveRequests"": ""3345"", ""maxParameterCount"": ""4526"", ""maxSwallowSize"": ""8460265"", ""maxThreads"": ""94"", ""minSpareThreads"": ""479"", ""processorCache"": ""305"", ""tcpNoDelay"": ""FALSE"", ""threadPriority"": ""6"", ""threadsMaxIdleTime"": ""518914"", ""useAsyncIO"": ""FALSE"", ""useVirtualThreads"": ""FALSE""}"
tomcat,lf05_hard07,"lambda_f=0.5, hard=0.7",3303,RQ1&2parrel,199,2485.04,25.39,2485.04,10.12006664276123,"[8, 50, 10, False]",0.0,10.119919300079346,0.0,"{""acceptCount"": ""718"", ""allowBackslash"": ""TRUE"", ""compression"": ""on"", ""compressionMinSize"": ""6604"", ""connectionTimeout"": ""321249"", ""connectionUploadTimeout"": ""492578"", ""disableUploadTimeout"": ""FALSE"", ""executorTerminationTimeoutMillis"": ""102259"", ""keepAliveTimeout"": ""521654"", ""maxConnections"": ""7195"", ""maxHeaderCount"": ""445"", ""maxHttpHeaderSize"": ""31569"", ""maxHttpRequestHeaderSize"": ""56385"", ""maxHttpResponseHeaderSize"": ""60589"", ""maxKeepAliveRequests"": ""3091"", ""maxParameterCount"": ""45733"", ""maxSwallowSize"": ""6570085"", ""maxThreads"": ""310"", ""minSpareThreads"": ""966"", ""processorCache"": ""393"", ""tcpNoDelay"": ""TRUE"", ""threadPriority"": ""9"", ""threadsMaxIdleTime"": ""249794"", ""useAsyncIO"": ""TRUE"", ""useVirtualThreads"": ""FALSE""}"
tomcat,lf05_hard07,"lambda_f=0.5, hard=0.7",3303,RQ1&2parrel,200,2165.26,30.51,2165.26,10.08667802810669,"[8, 50, 10, False]",0.0,10.08656644821167,0.0,"{""acceptCount"": ""972"", ""allowBackslash"": ""TRUE"", ""compression"": ""force"", ""compressionMinSize"": ""7480"", ""connectionTimeout"": ""368535"", ""connectionUploadTimeout"": ""305523"", ""disableUploadTimeout"": ""FALSE"", ""executorTerminationTimeoutMillis"": ""137981"", ""keepAliveTimeout"": ""251405"", ""maxConnections"": ""6139"", ""maxHeaderCount"": ""381"", ""maxHttpHeaderSize"": ""10383"", ""maxHttpRequestHeaderSize"": ""58679"", ""maxHttpResponseHeaderSize"": ""34559"", ""maxKeepAliveRequests"": ""3888"", ""maxParameterCount"": ""52246"", ""maxSwallowSize"": ""3525615"", ""maxThreads"": ""105"", ""minSpareThreads"": ""281"", ""processorCache"": ""192"", ""tcpNoDelay"": ""FALSE"", ""threadPriority"": ""1"", ""threadsMaxIdleTime"": ""213945"", ""useAsyncIO"": ""FALSE"", ""useVirtualThreads"": ""FALSE""}"
tomcat,lf05_hard07,"lambda_f=0.5, hard=0.7",3304,RQ1&2parrel,1,2301.6,25.21,2301.6,10.041746377944946,"[8, 50, 10, False]",0.0,10.040925025939941,0.0,"{""acceptCount"": ""100"", ""allowBackslash"": ""FALSE"", ""compression"": ""on"", ""compressionMinSize"": ""2048"", ""connectionTimeout"": ""60000"", ""connectionUploadTimeout"": ""300000"", ""disableUploadTimeout"": ""FALSE"", ""executorTerminationTimeoutMillis"": ""5000"", ""keepAliveTimeout"": ""60000"", ""maxConnections"": ""8192"", ""maxHeaderCount"": ""100"", ""maxHttpHeaderSize"": ""8192"", ""maxHttpRequestHeaderSize"": ""8192"", ""maxHttpResponseHeaderSize"": ""8192"", ""maxKeepAliveRequests"": ""100"", ""maxParameterCount"": ""10000"", ""maxSwallowSize"": ""2097152"", ""maxThreads"": ""200"", ""minSpareThreads"": ""10"", ""processorCache"": ""200"", ""tcpNoDelay"": ""TRUE"", ""threadPriority"": ""5"", ""threadsMaxIdleTime"": ""60000"", ""useAsyncIO"": ""TRUE"", ""useVirtualThreads"": ""FALSE""}"
tomcat,lf05_hard07,"lambda_f=0.5, hard=0.7",3304,RQ1&2parrel,2,2376.3,25.16,2376.3,10.035321235656738,"[8, 50, 10, False]",0.0,10.035221338272095,0.0,"{""acceptCount"": ""100"", ""allowBackslash"": ""FALSE"", ""compression"": ""on"", ""compressionMinSize"": ""2048"", ""connectionTimeout"": ""60000"", ""connectionUploadTimeout"": ""300000"", ""disableUploadTimeout"": ""FALSE"", ""executorTerminationTimeoutMillis"": ""5000"", ""keepAliveTimeout"": ""60000"", ""maxConnections"": ""8192"", ""maxHeaderCount"": ""100"", ""maxHttpHeaderSize"": ""65535"", ""maxHttpRequestHeaderSize"": ""65534"", ""maxHttpResponseHeaderSize"": ""8192"", ""maxKeepAliveRequests"": ""100"", ""maxParameterCount"": ""10000"", ""maxSwallowSize"": ""2097152"", ""maxThreads"": ""200"", ""minSpareThreads"": ""10"", ""processorCache"": ""200"", ""tcpNoDelay"": ""TRUE"", ""threadPriority"": ""5"", ""threadsMaxIdleTime"": ""60000"", ""useAsyncIO"": ""TRUE"", ""useVirtualThreads"": ""FALSE""}"
tomcat,lf05_hard07,"lambda_f=0.5, hard=0.7",3304,RQ1&2parrel,3,2324.75,24.42,2324.75,10.04246187210083,"[8, 50, 10, False]",0.0,10.04234528541565,0.0,"{""acceptCount"": ""100"", ""allowBackslash"": ""FALSE"", ""compression"": ""on"", ""compressionMinSize"": ""2048"", ""connectionTimeout"": ""60000"", ""connectionUploadTimeout"": ""300000"", ""disableUploadTimeout"": ""FALSE"", ""executorTerminationTimeoutMillis"": ""5000"", ""keepAliveTimeout"": ""60000"", ""maxConnections"": ""8192"", ""maxHeaderCount"": ""100"", ""maxHttpHeaderSize"": ""65535"", ""maxHttpRequestHeaderSize"": ""36863"", ""maxHttpResponseHeaderSize"": ""8192"", ""maxKeepAliveRequests"": ""100"", ""maxParameterCount"": ""10000"", ""maxSwallowSize"": ""2097152"", ""maxThreads"": ""200"", ""minSpareThreads"": ""10"", ""processorCache"": ""200"", ""tcpNoDelay"": ""TRUE"", ""threadPriority"": ""5"", ""threadsMaxIdleTime"": ""60000"", ""useAsyncIO"": ""TRUE"", ""useVirtualThreads"": ""FALSE""}"
tomcat,lf05_hard07,"lambda_f=0.5, hard=0.7",3304,RQ1&2parrel,4,2320.22,25.28,2320.22,10.040860652923584,"[8, 50, 10, False]",0.0,10.040775299072266,0.0,"{""acceptCount"": ""100"", ""allowBackslash"": ""FALSE"", ""compression"": ""on"", ""compressionMinSize"": ""2048"", ""connectionTimeout"": ""60000"", ""connectionUploadTimeout"": ""300000"", ""disableUploadTimeout"": ""FALSE"", ""executorTerminationTimeoutMillis"": ""5000"", ""keepAliveTimeout"": ""60000"", ""maxConnections"": ""8192"", ""maxHeaderCount"": ""100"", ""maxHttpHeaderSize"": ""65535"", ""maxHttpRequestHeaderSize"": ""33023"", ""maxHttpResponseHeaderSize"": ""8192"", ""maxKeepAliveRequests"": ""100"", ""maxParameterCount"": ""10000"", ""maxSwallowSize"": ""2097152"", ""maxThreads"": ""200"", ""minSpareThreads"": ""10"", ""processorCache"": ""200"", ""tcpNoDelay"": ""TRUE"", ""threadPriority"": ""5"", ""threadsMaxIdleTime"": ""60000"", ""useAsyncIO"": ""TRUE"", ""useVirtualThreads"": ""FALSE""}"
tomcat,lf05_hard07,"lambda_f=0.5, hard=0.7",3304,RQ1&2parrel,5,2213.2,24.25,2213.2,10.040458917617798,"[8, 50, 10, False]",0.0,10.04035997390747,0.0,"{""acceptCount"": ""100"", ""allowBackslash"": ""FALSE"", ""compression"": ""on"", ""compressionMinSize"": ""2048"", ""connectionTimeout"": ""60000"", ""connectionUploadTimeout"": ""300000"", ""disableUploadTimeout"": ""FALSE"", ""executorTerminationTimeoutMillis"": ""5000"", ""keepAliveTimeout"": ""60000"", ""maxConnections"": ""8192"", ""maxHeaderCount"": ""100"", ""maxHttpHeaderSize"": ""8192"", ""maxHttpRequestHeaderSize"": ""8192"", ""maxHttpResponseHeaderSize"": ""4352"", ""maxKeepAliveRequests"": ""100"", ""maxParameterCount"": ""10000"", ""maxSwallowSize"": ""2097152"", ""maxThreads"": ""200"", ""minSpareThreads"": ""10"", ""processorCache"": ""200"", ""tcpNoDelay"": ""TRUE"", ""threadPriority"": ""5"", ""threadsMaxIdleTime"": ""60000"", ""useAsyncIO"": ""TRUE"", ""useVirtualThreads"": ""FALSE""}"
tomcat,lf05_hard07,"lambda_f=0.5, hard=0.7",3304,RQ1&2parrel,6,2209.95,23.47,2209.95,10.033100128173828,"[8, 50, 10, False]",0.0,10.03301191329956,0.0,"{""acceptCount"": ""100"", ""allowBackslash"": ""FALSE"", ""compression"": ""on"", ""compressionMinSize"": ""2048"", ""connectionTimeout"": ""60000"", ""connectionUploadTimeout"": ""300000"", ""disableUploadTimeout"": ""FALSE"", ""executorTerminationTimeoutMillis"": ""5000"", ""keepAliveTimeout"": ""60000"", ""maxConnections"": ""8192"", ""maxHeaderCount"": ""100"", ""maxHttpHeaderSize"": ""8192"", ""maxHttpRequestHeaderSize"": ""8192"", ""maxHttpResponseHeaderSize"": ""513"", ""maxKeepAliveRequests"": ""100"", ""maxParameterCount"": ""10000"", ""maxSwallowSize"": ""2097152"", ""maxThreads"": ""200"", ""minSpareThreads"": ""10"", ""processorCache"": ""200"", ""tcpNoDelay"": ""TRUE"", ""threadPriority"": ""5"", ""threadsMaxIdleTime"": ""60000"", ""useAsyncIO"": ""TRUE"", ""useVirtualThreads"": ""FALSE""}"
tomcat,lf05_hard07,"lambda_f=0.5, hard=0.7",3304,RQ1&2parrel,7,2229.55,25.69,2229.55,10.04207444190979,"[8, 50, 10, False]",0.0,10.041985511779785,0.0,"{""acceptCount"": ""100"", ""allowBackslash"": ""FALSE"", ""compression"": ""on"", ""compressionMinSize"": ""2048"", ""connectionTimeout"": ""60000"", ""connectionUploadTimeout"": ""300000"", ""disableUploadTimeout"": ""FALSE"", ""executorTerminationTimeoutMillis"": ""5000"", ""keepAliveTimeout"": ""60000"", ""maxConnections"": ""8192"", ""maxHeaderCount"": ""100"", ""maxHttpHeaderSize"": ""8192"", ""maxHttpRequestHeaderSize"": ""8192"", ""maxHttpResponseHeaderSize"": ""512"", ""maxKeepAliveRequests"": ""100"", ""maxParameterCount"": ""10000"", ""maxSwallowSize"": ""2097152"", ""maxThreads"": ""200"", ""minSpareThreads"": ""10"", ""processorCache"": ""200"", ""tcpNoDelay"": ""TRUE"", ""threadPriority"": ""5"", ""threadsMaxIdleTime"": ""60000"", ""useAsyncIO"": ""TRUE"", ""useVirtualThreads"": ""FALSE""}"
tomcat,lf05_hard07,"lambda_f=0.5, hard=0.7",3304,RQ1&2parrel,8,1818.97,42.98,1818.97,10.029798984527588,"[8, 50, 10, False]",0.0,10.029706954956055,0.0,"{""acceptCount"": ""100"", ""allowBackslash"": ""FALSE"", ""compression"": ""on"", ""compressionMinSize"": ""2048"", ""connectionTimeout"": ""60000"", ""connectionUploadTimeout"": ""300000"", ""disableUploadTimeout"": ""FALSE"", ""executorTerminationTimeoutMillis"": ""5000"", ""keepAliveTimeout"": ""60000"", ""maxConnections"": ""8192"", ""maxHeaderCount"": ""100"", ""maxHttpHeaderSize"": ""8192"", ""maxHttpRequestHeaderSize"": ""8192"", ""maxHttpResponseHeaderSize"": ""8192"", ""maxKeepAliveRequests"": ""100"", ""maxParameterCount"": ""10000"", ""maxSwallowSize"": ""2097152"", ""maxThreads"": ""200"", ""minSpareThreads"": ""10"", ""processorCache"": ""0"", ""tcpNoDelay"": ""TRUE"", ""threadPriority"": ""5"", ""threadsMaxIdleTime"": ""60000"", ""useAsyncIO"": ""TRUE"", ""useVirtualThreads"": ""FALSE""}"
tomcat,lf05_hard07,"lambda_f=0.5, hard=0.7",3304,RQ1&2parrel,9,2222.27,23.89,2222.27,10.033238649368286,"[8, 50, 10, False]",0.0,10.033149480819702,0.0,"{""acceptCount"": ""974"", ""allowBackslash"": ""FALSE"", ""compression"": ""on"", ""compressionMinSize"": ""2929"", ""connectionTimeout"": ""162942"", ""connectionUploadTimeout"": ""342799"", ""disableUploadTimeout"": ""FALSE"", ""executorTerminationTimeoutMillis"": ""176463"", ""keepAliveTimeout"": ""99757"", ""maxConnections"": ""5128"", ""maxHeaderCount"": ""421"", ""maxHttpHeaderSize"": ""7173"", ""maxHttpRequestHeaderSize"": ""9851"", ""maxHttpResponseHeaderSize"": ""41797"", ""maxKeepAliveRequests"": ""4744"", ""maxParameterCount"": ""71830"", ""maxSwallowSize"": ""13717709"", ""maxThreads"": ""262"", ""minSpareThreads"": ""792"", ""processorCache"": ""396"", ""tcpNoDelay"": ""TRUE"", ""threadPriority"": ""6"", ""threadsMaxIdleTime"": ""40234"", ""useAsyncIO"": ""FALSE"", ""useVirtualThreads"": ""FALSE""}"
tomcat,lf05_hard07,"lambda_f=0.5, hard=0.7",3304,RQ1&2parrel,10,2163.49,23.41,2163.49,10.027451038360596,"[8, 50, 10, False]",0.0,10.027364492416382,0.0,"{""acceptCount"": ""149"", ""allowBackslash"": ""TRUE"", ""compression"": ""on"", ""compressionMinSize"": ""5563"", ""connectionTimeout"": ""115603"", ""connectionUploadTimeout"": ""563920"", ""disableUploadTimeout"": ""TRUE"", ""executorTerminationTimeoutMillis"": ""392544"", ""keepAliveTimeout"": ""37294"", ""maxConnections"": ""19603"", ""maxHeaderCount"": ""393"", ""maxHttpHeaderSize"": ""3954"", ""maxHttpRequestHeaderSize"": ""30418"", ""maxHttpResponseHeaderSize"": ""54352"", ""maxKeepAliveRequests"": ""4541"", ""maxParameterCount"": ""182"", ""maxSwallowSize"": ""8965314"", ""maxThreads"": ""7"", ""minSpareThreads"": ""476"", ""processorCache"": ""273"", ""tcpNoDelay"": ""FALSE"", ""threadPriority"": ""10"", ""threadsMaxIdleTime"": ""591697"", ""useAsyncIO"": ""TRUE"", ""useVirtualThreads"": ""TRUE""}"
tomcat,lf05_hard07,"lambda_f=0.5, hard=0.7",3304,RQ1&2parrel,11,2098.26,23.89,2098.26,10.038951396942139,"[8, 50, 10, False]",0.0,10.038861989974976,0.0,"{""acceptCount"": ""441"", ""allowBackslash"": ""FALSE"", ""compression"": ""force"", ""compressionMinSize"": ""6897"", ""connectionTimeout"": ""475154"", ""connectionUploadTimeout"": ""240896"", ""disableUploadTimeout"": ""TRUE"", ""executorTerminationTimeoutMillis"": ""230308"", ""keepAliveTimeout"": ""200164"", ""maxConnections"": ""5729"", ""maxHeaderCount"": ""736"", ""maxHttpHeaderSize"": ""26318"", ""maxHttpRequestHeaderSize"": ""59681"", ""maxHttpResponseHeaderSize"": ""56588"", ""maxKeepAliveRequests"": ""4350"", ""maxParameterCount"": ""8612"", ""maxSwallowSize"": ""12510693"", ""maxThreads"": ""341"", ""minSpareThreads"": ""547"", ""processorCache"": ""245"", ""tcpNoDelay"": ""FALSE"", ""threadPriority"": ""4"", ""threadsMaxIdleTime"": ""336420"", ""useAsyncIO"": ""TRUE"", ""useVirtualThreads"": ""TRUE""}"
tomcat,lf05_hard07,"lambda_f=0.5, hard=0.7",3304,RQ1&2parrel,12,2343.74,23.89,2343.74,10.026462078094482,"[8, 50, 10, False]",0.0,10.026368141174316,0.0,"{""acceptCount"": ""673"", ""allowBackslash"": ""TRUE"", ""compression"": ""force"", ""compressionMinSize"": ""4413"", ""connectionTimeout"": ""446311"", ""connectionUploadTimeout"": ""10375"", ""disableUploadTimeout"": ""FALSE"", ""executorTerminationTimeoutMillis"": ""333888"", ""keepAliveTimeout"": ""262783"", ""maxConnections"": ""18918"", ""maxHeaderCount"": ""700"", ""maxHttpHeaderSize"": ""29511"", ""maxHttpRequestHeaderSize"": ""47638"", ""maxHttpResponseHeaderSize"": ""44632"", ""maxKeepAliveRequests"": ""3845"", ""maxParameterCount"": ""63383"", ""maxSwallowSize"": ""6775241"", ""maxThreads"": ""196"", ""minSpareThreads"": ""246"", ""processorCache"": ""324"", ""tcpNoDelay"": ""TRUE"", ""threadPriority"": ""1"", ""threadsMaxIdleTime"": ""231643"", ""useAsyncIO"": ""FALSE"", ""useVirtualThreads"": ""FALSE""}"
tomcat,lf05_hard07,"lambda_f=0.5, hard=0.7",3304,RQ1&2parrel,13,2214.49,22.76,2214.49,10.031766176223755,"[8, 50, 10, False]",0.0,10.031666994094849,0.0,"{""acceptCount"": ""761"", ""allowBackslash"": ""TRUE"", ""compression"": ""on"", ""compressionMinSize"": ""1824"", ""connectionTimeout"": ""312196"", ""connectionUploadTimeout"": ""552118"", ""disableUploadTimeout"": ""FALSE"", ""executorTerminationTimeoutMillis"": ""220545"", ""keepAliveTimeout"": ""174442"", ""maxConnections"": ""1710"", ""maxHeaderCount"": ""95"", ""maxHttpHeaderSize"": ""28306"", ""maxHttpRequestHeaderSize"": ""50861"", ""maxHttpResponseHeaderSize"": ""47319"", ""maxKeepAliveRequests"": ""2422"", ""maxParameterCount"": ""2514"", ""maxSwallowSize"": ""20251452"", ""maxThreads"": ""285"", ""minSpareThreads"": ""229"", ""processorCache"": ""192"", ""tcpNoDelay"": ""TRUE"", ""threadPriority"": ""4"", ""threadsMaxIdleTime"": ""577639"", ""useAsyncIO"": ""TRUE"", ""useVirtualThreads"": ""TRUE""}"
tomcat,lf05_hard07,"lambda_f=0.5, hard=0.7",3304,RQ1&2parrel,14,2379.31,24.38,2379.31,10.028048515319824,"[8, 50, 10, False]",0.0,10.027958393096924,0.0,"{""acceptCount"": ""119"", ""allowBackslash"": ""FALSE"", ""compression"": ""on"", ""compressionMinSize"": ""9587"", ""connectionTimeout"": ""566917"", ""connectionUploadTimeout"": ""321688"", ""disableUploadTimeout"": ""TRUE"", ""executorTerminationTimeoutMillis"": ""417619"", ""keepAliveTimeout"": ""260343"", ""maxConnections"": ""13647"", ""maxHeaderCount"": ""92"", ""maxHttpHeaderSize"": ""31714"", ""maxHttpRequestHeaderSize"": ""38930"", ""maxHttpResponseHeaderSize"": ""51623"", ""maxKeepAliveRequests"": ""1907"", ""maxParameterCount"": ""69480"", ""maxSwallowSize"": ""5014562"", ""maxThreads"": ""30"", ""minSpareThreads"": ""537"", ""processorCache"": ""64"", ""tcpNoDelay"": ""FALSE"", ""threadPriority"": ""3"", ""threadsMaxIdleTime"": ""63667"", ""useAsyncIO"": ""FALSE"", ""useVirtualThreads"": ""FALSE""}"
tomcat,lf05_hard07,"lambda_f=0.5, hard=0.7",3304,RQ1&2parrel,15,2072.63,24.33,2072.63,10.03135347366333,"[8, 50, 10, False]",0.0,10.031262636184692,0.0,"{""acceptCount"": ""43"", ""allowBackslash"": ""FALSE"", ""compression"": ""off"", ""compressionMinSize"": ""5494"", ""connectionTimeout"": ""165312"", ""connectionUploadTimeout"": ""154113"", ""disableUploadTimeout"": ""FALSE"", ""executorTerminationTimeoutMillis"": ""49662"", ""keepAliveTimeout"": ""167658"", ""maxConnections"": ""16968"", ""maxHeaderCount"": ""2"", ""maxHttpHeaderSize"": ""25630"", ""maxHttpRequestHeaderSize"": ""41371"", ""maxHttpResponseHeaderSize"": ""28482"", ""maxKeepAliveRequests"": ""241"", ""maxParameterCount"": ""48923"", ""maxSwallowSize"": ""10469397"", ""maxThreads"": ""99"", ""minSpareThreads"": ""0"", ""processorCache"": ""109"", ""tcpNoDelay"": ""TRUE"", ""threadPriority"": ""9"", ""threadsMaxIdleTime"": ""587754"", ""useAsyncIO"": ""FALSE"", ""useVirtualThreads"": ""TRUE""}"
tomcat,lf05_hard07,"lambda_f=0.5, hard=0.7",3304,RQ1&2parrel,16,2164.95,22.98,2164.95,10.031071424484253,"[8, 50, 10, False]",0.0,10.030966520309448,0.0,"{""acceptCount"": ""592"", ""allowBackslash"": ""FALSE"", ""compression"": ""force"", ""compressionMinSize"": ""439"", ""connectionTimeout"": ""297332"", ""connectionUploadTimeout"": ""294898"", ""disableUploadTimeout"": ""FALSE"", ""executorTerminationTimeoutMillis"": ""363635"", ""keepAliveTimeout"": ""39578"", ""maxConnections"": ""13001"", ""maxHeaderCount"": ""753"", ""maxHttpHeaderSize"": ""1902"", ""maxHttpRequestHeaderSize"": ""23744"", ""maxHttpResponseHeaderSize"": ""47111"", ""maxKeepAliveRequests"": ""1519"", ""maxParameterCount"": ""7840"", ""maxSwallowSize"": ""241518"", ""maxThreads"": ""170"", ""minSpareThreads"": ""810"", ""processorCache"": ""114"", ""tcpNoDelay"": ""TRUE"", ""threadPriority"": ""8"", ""threadsMaxIdleTime"": ""312987"", ""useAsyncIO"": ""TRUE"", ""useVirtualThreads"": ""TRUE""}"
tomcat,lf05_hard07,"lambda_f=0.5, hard=0.7",3304,RQ1&2parrel,17,2136.01,23.42,2136.01,10.034320831298828,"[8, 50, 10, False]",0.0,10.034231662750244,0.0,"{""acceptCount"": ""446"", ""allowBackslash"": ""TRUE"", ""compression"": ""off"", ""compressionMinSize"": ""3947"", ""connectionTimeout"": ""206493"", ""connectionUploadTimeout"": ""246745"", ""disableUploadTimeout"": ""TRUE"", ""executorTerminationTimeoutMillis"": ""199663"", ""keepAliveTimeout"": ""537901"", ""maxConnections"": ""12027"", ""maxHeaderCount"": ""654"", ""maxHttpHeaderSize"": ""6832"", ""maxHttpRequestHeaderSize"": ""21051"", ""maxHttpResponseHeaderSize"": ""62421"", ""maxKeepAliveRequests"": ""2249"", ""maxParameterCount"": ""45214"", ""maxSwallowSize"": ""4536991"", ""maxThreads"": ""238"", ""minSpareThreads"": ""102"", ""processorCache"": ""192"", ""tcpNoDelay"": ""FALSE"", ""threadPriority"": ""7"", ""threadsMaxIdleTime"": ""253914"", ""useAsyncIO"": ""FALSE"", ""useVirtualThreads"": ""TRUE""}"
tomcat,lf05_hard07,"lambda_f=0.5, hard=0.7",3304,RQ1&2parrel,18,2377.37,24.58,2377.37,10.028461694717407,"[8, 50, 10, False]",0.0,10.028372049331665,0.0,"{""acceptCount"": ""678"", ""allowBackslash"": ""FALSE"", ""compression"": ""off"", ""compressionMinSize"": ""6423"", ""connectionTimeout"": ""104994"", ""connectionUploadTimeout"": ""27924"", ""disableUploadTimeout"": ""FALSE"", ""executorTerminationTimeoutMillis"": ""433656"", ""keepAliveTimeout"": ""452277"", ""maxConnections"": ""2704"", ""maxHeaderCount"": ""657"", ""maxHttpHeaderSize"": ""4406"", ""maxHttpRequestHeaderSize"": ""929"", ""maxHttpResponseHeaderSize"": ""33738"", ""maxKeepAliveRequests"": ""2057"", ""maxParameterCount"": ""76779"", ""maxSwallowSize"": ""20756900"", ""maxThreads"": ""96"", ""minSpareThreads"": ""661"", ""processorCache"": ""64"", ""tcpNoDelay"": ""TRUE"", ""threadPriority"": ""10"", ""threadsMaxIdleTime"": ""302432"", ""useAsyncIO"": ""TRUE"", ""useVirtualThreads"": ""FALSE""}"
tomcat,lf05_hard07,"lambda_f=0.5, hard=0.7",3304,RQ1&2parrel,19,2245.79,26.64,2245.79,10.023675680160522,"[8, 50, 10, False]",0.0,10.02358627319336,0.0,"{""acceptCount"": ""970"", ""allowBackslash"": ""TRUE"", ""compression"": ""force"", ""compressionMinSize"": ""5439"", ""connectionTimeout"": ""504242"", ""connectionUploadTimeout"": ""369704"", ""disableUploadTimeout"": ""FALSE"", ""executorTerminationTimeoutMillis"": ""291149"", ""keepAliveTimeout"": ""362021"", ""maxConnections"": ""11340"", ""maxHeaderCount"": ""441"", ""maxHttpHeaderSize"": ""26738"", ""maxHttpRequestHeaderSize"": ""40368"", ""maxHttpResponseHeaderSize"": ""36565"", ""maxKeepAliveRequests"": ""1866"", ""maxParameterCount"": ""81861"", ""maxSwallowSize"": ""708525"", ""maxThreads"": ""361"", ""minSpareThreads"": ""363"", ""processorCache"": ""42"", ""tcpNoDelay"": ""TRUE"", ""threadPriority"": ""5"", ""threadsMaxIdleTime"": ""569446"", ""useAsyncIO"": ""TRUE"", ""useVirtualThreads"": ""FALSE""}"
tomcat,lf05_hard07,"lambda_f=0.5, hard=0.7",3304,RQ1&2parrel,20,2077.04,24.11,2077.04,10.024677515029907,"[8, 50, 10, False]",0.0,10.024587869644165,0.0,"{""acceptCount"": ""145"", ""allowBackslash"": ""FALSE"", ""compression"": ""force"", ""compressionMinSize"": ""2793"", ""connectionTimeout"": ""384247"", ""connectionUploadTimeout"": ""597852"", ""disableUploadTimeout"": ""TRUE"", ""executorTerminationTimeoutMillis"": ""337642"", ""keepAliveTimeout"": ""447800"", ""maxConnections"": ""3309"", ""maxHeaderCount"": ""498"", ""maxHttpHeaderSize"": ""29202"", ""maxHttpRequestHeaderSize"": ""52728"", ""maxHttpResponseHeaderSize"": ""64649"", ""maxKeepAliveRequests"": ""1350"", ""maxParameterCount"": ""40052"", ""maxSwallowSize"": ""15945418"", ""maxThreads"": ""104"", ""minSpareThreads"": ""937"", ""processorCache"": ""114"", ""tcpNoDelay"": ""FALSE"", ""threadPriority"": ""1"", ""threadsMaxIdleTime"": ""74205"", ""useAsyncIO"": ""FALSE"", ""useVirtualThreads"": ""TRUE""}"
tomcat,lf05_hard07,"lambda_f=0.5, hard=0.7",3304,RQ1&2parrel,21,2312.01,25.04,2312.01,10.032470464706421,"[8, 50, 10, False]",0.0,10.032374143600464,0.0,"{""acceptCount"": ""291"", ""allowBackslash"": ""FALSE"", ""compression"": ""off"", ""compressionMinSize"": ""243"", ""connectionTimeout"": ""357816"", ""connectionUploadTimeout"": ""39863"", ""disableUploadTimeout"": ""TRUE"", ""executorTerminationTimeoutMillis"": ""150912"", ""keepAliveTimeout"": ""312862"", ""maxConnections"": ""16069"", ""maxHeaderCount"": ""831"", ""maxHttpHeaderSize"": ""28885"", ""maxHttpRequestHeaderSize"": ""45755"", ""maxHttpResponseHeaderSize"": ""59819"", ""maxKeepAliveRequests"": ""4888"", ""maxParameterCount"": ""75959"", ""maxSwallowSize"": ""8449289"", ""maxThreads"": ""215"", ""minSpareThreads"": ""915"", ""processorCache"": ""395"", ""tcpNoDelay"": ""FALSE"", ""threadPriority"": ""4"", ""threadsMaxIdleTime"": ""325865"", ""useAsyncIO"": ""TRUE"", ""useVirtualThreads"": ""FALSE""}"
tomcat,lf05_hard07,"lambda_f=0.5, hard=0.7",3304,RQ1&2parrel,22,2197.21,22.61,2197.21,10.025530815124512,"[8, 50, 10, False]",0.0,10.025434017181396,0.0,"{""acceptCount"": ""589"", ""allowBackslash"": ""TRUE"", ""compression"": ""off"", ""compressionMinSize"": ""7849"", ""connectionTimeout"": ""554276"", ""connectionUploadTimeout"": ""267994"", ""disableUploadTimeout"": ""FALSE"", ""executorTerminationTimeoutMillis"": ""403911"", ""keepAliveTimeout"": ""375049"", ""maxConnections"": ""9286"", ""maxHeaderCount"": ""859"", ""maxHttpHeaderSize"": ""30992"", ""maxHttpRequestHeaderSize"": ""58257"", ""maxHttpResponseHeaderSize"": ""39132"", ""maxKeepAliveRequests"": ""4382"", ""maxParameterCount"": ""45955"", ""maxSwallowSize"": ""14184734"", ""maxThreads"": ""72"", ""minSpareThreads"": ""349"", ""processorCache"": ""274"", ""tcpNoDelay"": ""TRUE"", ""threadPriority"": ""3"", ""threadsMaxIdleTime"": ""239856"", ""useAsyncIO"": ""FALSE"", ""useVirtualThreads"": ""TRUE""}"
tomcat,lf05_hard07,"lambda_f=0.5, hard=0.7",3304,RQ1&2parrel,23,2184.68,22.81,2184.68,10.02726674079895,"[8, 50, 10, False]",0.0,10.02717399597168,0.0,"{""acceptCount"": ""764"", ""allowBackslash"": ""FALSE"", ""compression"": ""force"", ""compressionMinSize"": ""9093"", ""connectionTimeout"": ""55272"", ""connectionUploadTimeout"": ""534569"", ""disableUploadTimeout"": ""FALSE"", ""executorTerminationTimeoutMillis"": ""247065"", ""keepAliveTimeout"": ""587215"", ""maxConnections"": ""15421"", ""maxHeaderCount"": ""13"", ""maxHttpHeaderSize"": ""4598"", ""maxHttpRequestHeaderSize"": ""32539"", ""maxHttpResponseHeaderSize"": ""38917"", ""maxKeepAliveRequests"": ""4188"", ""maxParameterCount"": ""37750"", ""maxSwallowSize"": ""7280712"", ""maxThreads"": ""387"", ""minSpareThreads"": ""674"", ""processorCache"": ""245"", ""tcpNoDelay"": ""TRUE"", ""threadPriority"": ""7"", ""threadsMaxIdleTime"": ""50772"", ""useAsyncIO"": ""FALSE"", ""useVirtualThreads"": ""TRUE""}"
tomcat,lf05_hard07,"lambda_f=0.5, hard=0.7",3304,RQ1&2parrel,24,2411.47,25.23,2411.47,10.029930114746094,"[8, 50, 10, False]",0.0,10.02983546257019,0.0,"{""acceptCount"": ""122"", ""allowBackslash"": ""TRUE"", ""compression"": ""force"", ""compressionMinSize"": ""1337"", ""connectionTimeout"": ""232649"", ""connectionUploadTimeout"": ""315839"", ""disableUploadTimeout"": ""TRUE"", ""executorTerminationTimeoutMillis"": ""312564"", ""keepAliveTimeout"": ""524873"", ""maxConnections"": ""9852"", ""maxHeaderCount"": ""49"", ""maxHttpHeaderSize"": ""2449"", ""maxHttpRequestHeaderSize"": ""12560"", ""maxHttpResponseHeaderSize"": ""58997"", ""maxKeepAliveRequests"": ""3985"", ""maxParameterCount"": ""84242"", ""maxSwallowSize"": ""12033100"", ""maxThreads"": ""130"", ""minSpareThreads"": ""123"", ""processorCache"": ""323"", ""tcpNoDelay"": ""FALSE"", ""threadPriority"": ""8"", ""threadsMaxIdleTime"": ""583504"", ""useAsyncIO"": ""TRUE"", ""useVirtualThreads"": ""FALSE""}"
tomcat,lf05_hard07,"lambda_f=0.5, hard=0.7",3304,RQ1&2parrel,25,2197.41,22.92,2197.41,10.0292387008667,"[8, 50, 10, False]",0.0,10.029144525527954,0.0,"{""acceptCount"": ""635"", ""allowBackslash"": ""FALSE"", ""compression"": ""off"", ""compressionMinSize"": ""3387"", ""connectionTimeout"": ""187464"", ""connectionUploadTimeout"": ""251372"", ""disableUploadTimeout"": ""FALSE"", ""executorTerminationTimeoutMillis"": ""209021"", ""keepAliveTimeout"": ""35170"", ""maxConnections"": ""18354"", ""maxHeaderCount"": ""603"", ""maxHttpHeaderSize"": ""27787"", ""maxHttpRequestHeaderSize"": ""56072"", ""maxHttpResponseHeaderSize"": ""53277"", ""maxKeepAliveRequests"": ""3915"", ""maxParameterCount"": ""32678"", ""maxSwallowSize"": ""6983584"", ""maxThreads"": ""65"", ""minSpareThreads"": ""212"", ""processorCache"": ""48"", ""tcpNoDelay"": ""FALSE"", ""threadPriority"": ""3"", ""threadsMaxIdleTime"": ""411622"", ""useAsyncIO"": ""TRUE"", ""useVirtualThreads"": ""TRUE""}"
tomcat,lf05_hard07,"lambda_f=0.5, hard=0.7",3304,RQ1&2parrel,26,2237.75,27.82,2237.75,10.037135124206543,"[8, 50, 10, False]",0.0,10.037045240402222,0.0,"{""acceptCount"": ""496"", ""allowBackslash"": ""TRUE"", ""compression"": ""off"", ""compressionMinSize"": ""6023"", ""connectionTimeout"": ""138672"", ""connectionUploadTimeout"": ""23297"", ""disableUploadTimeout"": ""TRUE"", ""executorTerminationTimeoutMillis"": ""424447"", ""keepAliveTimeout"": ""99537"", ""maxConnections"": ""6376"", ""maxHeaderCount"": ""583"", ""maxHttpHeaderSize"": ""32222"", ""maxHttpRequestHeaderSize"": ""36013"", ""maxHttpResponseHeaderSize"": ""48977"", ""maxKeepAliveRequests"": ""4103"", ""maxParameterCount"": ""89315"", ""maxSwallowSize"": ""13044798"", ""maxThreads"": ""222"", ""minSpareThreads"": ""520"", ""processorCache"": ""121"", ""tcpNoDelay"": ""TRUE"", ""threadPriority"": ""4"", ""threadsMaxIdleTime"": ""157027"", ""useAsyncIO"": ""FALSE"", ""useVirtualThreads"": ""FALSE""}"
tomcat,lf05_hard07,"lambda_f=0.5, hard=0.7",3304,RQ1&2parrel,27,2246.92,24.73,2246.92,10.038512706756592,"[8, 50, 10, False]",0.0,10.038227081298828,0.0,"{""acceptCount"": ""172"", ""allowBackslash"": ""FALSE"", ""compression"": ""force"", ""compressionMinSize"": ""7119"", ""connectionTimeout"": ""451778"", ""connectionUploadTimeout"": ""374404"", ""disableUploadTimeout"": ""TRUE"", ""executorTerminationTimeoutMillis"": ""262858"", ""keepAliveTimeout"": ""264760"", ""maxConnections"": ""17667"", ""maxHeaderCount"": ""304"", ""maxHttpHeaderSize"": ""5785"", ""maxHttpRequestHeaderSize"": ""6237"", ""maxHttpResponseHeaderSize"": ""45709"", ""maxKeepAliveRequests"": ""4457"", ""maxParameterCount"": ""94299"", ""maxSwallowSize"": ""8764011"", ""maxThreads"": ""138"", ""minSpareThreads"": ""441"", ""processorCache"": ""199"", ""tcpNoDelay"": ""TRUE"", ""threadPriority"": ""8"", ""threadsMaxIdleTime"": ""114849"", ""useAsyncIO"": ""FALSE"", ""useVirtualThreads"": ""FALSE""}"
tomcat,lf05_hard07,"lambda_f=0.5, hard=0.7",3304,RQ1&2parrel,28,2074.35,23.97,2074.35,10.036489725112915,"[8, 50, 10, False]",0.0,10.036400079727173,0.0,"{""acceptCount"": ""966"", ""allowBackslash"": ""TRUE"", ""compression"": ""force"", ""compressionMinSize"": ""4633"", ""connectionTimeout"": ""422063"", ""connectionUploadTimeout"": ""593152"", ""disableUploadTimeout"": ""FALSE"", ""executorTerminationTimeoutMillis"": ""365784"", ""keepAliveTimeout"": ""200530"", ""maxConnections"": ""6980"", ""maxHeaderCount"": ""260"", ""maxHttpHeaderSize"": ""1392"", ""maxHttpRequestHeaderSize"": ""18787"", ""maxHttpResponseHeaderSize"": ""49410"", ""maxKeepAliveRequests"": ""4967"", ""maxParameterCount"": ""27614"", ""maxSwallowSize"": ""13186801"", ""maxThreads"": ""380"", ""minSpareThreads"": ""765"", ""processorCache"": ""70"", ""tcpNoDelay"": ""FALSE"", ""threadPriority"": ""7"", ""threadsMaxIdleTime"": ""516496"", ""useAsyncIO"": ""TRUE"", ""useVirtualThreads"": ""TRUE""}"
tomcat,lf05_hard07,"lambda_f=0.5, hard=0.7",3304,RQ1&2parrel,29,2119.7,23.4,2119.7,10.042827129364014,"[8, 50, 10, False]",0.0,10.042739629745483,0.0,"{""acceptCount"": ""846"", ""allowBackslash"": ""FALSE"", ""compression"": ""force"", ""compressionMinSize"": ""4544"", ""connectionTimeout"": ""458926"", ""connectionUploadTimeout"": ""180965"", ""disableUploadTimeout"": ""TRUE"", ""executorTerminationTimeoutMillis"": ""108665"", ""keepAliveTimeout"": ""70148"", ""maxConnections"": ""9577"", ""maxHeaderCount"": ""151"", ""maxHttpHeaderSize"": ""27975"", ""maxHttpRequestHeaderSize"": ""37741"", ""maxHttpResponseHeaderSize"": ""32362"", ""maxKeepAliveRequests"": ""519"", ""maxParameterCount"": ""23380"", ""maxSwallowSize"": ""14603679"", ""maxThreads"": ""323"", ""minSpareThreads"": ""727"", ""processorCache"": ""312"", ""tcpNoDelay"": ""TRUE"", ""threadPriority"": ""6"", ""threadsMaxIdleTime"": ""513102"", ""useAsyncIO"": ""FALSE"", ""useVirtualThreads"": ""TRUE""}"
tomcat,lf05_hard07,"lambda_f=0.5, hard=0.7",3304,RQ1&2parrel,30,2171.51,22.95,2171.51,10.030050277709961,"[8, 50, 10, False]",0.0,10.029897689819336,0.0,"{""acceptCount"": ""271"", ""allowBackslash"": ""FALSE"", ""compression"": ""off"", ""compressionMinSize"": ""9688"", ""connectionTimeout"": ""589702"", ""connectionUploadTimeout"": ""263330"", ""disableUploadTimeout"": ""TRUE"", ""executorTerminationTimeoutMillis"": ""375695"", ""keepAliveTimeout"": ""174662"", ""maxConnections"": ""459"", ""maxHeaderCount"": ""902"", ""maxHttpHeaderSize"": ""3436"", ""maxHttpRequestHeaderSize"": ""27239"", ""maxHttpResponseHeaderSize"": ""42181"", ""maxKeepAliveRequests"": ""1779"", ""maxParameterCount"": ""33419"", ""maxSwallowSize"": ""16996760"", ""maxThreads"": ""246"", ""minSpareThreads"": ""459"", ""processorCache"": ""317"", ""tcpNoDelay"": ""TRUE"", ""threadPriority"": ""6"", ""threadsMaxIdleTime"": ""388189"", ""useAsyncIO"": ""TRUE"", ""useVirtualThreads"": ""TRUE""}"
tomcat,lf05_hard07,"lambda_f=0.5, hard=0.7",3304,RQ1&2parrel,31,2149.0,23.69,2149.0,10.043128252029419,"[8, 50, 10, False]",0.0,10.043031692504883,0.0,"{""acceptCount"": ""409"", ""allowBackslash"": ""TRUE"", ""compression"": ""off"", ""compressionMinSize"": ""7869"", ""connectionTimeout"": ""47010"", ""connectionUploadTimeout"": ""345472"", ""disableUploadTimeout"": ""TRUE"", ""executorTerminationTimeoutMillis"": ""298950"", ""keepAliveTimeout"": ""563341"", ""maxConnections"": ""12793"", ""maxHeaderCount"": ""187"", ""maxHttpHeaderSize"": ""4500"", ""maxHttpRequestHeaderSize"": ""52147"", ""maxHttpResponseHeaderSize"": ""60086"", ""maxKeepAliveRequests"": ""641"", ""maxParameterCount"": ""81228"", ""maxSwallowSize"": ""10262040"", ""maxThreads"": ""327"", ""minSpareThreads"": ""384"", ""processorCache"": ""166"", ""tcpNoDelay"": ""FALSE"", ""threadPriority"": ""9"", ""threadsMaxIdleTime"": ""550107"", ""useAsyncIO"": ""FALSE"", ""useVirtualThreads"": ""TRUE""}"
tomcat,lf05_hard07,"lambda_f=0.5, hard=0.7",3304,RQ1&2parrel,32,2205.73,22.57,2205.73,10.039498805999756,"[8, 50, 10, False]",0.0,10.03940224647522,0.0,"{""acceptCount"": ""553"", ""allowBackslash"": ""TRUE"", ""compression"": ""on"", ""compressionMinSize"": ""3479"", ""connectionTimeout"": ""131611"", ""connectionUploadTimeout"": ""513385"", ""disableUploadTimeout"": ""TRUE"", ""executorTerminationTimeoutMillis"": ""551687"", ""keepAliveTimeout"": ""167292"", ""maxConnections"": ""15717"", ""maxHeaderCount"": ""994"", ""maxHttpHeaderSize"": ""1538"", ""maxHttpRequestHeaderSize"": ""4542"", ""maxHttpResponseHeaderSize"": ""29558"", ""maxKeepAliveRequests"": ""874"", ""maxParameterCount"": ""18176"", ""maxSwallowSize"": ""5858548"", ""maxThreads"": ""33"", ""minSpareThreads"": ""312"", ""processorCache"": ""384"", ""tcpNoDelay"": ""TRUE"", ""threadPriority"": ""2"", ""threadsMaxIdleTime"": ""396271"", ""useAsyncIO"": ""FALSE"", ""useVirtualThreads"": ""TRUE""}"
tomcat,lf05_hard07,"lambda_f=0.5, hard=0.7",3304,RQ1&2parrel,33,2375.99,28.56,2375.99,10.020822286605835,"[8, 50, 10, False]",0.0,10.020725965499878,0.0,"{""acceptCount"": ""122"", ""allowBackslash"": ""FALSE"", ""compression"": ""force"", ""compressionMinSize"": ""1260"", ""connectionTimeout"": ""240860"", ""connectionUploadTimeout"": ""290317"", ""disableUploadTimeout"": ""TRUE"", ""executorTerminationTimeoutMillis"": ""313308"", ""keepAliveTimeout"": ""219971"", ""maxConnections"": ""9923"", ""maxHeaderCount"": ""350"", ""maxHttpHeaderSize"": ""3322"", ""maxHttpRequestHeaderSize"": ""12685"", ""maxHttpResponseHeaderSize"": ""57883"", ""maxKeepAliveRequests"": ""1614"", ""maxParameterCount"": ""83762"", ""maxSwallowSize"": ""9270038"", ""maxThreads"": ""139"", ""minSpareThreads"": ""799"", ""processorCache"": ""324"", ""tcpNoDelay"": ""TRUE"", ""threadPriority"": ""8"", ""threadsMaxIdleTime"": ""441315"", ""useAsyncIO"": ""FALSE"", ""useVirtualThreads"": ""FALSE""}"
tomcat,lf05_hard07,"lambda_f=0.5, hard=0.7",3304,RQ1&2parrel,34,2375.76,26.77,2375.76,10.016688823699951,"[8, 50, 10, False]",0.0,10.016595363616943,0.0,"{""acceptCount"": ""122"", ""allowBackslash"": ""TRUE"", ""compression"": ""force"", ""compressionMinSize"": ""1337"", ""connectionTimeout"": ""232797"", ""connectionUploadTimeout"": ""314967"", ""disableUploadTimeout"": ""TRUE"", ""executorTerminationTimeoutMillis"": ""305561"", ""keepAliveTimeout"": ""525746"", ""maxConnections"": ""9852"", ""maxHeaderCount"": ""20"", ""maxHttpHeaderSize"": ""2482"", ""maxHttpRequestHeaderSize"": ""10837"", ""maxHttpResponseHeaderSize"": ""58997"", ""maxKeepAliveRequests"": ""3930"", ""maxParameterCount"": ""84208"", ""maxSwallowSize"": ""12029363"", ""maxThreads"": ""135"", ""minSpareThreads"": ""123"", ""processorCache"": ""323"", ""tcpNoDelay"": ""FALSE"", ""threadPriority"": ""8"", ""threadsMaxIdleTime"": ""583504"", ""useAsyncIO"": ""TRUE"", ""useVirtualThreads"": ""FALSE""}"
tomcat,lf05_hard07,"lambda_f=0.5, hard=0.7",3304,RQ1&2parrel,35,2342.12,21.75,2342.12,10.01818323135376,"[8, 50, 10, False]",0.0,10.018085956573486,0.0,"{""acceptCount"": ""419"", ""allowBackslash"": ""FALSE"", ""compression"": ""force"", ""compressionMinSize"": ""2508"", ""connectionTimeout"": ""72378"", ""connectionUploadTimeout"": ""483942"", ""disableUploadTimeout"": ""FALSE"", ""executorTerminationTimeoutMillis"": ""87790"", ""keepAliveTimeout"": ""417212"", ""maxConnections"": ""19269"", ""maxHeaderCount"": ""601"", ""maxHttpHeaderSize"": ""7008"", ""maxHttpRequestHeaderSize"": ""1647"", ""maxHttpResponseHeaderSize"": ""14371"", ""maxKeepAliveRequests"": ""360"", ""maxParameterCount"": ""30582"", ""maxSwallowSize"": ""9345060"", ""maxThreads"": ""351"", ""minSpareThreads"": ""604"", ""processorCache"": ""310"", ""tcpNoDelay"": ""FALSE"", ""threadPriority"": ""4"", ""threadsMaxIdleTime"": ""151903"", ""useAsyncIO"": ""TRUE"", ""useVirtualThreads"": ""TRUE""}"
tomcat,lf05_hard07,"lambda_f=0.5, hard=0.7",3304,RQ1&2parrel,36,2408.49,26.13,2408.49,10.063021659851074,"[8, 50, 10, False]",0.0,10.0629301071167,0.0,"{""acceptCount"": ""122"", ""allowBackslash"": ""TRUE"", ""compression"": ""on"", ""compressionMinSize"": ""1337"", ""connectionTimeout"": ""127250"", ""connectionUploadTimeout"": ""315839"", ""disableUploadTimeout"": ""TRUE"", ""executorTerminationTimeoutMillis"": ""306215"", ""keepAliveTimeout"": ""524873"", ""maxConnections"": ""9909"", ""maxHeaderCount"": ""49"", ""maxHttpHeaderSize"": ""2444"", ""maxHttpRequestHeaderSize"": ""12560"", ""maxHttpResponseHeaderSize"": ""58428"", ""maxKeepAliveRequests"": ""3851"", ""maxParameterCount"": ""84242"", ""maxSwallowSize"": ""12033100"", ""maxThreads"": ""130"", ""minSpareThreads"": ""123"", ""processorCache"": ""322"", ""tcpNoDelay"": ""FALSE"", ""threadPriority"": ""8"", ""threadsMaxIdleTime"": ""583504"", ""useAsyncIO"": ""TRUE"", ""useVirtualThreads"": ""FALSE""}"
tomcat,lf05_hard07,"lambda_f=0.5, hard=0.7",3304,RQ1&2parrel,37,2323.75,25.02,2323.75,10.083620309829712,"[8, 50, 10, False]",0.0,10.08352541923523,0.0,"{""acceptCount"": ""923"", ""allowBackslash"": ""FALSE"", ""compression"": ""off"", ""compressionMinSize"": ""697"", ""connectionTimeout"": ""185127"", ""connectionUploadTimeout"": ""401503"", ""disableUploadTimeout"": ""FALSE"", ""executorTerminationTimeoutMillis"": ""314209"", ""keepAliveTimeout"": ""324113"", ""maxConnections"": ""2901"", ""maxHeaderCount"": ""166"", ""maxHttpHeaderSize"": ""3236"", ""maxHttpRequestHeaderSize"": ""9549"", ""maxHttpResponseHeaderSize"": ""27897"", ""maxKeepAliveRequests"": ""223"", ""maxParameterCount"": ""8562"", ""maxSwallowSize"": ""19819066"", ""maxThreads"": ""89"", ""minSpareThreads"": ""489"", ""processorCache"": ""168"", ""tcpNoDelay"": ""TRUE"", ""threadPriority"": ""4"", ""threadsMaxIdleTime"": ""347630"", ""useAsyncIO"": ""FALSE"", ""useVirtualThreads"": ""FALSE""}"
tomcat,lf05_hard07,"lambda_f=0.5, hard=0.7",3304,RQ1&2parrel,38,2322.82,22.8,2322.82,10.063860654830933,"[8, 50, 10, False]",0.0,10.06376600265503,0.0,"{""acceptCount"": ""122"", ""allowBackslash"": ""TRUE"", ""compression"": ""on"", ""compressionMinSize"": ""1273"", ""connectionTimeout"": ""257786"", ""connectionUploadTimeout"": ""314020"", ""disableUploadTimeout"": ""TRUE"", ""executorTerminationTimeoutMillis"": ""297374"", ""keepAliveTimeout"": ""526431"", ""maxConnections"": ""9717"", ""maxHeaderCount"": ""129"", ""maxHttpHeaderSize"": ""18647"", ""maxHttpRequestHeaderSize"": ""21510"", ""maxHttpResponseHeaderSize"": ""61295"", ""maxKeepAliveRequests"": ""4408"", ""maxParameterCount"": ""81106"", ""maxSwallowSize"": ""12974758"", ""maxThreads"": ""130"", ""minSpareThreads"": ""156"", ""processorCache"": ""323"", ""tcpNoDelay"": ""FALSE"", ""threadPriority"": ""8"", ""threadsMaxIdleTime"": ""582385"", ""useAsyncIO"": ""FALSE"", ""useVirtualThreads"": ""FALSE""}"
tomcat,lf05_hard07,"lambda_f=0.5, hard=0.7",3304,RQ1&2parrel,39,2327.74,23.48,2327.74,10.063104391098022,"[8, 50, 10, False]",0.0,10.063008308410645,0.0,"{""acceptCount"": ""80"", ""allowBackslash"": ""TRUE"", ""compression"": ""on"", ""compressionMinSize"": ""1337"", ""connectionTimeout"": ""113578"", ""connectionUploadTimeout"": ""322477"", ""disableUploadTimeout"": ""TRUE"", ""executorTerminationTimeoutMillis"": ""301676"", ""keepAliveTimeout"": ""57195"", ""maxConnections"": ""9134"", ""maxHeaderCount"": ""72"", ""maxHttpHeaderSize"": ""5643"", ""maxHttpRequestHeaderSize"": ""12560"", ""maxHttpResponseHeaderSize"": ""58870"", ""maxKeepAliveRequests"": ""2402"", ""maxParameterCount"": ""84242"", ""maxSwallowSize"": ""5228060"", ""maxThreads"": ""130"", ""minSpareThreads"": ""123"", ""processorCache"": ""323"", ""tcpNoDelay"": ""FALSE"", ""threadPriority"": ""8"", ""threadsMaxIdleTime"": ""571654"", ""useAsyncIO"": ""TRUE"", ""useVirtualThreads"": ""FALSE""}"
tomcat,lf05_hard07,"lambda_f=0.5, hard=0.7",3304,RQ1&2parrel,40,2206.28,25.35,2206.28,10.076223373413086,"[8, 50, 10, False]",0.0,10.07613205909729,0.0,"{""acceptCount"": ""356"", ""allowBackslash"": ""TRUE"", ""compression"": ""on"", ""compressionMinSize"": ""1299"", ""connectionTimeout"": ""232602"", ""connectionUploadTimeout"": ""315420"", ""disableUploadTimeout"": ""TRUE"", ""executorTerminationTimeoutMillis"": ""312855"", ""keepAliveTimeout"": ""233784"", ""maxConnections"": ""10318"", ""maxHeaderCount"": ""64"", ""maxHttpHeaderSize"": ""2427"", ""maxHttpRequestHeaderSize"": ""9986"", ""maxHttpResponseHeaderSize"": ""58916"", ""maxKeepAliveRequests"": ""3995"", ""maxParameterCount"": ""85569"", ""maxSwallowSize"": ""12039909"", ""maxThreads"": ""126"", ""minSpareThreads"": ""310"", ""processorCache"": ""323"", ""tcpNoDelay"": ""FALSE"", ""threadPriority"": ""9"", ""threadsMaxIdleTime"": ""589366"", ""useAsyncIO"": ""FALSE"", ""useVirtualThreads"": ""FALSE""}"
tomcat,lf05_hard07,"lambda_f=0.5, hard=0.7",3304,RQ1&2parrel,41,2193.41,25.11,2193.41,10.065074920654297,"[8, 50, 10, False]",0.0,10.064979553222656,0.0,"{""acceptCount"": ""192"", ""allowBackslash"": ""TRUE"", ""compression"": ""on"", ""compressionMinSize"": ""1337"", ""connectionTimeout"": ""301417"", ""connectionUploadTimeout"": ""304286"", ""disableUploadTimeout"": ""TRUE"", ""executorTerminationTimeoutMillis"": ""316221"", ""keepAliveTimeout"": ""382306"", ""maxConnections"": ""12158"", ""maxHeaderCount"": ""49"", ""maxHttpHeaderSize"": ""27066"", ""maxHttpRequestHeaderSize"": ""37731"", ""maxHttpResponseHeaderSize"": ""58992"", ""maxKeepAliveRequests"": ""4106"", ""maxParameterCount"": ""84242"", ""maxSwallowSize"": ""11960350"", ""maxThreads"": ""126"", ""minSpareThreads"": ""131"", ""processorCache"": ""323"", ""tcpNoDelay"": ""FALSE"", ""threadPriority"": ""8"", ""threadsMaxIdleTime"": ""579202"", ""useAsyncIO"": ""TRUE"", ""useVirtualThreads"": ""FALSE""}"
tomcat,lf05_hard07,"lambda_f=0.5, hard=0.7",3304,RQ1&2parrel,42,2272.69,23.76,2272.69,10.063497304916382,"[8, 50, 10, False]",0.0,10.063368797302246,0.0,"{""acceptCount"": ""899"", ""allowBackslash"": ""FALSE"", ""compression"": ""off"", ""compressionMinSize"": ""27"", ""connectionTimeout"": ""388332"", ""connectionUploadTimeout"": ""424788"", ""disableUploadTimeout"": ""TRUE"", ""executorTerminationTimeoutMillis"": ""46338"", ""keepAliveTimeout"": ""582519"", ""maxConnections"": ""276"", ""maxHeaderCount"": ""461"", ""maxHttpHeaderSize"": ""11887"", ""maxHttpRequestHeaderSize"": ""10377"", ""maxHttpResponseHeaderSize"": ""52630"", ""maxKeepAliveRequests"": ""2544"", ""maxParameterCount"": ""8273"", ""maxSwallowSize"": ""4732544"", ""maxThreads"": ""22"", ""minSpareThreads"": ""517"", ""processorCache"": ""154"", ""tcpNoDelay"": ""TRUE"", ""threadPriority"": ""6"", ""threadsMaxIdleTime"": ""83856"", ""useAsyncIO"": ""TRUE"", ""useVirtualThreads"": ""FALSE""}"
tomcat,lf05_hard07,"lambda_f=0.5, hard=0.7",3304,RQ1&2parrel,43,2181.77,26.19,2181.77,10.070209264755249,"[8, 50, 10, False]",0.0,10.070071458816528,0.0,"{""acceptCount"": ""122"", ""allowBackslash"": ""TRUE"", ""compression"": ""on"", ""compressionMinSize"": ""1337"", ""connectionTimeout"": ""232647"", ""connectionUploadTimeout"": ""317562"", ""disableUploadTimeout"": ""TRUE"", ""executorTerminationTimeoutMillis"": ""312564"", ""keepAliveTimeout"": ""524859"", ""maxConnections"": ""9854"", ""maxHeaderCount"": ""49"", ""maxHttpHeaderSize"": ""2460"", ""maxHttpRequestHeaderSize"": ""12560"", ""maxHttpResponseHeaderSize"": ""59134"", ""maxKeepAliveRequests"": ""3985"", ""maxParameterCount"": ""84242"", ""maxSwallowSize"": ""11976754"", ""maxThreads"": ""130"", ""minSpareThreads"": ""118"", ""processorCache"": ""323"", ""tcpNoDelay"": ""FALSE"", ""threadPriority"": ""8"", ""threadsMaxIdleTime"": ""593943"", ""useAsyncIO"": ""FALSE"", ""useVirtualThreads"": ""FALSE""}"
tomcat,lf05_hard07,"lambda_f=0.5, hard=0.7",3304,RQ1&2parrel,44,2257.96,24.64,2257.96,10.045085668563843,"[8, 50, 10, False]",0.0,10.044991493225098,0.0,"{""acceptCount"": ""123"", ""allowBackslash"": ""TRUE"", ""compression"": ""force"", ""compressionMinSize"": ""1171"", ""connectionTimeout"": ""228067"", ""connectionUploadTimeout"": ""320566"", ""disableUploadTimeout"": ""TRUE"", ""executorTerminationTimeoutMillis"": ""314731"", ""keepAliveTimeout"": ""525710"", ""maxConnections"": ""8577"", ""maxHeaderCount"": ""69"", ""maxHttpHeaderSize"": ""4411"", ""maxHttpRequestHeaderSize"": ""13093"", ""maxHttpResponseHeaderSize"": ""58997"", ""maxKeepAliveRequests"": ""2502"", ""maxParameterCount"": ""84057"", ""maxSwallowSize"": ""17016992"", ""maxThreads"": ""129"", ""minSpareThreads"": ""123"", ""processorCache"": ""323"", ""tcpNoDelay"": ""FALSE"", ""threadPriority"": ""8"", ""threadsMaxIdleTime"": ""583574"", ""useAsyncIO"": ""TRUE"", ""useVirtualThreads"": ""FALSE""}"
tomcat,lf05_hard07,"lambda_f=0.5, hard=0.7",3304,RQ1&2parrel,45,2245.32,53.66,2245.32,10.095912456512451,"[8, 50, 10, False]",0.0,10.095813989639282,0.0,"{""acceptCount"": ""7"", ""allowBackslash"": ""TRUE"", ""compression"": ""on"", ""compressionMinSize"": ""1311"", ""connectionTimeout"": ""232631"", ""connectionUploadTimeout"": ""315839"", ""disableUploadTimeout"": ""TRUE"", ""executorTerminationTimeoutMillis"": ""240916"", ""keepAliveTimeout"": ""513598"", ""maxConnections"": ""9848"", ""maxHeaderCount"": ""28"", ""maxHttpHeaderSize"": ""2449"", ""maxHttpRequestHeaderSize"": ""12361"", ""maxHttpResponseHeaderSize"": ""58997"", ""maxKeepAliveRequests"": ""3985"", ""maxParameterCount"": ""84242"", ""maxSwallowSize"": ""12033100"", ""maxThreads"": ""128"", ""minSpareThreads"": ""123"", ""processorCache"": ""323"", ""tcpNoDelay"": ""FALSE"", ""threadPriority"": ""8"", ""threadsMaxIdleTime"": ""582977"", ""useAsyncIO"": ""TRUE"", ""useVirtualThreads"": ""FALSE""}"
tomcat,lf05_hard07,"lambda_f=0.5, hard=0.7",3304,RQ1&2parrel,46,2182.83,24.98,2182.83,10.056188106536865,"[8, 50, 10, False]",0.0,10.056053638458252,0.0,"{""acceptCount"": ""321"", ""allowBackslash"": ""TRUE"", ""compression"": ""force"", ""compressionMinSize"": ""2847"", ""connectionTimeout"": ""240500"", ""connectionUploadTimeout"": ""150919"", ""disableUploadTimeout"": ""TRUE"", ""executorTerminationTimeoutMillis"": ""232475"", ""keepAliveTimeout"": ""17589"", ""maxConnections"": ""14448"", ""maxHeaderCount"": ""208"", ""maxHttpHeaderSize"": ""10722"", ""maxHttpRequestHeaderSize"": ""34315"", ""maxHttpResponseHeaderSize"": ""57274"", ""maxKeepAliveRequests"": ""80"", ""maxParameterCount"": ""36854"", ""maxSwallowSize"": ""5320572"", ""maxThreads"": ""388"", ""minSpareThreads"": ""56"", ""processorCache"": ""322"", ""tcpNoDelay"": ""TRUE"", ""threadPriority"": ""6"", ""threadsMaxIdleTime"": ""56695"", ""useAsyncIO"": ""FALSE"", ""useVirtualThreads"": ""FALSE""}"
tomcat,lf05_hard07,"lambda_f=0.5, hard=0.7",3304,RQ1&2parrel,47,2189.26,25.55,2189.26,10.069811344146729,"[8, 50, 10, False]",0.0,10.069715976715088,0.0,"{""acceptCount"": ""122"", ""allowBackslash"": ""TRUE"", ""compression"": ""on"", ""compressionMinSize"": ""1337"", ""connectionTimeout"": ""232649"", ""connectionUploadTimeout"": ""315839"", ""disableUploadTimeout"": ""TRUE"", ""executorTerminationTimeoutMillis"": ""312564"", ""keepAliveTimeout"": ""524873"", ""maxConnections"": ""10437"", ""maxHeaderCount"": ""49"", ""maxHttpHeaderSize"": ""2449"", ""maxHttpRequestHeaderSize"": ""14269"", ""maxHttpResponseHeaderSize"": ""58997"", ""maxKeepAliveRequests"": ""3985"", ""maxParameterCount"": ""84242"", ""maxSwallowSize"": ""12033100"", ""maxThreads"": ""130"", ""minSpareThreads"": ""123"", ""processorCache"": ""323"", ""tcpNoDelay"": ""FALSE"", ""threadPriority"": ""8"", ""threadsMaxIdleTime"": ""583504"", ""useAsyncIO"": ""TRUE"", ""useVirtualThreads"": ""FALSE""}"
tomcat,lf05_hard07,"lambda_f=0.5, hard=0.7",3304,RQ1&2parrel,48,1955.97,26.66,1955.97,10.060957193374634,"[8, 50, 10, False]",0.0,10.060831546783447,0.0,"{""acceptCount"": ""436"", ""allowBackslash"": ""FALSE"", ""compression"": ""force"", ""compressionMinSize"": ""9199"", ""connectionTimeout"": ""99738"", ""connectionUploadTimeout"": ""154361"", ""disableUploadTimeout"": ""FALSE"", ""executorTerminationTimeoutMillis"": ""137813"", ""keepAliveTimeout"": ""317558"", ""maxConnections"": ""883"", ""maxHeaderCount"": ""632"", ""maxHttpHeaderSize"": ""21697"", ""maxHttpRequestHeaderSize"": ""60171"", ""maxHttpResponseHeaderSize"": ""46102"", ""maxKeepAliveRequests"": ""3407"", ""maxParameterCount"": ""71486"", ""maxSwallowSize"": ""491857"", ""maxThreads"": ""182"", ""minSpareThreads"": ""760"", ""processorCache"": ""5"", ""tcpNoDelay"": ""FALSE"", ""threadPriority"": ""5"", ""threadsMaxIdleTime"": ""443920"", ""useAsyncIO"": ""FALSE"", ""useVirtualThreads"": ""TRUE""}"
tomcat,lf05_hard07,"lambda_f=0.5, hard=0.7",3304,RQ1&2parrel,49,2081.12,24.52,2081.12,10.05002212524414,"[8, 50, 10, False]",0.0,10.049927949905396,0.0,"{""acceptCount"": ""567"", ""allowBackslash"": ""TRUE"", ""compression"": ""on"", ""compressionMinSize"": ""305"", ""connectionTimeout"": ""322206"", ""connectionUploadTimeout"": ""273316"", ""disableUploadTimeout"": ""FALSE"", ""executorTerminationTimeoutMillis"": ""215780"", ""keepAliveTimeout"": ""91529"", ""maxConnections"": ""8573"", ""maxHeaderCount"": ""46"", ""maxHttpHeaderSize"": ""40063"", ""maxHttpRequestHeaderSize"": ""47639"", ""maxHttpResponseHeaderSize"": ""57692"", ""maxKeepAliveRequests"": ""4322"", ""maxParameterCount"": ""49163"", ""maxSwallowSize"": ""15537055"", ""maxThreads"": ""302"", ""minSpareThreads"": ""216"", ""processorCache"": ""311"", ""tcpNoDelay"": ""TRUE"", ""threadPriority"": ""8"", ""threadsMaxIdleTime"": ""523681"", ""useAsyncIO"": ""TRUE"", ""useVirtualThreads"": ""TRUE""}"
tomcat,lf05_hard07,"lambda_f=0.5, hard=0.7",3304,RQ1&2parrel,50,2283.5,25.0,2283.5,10.053176164627075,"[8, 50, 10, False]",0.0,10.053079605102539,0.0,"{""acceptCount"": ""122"", ""allowBackslash"": ""TRUE"", ""compression"": ""force"", ""compressionMinSize"": ""1337"", ""connectionTimeout"": ""229667"", ""connectionUploadTimeout"": ""315945"", ""disableUploadTimeout"": ""TRUE"", ""executorTerminationTimeoutMillis"": ""305705"", ""keepAliveTimeout"": ""536109"", ""maxConnections"": ""11694"", ""maxHeaderCount"": ""24"", ""maxHttpHeaderSize"": ""4455"", ""maxHttpRequestHeaderSize"": ""12326"", ""maxHttpResponseHeaderSize"": ""55559"", ""maxKeepAliveRequests"": ""3896"", ""maxParameterCount"": ""84242"", ""maxSwallowSize"": ""4065685"", ""maxThreads"": ""121"", ""minSpareThreads"": ""101"", ""processorCache"": ""323"", ""tcpNoDelay"": ""FALSE"", ""threadPriority"": ""7"", ""threadsMaxIdleTime"": ""558977"", ""useAsyncIO"": ""TRUE"", ""useVirtualThreads"": ""FALSE""}"
tomcat,lf05_hard07,"lambda_f=0.5, hard=0.7",3304,RQ1&2parrel,51,2264.39,26.72,2264.39,10.030439138412476,"[8, 50, 10, False]",0.0,10.030174016952515,0.0,"{""acceptCount"": ""224"", ""allowBackslash"": ""TRUE"", ""compression"": ""on"", ""compressionMinSize"": ""6869"", ""connectionTimeout"": ""424598"", ""connectionUploadTimeout"": ""177539"", ""disableUploadTimeout"": ""FALSE"", ""executorTerminationTimeoutMillis"": ""539821"", ""keepAliveTimeout"": ""262450"", ""maxConnections"": ""9295"", ""maxHeaderCount"": ""398"", ""maxHttpHeaderSize"": ""46140"", ""maxHttpRequestHeaderSize"": ""64142"", ""maxHttpResponseHeaderSize"": ""62456"", ""maxKeepAliveRequests"": ""2438"", ""maxParameterCount"": ""11590"", ""maxSwallowSize"": ""20242936"", ""maxThreads"": ""167"", ""minSpareThreads"": ""459"", ""processorCache"": ""372"", ""tcpNoDelay"": ""TRUE"", ""threadPriority"": ""6"", ""threadsMaxIdleTime"": ""386018"", ""useAsyncIO"": ""FALSE"", ""useVirtualThreads"": ""FALSE""}"
tomcat,lf05_hard07,"lambda_f=0.5, hard=0.7",3304,RQ1&2parrel,52,2197.28,23.38,2197.28,10.029865026473999,"[8, 50, 10, False]",0.0,10.029760599136353,0.0,"{""acceptCount"": ""816"", ""allowBackslash"": ""TRUE"", ""compression"": ""force"", ""compressionMinSize"": ""3929"", ""connectionTimeout"": ""96736"", ""connectionUploadTimeout"": ""572197"", ""disableUploadTimeout"": ""FALSE"", ""executorTerminationTimeoutMillis"": ""480974"", ""keepAliveTimeout"": ""433408"", ""maxConnections"": ""5378"", ""maxHeaderCount"": ""940"", ""maxHttpHeaderSize"": ""30738"", ""maxHttpRequestHeaderSize"": ""38177"", ""maxHttpResponseHeaderSize"": ""43819"", ""maxKeepAliveRequests"": ""3266"", ""maxParameterCount"": ""75578"", ""maxSwallowSize"": ""11341632"", ""maxThreads"": ""354"", ""minSpareThreads"": ""940"", ""processorCache"": ""101"", ""tcpNoDelay"": ""TRUE"", ""threadPriority"": ""7"", ""threadsMaxIdleTime"": ""396669"", ""useAsyncIO"": ""TRUE"", ""useVirtualThreads"": ""TRUE""}"
tomcat,lf05_hard07,"lambda_f=0.5, hard=0.7",3304,RQ1&2parrel,53,2384.65,24.57,2384.65,10.033259391784668,"[8, 50, 10, False]",0.0,10.033173561096191,0.0,"{""acceptCount"": ""31"", ""allowBackslash"": ""TRUE"", ""compression"": ""force"", ""compressionMinSize"": ""1337"", ""connectionTimeout"": ""254696"", ""connectionUploadTimeout"": ""315839"", ""disableUploadTimeout"": ""TRUE"", ""executorTerminationTimeoutMillis"": ""312564"", ""keepAliveTimeout"": ""453231"", ""maxConnections"": ""9852"", ""maxHeaderCount"": ""121"", ""maxHttpHeaderSize"": ""2259"", ""maxHttpRequestHeaderSize"": ""37918"", ""maxHttpResponseHeaderSize"": ""58845"", ""maxKeepAliveRequests"": ""3967"", ""maxParameterCount"": ""84242"", ""maxSwallowSize"": ""12246548"", ""maxThreads"": ""125"", ""minSpareThreads"": ""679"", ""processorCache"": ""323"", ""tcpNoDelay"": ""FALSE"", ""threadPriority"": ""8"", ""threadsMaxIdleTime"": ""576694"", ""useAsyncIO"": ""FALSE"", ""useVirtualThreads"": ""FALSE""}"
tomcat,lf05_hard07,"lambda_f=0.5, hard=0.7",3304,RQ1&2parrel,54,2376.64,24.77,2376.64,10.066964626312256,"[8, 50, 10, False]",0.0,10.066873550415039,0.0,"{""acceptCount"": ""123"", ""allowBackslash"": ""TRUE"", ""compression"": ""force"", ""compressionMinSize"": ""3197"", ""connectionTimeout"": ""236035"", ""connectionUploadTimeout"": ""365197"", ""disableUploadTimeout"": ""TRUE"", ""executorTerminationTimeoutMillis"": ""312497"", ""keepAliveTimeout"": ""538984"", ""maxConnections"": ""16890"", ""maxHeaderCount"": ""77"", ""maxHttpHeaderSize"": ""1214"", ""maxHttpRequestHeaderSize"": ""52857"", ""maxHttpResponseHeaderSize"": ""62212"", ""maxKeepAliveRequests"": ""4225"", ""maxParameterCount"": ""86642"", ""maxSwallowSize"": ""11782530"", ""maxThreads"": ""143"", ""minSpareThreads"": ""172"", ""processorCache"": ""326"", ""tcpNoDelay"": ""FALSE"", ""threadPriority"": ""8"", ""threadsMaxIdleTime"": ""317916"", ""useAsyncIO"": ""FALSE"", ""useVirtualThreads"": ""FALSE""}"
tomcat,lf05_hard07,"lambda_f=0.5, hard=0.7",3304,RQ1&2parrel,55,2373.67,23.15,2373.67,10.07796835899353,"[8, 50, 10, False]",0.0,10.077870845794678,0.0,"{""acceptCount"": ""116"", ""allowBackslash"": ""TRUE"", ""compression"": ""force"", ""compressionMinSize"": ""1041"", ""connectionTimeout"": ""232650"", ""connectionUploadTimeout"": ""315839"", ""disableUploadTimeout"": ""TRUE"", ""executorTerminationTimeoutMillis"": ""312564"", ""keepAliveTimeout"": ""524873"", ""maxConnections"": ""9826"", ""maxHeaderCount"": ""49"", ""maxHttpHeaderSize"": ""2449"", ""maxHttpRequestHeaderSize"": ""12560"", ""maxHttpResponseHeaderSize"": ""58997"", ""maxKeepAliveRequests"": ""3985"", ""maxParameterCount"": ""84242"", ""maxSwallowSize"": ""12020720"", ""maxThreads"": ""130"", ""minSpareThreads"": ""124"", ""processorCache"": ""320"", ""tcpNoDelay"": ""FALSE"", ""threadPriority"": ""8"", ""threadsMaxIdleTime"": ""599248"", ""useAsyncIO"": ""TRUE"", ""useVirtualThreads"": ""FALSE""}"
tomcat,lf05_hard07,"lambda_f=0.5, hard=0.7",3304,RQ1&2parrel,56,2377.33,23.43,2377.33,10.038385152816772,"[8, 50, 10, False]",0.0,10.038289546966553,0.0,"{""acceptCount"": ""456"", ""allowBackslash"": ""FALSE"", ""compression"": ""on"", ""compressionMinSize"": ""1378"", ""connectionTimeout"": ""529445"", ""connectionUploadTimeout"": ""361062"", ""disableUploadTimeout"": ""FALSE"", ""executorTerminationTimeoutMillis"": ""361250"", ""keepAliveTimeout"": ""28355"", ""maxConnections"": ""2334"", ""maxHeaderCount"": ""512"", ""maxHttpHeaderSize"": ""41056"", ""maxHttpRequestHeaderSize"": ""57638"", ""maxHttpResponseHeaderSize"": ""41722"", ""maxKeepAliveRequests"": ""30"", ""maxParameterCount"": ""80553"", ""maxSwallowSize"": ""20806208"", ""maxThreads"": ""24"", ""minSpareThreads"": ""928"", ""processorCache"": ""309"", ""tcpNoDelay"": ""FALSE"", ""threadPriority"": ""7"", ""threadsMaxIdleTime"": ""453095"", ""useAsyncIO"": ""FALSE"", ""useVirtualThreads"": ""FALSE""}"
tomcat,lf05_hard07,"lambda_f=0.5, hard=0.7",3304,RQ1&2parrel,57,2362.28,25.29,2362.28,10.07429313659668,"[8, 50, 10, False]",0.0,10.074207305908203,0.0,"{""acceptCount"": ""169"", ""allowBackslash"": ""FALSE"", ""compression"": ""force"", ""compressionMinSize"": ""2496"", ""connectionTimeout"": ""229912"", ""connectionUploadTimeout"": ""317391"", ""disableUploadTimeout"": ""TRUE"", ""executorTerminationTimeoutMillis"": ""309500"", ""keepAliveTimeout"": ""434977"", ""maxConnections"": ""9874"", ""maxHeaderCount"": ""173"", ""maxHttpHeaderSize"": ""2463"", ""maxHttpRequestHeaderSize"": ""11833"", ""maxHttpResponseHeaderSize"": ""60689"", ""maxKeepAliveRequests"": ""4117"", ""maxParameterCount"": ""83208"", ""maxSwallowSize"": ""12052966"", ""maxThreads"": ""129"", ""minSpareThreads"": ""122"", ""processorCache"": ""323"", ""tcpNoDelay"": ""TRUE"", ""threadPriority"": ""8"", ""threadsMaxIdleTime"": ""576852"", ""useAsyncIO"": ""TRUE"", ""useVirtualThreads"": ""FALSE""}"
tomcat,lf05_hard07,"lambda_f=0.5, hard=0.7",3304,RQ1&2parrel,58,2431.48,28.02,2431.48,10.043426513671875,"[8, 50, 10, False]",0.0,10.043331623077393,0.0,"{""acceptCount"": ""145"", ""allowBackslash"": ""FALSE"", ""compression"": ""force"", ""compressionMinSize"": ""1337"", ""connectionTimeout"": ""234781"", ""connectionUploadTimeout"": ""317181"", ""disableUploadTimeout"": ""TRUE"", ""executorTerminationTimeoutMillis"": ""315474"", ""keepAliveTimeout"": ""521816"", ""maxConnections"": ""10426"", ""maxHeaderCount"": ""49"", ""maxHttpHeaderSize"": ""2504"", ""maxHttpRequestHeaderSize"": ""18643"", ""maxHttpResponseHeaderSize"": ""59096"", ""maxKeepAliveRequests"": ""4070"", ""maxParameterCount"": ""84275"", ""maxSwallowSize"": ""12050825"", ""maxThreads"": ""120"", ""minSpareThreads"": ""120"", ""processorCache"": ""324"", ""tcpNoDelay"": ""FALSE"", ""threadPriority"": ""8"", ""threadsMaxIdleTime"": ""560820"", ""useAsyncIO"": ""FALSE"", ""useVirtualThreads"": ""FALSE""}"
tomcat,lf05_hard07,"lambda_f=0.5, hard=0.7",3304,RQ1&2parrel,59,2372.85,23.39,2372.85,10.037763595581055,"[8, 50, 10, False]",0.0,10.037648677825928,0.0,"{""acceptCount"": ""143"", ""allowBackslash"": ""FALSE"", ""compression"": ""force"", ""compressionMinSize"": ""1606"", ""connectionTimeout"": ""245390"", ""connectionUploadTimeout"": ""320604"", ""disableUploadTimeout"": ""TRUE"", ""executorTerminationTimeoutMillis"": ""300246"", ""keepAliveTimeout"": ""531638"", ""maxConnections"": ""10426"", ""maxHeaderCount"": ""124"", ""maxHttpHeaderSize"": ""2490"", ""maxHttpRequestHeaderSize"": ""18842"", ""maxHttpResponseHeaderSize"": ""58927"", ""maxKeepAliveRequests"": ""4017"", ""maxParameterCount"": ""29734"", ""maxSwallowSize"": ""11959812"", ""maxThreads"": ""120"", ""minSpareThreads"": ""121"", ""processorCache"": ""324"", ""tcpNoDelay"": ""FALSE"", ""threadPriority"": ""8"", ""threadsMaxIdleTime"": ""556897"", ""useAsyncIO"": ""TRUE"", ""useVirtualThreads"": ""FALSE""}"
tomcat,lf05_hard07,"lambda_f=0.5, hard=0.7",3304,RQ1&2parrel,60,2383.06,27.25,2383.06,10.078440189361572,"[8, 50, 10, False]",0.0,10.078347206115723,0.0,"{""acceptCount"": ""157"", ""allowBackslash"": ""TRUE"", ""compression"": ""force"", ""compressionMinSize"": ""1445"", ""connectionTimeout"": ""234667"", ""connectionUploadTimeout"": ""372146"", ""disableUploadTimeout"": ""TRUE"", ""executorTerminationTimeoutMillis"": ""401387"", ""keepAliveTimeout"": ""529896"", ""maxConnections"": ""11092"", ""maxHeaderCount"": ""54"", ""maxHttpHeaderSize"": ""2868"", ""maxHttpRequestHeaderSize"": ""22606"", ""maxHttpResponseHeaderSize"": ""59510"", ""maxKeepAliveRequests"": ""4505"", ""maxParameterCount"": ""82875"", ""maxSwallowSize"": ""14990050"", ""maxThreads"": ""120"", ""minSpareThreads"": ""917"", ""processorCache"": ""324"", ""tcpNoDelay"": ""TRUE"", ""threadPriority"": ""8"", ""threadsMaxIdleTime"": ""290333"", ""useAsyncIO"": ""TRUE"", ""useVirtualThreads"": ""FALSE""}"
tomcat,lf05_hard07,"lambda_f=0.5, hard=0.7",3304,RQ1&2parrel,61,2474.81,25.43,2474.81,10.070865631103516,"[8, 50, 10, False]",0.0,10.070775032043457,0.0,"{""acceptCount"": ""150"", ""allowBackslash"": ""TRUE"", ""compression"": ""force"", ""compressionMinSize"": ""1345"", ""connectionTimeout"": ""234781"", ""connectionUploadTimeout"": ""319120"", ""disableUploadTimeout"": ""TRUE"", ""executorTerminationTimeoutMillis"": ""332554"", ""keepAliveTimeout"": ""521828"", ""maxConnections"": ""10429"", ""maxHeaderCount"": ""82"", ""maxHttpHeaderSize"": ""2656"", ""maxHttpRequestHeaderSize"": ""26097"", ""maxHttpResponseHeaderSize"": ""59096"", ""maxKeepAliveRequests"": ""3788"", ""maxParameterCount"": ""76340"", ""maxSwallowSize"": ""8764697"", ""maxThreads"": ""121"", ""minSpareThreads"": ""214"", ""processorCache"": ""324"", ""tcpNoDelay"": ""TRUE"", ""threadPriority"": ""8"", ""threadsMaxIdleTime"": ""51251"", ""useAsyncIO"": ""TRUE"", ""useVirtualThreads"": ""FALSE""}"
tomcat,lf05_hard07,"lambda_f=0.5, hard=0.7",3304,RQ1&2parrel,62,2342.64,26.11,2342.64,10.050071716308594,"[8, 50, 10, False]",0.0,10.049978494644165,0.0,"{""acceptCount"": ""425"", ""allowBackslash"": ""TRUE"", ""compression"": ""force"", ""compressionMinSize"": ""1619"", ""connectionTimeout"": ""234715"", ""connectionUploadTimeout"": ""327106"", ""disableUploadTimeout"": ""TRUE"", ""executorTerminationTimeoutMillis"": ""333861"", ""keepAliveTimeout"": ""521828"", ""maxConnections"": ""10425"", ""maxHeaderCount"": ""82"", ""maxHttpHeaderSize"": ""1372"", ""maxHttpRequestHeaderSize"": ""23309"", ""maxHttpResponseHeaderSize"": ""58653"", ""maxKeepAliveRequests"": ""3706"", ""maxParameterCount"": ""71354"", ""maxSwallowSize"": ""8738904"", ""maxThreads"": ""121"", ""minSpareThreads"": ""201"", ""processorCache"": ""357"", ""tcpNoDelay"": ""FALSE"", ""threadPriority"": ""8"", ""threadsMaxIdleTime"": ""51251"", ""useAsyncIO"": ""TRUE"", ""useVirtualThreads"": ""FALSE""}"
tomcat,lf05_hard07,"lambda_f=0.5, hard=0.7",3304,RQ1&2parrel,63,2278.9,30.48,2278.9,10.113649129867554,"[8, 50, 10, False]",0.0,10.113526582717896,0.0,"{""acceptCount"": ""175"", ""allowBackslash"": ""FALSE"", ""compression"": ""force"", ""compressionMinSize"": ""1599"", ""connectionTimeout"": ""234576"", ""connectionUploadTimeout"": ""296953"", ""disableUploadTimeout"": ""TRUE"", ""executorTerminationTimeoutMillis"": ""280503"", ""keepAliveTimeout"": ""483756"", ""maxConnections"": ""10487"", ""maxHeaderCount"": ""122"", ""maxHttpHeaderSize"": ""2817"", ""maxHttpRequestHeaderSize"": ""27217"", ""maxHttpResponseHeaderSize"": ""59381"", ""maxKeepAliveRequests"": ""3788"", ""maxParameterCount"": ""81807"", ""maxSwallowSize"": ""8990733"", ""maxThreads"": ""121"", ""minSpareThreads"": ""232"", ""processorCache"": ""326"", ""tcpNoDelay"": ""FALSE"", ""threadPriority"": ""8"", ""threadsMaxIdleTime"": ""17227"", ""useAsyncIO"": ""FALSE"", ""useVirtualThreads"": ""FALSE""}"
tomcat,lf05_hard07,"lambda_f=0.5, hard=0.7",3304,RQ1&2parrel,64,2371.87,27.23,2371.87,10.040517568588257,"[8, 50, 10, False]",0.0,10.040413856506348,0.0,"{""acceptCount"": ""156"", ""allowBackslash"": ""TRUE"", ""compression"": ""force"", ""compressionMinSize"": ""2285"", ""connectionTimeout"": ""235212"", ""connectionUploadTimeout"": ""321354"", ""disableUploadTimeout"": ""TRUE"", ""executorTerminationTimeoutMillis"": ""344270"", ""keepAliveTimeout"": ""530658"", ""maxConnections"": ""10429"", ""maxHeaderCount"": ""376"", ""maxHttpHeaderSize"": ""2574"", ""maxHttpRequestHeaderSize"": ""26095"", ""maxHttpResponseHeaderSize"": ""59102"", ""maxKeepAliveRequests"": ""3730"", ""maxParameterCount"": ""76317"", ""maxSwallowSize"": ""10702761"", ""maxThreads"": ""117"", ""minSpareThreads"": ""464"", ""processorCache"": ""324"", ""tcpNoDelay"": ""TRUE"", ""threadPriority"": ""8"", ""threadsMaxIdleTime"": ""129094"", ""useAsyncIO"": ""TRUE"", ""useVirtualThreads"": ""FALSE""}"
tomcat,lf05_hard07,"lambda_f=0.5, hard=0.7",3304,RQ1&2parrel,65,2386.25,25.72,2386.25,10.071897029876709,"[8, 50, 10, False]",0.0,10.071806907653809,0.0,"{""acceptCount"": ""156"", ""allowBackslash"": ""TRUE"", ""compression"": ""force"", ""compressionMinSize"": ""1345"", ""connectionTimeout"": ""234781"", ""connectionUploadTimeout"": ""317723"", ""disableUploadTimeout"": ""TRUE"", ""executorTerminationTimeoutMillis"": ""352988"", ""keepAliveTimeout"": ""481742"", ""maxConnections"": ""10429"", ""maxHeaderCount"": ""82"", ""maxHttpHeaderSize"": ""2656"", ""maxHttpRequestHeaderSize"": ""22174"", ""maxHttpResponseHeaderSize"": ""59095"", ""maxKeepAliveRequests"": ""4229"", ""maxParameterCount"": ""75870"", ""maxSwallowSize"": ""11503780"", ""maxThreads"": ""133"", ""minSpareThreads"": ""209"", ""processorCache"": ""324"", ""tcpNoDelay"": ""FALSE"", ""threadPriority"": ""2"", ""threadsMaxIdleTime"": ""147392"", ""useAsyncIO"": ""FALSE"", ""useVirtualThreads"": ""FALSE""}"
tomcat,lf05_hard07,"lambda_f=0.5, hard=0.7",3304,RQ1&2parrel,66,2201.91,30.16,2201.91,10.09374213218689,"[8, 50, 10, False]",0.0,10.092982292175293,0.0,"{""acceptCount"": ""149"", ""allowBackslash"": ""FALSE"", ""compression"": ""force"", ""compressionMinSize"": ""1350"", ""connectionTimeout"": ""234985"", ""connectionUploadTimeout"": ""316095"", ""disableUploadTimeout"": ""TRUE"", ""executorTerminationTimeoutMillis"": ""338109"", ""keepAliveTimeout"": ""522836"", ""maxConnections"": ""11104"", ""maxHeaderCount"": ""83"", ""maxHttpHeaderSize"": ""2277"", ""maxHttpRequestHeaderSize"": ""24726"", ""maxHttpResponseHeaderSize"": ""59096"", ""maxKeepAliveRequests"": ""3794"", ""maxParameterCount"": ""76536"", ""maxSwallowSize"": ""8398460"", ""maxThreads"": ""121"", ""minSpareThreads"": ""129"", ""processorCache"": ""324"", ""tcpNoDelay"": ""TRUE"", ""threadPriority"": ""8"", ""threadsMaxIdleTime"": ""302152"", ""useAsyncIO"": ""FALSE"", ""useVirtualThreads"": ""FALSE""}"
tomcat,lf05_hard07,"lambda_f=0.5, hard=0.7",3304,RQ1&2parrel,67,2370.28,27.5,2370.28,10.04550051689148,"[8, 50, 10, False]",0.0,10.045402765274048,0.0,"{""acceptCount"": ""148"", ""allowBackslash"": ""FALSE"", ""compression"": ""force"", ""compressionMinSize"": ""1334"", ""connectionTimeout"": ""225991"", ""connectionUploadTimeout"": ""317927"", ""disableUploadTimeout"": ""TRUE"", ""executorTerminationTimeoutMillis"": ""333227"", ""keepAliveTimeout"": ""522914"", ""maxConnections"": ""14566"", ""maxHeaderCount"": ""101"", ""maxHttpHeaderSize"": ""766"", ""maxHttpRequestHeaderSize"": ""26105"", ""maxHttpResponseHeaderSize"": ""58706"", ""maxKeepAliveRequests"": ""3774"", ""maxParameterCount"": ""76218"", ""maxSwallowSize"": ""11794606"", ""maxThreads"": ""120"", ""minSpareThreads"": ""293"", ""processorCache"": ""319"", ""tcpNoDelay"": ""FALSE"", ""threadPriority"": ""9"", ""threadsMaxIdleTime"": ""39336"", ""useAsyncIO"": ""TRUE"", ""useVirtualThreads"": ""FALSE""}"
tomcat,lf05_hard07,"lambda_f=0.5, hard=0.7",3304,RQ1&2parrel,68,2401.45,24.45,2401.45,10.027430057525635,"[8, 50, 10, False]",0.0,10.02733850479126,0.0,"{""acceptCount"": ""146"", ""allowBackslash"": ""TRUE"", ""compression"": ""force"", ""compressionMinSize"": ""1498"", ""connectionTimeout"": ""237801"", ""connectionUploadTimeout"": ""321534"", ""disableUploadTimeout"": ""TRUE"", ""executorTerminationTimeoutMillis"": ""332555"", ""keepAliveTimeout"": ""559305"", ""maxConnections"": ""10388"", ""maxHeaderCount"": ""56"", ""maxHttpHeaderSize"": ""2622"", ""maxHttpRequestHeaderSize"": ""27983"", ""maxHttpResponseHeaderSize"": ""60039"", ""maxKeepAliveRequests"": ""3788"", ""maxParameterCount"": ""77057"", ""maxSwallowSize"": ""10145645"", ""maxThreads"": ""121"", ""minSpareThreads"": ""251"", ""processorCache"": ""326"", ""tcpNoDelay"": ""FALSE"", ""threadPriority"": ""8"", ""threadsMaxIdleTime"": ""51261"", ""useAsyncIO"": ""TRUE"", ""useVirtualThreads"": ""FALSE""}"
tomcat,lf05_hard07,"lambda_f=0.5, hard=0.7",3304,RQ1&2parrel,69,2304.84,27.13,2304.84,10.084174394607544,"[8, 50, 10, False]",0.0,10.08408522605896,0.0,"{""acceptCount"": ""199"", ""allowBackslash"": ""TRUE"", ""compression"": ""force"", ""compressionMinSize"": ""1366"", ""connectionTimeout"": ""226693"", ""connectionUploadTimeout"": ""338046"", ""disableUploadTimeout"": ""TRUE"", ""executorTerminationTimeoutMillis"": ""357894"", ""keepAliveTimeout"": ""528050"", ""maxConnections"": ""10282"", ""maxHeaderCount"": ""6"", ""maxHttpHeaderSize"": ""1436"", ""maxHttpRequestHeaderSize"": ""26114"", ""maxHttpResponseHeaderSize"": ""59068"", ""maxKeepAliveRequests"": ""3777"", ""maxParameterCount"": ""80651"", ""maxSwallowSize"": ""8763890"", ""maxThreads"": ""121"", ""minSpareThreads"": ""215"", ""processorCache"": ""328"", ""tcpNoDelay"": ""TRUE"", ""threadPriority"": ""8"", ""threadsMaxIdleTime"": ""46376"", ""useAsyncIO"": ""TRUE"", ""useVirtualThreads"": ""FALSE""}"
tomcat,lf05_hard07,"lambda_f=0.5, hard=0.7",3304,RQ1&2parrel,70,2207.66,27.09,2207.66,10.054228782653809,"[8, 50, 10, False]",0.0,10.054111957550049,0.0,"{""acceptCount"": ""146"", ""allowBackslash"": ""FALSE"", ""compression"": ""force"", ""compressionMinSize"": ""1345"", ""connectionTimeout"": ""234781"", ""connectionUploadTimeout"": ""308648"", ""disableUploadTimeout"": ""TRUE"", ""executorTerminationTimeoutMillis"": ""332554"", ""keepAliveTimeout"": ""521828"", ""maxConnections"": ""10429"", ""maxHeaderCount"": ""94"", ""maxHttpHeaderSize"": ""2656"", ""maxHttpRequestHeaderSize"": ""24687"", ""maxHttpResponseHeaderSize"": ""59096"", ""maxKeepAliveRequests"": ""3788"", ""maxParameterCount"": ""76294"", ""maxSwallowSize"": ""8485532"", ""maxThreads"": ""121"", ""minSpareThreads"": ""214"", ""processorCache"": ""324"", ""tcpNoDelay"": ""TRUE"", ""threadPriority"": ""8"", ""threadsMaxIdleTime"": ""68663"", ""useAsyncIO"": ""TRUE"", ""useVirtualThreads"": ""FALSE""}"
tomcat,lf05_hard07,"lambda_f=0.5, hard=0.7",3304,RQ1&2parrel,71,2194.31,23.17,2194.31,10.02916955947876,"[8, 50, 10, False]",0.0,10.029082298278809,0.0,"{""acceptCount"": ""535"", ""allowBackslash"": ""FALSE"", ""compression"": ""force"", ""compressionMinSize"": ""2697"", ""connectionTimeout"": ""372448"", ""connectionUploadTimeout"": ""212964"", ""disableUploadTimeout"": ""TRUE"", ""executorTerminationTimeoutMillis"": ""458583"", ""keepAliveTimeout"": ""456973"", ""maxConnections"": ""17851"", ""maxHeaderCount"": ""863"", ""maxHttpHeaderSize"": ""13603"", ""maxHttpRequestHeaderSize"": ""23218"", ""maxHttpResponseHeaderSize"": ""55579"", ""maxKeepAliveRequests"": ""1194"", ""maxParameterCount"": ""69154"", ""maxSwallowSize"": ""12801394"", ""maxThreads"": ""310"", ""minSpareThreads"": ""508"", ""processorCache"": ""337"", ""tcpNoDelay"": ""TRUE"", ""threadPriority"": ""8"", ""threadsMaxIdleTime"": ""429853"", ""useAsyncIO"": ""FALSE"", ""useVirtualThreads"": ""TRUE""}"
tomcat,lf05_hard07,"lambda_f=0.5, hard=0.7",3304,RQ1&2parrel,72,2328.88,26.76,2328.88,10.026826858520508,"[8, 50, 10, False]",0.0,10.026731014251709,0.0,"{""acceptCount"": ""194"", ""allowBackslash"": ""TRUE"", ""compression"": ""force"", ""compressionMinSize"": ""1280"", ""connectionTimeout"": ""232059"", ""connectionUploadTimeout"": ""319120"", ""disableUploadTimeout"": ""TRUE"", ""executorTerminationTimeoutMillis"": ""350496"", ""keepAliveTimeout"": ""268562"", ""maxConnections"": ""9896"", ""maxHeaderCount"": ""82"", ""maxHttpHeaderSize"": ""3039"", ""maxHttpRequestHeaderSize"": ""26077"", ""maxHttpResponseHeaderSize"": ""60200"", ""maxKeepAliveRequests"": ""2171"", ""maxParameterCount"": ""68679"", ""maxSwallowSize"": ""7914563"", ""maxThreads"": ""125"", ""minSpareThreads"": ""183"", ""processorCache"": ""325"", ""tcpNoDelay"": ""TRUE"", ""threadPriority"": ""6"", ""threadsMaxIdleTime"": ""44255"", ""useAsyncIO"": ""FALSE"", ""useVirtualThreads"": ""FALSE""}"
tomcat,lf05_hard07,"lambda_f=0.5, hard=0.7",3304,RQ1&2parrel,73,2427.93,25.05,2427.93,10.021601915359497,"[8, 50, 10, False]",0.0,10.021508693695068,0.0,"{""acceptCount"": ""150"", ""allowBackslash"": ""TRUE"", ""compression"": ""force"", ""compressionMinSize"": ""1058"", ""connectionTimeout"": ""251031"", ""connectionUploadTimeout"": ""323262"", ""disableUploadTimeout"": ""TRUE"", ""executorTerminationTimeoutMillis"": ""332554"", ""keepAliveTimeout"": ""521828"", ""maxConnections"": ""10429"", ""maxHeaderCount"": ""207"", ""maxHttpHeaderSize"": ""3984"", ""maxHttpRequestHeaderSize"": ""26097"", ""maxHttpResponseHeaderSize"": ""59096"", ""maxKeepAliveRequests"": ""3788"", ""maxParameterCount"": ""45563"", ""maxSwallowSize"": ""8671461"", ""maxThreads"": ""124"", ""minSpareThreads"": ""54"", ""processorCache"": ""324"", ""tcpNoDelay"": ""FALSE"", ""threadPriority"": ""8"", ""threadsMaxIdleTime"": ""109559"", ""useAsyncIO"": ""TRUE"", ""useVirtualThreads"": ""FALSE""}"
tomcat,lf05_hard07,"lambda_f=0.5, hard=0.7",3304,RQ1&2parrel,74,2348.9,25.59,2348.9,10.022981882095337,"[8, 50, 10, False]",0.0,10.022893190383911,0.0,"{""acceptCount"": ""188"", ""allowBackslash"": ""TRUE"", ""compression"": ""force"", ""compressionMinSize"": ""1320"", ""connectionTimeout"": ""235056"", ""connectionUploadTimeout"": ""325468"", ""disableUploadTimeout"": ""TRUE"", ""executorTerminationTimeoutMillis"": ""332568"", ""keepAliveTimeout"": ""523322"", ""maxConnections"": ""10499"", ""maxHeaderCount"": ""146"", ""maxHttpHeaderSize"": ""2990"", ""maxHttpRequestHeaderSize"": ""27150"", ""maxHttpResponseHeaderSize"": ""59088"", ""maxKeepAliveRequests"": ""4229"", ""maxParameterCount"": ""78271"", ""maxSwallowSize"": ""9127590"", ""maxThreads"": ""121"", ""minSpareThreads"": ""216"", ""processorCache"": ""325"", ""tcpNoDelay"": ""TRUE"", ""threadPriority"": ""8"", ""threadsMaxIdleTime"": ""54275"", ""useAsyncIO"": ""FALSE"", ""useVirtualThreads"": ""FALSE""}"
tomcat,lf05_hard07,"lambda_f=0.5, hard=0.7",3304,RQ1&2parrel,75,2417.79,26.33,2417.79,10.026130199432373,"[8, 50, 10, False]",0.0,10.026041746139526,0.0,"{""acceptCount"": ""151"", ""allowBackslash"": ""TRUE"", ""compression"": ""force"", ""compressionMinSize"": ""1045"", ""connectionTimeout"": ""234776"", ""connectionUploadTimeout"": ""319120"", ""disableUploadTimeout"": ""TRUE"", ""executorTerminationTimeoutMillis"": ""332649"", ""keepAliveTimeout"": ""521822"", ""maxConnections"": ""10020"", ""maxHeaderCount"": ""83"", ""maxHttpHeaderSize"": ""1493"", ""maxHttpRequestHeaderSize"": ""26097"", ""maxHttpResponseHeaderSize"": ""59068"", ""maxKeepAliveRequests"": ""3775"", ""maxParameterCount"": ""76339"", ""maxSwallowSize"": ""8758118"", ""maxThreads"": ""119"", ""minSpareThreads"": ""214"", ""processorCache"": ""325"", ""tcpNoDelay"": ""FALSE"", ""threadPriority"": ""7"", ""threadsMaxIdleTime"": ""51260"", ""useAsyncIO"": ""TRUE"", ""useVirtualThreads"": ""FALSE""}"
tomcat,lf05_hard07,"lambda_f=0.5, hard=0.7",3304,RQ1&2parrel,76,2348.54,26.34,2348.54,10.114047288894653,"[8, 50, 10, False]",0.0,10.113945484161377,0.0,"{""acceptCount"": ""150"", ""allowBackslash"": ""TRUE"", ""compression"": ""force"", ""compressionMinSize"": ""1345"", ""connectionTimeout"": ""234781"", ""connectionUploadTimeout"": ""319120"", ""disableUploadTimeout"": ""TRUE"", ""executorTerminationTimeoutMillis"": ""332554"", ""keepAliveTimeout"": ""521828"", ""maxConnections"": ""10429"", ""maxHeaderCount"": ""25"", ""maxHttpHeaderSize"": ""2656"", ""maxHttpRequestHeaderSize"": ""26598"", ""maxHttpResponseHeaderSize"": ""59096"", ""maxKeepAliveRequests"": ""3788"", ""maxParameterCount"": ""77289"", ""maxSwallowSize"": ""8757785"", ""maxThreads"": ""121"", ""minSpareThreads"": ""214"", ""processorCache"": ""324"", ""tcpNoDelay"": ""TRUE"", ""threadPriority"": ""8"", ""threadsMaxIdleTime"": ""51251"", ""useAsyncIO"": ""TRUE"", ""useVirtualThreads"": ""FALSE""}"
tomcat,lf05_hard07,"lambda_f=0.5, hard=0.7",3304,RQ1&2parrel,77,2126.27,25.25,2126.27,10.042475700378418,"[8, 50, 10, False]",0.0,10.042356252670288,0.0,"{""acceptCount"": ""446"", ""allowBackslash"": ""FALSE"", ""compression"": ""force"", ""compressionMinSize"": ""5010"", ""connectionTimeout"": ""483249"", ""connectionUploadTimeout"": ""355416"", ""disableUploadTimeout"": ""TRUE"", ""executorTerminationTimeoutMillis"": ""46101"", ""keepAliveTimeout"": ""64329"", ""maxConnections"": ""8418"", ""maxHeaderCount"": ""171"", ""maxHttpHeaderSize"": ""19671"", ""maxHttpRequestHeaderSize"": ""26103"", ""maxHttpResponseHeaderSize"": ""34230"", ""maxKeepAliveRequests"": ""4325"", ""maxParameterCount"": ""11993"", ""maxSwallowSize"": ""15101296"", ""maxThreads"": ""276"", ""minSpareThreads"": ""497"", ""processorCache"": ""168"", ""tcpNoDelay"": ""TRUE"", ""threadPriority"": ""1"", ""threadsMaxIdleTime"": ""561523"", ""useAsyncIO"": ""TRUE"", ""useVirtualThreads"": ""TRUE""}"
tomcat,lf05_hard07,"lambda_f=0.5, hard=0.7",3304,RQ1&2parrel,78,2347.77,25.53,2347.77,10.117137670516968,"[8, 50, 10, False]",0.0,10.117043495178223,0.0,"{""acceptCount"": ""150"", ""allowBackslash"": ""TRUE"", ""compression"": ""force"", ""compressionMinSize"": ""1346"", ""connectionTimeout"": ""234779"", ""connectionUploadTimeout"": ""304565"", ""disableUploadTimeout"": ""TRUE"", ""executorTerminationTimeoutMillis"": ""332554"", ""keepAliveTimeout"": ""521822"", ""maxConnections"": ""10429"", ""maxHeaderCount"": ""110"", ""maxHttpHeaderSize"": ""2650"", ""maxHttpRequestHeaderSize"": ""26159"", ""maxHttpResponseHeaderSize"": ""59005"", ""maxKeepAliveRequests"": ""3788"", ""maxParameterCount"": ""76340"", ""maxSwallowSize"": ""8764639"", ""maxThreads"": ""121"", ""minSpareThreads"": ""90"", ""processorCache"": ""322"", ""tcpNoDelay"": ""TRUE"", ""threadPriority"": ""8"", ""threadsMaxIdleTime"": ""125907"", ""useAsyncIO"": ""TRUE"", ""useVirtualThreads"": ""FALSE""}"
tomcat,lf05_hard07,"lambda_f=0.5, hard=0.7",3304,RQ1&2parrel,79,2405.89,23.41,2405.89,10.034640073776245,"[8, 50, 10, False]",0.0,10.034550189971924,0.0,"{""acceptCount"": ""132"", ""allowBackslash"": ""TRUE"", ""compression"": ""force"", ""compressionMinSize"": ""1336"", ""connectionTimeout"": ""234943"", ""connectionUploadTimeout"": ""319123"", ""disableUploadTimeout"": ""TRUE"", ""executorTerminationTimeoutMillis"": ""391344"", ""keepAliveTimeout"": ""501352"", ""maxConnections"": ""11099"", ""maxHeaderCount"": ""128"", ""maxHttpHeaderSize"": ""5861"", ""maxHttpRequestHeaderSize"": ""26162"", ""maxHttpResponseHeaderSize"": ""58605"", ""maxKeepAliveRequests"": ""3788"", ""maxParameterCount"": ""75818"", ""maxSwallowSize"": ""10039934"", ""maxThreads"": ""120"", ""minSpareThreads"": ""234"", ""processorCache"": ""323"", ""tcpNoDelay"": ""TRUE"", ""threadPriority"": ""8"", ""threadsMaxIdleTime"": ""50480"", ""useAsyncIO"": ""TRUE"", ""useVirtualThreads"": ""FALSE""}"
tomcat,lf05_hard07,"lambda_f=0.5, hard=0.7",3304,RQ1&2parrel,80,2308.78,25.32,2308.78,10.023684978485107,"[8, 50, 10, False]",0.0,10.023589849472046,0.0,"{""acceptCount"": ""534"", ""allowBackslash"": ""TRUE"", ""compression"": ""force"", ""compressionMinSize"": ""5483"", ""connectionTimeout"": ""212800"", ""connectionUploadTimeout"": ""210429"", ""disableUploadTimeout"": ""FALSE"", ""executorTerminationTimeoutMillis"": ""227926"", ""keepAliveTimeout"": ""224547"", ""maxConnections"": ""1282"", ""maxHeaderCount"": ""780"", ""maxHttpHeaderSize"": ""4081"", ""maxHttpRequestHeaderSize"": ""2184"", ""maxHttpResponseHeaderSize"": ""43528"", ""maxKeepAliveRequests"": ""351"", ""maxParameterCount"": ""57388"", ""maxSwallowSize"": ""5366350"", ""maxThreads"": ""64"", ""minSpareThreads"": ""913"", ""processorCache"": ""400"", ""tcpNoDelay"": ""TRUE"", ""threadPriority"": ""7"", ""threadsMaxIdleTime"": ""512174"", ""useAsyncIO"": ""FALSE"", ""useVirtualThreads"": ""FALSE""}"
tomcat,lf05_hard07,"lambda_f=0.5, hard=0.7",3304,RQ1&2parrel,81,2432.55,26.89,2432.55,10.024830102920532,"[8, 50, 10, False]",0.0,10.02473783493042,0.0,"{""acceptCount"": ""156"", ""allowBackslash"": ""TRUE"", ""compression"": ""force"", ""compressionMinSize"": ""1388"", ""connectionTimeout"": ""234781"", ""connectionUploadTimeout"": ""319056"", ""disableUploadTimeout"": ""TRUE"", ""executorTerminationTimeoutMillis"": ""358043"", ""keepAliveTimeout"": ""521147"", ""maxConnections"": ""10081"", ""maxHeaderCount"": ""161"", ""maxHttpHeaderSize"": ""2656"", ""maxHttpRequestHeaderSize"": ""23508"", ""maxHttpResponseHeaderSize"": ""58897"", ""maxKeepAliveRequests"": ""3787"", ""maxParameterCount"": ""75387"", ""maxSwallowSize"": ""8764697"", ""maxThreads"": ""110"", ""minSpareThreads"": ""214"", ""processorCache"": ""324"", ""tcpNoDelay"": ""TRUE"", ""threadPriority"": ""7"", ""threadsMaxIdleTime"": ""53137"", ""useAsyncIO"": ""TRUE"", ""useVirtualThreads"": ""FALSE""}"
tomcat,lf05_hard07,"lambda_f=0.5, hard=0.7",3304,RQ1&2parrel,82,2430.24,29.2,2430.24,10.019886255264282,"[8, 50, 10, False]",0.0,10.019798755645752,0.0,"{""acceptCount"": ""147"", ""allowBackslash"": ""TRUE"", ""compression"": ""force"", ""compressionMinSize"": ""1348"", ""connectionTimeout"": ""238134"", ""connectionUploadTimeout"": ""337015"", ""disableUploadTimeout"": ""TRUE"", ""executorTerminationTimeoutMillis"": ""318475"", ""keepAliveTimeout"": ""518536"", ""maxConnections"": ""10570"", ""maxHeaderCount"": ""112"", ""maxHttpHeaderSize"": ""2655"", ""maxHttpRequestHeaderSize"": ""26130"", ""maxHttpResponseHeaderSize"": ""59096"", ""maxKeepAliveRequests"": ""3773"", ""maxParameterCount"": ""55217"", ""maxSwallowSize"": ""9234881"", ""maxThreads"": ""198"", ""minSpareThreads"": ""214"", ""processorCache"": ""325"", ""tcpNoDelay"": ""TRUE"", ""threadPriority"": ""8"", ""threadsMaxIdleTime"": ""41105"", ""useAsyncIO"": ""TRUE"", ""useVirtualThreads"": ""FALSE""}"
tomcat,lf05_hard07,"lambda_f=0.5, hard=0.7",3304,RQ1&2parrel,83,2364.91,25.37,2364.91,10.020894050598145,"[8, 50, 10, False]",0.0,10.020806550979614,0.0,"{""acceptCount"": ""151"", ""allowBackslash"": ""TRUE"", ""compression"": ""force"", ""compressionMinSize"": ""1339"", ""connectionTimeout"": ""230644"", ""connectionUploadTimeout"": ""318963"", ""disableUploadTimeout"": ""TRUE"", ""executorTerminationTimeoutMillis"": ""307391"", ""keepAliveTimeout"": ""110018"", ""maxConnections"": ""10429"", ""maxHeaderCount"": ""82"", ""maxHttpHeaderSize"": ""2962"", ""maxHttpRequestHeaderSize"": ""26097"", ""maxHttpResponseHeaderSize"": ""59100"", ""maxKeepAliveRequests"": ""3788"", ""maxParameterCount"": ""73574"", ""maxSwallowSize"": ""9222756"", ""maxThreads"": ""120"", ""minSpareThreads"": ""336"", ""processorCache"": ""324"", ""tcpNoDelay"": ""TRUE"", ""threadPriority"": ""8"", ""threadsMaxIdleTime"": ""280134"", ""useAsyncIO"": ""TRUE"", ""useVirtualThreads"": ""FALSE""}"
tomcat,lf05_hard07,"lambda_f=0.5, hard=0.7",3304,RQ1&2parrel,84,2304.6,27.25,2304.6,10.022473812103271,"[8, 50, 10, False]",0.0,10.02238392829895,0.0,"{""acceptCount"": ""96"", ""allowBackslash"": ""TRUE"", ""compression"": ""force"", ""compressionMinSize"": ""2776"", ""connectionTimeout"": ""234861"", ""connectionUploadTimeout"": ""319121"", ""disableUploadTimeout"": ""TRUE"", ""executorTerminationTimeoutMillis"": ""256796"", ""keepAliveTimeout"": ""521529"", ""maxConnections"": ""10429"", ""maxHeaderCount"": ""82"", ""maxHttpHeaderSize"": ""2656"", ""maxHttpRequestHeaderSize"": ""27100"", ""maxHttpResponseHeaderSize"": ""58839"", ""maxKeepAliveRequests"": ""3794"", ""maxParameterCount"": ""76096"", ""maxSwallowSize"": ""8803880"", ""maxThreads"": ""122"", ""minSpareThreads"": ""265"", ""processorCache"": ""314"", ""tcpNoDelay"": ""TRUE"", ""threadPriority"": ""8"", ""threadsMaxIdleTime"": ""32762"", ""useAsyncIO"": ""FALSE"", ""useVirtualThreads"": ""FALSE""}"
tomcat,lf05_hard07,"lambda_f=0.5, hard=0.7",3304,RQ1&2parrel,85,2398.91,22.9,2398.91,10.024882555007935,"[8, 50, 10, False]",0.0,10.024797439575195,0.0,"{""acceptCount"": ""145"", ""allowBackslash"": ""TRUE"", ""compression"": ""force"", ""compressionMinSize"": ""1350"", ""connectionTimeout"": ""234002"", ""connectionUploadTimeout"": ""324739"", ""disableUploadTimeout"": ""TRUE"", ""executorTerminationTimeoutMillis"": ""332554"", ""keepAliveTimeout"": ""582141"", ""maxConnections"": ""9366"", ""maxHeaderCount"": ""229"", ""maxHttpHeaderSize"": ""22231"", ""maxHttpRequestHeaderSize"": ""62695"", ""maxHttpResponseHeaderSize"": ""55804"", ""maxKeepAliveRequests"": ""3820"", ""maxParameterCount"": ""76340"", ""maxSwallowSize"": ""8783137"", ""maxThreads"": ""358"", ""minSpareThreads"": ""232"", ""processorCache"": ""324"", ""tcpNoDelay"": ""TRUE"", ""threadPriority"": ""8"", ""threadsMaxIdleTime"": ""381742"", ""useAsyncIO"": ""TRUE"", ""useVirtualThreads"": ""FALSE""}"
tomcat,lf05_hard07,"lambda_f=0.5, hard=0.7",3304,RQ1&2parrel,86,2343.13,27.27,2343.13,10.029094219207764,"[8, 50, 10, False]",0.0,10.028997421264648,0.0,"{""acceptCount"": ""159"", ""allowBackslash"": ""TRUE"", ""compression"": ""force"", ""compressionMinSize"": ""1351"", ""connectionTimeout"": ""234279"", ""connectionUploadTimeout"": ""319615"", ""disableUploadTimeout"": ""TRUE"", ""executorTerminationTimeoutMillis"": ""332674"", ""keepAliveTimeout"": ""567421"", ""maxConnections"": ""10711"", ""maxHeaderCount"": ""97"", ""maxHttpHeaderSize"": ""2847"", ""maxHttpRequestHeaderSize"": ""26045"", ""maxHttpResponseHeaderSize"": ""59096"", ""maxKeepAliveRequests"": ""3789"", ""maxParameterCount"": ""76459"", ""maxSwallowSize"": ""8753441"", ""maxThreads"": ""135"", ""minSpareThreads"": ""303"", ""processorCache"": ""324"", ""tcpNoDelay"": ""TRUE"", ""threadPriority"": ""8"", ""threadsMaxIdleTime"": ""53855"", ""useAsyncIO"": ""TRUE"", ""useVirtualThreads"": ""FALSE""}"
tomcat,lf05_hard07,"lambda_f=0.5, hard=0.7",3304,RQ1&2parrel,87,2166.53,23.75,2166.53,10.024450778961182,"[8, 50, 10, False]",0.0,10.024352312088013,0.0,"{""acceptCount"": ""891"", ""allowBackslash"": ""FALSE"", ""compression"": ""on"", ""compressionMinSize"": ""6553"", ""connectionTimeout"": ""288092"", ""connectionUploadTimeout"": ""368365"", ""disableUploadTimeout"": ""TRUE"", ""executorTerminationTimeoutMillis"": ""584193"", ""keepAliveTimeout"": ""107892"", ""maxConnections"": ""14467"", ""maxHeaderCount"": ""563"", ""maxHttpHeaderSize"": ""11672"", ""maxHttpRequestHeaderSize"": ""50498"", ""maxHttpResponseHeaderSize"": ""39512"", ""maxKeepAliveRequests"": ""3897"", ""maxParameterCount"": ""33337"", ""maxSwallowSize"": ""1872838"", ""maxThreads"": ""312"", ""minSpareThreads"": ""392"", ""processorCache"": ""219"", ""tcpNoDelay"": ""FALSE"", ""threadPriority"": ""4"", ""threadsMaxIdleTime"": ""535442"", ""useAsyncIO"": ""FALSE"", ""useVirtualThreads"": ""TRUE""}"
tomcat,lf05_hard07,"lambda_f=0.5, hard=0.7",3304,RQ1&2parrel,88,2350.86,24.7,2350.86,10.019958019256592,"[8, 50, 10, False]",0.0,10.019865989685059,0.0,"{""acceptCount"": ""150"", ""allowBackslash"": ""TRUE"", ""compression"": ""force"", ""compressionMinSize"": ""1336"", ""connectionTimeout"": ""234763"", ""connectionUploadTimeout"": ""276802"", ""disableUploadTimeout"": ""TRUE"", ""executorTerminationTimeoutMillis"": ""333098"", ""keepAliveTimeout"": ""521693"", ""maxConnections"": ""10824"", ""maxHeaderCount"": ""106"", ""maxHttpHeaderSize"": ""2357"", ""maxHttpRequestHeaderSize"": ""27418"", ""maxHttpResponseHeaderSize"": ""60030"", ""maxKeepAliveRequests"": ""3788"", ""maxParameterCount"": ""76672"", ""maxSwallowSize"": ""8784985"", ""maxThreads"": ""126"", ""minSpareThreads"": ""214"", ""processorCache"": ""324"", ""tcpNoDelay"": ""TRUE"", ""threadPriority"": ""8"", ""threadsMaxIdleTime"": ""492655"", ""useAsyncIO"": ""FALSE"", ""useVirtualThreads"": ""FALSE""}"
tomcat,lf05_hard07,"lambda_f=0.5, hard=0.7",3304,RQ1&2parrel,89,2197.99,28.69,2197.99,10.02191972732544,"[8, 50, 10, False]",0.0,10.021794319152832,0.0,"{""acceptCount"": ""150"", ""allowBackslash"": ""TRUE"", ""compression"": ""force"", ""compressionMinSize"": ""1902"", ""connectionTimeout"": ""253242"", ""connectionUploadTimeout"": ""319120"", ""disableUploadTimeout"": ""TRUE"", ""executorTerminationTimeoutMillis"": ""332554"", ""keepAliveTimeout"": ""527442"", ""maxConnections"": ""10384"", ""maxHeaderCount"": ""189"", ""maxHttpHeaderSize"": ""2566"", ""maxHttpRequestHeaderSize"": ""26097"", ""maxHttpResponseHeaderSize"": ""59362"", ""maxKeepAliveRequests"": ""4098"", ""maxParameterCount"": ""75525"", ""maxSwallowSize"": ""11819001"", ""maxThreads"": ""130"", ""minSpareThreads"": ""214"", ""processorCache"": ""321"", ""tcpNoDelay"": ""FALSE"", ""threadPriority"": ""9"", ""threadsMaxIdleTime"": ""225523"", ""useAsyncIO"": ""TRUE"", ""useVirtualThreads"": ""FALSE""}"
tomcat,lf05_hard07,"lambda_f=0.5, hard=0.7",3304,RQ1&2parrel,90,2278.85,27.45,2278.85,10.11194109916687,"[8, 50, 10, False]",0.0,10.111849784851074,0.0,"{""acceptCount"": ""147"", ""allowBackslash"": ""TRUE"", ""compression"": ""force"", ""compressionMinSize"": ""1662"", ""connectionTimeout"": ""234777"", ""connectionUploadTimeout"": ""319115"", ""disableUploadTimeout"": ""TRUE"", ""executorTerminationTimeoutMillis"": ""332863"", ""keepAliveTimeout"": ""521828"", ""maxConnections"": ""9634"", ""maxHeaderCount"": ""82"", ""maxHttpHeaderSize"": ""2656"", ""maxHttpRequestHeaderSize"": ""26097"", ""maxHttpResponseHeaderSize"": ""58026"", ""maxKeepAliveRequests"": ""3788"", ""maxParameterCount"": ""75773"", ""maxSwallowSize"": ""8764697"", ""maxThreads"": ""121"", ""minSpareThreads"": ""214"", ""processorCache"": ""324"", ""tcpNoDelay"": ""FALSE"", ""threadPriority"": ""7"", ""threadsMaxIdleTime"": ""51227"", ""useAsyncIO"": ""FALSE"", ""useVirtualThreads"": ""FALSE""}"
tomcat,lf05_hard07,"lambda_f=0.5, hard=0.7",3304,RQ1&2parrel,91,2348.57,27.8,2348.57,10.023621082305908,"[8, 50, 10, False]",0.0,10.023535251617432,0.0,"{""acceptCount"": ""150"", ""allowBackslash"": ""TRUE"", ""compression"": ""force"", ""compressionMinSize"": ""1345"", ""connectionTimeout"": ""235484"", ""connectionUploadTimeout"": ""309523"", ""disableUploadTimeout"": ""TRUE"", ""executorTerminationTimeoutMillis"": ""332554"", ""keepAliveTimeout"": ""521828"", ""maxConnections"": ""10429"", ""maxHeaderCount"": ""81"", ""maxHttpHeaderSize"": ""2656"", ""maxHttpRequestHeaderSize"": ""26097"", ""maxHttpResponseHeaderSize"": ""59179"", ""maxKeepAliveRequests"": ""763"", ""maxParameterCount"": ""76340"", ""maxSwallowSize"": ""9219075"", ""maxThreads"": ""122"", ""minSpareThreads"": ""209"", ""processorCache"": ""287"", ""tcpNoDelay"": ""FALSE"", ""threadPriority"": ""7"", ""threadsMaxIdleTime"": ""50009"", ""useAsyncIO"": ""TRUE"", ""useVirtualThreads"": ""FALSE""}"
tomcat,lf05_hard07,"lambda_f=0.5, hard=0.7",3304,RQ1&2parrel,92,2271.96,28.5,2271.96,10.058240413665771,"[8, 50, 10, False]",0.0,10.057380676269531,0.0,"{""acceptCount"": ""115"", ""allowBackslash"": ""TRUE"", ""compression"": ""force"", ""compressionMinSize"": ""933"", ""connectionTimeout"": ""232977"", ""connectionUploadTimeout"": ""278699"", ""disableUploadTimeout"": ""TRUE"", ""executorTerminationTimeoutMillis"": ""331889"", ""keepAliveTimeout"": ""527476"", ""maxConnections"": ""10856"", ""maxHeaderCount"": ""97"", ""maxHttpHeaderSize"": ""2875"", ""maxHttpRequestHeaderSize"": ""26994"", ""maxHttpResponseHeaderSize"": ""59092"", ""maxKeepAliveRequests"": ""3693"", ""maxParameterCount"": ""84175"", ""maxSwallowSize"": ""9017090"", ""maxThreads"": ""121"", ""minSpareThreads"": ""214"", ""processorCache"": ""329"", ""tcpNoDelay"": ""TRUE"", ""threadPriority"": ""8"", ""threadsMaxIdleTime"": ""52763"", ""useAsyncIO"": ""TRUE"", ""useVirtualThreads"": ""FALSE""}"
tomcat,lf05_hard07,"lambda_f=0.5, hard=0.7",3304,RQ1&2parrel,93,2260.22,26.79,2260.22,10.11474895477295,"[8, 50, 10, False]",0.0,10.114659309387207,0.0,"{""acceptCount"": ""613"", ""allowBackslash"": ""FALSE"", ""compression"": ""force"", ""compressionMinSize"": ""9912"", ""connectionTimeout"": ""429777"", ""connectionUploadTimeout"": ""204655"", ""disableUploadTimeout"": ""TRUE"", ""executorTerminationTimeoutMillis"": ""54894"", ""keepAliveTimeout"": ""242768"", ""maxConnections"": ""4102"", ""maxHeaderCount"": ""101"", ""maxHttpHeaderSize"": ""5380"", ""maxHttpRequestHeaderSize"": ""49609"", ""maxHttpResponseHeaderSize"": ""52654"", ""maxKeepAliveRequests"": ""3659"", ""maxParameterCount"": ""17117"", ""maxSwallowSize"": ""11474242"", ""maxThreads"": ""262"", ""minSpareThreads"": ""711"", ""processorCache"": ""45"", ""tcpNoDelay"": ""FALSE"", ""threadPriority"": ""7"", ""threadsMaxIdleTime"": ""464352"", ""useAsyncIO"": ""FALSE"", ""useVirtualThreads"": ""FALSE""}"
tomcat,lf05_hard07,"lambda_f=0.5, hard=0.7",3304,RQ1&2parrel,94,2410.26,26.81,2410.26,10.087250709533691,"[8, 50, 10, False]",0.0,10.087163209915161,0.0,"{""acceptCount"": ""255"", ""allowBackslash"": ""TRUE"", ""compression"": ""force"", ""compressionMinSize"": ""4481"", ""connectionTimeout"": ""61527"", ""connectionUploadTimeout"": ""325519"", ""disableUploadTimeout"": ""FALSE"", ""executorTerminationTimeoutMillis"": ""36460"", ""keepAliveTimeout"": ""551088"", ""maxConnections"": ""1839"", ""maxHeaderCount"": ""558"", ""maxHttpHeaderSize"": ""20958"", ""maxHttpRequestHeaderSize"": ""43830"", ""maxHttpResponseHeaderSize"": ""43502"", ""maxKeepAliveRequests"": ""2815"", ""maxParameterCount"": ""42905"", ""maxSwallowSize"": ""12709961"", ""maxThreads"": ""382"", ""minSpareThreads"": ""209"", ""processorCache"": ""117"", ""tcpNoDelay"": ""FALSE"", ""threadPriority"": ""9"", ""threadsMaxIdleTime"": ""126002"", ""useAsyncIO"": ""FALSE"", ""useVirtualThreads"": ""FALSE""}"
tomcat,lf05_hard07,"lambda_f=0.5, hard=0.7",3304,RQ1&2parrel,95,2442.71,24.59,2442.71,10.066988468170166,"[8, 50, 10, False]",0.0,10.066901206970215,0.0,"{""acceptCount"": ""154"", ""allowBackslash"": ""TRUE"", ""compression"": ""force"", ""compressionMinSize"": ""1345"", ""connectionTimeout"": ""233454"", ""connectionUploadTimeout"": ""319120"", ""disableUploadTimeout"": ""TRUE"", ""executorTerminationTimeoutMillis"": ""328586"", ""keepAliveTimeout"": ""521828"", ""maxConnections"": ""10429"", ""maxHeaderCount"": ""84"", ""maxHttpHeaderSize"": ""10268"", ""maxHttpRequestHeaderSize"": ""40745"", ""maxHttpResponseHeaderSize"": ""59096"", ""maxKeepAliveRequests"": ""3735"", ""maxParameterCount"": ""32298"", ""maxSwallowSize"": ""8616291"", ""maxThreads"": ""159"", ""minSpareThreads"": ""408"", ""processorCache"": ""325"", ""tcpNoDelay"": ""FALSE"", ""threadPriority"": ""8"", ""threadsMaxIdleTime"": ""288147"", ""useAsyncIO"": ""TRUE"", ""useVirtualThreads"": ""FALSE""}"
tomcat,lf05_hard07,"lambda_f=0.5, hard=0.7",3304,RQ1&2parrel,96,2259.74,26.55,2259.74,10.096211671829224,"[8, 50, 10, False]",0.0,10.096118688583374,0.0,"{""acceptCount"": ""160"", ""allowBackslash"": ""TRUE"", ""compression"": ""force"", ""compressionMinSize"": ""1345"", ""connectionTimeout"": ""238369"", ""connectionUploadTimeout"": ""319257"", ""disableUploadTimeout"": ""TRUE"", ""executorTerminationTimeoutMillis"": ""295019"", ""keepAliveTimeout"": ""422379"", ""maxConnections"": ""10548"", ""maxHeaderCount"": ""82"", ""maxHttpHeaderSize"": ""1424"", ""maxHttpRequestHeaderSize"": ""26536"", ""maxHttpResponseHeaderSize"": ""59057"", ""maxKeepAliveRequests"": ""3681"", ""maxParameterCount"": ""76369"", ""maxSwallowSize"": ""8764697"", ""maxThreads"": ""149"", ""minSpareThreads"": ""209"", ""processorCache"": ""324"", ""tcpNoDelay"": ""TRUE"", ""threadPriority"": ""10"", ""threadsMaxIdleTime"": ""64675"", ""useAsyncIO"": ""TRUE"", ""useVirtualThreads"": ""FALSE""}"
tomcat,lf05_hard07,"lambda_f=0.5, hard=0.7",3304,RQ1&2parrel,97,2325.41,23.04,2325.41,10.067709922790527,"[8, 50, 10, False]",0.0,10.067612171173096,0.0,"{""acceptCount"": ""543"", ""allowBackslash"": ""FALSE"", ""compression"": ""force"", ""compressionMinSize"": ""8963"", ""connectionTimeout"": ""153976"", ""connectionUploadTimeout"": ""269003"", ""disableUploadTimeout"": ""TRUE"", ""executorTerminationTimeoutMillis"": ""96511"", ""keepAliveTimeout"": ""48009"", ""maxConnections"": ""7409"", ""maxHeaderCount"": ""231"", ""maxHttpHeaderSize"": ""13893"", ""maxHttpRequestHeaderSize"": ""48136"", ""maxHttpResponseHeaderSize"": ""36190"", ""maxKeepAliveRequests"": ""2357"", ""maxParameterCount"": ""94217"", ""maxSwallowSize"": ""14693749"", ""maxThreads"": ""20"", ""minSpareThreads"": ""383"", ""processorCache"": ""97"", ""tcpNoDelay"": ""FALSE"", ""threadPriority"": ""2"", ""threadsMaxIdleTime"": ""264447"", ""useAsyncIO"": ""TRUE"", ""useVirtualThreads"": ""FALSE""}"
tomcat,lf05_hard07,"lambda_f=0.5, hard=0.7",3304,RQ1&2parrel,98,2362.66,21.25,2362.66,10.048476696014404,"[8, 50, 10, False]",0.0,10.04838490486145,0.0,"{""acceptCount"": ""350"", ""allowBackslash"": ""TRUE"", ""compression"": ""on"", ""compressionMinSize"": ""1482"", ""connectionTimeout"": ""314973"", ""connectionUploadTimeout"": ""287136"", ""disableUploadTimeout"": ""TRUE"", ""executorTerminationTimeoutMillis"": ""55477"", ""keepAliveTimeout"": ""193095"", ""maxConnections"": ""1843"", ""maxHeaderCount"": ""267"", ""maxHttpHeaderSize"": ""18194"", ""maxHttpRequestHeaderSize"": ""28067"", ""maxHttpResponseHeaderSize"": ""59473"", ""maxKeepAliveRequests"": ""2185"", ""maxParameterCount"": ""82033"", ""maxSwallowSize"": ""7547991"", ""maxThreads"": ""14"", ""minSpareThreads"": ""513"", ""processorCache"": ""174"", ""tcpNoDelay"": ""TRUE"", ""threadPriority"": ""9"", ""threadsMaxIdleTime"": ""287472"", ""useAsyncIO"": ""FALSE"", ""useVirtualThreads"": ""FALSE""}"
tomcat,lf05_hard07,"lambda_f=0.5, hard=0.7",3304,RQ1&2parrel,99,2208.92,22.87,2208.92,10.05215573310852,"[8, 50, 10, False]",0.0,10.05206847190857,0.0,"{""acceptCount"": ""719"", ""allowBackslash"": ""TRUE"", ""compression"": ""force"", ""compressionMinSize"": ""4289"", ""connectionTimeout"": ""105780"", ""connectionUploadTimeout"": ""502024"", ""disableUploadTimeout"": ""FALSE"", ""executorTerminationTimeoutMillis"": ""183511"", ""keepAliveTimeout"": ""420176"", ""maxConnections"": ""8975"", ""maxHeaderCount"": ""865"", ""maxHttpHeaderSize"": ""25493"", ""maxHttpRequestHeaderSize"": ""49284"", ""maxHttpResponseHeaderSize"": ""57463"", ""maxKeepAliveRequests"": ""4112"", ""maxParameterCount"": ""37389"", ""maxSwallowSize"": ""4550386"", ""maxThreads"": ""398"", ""minSpareThreads"": ""654"", ""processorCache"": ""87"", ""tcpNoDelay"": ""FALSE"", ""threadPriority"": ""7"", ""threadsMaxIdleTime"": ""83260"", ""useAsyncIO"": ""TRUE"", ""useVirtualThreads"": ""TRUE""}"
tomcat,lf05_hard07,"lambda_f=0.5, hard=0.7",3304,RQ1&2parrel,100,2400.56,25.35,2400.56,10.030445098876953,"[8, 50, 10, False]",0.0,10.030348062515259,0.0,"{""acceptCount"": ""491"", ""allowBackslash"": ""TRUE"", ""compression"": ""off"", ""compressionMinSize"": ""9098"", ""connectionTimeout"": ""225253"", ""connectionUploadTimeout"": ""247183"", ""disableUploadTimeout"": ""FALSE"", ""executorTerminationTimeoutMillis"": ""590338"", ""keepAliveTimeout"": ""236355"", ""maxConnections"": ""9541"", ""maxHeaderCount"": ""910"", ""maxHttpHeaderSize"": ""23732"", ""maxHttpRequestHeaderSize"": ""25081"", ""maxHttpResponseHeaderSize"": ""34275"", ""maxKeepAliveRequests"": ""3459"", ""maxParameterCount"": ""13150"", ""maxSwallowSize"": ""6711039"", ""maxThreads"": ""45"", ""minSpareThreads"": ""204"", ""processorCache"": ""39"", ""tcpNoDelay"": ""FALSE"", ""threadPriority"": ""8"", ""threadsMaxIdleTime"": ""136424"", ""useAsyncIO"": ""TRUE"", ""useVirtualThreads"": ""FALSE""}"
tomcat,lf05_hard07,"lambda_f=0.5, hard=0.7",3304,RQ1&2parrel,101,2490.29,22.99,2490.29,10.036108016967773,"[8, 50, 10, False]",0.0,10.036017179489136,0.0,"{""acceptCount"": ""150"", ""allowBackslash"": ""TRUE"", ""compression"": ""force"", ""compressionMinSize"": ""1345"", ""connectionTimeout"": ""235011"", ""connectionUploadTimeout"": ""319228"", ""disableUploadTimeout"": ""TRUE"", ""executorTerminationTimeoutMillis"": ""332554"", ""keepAliveTimeout"": ""521828"", ""maxConnections"": ""10429"", ""maxHeaderCount"": ""82"", ""maxHttpHeaderSize"": ""2656"", ""maxHttpRequestHeaderSize"": ""26097"", ""maxHttpResponseHeaderSize"": ""59133"", ""maxKeepAliveRequests"": ""4188"", ""maxParameterCount"": ""76507"", ""maxSwallowSize"": ""8764697"", ""maxThreads"": ""121"", ""minSpareThreads"": ""214"", ""processorCache"": ""302"", ""tcpNoDelay"": ""FALSE"", ""threadPriority"": ""8"", ""threadsMaxIdleTime"": ""63041"", ""useAsyncIO"": ""TRUE"", ""useVirtualThreads"": ""FALSE""}"
tomcat,lf05_hard07,"lambda_f=0.5, hard=0.7",3304,RQ1&2parrel,102,2246.13,22.48,2246.13,10.053954362869263,"[8, 50, 10, False]",0.0,10.053858757019043,0.0,"{""acceptCount"": ""155"", ""allowBackslash"": ""TRUE"", ""compression"": ""on"", ""compressionMinSize"": ""3353"", ""connectionTimeout"": ""375621"", ""connectionUploadTimeout"": ""63502"", ""disableUploadTimeout"": ""TRUE"", ""executorTerminationTimeoutMillis"": ""103745"", ""keepAliveTimeout"": ""198853"", ""maxConnections"": ""10484"", ""maxHeaderCount"": ""83"", ""maxHttpHeaderSize"": ""8938"", ""maxHttpRequestHeaderSize"": ""13603"", ""maxHttpResponseHeaderSize"": ""21690"", ""maxKeepAliveRequests"": ""4188"", ""maxParameterCount"": ""60134"", ""maxSwallowSize"": ""8982588"", ""maxThreads"": ""192"", ""minSpareThreads"": ""359"", ""processorCache"": ""38"", ""tcpNoDelay"": ""TRUE"", ""threadPriority"": ""3"", ""threadsMaxIdleTime"": ""235772"", ""useAsyncIO"": ""FALSE"", ""useVirtualThreads"": ""TRUE""}"
tomcat,lf05_hard07,"lambda_f=0.5, hard=0.7",3304,RQ1&2parrel,103,2372.33,26.41,2372.33,10.038817644119263,"[8, 50, 10, False]",0.0,10.038718223571777,0.0,"{""acceptCount"": ""551"", ""allowBackslash"": ""TRUE"", ""compression"": ""on"", ""compressionMinSize"": ""7733"", ""connectionTimeout"": ""298118"", ""connectionUploadTimeout"": ""375911"", ""disableUploadTimeout"": ""FALSE"", ""executorTerminationTimeoutMillis"": ""254115"", ""keepAliveTimeout"": ""232889"", ""maxConnections"": ""19229"", ""maxHeaderCount"": ""709"", ""maxHttpHeaderSize"": ""27044"", ""maxHttpRequestHeaderSize"": ""39841"", ""maxHttpResponseHeaderSize"": ""54742"", ""maxKeepAliveRequests"": ""4806"", ""maxParameterCount"": ""53229"", ""maxSwallowSize"": ""16391710"", ""maxThreads"": ""273"", ""minSpareThreads"": ""754"", ""processorCache"": ""137"", ""tcpNoDelay"": ""FALSE"", ""threadPriority"": ""6"", ""threadsMaxIdleTime"": ""91453"", ""useAsyncIO"": ""TRUE"", ""useVirtualThreads"": ""FALSE""}"
tomcat,lf05_hard07,"lambda_f=0.5, hard=0.7",3304,RQ1&2parrel,104,2387.4,26.44,2387.4,10.043242454528809,"[8, 50, 10, False]",0.0,10.043151140213013,0.0,"{""acceptCount"": ""150"", ""allowBackslash"": ""TRUE"", ""compression"": ""force"", ""compressionMinSize"": ""1345"", ""connectionTimeout"": ""235380"", ""connectionUploadTimeout"": ""319228"", ""disableUploadTimeout"": ""TRUE"", ""executorTerminationTimeoutMillis"": ""332554"", ""keepAliveTimeout"": ""546677"", ""maxConnections"": ""10429"", ""maxHeaderCount"": ""111"", ""maxHttpHeaderSize"": ""2656"", ""maxHttpRequestHeaderSize"": ""26097"", ""maxHttpResponseHeaderSize"": ""59133"", ""maxKeepAliveRequests"": ""4188"", ""maxParameterCount"": ""76507"", ""maxSwallowSize"": ""8764697"", ""maxThreads"": ""121"", ""minSpareThreads"": ""171"", ""processorCache"": ""319"", ""tcpNoDelay"": ""FALSE"", ""threadPriority"": ""8"", ""threadsMaxIdleTime"": ""63041"", ""useAsyncIO"": ""TRUE"", ""useVirtualThreads"": ""FALSE""}"
tomcat,lf05_hard07,"lambda_f=0.5, hard=0.7",3304,RQ1&2parrel,105,2410.25,25.48,2410.25,10.02260708808899,"[8, 50, 10, False]",0.0,10.022521257400513,0.0,"{""acceptCount"": ""152"", ""allowBackslash"": ""TRUE"", ""compression"": ""force"", ""compressionMinSize"": ""1346"", ""connectionTimeout"": ""236308"", ""connectionUploadTimeout"": ""319239"", ""disableUploadTimeout"": ""TRUE"", ""executorTerminationTimeoutMillis"": ""332554"", ""keepAliveTimeout"": ""528708"", ""maxConnections"": ""12830"", ""maxHeaderCount"": ""82"", ""maxHttpHeaderSize"": ""15402"", ""maxHttpRequestHeaderSize"": ""27138"", ""maxHttpResponseHeaderSize"": ""61831"", ""maxKeepAliveRequests"": ""4188"", ""maxParameterCount"": ""91037"", ""maxSwallowSize"": ""8782107"", ""maxThreads"": ""231"", ""minSpareThreads"": ""281"", ""processorCache"": ""302"", ""tcpNoDelay"": ""TRUE"", ""threadPriority"": ""8"", ""threadsMaxIdleTime"": ""65727"", ""useAsyncIO"": ""TRUE"", ""useVirtualThreads"": ""FALSE""}"
tomcat,lf05_hard07,"lambda_f=0.5, hard=0.7",3304,RQ1&2parrel,106,2373.67,27.81,2373.67,10.0321786403656,"[8, 50, 10, False]",0.0,10.03208613395691,0.0,"{""acceptCount"": ""278"", ""allowBackslash"": ""TRUE"", ""compression"": ""force"", ""compressionMinSize"": ""1345"", ""connectionTimeout"": ""235011"", ""connectionUploadTimeout"": ""334723"", ""disableUploadTimeout"": ""TRUE"", ""executorTerminationTimeoutMillis"": ""371539"", ""keepAliveTimeout"": ""518976"", ""maxConnections"": ""10312"", ""maxHeaderCount"": ""79"", ""maxHttpHeaderSize"": ""9052"", ""maxHttpRequestHeaderSize"": ""52570"", ""maxHttpResponseHeaderSize"": ""58973"", ""maxKeepAliveRequests"": ""4233"", ""maxParameterCount"": ""76507"", ""maxSwallowSize"": ""8770415"", ""maxThreads"": ""123"", ""minSpareThreads"": ""214"", ""processorCache"": ""292"", ""tcpNoDelay"": ""TRUE"", ""threadPriority"": ""9"", ""threadsMaxIdleTime"": ""392211"", ""useAsyncIO"": ""TRUE"", ""useVirtualThreads"": ""FALSE""}"
tomcat,lf05_hard07,"lambda_f=0.5, hard=0.7",3304,RQ1&2parrel,107,2370.96,28.22,2370.96,10.03649377822876,"[8, 50, 10, False]",0.0,10.036400079727173,0.0,"{""acceptCount"": ""150"", ""allowBackslash"": ""TRUE"", ""compression"": ""force"", ""compressionMinSize"": ""1354"", ""connectionTimeout"": ""235582"", ""connectionUploadTimeout"": ""317137"", ""disableUploadTimeout"": ""TRUE"", ""executorTerminationTimeoutMillis"": ""332554"", ""keepAliveTimeout"": ""521828"", ""maxConnections"": ""10418"", ""maxHeaderCount"": ""82"", ""maxHttpHeaderSize"": ""2656"", ""maxHttpRequestHeaderSize"": ""26097"", ""maxHttpResponseHeaderSize"": ""59133"", ""maxKeepAliveRequests"": ""4188"", ""maxParameterCount"": ""76209"", ""maxSwallowSize"": ""8764697"", ""maxThreads"": ""118"", ""minSpareThreads"": ""222"", ""processorCache"": ""296"", ""tcpNoDelay"": ""FALSE"", ""threadPriority"": ""8"", ""threadsMaxIdleTime"": ""63220"", ""useAsyncIO"": ""TRUE"", ""useVirtualThreads"": ""FALSE""}"
tomcat,lf05_hard07,"lambda_f=0.5, hard=0.7",3304,RQ1&2parrel,108,2224.96,30.0,2224.96,10.03904104232788,"[8, 50, 10, False]",0.0,10.038870334625244,0.0,"{""acceptCount"": ""150"", ""allowBackslash"": ""TRUE"", ""compression"": ""force"", ""compressionMinSize"": ""1345"", ""connectionTimeout"": ""235011"", ""connectionUploadTimeout"": ""319228"", ""disableUploadTimeout"": ""TRUE"", ""executorTerminationTimeoutMillis"": ""332554"", ""keepAliveTimeout"": ""521828"", ""maxConnections"": ""10429"", ""maxHeaderCount"": ""82"", ""maxHttpHeaderSize"": ""2656"", ""maxHttpRequestHeaderSize"": ""25827"", ""maxHttpResponseHeaderSize"": ""59195"", ""maxKeepAliveRequests"": ""4188"", ""maxParameterCount"": ""76592"", ""maxSwallowSize"": ""8843831"", ""maxThreads"": ""123"", ""minSpareThreads"": ""214"", ""processorCache"": ""302"", ""tcpNoDelay"": ""FALSE"", ""threadPriority"": ""8"", ""threadsMaxIdleTime"": ""63041"", ""useAsyncIO"": ""TRUE"", ""useVirtualThreads"": ""FALSE""}"
tomcat,lf05_hard07,"lambda_f=0.5, hard=0.7",3304,RQ1&2parrel,109,2120.17,23.78,2120.17,10.02902364730835,"[8, 50, 10, False]",0.0,10.028931856155396,0.0,"{""acceptCount"": ""635"", ""allowBackslash"": ""TRUE"", ""compression"": ""off"", ""compressionMinSize"": ""10026"", ""connectionTimeout"": ""252869"", ""connectionUploadTimeout"": ""461366"", ""disableUploadTimeout"": ""TRUE"", ""executorTerminationTimeoutMillis"": ""157676"", ""keepAliveTimeout"": ""95588"", ""maxConnections"": ""9517"", ""maxHeaderCount"": ""600"", ""maxHttpHeaderSize"": ""30006"", ""maxHttpRequestHeaderSize"": ""64430"", ""maxHttpResponseHeaderSize"": ""38355"", ""maxKeepAliveRequests"": ""54"", ""maxParameterCount"": ""61499"", ""maxSwallowSize"": ""9940373"", ""maxThreads"": ""395"", ""minSpareThreads"": ""851"", ""processorCache"": ""263"", ""tcpNoDelay"": ""TRUE"", ""threadPriority"": ""3"", ""threadsMaxIdleTime"": ""490801"", ""useAsyncIO"": ""TRUE"", ""useVirtualThreads"": ""TRUE""}"
tomcat,lf05_hard07,"lambda_f=0.5, hard=0.7",3304,RQ1&2parrel,110,2349.68,28.57,2349.68,10.025152683258057,"[8, 50, 10, False]",0.0,10.025063753128052,0.0,"{""acceptCount"": ""180"", ""allowBackslash"": ""TRUE"", ""compression"": ""on"", ""compressionMinSize"": ""7135"", ""connectionTimeout"": ""7894"", ""connectionUploadTimeout"": ""325904"", ""disableUploadTimeout"": ""TRUE"", ""executorTerminationTimeoutMillis"": ""137038"", ""keepAliveTimeout"": ""380457"", ""maxConnections"": ""1503"", ""maxHeaderCount"": ""432"", ""maxHttpHeaderSize"": ""3058"", ""maxHttpRequestHeaderSize"": ""21431"", ""maxHttpResponseHeaderSize"": ""44712"", ""maxKeepAliveRequests"": ""1643"", ""maxParameterCount"": ""39473"", ""maxSwallowSize"": ""2914266"", ""maxThreads"": ""316"", ""minSpareThreads"": ""693"", ""processorCache"": ""180"", ""tcpNoDelay"": ""FALSE"", ""threadPriority"": ""4"", ""threadsMaxIdleTime"": ""436966"", ""useAsyncIO"": ""FALSE"", ""useVirtualThreads"": ""FALSE""}"
tomcat,lf05_hard07,"lambda_f=0.5, hard=0.7",3304,RQ1&2parrel,111,2338.08,29.71,2338.08,10.028782606124878,"[8, 50, 10, False]",0.0,10.028687000274658,0.0,"{""acceptCount"": ""150"", ""allowBackslash"": ""TRUE"", ""compression"": ""force"", ""compressionMinSize"": ""1345"", ""connectionTimeout"": ""232337"", ""connectionUploadTimeout"": ""319228"", ""disableUploadTimeout"": ""TRUE"", ""executorTerminationTimeoutMillis"": ""332554"", ""keepAliveTimeout"": ""521828"", ""maxConnections"": ""10429"", ""maxHeaderCount"": ""110"", ""maxHttpHeaderSize"": ""2656"", ""maxHttpRequestHeaderSize"": ""26097"", ""maxHttpResponseHeaderSize"": ""59133"", ""maxKeepAliveRequests"": ""4188"", ""maxParameterCount"": ""76507"", ""maxSwallowSize"": ""8764697"", ""maxThreads"": ""121"", ""minSpareThreads"": ""214"", ""processorCache"": ""302"", ""tcpNoDelay"": ""TRUE"", ""threadPriority"": ""8"", ""threadsMaxIdleTime"": ""51580"", ""useAsyncIO"": ""TRUE"", ""useVirtualThreads"": ""FALSE""}"
tomcat,lf05_hard07,"lambda_f=0.5, hard=0.7",3304,RQ1&2parrel,112,2349.93,21.78,2349.93,10.022863626480103,"[8, 50, 10, False]",0.0,10.022769212722778,0.0,"{""acceptCount"": ""714"", ""allowBackslash"": ""FALSE"", ""compression"": ""on"", ""compressionMinSize"": ""6639"", ""connectionTimeout"": ""448856"", ""connectionUploadTimeout"": ""510209"", ""disableUploadTimeout"": ""FALSE"", ""executorTerminationTimeoutMillis"": ""284171"", ""keepAliveTimeout"": ""8496"", ""maxConnections"": ""12687"", ""maxHeaderCount"": ""776"", ""maxHttpHeaderSize"": ""8419"", ""maxHttpRequestHeaderSize"": ""31033"", ""maxHttpResponseHeaderSize"": ""53156"", ""maxKeepAliveRequests"": ""2482"", ""maxParameterCount"": ""22677"", ""maxSwallowSize"": ""12481928"", ""maxThreads"": ""300"", ""minSpareThreads"": ""192"", ""processorCache"": ""326"", ""tcpNoDelay"": ""FALSE"", ""threadPriority"": ""4"", ""threadsMaxIdleTime"": ""450825"", ""useAsyncIO"": ""FALSE"", ""useVirtualThreads"": ""TRUE""}"
tomcat,lf05_hard07,"lambda_f=0.5, hard=0.7",3304,RQ1&2parrel,113,2358.76,29.42,2358.76,10.111324548721313,"[8, 50, 10, False]",0.0,10.111235618591309,0.0,"{""acceptCount"": ""292"", ""allowBackslash"": ""FALSE"", ""compression"": ""force"", ""compressionMinSize"": ""7880"", ""connectionTimeout"": ""451316"", ""connectionUploadTimeout"": ""63781"", ""disableUploadTimeout"": ""TRUE"", ""executorTerminationTimeoutMillis"": ""76653"", ""keepAliveTimeout"": ""481060"", ""maxConnections"": ""7170"", ""maxHeaderCount"": ""596"", ""maxHttpHeaderSize"": ""45986"", ""maxHttpRequestHeaderSize"": ""49700"", ""maxHttpResponseHeaderSize"": ""46662"", ""maxKeepAliveRequests"": ""1319"", ""maxParameterCount"": ""27813"", ""maxSwallowSize"": ""20470152"", ""maxThreads"": ""188"", ""minSpareThreads"": ""364"", ""processorCache"": ""304"", ""tcpNoDelay"": ""TRUE"", ""threadPriority"": ""3"", ""threadsMaxIdleTime"": ""427581"", ""useAsyncIO"": ""FALSE"", ""useVirtualThreads"": ""FALSE""}"
tomcat,lf05_hard07,"lambda_f=0.5, hard=0.7",3304,RQ1&2parrel,114,2390.5,24.16,2390.5,10.026247501373291,"[8, 50, 10, False]",0.0,10.026161670684814,0.0,"{""acceptCount"": ""234"", ""allowBackslash"": ""FALSE"", ""compression"": ""force"", ""compressionMinSize"": ""6240"", ""connectionTimeout"": ""11302"", ""connectionUploadTimeout"": ""382029"", ""disableUploadTimeout"": ""TRUE"", ""executorTerminationTimeoutMillis"": ""186462"", ""keepAliveTimeout"": ""171462"", ""maxConnections"": ""6819"", ""maxHeaderCount"": ""161"", ""maxHttpHeaderSize"": ""11302"", ""maxHttpRequestHeaderSize"": ""23510"", ""maxHttpResponseHeaderSize"": ""13944"", ""maxKeepAliveRequests"": ""4677"", ""maxParameterCount"": ""38818"", ""maxSwallowSize"": ""17328768"", ""maxThreads"": ""130"", ""minSpareThreads"": ""186"", ""processorCache"": ""181"", ""tcpNoDelay"": ""TRUE"", ""threadPriority"": ""6"", ""threadsMaxIdleTime"": ""382788"", ""useAsyncIO"": ""FALSE"", ""useVirtualThreads"": ""FALSE""}"
tomcat,lf05_hard07,"lambda_f=0.5, hard=0.7",3304,RQ1&2parrel,115,2439.07,27.01,2439.07,10.015663623809814,"[8, 50, 10, False]",0.0,10.015568733215332,0.0,"{""acceptCount"": ""127"", ""allowBackslash"": ""TRUE"", ""compression"": ""force"", ""compressionMinSize"": ""1647"", ""connectionTimeout"": ""235011"", ""connectionUploadTimeout"": ""319228"", ""disableUploadTimeout"": ""TRUE"", ""executorTerminationTimeoutMillis"": ""332554"", ""keepAliveTimeout"": ""521828"", ""maxConnections"": ""10429"", ""maxHeaderCount"": ""90"", ""maxHttpHeaderSize"": ""2656"", ""maxHttpRequestHeaderSize"": ""26097"", ""maxHttpResponseHeaderSize"": ""58992"", ""maxKeepAliveRequests"": ""4188"", ""maxParameterCount"": ""76507"", ""maxSwallowSize"": ""8145395"", ""maxThreads"": ""121"", ""minSpareThreads"": ""214"", ""processorCache"": ""302"", ""tcpNoDelay"": ""TRUE"", ""threadPriority"": ""8"", ""threadsMaxIdleTime"": ""63041"", ""useAsyncIO"": ""TRUE"", ""useVirtualThreads"": ""FALSE""}"
tomcat,lf05_hard07,"lambda_f=0.5, hard=0.7",3304,RQ1&2parrel,116,2326.85,21.82,2326.85,10.016694784164429,"[8, 50, 10, False]",0.0,10.01659870147705,0.0,"{""acceptCount"": ""496"", ""allowBackslash"": ""TRUE"", ""compression"": ""off"", ""compressionMinSize"": ""49"", ""connectionTimeout"": ""291208"", ""connectionUploadTimeout"": ""270728"", ""disableUploadTimeout"": ""FALSE"", ""executorTerminationTimeoutMillis"": ""117390"", ""keepAliveTimeout"": ""33445"", ""maxConnections"": ""8639"", ""maxHeaderCount"": ""868"", ""maxHttpHeaderSize"": ""4743"", ""maxHttpRequestHeaderSize"": ""8337"", ""maxHttpResponseHeaderSize"": ""6884"", ""maxKeepAliveRequests"": ""170"", ""maxParameterCount"": ""26211"", ""maxSwallowSize"": ""1364180"", ""maxThreads"": ""87"", ""minSpareThreads"": ""46"", ""processorCache"": ""374"", ""tcpNoDelay"": ""FALSE"", ""threadPriority"": ""9"", ""threadsMaxIdleTime"": ""480266"", ""useAsyncIO"": ""TRUE"", ""useVirtualThreads"": ""TRUE""}"
tomcat,lf05_hard07,"lambda_f=0.5, hard=0.7",3304,RQ1&2parrel,117,2506.4,19.84,2506.4,10.028104305267334,"[8, 50, 10, False]",0.0,10.028000831604004,0.0,"{""acceptCount"": ""502"", ""allowBackslash"": ""FALSE"", ""compression"": ""on"", ""compressionMinSize"": ""2367"", ""connectionTimeout"": ""250453"", ""connectionUploadTimeout"": ""570445"", ""disableUploadTimeout"": ""TRUE"", ""executorTerminationTimeoutMillis"": ""114900"", ""keepAliveTimeout"": ""164317"", ""maxConnections"": ""19160"", ""maxHeaderCount"": ""72"", ""maxHttpHeaderSize"": ""29029"", ""maxHttpRequestHeaderSize"": ""35597"", ""maxHttpResponseHeaderSize"": ""62142"", ""maxKeepAliveRequests"": ""3902"", ""maxParameterCount"": ""47394"", ""maxSwallowSize"": ""19813764"", ""maxThreads"": ""385"", ""minSpareThreads"": ""326"", ""processorCache"": ""187"", ""tcpNoDelay"": ""TRUE"", ""threadPriority"": ""7"", ""threadsMaxIdleTime"": ""287660"", ""useAsyncIO"": ""FALSE"", ""useVirtualThreads"": ""TRUE""}"
tomcat,lf05_hard07,"lambda_f=0.5, hard=0.7",3304,RQ1&2parrel,118,2324.46,21.65,2324.46,10.062355995178223,"[8, 50, 10, False]",0.0,10.062258243560791,0.0,"{""acceptCount"": ""502"", ""allowBackslash"": ""FALSE"", ""compression"": ""on"", ""compressionMinSize"": ""2752"", ""connectionTimeout"": ""250453"", ""connectionUploadTimeout"": ""570445"", ""disableUploadTimeout"": ""TRUE"", ""executorTerminationTimeoutMillis"": ""114900"", ""keepAliveTimeout"": ""164317"", ""maxConnections"": ""19160"", ""maxHeaderCount"": ""72"", ""maxHttpHeaderSize"": ""29029"", ""maxHttpRequestHeaderSize"": ""35597"", ""maxHttpResponseHeaderSize"": ""62142"", ""maxKeepAliveRequests"": ""3902"", ""maxParameterCount"": ""47394"", ""maxSwallowSize"": ""19813764"", ""maxThreads"": ""385"", ""minSpareThreads"": ""326"", ""processorCache"": ""187"", ""tcpNoDelay"": ""TRUE"", ""threadPriority"": ""7"", ""threadsMaxIdleTime"": ""287660"", ""useAsyncIO"": ""TRUE"", ""useVirtualThreads"": ""TRUE""}"
tomcat,lf05_hard07,"lambda_f=0.5, hard=0.7",3304,RQ1&2parrel,119,2370.65,20.81,2370.65,10.037103176116943,"[8, 50, 10, False]",0.0,10.036978721618652,0.0,"{""acceptCount"": ""69"", ""allowBackslash"": ""FALSE"", ""compression"": ""off"", ""compressionMinSize"": ""8814"", ""connectionTimeout"": ""587629"", ""connectionUploadTimeout"": ""326720"", ""disableUploadTimeout"": ""TRUE"", ""executorTerminationTimeoutMillis"": ""423010"", ""keepAliveTimeout"": ""313755"", ""maxConnections"": ""4280"", ""maxHeaderCount"": ""188"", ""maxHttpHeaderSize"": ""2216"", ""maxHttpRequestHeaderSize"": ""27702"", ""maxHttpResponseHeaderSize"": ""18689"", ""maxKeepAliveRequests"": ""2987"", ""maxParameterCount"": ""59261"", ""maxSwallowSize"": ""9299985"", ""maxThreads"": ""10"", ""minSpareThreads"": ""427"", ""processorCache"": ""153"", ""tcpNoDelay"": ""FALSE"", ""threadPriority"": ""1"", ""threadsMaxIdleTime"": ""75339"", ""useAsyncIO"": ""FALSE"", ""useVirtualThreads"": ""FALSE""}"
tomcat,lf05_hard07,"lambda_f=0.5, hard=0.7",3304,RQ1&2parrel,120,2070.08,25.21,2070.08,10.092142820358276,"[8, 50, 10, False]",0.0,10.092057466506958,0.0,"{""acceptCount"": ""511"", ""allowBackslash"": ""FALSE"", ""compression"": ""off"", ""compressionMinSize"": ""2088"", ""connectionTimeout"": ""443678"", ""connectionUploadTimeout"": ""372313"", ""disableUploadTimeout"": ""TRUE"", ""executorTerminationTimeoutMillis"": ""107340"", ""keepAliveTimeout"": ""41124"", ""maxConnections"": ""19928"", ""maxHeaderCount"": ""408"", ""maxHttpHeaderSize"": ""28697"", ""maxHttpRequestHeaderSize"": ""55185"", ""maxHttpResponseHeaderSize"": ""62130"", ""maxKeepAliveRequests"": ""3743"", ""maxParameterCount"": ""97958"", ""maxSwallowSize"": ""12396204"", ""maxThreads"": ""313"", ""minSpareThreads"": ""637"", ""processorCache"": ""67"", ""tcpNoDelay"": ""TRUE"", ""threadPriority"": ""5"", ""threadsMaxIdleTime"": ""342259"", ""useAsyncIO"": ""TRUE"", ""useVirtualThreads"": ""TRUE""}"
tomcat,lf05_hard07,"lambda_f=0.5, hard=0.7",3304,RQ1&2parrel,121,2218.61,23.01,2218.61,10.069148540496826,"[8, 50, 10, False]",0.0,10.069056272506714,0.0,"{""acceptCount"": ""404"", ""allowBackslash"": ""TRUE"", ""compression"": ""off"", ""compressionMinSize"": ""6686"", ""connectionTimeout"": ""112901"", ""connectionUploadTimeout"": ""322658"", ""disableUploadTimeout"": ""FALSE"", ""executorTerminationTimeoutMillis"": ""57823"", ""keepAliveTimeout"": ""64743"", ""maxConnections"": ""6623"", ""maxHeaderCount"": ""339"", ""maxHttpHeaderSize"": ""2539"", ""maxHttpRequestHeaderSize"": ""34383"", ""maxHttpResponseHeaderSize"": ""547"", ""maxKeepAliveRequests"": ""1784"", ""maxParameterCount"": ""99450"", ""maxSwallowSize"": ""7414371"", ""maxThreads"": ""198"", ""minSpareThreads"": ""452"", ""processorCache"": ""397"", ""tcpNoDelay"": ""FALSE"", ""threadPriority"": ""7"", ""threadsMaxIdleTime"": ""173525"", ""useAsyncIO"": ""TRUE"", ""useVirtualThreads"": ""TRUE""}"
tomcat,lf05_hard07,"lambda_f=0.5, hard=0.7",3304,RQ1&2parrel,122,2174.76,23.72,2174.76,10.096182584762573,"[8, 50, 10, False]",0.0,10.096097230911255,0.0,"{""acceptCount"": ""502"", ""allowBackslash"": ""FALSE"", ""compression"": ""on"", ""compressionMinSize"": ""2367"", ""connectionTimeout"": ""250453"", ""connectionUploadTimeout"": ""570445"", ""disableUploadTimeout"": ""TRUE"", ""executorTerminationTimeoutMillis"": ""114900"", ""keepAliveTimeout"": ""164317"", ""maxConnections"": ""19160"", ""maxHeaderCount"": ""72"", ""maxHttpHeaderSize"": ""29029"", ""maxHttpRequestHeaderSize"": ""35597"", ""maxHttpResponseHeaderSize"": ""62142"", ""maxKeepAliveRequests"": ""3902"", ""maxParameterCount"": ""47394"", ""maxSwallowSize"": ""19813764"", ""maxThreads"": ""395"", ""minSpareThreads"": ""326"", ""processorCache"": ""187"", ""tcpNoDelay"": ""TRUE"", ""threadPriority"": ""7"", ""threadsMaxIdleTime"": ""287660"", ""useAsyncIO"": ""FALSE"", ""useVirtualThreads"": ""TRUE""}"
tomcat,lf05_hard07,"lambda_f=0.5, hard=0.7",3304,RQ1&2parrel,123,2179.58,23.3,2179.58,10.047975540161133,"[8, 50, 10, False]",0.0,10.047874450683594,0.0,"{""acceptCount"": ""882"", ""allowBackslash"": ""TRUE"", ""compression"": ""off"", ""compressionMinSize"": ""8670"", ""connectionTimeout"": ""557032"", ""connectionUploadTimeout"": ""561590"", ""disableUploadTimeout"": ""FALSE"", ""executorTerminationTimeoutMillis"": ""270099"", ""keepAliveTimeout"": ""548665"", ""maxConnections"": ""15874"", ""maxHeaderCount"": ""966"", ""maxHttpHeaderSize"": ""22191"", ""maxHttpRequestHeaderSize"": ""47756"", ""maxHttpResponseHeaderSize"": ""34710"", ""maxKeepAliveRequests"": ""2969"", ""maxParameterCount"": ""78374"", ""maxSwallowSize"": ""15817510"", ""maxThreads"": ""321"", ""minSpareThreads"": ""477"", ""processorCache"": ""7"", ""tcpNoDelay"": ""TRUE"", ""threadPriority"": ""1"", ""threadsMaxIdleTime"": ""343747"", ""useAsyncIO"": ""TRUE"", ""useVirtualThreads"": ""TRUE""}"
tomcat,lf05_hard07,"lambda_f=0.5, hard=0.7",3304,RQ1&2parrel,124,2146.19,23.54,2146.19,10.073539733886719,"[8, 50, 10, False]",0.0,10.07344388961792,0.0,"{""acceptCount"": ""808"", ""allowBackslash"": ""TRUE"", ""compression"": ""on"", ""compressionMinSize"": ""8081"", ""connectionTimeout"": ""390672"", ""connectionUploadTimeout"": ""76339"", ""disableUploadTimeout"": ""FALSE"", ""executorTerminationTimeoutMillis"": ""569863"", ""keepAliveTimeout"": ""548642"", ""maxConnections"": ""18160"", ""maxHeaderCount"": ""480"", ""maxHttpHeaderSize"": ""22715"", ""maxHttpRequestHeaderSize"": ""28281"", ""maxHttpResponseHeaderSize"": ""60412"", ""maxKeepAliveRequests"": ""4483"", ""maxParameterCount"": ""82469"", ""maxSwallowSize"": ""19813870"", ""maxThreads"": ""27"", ""minSpareThreads"": ""382"", ""processorCache"": ""385"", ""tcpNoDelay"": ""FALSE"", ""threadPriority"": ""7"", ""threadsMaxIdleTime"": ""528503"", ""useAsyncIO"": ""FALSE"", ""useVirtualThreads"": ""TRUE""}"
tomcat,lf05_hard07,"lambda_f=0.5, hard=0.7",3304,RQ1&2parrel,125,2211.94,23.39,2211.94,10.089844703674316,"[8, 50, 10, False]",0.0,10.08976149559021,0.0,"{""acceptCount"": ""357"", ""allowBackslash"": ""FALSE"", ""compression"": ""on"", ""compressionMinSize"": ""4378"", ""connectionTimeout"": ""465519"", ""connectionUploadTimeout"": ""425097"", ""disableUploadTimeout"": ""FALSE"", ""executorTerminationTimeoutMillis"": ""194548"", ""keepAliveTimeout"": ""39694"", ""maxConnections"": ""15464"", ""maxHeaderCount"": ""21"", ""maxHttpHeaderSize"": ""8687"", ""maxHttpRequestHeaderSize"": ""36611"", ""maxHttpResponseHeaderSize"": ""33211"", ""maxKeepAliveRequests"": ""3658"", ""maxParameterCount"": ""25855"", ""maxSwallowSize"": ""12423001"", ""maxThreads"": ""305"", ""minSpareThreads"": ""370"", ""processorCache"": ""105"", ""tcpNoDelay"": ""TRUE"", ""threadPriority"": ""1"", ""threadsMaxIdleTime"": ""377424"", ""useAsyncIO"": ""TRUE"", ""useVirtualThreads"": ""TRUE""}"
tomcat,lf05_hard07,"lambda_f=0.5, hard=0.7",3304,RQ1&2parrel,126,2243.88,22.6,2243.88,10.073072910308838,"[8, 50, 10, False]",0.0,10.072988271713257,0.0,"{""acceptCount"": ""916"", ""allowBackslash"": ""TRUE"", ""compression"": ""force"", ""compressionMinSize"": ""8183"", ""connectionTimeout"": ""560876"", ""connectionUploadTimeout"": ""502709"", ""disableUploadTimeout"": ""FALSE"", ""executorTerminationTimeoutMillis"": ""171939"", ""keepAliveTimeout"": ""339231"", ""maxConnections"": ""18742"", ""maxHeaderCount"": ""521"", ""maxHttpHeaderSize"": ""28499"", ""maxHttpRequestHeaderSize"": ""49843"", ""maxHttpResponseHeaderSize"": ""58116"", ""maxKeepAliveRequests"": ""4556"", ""maxParameterCount"": ""35222"", ""maxSwallowSize"": ""6540188"", ""maxThreads"": ""139"", ""minSpareThreads"": ""312"", ""processorCache"": ""364"", ""tcpNoDelay"": ""FALSE"", ""threadPriority"": ""5"", ""threadsMaxIdleTime"": ""265969"", ""useAsyncIO"": ""FALSE"", ""useVirtualThreads"": ""TRUE""}"
tomcat,lf05_hard07,"lambda_f=0.5, hard=0.7",3304,RQ1&2parrel,127,2301.26,29.82,2301.26,10.0325608253479,"[8, 50, 10, False]",0.0,10.032470226287842,0.0,"{""acceptCount"": ""645"", ""allowBackslash"": ""TRUE"", ""compression"": ""force"", ""compressionMinSize"": ""1565"", ""connectionTimeout"": ""406857"", ""connectionUploadTimeout"": ""143318"", ""disableUploadTimeout"": ""TRUE"", ""executorTerminationTimeoutMillis"": ""82736"", ""keepAliveTimeout"": ""553766"", ""maxConnections"": ""18689"", ""maxHeaderCount"": ""53"", ""maxHttpHeaderSize"": ""8147"", ""maxHttpRequestHeaderSize"": ""19220"", ""maxHttpResponseHeaderSize"": ""34501"", ""maxKeepAliveRequests"": ""917"", ""maxParameterCount"": ""7488"", ""maxSwallowSize"": ""8684861"", ""maxThreads"": ""261"", ""minSpareThreads"": ""337"", ""processorCache"": ""58"", ""tcpNoDelay"": ""FALSE"", ""threadPriority"": ""3"", ""threadsMaxIdleTime"": ""47766"", ""useAsyncIO"": ""FALSE"", ""useVirtualThreads"": ""FALSE""}"
tomcat,lf05_hard07,"lambda_f=0.5, hard=0.7",3304,RQ1&2parrel,128,2527.4,25.27,2527.4,10.018773555755615,"[8, 50, 10, False]",0.0,10.018681049346924,0.0,"{""acceptCount"": ""47"", ""allowBackslash"": ""TRUE"", ""compression"": ""force"", ""compressionMinSize"": ""8329"", ""connectionTimeout"": ""345085"", ""connectionUploadTimeout"": ""123098"", ""disableUploadTimeout"": ""TRUE"", ""executorTerminationTimeoutMillis"": ""387431"", ""keepAliveTimeout"": ""495296"", ""maxConnections"": ""4267"", ""maxHeaderCount"": ""315"", ""maxHttpHeaderSize"": ""29947"", ""maxHttpRequestHeaderSize"": ""36573"", ""maxHttpResponseHeaderSize"": ""59121"", ""maxKeepAliveRequests"": ""2411"", ""maxParameterCount"": ""73952"", ""maxSwallowSize"": ""7824243"", ""maxThreads"": ""309"", ""minSpareThreads"": ""97"", ""processorCache"": ""1"", ""tcpNoDelay"": ""FALSE"", ""threadPriority"": ""7"", ""threadsMaxIdleTime"": ""354018"", ""useAsyncIO"": ""FALSE"", ""useVirtualThreads"": ""FALSE""}"
tomcat,lf05_hard07,"lambda_f=0.5, hard=0.7",3304,RQ1&2parrel,129,2558.61,25.2,2558.61,10.03103494644165,"[8, 50, 10, False]",0.0,10.030943155288696,0.0,"{""acceptCount"": ""47"", ""allowBackslash"": ""TRUE"", ""compression"": ""force"", ""compressionMinSize"": ""8329"", ""connectionTimeout"": ""345085"", ""connectionUploadTimeout"": ""123948"", ""disableUploadTimeout"": ""TRUE"", ""executorTerminationTimeoutMillis"": ""387431"", ""keepAliveTimeout"": ""240967"", ""maxConnections"": ""4225"", ""maxHeaderCount"": ""239"", ""maxHttpHeaderSize"": ""29947"", ""maxHttpRequestHeaderSize"": ""36573"", ""maxHttpResponseHeaderSize"": ""59121"", ""maxKeepAliveRequests"": ""2411"", ""maxParameterCount"": ""73859"", ""maxSwallowSize"": ""7824243"", ""maxThreads"": ""309"", ""minSpareThreads"": ""97"", ""processorCache"": ""2"", ""tcpNoDelay"": ""FALSE"", ""threadPriority"": ""7"", ""threadsMaxIdleTime"": ""354018"", ""useAsyncIO"": ""FALSE"", ""useVirtualThreads"": ""FALSE""}"
tomcat,lf05_hard07,"lambda_f=0.5, hard=0.7",3304,RQ1&2parrel,130,2456.69,25.01,2456.69,10.059966087341309,"[8, 50, 10, False]",0.0,10.059868574142456,0.0,"{""acceptCount"": ""353"", ""allowBackslash"": ""FALSE"", ""compression"": ""on"", ""compressionMinSize"": ""1762"", ""connectionTimeout"": ""217343"", ""connectionUploadTimeout"": ""108210"", ""disableUploadTimeout"": ""TRUE"", ""executorTerminationTimeoutMillis"": ""299506"", ""keepAliveTimeout"": ""442111"", ""maxConnections"": ""9437"", ""maxHeaderCount"": ""688"", ""maxHttpHeaderSize"": ""21099"", ""maxHttpRequestHeaderSize"": ""65060"", ""maxHttpResponseHeaderSize"": ""28052"", ""maxKeepAliveRequests"": ""4715"", ""maxParameterCount"": ""31403"", ""maxSwallowSize"": ""18214376"", ""maxThreads"": ""220"", ""minSpareThreads"": ""708"", ""processorCache"": ""387"", ""tcpNoDelay"": ""FALSE"", ""threadPriority"": ""2"", ""threadsMaxIdleTime"": ""59428"", ""useAsyncIO"": ""TRUE"", ""useVirtualThreads"": ""FALSE""}"
tomcat,lf05_hard07,"lambda_f=0.5, hard=0.7",3304,RQ1&2parrel,131,2176.43,23.71,2176.43,10.089516162872314,"[8, 50, 10, False]",0.0,10.089425086975098,0.0,"{""acceptCount"": ""207"", ""allowBackslash"": ""FALSE"", ""compression"": ""force"", ""compressionMinSize"": ""4472"", ""connectionTimeout"": ""243480"", ""connectionUploadTimeout"": ""455745"", ""disableUploadTimeout"": ""TRUE"", ""executorTerminationTimeoutMillis"": ""411685"", ""keepAliveTimeout"": ""315979"", ""maxConnections"": ""12437"", ""maxHeaderCount"": ""106"", ""maxHttpHeaderSize"": ""20400"", ""maxHttpRequestHeaderSize"": ""33423"", ""maxHttpResponseHeaderSize"": ""31389"", ""maxKeepAliveRequests"": ""1530"", ""maxParameterCount"": ""95395"", ""maxSwallowSize"": ""10144803"", ""maxThreads"": ""112"", ""minSpareThreads"": ""690"", ""processorCache"": ""104"", ""tcpNoDelay"": ""FALSE"", ""threadPriority"": ""4"", ""threadsMaxIdleTime"": ""332768"", ""useAsyncIO"": ""FALSE"", ""useVirtualThreads"": ""TRUE""}"
tomcat,lf05_hard07,"lambda_f=0.5, hard=0.7",3304,RQ1&2parrel,132,2431.91,28.53,2431.91,10.044788360595703,"[8, 50, 10, False]",0.0,10.044700622558594,0.0,"{""acceptCount"": ""728"", ""allowBackslash"": ""TRUE"", ""compression"": ""off"", ""compressionMinSize"": ""1171"", ""connectionTimeout"": ""119842"", ""connectionUploadTimeout"": ""508830"", ""disableUploadTimeout"": ""TRUE"", ""executorTerminationTimeoutMillis"": ""507177"", ""keepAliveTimeout"": ""324718"", ""maxConnections"": ""10951"", ""maxHeaderCount"": ""839"", ""maxHttpHeaderSize"": ""21415"", ""maxHttpRequestHeaderSize"": ""59331"", ""maxHttpResponseHeaderSize"": ""59924"", ""maxKeepAliveRequests"": ""357"", ""maxParameterCount"": ""86416"", ""maxSwallowSize"": ""10077541"", ""maxThreads"": ""286"", ""minSpareThreads"": ""543"", ""processorCache"": ""353"", ""tcpNoDelay"": ""FALSE"", ""threadPriority"": ""8"", ""threadsMaxIdleTime"": ""519019"", ""useAsyncIO"": ""TRUE"", ""useVirtualThreads"": ""FALSE""}"
tomcat,lf05_hard07,"lambda_f=0.5, hard=0.7",3304,RQ1&2parrel,133,2411.59,29.52,2411.59,10.03916621208191,"[8, 50, 10, False]",0.0,10.039080381393433,0.0,"{""acceptCount"": ""47"", ""allowBackslash"": ""TRUE"", ""compression"": ""force"", ""compressionMinSize"": ""8329"", ""connectionTimeout"": ""345085"", ""connectionUploadTimeout"": ""123391"", ""disableUploadTimeout"": ""TRUE"", ""executorTerminationTimeoutMillis"": ""384653"", ""keepAliveTimeout"": ""212726"", ""maxConnections"": ""1525"", ""maxHeaderCount"": ""239"", ""maxHttpHeaderSize"": ""29947"", ""maxHttpRequestHeaderSize"": ""36573"", ""maxHttpResponseHeaderSize"": ""59121"", ""maxKeepAliveRequests"": ""2348"", ""maxParameterCount"": ""75563"", ""maxSwallowSize"": ""7944954"", ""maxThreads"": ""297"", ""minSpareThreads"": ""97"", ""processorCache"": ""2"", ""tcpNoDelay"": ""FALSE"", ""threadPriority"": ""2"", ""threadsMaxIdleTime"": ""360041"", ""useAsyncIO"": ""FALSE"", ""useVirtualThreads"": ""FALSE""}"
tomcat,lf05_hard07,"lambda_f=0.5, hard=0.7",3304,RQ1&2parrel,134,2383.53,26.35,2383.53,10.026487350463867,"[8, 50, 10, False]",0.0,10.026395082473755,0.0,"{""acceptCount"": ""109"", ""allowBackslash"": ""TRUE"", ""compression"": ""force"", ""compressionMinSize"": ""8329"", ""connectionTimeout"": ""345085"", ""connectionUploadTimeout"": ""122305"", ""disableUploadTimeout"": ""TRUE"", ""executorTerminationTimeoutMillis"": ""387431"", ""keepAliveTimeout"": ""238705"", ""maxConnections"": ""2617"", ""maxHeaderCount"": ""239"", ""maxHttpHeaderSize"": ""29947"", ""maxHttpRequestHeaderSize"": ""36573"", ""maxHttpResponseHeaderSize"": ""58887"", ""maxKeepAliveRequests"": ""2413"", ""maxParameterCount"": ""69219"", ""maxSwallowSize"": ""7810010"", ""maxThreads"": ""309"", ""minSpareThreads"": ""97"", ""processorCache"": ""2"", ""tcpNoDelay"": ""TRUE"", ""threadPriority"": ""7"", ""threadsMaxIdleTime"": ""375421"", ""useAsyncIO"": ""FALSE"", ""useVirtualThreads"": ""FALSE""}"
tomcat,lf05_hard07,"lambda_f=0.5, hard=0.7",3304,RQ1&2parrel,135,2238.25,22.36,2238.25,10.030802726745605,"[8, 50, 10, False]",0.0,10.030698299407959,0.0,"{""acceptCount"": ""519"", ""allowBackslash"": ""TRUE"", ""compression"": ""off"", ""compressionMinSize"": ""8757"", ""connectionTimeout"": ""412824"", ""connectionUploadTimeout"": ""70104"", ""disableUploadTimeout"": ""TRUE"", ""executorTerminationTimeoutMillis"": ""596400"", ""keepAliveTimeout"": ""251702"", ""maxConnections"": ""5478"", ""maxHeaderCount"": ""72"", ""maxHttpHeaderSize"": ""12164"", ""maxHttpRequestHeaderSize"": ""55447"", ""maxHttpResponseHeaderSize"": ""61089"", ""maxKeepAliveRequests"": ""2267"", ""maxParameterCount"": ""295"", ""maxSwallowSize"": ""14814361"", ""maxThreads"": ""139"", ""minSpareThreads"": ""409"", ""processorCache"": ""375"", ""tcpNoDelay"": ""TRUE"", ""threadPriority"": ""3"", ""threadsMaxIdleTime"": ""444444"", ""useAsyncIO"": ""FALSE"", ""useVirtualThreads"": ""TRUE""}"
tomcat,lf05_hard07,"lambda_f=0.5, hard=0.7",3304,RQ1&2parrel,136,2483.39,23.97,2483.39,10.062285661697388,"[8, 50, 10, False]",0.0,10.062192440032959,0.0,"{""acceptCount"": ""807"", ""allowBackslash"": ""TRUE"", ""compression"": ""force"", ""compressionMinSize"": ""6093"", ""connectionTimeout"": ""360913"", ""connectionUploadTimeout"": ""334622"", ""disableUploadTimeout"": ""TRUE"", ""executorTerminationTimeoutMillis"": ""52924"", ""keepAliveTimeout"": ""406714"", ""maxConnections"": ""18607"", ""maxHeaderCount"": ""497"", ""maxHttpHeaderSize"": ""7059"", ""maxHttpRequestHeaderSize"": ""24107"", ""maxHttpResponseHeaderSize"": ""16206"", ""maxKeepAliveRequests"": ""2702"", ""maxParameterCount"": ""14266"", ""maxSwallowSize"": ""5520746"", ""maxThreads"": ""272"", ""minSpareThreads"": ""300"", ""processorCache"": ""84"", ""tcpNoDelay"": ""FALSE"", ""threadPriority"": ""5"", ""threadsMaxIdleTime"": ""57537"", ""useAsyncIO"": ""TRUE"", ""useVirtualThreads"": ""FALSE""}"
tomcat,lf05_hard07,"lambda_f=0.5, hard=0.7",3304,RQ1&2parrel,137,2229.56,29.1,2229.56,10.06523847579956,"[8, 50, 10, False]",0.0,10.065145015716553,0.0,"{""acceptCount"": ""50"", ""allowBackslash"": ""TRUE"", ""compression"": ""force"", ""compressionMinSize"": ""8519"", ""connectionTimeout"": ""345085"", ""connectionUploadTimeout"": ""124078"", ""disableUploadTimeout"": ""TRUE"", ""executorTerminationTimeoutMillis"": ""387317"", ""keepAliveTimeout"": ""240967"", ""maxConnections"": ""4241"", ""maxHeaderCount"": ""242"", ""maxHttpHeaderSize"": ""30466"", ""maxHttpRequestHeaderSize"": ""36573"", ""maxHttpResponseHeaderSize"": ""59218"", ""maxKeepAliveRequests"": ""2428"", ""maxParameterCount"": ""73858"", ""maxSwallowSize"": ""7816028"", ""maxThreads"": ""309"", ""minSpareThreads"": ""97"", ""processorCache"": ""2"", ""tcpNoDelay"": ""FALSE"", ""threadPriority"": ""7"", ""threadsMaxIdleTime"": ""365384"", ""useAsyncIO"": ""FALSE"", ""useVirtualThreads"": ""FALSE""}"
tomcat,lf05_hard07,"lambda_f=0.5, hard=0.7",3304,RQ1&2parrel,138,2383.07,21.3,2383.07,10.018849849700928,"[8, 50, 10, False]",0.0,10.018736362457275,0.0,"{""acceptCount"": ""326"", ""allowBackslash"": ""FALSE"", ""compression"": ""force"", ""compressionMinSize"": ""906"", ""connectionTimeout"": ""228939"", ""connectionUploadTimeout"": ""447465"", ""disableUploadTimeout"": ""FALSE"", ""executorTerminationTimeoutMillis"": ""389731"", ""keepAliveTimeout"": ""505551"", ""maxConnections"": ""12319"", ""maxHeaderCount"": ""928"", ""maxHttpHeaderSize"": ""19573"", ""maxHttpRequestHeaderSize"": ""60781"", ""maxHttpResponseHeaderSize"": ""57906"", ""maxKeepAliveRequests"": ""3201"", ""maxParameterCount"": ""38754"", ""maxSwallowSize"": ""17533515"", ""maxThreads"": ""141"", ""minSpareThreads"": ""479"", ""processorCache"": ""374"", ""tcpNoDelay"": ""TRUE"", ""threadPriority"": ""6"", ""threadsMaxIdleTime"": ""458365"", ""useAsyncIO"": ""TRUE"", ""useVirtualThreads"": ""TRUE""}"
tomcat,lf05_hard07,"lambda_f=0.5, hard=0.7",3304,RQ1&2parrel,139,2441.95,26.03,2441.95,10.029610633850098,"[8, 50, 10, False]",0.0,10.029464483261108,0.0,"{""acceptCount"": ""39"", ""allowBackslash"": ""TRUE"", ""compression"": ""force"", ""compressionMinSize"": ""9155"", ""connectionTimeout"": ""26833"", ""connectionUploadTimeout"": ""241864"", ""disableUploadTimeout"": ""FALSE"", ""executorTerminationTimeoutMillis"": ""470573"", ""keepAliveTimeout"": ""79513"", ""maxConnections"": ""14003"", ""maxHeaderCount"": ""991"", ""maxHttpHeaderSize"": ""6794"", ""maxHttpRequestHeaderSize"": ""64242"", ""maxHttpResponseHeaderSize"": ""6068"", ""maxKeepAliveRequests"": ""4461"", ""maxParameterCount"": ""35444"", ""maxSwallowSize"": ""20889760"", ""maxThreads"": ""283"", ""minSpareThreads"": ""461"", ""processorCache"": ""118"", ""tcpNoDelay"": ""FALSE"", ""threadPriority"": ""10"", ""threadsMaxIdleTime"": ""521865"", ""useAsyncIO"": ""FALSE"", ""useVirtualThreads"": ""FALSE""}"
tomcat,lf05_hard07,"lambda_f=0.5, hard=0.7",3304,RQ1&2parrel,140,2484.72,23.31,2484.72,10.022441148757935,"[8, 50, 10, False]",0.0,10.022324085235596,0.0,"{""acceptCount"": ""936"", ""allowBackslash"": ""FALSE"", ""compression"": ""on"", ""compressionMinSize"": ""5630"", ""connectionTimeout"": ""107124"", ""connectionUploadTimeout"": ""268739"", ""disableUploadTimeout"": ""TRUE"", ""executorTerminationTimeoutMillis"": ""15978"", ""keepAliveTimeout"": ""498184"", ""maxConnections"": ""10993"", ""maxHeaderCount"": ""602"", ""maxHttpHeaderSize"": ""1817"", ""maxHttpRequestHeaderSize"": ""61792"", ""maxHttpResponseHeaderSize"": ""21106"", ""maxKeepAliveRequests"": ""4269"", ""maxParameterCount"": ""23069"", ""maxSwallowSize"": ""16593969"", ""maxThreads"": ""102"", ""minSpareThreads"": ""638"", ""processorCache"": ""188"", ""tcpNoDelay"": ""TRUE"", ""threadPriority"": ""7"", ""threadsMaxIdleTime"": ""129979"", ""useAsyncIO"": ""TRUE"", ""useVirtualThreads"": ""FALSE""}"
tomcat,lf05_hard07,"lambda_f=0.5, hard=0.7",3304,RQ1&2parrel,141,2608.25,23.3,2608.25,10.02104640007019,"[8, 50, 10, False]",0.0,10.020952701568604,0.0,"{""acceptCount"": ""715"", ""allowBackslash"": ""FALSE"", ""compression"": ""off"", ""compressionMinSize"": ""9184"", ""connectionTimeout"": ""312239"", ""connectionUploadTimeout"": ""311730"", ""disableUploadTimeout"": ""FALSE"", ""executorTerminationTimeoutMillis"": ""93262"", ""keepAliveTimeout"": ""46892"", ""maxConnections"": ""9735"", ""maxHeaderCount"": ""637"", ""maxHttpHeaderSize"": ""25273"", ""maxHttpRequestHeaderSize"": ""47364"", ""maxHttpResponseHeaderSize"": ""51640"", ""maxKeepAliveRequests"": ""183"", ""maxParameterCount"": ""2366"", ""maxSwallowSize"": ""947958"", ""maxThreads"": ""278"", ""minSpareThreads"": ""849"", ""processorCache"": ""113"", ""tcpNoDelay"": ""TRUE"", ""threadPriority"": ""2"", ""threadsMaxIdleTime"": ""357272"", ""useAsyncIO"": ""TRUE"", ""useVirtualThreads"": ""FALSE""}"
tomcat,lf05_hard07,"lambda_f=0.5, hard=0.7",3304,RQ1&2parrel,142,2298.55,27.78,2298.55,10.035156488418579,"[8, 50, 10, False]",0.0,10.035067319869995,0.0,"{""acceptCount"": ""637"", ""allowBackslash"": ""FALSE"", ""compression"": ""off"", ""compressionMinSize"": ""3708"", ""connectionTimeout"": ""491010"", ""connectionUploadTimeout"": ""228035"", ""disableUploadTimeout"": ""FALSE"", ""executorTerminationTimeoutMillis"": ""465859"", ""keepAliveTimeout"": ""459076"", ""maxConnections"": ""16537"", ""maxHeaderCount"": ""967"", ""maxHttpHeaderSize"": ""16938"", ""maxHttpRequestHeaderSize"": ""29811"", ""maxHttpResponseHeaderSize"": ""60104"", ""maxKeepAliveRequests"": ""588"", ""maxParameterCount"": ""96484"", ""maxSwallowSize"": ""1542944"", ""maxThreads"": ""210"", ""minSpareThreads"": ""415"", ""processorCache"": ""322"", ""tcpNoDelay"": ""TRUE"", ""threadPriority"": ""5"", ""threadsMaxIdleTime"": ""51256"", ""useAsyncIO"": ""FALSE"", ""useVirtualThreads"": ""FALSE""}"
tomcat,lf05_hard07,"lambda_f=0.5, hard=0.7",3304,RQ1&2parrel,143,2251.0,26.09,2251.0,10.020925998687744,"[8, 50, 10, False]",0.0,10.020832538604736,0.0,"{""acceptCount"": ""715"", ""allowBackslash"": ""FALSE"", ""compression"": ""off"", ""compressionMinSize"": ""9184"", ""connectionTimeout"": ""322182"", ""connectionUploadTimeout"": ""324877"", ""disableUploadTimeout"": ""FALSE"", ""executorTerminationTimeoutMillis"": ""198172"", ""keepAliveTimeout"": ""46892"", ""maxConnections"": ""9735"", ""maxHeaderCount"": ""605"", ""maxHttpHeaderSize"": ""25273"", ""maxHttpRequestHeaderSize"": ""47364"", ""maxHttpResponseHeaderSize"": ""51640"", ""maxKeepAliveRequests"": ""182"", ""maxParameterCount"": ""2552"", ""maxSwallowSize"": ""947958"", ""maxThreads"": ""287"", ""minSpareThreads"": ""429"", ""processorCache"": ""113"", ""tcpNoDelay"": ""TRUE"", ""threadPriority"": ""2"", ""threadsMaxIdleTime"": ""357272"", ""useAsyncIO"": ""FALSE"", ""useVirtualThreads"": ""FALSE""}"
tomcat,lf05_hard07,"lambda_f=0.5, hard=0.7",3304,RQ1&2parrel,144,2283.94,27.47,2283.94,10.10905146598816,"[8, 50, 10, False]",0.0,10.10895037651062,0.0,"{""acceptCount"": ""678"", ""allowBackslash"": ""FALSE"", ""compression"": ""off"", ""compressionMinSize"": ""9069"", ""connectionTimeout"": ""312239"", ""connectionUploadTimeout"": ""305956"", ""disableUploadTimeout"": ""FALSE"", ""executorTerminationTimeoutMillis"": ""93262"", ""keepAliveTimeout"": ""87253"", ""maxConnections"": ""9980"", ""maxHeaderCount"": ""607"", ""maxHttpHeaderSize"": ""25273"", ""maxHttpRequestHeaderSize"": ""47364"", ""maxHttpResponseHeaderSize"": ""52416"", ""maxKeepAliveRequests"": ""447"", ""maxParameterCount"": ""14772"", ""maxSwallowSize"": ""1203261"", ""maxThreads"": ""278"", ""minSpareThreads"": ""849"", ""processorCache"": ""114"", ""tcpNoDelay"": ""TRUE"", ""threadPriority"": ""2"", ""threadsMaxIdleTime"": ""357272"", ""useAsyncIO"": ""TRUE"", ""useVirtualThreads"": ""FALSE""}"
tomcat,lf05_hard07,"lambda_f=0.5, hard=0.7",3304,RQ1&2parrel,145,2177.36,23.72,2177.36,10.02357268333435,"[8, 50, 10, False]",0.0,10.023471593856812,0.0,"{""acceptCount"": ""667"", ""allowBackslash"": ""TRUE"", ""compression"": ""force"", ""compressionMinSize"": ""899"", ""connectionTimeout"": ""200041"", ""connectionUploadTimeout"": ""384622"", ""disableUploadTimeout"": ""FALSE"", ""executorTerminationTimeoutMillis"": ""288956"", ""keepAliveTimeout"": ""346614"", ""maxConnections"": ""14171"", ""maxHeaderCount"": ""428"", ""maxHttpHeaderSize"": ""16752"", ""maxHttpRequestHeaderSize"": ""46491"", ""maxHttpResponseHeaderSize"": ""32233"", ""maxKeepAliveRequests"": ""1199"", ""maxParameterCount"": ""10640"", ""maxSwallowSize"": ""798503"", ""maxThreads"": ""59"", ""minSpareThreads"": ""528"", ""processorCache"": ""355"", ""tcpNoDelay"": ""FALSE"", ""threadPriority"": ""9"", ""threadsMaxIdleTime"": ""208139"", ""useAsyncIO"": ""FALSE"", ""useVirtualThreads"": ""TRUE""}"
tomcat,lf05_hard07,"lambda_f=0.5, hard=0.7",3304,RQ1&2parrel,146,2473.05,20.65,2473.05,10.011080980300903,"[8, 50, 10, False]",0.0,10.010991096496582,0.0,"{""acceptCount"": ""715"", ""allowBackslash"": ""FALSE"", ""compression"": ""on"", ""compressionMinSize"": ""6181"", ""connectionTimeout"": ""312239"", ""connectionUploadTimeout"": ""310549"", ""disableUploadTimeout"": ""FALSE"", ""executorTerminationTimeoutMillis"": ""93262"", ""keepAliveTimeout"": ""44447"", ""maxConnections"": ""9735"", ""maxHeaderCount"": ""637"", ""maxHttpHeaderSize"": ""25273"", ""maxHttpRequestHeaderSize"": ""48912"", ""maxHttpResponseHeaderSize"": ""51640"", ""maxKeepAliveRequests"": ""183"", ""maxParameterCount"": ""2366"", ""maxSwallowSize"": ""947958"", ""maxThreads"": ""278"", ""minSpareThreads"": ""848"", ""processorCache"": ""113"", ""tcpNoDelay"": ""FALSE"", ""threadPriority"": ""2"", ""threadsMaxIdleTime"": ""357272"", ""useAsyncIO"": ""TRUE"", ""useVirtualThreads"": ""TRUE""}"
tomcat,lf05_hard07,"lambda_f=0.5, hard=0.7",3304,RQ1&2parrel,147,2410.15,20.64,2410.15,10.06023383140564,"[8, 50, 10, False]",0.0,10.060141324996948,0.0,"{""acceptCount"": ""524"", ""allowBackslash"": ""FALSE"", ""compression"": ""force"", ""compressionMinSize"": ""807"", ""connectionTimeout"": ""80881"", ""connectionUploadTimeout"": ""43198"", ""disableUploadTimeout"": ""TRUE"", ""executorTerminationTimeoutMillis"": ""471149"", ""keepAliveTimeout"": ""514479"", ""maxConnections"": ""11768"", ""maxHeaderCount"": ""37"", ""maxHttpHeaderSize"": ""20983"", ""maxHttpRequestHeaderSize"": ""24997"", ""maxHttpResponseHeaderSize"": ""49538"", ""maxKeepAliveRequests"": ""4250"", ""maxParameterCount"": ""39970"", ""maxSwallowSize"": ""2212820"", ""maxThreads"": ""41"", ""minSpareThreads"": ""995"", ""processorCache"": ""13"", ""tcpNoDelay"": ""TRUE"", ""threadPriority"": ""8"", ""threadsMaxIdleTime"": ""221459"", ""useAsyncIO"": ""TRUE"", ""useVirtualThreads"": ""TRUE""}"
tomcat,lf05_hard07,"lambda_f=0.5, hard=0.7",3304,RQ1&2parrel,148,2318.1,29.96,2318.1,10.022560119628906,"[8, 50, 10, False]",0.0,10.02246904373169,0.0,"{""acceptCount"": ""715"", ""allowBackslash"": ""FALSE"", ""compression"": ""off"", ""compressionMinSize"": ""9184"", ""connectionTimeout"": ""312239"", ""connectionUploadTimeout"": ""311730"", ""disableUploadTimeout"": ""FALSE"", ""executorTerminationTimeoutMillis"": ""93262"", ""keepAliveTimeout"": ""46860"", ""maxConnections"": ""9735"", ""maxHeaderCount"": ""610"", ""maxHttpHeaderSize"": ""25281"", ""maxHttpRequestHeaderSize"": ""47364"", ""maxHttpResponseHeaderSize"": ""51791"", ""maxKeepAliveRequests"": ""183"", ""maxParameterCount"": ""2502"", ""maxSwallowSize"": ""330099"", ""maxThreads"": ""278"", ""minSpareThreads"": ""849"", ""processorCache"": ""113"", ""tcpNoDelay"": ""TRUE"", ""threadPriority"": ""2"", ""threadsMaxIdleTime"": ""357272"", ""useAsyncIO"": ""TRUE"", ""useVirtualThreads"": ""FALSE""}"
tomcat,lf05_hard07,"lambda_f=0.5, hard=0.7",3304,RQ1&2parrel,149,2327.19,26.41,2327.19,10.070201635360718,"[8, 50, 10, False]",0.0,10.070114135742188,0.0,"{""acceptCount"": ""493"", ""allowBackslash"": ""TRUE"", ""compression"": ""off"", ""compressionMinSize"": ""7118"", ""connectionTimeout"": ""321612"", ""connectionUploadTimeout"": ""246872"", ""disableUploadTimeout"": ""TRUE"", ""executorTerminationTimeoutMillis"": ""240186"", ""keepAliveTimeout"": ""531599"", ""maxConnections"": ""11893"", ""maxHeaderCount"": ""660"", ""maxHttpHeaderSize"": ""2398"", ""maxHttpRequestHeaderSize"": ""6877"", ""maxHttpResponseHeaderSize"": ""27783"", ""maxKeepAliveRequests"": ""1560"", ""maxParameterCount"": ""16484"", ""maxSwallowSize"": ""949951"", ""maxThreads"": ""98"", ""minSpareThreads"": ""152"", ""processorCache"": ""117"", ""tcpNoDelay"": ""TRUE"", ""threadPriority"": ""7"", ""threadsMaxIdleTime"": ""126938"", ""useAsyncIO"": ""TRUE"", ""useVirtualThreads"": ""FALSE""}"
tomcat,lf05_hard07,"lambda_f=0.5, hard=0.7",3304,RQ1&2parrel,150,2276.26,27.06,2276.26,10.092248439788818,"[8, 50, 10, False]",0.0,10.092161655426025,0.0,"{""acceptCount"": ""509"", ""allowBackslash"": ""FALSE"", ""compression"": ""force"", ""compressionMinSize"": ""7457"", ""connectionTimeout"": ""591614"", ""connectionUploadTimeout"": ""15648"", ""disableUploadTimeout"": ""TRUE"", ""executorTerminationTimeoutMillis"": ""112530"", ""keepAliveTimeout"": ""487222"", ""maxConnections"": ""5697"", ""maxHeaderCount"": ""708"", ""maxHttpHeaderSize"": ""2151"", ""maxHttpRequestHeaderSize"": ""36074"", ""maxHttpResponseHeaderSize"": ""15351"", ""maxKeepAliveRequests"": ""1593"", ""maxParameterCount"": ""15669"", ""maxSwallowSize"": ""6063847"", ""maxThreads"": ""70"", ""minSpareThreads"": ""292"", ""processorCache"": ""243"", ""tcpNoDelay"": ""TRUE"", ""threadPriority"": ""7"", ""threadsMaxIdleTime"": ""568037"", ""useAsyncIO"": ""TRUE"", ""useVirtualThreads"": ""FALSE""}"
tomcat,lf05_hard07,"lambda_f=0.5, hard=0.7",3304,RQ1&2parrel,151,2143.44,27.99,2143.44,10.08617115020752,"[8, 50, 10, False]",0.0,10.086078643798828,0.0,"{""acceptCount"": ""715"", ""allowBackslash"": ""FALSE"", ""compression"": ""off"", ""compressionMinSize"": ""9184"", ""connectionTimeout"": ""312239"", ""connectionUploadTimeout"": ""311730"", ""disableUploadTimeout"": ""FALSE"", ""executorTerminationTimeoutMillis"": ""93262"", ""keepAliveTimeout"": ""46892"", ""maxConnections"": ""8816"", ""maxHeaderCount"": ""637"", ""maxHttpHeaderSize"": ""25273"", ""maxHttpRequestHeaderSize"": ""47364"", ""maxHttpResponseHeaderSize"": ""51640"", ""maxKeepAliveRequests"": ""130"", ""maxParameterCount"": ""2366"", ""maxSwallowSize"": ""947958"", ""maxThreads"": ""278"", ""minSpareThreads"": ""849"", ""processorCache"": ""113"", ""tcpNoDelay"": ""FALSE"", ""threadPriority"": ""3"", ""threadsMaxIdleTime"": ""357272"", ""useAsyncIO"": ""TRUE"", ""useVirtualThreads"": ""FALSE""}"
tomcat,lf05_hard07,"lambda_f=0.5, hard=0.7",3304,RQ1&2parrel,152,2275.13,26.76,2275.13,10.032840967178345,"[8, 50, 10, False]",0.0,10.032754898071289,0.0,"{""acceptCount"": ""715"", ""allowBackslash"": ""FALSE"", ""compression"": ""off"", ""compressionMinSize"": ""9184"", ""connectionTimeout"": ""312239"", ""connectionUploadTimeout"": ""311527"", ""disableUploadTimeout"": ""FALSE"", ""executorTerminationTimeoutMillis"": ""93262"", ""keepAliveTimeout"": ""46892"", ""maxConnections"": ""9735"", ""maxHeaderCount"": ""637"", ""maxHttpHeaderSize"": ""25273"", ""maxHttpRequestHeaderSize"": ""46797"", ""maxHttpResponseHeaderSize"": ""51640"", ""maxKeepAliveRequests"": ""183"", ""maxParameterCount"": ""2366"", ""maxSwallowSize"": ""947958"", ""maxThreads"": ""278"", ""minSpareThreads"": ""849"", ""processorCache"": ""104"", ""tcpNoDelay"": ""TRUE"", ""threadPriority"": ""2"", ""threadsMaxIdleTime"": ""357272"", ""useAsyncIO"": ""FALSE"", ""useVirtualThreads"": ""FALSE""}"
tomcat,lf05_hard07,"lambda_f=0.5, hard=0.7",3304,RQ1&2parrel,153,2388.72,26.64,2388.72,10.053086996078491,"[8, 50, 10, False]",0.0,10.05300521850586,0.0,"{""acceptCount"": ""367"", ""allowBackslash"": ""TRUE"", ""compression"": ""force"", ""compressionMinSize"": ""532"", ""connectionTimeout"": ""230232"", ""connectionUploadTimeout"": ""598561"", ""disableUploadTimeout"": ""FALSE"", ""executorTerminationTimeoutMillis"": ""137216"", ""keepAliveTimeout"": ""476994"", ""maxConnections"": ""16270"", ""maxHeaderCount"": ""243"", ""maxHttpHeaderSize"": ""4027"", ""maxHttpRequestHeaderSize"": ""57290"", ""maxHttpResponseHeaderSize"": ""14127"", ""maxKeepAliveRequests"": ""2497"", ""maxParameterCount"": ""16192"", ""maxSwallowSize"": ""13522565"", ""maxThreads"": ""74"", ""minSpareThreads"": ""85"", ""processorCache"": ""248"", ""tcpNoDelay"": ""FALSE"", ""threadPriority"": ""7"", ""threadsMaxIdleTime"": ""184082"", ""useAsyncIO"": ""TRUE"", ""useVirtualThreads"": ""FALSE""}"
tomcat,lf05_hard07,"lambda_f=0.5, hard=0.7",3304,RQ1&2parrel,154,2387.84,21.45,2387.84,10.047018766403198,"[8, 50, 10, False]",0.0,10.046925067901611,0.0,"{""acceptCount"": ""816"", ""allowBackslash"": ""TRUE"", ""compression"": ""on"", ""compressionMinSize"": ""2053"", ""connectionTimeout"": ""509573"", ""connectionUploadTimeout"": ""310102"", ""disableUploadTimeout"": ""TRUE"", ""executorTerminationTimeoutMillis"": ""28656"", ""keepAliveTimeout"": ""302454"", ""maxConnections"": ""2899"", ""maxHeaderCount"": ""818"", ""maxHttpHeaderSize"": ""14876"", ""maxHttpRequestHeaderSize"": ""64814"", ""maxHttpResponseHeaderSize"": ""52895"", ""maxKeepAliveRequests"": ""4681"", ""maxParameterCount"": ""45296"", ""maxSwallowSize"": ""19559808"", ""maxThreads"": ""306"", ""minSpareThreads"": ""43"", ""processorCache"": ""91"", ""tcpNoDelay"": ""TRUE"", ""threadPriority"": ""4"", ""threadsMaxIdleTime"": ""106661"", ""useAsyncIO"": ""TRUE"", ""useVirtualThreads"": ""TRUE""}"
tomcat,lf05_hard07,"lambda_f=0.5, hard=0.7",3304,RQ1&2parrel,155,2507.67,26.98,2507.67,10.026951551437378,"[8, 50, 10, False]",0.0,10.026858806610107,0.0,"{""acceptCount"": ""912"", ""allowBackslash"": ""FALSE"", ""compression"": ""off"", ""compressionMinSize"": ""3970"", ""connectionTimeout"": ""303708"", ""connectionUploadTimeout"": ""411333"", ""disableUploadTimeout"": ""FALSE"", ""executorTerminationTimeoutMillis"": ""273962"", ""keepAliveTimeout"": ""45249"", ""maxConnections"": ""19139"", ""maxHeaderCount"": ""60"", ""maxHttpHeaderSize"": ""9784"", ""maxHttpRequestHeaderSize"": ""27124"", ""maxHttpResponseHeaderSize"": ""10570"", ""maxKeepAliveRequests"": ""4877"", ""maxParameterCount"": ""14740"", ""maxSwallowSize"": ""2457674"", ""maxThreads"": ""254"", ""minSpareThreads"": ""585"", ""processorCache"": ""385"", ""tcpNoDelay"": ""TRUE"", ""threadPriority"": ""9"", ""threadsMaxIdleTime"": ""308135"", ""useAsyncIO"": ""FALSE"", ""useVirtualThreads"": ""FALSE""}"
tomcat,lf05_hard07,"lambda_f=0.5, hard=0.7",3304,RQ1&2parrel,156,2293.93,22.31,2293.93,10.074564218521118,"[8, 50, 10, False]",0.0,10.074479341506958,0.0,"{""acceptCount"": ""506"", ""allowBackslash"": ""FALSE"", ""compression"": ""force"", ""compressionMinSize"": ""8300"", ""connectionTimeout"": ""53739"", ""connectionUploadTimeout"": ""370457"", ""disableUploadTimeout"": ""TRUE"", ""executorTerminationTimeoutMillis"": ""503301"", ""keepAliveTimeout"": ""560136"", ""maxConnections"": ""8383"", ""maxHeaderCount"": ""191"", ""maxHttpHeaderSize"": ""7215"", ""maxHttpRequestHeaderSize"": ""36818"", ""maxHttpResponseHeaderSize"": ""18015"", ""maxKeepAliveRequests"": ""1986"", ""maxParameterCount"": ""62089"", ""maxSwallowSize"": ""9098658"", ""maxThreads"": ""216"", ""minSpareThreads"": ""652"", ""processorCache"": ""321"", ""tcpNoDelay"": ""TRUE"", ""threadPriority"": ""10"", ""threadsMaxIdleTime"": ""383982"", ""useAsyncIO"": ""FALSE"", ""useVirtualThreads"": ""TRUE""}"
tomcat,lf05_hard07,"lambda_f=0.5, hard=0.7",3304,RQ1&2parrel,157,2412.18,24.39,2412.18,10.102832078933716,"[8, 50, 10, False]",0.0,10.102742910385132,0.0,"{""acceptCount"": ""305"", ""allowBackslash"": ""FALSE"", ""compression"": ""off"", ""compressionMinSize"": ""5186"", ""connectionTimeout"": ""322018"", ""connectionUploadTimeout"": ""281528"", ""disableUploadTimeout"": ""FALSE"", ""executorTerminationTimeoutMillis"": ""389079"", ""keepAliveTimeout"": ""523615"", ""maxConnections"": ""13830"", ""maxHeaderCount"": ""464"", ""maxHttpHeaderSize"": ""27562"", ""maxHttpRequestHeaderSize"": ""49939"", ""maxHttpResponseHeaderSize"": ""29898"", ""maxKeepAliveRequests"": ""1602"", ""maxParameterCount"": ""79900"", ""maxSwallowSize"": ""6559196"", ""maxThreads"": ""28"", ""minSpareThreads"": ""93"", ""processorCache"": ""120"", ""tcpNoDelay"": ""TRUE"", ""threadPriority"": ""8"", ""threadsMaxIdleTime"": ""440891"", ""useAsyncIO"": ""FALSE"", ""useVirtualThreads"": ""FALSE""}"
tomcat,lf05_hard07,"lambda_f=0.5, hard=0.7",3304,RQ1&2parrel,158,2448.69,28.34,2448.69,10.029603719711304,"[8, 50, 10, False]",0.0,10.029512882232666,0.0,"{""acceptCount"": ""391"", ""allowBackslash"": ""TRUE"", ""compression"": ""off"", ""compressionMinSize"": ""4340"", ""connectionTimeout"": ""193639"", ""connectionUploadTimeout"": ""64582"", ""disableUploadTimeout"": ""FALSE"", ""executorTerminationTimeoutMillis"": ""240228"", ""keepAliveTimeout"": ""189345"", ""maxConnections"": ""18324"", ""maxHeaderCount"": ""531"", ""maxHttpHeaderSize"": ""9835"", ""maxHttpRequestHeaderSize"": ""36705"", ""maxHttpResponseHeaderSize"": ""47464"", ""maxKeepAliveRequests"": ""2931"", ""maxParameterCount"": ""68019"", ""maxSwallowSize"": ""12307564"", ""maxThreads"": ""324"", ""minSpareThreads"": ""346"", ""processorCache"": ""65"", ""tcpNoDelay"": ""FALSE"", ""threadPriority"": ""6"", ""threadsMaxIdleTime"": ""34312"", ""useAsyncIO"": ""FALSE"", ""useVirtualThreads"": ""FALSE""}"
tomcat,lf05_hard07,"lambda_f=0.5, hard=0.7",3304,RQ1&2parrel,159,2310.83,25.66,2310.83,10.071133375167847,"[8, 50, 10, False]",0.0,10.071039199829102,0.0,"{""acceptCount"": ""490"", ""allowBackslash"": ""FALSE"", ""compression"": ""off"", ""compressionMinSize"": ""8954"", ""connectionTimeout"": ""322849"", ""connectionUploadTimeout"": ""575951"", ""disableUploadTimeout"": ""TRUE"", ""executorTerminationTimeoutMillis"": ""415522"", ""keepAliveTimeout"": ""235485"", ""maxConnections"": ""4509"", ""maxHeaderCount"": ""719"", ""maxHttpHeaderSize"": ""38432"", ""maxHttpRequestHeaderSize"": ""41860"", ""maxHttpResponseHeaderSize"": ""44049"", ""maxKeepAliveRequests"": ""943"", ""maxParameterCount"": ""66607"", ""maxSwallowSize"": ""12914635"", ""maxThreads"": ""249"", ""minSpareThreads"": ""651"", ""processorCache"": ""364"", ""tcpNoDelay"": ""TRUE"", ""threadPriority"": ""6"", ""threadsMaxIdleTime"": ""403502"", ""useAsyncIO"": ""TRUE"", ""useVirtualThreads"": ""FALSE""}"
tomcat,lf05_hard07,"lambda_f=0.5, hard=0.7",3304,RQ1&2parrel,160,2238.61,22.75,2238.61,10.05625605583191,"[8, 50, 10, False]",0.0,10.05616545677185,0.0,"{""acceptCount"": ""768"", ""allowBackslash"": ""TRUE"", ""compression"": ""force"", ""compressionMinSize"": ""2194"", ""connectionTimeout"": ""385807"", ""connectionUploadTimeout"": ""550809"", ""disableUploadTimeout"": ""FALSE"", ""executorTerminationTimeoutMillis"": ""20920"", ""keepAliveTimeout"": ""86594"", ""maxConnections"": ""6086"", ""maxHeaderCount"": ""471"", ""maxHttpHeaderSize"": ""5298"", ""maxHttpRequestHeaderSize"": ""52404"", ""maxHttpResponseHeaderSize"": ""9842"", ""maxKeepAliveRequests"": ""2215"", ""maxParameterCount"": ""64302"", ""maxSwallowSize"": ""8823655"", ""maxThreads"": ""195"", ""minSpareThreads"": ""330"", ""processorCache"": ""176"", ""tcpNoDelay"": ""FALSE"", ""threadPriority"": ""8"", ""threadsMaxIdleTime"": ""342364"", ""useAsyncIO"": ""TRUE"", ""useVirtualThreads"": ""TRUE""}"
tomcat,lf05_hard07,"lambda_f=0.5, hard=0.7",3304,RQ1&2parrel,161,2201.82,22.91,2201.82,10.02966594696045,"[8, 50, 10, False]",0.0,10.029578924179077,0.0,"{""acceptCount"": ""754"", ""allowBackslash"": ""FALSE"", ""compression"": ""force"", ""compressionMinSize"": ""7667"", ""connectionTimeout"": ""117676"", ""connectionUploadTimeout"": ""30505"", ""disableUploadTimeout"": ""TRUE"", ""executorTerminationTimeoutMillis"": ""339115"", ""keepAliveTimeout"": ""351277"", ""maxConnections"": ""5324"", ""maxHeaderCount"": ""600"", ""maxHttpHeaderSize"": ""24678"", ""maxHttpRequestHeaderSize"": ""57464"", ""maxHttpResponseHeaderSize"": ""35074"", ""maxKeepAliveRequests"": ""3782"", ""maxParameterCount"": ""58856"", ""maxSwallowSize"": ""2275557"", ""maxThreads"": ""394"", ""minSpareThreads"": ""37"", ""processorCache"": ""363"", ""tcpNoDelay"": ""FALSE"", ""threadPriority"": ""2"", ""threadsMaxIdleTime"": ""522853"", ""useAsyncIO"": ""FALSE"", ""useVirtualThreads"": ""TRUE""}"
tomcat,lf05_hard07,"lambda_f=0.5, hard=0.7",3304,RQ1&2parrel,162,2550.11,22.33,2550.11,10.026138305664062,"[8, 50, 10, False]",0.0,10.026051759719849,0.0,"{""acceptCount"": ""522"", ""allowBackslash"": ""TRUE"", ""compression"": ""on"", ""compressionMinSize"": ""1497"", ""connectionTimeout"": ""175417"", ""connectionUploadTimeout"": ""518129"", ""disableUploadTimeout"": ""FALSE"", ""executorTerminationTimeoutMillis"": ""555843"", ""keepAliveTimeout"": ""493484"", ""maxConnections"": ""9841"", ""maxHeaderCount"": ""430"", ""maxHttpHeaderSize"": ""26410"", ""maxHttpRequestHeaderSize"": ""42291"", ""maxHttpResponseHeaderSize"": ""42648"", ""maxKeepAliveRequests"": ""749"", ""maxParameterCount"": ""71632"", ""maxSwallowSize"": ""17769092"", ""maxThreads"": ""241"", ""minSpareThreads"": ""177"", ""processorCache"": ""181"", ""tcpNoDelay"": ""TRUE"", ""threadPriority"": ""4"", ""threadsMaxIdleTime"": ""414102"", ""useAsyncIO"": ""TRUE"", ""useVirtualThreads"": ""FALSE""}"
tomcat,lf05_hard07,"lambda_f=0.5, hard=0.7",3304,RQ1&2parrel,163,2293.56,22.09,2293.56,10.030929803848267,"[8, 50, 10, False]",0.0,10.030727863311768,0.0,"{""acceptCount"": ""585"", ""allowBackslash"": ""TRUE"", ""compression"": ""off"", ""compressionMinSize"": ""6113"", ""connectionTimeout"": ""473126"", ""connectionUploadTimeout"": ""362637"", ""disableUploadTimeout"": ""TRUE"", ""executorTerminationTimeoutMillis"": ""200534"", ""keepAliveTimeout"": ""486164"", ""maxConnections"": ""19344"", ""maxHeaderCount"": ""256"", ""maxHttpHeaderSize"": ""14531"", ""maxHttpRequestHeaderSize"": ""32380"", ""maxHttpResponseHeaderSize"": ""34847"", ""maxKeepAliveRequests"": ""4837"", ""maxParameterCount"": ""51384"", ""maxSwallowSize"": ""19497088"", ""maxThreads"": ""61"", ""minSpareThreads"": ""987"", ""processorCache"": ""342"", ""tcpNoDelay"": ""FALSE"", ""threadPriority"": ""6"", ""threadsMaxIdleTime"": ""405272"", ""useAsyncIO"": ""FALSE"", ""useVirtualThreads"": ""TRUE""}"
tomcat,lf05_hard07,"lambda_f=0.5, hard=0.7",3304,RQ1&2parrel,164,2315.08,28.46,2315.08,10.058913230895996,"[8, 50, 10, False]",0.0,10.058789730072021,0.0,"{""acceptCount"": ""567"", ""allowBackslash"": ""FALSE"", ""compression"": ""off"", ""compressionMinSize"": ""1125"", ""connectionTimeout"": ""47033"", ""connectionUploadTimeout"": ""284666"", ""disableUploadTimeout"": ""FALSE"", ""executorTerminationTimeoutMillis"": ""332848"", ""keepAliveTimeout"": ""358860"", ""maxConnections"": ""4871"", ""maxHeaderCount"": ""911"", ""maxHttpHeaderSize"": ""9625"", ""maxHttpRequestHeaderSize"": ""44677"", ""maxHttpResponseHeaderSize"": ""26439"", ""maxKeepAliveRequests"": ""957"", ""maxParameterCount"": ""71179"", ""maxSwallowSize"": ""1313503"", ""maxThreads"": ""380"", ""minSpareThreads"": ""770"", ""processorCache"": ""277"", ""tcpNoDelay"": ""FALSE"", ""threadPriority"": ""1"", ""threadsMaxIdleTime"": ""216107"", ""useAsyncIO"": ""TRUE"", ""useVirtualThreads"": ""FALSE""}"
tomcat,lf05_hard07,"lambda_f=0.5, hard=0.7",3304,RQ1&2parrel,165,2187.35,53.1,2187.35,10.045252799987793,"[8, 50, 10, False]",0.0,10.045165300369263,0.0,"{""acceptCount"": ""7"", ""allowBackslash"": ""TRUE"", ""compression"": ""force"", ""compressionMinSize"": ""4922"", ""connectionTimeout"": ""239979"", ""connectionUploadTimeout"": ""259072"", ""disableUploadTimeout"": ""FALSE"", ""executorTerminationTimeoutMillis"": ""167394"", ""keepAliveTimeout"": ""503882"", ""maxConnections"": ""663"", ""maxHeaderCount"": ""282"", ""maxHttpHeaderSize"": ""13160"", ""maxHttpRequestHeaderSize"": ""55711"", ""maxHttpResponseHeaderSize"": ""15164"", ""maxKeepAliveRequests"": ""1686"", ""maxParameterCount"": ""72616"", ""maxSwallowSize"": ""8518339"", ""maxThreads"": ""323"", ""minSpareThreads"": ""633"", ""processorCache"": ""201"", ""tcpNoDelay"": ""FALSE"", ""threadPriority"": ""1"", ""threadsMaxIdleTime"": ""327959"", ""useAsyncIO"": ""FALSE"", ""useVirtualThreads"": ""TRUE""}"
tomcat,lf05_hard07,"lambda_f=0.5, hard=0.7",3304,RQ1&2parrel,166,2235.04,22.76,2235.04,10.057101726531982,"[8, 50, 10, False]",0.0,10.057014465332031,0.0,"{""acceptCount"": ""982"", ""allowBackslash"": ""TRUE"", ""compression"": ""on"", ""compressionMinSize"": ""7340"", ""connectionTimeout"": ""415157"", ""connectionUploadTimeout"": ""34687"", ""disableUploadTimeout"": ""FALSE"", ""executorTerminationTimeoutMillis"": ""345222"", ""keepAliveTimeout"": ""292207"", ""maxConnections"": ""17817"", ""maxHeaderCount"": ""696"", ""maxHttpHeaderSize"": ""10124"", ""maxHttpRequestHeaderSize"": ""25384"", ""maxHttpResponseHeaderSize"": ""61334"", ""maxKeepAliveRequests"": ""1778"", ""maxParameterCount"": ""90859"", ""maxSwallowSize"": ""6793392"", ""maxThreads"": ""382"", ""minSpareThreads"": ""925"", ""processorCache"": ""147"", ""tcpNoDelay"": ""TRUE"", ""threadPriority"": ""10"", ""threadsMaxIdleTime"": ""574887"", ""useAsyncIO"": ""TRUE"", ""useVirtualThreads"": ""TRUE""}"
tomcat,lf05_hard07,"lambda_f=0.5, hard=0.7",3304,RQ1&2parrel,167,2506.54,20.08,2506.54,10.027419567108154,"[8, 50, 10, False]",0.0,10.02733325958252,0.0,"{""acceptCount"": ""145"", ""allowBackslash"": ""TRUE"", ""compression"": ""off"", ""compressionMinSize"": ""7887"", ""connectionTimeout"": ""315095"", ""connectionUploadTimeout"": ""3369"", ""disableUploadTimeout"": ""FALSE"", ""executorTerminationTimeoutMillis"": ""133775"", ""keepAliveTimeout"": ""345904"", ""maxConnections"": ""14122"", ""maxHeaderCount"": ""648"", ""maxHttpHeaderSize"": ""22723"", ""maxHttpRequestHeaderSize"": ""33711"", ""maxHttpResponseHeaderSize"": ""28436"", ""maxKeepAliveRequests"": ""1147"", ""maxParameterCount"": ""69138"", ""maxSwallowSize"": ""8037220"", ""maxThreads"": ""356"", ""minSpareThreads"": ""549"", ""processorCache"": ""110"", ""tcpNoDelay"": ""FALSE"", ""threadPriority"": ""5"", ""threadsMaxIdleTime"": ""233098"", ""useAsyncIO"": ""FALSE"", ""useVirtualThreads"": ""TRUE""}"
tomcat,lf05_hard07,"lambda_f=0.5, hard=0.7",3304,RQ1&2parrel,168,2322.21,21.99,2322.21,10.028159856796265,"[8, 50, 10, False]",0.0,10.028071403503418,0.0,"{""acceptCount"": ""98"", ""allowBackslash"": ""FALSE"", ""compression"": ""force"", ""compressionMinSize"": ""202"", ""connectionTimeout"": ""571294"", ""connectionUploadTimeout"": ""164892"", ""disableUploadTimeout"": ""FALSE"", ""executorTerminationTimeoutMillis"": ""316047"", ""keepAliveTimeout"": ""407948"", ""maxConnections"": ""9763"", ""maxHeaderCount"": ""73"", ""maxHttpHeaderSize"": ""37526"", ""maxHttpRequestHeaderSize"": ""60885"", ""maxHttpResponseHeaderSize"": ""63812"", ""maxKeepAliveRequests"": ""174"", ""maxParameterCount"": ""91459"", ""maxSwallowSize"": ""19862584"", ""maxThreads"": ""126"", ""minSpareThreads"": ""807"", ""processorCache"": ""17"", ""tcpNoDelay"": ""FALSE"", ""threadPriority"": ""1"", ""threadsMaxIdleTime"": ""53533"", ""useAsyncIO"": ""FALSE"", ""useVirtualThreads"": ""TRUE""}"
tomcat,lf05_hard07,"lambda_f=0.5, hard=0.7",3304,RQ1&2parrel,169,2299.37,22.08,2299.37,10.022842168807983,"[8, 50, 10, False]",0.0,10.022760391235352,0.0,"{""acceptCount"": ""430"", ""allowBackslash"": ""FALSE"", ""compression"": ""force"", ""compressionMinSize"": ""7179"", ""connectionTimeout"": ""570170"", ""connectionUploadTimeout"": ""562479"", ""disableUploadTimeout"": ""FALSE"", ""executorTerminationTimeoutMillis"": ""588075"", ""keepAliveTimeout"": ""134228"", ""maxConnections"": ""18339"", ""maxHeaderCount"": ""775"", ""maxHttpHeaderSize"": ""28642"", ""maxHttpRequestHeaderSize"": ""38798"", ""maxHttpResponseHeaderSize"": ""55569"", ""maxKeepAliveRequests"": ""4475"", ""maxParameterCount"": ""88542"", ""maxSwallowSize"": ""9497369"", ""maxThreads"": ""303"", ""minSpareThreads"": ""936"", ""processorCache"": ""312"", ""tcpNoDelay"": ""TRUE"", ""threadPriority"": ""4"", ""threadsMaxIdleTime"": ""566522"", ""useAsyncIO"": ""TRUE"", ""useVirtualThreads"": ""TRUE""}"
tomcat,lf05_hard07,"lambda_f=0.5, hard=0.7",3304,RQ1&2parrel,170,2196.5,23.28,2196.5,10.030916213989258,"[8, 50, 10, False]",0.0,10.030821084976196,0.0,"{""acceptCount"": ""29"", ""allowBackslash"": ""TRUE"", ""compression"": ""on"", ""compressionMinSize"": ""7441"", ""connectionTimeout"": ""331716"", ""connectionUploadTimeout"": ""427896"", ""disableUploadTimeout"": ""FALSE"", ""executorTerminationTimeoutMillis"": ""516585"", ""keepAliveTimeout"": ""140602"", ""maxConnections"": ""18262"", ""maxHeaderCount"": ""706"", ""maxHttpHeaderSize"": ""34128"", ""maxHttpRequestHeaderSize"": ""48082"", ""maxHttpResponseHeaderSize"": ""59474"", ""maxKeepAliveRequests"": ""2284"", ""maxParameterCount"": ""35102"", ""maxSwallowSize"": ""3460558"", ""maxThreads"": ""59"", ""minSpareThreads"": ""583"", ""processorCache"": ""196"", ""tcpNoDelay"": ""TRUE"", ""threadPriority"": ""7"", ""threadsMaxIdleTime"": ""183983"", ""useAsyncIO"": ""TRUE"", ""useVirtualThreads"": ""TRUE""}"
tomcat,lf05_hard07,"lambda_f=0.5, hard=0.7",3304,RQ1&2parrel,171,2464.9,22.82,2464.9,10.09173583984375,"[8, 50, 10, False]",0.0,10.091645956039429,0.0,"{""acceptCount"": ""241"", ""allowBackslash"": ""TRUE"", ""compression"": ""on"", ""compressionMinSize"": ""2598"", ""connectionTimeout"": ""512561"", ""connectionUploadTimeout"": ""501441"", ""disableUploadTimeout"": ""TRUE"", ""executorTerminationTimeoutMillis"": ""150955"", ""keepAliveTimeout"": ""235897"", ""maxConnections"": ""13593"", ""maxHeaderCount"": ""641"", ""maxHttpHeaderSize"": ""33574"", ""maxHttpRequestHeaderSize"": ""49460"", ""maxHttpResponseHeaderSize"": ""34926"", ""maxKeepAliveRequests"": ""73"", ""maxParameterCount"": ""96570"", ""maxSwallowSize"": ""20344288"", ""maxThreads"": ""80"", ""minSpareThreads"": ""77"", ""processorCache"": ""51"", ""tcpNoDelay"": ""TRUE"", ""threadPriority"": ""3"", ""threadsMaxIdleTime"": ""183582"", ""useAsyncIO"": ""TRUE"", ""useVirtualThreads"": ""FALSE""}"
tomcat,lf05_hard07,"lambda_f=0.5, hard=0.7",3304,RQ1&2parrel,172,2365.41,21.87,2365.41,10.049244165420532,"[8, 50, 10, False]",0.0,10.049156427383423,0.0,"{""acceptCount"": ""879"", ""allowBackslash"": ""FALSE"", ""compression"": ""force"", ""compressionMinSize"": ""1844"", ""connectionTimeout"": ""138762"", ""connectionUploadTimeout"": ""49051"", ""disableUploadTimeout"": ""TRUE"", ""executorTerminationTimeoutMillis"": ""516123"", ""keepAliveTimeout"": ""248042"", ""maxConnections"": ""11355"", ""maxHeaderCount"": ""548"", ""maxHttpHeaderSize"": ""14510"", ""maxHttpRequestHeaderSize"": ""25752"", ""maxHttpResponseHeaderSize"": ""15944"", ""maxKeepAliveRequests"": ""1570"", ""maxParameterCount"": ""50063"", ""maxSwallowSize"": ""5000516"", ""maxThreads"": ""226"", ""minSpareThreads"": ""605"", ""processorCache"": ""302"", ""tcpNoDelay"": ""FALSE"", ""threadPriority"": ""9"", ""threadsMaxIdleTime"": ""244499"", ""useAsyncIO"": ""TRUE"", ""useVirtualThreads"": ""TRUE""}"
tomcat,lf05_hard07,"lambda_f=0.5, hard=0.7",3304,RQ1&2parrel,173,2326.92,24.63,2326.92,10.020090341567993,"[8, 50, 10, False]",0.0,10.019998788833618,0.0,"{""acceptCount"": ""613"", ""allowBackslash"": ""FALSE"", ""compression"": ""force"", ""compressionMinSize"": ""9490"", ""connectionTimeout"": ""295732"", ""connectionUploadTimeout"": ""427606"", ""disableUploadTimeout"": ""FALSE"", ""executorTerminationTimeoutMillis"": ""119853"", ""keepAliveTimeout"": ""77095"", ""maxConnections"": ""6021"", ""maxHeaderCount"": ""631"", ""maxHttpHeaderSize"": ""4707"", ""maxHttpRequestHeaderSize"": ""22988"", ""maxHttpResponseHeaderSize"": ""31247"", ""maxKeepAliveRequests"": ""2264"", ""maxParameterCount"": ""20427"", ""maxSwallowSize"": ""18541720"", ""maxThreads"": ""226"", ""minSpareThreads"": ""226"", ""processorCache"": ""180"", ""tcpNoDelay"": ""TRUE"", ""threadPriority"": ""5"", ""threadsMaxIdleTime"": ""83134"", ""useAsyncIO"": ""TRUE"", ""useVirtualThreads"": ""FALSE""}"
tomcat,lf05_hard07,"lambda_f=0.5, hard=0.7",3304,RQ1&2parrel,174,2284.06,27.65,2284.06,10.028795957565308,"[8, 50, 10, False]",0.0,10.028704643249512,0.0,"{""acceptCount"": ""838"", ""allowBackslash"": ""FALSE"", ""compression"": ""force"", ""compressionMinSize"": ""9500"", ""connectionTimeout"": ""68124"", ""connectionUploadTimeout"": ""352306"", ""disableUploadTimeout"": ""TRUE"", ""executorTerminationTimeoutMillis"": ""211284"", ""keepAliveTimeout"": ""186941"", ""maxConnections"": ""14221"", ""maxHeaderCount"": ""139"", ""maxHttpHeaderSize"": ""11752"", ""maxHttpRequestHeaderSize"": ""41331"", ""maxHttpResponseHeaderSize"": ""56478"", ""maxKeepAliveRequests"": ""1002"", ""maxParameterCount"": ""74213"", ""maxSwallowSize"": ""20459200"", ""maxThreads"": ""251"", ""minSpareThreads"": ""930"", ""processorCache"": ""324"", ""tcpNoDelay"": ""TRUE"", ""threadPriority"": ""7"", ""threadsMaxIdleTime"": ""279751"", ""useAsyncIO"": ""FALSE"", ""useVirtualThreads"": ""FALSE""}"
tomcat,lf05_hard07,"lambda_f=0.5, hard=0.7",3304,RQ1&2parrel,175,2307.79,27.3,2307.79,10.065024375915527,"[8, 50, 10, False]",0.0,10.064919471740723,0.0,"{""acceptCount"": ""735"", ""allowBackslash"": ""FALSE"", ""compression"": ""force"", ""compressionMinSize"": ""4949"", ""connectionTimeout"": ""311029"", ""connectionUploadTimeout"": ""445537"", ""disableUploadTimeout"": ""TRUE"", ""executorTerminationTimeoutMillis"": ""319777"", ""keepAliveTimeout"": ""55095"", ""maxConnections"": ""9389"", ""maxHeaderCount"": ""822"", ""maxHttpHeaderSize"": ""8134"", ""maxHttpRequestHeaderSize"": ""57977"", ""maxHttpResponseHeaderSize"": ""27347"", ""maxKeepAliveRequests"": ""2236"", ""maxParameterCount"": ""248"", ""maxSwallowSize"": ""6726592"", ""maxThreads"": ""221"", ""minSpareThreads"": ""571"", ""processorCache"": ""247"", ""tcpNoDelay"": ""TRUE"", ""threadPriority"": ""10"", ""threadsMaxIdleTime"": ""437493"", ""useAsyncIO"": ""FALSE"", ""useVirtualThreads"": ""FALSE""}"
tomcat,lf05_hard07,"lambda_f=0.5, hard=0.7",3304,RQ1&2parrel,176,2398.53,28.0,2398.53,10.020020008087158,"[8, 50, 10, False]",0.0,10.01991057395935,0.0,"{""acceptCount"": ""882"", ""allowBackslash"": ""FALSE"", ""compression"": ""off"", ""compressionMinSize"": ""9331"", ""connectionTimeout"": ""312239"", ""connectionUploadTimeout"": ""311730"", ""disableUploadTimeout"": ""FALSE"", ""executorTerminationTimeoutMillis"": ""421274"", ""keepAliveTimeout"": ""46892"", ""maxConnections"": ""10411"", ""maxHeaderCount"": ""637"", ""maxHttpHeaderSize"": ""25403"", ""maxHttpRequestHeaderSize"": ""46549"", ""maxHttpResponseHeaderSize"": ""51640"", ""maxKeepAliveRequests"": ""183"", ""maxParameterCount"": ""6635"", ""maxSwallowSize"": ""947958"", ""maxThreads"": ""278"", ""minSpareThreads"": ""845"", ""processorCache"": ""113"", ""tcpNoDelay"": ""TRUE"", ""threadPriority"": ""2"", ""threadsMaxIdleTime"": ""354854"", ""useAsyncIO"": ""TRUE"", ""useVirtualThreads"": ""FALSE""}"
tomcat,lf05_hard07,"lambda_f=0.5, hard=0.7",3304,RQ1&2parrel,177,2349.47,25.61,2349.47,10.090847253799438,"[8, 50, 10, False]",0.0,10.090759515762329,0.0,"{""acceptCount"": ""729"", ""allowBackslash"": ""FALSE"", ""compression"": ""off"", ""compressionMinSize"": ""9184"", ""connectionTimeout"": ""312239"", ""connectionUploadTimeout"": ""314273"", ""disableUploadTimeout"": ""FALSE"", ""executorTerminationTimeoutMillis"": ""93262"", ""keepAliveTimeout"": ""46892"", ""maxConnections"": ""9735"", ""maxHeaderCount"": ""646"", ""maxHttpHeaderSize"": ""25273"", ""maxHttpRequestHeaderSize"": ""47364"", ""maxHttpResponseHeaderSize"": ""51640"", ""maxKeepAliveRequests"": ""183"", ""maxParameterCount"": ""2366"", ""maxSwallowSize"": ""947958"", ""maxThreads"": ""278"", ""minSpareThreads"": ""848"", ""processorCache"": ""113"", ""tcpNoDelay"": ""TRUE"", ""threadPriority"": ""2"", ""threadsMaxIdleTime"": ""368422"", ""useAsyncIO"": ""TRUE"", ""useVirtualThreads"": ""FALSE""}"
tomcat,lf05_hard07,"lambda_f=0.5, hard=0.7",3304,RQ1&2parrel,178,2215.29,24.87,2215.29,10.03085708618164,"[8, 50, 10, False]",0.0,10.030765771865845,0.0,"{""acceptCount"": ""711"", ""allowBackslash"": ""TRUE"", ""compression"": ""off"", ""compressionMinSize"": ""1047"", ""connectionTimeout"": ""130320"", ""connectionUploadTimeout"": ""333652"", ""disableUploadTimeout"": ""FALSE"", ""executorTerminationTimeoutMillis"": ""91884"", ""keepAliveTimeout"": ""158670"", ""maxConnections"": ""3186"", ""maxHeaderCount"": ""132"", ""maxHttpHeaderSize"": ""2559"", ""maxHttpRequestHeaderSize"": ""27425"", ""maxHttpResponseHeaderSize"": ""17245"", ""maxKeepAliveRequests"": ""4005"", ""maxParameterCount"": ""95939"", ""maxSwallowSize"": ""339448"", ""maxThreads"": ""22"", ""minSpareThreads"": ""797"", ""processorCache"": ""24"", ""tcpNoDelay"": ""FALSE"", ""threadPriority"": ""5"", ""threadsMaxIdleTime"": ""11271"", ""useAsyncIO"": ""TRUE"", ""useVirtualThreads"": ""FALSE""}"
tomcat,lf05_hard07,"lambda_f=0.5, hard=0.7",3304,RQ1&2parrel,179,2306.91,26.28,2306.91,10.095693111419678,"[8, 50, 10, False]",0.0,10.09561038017273,0.0,"{""acceptCount"": ""742"", ""allowBackslash"": ""TRUE"", ""compression"": ""off"", ""compressionMinSize"": ""5846"", ""connectionTimeout"": ""312600"", ""connectionUploadTimeout"": ""374867"", ""disableUploadTimeout"": ""FALSE"", ""executorTerminationTimeoutMillis"": ""509042"", ""keepAliveTimeout"": ""372579"", ""maxConnections"": ""9231"", ""maxHeaderCount"": ""254"", ""maxHttpHeaderSize"": ""5439"", ""maxHttpRequestHeaderSize"": ""63636"", ""maxHttpResponseHeaderSize"": ""14910"", ""maxKeepAliveRequests"": ""4434"", ""maxParameterCount"": ""90770"", ""maxSwallowSize"": ""9883416"", ""maxThreads"": ""220"", ""minSpareThreads"": ""399"", ""processorCache"": ""158"", ""tcpNoDelay"": ""TRUE"", ""threadPriority"": ""2"", ""threadsMaxIdleTime"": ""347782"", ""useAsyncIO"": ""TRUE"", ""useVirtualThreads"": ""FALSE""}"
tomcat,lf05_hard07,"lambda_f=0.5, hard=0.7",3304,RQ1&2parrel,180,2283.29,22.34,2283.29,10.057166337966919,"[8, 50, 10, False]",0.0,10.057079076766968,0.0,"{""acceptCount"": ""151"", ""allowBackslash"": ""TRUE"", ""compression"": ""force"", ""compressionMinSize"": ""6162"", ""connectionTimeout"": ""55943"", ""connectionUploadTimeout"": ""364229"", ""disableUploadTimeout"": ""FALSE"", ""executorTerminationTimeoutMillis"": ""62855"", ""keepAliveTimeout"": ""342852"", ""maxConnections"": ""12063"", ""maxHeaderCount"": ""457"", ""maxHttpHeaderSize"": ""3424"", ""maxHttpRequestHeaderSize"": ""15607"", ""maxHttpResponseHeaderSize"": ""62505"", ""maxKeepAliveRequests"": ""571"", ""maxParameterCount"": ""58189"", ""maxSwallowSize"": ""5040698"", ""maxThreads"": ""240"", ""minSpareThreads"": ""6"", ""processorCache"": ""69"", ""tcpNoDelay"": ""FALSE"", ""threadPriority"": ""5"", ""threadsMaxIdleTime"": ""215271"", ""useAsyncIO"": ""FALSE"", ""useVirtualThreads"": ""TRUE""}"
tomcat,lf05_hard07,"lambda_f=0.5, hard=0.7",3304,RQ1&2parrel,181,2180.27,23.06,2180.27,10.021708488464355,"[8, 50, 10, False]",0.0,10.021611213684082,0.0,"{""acceptCount"": ""425"", ""allowBackslash"": ""FALSE"", ""compression"": ""on"", ""compressionMinSize"": ""689"", ""connectionTimeout"": ""224818"", ""connectionUploadTimeout"": ""346601"", ""disableUploadTimeout"": ""TRUE"", ""executorTerminationTimeoutMillis"": ""264083"", ""keepAliveTimeout"": ""331249"", ""maxConnections"": ""7251"", ""maxHeaderCount"": ""16"", ""maxHttpHeaderSize"": ""1484"", ""maxHttpRequestHeaderSize"": ""7358"", ""maxHttpResponseHeaderSize"": ""47822"", ""maxKeepAliveRequests"": ""2575"", ""maxParameterCount"": ""55280"", ""maxSwallowSize"": ""6223961"", ""maxThreads"": ""220"", ""minSpareThreads"": ""398"", ""processorCache"": ""291"", ""tcpNoDelay"": ""FALSE"", ""threadPriority"": ""2"", ""threadsMaxIdleTime"": ""562062"", ""useAsyncIO"": ""TRUE"", ""useVirtualThreads"": ""TRUE""}"
tomcat,lf05_hard07,"lambda_f=0.5, hard=0.7",3304,RQ1&2parrel,182,2314.97,22.14,2314.97,10.020206689834595,"[8, 50, 10, False]",0.0,10.020110130310059,0.0,"{""acceptCount"": ""724"", ""allowBackslash"": ""FALSE"", ""compression"": ""off"", ""compressionMinSize"": ""9184"", ""connectionTimeout"": ""312887"", ""connectionUploadTimeout"": ""296997"", ""disableUploadTimeout"": ""FALSE"", ""executorTerminationTimeoutMillis"": ""405556"", ""keepAliveTimeout"": ""46892"", ""maxConnections"": ""9735"", ""maxHeaderCount"": ""640"", ""maxHttpHeaderSize"": ""25273"", ""maxHttpRequestHeaderSize"": ""46728"", ""maxHttpResponseHeaderSize"": ""52602"", ""maxKeepAliveRequests"": ""2423"", ""maxParameterCount"": ""7063"", ""maxSwallowSize"": ""947958"", ""maxThreads"": ""274"", ""minSpareThreads"": ""849"", ""processorCache"": ""113"", ""tcpNoDelay"": ""TRUE"", ""threadPriority"": ""4"", ""threadsMaxIdleTime"": ""357272"", ""useAsyncIO"": ""FALSE"", ""useVirtualThreads"": ""TRUE""}"
tomcat,lf05_hard07,"lambda_f=0.5, hard=0.7",3304,RQ1&2parrel,183,2164.83,35.46,2164.83,10.041532754898071,"[8, 50, 10, False]",0.0,10.041410207748413,0.0,"{""acceptCount"": ""301"", ""allowBackslash"": ""TRUE"", ""compression"": ""force"", ""compressionMinSize"": ""3176"", ""connectionTimeout"": ""65092"", ""connectionUploadTimeout"": ""282698"", ""disableUploadTimeout"": ""FALSE"", ""executorTerminationTimeoutMillis"": ""340892"", ""keepAliveTimeout"": ""261465"", ""maxConnections"": ""7635"", ""maxHeaderCount"": ""429"", ""maxHttpHeaderSize"": ""6361"", ""maxHttpRequestHeaderSize"": ""31681"", ""maxHttpResponseHeaderSize"": ""24080"", ""maxKeepAliveRequests"": ""4930"", ""maxParameterCount"": ""66503"", ""maxSwallowSize"": ""20952496"", ""maxThreads"": ""127"", ""minSpareThreads"": ""506"", ""processorCache"": ""267"", ""tcpNoDelay"": ""TRUE"", ""threadPriority"": ""3"", ""threadsMaxIdleTime"": ""224425"", ""useAsyncIO"": ""TRUE"", ""useVirtualThreads"": ""FALSE""}"
tomcat,lf05_hard07,"lambda_f=0.5, hard=0.7",3304,RQ1&2parrel,184,2312.92,21.63,2312.92,10.026791095733643,"[8, 50, 10, False]",0.0,10.026702404022217,0.0,"{""acceptCount"": ""362"", ""allowBackslash"": ""TRUE"", ""compression"": ""force"", ""compressionMinSize"": ""9712"", ""connectionTimeout"": ""358010"", ""connectionUploadTimeout"": ""150537"", ""disableUploadTimeout"": ""TRUE"", ""executorTerminationTimeoutMillis"": ""98053"", ""keepAliveTimeout"": ""268188"", ""maxConnections"": ""18425"", ""maxHeaderCount"": ""259"", ""maxHttpHeaderSize"": ""18228"", ""maxHttpRequestHeaderSize"": ""42101"", ""maxHttpResponseHeaderSize"": ""32516"", ""maxKeepAliveRequests"": ""890"", ""maxParameterCount"": ""61778"", ""maxSwallowSize"": ""16480175"", ""maxThreads"": ""374"", ""minSpareThreads"": ""313"", ""processorCache"": ""4"", ""tcpNoDelay"": ""FALSE"", ""threadPriority"": ""9"", ""threadsMaxIdleTime"": ""158252"", ""useAsyncIO"": ""FALSE"", ""useVirtualThreads"": ""TRUE""}"
tomcat,lf05_hard07,"lambda_f=0.5, hard=0.7",3304,RQ1&2parrel,185,2502.74,25.97,2502.74,10.034477472305298,"[8, 50, 10, False]",0.0,10.034390926361084,0.0,"{""acceptCount"": ""242"", ""allowBackslash"": ""TRUE"", ""compression"": ""force"", ""compressionMinSize"": ""656"", ""connectionTimeout"": ""524056"", ""connectionUploadTimeout"": ""451206"", ""disableUploadTimeout"": ""FALSE"", ""executorTerminationTimeoutMillis"": ""595976"", ""keepAliveTimeout"": ""552889"", ""maxConnections"": ""8535"", ""maxHeaderCount"": ""861"", ""maxHttpHeaderSize"": ""36696"", ""maxHttpRequestHeaderSize"": ""57814"", ""maxHttpResponseHeaderSize"": ""56798"", ""maxKeepAliveRequests"": ""1571"", ""maxParameterCount"": ""55554"", ""maxSwallowSize"": ""17504584"", ""maxThreads"": ""185"", ""minSpareThreads"": ""949"", ""processorCache"": ""46"", ""tcpNoDelay"": ""TRUE"", ""threadPriority"": ""6"", ""threadsMaxIdleTime"": ""175753"", ""useAsyncIO"": ""TRUE"", ""useVirtualThreads"": ""FALSE""}"
tomcat,lf05_hard07,"lambda_f=0.5, hard=0.7",3304,RQ1&2parrel,186,2391.82,26.77,2391.82,10.032209634780884,"[8, 50, 10, False]",0.0,10.032127618789673,0.0,"{""acceptCount"": ""647"", ""allowBackslash"": ""FALSE"", ""compression"": ""off"", ""compressionMinSize"": ""9184"", ""connectionTimeout"": ""312239"", ""connectionUploadTimeout"": ""311730"", ""disableUploadTimeout"": ""FALSE"", ""executorTerminationTimeoutMillis"": ""93262"", ""keepAliveTimeout"": ""54204"", ""maxConnections"": ""9735"", ""maxHeaderCount"": ""637"", ""maxHttpHeaderSize"": ""25273"", ""maxHttpRequestHeaderSize"": ""47364"", ""maxHttpResponseHeaderSize"": ""51640"", ""maxKeepAliveRequests"": ""183"", ""maxParameterCount"": ""2366"", ""maxSwallowSize"": ""947958"", ""maxThreads"": ""278"", ""minSpareThreads"": ""849"", ""processorCache"": ""113"", ""tcpNoDelay"": ""TRUE"", ""threadPriority"": ""2"", ""threadsMaxIdleTime"": ""357272"", ""useAsyncIO"": ""TRUE"", ""useVirtualThreads"": ""FALSE""}"
tomcat,lf05_hard07,"lambda_f=0.5, hard=0.7",3304,RQ1&2parrel,187,2147.22,23.86,2147.22,10.110081672668457,"[8, 50, 10, False]",0.0,10.10998821258545,0.0,"{""acceptCount"": ""748"", ""allowBackslash"": ""TRUE"", ""compression"": ""force"", ""compressionMinSize"": ""5721"", ""connectionTimeout"": ""58088"", ""connectionUploadTimeout"": ""401336"", ""disableUploadTimeout"": ""FALSE"", ""executorTerminationTimeoutMillis"": ""485234"", ""keepAliveTimeout"": ""6060"", ""maxConnections"": ""19456"", ""maxHeaderCount"": ""27"", ""maxHttpHeaderSize"": ""28923"", ""maxHttpRequestHeaderSize"": ""65201"", ""maxHttpResponseHeaderSize"": ""37180"", ""maxKeepAliveRequests"": ""56"", ""maxParameterCount"": ""37912"", ""maxSwallowSize"": ""3234408"", ""maxThreads"": ""315"", ""minSpareThreads"": ""295"", ""processorCache"": ""31"", ""tcpNoDelay"": ""TRUE"", ""threadPriority"": ""5"", ""threadsMaxIdleTime"": ""422294"", ""useAsyncIO"": ""TRUE"", ""useVirtualThreads"": ""TRUE""}"
tomcat,lf05_hard07,"lambda_f=0.5, hard=0.7",3304,RQ1&2parrel,188,2373.32,24.55,2373.32,10.017027378082275,"[8, 50, 10, False]",0.0,10.0169358253479,0.0,"{""acceptCount"": ""675"", ""allowBackslash"": ""TRUE"", ""compression"": ""off"", ""compressionMinSize"": ""5985"", ""connectionTimeout"": ""9842"", ""connectionUploadTimeout"": ""258922"", ""disableUploadTimeout"": ""TRUE"", ""executorTerminationTimeoutMillis"": ""489844"", ""keepAliveTimeout"": ""402397"", ""maxConnections"": ""13571"", ""maxHeaderCount"": ""652"", ""maxHttpHeaderSize"": ""34247"", ""maxHttpRequestHeaderSize"": ""55831"", ""maxHttpResponseHeaderSize"": ""59921"", ""maxKeepAliveRequests"": ""433"", ""maxParameterCount"": ""89938"", ""maxSwallowSize"": ""994529"", ""maxThreads"": ""305"", ""minSpareThreads"": ""796"", ""processorCache"": ""256"", ""tcpNoDelay"": ""TRUE"", ""threadPriority"": ""5"", ""threadsMaxIdleTime"": ""292140"", ""useAsyncIO"": ""FALSE"", ""useVirtualThreads"": ""FALSE""}"
tomcat,lf05_hard07,"lambda_f=0.5, hard=0.7",3304,RQ1&2parrel,189,2152.66,25.3,2152.66,10.030261754989624,"[8, 50, 10, False]",0.0,10.030148983001709,0.0,"{""acceptCount"": ""135"", ""allowBackslash"": ""TRUE"", ""compression"": ""on"", ""compressionMinSize"": ""506"", ""connectionTimeout"": ""76435"", ""connectionUploadTimeout"": ""356480"", ""disableUploadTimeout"": ""FALSE"", ""executorTerminationTimeoutMillis"": ""152622"", ""keepAliveTimeout"": ""201542"", ""maxConnections"": ""10489"", ""maxHeaderCount"": ""776"", ""maxHttpHeaderSize"": ""2614"", ""maxHttpRequestHeaderSize"": ""1787"", ""maxHttpResponseHeaderSize"": ""19107"", ""maxKeepAliveRequests"": ""1314"", ""maxParameterCount"": ""5631"", ""maxSwallowSize"": ""7395167"", ""maxThreads"": ""244"", ""minSpareThreads"": ""517"", ""processorCache"": ""48"", ""tcpNoDelay"": ""TRUE"", ""threadPriority"": ""5"", ""threadsMaxIdleTime"": ""476672"", ""useAsyncIO"": ""FALSE"", ""useVirtualThreads"": ""TRUE""}"
tomcat,lf05_hard07,"lambda_f=0.5, hard=0.7",3304,RQ1&2parrel,190,2281.57,22.53,2281.57,10.037179470062256,"[8, 50, 10, False]",0.0,10.037088632583618,0.0,"{""acceptCount"": ""47"", ""allowBackslash"": ""FALSE"", ""compression"": ""on"", ""compressionMinSize"": ""9019"", ""connectionTimeout"": ""589222"", ""connectionUploadTimeout"": ""588638"", ""disableUploadTimeout"": ""FALSE"", ""executorTerminationTimeoutMillis"": ""303231"", ""keepAliveTimeout"": ""511788"", ""maxConnections"": ""17329"", ""maxHeaderCount"": ""219"", ""maxHttpHeaderSize"": ""18432"", ""maxHttpRequestHeaderSize"": ""19280"", ""maxHttpResponseHeaderSize"": ""33625"", ""maxKeepAliveRequests"": ""2593"", ""maxParameterCount"": ""42383"", ""maxSwallowSize"": ""12813349"", ""maxThreads"": ""110"", ""minSpareThreads"": ""793"", ""processorCache"": ""193"", ""tcpNoDelay"": ""FALSE"", ""threadPriority"": ""3"", ""threadsMaxIdleTime"": ""285644"", ""useAsyncIO"": ""FALSE"", ""useVirtualThreads"": ""TRUE""}"
tomcat,lf05_hard07,"lambda_f=0.5, hard=0.7",3304,RQ1&2parrel,191,2431.15,24.68,2431.15,10.017272472381592,"[8, 50, 10, False]",0.0,10.017183542251587,0.0,"{""acceptCount"": ""827"", ""allowBackslash"": ""TRUE"", ""compression"": ""on"", ""compressionMinSize"": ""6977"", ""connectionTimeout"": ""197962"", ""connectionUploadTimeout"": ""517947"", ""disableUploadTimeout"": ""FALSE"", ""executorTerminationTimeoutMillis"": ""215818"", ""keepAliveTimeout"": ""402405"", ""maxConnections"": ""9286"", ""maxHeaderCount"": ""393"", ""maxHttpHeaderSize"": ""14718"", ""maxHttpRequestHeaderSize"": ""48079"", ""maxHttpResponseHeaderSize"": ""51082"", ""maxKeepAliveRequests"": ""3707"", ""maxParameterCount"": ""31700"", ""maxSwallowSize"": ""2656804"", ""maxThreads"": ""33"", ""minSpareThreads"": ""366"", ""processorCache"": ""360"", ""tcpNoDelay"": ""TRUE"", ""threadPriority"": ""10"", ""threadsMaxIdleTime"": ""52685"", ""useAsyncIO"": ""TRUE"", ""useVirtualThreads"": ""FALSE""}"
tomcat,lf05_hard07,"lambda_f=0.5, hard=0.7",3304,RQ1&2parrel,192,2304.08,21.73,2304.08,10.030614614486694,"[8, 50, 10, False]",0.0,10.030524015426636,0.0,"{""acceptCount"": ""228"", ""allowBackslash"": ""FALSE"", ""compression"": ""off"", ""compressionMinSize"": ""9243"", ""connectionTimeout"": ""188219"", ""connectionUploadTimeout"": ""310384"", ""disableUploadTimeout"": ""TRUE"", ""executorTerminationTimeoutMillis"": ""307657"", ""keepAliveTimeout"": ""281872"", ""maxConnections"": ""11579"", ""maxHeaderCount"": ""400"", ""maxHttpHeaderSize"": ""27561"", ""maxHttpRequestHeaderSize"": ""64822"", ""maxHttpResponseHeaderSize"": ""33029"", ""maxKeepAliveRequests"": ""1538"", ""maxParameterCount"": ""61501"", ""maxSwallowSize"": ""8263032"", ""maxThreads"": ""297"", ""minSpareThreads"": ""862"", ""processorCache"": ""71"", ""tcpNoDelay"": ""TRUE"", ""threadPriority"": ""5"", ""threadsMaxIdleTime"": ""278462"", ""useAsyncIO"": ""TRUE"", ""useVirtualThreads"": ""TRUE""}"
tomcat,lf05_hard07,"lambda_f=0.5, hard=0.7",3304,RQ1&2parrel,193,2401.27,26.92,2401.27,10.0276780128479,"[8, 50, 10, False]",0.0,10.027582168579102,0.0,"{""acceptCount"": ""614"", ""allowBackslash"": ""FALSE"", ""compression"": ""force"", ""compressionMinSize"": ""8159"", ""connectionTimeout"": ""208352"", ""connectionUploadTimeout"": ""331080"", ""disableUploadTimeout"": ""FALSE"", ""executorTerminationTimeoutMillis"": ""447883"", ""keepAliveTimeout"": ""237027"", ""maxConnections"": ""8480"", ""maxHeaderCount"": ""510"", ""maxHttpHeaderSize"": ""2540"", ""maxHttpRequestHeaderSize"": ""36682"", ""maxHttpResponseHeaderSize"": ""18535"", ""maxKeepAliveRequests"": ""3520"", ""maxParameterCount"": ""30606"", ""maxSwallowSize"": ""3376051"", ""maxThreads"": ""169"", ""minSpareThreads"": ""631"", ""processorCache"": ""120"", ""tcpNoDelay"": ""FALSE"", ""threadPriority"": ""8"", ""threadsMaxIdleTime"": ""135601"", ""useAsyncIO"": ""TRUE"", ""useVirtualThreads"": ""FALSE""}"
tomcat,lf05_hard07,"lambda_f=0.5, hard=0.7",3304,RQ1&2parrel,194,2104.47,26.1,2104.47,10.025341987609863,"[8, 50, 10, False]",0.0,10.025227308273315,0.0,"{""acceptCount"": ""811"", ""allowBackslash"": ""TRUE"", ""compression"": ""on"", ""compressionMinSize"": ""8139"", ""connectionTimeout"": ""366138"", ""connectionUploadTimeout"": ""512600"", ""disableUploadTimeout"": ""TRUE"", ""executorTerminationTimeoutMillis"": ""288586"", ""keepAliveTimeout"": ""513486"", ""maxConnections"": ""16874"", ""maxHeaderCount"": ""777"", ""maxHttpHeaderSize"": ""58303"", ""maxHttpRequestHeaderSize"": ""59525"", ""maxHttpResponseHeaderSize"": ""61404"", ""maxKeepAliveRequests"": ""1728"", ""maxParameterCount"": ""98363"", ""maxSwallowSize"": ""2205790"", ""maxThreads"": ""360"", ""minSpareThreads"": ""587"", ""processorCache"": ""380"", ""tcpNoDelay"": ""FALSE"", ""threadPriority"": ""9"", ""threadsMaxIdleTime"": ""495586"", ""useAsyncIO"": ""FALSE"", ""useVirtualThreads"": ""TRUE""}"
tomcat,lf05_hard07,"lambda_f=0.5, hard=0.7",3304,RQ1&2parrel,195,2266.36,25.25,2266.36,10.021279573440552,"[8, 50, 10, False]",0.0,10.021183013916016,0.0,"{""acceptCount"": ""715"", ""allowBackslash"": ""FALSE"", ""compression"": ""off"", ""compressionMinSize"": ""9184"", ""connectionTimeout"": ""312239"", ""connectionUploadTimeout"": ""311730"", ""disableUploadTimeout"": ""FALSE"", ""executorTerminationTimeoutMillis"": ""93262"", ""keepAliveTimeout"": ""46892"", ""maxConnections"": ""9735"", ""maxHeaderCount"": ""637"", ""maxHttpHeaderSize"": ""25273"", ""maxHttpRequestHeaderSize"": ""47364"", ""maxHttpResponseHeaderSize"": ""51640"", ""maxKeepAliveRequests"": ""183"", ""maxParameterCount"": ""2366"", ""maxSwallowSize"": ""947958"", ""maxThreads"": ""278"", ""minSpareThreads"": ""879"", ""processorCache"": ""113"", ""tcpNoDelay"": ""TRUE"", ""threadPriority"": ""2"", ""threadsMaxIdleTime"": ""357272"", ""useAsyncIO"": ""TRUE"", ""useVirtualThreads"": ""FALSE""}"
tomcat,lf05_hard07,"lambda_f=0.5, hard=0.7",3304,RQ1&2parrel,196,2415.94,24.94,2415.94,10.019931554794312,"[8, 50, 10, False]",0.0,10.019822120666504,0.0,"{""acceptCount"": ""731"", ""allowBackslash"": ""TRUE"", ""compression"": ""off"", ""compressionMinSize"": ""42"", ""connectionTimeout"": ""120912"", ""connectionUploadTimeout"": ""198686"", ""disableUploadTimeout"": ""TRUE"", ""executorTerminationTimeoutMillis"": ""129871"", ""keepAliveTimeout"": ""215408"", ""maxConnections"": ""13557"", ""maxHeaderCount"": ""225"", ""maxHttpHeaderSize"": ""38583"", ""maxHttpRequestHeaderSize"": ""63174"", ""maxHttpResponseHeaderSize"": ""61126"", ""maxKeepAliveRequests"": ""4317"", ""maxParameterCount"": ""73074"", ""maxSwallowSize"": ""5424329"", ""maxThreads"": ""49"", ""minSpareThreads"": ""168"", ""processorCache"": ""117"", ""tcpNoDelay"": ""TRUE"", ""threadPriority"": ""7"", ""threadsMaxIdleTime"": ""588188"", ""useAsyncIO"": ""FALSE"", ""useVirtualThreads"": ""FALSE""}"
tomcat,lf05_hard07,"lambda_f=0.5, hard=0.7",3304,RQ1&2parrel,197,2327.21,28.56,2327.21,10.023581981658936,"[8, 50, 10, False]",0.0,10.023484230041504,0.0,"{""acceptCount"": ""77"", ""allowBackslash"": ""FALSE"", ""compression"": ""on"", ""compressionMinSize"": ""3219"", ""connectionTimeout"": ""17121"", ""connectionUploadTimeout"": ""61953"", ""disableUploadTimeout"": ""FALSE"", ""executorTerminationTimeoutMillis"": ""360187"", ""keepAliveTimeout"": ""6410"", ""maxConnections"": ""706"", ""maxHeaderCount"": ""2"", ""maxHttpHeaderSize"": ""3746"", ""maxHttpRequestHeaderSize"": ""4623"", ""maxHttpResponseHeaderSize"": ""13561"", ""maxKeepAliveRequests"": ""2144"", ""maxParameterCount"": ""30716"", ""maxSwallowSize"": ""10579230"", ""maxThreads"": ""146"", ""minSpareThreads"": ""132"", ""processorCache"": ""34"", ""tcpNoDelay"": ""TRUE"", ""threadPriority"": ""7"", ""threadsMaxIdleTime"": ""235570"", ""useAsyncIO"": ""FALSE"", ""useVirtualThreads"": ""FALSE""}"
tomcat,lf05_hard07,"lambda_f=0.5, hard=0.7",3304,RQ1&2parrel,198,2274.57,22.14,2274.57,10.026728868484497,"[8, 50, 10, False]",0.0,10.026639938354492,0.0,"{""acceptCount"": ""546"", ""allowBackslash"": ""FALSE"", ""compression"": ""force"", ""compressionMinSize"": ""1266"", ""connectionTimeout"": ""438954"", ""connectionUploadTimeout"": ""417527"", ""disableUploadTimeout"": ""FALSE"", ""executorTerminationTimeoutMillis"": ""136999"", ""keepAliveTimeout"": ""406812"", ""maxConnections"": ""7910"", ""maxHeaderCount"": ""279"", ""maxHttpHeaderSize"": ""32190"", ""maxHttpRequestHeaderSize"": ""51132"", ""maxHttpResponseHeaderSize"": ""51293"", ""maxKeepAliveRequests"": ""838"", ""maxParameterCount"": ""27465"", ""maxSwallowSize"": ""18300000"", ""maxThreads"": ""321"", ""minSpareThreads"": ""141"", ""processorCache"": ""253"", ""tcpNoDelay"": ""FALSE"", ""threadPriority"": ""5"", ""threadsMaxIdleTime"": ""294978"", ""useAsyncIO"": ""FALSE"", ""useVirtualThreads"": ""TRUE""}"
tomcat,lf05_hard07,"lambda_f=0.5, hard=0.7",3304,RQ1&2parrel,199,2231.49,22.57,2231.49,10.025034189224243,"[8, 50, 10, False]",0.0,10.024942398071289,0.0,"{""acceptCount"": ""952"", ""allowBackslash"": ""FALSE"", ""compression"": ""off"", ""compressionMinSize"": ""580"", ""connectionTimeout"": ""410632"", ""connectionUploadTimeout"": ""467113"", ""disableUploadTimeout"": ""FALSE"", ""executorTerminationTimeoutMillis"": ""76269"", ""keepAliveTimeout"": ""182246"", ""maxConnections"": ""8820"", ""maxHeaderCount"": ""338"", ""maxHttpHeaderSize"": ""4732"", ""maxHttpRequestHeaderSize"": ""63620"", ""maxHttpResponseHeaderSize"": ""34632"", ""maxKeepAliveRequests"": ""2015"", ""maxParameterCount"": ""78685"", ""maxSwallowSize"": ""12501130"", ""maxThreads"": ""142"", ""minSpareThreads"": ""777"", ""processorCache"": ""76"", ""tcpNoDelay"": ""TRUE"", ""threadPriority"": ""6"", ""threadsMaxIdleTime"": ""152808"", ""useAsyncIO"": ""TRUE"", ""useVirtualThreads"": ""TRUE""}"
tomcat,lf05_hard07,"lambda_f=0.5, hard=0.7",3304,RQ1&2parrel,200,2353.91,27.66,2353.91,10.0271315574646,"[8, 50, 10, False]",0.0,10.027043104171753,0.0,"{""acceptCount"": ""714"", ""allowBackslash"": ""TRUE"", ""compression"": ""force"", ""compressionMinSize"": ""5950"", ""connectionTimeout"": ""505895"", ""connectionUploadTimeout"": ""54033"", ""disableUploadTimeout"": ""TRUE"", ""executorTerminationTimeoutMillis"": ""218135"", ""keepAliveTimeout"": ""25042"", ""maxConnections"": ""5721"", ""maxHeaderCount"": ""633"", ""maxHttpHeaderSize"": ""11258"", ""maxHttpRequestHeaderSize"": ""48312"", ""maxHttpResponseHeaderSize"": ""44107"", ""maxKeepAliveRequests"": ""2516"", ""maxParameterCount"": ""90927"", ""maxSwallowSize"": ""7512796"", ""maxThreads"": ""100"", ""minSpareThreads"": ""886"", ""processorCache"": ""268"", ""tcpNoDelay"": ""FALSE"", ""threadPriority"": ""8"", ""threadsMaxIdleTime"": ""109074"", ""useAsyncIO"": ""FALSE"", ""useVirtualThreads"": ""FALSE""}"
tomcat,lf05_hard07,"lambda_f=0.5, hard=0.7",3305,RQ1&2parrel,1,1485.1,38.41,1485.1,10.03423523902893,"[8, 50, 10, False]",0.0,10.03281545639038,0.0,"{""acceptCount"": ""100"", ""allowBackslash"": ""FALSE"", ""compression"": ""on"", ""compressionMinSize"": ""2048"", ""connectionTimeout"": ""60000"", ""connectionUploadTimeout"": ""300000"", ""disableUploadTimeout"": ""FALSE"", ""executorTerminationTimeoutMillis"": ""5000"", ""keepAliveTimeout"": ""60000"", ""maxConnections"": ""8192"", ""maxHeaderCount"": ""100"", ""maxHttpHeaderSize"": ""8192"", ""maxHttpRequestHeaderSize"": ""8192"", ""maxHttpResponseHeaderSize"": ""8192"", ""maxKeepAliveRequests"": ""100"", ""maxParameterCount"": ""10000"", ""maxSwallowSize"": ""2097152"", ""maxThreads"": ""200"", ""minSpareThreads"": ""10"", ""processorCache"": ""200"", ""tcpNoDelay"": ""TRUE"", ""threadPriority"": ""5"", ""threadsMaxIdleTime"": ""60000"", ""useAsyncIO"": ""TRUE"", ""useVirtualThreads"": ""FALSE""}"
tomcat,lf05_hard07,"lambda_f=0.5, hard=0.7",3305,RQ1&2parrel,2,1510.34,37.14,1510.34,10.030899047851562,"[8, 50, 10, False]",0.0,10.030807733535767,0.0,"{""acceptCount"": ""100"", ""allowBackslash"": ""FALSE"", ""compression"": ""on"", ""compressionMinSize"": ""2048"", ""connectionTimeout"": ""60000"", ""connectionUploadTimeout"": ""300000"", ""disableUploadTimeout"": ""FALSE"", ""executorTerminationTimeoutMillis"": ""5000"", ""keepAliveTimeout"": ""60000"", ""maxConnections"": ""8192"", ""maxHeaderCount"": ""100"", ""maxHttpHeaderSize"": ""65535"", ""maxHttpRequestHeaderSize"": ""65534"", ""maxHttpResponseHeaderSize"": ""8192"", ""maxKeepAliveRequests"": ""100"", ""maxParameterCount"": ""10000"", ""maxSwallowSize"": ""2097152"", ""maxThreads"": ""200"", ""minSpareThreads"": ""10"", ""processorCache"": ""200"", ""tcpNoDelay"": ""TRUE"", ""threadPriority"": ""5"", ""threadsMaxIdleTime"": ""60000"", ""useAsyncIO"": ""TRUE"", ""useVirtualThreads"": ""FALSE""}"
tomcat,lf05_hard07,"lambda_f=0.5, hard=0.7",3305,RQ1&2parrel,3,1477.82,37.47,1477.82,10.033174276351929,"[8, 50, 10, False]",0.0,10.033087015151978,0.0,"{""acceptCount"": ""100"", ""allowBackslash"": ""FALSE"", ""compression"": ""on"", ""compressionMinSize"": ""2048"", ""connectionTimeout"": ""60000"", ""connectionUploadTimeout"": ""300000"", ""disableUploadTimeout"": ""FALSE"", ""executorTerminationTimeoutMillis"": ""5000"", ""keepAliveTimeout"": ""60000"", ""maxConnections"": ""8192"", ""maxHeaderCount"": ""100"", ""maxHttpHeaderSize"": ""65535"", ""maxHttpRequestHeaderSize"": ""36863"", ""maxHttpResponseHeaderSize"": ""8192"", ""maxKeepAliveRequests"": ""100"", ""maxParameterCount"": ""10000"", ""maxSwallowSize"": ""2097152"", ""maxThreads"": ""200"", ""minSpareThreads"": ""10"", ""processorCache"": ""200"", ""tcpNoDelay"": ""TRUE"", ""threadPriority"": ""5"", ""threadsMaxIdleTime"": ""60000"", ""useAsyncIO"": ""TRUE"", ""useVirtualThreads"": ""FALSE""}"
tomcat,lf05_hard07,"lambda_f=0.5, hard=0.7",3305,RQ1&2parrel,4,1411.53,40.42,1411.53,10.036803007125854,"[8, 50, 10, False]",0.0,10.036713123321533,0.0,"{""acceptCount"": ""100"", ""allowBackslash"": ""FALSE"", ""compression"": ""on"", ""compressionMinSize"": ""2048"", ""connectionTimeout"": ""60000"", ""connectionUploadTimeout"": ""300000"", ""disableUploadTimeout"": ""FALSE"", ""executorTerminationTimeoutMillis"": ""5000"", ""keepAliveTimeout"": ""60000"", ""maxConnections"": ""8192"", ""maxHeaderCount"": ""100"", ""maxHttpHeaderSize"": ""65535"", ""maxHttpRequestHeaderSize"": ""33023"", ""maxHttpResponseHeaderSize"": ""8192"", ""maxKeepAliveRequests"": ""100"", ""maxParameterCount"": ""10000"", ""maxSwallowSize"": ""2097152"", ""maxThreads"": ""200"", ""minSpareThreads"": ""10"", ""processorCache"": ""200"", ""tcpNoDelay"": ""TRUE"", ""threadPriority"": ""5"", ""threadsMaxIdleTime"": ""60000"", ""useAsyncIO"": ""TRUE"", ""useVirtualThreads"": ""FALSE""}"
tomcat,lf05_hard07,"lambda_f=0.5, hard=0.7",3305,RQ1&2parrel,5,1433.13,38.46,1433.13,10.037776470184326,"[8, 50, 10, False]",0.0,10.037687301635742,0.0,"{""acceptCount"": ""100"", ""allowBackslash"": ""FALSE"", ""compression"": ""on"", ""compressionMinSize"": ""2048"", ""connectionTimeout"": ""60000"", ""connectionUploadTimeout"": ""300000"", ""disableUploadTimeout"": ""FALSE"", ""executorTerminationTimeoutMillis"": ""5000"", ""keepAliveTimeout"": ""60000"", ""maxConnections"": ""8192"", ""maxHeaderCount"": ""100"", ""maxHttpHeaderSize"": ""8192"", ""maxHttpRequestHeaderSize"": ""8192"", ""maxHttpResponseHeaderSize"": ""4352"", ""maxKeepAliveRequests"": ""100"", ""maxParameterCount"": ""10000"", ""maxSwallowSize"": ""2097152"", ""maxThreads"": ""200"", ""minSpareThreads"": ""10"", ""processorCache"": ""200"", ""tcpNoDelay"": ""TRUE"", ""threadPriority"": ""5"", ""threadsMaxIdleTime"": ""60000"", ""useAsyncIO"": ""TRUE"", ""useVirtualThreads"": ""FALSE""}"
tomcat,lf05_hard07,"lambda_f=0.5, hard=0.7",3305,RQ1&2parrel,6,1407.31,40.22,1407.31,10.038291215896606,"[8, 50, 10, False]",0.0,10.03820538520813,0.0,"{""acceptCount"": ""100"", ""allowBackslash"": ""FALSE"", ""compression"": ""on"", ""compressionMinSize"": ""2048"", ""connectionTimeout"": ""60000"", ""connectionUploadTimeout"": ""300000"", ""disableUploadTimeout"": ""FALSE"", ""executorTerminationTimeoutMillis"": ""5000"", ""keepAliveTimeout"": ""60000"", ""maxConnections"": ""8192"", ""maxHeaderCount"": ""100"", ""maxHttpHeaderSize"": ""8192"", ""maxHttpRequestHeaderSize"": ""8192"", ""maxHttpResponseHeaderSize"": ""513"", ""maxKeepAliveRequests"": ""100"", ""maxParameterCount"": ""10000"", ""maxSwallowSize"": ""2097152"", ""maxThreads"": ""200"", ""minSpareThreads"": ""10"", ""processorCache"": ""200"", ""tcpNoDelay"": ""TRUE"", ""threadPriority"": ""5"", ""threadsMaxIdleTime"": ""60000"", ""useAsyncIO"": ""TRUE"", ""useVirtualThreads"": ""FALSE""}"
tomcat,lf05_hard07,"lambda_f=0.5, hard=0.7",3305,RQ1&2parrel,7,1415.98,42.14,1415.98,10.037381887435913,"[8, 50, 10, False]",0.0,10.037295579910278,0.0,"{""acceptCount"": ""100"", ""allowBackslash"": ""FALSE"", ""compression"": ""on"", ""compressionMinSize"": ""2048"", ""connectionTimeout"": ""60000"", ""connectionUploadTimeout"": ""300000"", ""disableUploadTimeout"": ""FALSE"", ""executorTerminationTimeoutMillis"": ""5000"", ""keepAliveTimeout"": ""60000"", ""maxConnections"": ""8192"", ""maxHeaderCount"": ""100"", ""maxHttpHeaderSize"": ""8192"", ""maxHttpRequestHeaderSize"": ""8192"", ""maxHttpResponseHeaderSize"": ""512"", ""maxKeepAliveRequests"": ""100"", ""maxParameterCount"": ""10000"", ""maxSwallowSize"": ""2097152"", ""maxThreads"": ""200"", ""minSpareThreads"": ""10"", ""processorCache"": ""200"", ""tcpNoDelay"": ""TRUE"", ""threadPriority"": ""5"", ""threadsMaxIdleTime"": ""60000"", ""useAsyncIO"": ""TRUE"", ""useVirtualThreads"": ""FALSE""}"
tomcat,lf05_hard07,"lambda_f=0.5, hard=0.7",3305,RQ1&2parrel,8,1131.87,64.86,1131.87,10.028170585632324,"[8, 50, 10, False]",0.0,10.028072595596313,0.0,"{""acceptCount"": ""100"", ""allowBackslash"": ""FALSE"", ""compression"": ""on"", ""compressionMinSize"": ""2048"", ""connectionTimeout"": ""60000"", ""connectionUploadTimeout"": ""300000"", ""disableUploadTimeout"": ""FALSE"", ""executorTerminationTimeoutMillis"": ""5000"", ""keepAliveTimeout"": ""60000"", ""maxConnections"": ""8192"", ""maxHeaderCount"": ""100"", ""maxHttpHeaderSize"": ""8192"", ""maxHttpRequestHeaderSize"": ""8192"", ""maxHttpResponseHeaderSize"": ""8192"", ""maxKeepAliveRequests"": ""100"", ""maxParameterCount"": ""10000"", ""maxSwallowSize"": ""2097152"", ""maxThreads"": ""200"", ""minSpareThreads"": ""10"", ""processorCache"": ""0"", ""tcpNoDelay"": ""TRUE"", ""threadPriority"": ""5"", ""threadsMaxIdleTime"": ""60000"", ""useAsyncIO"": ""TRUE"", ""useVirtualThreads"": ""FALSE""}"
tomcat,lf05_hard07,"lambda_f=0.5, hard=0.7",3305,RQ1&2parrel,9,1438.06,39.52,1438.06,10.036898136138916,"[8, 50, 10, False]",0.0,10.036808967590332,0.0,"{""acceptCount"": ""375"", ""allowBackslash"": ""FALSE"", ""compression"": ""force"", ""compressionMinSize"": ""412"", ""connectionTimeout"": ""453684"", ""connectionUploadTimeout"": ""201751"", ""disableUploadTimeout"": ""TRUE"", ""executorTerminationTimeoutMillis"": ""199115"", ""keepAliveTimeout"": ""223611"", ""maxConnections"": ""10698"", ""maxHeaderCount"": ""696"", ""maxHttpHeaderSize"": ""2750"", ""maxHttpRequestHeaderSize"": ""62774"", ""maxHttpResponseHeaderSize"": ""43567"", ""maxKeepAliveRequests"": ""564"", ""maxParameterCount"": ""441"", ""maxSwallowSize"": ""4027365"", ""maxThreads"": ""56"", ""minSpareThreads"": ""49"", ""processorCache"": ""56"", ""tcpNoDelay"": ""TRUE"", ""threadPriority"": ""6"", ""threadsMaxIdleTime"": ""278896"", ""useAsyncIO"": ""TRUE"", ""useVirtualThreads"": ""FALSE""}"
tomcat,lf05_hard07,"lambda_f=0.5, hard=0.7",3305,RQ1&2parrel,10,1307.32,37.57,1307.32,10.02784514427185,"[8, 50, 10, False]",0.0,10.027752876281738,0.0,"{""acceptCount"": ""435"", ""allowBackslash"": ""TRUE"", ""compression"": ""on"", ""compressionMinSize"": ""775"", ""connectionTimeout"": ""134235"", ""connectionUploadTimeout"": ""512060"", ""disableUploadTimeout"": ""FALSE"", ""executorTerminationTimeoutMillis"": ""209484"", ""keepAliveTimeout"": ""327608"", ""maxConnections"": ""4731"", ""maxHeaderCount"": ""939"", ""maxHttpHeaderSize"": ""38689"", ""maxHttpRequestHeaderSize"": ""50659"", ""maxHttpResponseHeaderSize"": ""39878"", ""maxKeepAliveRequests"": ""2767"", ""maxParameterCount"": ""69221"", ""maxSwallowSize"": ""13768725"", ""maxThreads"": ""223"", ""minSpareThreads"": ""13"", ""processorCache"": ""270"", ""tcpNoDelay"": ""FALSE"", ""threadPriority"": ""2"", ""threadsMaxIdleTime"": ""348580"", ""useAsyncIO"": ""TRUE"", ""useVirtualThreads"": ""TRUE""}"
tomcat,lf05_hard07,"lambda_f=0.5, hard=0.7",3305,RQ1&2parrel,11,1307.02,37.63,1307.02,10.0325345993042,"[8, 50, 10, False]",0.0,10.032437324523926,0.0,"{""acceptCount"": ""681"", ""allowBackslash"": ""FALSE"", ""compression"": ""on"", ""compressionMinSize"": ""10234"", ""connectionTimeout"": ""143431"", ""connectionUploadTimeout"": ""460381"", ""disableUploadTimeout"": ""FALSE"", ""executorTerminationTimeoutMillis"": ""272369"", ""keepAliveTimeout"": ""104051"", ""maxConnections"": ""10451"", ""maxHeaderCount"": ""202"", ""maxHttpHeaderSize"": ""23759"", ""maxHttpRequestHeaderSize"": ""32431"", ""maxHttpResponseHeaderSize"": ""57067"", ""maxKeepAliveRequests"": ""630"", ""maxParameterCount"": ""81541"", ""maxSwallowSize"": ""1548640"", ""maxThreads"": ""153"", ""minSpareThreads"": ""493"", ""processorCache"": ""152"", ""tcpNoDelay"": ""FALSE"", ""threadPriority"": ""3"", ""threadsMaxIdleTime"": ""300234"", ""useAsyncIO"": ""FALSE"", ""useVirtualThreads"": ""TRUE""}"
tomcat,lf05_hard07,"lambda_f=0.5, hard=0.7",3305,RQ1&2parrel,12,1335.93,36.76,1335.93,10.033475399017334,"[8, 50, 10, False]",0.0,10.033385515213013,0.0,"{""acceptCount"": ""271"", ""allowBackslash"": ""FALSE"", ""compression"": ""force"", ""compressionMinSize"": ""3439"", ""connectionTimeout"": ""38006"", ""connectionUploadTimeout"": ""561150"", ""disableUploadTimeout"": ""FALSE"", ""executorTerminationTimeoutMillis"": ""559567"", ""keepAliveTimeout"": ""282448"", ""maxConnections"": ""17209"", ""maxHeaderCount"": ""665"", ""maxHttpHeaderSize"": ""6557"", ""maxHttpRequestHeaderSize"": ""49753"", ""maxHttpResponseHeaderSize"": ""32300"", ""maxKeepAliveRequests"": ""1932"", ""maxParameterCount"": ""53029"", ""maxSwallowSize"": ""10065745"", ""maxThreads"": ""30"", ""minSpareThreads"": ""901"", ""processorCache"": ""169"", ""tcpNoDelay"": ""FALSE"", ""threadPriority"": ""3"", ""threadsMaxIdleTime"": ""484693"", ""useAsyncIO"": ""TRUE"", ""useVirtualThreads"": ""TRUE""}"
tomcat,lf05_hard07,"lambda_f=0.5, hard=0.7",3305,RQ1&2parrel,13,1242.07,39.36,1242.07,10.024909496307373,"[8, 50, 10, False]",0.0,10.024818658828735,0.0,"{""acceptCount"": ""382"", ""allowBackslash"": ""TRUE"", ""compression"": ""force"", ""compressionMinSize"": ""3460"", ""connectionTimeout"": ""226779"", ""connectionUploadTimeout"": ""105639"", ""disableUploadTimeout"": ""TRUE"", ""executorTerminationTimeoutMillis"": ""157778"", ""keepAliveTimeout"": ""140119"", ""maxConnections"": ""17609"", ""maxHeaderCount"": ""979"", ""maxHttpHeaderSize"": ""21577"", ""maxHttpRequestHeaderSize"": ""24414"", ""maxHttpResponseHeaderSize"": ""47313"", ""maxKeepAliveRequests"": ""4534"", ""maxParameterCount"": ""78000"", ""maxSwallowSize"": ""8192984"", ""maxThreads"": ""81"", ""minSpareThreads"": ""731"", ""processorCache"": ""351"", ""tcpNoDelay"": ""TRUE"", ""threadPriority"": ""1"", ""threadsMaxIdleTime"": ""473760"", ""useAsyncIO"": ""FALSE"", ""useVirtualThreads"": ""TRUE""}"
tomcat,lf05_hard07,"lambda_f=0.5, hard=0.7",3305,RQ1&2parrel,14,1424.79,40.76,1424.79,10.029624462127686,"[8, 50, 10, False]",0.0,10.029528617858887,0.0,"{""acceptCount"": ""773"", ""allowBackslash"": ""TRUE"", ""compression"": ""force"", ""compressionMinSize"": ""4103"", ""connectionTimeout"": ""393821"", ""connectionUploadTimeout"": ""81274"", ""disableUploadTimeout"": ""FALSE"", ""executorTerminationTimeoutMillis"": ""242338"", ""keepAliveTimeout"": ""422130"", ""maxConnections"": ""8038"", ""maxHeaderCount"": ""364"", ""maxHttpHeaderSize"": ""9516"", ""maxHttpRequestHeaderSize"": ""20599"", ""maxHttpResponseHeaderSize"": ""31778"", ""maxKeepAliveRequests"": ""1312"", ""maxParameterCount"": ""36042"", ""maxSwallowSize"": ""8625648"", ""maxThreads"": ""182"", ""minSpareThreads"": ""2"", ""processorCache"": ""348"", ""tcpNoDelay"": ""TRUE"", ""threadPriority"": ""2"", ""threadsMaxIdleTime"": ""390041"", ""useAsyncIO"": ""TRUE"", ""useVirtualThreads"": ""FALSE""}"
tomcat,lf05_hard07,"lambda_f=0.5, hard=0.7",3305,RQ1&2parrel,15,1423.89,46.1,1423.89,10.030832290649414,"[8, 50, 10, False]",0.0,10.030741214752197,0.0,"{""acceptCount"": ""565"", ""allowBackslash"": ""TRUE"", ""compression"": ""on"", ""compressionMinSize"": ""6556"", ""connectionTimeout"": ""366527"", ""connectionUploadTimeout"": ""443595"", ""disableUploadTimeout"": ""FALSE"", ""executorTerminationTimeoutMillis"": ""233379"", ""keepAliveTimeout"": ""170561"", ""maxConnections"": ""18460"", ""maxHeaderCount"": ""481"", ""maxHttpHeaderSize"": ""951"", ""maxHttpRequestHeaderSize"": ""55012"", ""maxHttpResponseHeaderSize"": ""53192"", ""maxKeepAliveRequests"": ""4158"", ""maxParameterCount"": ""9445"", ""maxSwallowSize"": ""5881941"", ""maxThreads"": ""178"", ""minSpareThreads"": ""789"", ""processorCache"": ""253"", ""tcpNoDelay"": ""FALSE"", ""threadPriority"": ""7"", ""threadsMaxIdleTime"": ""142423"", ""useAsyncIO"": ""TRUE"", ""useVirtualThreads"": ""FALSE""}"
tomcat,lf05_hard07,"lambda_f=0.5, hard=0.7",3305,RQ1&2parrel,16,1333.23,36.66,1333.23,10.028951406478882,"[8, 50, 10, False]",0.0,10.02886176109314,0.0,"{""acceptCount"": ""483"", ""allowBackslash"": ""TRUE"", ""compression"": ""force"", ""compressionMinSize"": ""393"", ""connectionTimeout"": ""415790"", ""connectionUploadTimeout"": ""352186"", ""disableUploadTimeout"": ""FALSE"", ""executorTerminationTimeoutMillis"": ""583838"", ""keepAliveTimeout"": ""65938"", ""maxConnections"": ""14204"", ""maxHeaderCount"": ""886"", ""maxHttpHeaderSize"": ""20311"", ""maxHttpRequestHeaderSize"": ""27665"", ""maxHttpResponseHeaderSize"": ""28173"", ""maxKeepAliveRequests"": ""2931"", ""maxParameterCount"": ""25420"", ""maxSwallowSize"": ""3928925"", ""maxThreads"": ""5"", ""minSpareThreads"": ""317"", ""processorCache"": ""274"", ""tcpNoDelay"": ""FALSE"", ""threadPriority"": ""8"", ""threadsMaxIdleTime"": ""267339"", ""useAsyncIO"": ""FALSE"", ""useVirtualThreads"": ""FALSE""}"
tomcat,lf05_hard07,"lambda_f=0.5, hard=0.7",3305,RQ1&2parrel,17,1280.49,38.45,1280.49,10.027074098587036,"[8, 50, 10, False]",0.0,10.026982545852661,0.0,"{""acceptCount"": ""110"", ""allowBackslash"": ""TRUE"", ""compression"": ""off"", ""compressionMinSize"": ""9544"", ""connectionTimeout"": ""200627"", ""connectionUploadTimeout"": ""102915"", ""disableUploadTimeout"": ""FALSE"", ""executorTerminationTimeoutMillis"": ""396352"", ""keepAliveTimeout"": ""173729"", ""maxConnections"": ""9776"", ""maxHeaderCount"": ""416"", ""maxHttpHeaderSize"": ""34206"", ""maxHttpRequestHeaderSize"": ""60856"", ""maxHttpResponseHeaderSize"": ""42826"", ""maxKeepAliveRequests"": ""1939"", ""maxParameterCount"": ""99898"", ""maxSwallowSize"": ""20172500"", ""maxThreads"": ""114"", ""minSpareThreads"": ""285"", ""processorCache"": ""33"", ""tcpNoDelay"": ""FALSE"", ""threadPriority"": ""5"", ""threadsMaxIdleTime"": ""253289"", ""useAsyncIO"": ""FALSE"", ""useVirtualThreads"": ""TRUE""}"
tomcat,lf05_hard07,"lambda_f=0.5, hard=0.7",3305,RQ1&2parrel,18,1380.24,44.16,1380.24,10.034430265426636,"[8, 50, 10, False]",0.0,10.034337282180786,0.0,"{""acceptCount"": ""623"", ""allowBackslash"": ""FALSE"", ""compression"": ""off"", ""compressionMinSize"": ""1469"", ""connectionTimeout"": ""90646"", ""connectionUploadTimeout"": ""160210"", ""disableUploadTimeout"": ""TRUE"", ""executorTerminationTimeoutMillis"": ""163095"", ""keepAliveTimeout"": ""243389"", ""maxConnections"": ""11960"", ""maxHeaderCount"": ""386"", ""maxHttpHeaderSize"": ""38417"", ""maxHttpRequestHeaderSize"": ""44573"", ""maxHttpResponseHeaderSize"": ""55800"", ""maxKeepAliveRequests"": ""2344"", ""maxParameterCount"": ""24335"", ""maxSwallowSize"": ""5075225"", ""maxThreads"": ""270"", ""minSpareThreads"": ""544"", ""processorCache"": ""174"", ""tcpNoDelay"": ""TRUE"", ""threadPriority"": ""2"", ""threadsMaxIdleTime"": ""506279"", ""useAsyncIO"": ""TRUE"", ""useVirtualThreads"": ""FALSE""}"
tomcat,lf05_hard07,"lambda_f=0.5, hard=0.7",3305,RQ1&2parrel,19,1218.97,40.16,1218.97,10.022706031799316,"[8, 50, 10, False]",0.0,10.022619724273682,0.0,"{""acceptCount"": ""196"", ""allowBackslash"": ""FALSE"", ""compression"": ""force"", ""compressionMinSize"": ""6730"", ""connectionTimeout"": ""292754"", ""connectionUploadTimeout"": ""72379"", ""disableUploadTimeout"": ""FALSE"", ""executorTerminationTimeoutMillis"": ""72093"", ""keepAliveTimeout"": ""434423"", ""maxConnections"": ""12330"", ""maxHeaderCount"": ""188"", ""maxHttpHeaderSize"": ""1819"", ""maxHttpRequestHeaderSize"": ""59725"", ""maxHttpResponseHeaderSize"": ""17099"", ""maxKeepAliveRequests"": ""2744"", ""maxParameterCount"": ""78633"", ""maxSwallowSize"": ""3026919"", ""maxThreads"": ""333"", ""minSpareThreads"": ""675"", ""processorCache"": ""334"", ""tcpNoDelay"": ""FALSE"", ""threadPriority"": ""4"", ""threadsMaxIdleTime"": ""127502"", ""useAsyncIO"": ""FALSE"", ""useVirtualThreads"": ""TRUE""}"
tomcat,lf05_hard07,"lambda_f=0.5, hard=0.7",3305,RQ1&2parrel,20,1297.81,37.89,1297.81,10.022820234298706,"[8, 50, 10, False]",0.0,10.022732257843018,0.0,"{""acceptCount"": ""855"", ""allowBackslash"": ""FALSE"", ""compression"": ""off"", ""compressionMinSize"": ""85"", ""connectionTimeout"": ""192017"", ""connectionUploadTimeout"": ""126626"", ""disableUploadTimeout"": ""FALSE"", ""executorTerminationTimeoutMillis"": ""310063"", ""keepAliveTimeout"": ""557200"", ""maxConnections"": ""15340"", ""maxHeaderCount"": ""663"", ""maxHttpHeaderSize"": ""19162"", ""maxHttpRequestHeaderSize"": ""22188"", ""maxHttpResponseHeaderSize"": ""58109"", ""maxKeepAliveRequests"": ""4036"", ""maxParameterCount"": ""61829"", ""maxSwallowSize"": ""6291146"", ""maxThreads"": ""262"", ""minSpareThreads"": ""204"", ""processorCache"": ""339"", ""tcpNoDelay"": ""FALSE"", ""threadPriority"": ""4"", ""threadsMaxIdleTime"": ""282883"", ""useAsyncIO"": ""TRUE"", ""useVirtualThreads"": ""TRUE""}"
tomcat,lf05_hard07,"lambda_f=0.5, hard=0.7",3305,RQ1&2parrel,21,1270.49,38.72,1270.49,10.02344536781311,"[8, 50, 10, False]",0.0,10.023353576660156,0.0,"{""acceptCount"": ""993"", ""allowBackslash"": ""TRUE"", ""compression"": ""on"", ""compressionMinSize"": ""65"", ""connectionTimeout"": ""77566"", ""connectionUploadTimeout"": ""577603"", ""disableUploadTimeout"": ""TRUE"", ""executorTerminationTimeoutMillis"": ""97605"", ""keepAliveTimeout"": ""410074"", ""maxConnections"": ""19489"", ""maxHeaderCount"": ""973"", ""maxHttpHeaderSize"": ""3639"", ""maxHttpRequestHeaderSize"": ""51963"", ""maxHttpResponseHeaderSize"": ""10584"", ""maxKeepAliveRequests"": ""1337"", ""maxParameterCount"": ""86761"", ""maxSwallowSize"": ""6725026"", ""maxThreads"": ""211"", ""minSpareThreads"": ""412"", ""processorCache"": ""132"", ""tcpNoDelay"": ""TRUE"", ""threadPriority"": ""5"", ""threadsMaxIdleTime"": ""291468"", ""useAsyncIO"": ""FALSE"", ""useVirtualThreads"": ""TRUE""}"
tomcat,lf05_hard07,"lambda_f=0.5, hard=0.7",3305,RQ1&2parrel,22,1278.86,38.37,1278.86,10.02627682685852,"[8, 50, 10, False]",0.0,10.026185274124146,0.0,"{""acceptCount"": ""84"", ""allowBackslash"": ""TRUE"", ""compression"": ""force"", ""compressionMinSize"": ""6868"", ""connectionTimeout"": ""28395"", ""connectionUploadTimeout"": ""518951"", ""disableUploadTimeout"": ""TRUE"", ""executorTerminationTimeoutMillis"": ""419940"", ""keepAliveTimeout"": ""586090"", ""maxConnections"": ""12574"", ""maxHeaderCount"": ""378"", ""maxHttpHeaderSize"": ""16774"", ""maxHttpRequestHeaderSize"": ""30713"", ""maxHttpResponseHeaderSize"": ""34080"", ""maxKeepAliveRequests"": ""132"", ""maxParameterCount"": ""53567"", ""maxSwallowSize"": ""4766480"", ""maxThreads"": ""383"", ""minSpareThreads"": ""943"", ""processorCache"": ""140"", ""tcpNoDelay"": ""TRUE"", ""threadPriority"": ""5"", ""threadsMaxIdleTime"": ""118441"", ""useAsyncIO"": ""TRUE"", ""useVirtualThreads"": ""TRUE""}"
tomcat,lf05_hard07,"lambda_f=0.5, hard=0.7",3305,RQ1&2parrel,23,1282.42,38.15,1282.42,10.026014804840088,"[8, 50, 10, False]",0.0,10.025898933410645,0.0,"{""acceptCount"": ""830"", ""allowBackslash"": ""FALSE"", ""compression"": ""force"", ""compressionMinSize"": ""2849"", ""connectionTimeout"": ""19712"", ""connectionUploadTimeout"": ""458170"", ""disableUploadTimeout"": ""TRUE"", ""executorTerminationTimeoutMillis"": ""371445"", ""keepAliveTimeout"": ""219602"", ""maxConnections"": ""2010"", ""maxHeaderCount"": ""638"", ""maxHttpHeaderSize"": ""36530"", ""maxHttpRequestHeaderSize"": ""52871"", ""maxHttpResponseHeaderSize"": ""49404"", ""maxKeepAliveRequests"": ""3344"", ""maxParameterCount"": ""90856"", ""maxSwallowSize"": ""10556004"", ""maxThreads"": ""42"", ""minSpareThreads"": ""548"", ""processorCache"": ""233"", ""tcpNoDelay"": ""TRUE"", ""threadPriority"": ""3"", ""threadsMaxIdleTime"": ""89459"", ""useAsyncIO"": ""FALSE"", ""useVirtualThreads"": ""TRUE""}"
tomcat,lf05_hard07,"lambda_f=0.5, hard=0.7",3305,RQ1&2parrel,24,1448.22,38.5,1448.22,10.027054786682129,"[8, 50, 10, False]",0.0,10.026957035064697,0.0,"{""acceptCount"": ""893"", ""allowBackslash"": ""TRUE"", ""compression"": ""off"", ""compressionMinSize"": ""3767"", ""connectionTimeout"": ""564234"", ""connectionUploadTimeout"": ""180611"", ""disableUploadTimeout"": ""FALSE"", ""executorTerminationTimeoutMillis"": ""346712"", ""keepAliveTimeout"": ""321364"", ""maxConnections"": ""13583"", ""maxHeaderCount"": ""880"", ""maxHttpHeaderSize"": ""5421"", ""maxHttpRequestHeaderSize"": ""65135"", ""maxHttpResponseHeaderSize"": ""62236"", ""maxKeepAliveRequests"": ""1139"", ""maxParameterCount"": ""35000"", ""maxSwallowSize"": ""2120086"", ""maxThreads"": ""287"", ""minSpareThreads"": ""515"", ""processorCache"": ""43"", ""tcpNoDelay"": ""FALSE"", ""threadPriority"": ""9"", ""threadsMaxIdleTime"": ""460398"", ""useAsyncIO"": ""FALSE"", ""useVirtualThreads"": ""FALSE""}"
tomcat,lf05_hard07,"lambda_f=0.5, hard=0.7",3305,RQ1&2parrel,25,1365.17,45.46,1365.17,10.033248901367188,"[8, 50, 10, False]",0.0,10.033157348632812,0.0,"{""acceptCount"": ""299"", ""allowBackslash"": ""TRUE"", ""compression"": ""on"", ""compressionMinSize"": ""4558"", ""connectionTimeout"": ""355089"", ""connectionUploadTimeout"": ""329004"", ""disableUploadTimeout"": ""FALSE"", ""executorTerminationTimeoutMillis"": ""119303"", ""keepAliveTimeout"": ""26184"", ""maxConnections"": ""15015"", ""maxHeaderCount"": ""549"", ""maxHttpHeaderSize"": ""3035"", ""maxHttpRequestHeaderSize"": ""45883"", ""maxHttpResponseHeaderSize"": ""7653"", ""maxKeepAliveRequests"": ""2037"", ""maxParameterCount"": ""23509"", ""maxSwallowSize"": ""10297870"", ""maxThreads"": ""162"", ""minSpareThreads"": ""929"", ""processorCache"": ""329"", ""tcpNoDelay"": ""TRUE"", ""threadPriority"": ""2"", ""threadsMaxIdleTime"": ""207781"", ""useAsyncIO"": ""FALSE"", ""useVirtualThreads"": ""FALSE""}"
tomcat,lf05_hard07,"lambda_f=0.5, hard=0.7",3305,RQ1&2parrel,26,1301.58,37.52,1301.58,10.033827781677246,"[8, 50, 10, False]",0.0,10.033708095550537,0.0,"{""acceptCount"": ""784"", ""allowBackslash"": ""FALSE"", ""compression"": ""on"", ""compressionMinSize"": ""7513"", ""connectionTimeout"": ""536041"", ""connectionUploadTimeout"": ""533717"", ""disableUploadTimeout"": ""TRUE"", ""executorTerminationTimeoutMillis"": ""521314"", ""keepAliveTimeout"": ""91216"", ""maxConnections"": ""2825"", ""maxHeaderCount"": ""516"", ""maxHttpHeaderSize"": ""6722"", ""maxHttpRequestHeaderSize"": ""62053"", ""maxHttpResponseHeaderSize"": ""25697"", ""maxKeepAliveRequests"": ""2441"", ""maxParameterCount"": ""97797"", ""maxSwallowSize"": ""14950357"", ""maxThreads"": ""206"", ""minSpareThreads"": ""186"", ""processorCache"": ""265"", ""tcpNoDelay"": ""FALSE"", ""threadPriority"": ""5"", ""threadsMaxIdleTime"": ""554791"", ""useAsyncIO"": ""TRUE"", ""useVirtualThreads"": ""TRUE""}"
tomcat,lf05_hard07,"lambda_f=0.5, hard=0.7",3305,RQ1&2parrel,27,1418.45,42.29,1418.45,10.030477046966553,"[8, 50, 10, False]",0.0,10.030334711074829,0.0,"{""acceptCount"": ""401"", ""allowBackslash"": ""FALSE"", ""compression"": ""force"", ""compressionMinSize"": ""2212"", ""connectionTimeout"": ""447512"", ""connectionUploadTimeout"": ""434177"", ""disableUploadTimeout"": ""FALSE"", ""executorTerminationTimeoutMillis"": ""312247"", ""keepAliveTimeout"": ""582215"", ""maxConnections"": ""2569"", ""maxHeaderCount"": ""839"", ""maxHttpHeaderSize"": ""35164"", ""maxHttpRequestHeaderSize"": ""46758"", ""maxHttpResponseHeaderSize"": ""64462"", ""maxKeepAliveRequests"": ""2646"", ""maxParameterCount"": ""5365"", ""maxSwallowSize"": ""14374690"", ""maxThreads"": ""393"", ""minSpareThreads"": ""32"", ""processorCache"": ""31"", ""tcpNoDelay"": ""TRUE"", ""threadPriority"": ""3"", ""threadsMaxIdleTime"": ""6596"", ""useAsyncIO"": ""FALSE"", ""useVirtualThreads"": ""FALSE""}"
tomcat,lf05_hard07,"lambda_f=0.5, hard=0.7",3305,RQ1&2parrel,28,1306.78,37.38,1306.78,10.03386664390564,"[8, 50, 10, False]",0.0,10.03298306465149,0.0,"{""acceptCount"": ""339"", ""allowBackslash"": ""TRUE"", ""compression"": ""off"", ""compressionMinSize"": ""1855"", ""connectionTimeout"": ""164391"", ""connectionUploadTimeout"": ""128523"", ""disableUploadTimeout"": ""TRUE"", ""executorTerminationTimeoutMillis"": ""320326"", ""keepAliveTimeout"": ""104942"", ""maxConnections"": ""11603"", ""maxHeaderCount"": ""581"", ""maxHttpHeaderSize"": ""6342"", ""maxHttpRequestHeaderSize"": ""34640"", ""maxHttpResponseHeaderSize"": ""51494"", ""maxKeepAliveRequests"": ""432"", ""maxParameterCount"": ""73662"", ""maxSwallowSize"": ""4444850"", ""maxThreads"": ""136"", ""minSpareThreads"": ""31"", ""processorCache"": ""246"", ""tcpNoDelay"": ""FALSE"", ""threadPriority"": ""7"", ""threadsMaxIdleTime"": ""526360"", ""useAsyncIO"": ""FALSE"", ""useVirtualThreads"": ""TRUE""}"
tomcat,lf05_hard07,"lambda_f=0.5, hard=0.7",3305,RQ1&2parrel,29,1378.79,42.95,1378.79,10.039124011993408,"[8, 50, 10, False]",0.0,10.039007663726807,0.0,"{""acceptCount"": ""664"", ""allowBackslash"": ""TRUE"", ""compression"": ""off"", ""compressionMinSize"": ""6356"", ""connectionTimeout"": ""532038"", ""connectionUploadTimeout"": ""192405"", ""disableUploadTimeout"": ""TRUE"", ""executorTerminationTimeoutMillis"": ""418050"", ""keepAliveTimeout"": ""561960"", ""maxConnections"": ""5335"", ""maxHeaderCount"": ""124"", ""maxHttpHeaderSize"": ""33285"", ""maxHttpRequestHeaderSize"": ""38519"", ""maxHttpResponseHeaderSize"": ""40434"", ""maxKeepAliveRequests"": ""1552"", ""maxParameterCount"": ""10374"", ""maxSwallowSize"": ""17826716"", ""maxThreads"": ""265"", ""minSpareThreads"": ""803"", ""processorCache"": ""229"", ""tcpNoDelay"": ""FALSE"", ""threadPriority"": ""1"", ""threadsMaxIdleTime"": ""170900"", ""useAsyncIO"": ""FALSE"", ""useVirtualThreads"": ""FALSE""}"
tomcat,lf05_hard07,"lambda_f=0.5, hard=0.7",3305,RQ1&2parrel,30,1398.65,42.57,1398.65,10.028456211090088,"[8, 50, 10, False]",0.0,10.028372526168823,0.0,"{""acceptCount"": ""963"", ""allowBackslash"": ""TRUE"", ""compression"": ""on"", ""compressionMinSize"": ""9278"", ""connectionTimeout"": ""163823"", ""connectionUploadTimeout"": ""363314"", ""disableUploadTimeout"": ""TRUE"", ""executorTerminationTimeoutMillis"": ""472928"", ""keepAliveTimeout"": ""155381"", ""maxConnections"": ""6069"", ""maxHeaderCount"": ""799"", ""maxHttpHeaderSize"": ""17352"", ""maxHttpRequestHeaderSize"": ""23230"", ""maxHttpResponseHeaderSize"": ""29698"", ""maxKeepAliveRequests"": ""2658"", ""maxParameterCount"": ""23945"", ""maxSwallowSize"": ""18623136"", ""maxThreads"": ""231"", ""minSpareThreads"": ""594"", ""processorCache"": ""167"", ""tcpNoDelay"": ""FALSE"", ""threadPriority"": ""10"", ""threadsMaxIdleTime"": ""188453"", ""useAsyncIO"": ""FALSE"", ""useVirtualThreads"": ""FALSE""}"
tomcat,lf05_hard07,"lambda_f=0.5, hard=0.7",3305,RQ1&2parrel,31,1267.33,39.17,1267.33,10.032204151153564,"[8, 50, 10, False]",0.0,10.032107830047607,0.0,"{""acceptCount"": ""923"", ""allowBackslash"": ""TRUE"", ""compression"": ""off"", ""compressionMinSize"": ""7370"", ""connectionTimeout"": ""347467"", ""connectionUploadTimeout"": ""76962"", ""disableUploadTimeout"": ""FALSE"", ""executorTerminationTimeoutMillis"": ""270735"", ""keepAliveTimeout"": ""238195"", ""maxConnections"": ""1956"", ""maxHeaderCount"": ""831"", ""maxHttpHeaderSize"": ""24213"", ""maxHttpRequestHeaderSize"": ""28338"", ""maxHttpResponseHeaderSize"": ""42742"", ""maxKeepAliveRequests"": ""4809"", ""maxParameterCount"": ""72841"", ""maxSwallowSize"": ""13814957"", ""maxThreads"": ""254"", ""minSpareThreads"": ""446"", ""processorCache"": ""58"", ""tcpNoDelay"": ""TRUE"", ""threadPriority"": ""3"", ""threadsMaxIdleTime"": ""544590"", ""useAsyncIO"": ""FALSE"", ""useVirtualThreads"": ""TRUE""}"
tomcat,lf05_hard07,"lambda_f=0.5, hard=0.7",3305,RQ1&2parrel,32,1401.24,40.23,1401.24,10.04302191734314,"[8, 50, 10, False]",0.0,10.042928218841553,0.0,"{""acceptCount"": ""465"", ""allowBackslash"": ""FALSE"", ""compression"": ""force"", ""compressionMinSize"": ""6665"", ""connectionTimeout"": ""296581"", ""connectionUploadTimeout"": ""222598"", ""disableUploadTimeout"": ""FALSE"", ""executorTerminationTimeoutMillis"": ""473927"", ""keepAliveTimeout"": ""78973"", ""maxConnections"": ""16374"", ""maxHeaderCount"": ""882"", ""maxHttpHeaderSize"": ""19002"", ""maxHttpRequestHeaderSize"": ""51987"", ""maxHttpResponseHeaderSize"": ""28610"", ""maxKeepAliveRequests"": ""1449"", ""maxParameterCount"": ""73290"", ""maxSwallowSize"": ""6476404"", ""maxThreads"": ""84"", ""minSpareThreads"": ""330"", ""processorCache"": ""149"", ""tcpNoDelay"": ""TRUE"", ""threadPriority"": ""3"", ""threadsMaxIdleTime"": ""103365"", ""useAsyncIO"": ""FALSE"", ""useVirtualThreads"": ""FALSE""}"
tomcat,lf05_hard07,"lambda_f=0.5, hard=0.7",3305,RQ1&2parrel,33,1186.29,41.75,1186.29,10.041428804397583,"[8, 50, 10, False]",0.0,10.041333436965942,0.0,"{""acceptCount"": ""457"", ""allowBackslash"": ""FALSE"", ""compression"": ""on"", ""compressionMinSize"": ""10062"", ""connectionTimeout"": ""51793"", ""connectionUploadTimeout"": ""71268"", ""disableUploadTimeout"": ""FALSE"", ""executorTerminationTimeoutMillis"": ""132338"", ""keepAliveTimeout"": ""217324"", ""maxConnections"": ""4337"", ""maxHeaderCount"": ""999"", ""maxHttpHeaderSize"": ""14455"", ""maxHttpRequestHeaderSize"": ""48453"", ""maxHttpResponseHeaderSize"": ""58946"", ""maxKeepAliveRequests"": ""1326"", ""maxParameterCount"": ""28880"", ""maxSwallowSize"": ""6014355"", ""maxThreads"": ""294"", ""minSpareThreads"": ""224"", ""processorCache"": ""300"", ""tcpNoDelay"": ""TRUE"", ""threadPriority"": ""7"", ""threadsMaxIdleTime"": ""185986"", ""useAsyncIO"": ""FALSE"", ""useVirtualThreads"": ""TRUE""}"
tomcat,lf05_hard07,"lambda_f=0.5, hard=0.7",3305,RQ1&2parrel,34,1288.08,48.73,1288.08,10.038038492202759,"[8, 50, 10, False]",0.0,10.037944316864014,0.0,"{""acceptCount"": ""951"", ""allowBackslash"": ""FALSE"", ""compression"": ""force"", ""compressionMinSize"": ""8831"", ""connectionTimeout"": ""257028"", ""connectionUploadTimeout"": ""130942"", ""disableUploadTimeout"": ""FALSE"", ""executorTerminationTimeoutMillis"": ""339090"", ""keepAliveTimeout"": ""140695"", ""maxConnections"": ""14653"", ""maxHeaderCount"": ""126"", ""maxHttpHeaderSize"": ""14561"", ""maxHttpRequestHeaderSize"": ""30943"", ""maxHttpResponseHeaderSize"": ""16665"", ""maxKeepAliveRequests"": ""2417"", ""maxParameterCount"": ""47055"", ""maxSwallowSize"": ""11562019"", ""maxThreads"": ""178"", ""minSpareThreads"": ""274"", ""processorCache"": ""55"", ""tcpNoDelay"": ""FALSE"", ""threadPriority"": ""3"", ""threadsMaxIdleTime"": ""127762"", ""useAsyncIO"": ""FALSE"", ""useVirtualThreads"": ""FALSE""}"
tomcat,lf05_hard07,"lambda_f=0.5, hard=0.7",3305,RQ1&2parrel,35,1321.36,45.39,1321.36,10.0437331199646,"[8, 50, 10, False]",0.0,10.043633460998535,0.0,"{""acceptCount"": ""504"", ""allowBackslash"": ""TRUE"", ""compression"": ""on"", ""compressionMinSize"": ""2126"", ""connectionTimeout"": ""456942"", ""connectionUploadTimeout"": ""82390"", ""disableUploadTimeout"": ""FALSE"", ""executorTerminationTimeoutMillis"": ""154262"", ""keepAliveTimeout"": ""192121"", ""maxConnections"": ""15981"", ""maxHeaderCount"": ""573"", ""maxHttpHeaderSize"": ""4753"", ""maxHttpRequestHeaderSize"": ""7253"", ""maxHttpResponseHeaderSize"": ""56482"", ""maxKeepAliveRequests"": ""2745"", ""maxParameterCount"": ""86189"", ""maxSwallowSize"": ""395153"", ""maxThreads"": ""44"", ""minSpareThreads"": ""585"", ""processorCache"": ""283"", ""tcpNoDelay"": ""FALSE"", ""threadPriority"": ""8"", ""threadsMaxIdleTime"": ""523451"", ""useAsyncIO"": ""TRUE"", ""useVirtualThreads"": ""FALSE""}"
tomcat,lf05_hard07,"lambda_f=0.5, hard=0.7",3305,RQ1&2parrel,36,1478.74,33.24,1478.74,10.014665126800537,"[8, 50, 10, False]",0.0,10.014567375183105,0.0,"{""acceptCount"": ""199"", ""allowBackslash"": ""FALSE"", ""compression"": ""on"", ""compressionMinSize"": ""6072"", ""connectionTimeout"": ""483233"", ""connectionUploadTimeout"": ""411392"", ""disableUploadTimeout"": ""FALSE"", ""executorTerminationTimeoutMillis"": ""99339"", ""keepAliveTimeout"": ""216133"", ""maxConnections"": ""18882"", ""maxHeaderCount"": ""776"", ""maxHttpHeaderSize"": ""41175"", ""maxHttpRequestHeaderSize"": ""44157"", ""maxHttpResponseHeaderSize"": ""46734"", ""maxKeepAliveRequests"": ""4430"", ""maxParameterCount"": ""52016"", ""maxSwallowSize"": ""1422807"", ""maxThreads"": ""15"", ""minSpareThreads"": ""588"", ""processorCache"": ""11"", ""tcpNoDelay"": ""FALSE"", ""threadPriority"": ""8"", ""threadsMaxIdleTime"": ""552104"", ""useAsyncIO"": ""TRUE"", ""useVirtualThreads"": ""FALSE""}"
tomcat,lf05_hard07,"lambda_f=0.5, hard=0.7",3305,RQ1&2parrel,37,1487.57,37.92,1487.57,10.02381706237793,"[8, 50, 10, False]",0.0,10.023707628250122,0.0,"{""acceptCount"": ""295"", ""allowBackslash"": ""FALSE"", ""compression"": ""force"", ""compressionMinSize"": ""4072"", ""connectionTimeout"": ""196898"", ""connectionUploadTimeout"": ""245609"", ""disableUploadTimeout"": ""FALSE"", ""executorTerminationTimeoutMillis"": ""46638"", ""keepAliveTimeout"": ""391508"", ""maxConnections"": ""19276"", ""maxHeaderCount"": ""641"", ""maxHttpHeaderSize"": ""16001"", ""maxHttpRequestHeaderSize"": ""63274"", ""maxHttpResponseHeaderSize"": ""50220"", ""maxKeepAliveRequests"": ""2219"", ""maxParameterCount"": ""81915"", ""maxSwallowSize"": ""13960030"", ""maxThreads"": ""318"", ""minSpareThreads"": ""454"", ""processorCache"": ""395"", ""tcpNoDelay"": ""TRUE"", ""threadPriority"": ""6"", ""threadsMaxIdleTime"": ""173082"", ""useAsyncIO"": ""FALSE"", ""useVirtualThreads"": ""FALSE""}"
tomcat,lf05_hard07,"lambda_f=0.5, hard=0.7",3305,RQ1&2parrel,38,1326.69,36.69,1326.69,10.02883505821228,"[8, 50, 10, False]",0.0,10.028663635253906,0.0,"{""acceptCount"": ""136"", ""allowBackslash"": ""TRUE"", ""compression"": ""on"", ""compressionMinSize"": ""8463"", ""connectionTimeout"": ""100744"", ""connectionUploadTimeout"": ""467551"", ""disableUploadTimeout"": ""TRUE"", ""executorTerminationTimeoutMillis"": ""283165"", ""keepAliveTimeout"": ""555751"", ""maxConnections"": ""16646"", ""maxHeaderCount"": ""57"", ""maxHttpHeaderSize"": ""1554"", ""maxHttpRequestHeaderSize"": ""44867"", ""maxHttpResponseHeaderSize"": ""62697"", ""maxKeepAliveRequests"": ""4854"", ""maxParameterCount"": ""94581"", ""maxSwallowSize"": ""8555037"", ""maxThreads"": ""226"", ""minSpareThreads"": ""304"", ""processorCache"": ""57"", ""tcpNoDelay"": ""FALSE"", ""threadPriority"": ""8"", ""threadsMaxIdleTime"": ""56830"", ""useAsyncIO"": ""TRUE"", ""useVirtualThreads"": ""TRUE""}"
tomcat,lf05_hard07,"lambda_f=0.5, hard=0.7",3305,RQ1&2parrel,39,1303.09,37.68,1303.09,10.026435375213623,"[8, 50, 10, False]",0.0,10.026273965835571,0.0,"{""acceptCount"": ""771"", ""allowBackslash"": ""TRUE"", ""compression"": ""on"", ""compressionMinSize"": ""781"", ""connectionTimeout"": ""425887"", ""connectionUploadTimeout"": ""196262"", ""disableUploadTimeout"": ""TRUE"", ""executorTerminationTimeoutMillis"": ""300117"", ""keepAliveTimeout"": ""514723"", ""maxConnections"": ""11392"", ""maxHeaderCount"": ""351"", ""maxHttpHeaderSize"": ""52555"", ""maxHttpRequestHeaderSize"": ""58079"", ""maxHttpResponseHeaderSize"": ""59237"", ""maxKeepAliveRequests"": ""1052"", ""maxParameterCount"": ""48756"", ""maxSwallowSize"": ""9660513"", ""maxThreads"": ""27"", ""minSpareThreads"": ""166"", ""processorCache"": ""5"", ""tcpNoDelay"": ""TRUE"", ""threadPriority"": ""6"", ""threadsMaxIdleTime"": ""299777"", ""useAsyncIO"": ""TRUE"", ""useVirtualThreads"": ""TRUE""}"
tomcat,lf05_hard07,"lambda_f=0.5, hard=0.7",3305,RQ1&2parrel,40,1344.3,46.21,1344.3,10.03209137916565,"[8, 50, 10, False]",0.0,10.031999111175537,0.0,"{""acceptCount"": ""653"", ""allowBackslash"": ""FALSE"", ""compression"": ""on"", ""compressionMinSize"": ""1029"", ""connectionTimeout"": ""210490"", ""connectionUploadTimeout"": ""396155"", ""disableUploadTimeout"": ""FALSE"", ""executorTerminationTimeoutMillis"": ""347712"", ""keepAliveTimeout"": ""451991"", ""maxConnections"": ""3837"", ""maxHeaderCount"": ""24"", ""maxHttpHeaderSize"": ""5980"", ""maxHttpRequestHeaderSize"": ""61038"", ""maxHttpResponseHeaderSize"": ""36049"", ""maxKeepAliveRequests"": ""4614"", ""maxParameterCount"": ""20289"", ""maxSwallowSize"": ""13405910"", ""maxThreads"": ""183"", ""minSpareThreads"": ""562"", ""processorCache"": ""150"", ""tcpNoDelay"": ""TRUE"", ""threadPriority"": ""7"", ""threadsMaxIdleTime"": ""403542"", ""useAsyncIO"": ""FALSE"", ""useVirtualThreads"": ""FALSE""}"
tomcat,lf05_hard07,"lambda_f=0.5, hard=0.7",3305,RQ1&2parrel,41,1224.37,40.48,1224.37,10.049586057662964,"[8, 50, 10, False]",0.0,10.049479961395264,0.0,"{""acceptCount"": ""731"", ""allowBackslash"": ""FALSE"", ""compression"": ""off"", ""compressionMinSize"": ""5775"", ""connectionTimeout"": ""395237"", ""connectionUploadTimeout"": ""583821"", ""disableUploadTimeout"": ""TRUE"", ""executorTerminationTimeoutMillis"": ""119866"", ""keepAliveTimeout"": ""496932"", ""maxConnections"": ""19656"", ""maxHeaderCount"": ""147"", ""maxHttpHeaderSize"": ""28879"", ""maxHttpRequestHeaderSize"": ""32915"", ""maxHttpResponseHeaderSize"": ""46389"", ""maxKeepAliveRequests"": ""1512"", ""maxParameterCount"": ""792"", ""maxSwallowSize"": ""11276515"", ""maxThreads"": ""216"", ""minSpareThreads"": ""27"", ""processorCache"": ""298"", ""tcpNoDelay"": ""FALSE"", ""threadPriority"": ""2"", ""threadsMaxIdleTime"": ""448228"", ""useAsyncIO"": ""TRUE"", ""useVirtualThreads"": ""TRUE""}"
tomcat,lf05_hard07,"lambda_f=0.5, hard=0.7",3305,RQ1&2parrel,42,1212.79,41.17,1212.79,10.044830083847046,"[8, 50, 10, False]",0.0,10.04473352432251,0.0,"{""acceptCount"": ""603"", ""allowBackslash"": ""TRUE"", ""compression"": ""off"", ""compressionMinSize"": ""4264"", ""connectionTimeout"": ""45291"", ""connectionUploadTimeout"": ""357591"", ""disableUploadTimeout"": ""TRUE"", ""executorTerminationTimeoutMillis"": ""589697"", ""keepAliveTimeout"": ""276729"", ""maxConnections"": ""11887"", ""maxHeaderCount"": ""542"", ""maxHttpHeaderSize"": ""4495"", ""maxHttpRequestHeaderSize"": ""12313"", ""maxHttpResponseHeaderSize"": ""2798"", ""maxKeepAliveRequests"": ""4739"", ""maxParameterCount"": ""35962"", ""maxSwallowSize"": ""6483254"", ""maxThreads"": ""68"", ""minSpareThreads"": ""499"", ""processorCache"": ""393"", ""tcpNoDelay"": ""TRUE"", ""threadPriority"": ""5"", ""threadsMaxIdleTime"": ""242335"", ""useAsyncIO"": ""TRUE"", ""useVirtualThreads"": ""TRUE""}"
tomcat,lf05_hard07,"lambda_f=0.5, hard=0.7",3305,RQ1&2parrel,43,1264.78,51.91,1264.78,10.04659914970398,"[8, 50, 10, False]",0.0,10.046499252319336,0.0,"{""acceptCount"": ""817"", ""allowBackslash"": ""TRUE"", ""compression"": ""force"", ""compressionMinSize"": ""364"", ""connectionTimeout"": ""144352"", ""connectionUploadTimeout"": ""73675"", ""disableUploadTimeout"": ""TRUE"", ""executorTerminationTimeoutMillis"": ""76092"", ""keepAliveTimeout"": ""179228"", ""maxConnections"": ""1919"", ""maxHeaderCount"": ""293"", ""maxHttpHeaderSize"": ""6442"", ""maxHttpRequestHeaderSize"": ""20115"", ""maxHttpResponseHeaderSize"": ""4876"", ""maxKeepAliveRequests"": ""908"", ""maxParameterCount"": ""55290"", ""maxSwallowSize"": ""19828392"", ""maxThreads"": ""245"", ""minSpareThreads"": ""472"", ""processorCache"": ""3"", ""tcpNoDelay"": ""TRUE"", ""threadPriority"": ""3"", ""threadsMaxIdleTime"": ""359299"", ""useAsyncIO"": ""FALSE"", ""useVirtualThreads"": ""FALSE""}"
tomcat,lf05_hard07,"lambda_f=0.5, hard=0.7",3305,RQ1&2parrel,44,1308.18,47.19,1308.18,10.06696105003357,"[8, 50, 10, False]",0.0,10.066863298416138,0.0,"{""acceptCount"": ""833"", ""allowBackslash"": ""TRUE"", ""compression"": ""force"", ""compressionMinSize"": ""9842"", ""connectionTimeout"": ""162698"", ""connectionUploadTimeout"": ""491864"", ""disableUploadTimeout"": ""TRUE"", ""executorTerminationTimeoutMillis"": ""23840"", ""keepAliveTimeout"": ""156430"", ""maxConnections"": ""11696"", ""maxHeaderCount"": ""783"", ""maxHttpHeaderSize"": ""9753"", ""maxHttpRequestHeaderSize"": ""63800"", ""maxHttpResponseHeaderSize"": ""29271"", ""maxKeepAliveRequests"": ""3010"", ""maxParameterCount"": ""42425"", ""maxSwallowSize"": ""15251742"", ""maxThreads"": ""177"", ""minSpareThreads"": ""469"", ""processorCache"": ""166"", ""tcpNoDelay"": ""TRUE"", ""threadPriority"": ""7"", ""threadsMaxIdleTime"": ""372310"", ""useAsyncIO"": ""FALSE"", ""useVirtualThreads"": ""FALSE""}"
tomcat,lf05_hard07,"lambda_f=0.5, hard=0.7",3305,RQ1&2parrel,45,1358.4,43.64,1358.4,10.051206827163696,"[8, 50, 10, False]",0.0,10.051110029220581,0.0,"{""acceptCount"": ""864"", ""allowBackslash"": ""TRUE"", ""compression"": ""on"", ""compressionMinSize"": ""3968"", ""connectionTimeout"": ""337200"", ""connectionUploadTimeout"": ""375755"", ""disableUploadTimeout"": ""TRUE"", ""executorTerminationTimeoutMillis"": ""155009"", ""keepAliveTimeout"": ""108074"", ""maxConnections"": ""456"", ""maxHeaderCount"": ""523"", ""maxHttpHeaderSize"": ""38086"", ""maxHttpRequestHeaderSize"": ""48612"", ""maxHttpResponseHeaderSize"": ""41477"", ""maxKeepAliveRequests"": ""3163"", ""maxParameterCount"": ""33196"", ""maxSwallowSize"": ""11115571"", ""maxThreads"": ""174"", ""minSpareThreads"": ""528"", ""processorCache"": ""68"", ""tcpNoDelay"": ""FALSE"", ""threadPriority"": ""5"", ""threadsMaxIdleTime"": ""413096"", ""useAsyncIO"": ""TRUE"", ""useVirtualThreads"": ""FALSE""}"
tomcat,lf05_hard07,"lambda_f=0.5, hard=0.7",3305,RQ1&2parrel,46,1271.18,38.8,1271.18,10.054199457168579,"[8, 50, 10, False]",0.0,10.054107666015625,0.0,"{""acceptCount"": ""335"", ""allowBackslash"": ""FALSE"", ""compression"": ""force"", ""compressionMinSize"": ""7809"", ""connectionTimeout"": ""184313"", ""connectionUploadTimeout"": ""264327"", ""disableUploadTimeout"": ""FALSE"", ""executorTerminationTimeoutMillis"": ""480442"", ""keepAliveTimeout"": ""229099"", ""maxConnections"": ""19727"", ""maxHeaderCount"": ""265"", ""maxHttpHeaderSize"": ""2231"", ""maxHttpRequestHeaderSize"": ""4011"", ""maxHttpResponseHeaderSize"": ""28473"", ""maxKeepAliveRequests"": ""1147"", ""maxParameterCount"": ""30069"", ""maxSwallowSize"": ""4731118"", ""maxThreads"": ""189"", ""minSpareThreads"": ""729"", ""processorCache"": ""192"", ""tcpNoDelay"": ""FALSE"", ""threadPriority"": ""4"", ""threadsMaxIdleTime"": ""106346"", ""useAsyncIO"": ""TRUE"", ""useVirtualThreads"": ""TRUE""}"
tomcat,lf05_hard07,"lambda_f=0.5, hard=0.7",3305,RQ1&2parrel,47,1362.66,42.24,1362.66,10.047524213790894,"[8, 50, 10, False]",0.0,10.047369718551636,0.0,"{""acceptCount"": ""239"", ""allowBackslash"": ""TRUE"", ""compression"": ""on"", ""compressionMinSize"": ""4696"", ""connectionTimeout"": ""113328"", ""connectionUploadTimeout"": ""523706"", ""disableUploadTimeout"": ""TRUE"", ""executorTerminationTimeoutMillis"": ""393258"", ""keepAliveTimeout"": ""102338"", ""maxConnections"": ""17435"", ""maxHeaderCount"": ""911"", ""maxHttpHeaderSize"": ""16297"", ""maxHttpRequestHeaderSize"": ""21974"", ""maxHttpResponseHeaderSize"": ""23232"", ""maxKeepAliveRequests"": ""3509"", ""maxParameterCount"": ""43609"", ""maxSwallowSize"": ""20625872"", ""maxThreads"": ""56"", ""minSpareThreads"": ""512"", ""processorCache"": ""254"", ""tcpNoDelay"": ""TRUE"", ""threadPriority"": ""2"", ""threadsMaxIdleTime"": ""292325"", ""useAsyncIO"": ""FALSE"", ""useVirtualThreads"": ""FALSE""}"
tomcat,lf05_hard07,"lambda_f=0.5, hard=0.7",3305,RQ1&2parrel,48,1411.33,40.11,1411.33,10.03579068183899,"[8, 50, 10, False]",0.0,10.035701751708984,0.0,"{""acceptCount"": ""965"", ""allowBackslash"": ""FALSE"", ""compression"": ""force"", ""compressionMinSize"": ""1502"", ""connectionTimeout"": ""390657"", ""connectionUploadTimeout"": ""349988"", ""disableUploadTimeout"": ""TRUE"", ""executorTerminationTimeoutMillis"": ""576540"", ""keepAliveTimeout"": ""518791"", ""maxConnections"": ""17900"", ""maxHeaderCount"": ""873"", ""maxHttpHeaderSize"": ""5191"", ""maxHttpRequestHeaderSize"": ""47736"", ""maxHttpResponseHeaderSize"": ""18448"", ""maxKeepAliveRequests"": ""1538"", ""maxParameterCount"": ""38460"", ""maxSwallowSize"": ""7002910"", ""maxThreads"": ""380"", ""minSpareThreads"": ""386"", ""processorCache"": ""367"", ""tcpNoDelay"": ""FALSE"", ""threadPriority"": ""4"", ""threadsMaxIdleTime"": ""548935"", ""useAsyncIO"": ""TRUE"", ""useVirtualThreads"": ""FALSE""}"
tomcat,lf05_hard07,"lambda_f=0.5, hard=0.7",3305,RQ1&2parrel,49,1352.1,49.09,1352.1,10.055131673812866,"[8, 50, 10, False]",0.0,10.055040121078491,0.0,"{""acceptCount"": ""519"", ""allowBackslash"": ""TRUE"", ""compression"": ""off"", ""compressionMinSize"": ""8176"", ""connectionTimeout"": ""23312"", ""connectionUploadTimeout"": ""301436"", ""disableUploadTimeout"": ""TRUE"", ""executorTerminationTimeoutMillis"": ""85562"", ""keepAliveTimeout"": ""414025"", ""maxConnections"": ""11415"", ""maxHeaderCount"": ""426"", ""maxHttpHeaderSize"": ""14119"", ""maxHttpRequestHeaderSize"": ""54528"", ""maxHttpResponseHeaderSize"": ""42515"", ""maxKeepAliveRequests"": ""3624"", ""maxParameterCount"": ""77570"", ""maxSwallowSize"": ""18067696"", ""maxThreads"": ""241"", ""minSpareThreads"": ""693"", ""processorCache"": ""196"", ""tcpNoDelay"": ""FALSE"", ""threadPriority"": ""7"", ""threadsMaxIdleTime"": ""9114"", ""useAsyncIO"": ""FALSE"", ""useVirtualThreads"": ""FALSE""}"
tomcat,lf05_hard07,"lambda_f=0.5, hard=0.7",3305,RQ1&2parrel,50,1349.66,36.29,1349.66,10.033615350723267,"[8, 50, 10, False]",0.0,10.033526420593262,0.0,"{""acceptCount"": ""797"", ""allowBackslash"": ""TRUE"", ""compression"": ""force"", ""compressionMinSize"": ""3467"", ""connectionTimeout"": ""553583"", ""connectionUploadTimeout"": ""388553"", ""disableUploadTimeout"": ""FALSE"", ""executorTerminationTimeoutMillis"": ""361490"", ""keepAliveTimeout"": ""252117"", ""maxConnections"": ""5948"", ""maxHeaderCount"": ""325"", ""maxHttpHeaderSize"": ""2612"", ""maxHttpRequestHeaderSize"": ""31454"", ""maxHttpResponseHeaderSize"": ""50686"", ""maxKeepAliveRequests"": ""1570"", ""maxParameterCount"": ""4028"", ""maxSwallowSize"": ""15236251"", ""maxThreads"": ""271"", ""minSpareThreads"": ""574"", ""processorCache"": ""122"", ""tcpNoDelay"": ""FALSE"", ""threadPriority"": ""6"", ""threadsMaxIdleTime"": ""78503"", ""useAsyncIO"": ""FALSE"", ""useVirtualThreads"": ""TRUE""}"
tomcat,lf05_hard07,"lambda_f=0.5, hard=0.7",3305,RQ1&2parrel,51,1339.98,36.97,1339.98,10.028892517089844,"[8, 50, 10, False]",0.0,10.02880573272705,0.0,"{""acceptCount"": ""369"", ""allowBackslash"": ""FALSE"", ""compression"": ""off"", ""compressionMinSize"": ""703"", ""connectionTimeout"": ""432884"", ""connectionUploadTimeout"": ""436518"", ""disableUploadTimeout"": ""FALSE"", ""executorTerminationTimeoutMillis"": ""491096"", ""keepAliveTimeout"": ""125736"", ""maxConnections"": ""19599"", ""maxHeaderCount"": ""739"", ""maxHttpHeaderSize"": ""28929"", ""maxHttpRequestHeaderSize"": ""59700"", ""maxHttpResponseHeaderSize"": ""46950"", ""maxKeepAliveRequests"": ""4667"", ""maxParameterCount"": ""54769"", ""maxSwallowSize"": ""9282933"", ""maxThreads"": ""199"", ""minSpareThreads"": ""673"", ""processorCache"": ""3"", ""tcpNoDelay"": ""FALSE"", ""threadPriority"": ""8"", ""threadsMaxIdleTime"": ""211431"", ""useAsyncIO"": ""TRUE"", ""useVirtualThreads"": ""TRUE""}"
tomcat,lf05_hard07,"lambda_f=0.5, hard=0.7",3305,RQ1&2parrel,52,1436.2,42.19,1436.2,10.027320861816406,"[8, 50, 10, False]",0.0,10.027226209640503,0.0,"{""acceptCount"": ""598"", ""allowBackslash"": ""TRUE"", ""compression"": ""on"", ""compressionMinSize"": ""10003"", ""connectionTimeout"": ""411313"", ""connectionUploadTimeout"": ""398777"", ""disableUploadTimeout"": ""TRUE"", ""executorTerminationTimeoutMillis"": ""39920"", ""keepAliveTimeout"": ""320948"", ""maxConnections"": ""9797"", ""maxHeaderCount"": ""240"", ""maxHttpHeaderSize"": ""2547"", ""maxHttpRequestHeaderSize"": ""34532"", ""maxHttpResponseHeaderSize"": ""20370"", ""maxKeepAliveRequests"": ""3521"", ""maxParameterCount"": ""13196"", ""maxSwallowSize"": ""9264306"", ""maxThreads"": ""247"", ""minSpareThreads"": ""837"", ""processorCache"": ""182"", ""tcpNoDelay"": ""FALSE"", ""threadPriority"": ""9"", ""threadsMaxIdleTime"": ""584712"", ""useAsyncIO"": ""FALSE"", ""useVirtualThreads"": ""FALSE""}"
tomcat,lf05_hard07,"lambda_f=0.5, hard=0.7",3305,RQ1&2parrel,53,1497.25,36.26,1497.25,10.01768946647644,"[8, 50, 10, False]",0.0,10.017535209655762,0.0,"{""acceptCount"": ""920"", ""allowBackslash"": ""FALSE"", ""compression"": ""force"", ""compressionMinSize"": ""800"", ""connectionTimeout"": ""311"", ""connectionUploadTimeout"": ""448500"", ""disableUploadTimeout"": ""TRUE"", ""executorTerminationTimeoutMillis"": ""451065"", ""keepAliveTimeout"": ""536859"", ""maxConnections"": ""812"", ""maxHeaderCount"": ""562"", ""maxHttpHeaderSize"": ""12702"", ""maxHttpRequestHeaderSize"": ""59619"", ""maxHttpResponseHeaderSize"": ""44689"", ""maxKeepAliveRequests"": ""1318"", ""maxParameterCount"": ""52111"", ""maxSwallowSize"": ""20390200"", ""maxThreads"": ""386"", ""minSpareThreads"": ""22"", ""processorCache"": ""355"", ""tcpNoDelay"": ""FALSE"", ""threadPriority"": ""2"", ""threadsMaxIdleTime"": ""39110"", ""useAsyncIO"": ""TRUE"", ""useVirtualThreads"": ""FALSE""}"
tomcat,lf05_hard07,"lambda_f=0.5, hard=0.7",3305,RQ1&2parrel,54,1401.34,39.3,1401.34,10.04213547706604,"[8, 50, 10, False]",0.0,10.041592359542847,0.0,"{""acceptCount"": ""369"", ""allowBackslash"": ""FALSE"", ""compression"": ""on"", ""compressionMinSize"": ""2473"", ""connectionTimeout"": ""383816"", ""connectionUploadTimeout"": ""217129"", ""disableUploadTimeout"": ""FALSE"", ""executorTerminationTimeoutMillis"": ""302772"", ""keepAliveTimeout"": ""422784"", ""maxConnections"": ""17546"", ""maxHeaderCount"": ""231"", ""maxHttpHeaderSize"": ""33578"", ""maxHttpRequestHeaderSize"": ""58255"", ""maxHttpResponseHeaderSize"": ""55471"", ""maxKeepAliveRequests"": ""2442"", ""maxParameterCount"": ""43215"", ""maxSwallowSize"": ""7104279"", ""maxThreads"": ""250"", ""minSpareThreads"": ""840"", ""processorCache"": ""374"", ""tcpNoDelay"": ""FALSE"", ""threadPriority"": ""5"", ""threadsMaxIdleTime"": ""570673"", ""useAsyncIO"": ""FALSE"", ""useVirtualThreads"": ""FALSE""}"
tomcat,lf05_hard07,"lambda_f=0.5, hard=0.7",3305,RQ1&2parrel,55,1194.0,41.73,1194.0,10.045942544937134,"[8, 50, 10, False]",0.0,10.045851469039917,0.0,"{""acceptCount"": ""112"", ""allowBackslash"": ""FALSE"", ""compression"": ""on"", ""compressionMinSize"": ""1928"", ""connectionTimeout"": ""516308"", ""connectionUploadTimeout"": ""463165"", ""disableUploadTimeout"": ""FALSE"", ""executorTerminationTimeoutMillis"": ""594161"", ""keepAliveTimeout"": ""387226"", ""maxConnections"": ""11986"", ""maxHeaderCount"": ""211"", ""maxHttpHeaderSize"": ""7020"", ""maxHttpRequestHeaderSize"": ""50576"", ""maxHttpResponseHeaderSize"": ""12979"", ""maxKeepAliveRequests"": ""3135"", ""maxParameterCount"": ""87576"", ""maxSwallowSize"": ""15308141"", ""maxThreads"": ""191"", ""minSpareThreads"": ""80"", ""processorCache"": ""25"", ""tcpNoDelay"": ""TRUE"", ""threadPriority"": ""6"", ""threadsMaxIdleTime"": ""181430"", ""useAsyncIO"": ""TRUE"", ""useVirtualThreads"": ""TRUE""}"
tomcat,lf05_hard07,"lambda_f=0.5, hard=0.7",3305,RQ1&2parrel,56,1280.48,48.25,1280.48,10.040353536605835,"[8, 50, 10, False]",0.0,10.040261507034302,0.0,"{""acceptCount"": ""326"", ""allowBackslash"": ""FALSE"", ""compression"": ""force"", ""compressionMinSize"": ""6839"", ""connectionTimeout"": ""134865"", ""connectionUploadTimeout"": ""525736"", ""disableUploadTimeout"": ""TRUE"", ""executorTerminationTimeoutMillis"": ""157617"", ""keepAliveTimeout"": ""295346"", ""maxConnections"": ""5574"", ""maxHeaderCount"": ""46"", ""maxHttpHeaderSize"": ""9730"", ""maxHttpRequestHeaderSize"": ""27026"", ""maxHttpResponseHeaderSize"": ""21278"", ""maxKeepAliveRequests"": ""1433"", ""maxParameterCount"": ""17558"", ""maxSwallowSize"": ""18323588"", ""maxThreads"": ""121"", ""minSpareThreads"": ""218"", ""processorCache"": ""95"", ""tcpNoDelay"": ""TRUE"", ""threadPriority"": ""7"", ""threadsMaxIdleTime"": ""262407"", ""useAsyncIO"": ""TRUE"", ""useVirtualThreads"": ""FALSE""}"
tomcat,lf05_hard07,"lambda_f=0.5, hard=0.7",3305,RQ1&2parrel,57,1307.03,46.73,1307.03,10.048341989517212,"[8, 50, 10, False]",0.0,10.048246383666992,0.0,"{""acceptCount"": ""129"", ""allowBackslash"": ""TRUE"", ""compression"": ""off"", ""compressionMinSize"": ""2684"", ""connectionTimeout"": ""353527"", ""connectionUploadTimeout"": ""574287"", ""disableUploadTimeout"": ""TRUE"", ""executorTerminationTimeoutMillis"": ""342808"", ""keepAliveTimeout"": ""46844"", ""maxConnections"": ""3777"", ""maxHeaderCount"": ""725"", ""maxHttpHeaderSize"": ""1456"", ""maxHttpRequestHeaderSize"": ""1820"", ""maxHttpResponseHeaderSize"": ""45726"", ""maxKeepAliveRequests"": ""3719"", ""maxParameterCount"": ""53349"", ""maxSwallowSize"": ""7074764"", ""maxThreads"": ""63"", ""minSpareThreads"": ""892"", ""processorCache"": ""268"", ""tcpNoDelay"": ""TRUE"", ""threadPriority"": ""4"", ""threadsMaxIdleTime"": ""314356"", ""useAsyncIO"": ""FALSE"", ""useVirtualThreads"": ""FALSE""}"
tomcat,lf05_hard07,"lambda_f=0.5, hard=0.7",3305,RQ1&2parrel,58,1311.7,38.09,1311.7,10.039304494857788,"[8, 50, 10, False]",0.0,10.039211511611938,0.0,"{""acceptCount"": ""310"", ""allowBackslash"": ""FALSE"", ""compression"": ""force"", ""compressionMinSize"": ""1405"", ""connectionTimeout"": ""470870"", ""connectionUploadTimeout"": ""416822"", ""disableUploadTimeout"": ""FALSE"", ""executorTerminationTimeoutMillis"": ""534963"", ""keepAliveTimeout"": ""250455"", ""maxConnections"": ""11082"", ""maxHeaderCount"": ""158"", ""maxHttpHeaderSize"": ""24485"", ""maxHttpRequestHeaderSize"": ""63942"", ""maxHttpResponseHeaderSize"": ""28634"", ""maxKeepAliveRequests"": ""4540"", ""maxParameterCount"": ""12104"", ""maxSwallowSize"": ""20126504"", ""maxThreads"": ""275"", ""minSpareThreads"": ""746"", ""processorCache"": ""346"", ""tcpNoDelay"": ""FALSE"", ""threadPriority"": ""3"", ""threadsMaxIdleTime"": ""292733"", ""useAsyncIO"": ""FALSE"", ""useVirtualThreads"": ""TRUE""}"
tomcat,lf05_hard07,"lambda_f=0.5, hard=0.7",3305,RQ1&2parrel,59,1452.82,38.44,1452.82,10.015115737915039,"[8, 50, 10, False]",0.0,10.015021324157715,0.0,"{""acceptCount"": ""27"", ""allowBackslash"": ""FALSE"", ""compression"": ""off"", ""compressionMinSize"": ""4461"", ""connectionTimeout"": ""32662"", ""connectionUploadTimeout"": ""298558"", ""disableUploadTimeout"": ""TRUE"", ""executorTerminationTimeoutMillis"": ""168247"", ""keepAliveTimeout"": ""306719"", ""maxConnections"": ""16074"", ""maxHeaderCount"": ""179"", ""maxHttpHeaderSize"": ""2167"", ""maxHttpRequestHeaderSize"": ""61955"", ""maxHttpResponseHeaderSize"": ""58853"", ""maxKeepAliveRequests"": ""4349"", ""maxParameterCount"": ""40423"", ""maxSwallowSize"": ""19756480"", ""maxThreads"": ""113"", ""minSpareThreads"": ""994"", ""processorCache"": ""100"", ""tcpNoDelay"": ""FALSE"", ""threadPriority"": ""3"", ""threadsMaxIdleTime"": ""575055"", ""useAsyncIO"": ""TRUE"", ""useVirtualThreads"": ""FALSE""}"
tomcat,lf05_hard07,"lambda_f=0.5, hard=0.7",3305,RQ1&2parrel,60,1295.8,38.12,1295.8,10.03614354133606,"[8, 50, 10, False]",0.0,10.036043405532837,0.0,"{""acceptCount"": ""290"", ""allowBackslash"": ""FALSE"", ""compression"": ""force"", ""compressionMinSize"": ""9811"", ""connectionTimeout"": ""544188"", ""connectionUploadTimeout"": ""213746"", ""disableUploadTimeout"": ""FALSE"", ""executorTerminationTimeoutMillis"": ""584663"", ""keepAliveTimeout"": ""210729"", ""maxConnections"": ""1563"", ""maxHeaderCount"": ""78"", ""maxHttpHeaderSize"": ""15583"", ""maxHttpRequestHeaderSize"": ""24038"", ""maxHttpResponseHeaderSize"": ""34394"", ""maxKeepAliveRequests"": ""1084"", ""maxParameterCount"": ""67124"", ""maxSwallowSize"": ""12153528"", ""maxThreads"": ""196"", ""minSpareThreads"": ""867"", ""processorCache"": ""180"", ""tcpNoDelay"": ""FALSE"", ""threadPriority"": ""2"", ""threadsMaxIdleTime"": ""505724"", ""useAsyncIO"": ""TRUE"", ""useVirtualThreads"": ""TRUE""}"
tomcat,lf05_hard07,"lambda_f=0.5, hard=0.7",3305,RQ1&2parrel,61,1349.59,36.16,1349.59,10.019138097763062,"[8, 50, 10, False]",0.0,10.01904845237732,0.0,"{""acceptCount"": ""229"", ""allowBackslash"": ""TRUE"", ""compression"": ""on"", ""compressionMinSize"": ""1146"", ""connectionTimeout"": ""167464"", ""connectionUploadTimeout"": ""187423"", ""disableUploadTimeout"": ""FALSE"", ""executorTerminationTimeoutMillis"": ""93831"", ""keepAliveTimeout"": ""122078"", ""maxConnections"": ""7890"", ""maxHeaderCount"": ""631"", ""maxHttpHeaderSize"": ""7794"", ""maxHttpRequestHeaderSize"": ""13174"", ""maxHttpResponseHeaderSize"": ""26585"", ""maxKeepAliveRequests"": ""3756"", ""maxParameterCount"": ""5968"", ""maxSwallowSize"": ""2430184"", ""maxThreads"": ""36"", ""minSpareThreads"": ""56"", ""processorCache"": ""358"", ""tcpNoDelay"": ""FALSE"", ""threadPriority"": ""9"", ""threadsMaxIdleTime"": ""145493"", ""useAsyncIO"": ""FALSE"", ""useVirtualThreads"": ""TRUE""}"
tomcat,lf05_hard07,"lambda_f=0.5, hard=0.7",3305,RQ1&2parrel,62,1318.92,44.99,1318.92,10.021793365478516,"[8, 50, 10, False]",0.0,10.02169418334961,0.0,"{""acceptCount"": ""336"", ""allowBackslash"": ""FALSE"", ""compression"": ""force"", ""compressionMinSize"": ""4987"", ""connectionTimeout"": ""59203"", ""connectionUploadTimeout"": ""26959"", ""disableUploadTimeout"": ""TRUE"", ""executorTerminationTimeoutMillis"": ""220414"", ""keepAliveTimeout"": ""180970"", ""maxConnections"": ""16989"", ""maxHeaderCount"": ""189"", ""maxHttpHeaderSize"": ""17148"", ""maxHttpRequestHeaderSize"": ""52651"", ""maxHttpResponseHeaderSize"": ""47774"", ""maxKeepAliveRequests"": ""2937"", ""maxParameterCount"": ""60097"", ""maxSwallowSize"": ""15593483"", ""maxThreads"": ""204"", ""minSpareThreads"": ""331"", ""processorCache"": ""229"", ""tcpNoDelay"": ""TRUE"", ""threadPriority"": ""6"", ""threadsMaxIdleTime"": ""461331"", ""useAsyncIO"": ""FALSE"", ""useVirtualThreads"": ""FALSE""}"
tomcat,lf05_hard07,"lambda_f=0.5, hard=0.7",3305,RQ1&2parrel,63,1277.0,38.65,1277.0,10.022119045257568,"[8, 50, 10, False]",0.0,10.022009372711182,0.0,"{""acceptCount"": ""213"", ""allowBackslash"": ""TRUE"", ""compression"": ""force"", ""compressionMinSize"": ""4745"", ""connectionTimeout"": ""574767"", ""connectionUploadTimeout"": ""563832"", ""disableUploadTimeout"": ""FALSE"", ""executorTerminationTimeoutMillis"": ""174285"", ""keepAliveTimeout"": ""202607"", ""maxConnections"": ""9504"", ""maxHeaderCount"": ""436"", ""maxHttpHeaderSize"": ""39149"", ""maxHttpRequestHeaderSize"": ""49701"", ""maxHttpResponseHeaderSize"": ""55073"", ""maxKeepAliveRequests"": ""1559"", ""maxParameterCount"": ""83872"", ""maxSwallowSize"": ""8525360"", ""maxThreads"": ""359"", ""minSpareThreads"": ""944"", ""processorCache"": ""323"", ""tcpNoDelay"": ""TRUE"", ""threadPriority"": ""7"", ""threadsMaxIdleTime"": ""54196"", ""useAsyncIO"": ""TRUE"", ""useVirtualThreads"": ""TRUE""}"
tomcat,lf05_hard07,"lambda_f=0.5, hard=0.7",3305,RQ1&2parrel,64,1190.82,41.75,1190.82,10.027811288833618,"[8, 50, 10, False]",0.0,10.027692794799805,0.0,"{""acceptCount"": ""818"", ""allowBackslash"": ""TRUE"", ""compression"": ""force"", ""compressionMinSize"": ""7302"", ""connectionTimeout"": ""249521"", ""connectionUploadTimeout"": ""236422"", ""disableUploadTimeout"": ""FALSE"", ""executorTerminationTimeoutMillis"": ""418373"", ""keepAliveTimeout"": ""227212"", ""maxConnections"": ""4804"", ""maxHeaderCount"": ""222"", ""maxHttpHeaderSize"": ""21057"", ""maxHttpRequestHeaderSize"": ""36497"", ""maxHttpResponseHeaderSize"": ""50589"", ""maxKeepAliveRequests"": ""2551"", ""maxParameterCount"": ""34480"", ""maxSwallowSize"": ""9631567"", ""maxThreads"": ""160"", ""minSpareThreads"": ""588"", ""processorCache"": ""365"", ""tcpNoDelay"": ""FALSE"", ""threadPriority"": ""10"", ""threadsMaxIdleTime"": ""264325"", ""useAsyncIO"": ""TRUE"", ""useVirtualThreads"": ""TRUE""}"
tomcat,lf05_hard07,"lambda_f=0.5, hard=0.7",3305,RQ1&2parrel,65,1330.74,43.43,1330.74,10.023386478424072,"[8, 50, 10, False]",0.0,10.023289918899536,0.0,"{""acceptCount"": ""490"", ""allowBackslash"": ""TRUE"", ""compression"": ""off"", ""compressionMinSize"": ""846"", ""connectionTimeout"": ""515624"", ""connectionUploadTimeout"": ""281522"", ""disableUploadTimeout"": ""FALSE"", ""executorTerminationTimeoutMillis"": ""341468"", ""keepAliveTimeout"": ""253352"", ""maxConnections"": ""19456"", ""maxHeaderCount"": ""680"", ""maxHttpHeaderSize"": ""33257"", ""maxHttpRequestHeaderSize"": ""41901"", ""maxHttpResponseHeaderSize"": ""53119"", ""maxKeepAliveRequests"": ""2874"", ""maxParameterCount"": ""150"", ""maxSwallowSize"": ""17468900"", ""maxThreads"": ""132"", ""minSpareThreads"": ""964"", ""processorCache"": ""81"", ""tcpNoDelay"": ""TRUE"", ""threadPriority"": ""9"", ""threadsMaxIdleTime"": ""546605"", ""useAsyncIO"": ""FALSE"", ""useVirtualThreads"": ""FALSE""}"
tomcat,lf05_hard07,"lambda_f=0.5, hard=0.7",3305,RQ1&2parrel,66,1246.83,49.55,1246.83,10.026471376419067,"[8, 50, 10, False]",0.0,10.026356935501099,0.0,"{""acceptCount"": ""786"", ""allowBackslash"": ""TRUE"", ""compression"": ""force"", ""compressionMinSize"": ""7926"", ""connectionTimeout"": ""187786"", ""connectionUploadTimeout"": ""356141"", ""disableUploadTimeout"": ""FALSE"", ""executorTerminationTimeoutMillis"": ""264099"", ""keepAliveTimeout"": ""350247"", ""maxConnections"": ""13235"", ""maxHeaderCount"": ""894"", ""maxHttpHeaderSize"": ""4554"", ""maxHttpRequestHeaderSize"": ""53938"", ""maxHttpResponseHeaderSize"": ""33877"", ""maxKeepAliveRequests"": ""445"", ""maxParameterCount"": ""43992"", ""maxSwallowSize"": ""11125624"", ""maxThreads"": ""42"", ""minSpareThreads"": ""231"", ""processorCache"": ""303"", ""tcpNoDelay"": ""TRUE"", ""threadPriority"": ""1"", ""threadsMaxIdleTime"": ""448553"", ""useAsyncIO"": ""TRUE"", ""useVirtualThreads"": ""FALSE""}"
tomcat,lf05_hard07,"lambda_f=0.5, hard=0.7",3305,RQ1&2parrel,67,1220.16,40.61,1220.16,10.017115354537964,"[8, 50, 10, False]",0.0,10.01703143119812,0.0,"{""acceptCount"": ""525"", ""allowBackslash"": ""TRUE"", ""compression"": ""on"", ""compressionMinSize"": ""3716"", ""connectionTimeout"": ""426262"", ""connectionUploadTimeout"": ""417494"", ""disableUploadTimeout"": ""TRUE"", ""executorTerminationTimeoutMillis"": ""482990"", ""keepAliveTimeout"": ""183441"", ""maxConnections"": ""9325"", ""maxHeaderCount"": ""855"", ""maxHttpHeaderSize"": ""13272"", ""maxHttpRequestHeaderSize"": ""32816"", ""maxHttpResponseHeaderSize"": ""58312"", ""maxKeepAliveRequests"": ""4989"", ""maxParameterCount"": ""73825"", ""maxSwallowSize"": ""18575144"", ""maxThreads"": ""74"", ""minSpareThreads"": ""96"", ""processorCache"": ""379"", ""tcpNoDelay"": ""TRUE"", ""threadPriority"": ""3"", ""threadsMaxIdleTime"": ""370283"", ""useAsyncIO"": ""TRUE"", ""useVirtualThreads"": ""TRUE""}"
tomcat,lf05_hard07,"lambda_f=0.5, hard=0.7",3305,RQ1&2parrel,68,1404.48,40.4,1404.48,10.01818037033081,"[8, 50, 10, False]",0.0,10.018088102340698,0.0,"{""acceptCount"": ""729"", ""allowBackslash"": ""FALSE"", ""compression"": ""off"", ""compressionMinSize"": ""1911"", ""connectionTimeout"": ""598270"", ""connectionUploadTimeout"": ""306418"", ""disableUploadTimeout"": ""FALSE"", ""executorTerminationTimeoutMillis"": ""379273"", ""keepAliveTimeout"": ""582560"", ""maxConnections"": ""17375"", ""maxHeaderCount"": ""338"", ""maxHttpHeaderSize"": ""10692"", ""maxHttpRequestHeaderSize"": ""49043"", ""maxHttpResponseHeaderSize"": ""25047"", ""maxKeepAliveRequests"": ""4406"", ""maxParameterCount"": ""83100"", ""maxSwallowSize"": ""1166720"", ""maxThreads"": ""177"", ""minSpareThreads"": ""909"", ""processorCache"": ""134"", ""tcpNoDelay"": ""TRUE"", ""threadPriority"": ""9"", ""threadsMaxIdleTime"": ""203212"", ""useAsyncIO"": ""FALSE"", ""useVirtualThreads"": ""FALSE""}"
tomcat,lf05_hard07,"lambda_f=0.5, hard=0.7",3305,RQ1&2parrel,69,1256.69,46.23,1256.69,10.027904510498047,"[8, 50, 10, False]",0.0,10.027813911437988,0.0,"{""acceptCount"": ""603"", ""allowBackslash"": ""TRUE"", ""compression"": ""off"", ""compressionMinSize"": ""8523"", ""connectionTimeout"": ""161007"", ""connectionUploadTimeout"": ""534376"", ""disableUploadTimeout"": ""FALSE"", ""executorTerminationTimeoutMillis"": ""247088"", ""keepAliveTimeout"": ""212360"", ""maxConnections"": ""14831"", ""maxHeaderCount"": ""974"", ""maxHttpHeaderSize"": ""18820"", ""maxHttpRequestHeaderSize"": ""61208"", ""maxHttpResponseHeaderSize"": ""56639"", ""maxKeepAliveRequests"": ""1842"", ""maxParameterCount"": ""55737"", ""maxSwallowSize"": ""16444548"", ""maxThreads"": ""331"", ""minSpareThreads"": ""568"", ""processorCache"": ""30"", ""tcpNoDelay"": ""FALSE"", ""threadPriority"": ""7"", ""threadsMaxIdleTime"": ""335002"", ""useAsyncIO"": ""FALSE"", ""useVirtualThreads"": ""FALSE""}"
tomcat,lf05_hard07,"lambda_f=0.5, hard=0.7",3305,RQ1&2parrel,70,1315.45,45.7,1315.45,10.024743795394897,"[8, 50, 10, False]",0.0,10.024654150009155,0.0,"{""acceptCount"": ""444"", ""allowBackslash"": ""TRUE"", ""compression"": ""force"", ""compressionMinSize"": ""5086"", ""connectionTimeout"": ""247775"", ""connectionUploadTimeout"": ""470772"", ""disableUploadTimeout"": ""FALSE"", ""executorTerminationTimeoutMillis"": ""571628"", ""keepAliveTimeout"": ""33955"", ""maxConnections"": ""17838"", ""maxHeaderCount"": ""378"", ""maxHttpHeaderSize"": ""1621"", ""maxHttpRequestHeaderSize"": ""21469"", ""maxHttpResponseHeaderSize"": ""32888"", ""maxKeepAliveRequests"": ""560"", ""maxParameterCount"": ""84980"", ""maxSwallowSize"": ""13150003"", ""maxThreads"": ""251"", ""minSpareThreads"": ""37"", ""processorCache"": ""47"", ""tcpNoDelay"": ""FALSE"", ""threadPriority"": ""7"", ""threadsMaxIdleTime"": ""450548"", ""useAsyncIO"": ""TRUE"", ""useVirtualThreads"": ""FALSE""}"
tomcat,lf05_hard07,"lambda_f=0.5, hard=0.7",3305,RQ1&2parrel,71,1314.38,46.65,1314.38,10.028321027755737,"[8, 50, 10, False]",0.0,10.02818751335144,0.0,"{""acceptCount"": ""342"", ""allowBackslash"": ""FALSE"", ""compression"": ""force"", ""compressionMinSize"": ""3349"", ""connectionTimeout"": ""568493"", ""connectionUploadTimeout"": ""157591"", ""disableUploadTimeout"": ""FALSE"", ""executorTerminationTimeoutMillis"": ""90086"", ""keepAliveTimeout"": ""373514"", ""maxConnections"": ""2014"", ""maxHeaderCount"": ""954"", ""maxHttpHeaderSize"": ""870"", ""maxHttpRequestHeaderSize"": ""42740"", ""maxHttpResponseHeaderSize"": ""10867"", ""maxKeepAliveRequests"": ""2429"", ""maxParameterCount"": ""21421"", ""maxSwallowSize"": ""651000"", ""maxThreads"": ""325"", ""minSpareThreads"": ""76"", ""processorCache"": ""383"", ""tcpNoDelay"": ""TRUE"", ""threadPriority"": ""8"", ""threadsMaxIdleTime"": ""420122"", ""useAsyncIO"": ""FALSE"", ""useVirtualThreads"": ""FALSE""}"
tomcat,lf05_hard07,"lambda_f=0.5, hard=0.7",3305,RQ1&2parrel,72,1317.06,43.88,1317.06,10.02299165725708,"[8, 50, 10, False]",0.0,10.02288007736206,0.0,"{""acceptCount"": ""145"", ""allowBackslash"": ""TRUE"", ""compression"": ""on"", ""compressionMinSize"": ""7453"", ""connectionTimeout"": ""219900"", ""connectionUploadTimeout"": ""206142"", ""disableUploadTimeout"": ""FALSE"", ""executorTerminationTimeoutMillis"": ""579088"", ""keepAliveTimeout"": ""568678"", ""maxConnections"": ""8655"", ""maxHeaderCount"": ""277"", ""maxHttpHeaderSize"": ""10311"", ""maxHttpRequestHeaderSize"": ""52079"", ""maxHttpResponseHeaderSize"": ""52081"", ""maxKeepAliveRequests"": ""2723"", ""maxParameterCount"": ""57236"", ""maxSwallowSize"": ""11633904"", ""maxThreads"": ""258"", ""minSpareThreads"": ""753"", ""processorCache"": ""155"", ""tcpNoDelay"": ""TRUE"", ""threadPriority"": ""3"", ""threadsMaxIdleTime"": ""212305"", ""useAsyncIO"": ""TRUE"", ""useVirtualThreads"": ""FALSE""}"
tomcat,lf05_hard07,"lambda_f=0.5, hard=0.7",3305,RQ1&2parrel,73,1208.84,43.96,1208.84,10.026494026184082,"[8, 50, 10, False]",0.0,10.025567531585693,0.0,"{""acceptCount"": ""421"", ""allowBackslash"": ""TRUE"", ""compression"": ""force"", ""compressionMinSize"": ""1304"", ""connectionTimeout"": ""431420"", ""connectionUploadTimeout"": ""268727"", ""disableUploadTimeout"": ""TRUE"", ""executorTerminationTimeoutMillis"": ""172688"", ""keepAliveTimeout"": ""97471"", ""maxConnections"": ""13826"", ""maxHeaderCount"": ""472"", ""maxHttpHeaderSize"": ""7435"", ""maxHttpRequestHeaderSize"": ""26545"", ""maxHttpResponseHeaderSize"": ""44155"", ""maxKeepAliveRequests"": ""1928"", ""maxParameterCount"": ""37171"", ""maxSwallowSize"": ""19288064"", ""maxThreads"": ""228"", ""minSpareThreads"": ""888"", ""processorCache"": ""128"", ""tcpNoDelay"": ""TRUE"", ""threadPriority"": ""1"", ""threadsMaxIdleTime"": ""281328"", ""useAsyncIO"": ""TRUE"", ""useVirtualThreads"": ""TRUE""}"
tomcat,lf05_hard07,"lambda_f=0.5, hard=0.7",3305,RQ1&2parrel,74,1309.8,46.97,1309.8,10.025571823120117,"[8, 50, 10, False]",0.0,10.025477647781372,0.0,"{""acceptCount"": ""17"", ""allowBackslash"": ""FALSE"", ""compression"": ""on"", ""compressionMinSize"": ""2585"", ""connectionTimeout"": ""539388"", ""connectionUploadTimeout"": ""129397"", ""disableUploadTimeout"": ""FALSE"", ""executorTerminationTimeoutMillis"": ""149248"", ""keepAliveTimeout"": ""189172"", ""maxConnections"": ""1053"", ""maxHeaderCount"": ""914"", ""maxHttpHeaderSize"": ""18439"", ""maxHttpRequestHeaderSize"": ""39851"", ""maxHttpResponseHeaderSize"": ""30840"", ""maxKeepAliveRequests"": ""1029"", ""maxParameterCount"": ""78260"", ""maxSwallowSize"": ""5939444"", ""maxThreads"": ""11"", ""minSpareThreads"": ""727"", ""processorCache"": ""62"", ""tcpNoDelay"": ""FALSE"", ""threadPriority"": ""5"", ""threadsMaxIdleTime"": ""306576"", ""useAsyncIO"": ""TRUE"", ""useVirtualThreads"": ""FALSE""}"
tomcat,lf05_hard07,"lambda_f=0.5, hard=0.7",3305,RQ1&2parrel,75,1174.8,44.51,1174.8,10.02559781074524,"[8, 50, 10, False]",0.0,10.025504112243652,0.0,"{""acceptCount"": ""828"", ""allowBackslash"": ""TRUE"", ""compression"": ""force"", ""compressionMinSize"": ""6144"", ""connectionTimeout"": ""304050"", ""connectionUploadTimeout"": ""107254"", ""disableUploadTimeout"": ""TRUE"", ""executorTerminationTimeoutMillis"": ""475540"", ""keepAliveTimeout"": ""418606"", ""maxConnections"": ""19828"", ""maxHeaderCount"": ""988"", ""maxHttpHeaderSize"": ""4819"", ""maxHttpRequestHeaderSize"": ""59101"", ""maxHttpResponseHeaderSize"": ""22863"", ""maxKeepAliveRequests"": ""2043"", ""maxParameterCount"": ""96495"", ""maxSwallowSize"": ""16730044"", ""maxThreads"": ""69"", ""minSpareThreads"": ""817"", ""processorCache"": ""222"", ""tcpNoDelay"": ""FALSE"", ""threadPriority"": ""8"", ""threadsMaxIdleTime"": ""17160"", ""useAsyncIO"": ""TRUE"", ""useVirtualThreads"": ""TRUE""}"
tomcat,lf05_hard07,"lambda_f=0.5, hard=0.7",3305,RQ1&2parrel,76,1331.14,37.02,1331.14,10.017119646072388,"[8, 50, 10, False]",0.0,10.017021179199219,0.0,"{""acceptCount"": ""80"", ""allowBackslash"": ""FALSE"", ""compression"": ""force"", ""compressionMinSize"": ""6532"", ""connectionTimeout"": ""386780"", ""connectionUploadTimeout"": ""506525"", ""disableUploadTimeout"": ""TRUE"", ""executorTerminationTimeoutMillis"": ""587168"", ""keepAliveTimeout"": ""89183"", ""maxConnections"": ""17081"", ""maxHeaderCount"": ""18"", ""maxHttpHeaderSize"": ""47258"", ""maxHttpRequestHeaderSize"": ""64339"", ""maxHttpResponseHeaderSize"": ""63624"", ""maxKeepAliveRequests"": ""509"", ""maxParameterCount"": ""13987"", ""maxSwallowSize"": ""1902466"", ""maxThreads"": ""15"", ""minSpareThreads"": ""809"", ""processorCache"": ""369"", ""tcpNoDelay"": ""FALSE"", ""threadPriority"": ""7"", ""threadsMaxIdleTime"": ""433170"", ""useAsyncIO"": ""TRUE"", ""useVirtualThreads"": ""TRUE""}"
tomcat,lf05_hard07,"lambda_f=0.5, hard=0.7",3305,RQ1&2parrel,77,1317.91,37.19,1317.91,10.0327467918396,"[8, 50, 10, False]",0.0,10.032647132873535,0.0,"{""acceptCount"": ""409"", ""allowBackslash"": ""FALSE"", ""compression"": ""off"", ""compressionMinSize"": ""8240"", ""connectionTimeout"": ""413867"", ""connectionUploadTimeout"": ""123568"", ""disableUploadTimeout"": ""FALSE"", ""executorTerminationTimeoutMillis"": ""32805"", ""keepAliveTimeout"": ""236564"", ""maxConnections"": ""16953"", ""maxHeaderCount"": ""687"", ""maxHttpHeaderSize"": ""3423"", ""maxHttpRequestHeaderSize"": ""60938"", ""maxHttpResponseHeaderSize"": ""3939"", ""maxKeepAliveRequests"": ""1526"", ""maxParameterCount"": ""68277"", ""maxSwallowSize"": ""18755084"", ""maxThreads"": ""300"", ""minSpareThreads"": ""367"", ""processorCache"": ""285"", ""tcpNoDelay"": ""TRUE"", ""threadPriority"": ""9"", ""threadsMaxIdleTime"": ""426005"", ""useAsyncIO"": ""FALSE"", ""useVirtualThreads"": ""TRUE""}"
tomcat,lf05_hard07,"lambda_f=0.5, hard=0.7",3305,RQ1&2parrel,78,1294.8,38.03,1294.8,10.033168077468872,"[8, 50, 10, False]",0.0,10.033071994781494,0.0,"{""acceptCount"": ""283"", ""allowBackslash"": ""TRUE"", ""compression"": ""off"", ""compressionMinSize"": ""2208"", ""connectionTimeout"": ""26696"", ""connectionUploadTimeout"": ""200054"", ""disableUploadTimeout"": ""FALSE"", ""executorTerminationTimeoutMillis"": ""462315"", ""keepAliveTimeout"": ""466363"", ""maxConnections"": ""14633"", ""maxHeaderCount"": ""3"", ""maxHttpHeaderSize"": ""27807"", ""maxHttpRequestHeaderSize"": ""48265"", ""maxHttpResponseHeaderSize"": ""45501"", ""maxKeepAliveRequests"": ""4723"", ""maxParameterCount"": ""95547"", ""maxSwallowSize"": ""2821942"", ""maxThreads"": ""46"", ""minSpareThreads"": ""153"", ""processorCache"": ""380"", ""tcpNoDelay"": ""FALSE"", ""threadPriority"": ""7"", ""threadsMaxIdleTime"": ""256862"", ""useAsyncIO"": ""FALSE"", ""useVirtualThreads"": ""TRUE""}"
tomcat,lf05_hard07,"lambda_f=0.5, hard=0.7",3305,RQ1&2parrel,79,1373.27,41.27,1373.27,10.040943622589111,"[8, 50, 10, False]",0.0,10.04084324836731,0.0,"{""acceptCount"": ""330"", ""allowBackslash"": ""TRUE"", ""compression"": ""on"", ""compressionMinSize"": ""7635"", ""connectionTimeout"": ""586023"", ""connectionUploadTimeout"": ""12464"", ""disableUploadTimeout"": ""TRUE"", ""executorTerminationTimeoutMillis"": ""230263"", ""keepAliveTimeout"": ""492525"", ""maxConnections"": ""8888"", ""maxHeaderCount"": ""138"", ""maxHttpHeaderSize"": ""4924"", ""maxHttpRequestHeaderSize"": ""12160"", ""maxHttpResponseHeaderSize"": ""36684"", ""maxKeepAliveRequests"": ""1582"", ""maxParameterCount"": ""77721"", ""maxSwallowSize"": ""691508"", ""maxThreads"": ""353"", ""minSpareThreads"": ""680"", ""processorCache"": ""29"", ""tcpNoDelay"": ""TRUE"", ""threadPriority"": ""2"", ""threadsMaxIdleTime"": ""296593"", ""useAsyncIO"": ""TRUE"", ""useVirtualThreads"": ""FALSE""}"
tomcat,lf05_hard07,"lambda_f=0.5, hard=0.7",3305,RQ1&2parrel,80,1322.57,37.17,1322.57,10.01503610610962,"[8, 50, 10, False]",0.0,10.014942169189453,0.0,"{""acceptCount"": ""514"", ""allowBackslash"": ""FALSE"", ""compression"": ""force"", ""compressionMinSize"": ""4154"", ""connectionTimeout"": ""369293"", ""connectionUploadTimeout"": ""74274"", ""disableUploadTimeout"": ""FALSE"", ""executorTerminationTimeoutMillis"": ""354993"", ""keepAliveTimeout"": ""112579"", ""maxConnections"": ""10115"", ""maxHeaderCount"": ""212"", ""maxHttpHeaderSize"": ""18608"", ""maxHttpRequestHeaderSize"": ""21230"", ""maxHttpResponseHeaderSize"": ""44946"", ""maxKeepAliveRequests"": ""250"", ""maxParameterCount"": ""97521"", ""maxSwallowSize"": ""11533220"", ""maxThreads"": ""319"", ""minSpareThreads"": ""777"", ""processorCache"": ""292"", ""tcpNoDelay"": ""TRUE"", ""threadPriority"": ""9"", ""threadsMaxIdleTime"": ""588499"", ""useAsyncIO"": ""TRUE"", ""useVirtualThreads"": ""TRUE""}"
tomcat,lf05_hard07,"lambda_f=0.5, hard=0.7",3305,RQ1&2parrel,81,1429.9,41.24,1429.9,10.014469861984253,"[8, 50, 10, False]",0.0,10.014366388320923,0.0,"{""acceptCount"": ""922"", ""allowBackslash"": ""TRUE"", ""compression"": ""off"", ""compressionMinSize"": ""315"", ""connectionTimeout"": ""458511"", ""connectionUploadTimeout"": ""216015"", ""disableUploadTimeout"": ""TRUE"", ""executorTerminationTimeoutMillis"": ""528418"", ""keepAliveTimeout"": ""171463"", ""maxConnections"": ""4764"", ""maxHeaderCount"": ""653"", ""maxHttpHeaderSize"": ""7348"", ""maxHttpRequestHeaderSize"": ""44466"", ""maxHttpResponseHeaderSize"": ""29536"", ""maxKeepAliveRequests"": ""1774"", ""maxParameterCount"": ""43446"", ""maxSwallowSize"": ""3869001"", ""maxThreads"": ""144"", ""minSpareThreads"": ""611"", ""processorCache"": ""321"", ""tcpNoDelay"": ""FALSE"", ""threadPriority"": ""6"", ""threadsMaxIdleTime"": ""4265"", ""useAsyncIO"": ""TRUE"", ""useVirtualThreads"": ""FALSE""}"
tomcat,lf05_hard07,"lambda_f=0.5, hard=0.7",3305,RQ1&2parrel,82,1435.91,43.0,1435.91,10.032423734664917,"[8, 50, 10, False]",0.0,10.032328605651855,0.0,"{""acceptCount"": ""624"", ""allowBackslash"": ""FALSE"", ""compression"": ""force"", ""compressionMinSize"": ""9529"", ""connectionTimeout"": ""255449"", ""connectionUploadTimeout"": ""185011"", ""disableUploadTimeout"": ""TRUE"", ""executorTerminationTimeoutMillis"": ""112587"", ""keepAliveTimeout"": ""86343"", ""maxConnections"": ""5935"", ""maxHeaderCount"": ""85"", ""maxHttpHeaderSize"": ""16029"", ""maxHttpRequestHeaderSize"": ""49351"", ""maxHttpResponseHeaderSize"": ""37475"", ""maxKeepAliveRequests"": ""3396"", ""maxParameterCount"": ""79652"", ""maxSwallowSize"": ""13663745"", ""maxThreads"": ""77"", ""minSpareThreads"": ""312"", ""processorCache"": ""141"", ""tcpNoDelay"": ""FALSE"", ""threadPriority"": ""4"", ""threadsMaxIdleTime"": ""543788"", ""useAsyncIO"": ""FALSE"", ""useVirtualThreads"": ""FALSE""}"
tomcat,lf05_hard07,"lambda_f=0.5, hard=0.7",3305,RQ1&2parrel,83,1259.54,39.01,1259.54,10.025264978408813,"[8, 50, 10, False]",0.0,10.025157690048218,0.0,"{""acceptCount"": ""261"", ""allowBackslash"": ""TRUE"", ""compression"": ""force"", ""compressionMinSize"": ""5574"", ""connectionTimeout"": ""360682"", ""connectionUploadTimeout"": ""4346"", ""disableUploadTimeout"": ""FALSE"", ""executorTerminationTimeoutMillis"": ""436245"", ""keepAliveTimeout"": ""355465"", ""maxConnections"": ""4390"", ""maxHeaderCount"": ""960"", ""maxHttpHeaderSize"": ""35806"", ""maxHttpRequestHeaderSize"": ""59778"", ""maxHttpResponseHeaderSize"": ""60110"", ""maxKeepAliveRequests"": ""3152"", ""maxParameterCount"": ""59500"", ""maxSwallowSize"": ""4443385"", ""maxThreads"": ""57"", ""minSpareThreads"": ""734"", ""processorCache"": ""186"", ""tcpNoDelay"": ""TRUE"", ""threadPriority"": ""8"", ""threadsMaxIdleTime"": ""561808"", ""useAsyncIO"": ""FALSE"", ""useVirtualThreads"": ""TRUE""}"
tomcat,lf05_hard07,"lambda_f=0.5, hard=0.7",3305,RQ1&2parrel,84,1205.15,41.04,1205.15,10.031116008758545,"[8, 50, 10, False]",0.0,10.030993938446045,0.0,"{""acceptCount"": ""521"", ""allowBackslash"": ""FALSE"", ""compression"": ""force"", ""compressionMinSize"": ""7102"", ""connectionTimeout"": ""443781"", ""connectionUploadTimeout"": ""572013"", ""disableUploadTimeout"": ""FALSE"", ""executorTerminationTimeoutMillis"": ""324045"", ""keepAliveTimeout"": ""7594"", ""maxConnections"": ""2451"", ""maxHeaderCount"": ""54"", ""maxHttpHeaderSize"": ""9159"", ""maxHttpRequestHeaderSize"": ""62666"", ""maxHttpResponseHeaderSize"": ""18072"", ""maxKeepAliveRequests"": ""4137"", ""maxParameterCount"": ""30012"", ""maxSwallowSize"": ""19434804"", ""maxThreads"": ""2"", ""minSpareThreads"": ""648"", ""processorCache"": ""33"", ""tcpNoDelay"": ""TRUE"", ""threadPriority"": ""9"", ""threadsMaxIdleTime"": ""188009"", ""useAsyncIO"": ""FALSE"", ""useVirtualThreads"": ""TRUE""}"
tomcat,lf05_hard07,"lambda_f=0.5, hard=0.7",3305,RQ1&2parrel,85,1317.79,43.69,1317.79,10.02578592300415,"[8, 50, 10, False]",0.0,10.025676250457764,0.0,"{""acceptCount"": ""789"", ""allowBackslash"": ""FALSE"", ""compression"": ""off"", ""compressionMinSize"": ""1733"", ""connectionTimeout"": ""207647"", ""connectionUploadTimeout"": ""491909"", ""disableUploadTimeout"": ""TRUE"", ""executorTerminationTimeoutMillis"": ""124215"", ""keepAliveTimeout"": ""506334"", ""maxConnections"": ""15108"", ""maxHeaderCount"": ""202"", ""maxHttpHeaderSize"": ""8607"", ""maxHttpRequestHeaderSize"": ""23320"", ""maxHttpResponseHeaderSize"": ""10155"", ""maxKeepAliveRequests"": ""1136"", ""maxParameterCount"": ""50129"", ""maxSwallowSize"": ""11165764"", ""maxThreads"": ""82"", ""minSpareThreads"": ""525"", ""processorCache"": ""60"", ""tcpNoDelay"": ""TRUE"", ""threadPriority"": ""9"", ""threadsMaxIdleTime"": ""268751"", ""useAsyncIO"": ""FALSE"", ""useVirtualThreads"": ""FALSE""}"
tomcat,lf05_hard07,"lambda_f=0.5, hard=0.7",3305,RQ1&2parrel,86,1215.39,40.29,1215.39,10.021914720535278,"[8, 50, 10, False]",0.0,10.021822214126587,0.0,"{""acceptCount"": ""239"", ""allowBackslash"": ""FALSE"", ""compression"": ""force"", ""compressionMinSize"": ""343"", ""connectionTimeout"": ""311574"", ""connectionUploadTimeout"": ""401192"", ""disableUploadTimeout"": ""FALSE"", ""executorTerminationTimeoutMillis"": ""21183"", ""keepAliveTimeout"": ""356699"", ""maxConnections"": ""6439"", ""maxHeaderCount"": ""539"", ""maxHttpHeaderSize"": ""11116"", ""maxHttpRequestHeaderSize"": ""30074"", ""maxHttpResponseHeaderSize"": ""47515"", ""maxKeepAliveRequests"": ""4256"", ""maxParameterCount"": ""89606"", ""maxSwallowSize"": ""16586104"", ""maxThreads"": ""292"", ""minSpareThreads"": ""593"", ""processorCache"": ""317"", ""tcpNoDelay"": ""FALSE"", ""threadPriority"": ""5"", ""threadsMaxIdleTime"": ""111160"", ""useAsyncIO"": ""FALSE"", ""useVirtualThreads"": ""TRUE""}"
tomcat,lf05_hard07,"lambda_f=0.5, hard=0.7",3305,RQ1&2parrel,87,1295.18,37.8,1295.18,10.019152164459229,"[8, 50, 10, False]",0.0,10.019017696380615,0.0,"{""acceptCount"": ""307"", ""allowBackslash"": ""TRUE"", ""compression"": ""off"", ""compressionMinSize"": ""9017"", ""connectionTimeout"": ""102359"", ""connectionUploadTimeout"": ""446235"", ""disableUploadTimeout"": ""FALSE"", ""executorTerminationTimeoutMillis"": ""507330"", ""keepAliveTimeout"": ""576109"", ""maxConnections"": ""2923"", ""maxHeaderCount"": ""232"", ""maxHttpHeaderSize"": ""4134"", ""maxHttpRequestHeaderSize"": ""6902"", ""maxHttpResponseHeaderSize"": ""23575"", ""maxKeepAliveRequests"": ""916"", ""maxParameterCount"": ""25693"", ""maxSwallowSize"": ""5531528"", ""maxThreads"": ""326"", ""minSpareThreads"": ""266"", ""processorCache"": ""146"", ""tcpNoDelay"": ""FALSE"", ""threadPriority"": ""7"", ""threadsMaxIdleTime"": ""465752"", ""useAsyncIO"": ""TRUE"", ""useVirtualThreads"": ""TRUE""}"
tomcat,lf05_hard07,"lambda_f=0.5, hard=0.7",3305,RQ1&2parrel,88,1388.66,35.45,1388.66,10.014379978179932,"[8, 50, 10, False]",0.0,10.014291286468506,0.0,"{""acceptCount"": ""552"", ""allowBackslash"": ""FALSE"", ""compression"": ""on"", ""compressionMinSize"": ""1399"", ""connectionTimeout"": ""459566"", ""connectionUploadTimeout"": ""547372"", ""disableUploadTimeout"": ""TRUE"", ""executorTerminationTimeoutMillis"": ""331111"", ""keepAliveTimeout"": ""300070"", ""maxConnections"": ""7234"", ""maxHeaderCount"": ""237"", ""maxHttpHeaderSize"": ""33942"", ""maxHttpRequestHeaderSize"": ""52047"", ""maxHttpResponseHeaderSize"": ""36150"", ""maxKeepAliveRequests"": ""2057"", ""maxParameterCount"": ""55944"", ""maxSwallowSize"": ""5312320"", ""maxThreads"": ""178"", ""minSpareThreads"": ""494"", ""processorCache"": ""385"", ""tcpNoDelay"": ""FALSE"", ""threadPriority"": ""9"", ""threadsMaxIdleTime"": ""388027"", ""useAsyncIO"": ""FALSE"", ""useVirtualThreads"": ""TRUE""}"
tomcat,lf05_hard07,"lambda_f=0.5, hard=0.7",3305,RQ1&2parrel,89,1280.33,38.91,1280.33,10.029986381530762,"[8, 50, 10, False]",0.0,10.029876947402954,0.0,"{""acceptCount"": ""869"", ""allowBackslash"": ""FALSE"", ""compression"": ""force"", ""compressionMinSize"": ""1995"", ""connectionTimeout"": ""489201"", ""connectionUploadTimeout"": ""369980"", ""disableUploadTimeout"": ""TRUE"", ""executorTerminationTimeoutMillis"": ""348085"", ""keepAliveTimeout"": ""187324"", ""maxConnections"": ""5637"", ""maxHeaderCount"": ""129"", ""maxHttpHeaderSize"": ""50394"", ""maxHttpRequestHeaderSize"": ""63063"", ""maxHttpResponseHeaderSize"": ""54340"", ""maxKeepAliveRequests"": ""660"", ""maxParameterCount"": ""44565"", ""maxSwallowSize"": ""1283722"", ""maxThreads"": ""288"", ""minSpareThreads"": ""828"", ""processorCache"": ""57"", ""tcpNoDelay"": ""TRUE"", ""threadPriority"": ""4"", ""threadsMaxIdleTime"": ""346876"", ""useAsyncIO"": ""TRUE"", ""useVirtualThreads"": ""TRUE""}"
tomcat,lf05_hard07,"lambda_f=0.5, hard=0.7",3305,RQ1&2parrel,90,1306.61,49.11,1306.61,10.060393571853638,"[8, 50, 10, False]",0.0,10.060276746749878,0.0,"{""acceptCount"": ""102"", ""allowBackslash"": ""FALSE"", ""compression"": ""force"", ""compressionMinSize"": ""2068"", ""connectionTimeout"": ""70831"", ""connectionUploadTimeout"": ""298438"", ""disableUploadTimeout"": ""TRUE"", ""executorTerminationTimeoutMillis"": ""2327"", ""keepAliveTimeout"": ""50939"", ""maxConnections"": ""7915"", ""maxHeaderCount"": ""140"", ""maxHttpHeaderSize"": ""6618"", ""maxHttpRequestHeaderSize"": ""52763"", ""maxHttpResponseHeaderSize"": ""14094"", ""maxKeepAliveRequests"": ""184"", ""maxParameterCount"": ""5081"", ""maxSwallowSize"": ""246552"", ""maxThreads"": ""147"", ""minSpareThreads"": ""41"", ""processorCache"": ""209"", ""tcpNoDelay"": ""FALSE"", ""threadPriority"": ""4"", ""threadsMaxIdleTime"": ""63526"", ""useAsyncIO"": ""TRUE"", ""useVirtualThreads"": ""FALSE""}"
tomcat,lf05_hard07,"lambda_f=0.5, hard=0.7",3305,RQ1&2parrel,91,1451.39,44.44,1451.39,10.050763368606567,"[8, 50, 10, False]",0.0,10.0506751537323,0.0,"{""acceptCount"": ""742"", ""allowBackslash"": ""TRUE"", ""compression"": ""force"", ""compressionMinSize"": ""2397"", ""connectionTimeout"": ""142388"", ""connectionUploadTimeout"": ""239988"", ""disableUploadTimeout"": ""FALSE"", ""executorTerminationTimeoutMillis"": ""301936"", ""keepAliveTimeout"": ""198414"", ""maxConnections"": ""18199"", ""maxHeaderCount"": ""496"", ""maxHttpHeaderSize"": ""7879"", ""maxHttpRequestHeaderSize"": ""64180"", ""maxHttpResponseHeaderSize"": ""49074"", ""maxKeepAliveRequests"": ""4847"", ""maxParameterCount"": ""24644"", ""maxSwallowSize"": ""17849520"", ""maxThreads"": ""344"", ""minSpareThreads"": ""443"", ""processorCache"": ""188"", ""tcpNoDelay"": ""TRUE"", ""threadPriority"": ""5"", ""threadsMaxIdleTime"": ""168257"", ""useAsyncIO"": ""FALSE"", ""useVirtualThreads"": ""FALSE""}"
tomcat,lf05_hard07,"lambda_f=0.5, hard=0.7",3305,RQ1&2parrel,92,1275.59,38.76,1275.59,10.038210153579712,"[8, 50, 10, False]",0.0,10.038116693496704,0.0,"{""acceptCount"": ""633"", ""allowBackslash"": ""TRUE"", ""compression"": ""force"", ""compressionMinSize"": ""7121"", ""connectionTimeout"": ""482061"", ""connectionUploadTimeout"": ""131657"", ""disableUploadTimeout"": ""TRUE"", ""executorTerminationTimeoutMillis"": ""92983"", ""keepAliveTimeout"": ""151094"", ""maxConnections"": ""2695"", ""maxHeaderCount"": ""364"", ""maxHttpHeaderSize"": ""26714"", ""maxHttpRequestHeaderSize"": ""27804"", ""maxHttpResponseHeaderSize"": ""33094"", ""maxKeepAliveRequests"": ""1740"", ""maxParameterCount"": ""5020"", ""maxSwallowSize"": ""19978764"", ""maxThreads"": ""52"", ""minSpareThreads"": ""970"", ""processorCache"": ""240"", ""tcpNoDelay"": ""FALSE"", ""threadPriority"": ""9"", ""threadsMaxIdleTime"": ""198869"", ""useAsyncIO"": ""TRUE"", ""useVirtualThreads"": ""TRUE""}"
tomcat,lf05_hard07,"lambda_f=0.5, hard=0.7",3305,RQ1&2parrel,93,1309.52,37.54,1309.52,10.02785873413086,"[8, 50, 10, False]",0.0,10.027733564376831,0.0,"{""acceptCount"": ""505"", ""allowBackslash"": ""FALSE"", ""compression"": ""force"", ""compressionMinSize"": ""2912"", ""connectionTimeout"": ""277410"", ""connectionUploadTimeout"": ""203731"", ""disableUploadTimeout"": ""TRUE"", ""executorTerminationTimeoutMillis"": ""560325"", ""keepAliveTimeout"": ""530602"", ""maxConnections"": ""5142"", ""maxHeaderCount"": ""947"", ""maxHttpHeaderSize"": ""2330"", ""maxHttpRequestHeaderSize"": ""15394"", ""maxHttpResponseHeaderSize"": ""15791"", ""maxKeepAliveRequests"": ""4508"", ""maxParameterCount"": ""33942"", ""maxSwallowSize"": ""4373302"", ""maxThreads"": ""204"", ""minSpareThreads"": ""505"", ""processorCache"": ""345"", ""tcpNoDelay"": ""TRUE"", ""threadPriority"": ""7"", ""threadsMaxIdleTime"": ""329322"", ""useAsyncIO"": ""TRUE"", ""useVirtualThreads"": ""TRUE""}"
tomcat,lf05_hard07,"lambda_f=0.5, hard=0.7",3305,RQ1&2parrel,94,1381.8,40.97,1381.8,10.020141363143921,"[8, 50, 10, False]",0.0,10.020046472549438,0.0,"{""acceptCount"": ""932"", ""allowBackslash"": ""TRUE"", ""compression"": ""on"", ""compressionMinSize"": ""1631"", ""connectionTimeout"": ""94753"", ""connectionUploadTimeout"": ""43271"", ""disableUploadTimeout"": ""FALSE"", ""executorTerminationTimeoutMillis"": ""358754"", ""keepAliveTimeout"": ""363896"", ""maxConnections"": ""19707"", ""maxHeaderCount"": ""388"", ""maxHttpHeaderSize"": ""23623"", ""maxHttpRequestHeaderSize"": ""50814"", ""maxHttpResponseHeaderSize"": ""57553"", ""maxKeepAliveRequests"": ""3455"", ""maxParameterCount"": ""75047"", ""maxSwallowSize"": ""12334524"", ""maxThreads"": ""35"", ""minSpareThreads"": ""859"", ""processorCache"": ""267"", ""tcpNoDelay"": ""FALSE"", ""threadPriority"": ""8"", ""threadsMaxIdleTime"": ""277194"", ""useAsyncIO"": ""TRUE"", ""useVirtualThreads"": ""FALSE""}"
tomcat,lf05_hard07,"lambda_f=0.5, hard=0.7",3305,RQ1&2parrel,95,1261.19,39.73,1261.19,10.032025337219238,"[8, 50, 10, False]",0.0,10.031928300857544,0.0,"{""acceptCount"": ""653"", ""allowBackslash"": ""TRUE"", ""compression"": ""force"", ""compressionMinSize"": ""4015"", ""connectionTimeout"": ""556399"", ""connectionUploadTimeout"": ""517063"", ""disableUploadTimeout"": ""TRUE"", ""executorTerminationTimeoutMillis"": ""137335"", ""keepAliveTimeout"": ""270142"", ""maxConnections"": ""14715"", ""maxHeaderCount"": ""402"", ""maxHttpHeaderSize"": ""1048"", ""maxHttpRequestHeaderSize"": ""52921"", ""maxHttpResponseHeaderSize"": ""27837"", ""maxKeepAliveRequests"": ""2618"", ""maxParameterCount"": ""72526"", ""maxSwallowSize"": ""11967100"", ""maxThreads"": ""372"", ""minSpareThreads"": ""607"", ""processorCache"": ""87"", ""tcpNoDelay"": ""FALSE"", ""threadPriority"": ""8"", ""threadsMaxIdleTime"": ""599941"", ""useAsyncIO"": ""FALSE"", ""useVirtualThreads"": ""TRUE""}"
tomcat,lf05_hard07,"lambda_f=0.5, hard=0.7",3305,RQ1&2parrel,96,1329.83,43.58,1329.83,10.023221015930176,"[8, 50, 10, False]",0.0,10.023127317428589,0.0,"{""acceptCount"": ""946"", ""allowBackslash"": ""TRUE"", ""compression"": ""off"", ""compressionMinSize"": ""1674"", ""connectionTimeout"": ""389433"", ""connectionUploadTimeout"": ""383498"", ""disableUploadTimeout"": ""TRUE"", ""executorTerminationTimeoutMillis"": ""195297"", ""keepAliveTimeout"": ""441245"", ""maxConnections"": ""11206"", ""maxHeaderCount"": ""440"", ""maxHttpHeaderSize"": ""6012"", ""maxHttpRequestHeaderSize"": ""58563"", ""maxHttpResponseHeaderSize"": ""46872"", ""maxKeepAliveRequests"": ""3011"", ""maxParameterCount"": ""62565"", ""maxSwallowSize"": ""15217308"", ""maxThreads"": ""358"", ""minSpareThreads"": ""375"", ""processorCache"": ""360"", ""tcpNoDelay"": ""TRUE"", ""threadPriority"": ""6"", ""threadsMaxIdleTime"": ""261940"", ""useAsyncIO"": ""TRUE"", ""useVirtualThreads"": ""FALSE""}"
tomcat,lf05_hard07,"lambda_f=0.5, hard=0.7",3305,RQ1&2parrel,97,1345.39,36.41,1345.39,10.03788447380066,"[8, 50, 10, False]",0.0,10.037795066833496,0.0,"{""acceptCount"": ""531"", ""allowBackslash"": ""FALSE"", ""compression"": ""force"", ""compressionMinSize"": ""6344"", ""connectionTimeout"": ""202925"", ""connectionUploadTimeout"": ""445555"", ""disableUploadTimeout"": ""TRUE"", ""executorTerminationTimeoutMillis"": ""567541"", ""keepAliveTimeout"": ""490638"", ""maxConnections"": ""17494"", ""maxHeaderCount"": ""788"", ""maxHttpHeaderSize"": ""25432"", ""maxHttpRequestHeaderSize"": ""41074"", ""maxHttpResponseHeaderSize"": ""55364"", ""maxKeepAliveRequests"": ""1129"", ""maxParameterCount"": ""88969"", ""maxSwallowSize"": ""6929288"", ""maxThreads"": ""124"", ""minSpareThreads"": ""885"", ""processorCache"": ""179"", ""tcpNoDelay"": ""TRUE"", ""threadPriority"": ""6"", ""threadsMaxIdleTime"": ""92895"", ""useAsyncIO"": ""FALSE"", ""useVirtualThreads"": ""TRUE""}"
tomcat,lf05_hard07,"lambda_f=0.5, hard=0.7",3305,RQ1&2parrel,98,1278.0,38.41,1278.0,10.027811288833618,"[8, 50, 10, False]",0.0,10.027717351913452,0.0,"{""acceptCount"": ""831"", ""allowBackslash"": ""FALSE"", ""compression"": ""off"", ""compressionMinSize"": ""5670"", ""connectionTimeout"": ""155216"", ""connectionUploadTimeout"": ""473191"", ""disableUploadTimeout"": ""TRUE"", ""executorTerminationTimeoutMillis"": ""552874"", ""keepAliveTimeout"": ""72050"", ""maxConnections"": ""15887"", ""maxHeaderCount"": ""830"", ""maxHttpHeaderSize"": ""10134"", ""maxHttpRequestHeaderSize"": ""41933"", ""maxHttpResponseHeaderSize"": ""35142"", ""maxKeepAliveRequests"": ""2212"", ""maxParameterCount"": ""11539"", ""maxSwallowSize"": ""2285004"", ""maxThreads"": ""212"", ""minSpareThreads"": ""285"", ""processorCache"": ""251"", ""tcpNoDelay"": ""FALSE"", ""threadPriority"": ""3"", ""threadsMaxIdleTime"": ""51968"", ""useAsyncIO"": ""TRUE"", ""useVirtualThreads"": ""TRUE""}"
tomcat,lf05_hard07,"lambda_f=0.5, hard=0.7",3305,RQ1&2parrel,99,1367.54,35.97,1367.54,10.021995067596436,"[8, 50, 10, False]",0.0,10.021888971328735,0.0,"{""acceptCount"": ""298"", ""allowBackslash"": ""TRUE"", ""compression"": ""on"", ""compressionMinSize"": ""8258"", ""connectionTimeout"": ""450882"", ""connectionUploadTimeout"": ""580668"", ""disableUploadTimeout"": ""TRUE"", ""executorTerminationTimeoutMillis"": ""375158"", ""keepAliveTimeout"": ""92917"", ""maxConnections"": ""17959"", ""maxHeaderCount"": ""998"", ""maxHttpHeaderSize"": ""20409"", ""maxHttpRequestHeaderSize"": ""29501"", ""maxHttpResponseHeaderSize"": ""51338"", ""maxKeepAliveRequests"": ""3844"", ""maxParameterCount"": ""93184"", ""maxSwallowSize"": ""20494644"", ""maxThreads"": ""247"", ""minSpareThreads"": ""14"", ""processorCache"": ""92"", ""tcpNoDelay"": ""FALSE"", ""threadPriority"": ""9"", ""threadsMaxIdleTime"": ""415260"", ""useAsyncIO"": ""TRUE"", ""useVirtualThreads"": ""TRUE""}"
tomcat,lf05_hard07,"lambda_f=0.5, hard=0.7",3305,RQ1&2parrel,100,1318.36,37.25,1318.36,10.030174016952515,"[8, 50, 10, False]",0.0,10.030074119567871,0.0,"{""acceptCount"": ""140"", ""allowBackslash"": ""FALSE"", ""compression"": ""force"", ""compressionMinSize"": ""6979"", ""connectionTimeout"": ""371057"", ""connectionUploadTimeout"": ""419910"", ""disableUploadTimeout"": ""FALSE"", ""executorTerminationTimeoutMillis"": ""501734"", ""keepAliveTimeout"": ""221538"", ""maxConnections"": ""6900"", ""maxHeaderCount"": ""431"", ""maxHttpHeaderSize"": ""5465"", ""maxHttpRequestHeaderSize"": ""36767"", ""maxHttpResponseHeaderSize"": ""5766"", ""maxKeepAliveRequests"": ""2867"", ""maxParameterCount"": ""47023"", ""maxSwallowSize"": ""7361984"", ""maxThreads"": ""16"", ""minSpareThreads"": ""348"", ""processorCache"": ""120"", ""tcpNoDelay"": ""TRUE"", ""threadPriority"": ""8"", ""threadsMaxIdleTime"": ""177936"", ""useAsyncIO"": ""TRUE"", ""useVirtualThreads"": ""FALSE""}"
tomcat,lf05_hard07,"lambda_f=0.5, hard=0.7",3305,RQ1&2parrel,101,1472.84,53.44,1472.84,10.023203372955322,"[8, 50, 10, False]",0.0,10.023106813430786,0.0,"{""acceptCount"": ""14"", ""allowBackslash"": ""TRUE"", ""compression"": ""force"", ""compressionMinSize"": ""3389"", ""connectionTimeout"": ""88185"", ""connectionUploadTimeout"": ""493493"", ""disableUploadTimeout"": ""FALSE"", ""executorTerminationTimeoutMillis"": ""71896"", ""keepAliveTimeout"": ""591957"", ""maxConnections"": ""4679"", ""maxHeaderCount"": ""756"", ""maxHttpHeaderSize"": ""29849"", ""maxHttpRequestHeaderSize"": ""57242"", ""maxHttpResponseHeaderSize"": ""43388"", ""maxKeepAliveRequests"": ""880"", ""maxParameterCount"": ""13413"", ""maxSwallowSize"": ""13055044"", ""maxThreads"": ""267"", ""minSpareThreads"": ""126"", ""processorCache"": ""16"", ""tcpNoDelay"": ""FALSE"", ""threadPriority"": ""9"", ""threadsMaxIdleTime"": ""346145"", ""useAsyncIO"": ""TRUE"", ""useVirtualThreads"": ""FALSE""}"
tomcat,lf05_hard07,"lambda_f=0.5, hard=0.7",3305,RQ1&2parrel,102,1232.33,40.01,1232.33,10.023926258087158,"[8, 50, 10, False]",0.0,10.023825645446777,0.0,"{""acceptCount"": ""123"", ""allowBackslash"": ""TRUE"", ""compression"": ""force"", ""compressionMinSize"": ""8854"", ""connectionTimeout"": ""498755"", ""connectionUploadTimeout"": ""308829"", ""disableUploadTimeout"": ""TRUE"", ""executorTerminationTimeoutMillis"": ""435527"", ""keepAliveTimeout"": ""544466"", ""maxConnections"": ""18861"", ""maxHeaderCount"": ""886"", ""maxHttpHeaderSize"": ""2965"", ""maxHttpRequestHeaderSize"": ""20451"", ""maxHttpResponseHeaderSize"": ""39049"", ""maxKeepAliveRequests"": ""2738"", ""maxParameterCount"": ""6496"", ""maxSwallowSize"": ""14858047"", ""maxThreads"": ""138"", ""minSpareThreads"": ""661"", ""processorCache"": ""363"", ""tcpNoDelay"": ""TRUE"", ""threadPriority"": ""5"", ""threadsMaxIdleTime"": ""301498"", ""useAsyncIO"": ""FALSE"", ""useVirtualThreads"": ""TRUE""}"
tomcat,lf05_hard07,"lambda_f=0.5, hard=0.7",3305,RQ1&2parrel,103,1430.77,39.35,1430.77,10.025233745574951,"[8, 50, 10, False]",0.0,10.025113821029663,0.0,"{""acceptCount"": ""545"", ""allowBackslash"": ""FALSE"", ""compression"": ""force"", ""compressionMinSize"": ""5190"", ""connectionTimeout"": ""584592"", ""connectionUploadTimeout"": ""272175"", ""disableUploadTimeout"": ""FALSE"", ""executorTerminationTimeoutMillis"": ""279162"", ""keepAliveTimeout"": ""517277"", ""maxConnections"": ""4191"", ""maxHeaderCount"": ""15"", ""maxHttpHeaderSize"": ""2858"", ""maxHttpRequestHeaderSize"": ""49899"", ""maxHttpResponseHeaderSize"": ""64440"", ""maxKeepAliveRequests"": ""3764"", ""maxParameterCount"": ""10509"", ""maxSwallowSize"": ""5041810"", ""maxThreads"": ""340"", ""minSpareThreads"": ""216"", ""processorCache"": ""209"", ""tcpNoDelay"": ""FALSE"", ""threadPriority"": ""5"", ""threadsMaxIdleTime"": ""504235"", ""useAsyncIO"": ""TRUE"", ""useVirtualThreads"": ""FALSE""}"
tomcat,lf05_hard07,"lambda_f=0.5, hard=0.7",3305,RQ1&2parrel,104,1250.65,39.34,1250.65,10.028088569641113,"[8, 50, 10, False]",0.0,10.028001070022583,0.0,"{""acceptCount"": ""766"", ""allowBackslash"": ""FALSE"", ""compression"": ""off"", ""compressionMinSize"": ""1100"", ""connectionTimeout"": ""67212"", ""connectionUploadTimeout"": ""202545"", ""disableUploadTimeout"": ""TRUE"", ""executorTerminationTimeoutMillis"": ""472615"", ""keepAliveTimeout"": ""17585"", ""maxConnections"": ""18408"", ""maxHeaderCount"": ""242"", ""maxHttpHeaderSize"": ""13952"", ""maxHttpRequestHeaderSize"": ""28714"", ""maxHttpResponseHeaderSize"": ""39981"", ""maxKeepAliveRequests"": ""809"", ""maxParameterCount"": ""83698"", ""maxSwallowSize"": ""7289417"", ""maxThreads"": ""371"", ""minSpareThreads"": ""81"", ""processorCache"": ""285"", ""tcpNoDelay"": ""FALSE"", ""threadPriority"": ""4"", ""threadsMaxIdleTime"": ""575967"", ""useAsyncIO"": ""TRUE"", ""useVirtualThreads"": ""TRUE""}"
tomcat,lf05_hard07,"lambda_f=0.5, hard=0.7",3305,RQ1&2parrel,105,1256.33,39.38,1256.33,10.018608331680298,"[8, 50, 10, False]",0.0,10.018515825271606,0.0,"{""acceptCount"": ""718"", ""allowBackslash"": ""TRUE"", ""compression"": ""force"", ""compressionMinSize"": ""9705"", ""connectionTimeout"": ""421739"", ""connectionUploadTimeout"": ""158673"", ""disableUploadTimeout"": ""TRUE"", ""executorTerminationTimeoutMillis"": ""58246"", ""keepAliveTimeout"": ""249606"", ""maxConnections"": ""12236"", ""maxHeaderCount"": ""561"", ""maxHttpHeaderSize"": ""5358"", ""maxHttpRequestHeaderSize"": ""1097"", ""maxHttpResponseHeaderSize"": ""31157"", ""maxKeepAliveRequests"": ""4342"", ""maxParameterCount"": ""44954"", ""maxSwallowSize"": ""17124792"", ""maxThreads"": ""213"", ""minSpareThreads"": ""779"", ""processorCache"": ""52"", ""tcpNoDelay"": ""FALSE"", ""threadPriority"": ""7"", ""threadsMaxIdleTime"": ""66606"", ""useAsyncIO"": ""FALSE"", ""useVirtualThreads"": ""TRUE""}"
tomcat,lf05_hard07,"lambda_f=0.5, hard=0.7",3305,RQ1&2parrel,106,1262.45,39.25,1262.45,10.022754192352295,"[8, 50, 10, False]",0.0,10.022620916366577,0.0,"{""acceptCount"": ""733"", ""allowBackslash"": ""TRUE"", ""compression"": ""on"", ""compressionMinSize"": ""6106"", ""connectionTimeout"": ""4039"", ""connectionUploadTimeout"": ""591266"", ""disableUploadTimeout"": ""TRUE"", ""executorTerminationTimeoutMillis"": ""287242"", ""keepAliveTimeout"": ""19002"", ""maxConnections"": ""10139"", ""maxHeaderCount"": ""257"", ""maxHttpHeaderSize"": ""39027"", ""maxHttpRequestHeaderSize"": ""62043"", ""maxHttpResponseHeaderSize"": ""51516"", ""maxKeepAliveRequests"": ""1599"", ""maxParameterCount"": ""66957"", ""maxSwallowSize"": ""13491650"", ""maxThreads"": ""182"", ""minSpareThreads"": ""222"", ""processorCache"": ""18"", ""tcpNoDelay"": ""TRUE"", ""threadPriority"": ""10"", ""threadsMaxIdleTime"": ""125163"", ""useAsyncIO"": ""TRUE"", ""useVirtualThreads"": ""TRUE""}"
tomcat,lf05_hard07,"lambda_f=0.5, hard=0.7",3305,RQ1&2parrel,107,1218.5,40.88,1218.5,10.020607948303223,"[8, 50, 10, False]",0.0,10.020508050918579,0.0,"{""acceptCount"": ""63"", ""allowBackslash"": ""TRUE"", ""compression"": ""force"", ""compressionMinSize"": ""3026"", ""connectionTimeout"": ""324259"", ""connectionUploadTimeout"": ""67397"", ""disableUploadTimeout"": ""TRUE"", ""executorTerminationTimeoutMillis"": ""364614"", ""keepAliveTimeout"": ""565899"", ""maxConnections"": ""16381"", ""maxHeaderCount"": ""44"", ""maxHttpHeaderSize"": ""6767"", ""maxHttpRequestHeaderSize"": ""33686"", ""maxHttpResponseHeaderSize"": ""34178"", ""maxKeepAliveRequests"": ""4149"", ""maxParameterCount"": ""85577"", ""maxSwallowSize"": ""20173016"", ""maxThreads"": ""97"", ""minSpareThreads"": ""957"", ""processorCache"": ""398"", ""tcpNoDelay"": ""TRUE"", ""threadPriority"": ""2"", ""threadsMaxIdleTime"": ""232481"", ""useAsyncIO"": ""FALSE"", ""useVirtualThreads"": ""TRUE""}"
tomcat,lf05_hard07,"lambda_f=0.5, hard=0.7",3305,RQ1&2parrel,108,1304.56,37.74,1304.56,10.026626110076904,"[8, 50, 10, False]",0.0,10.026532888412476,0.0,"{""acceptCount"": ""253"", ""allowBackslash"": ""TRUE"", ""compression"": ""off"", ""compressionMinSize"": ""8374"", ""connectionTimeout"": ""261562"", ""connectionUploadTimeout"": ""135904"", ""disableUploadTimeout"": ""FALSE"", ""executorTerminationTimeoutMillis"": ""87124"", ""keepAliveTimeout"": ""99092"", ""maxConnections"": ""1219"", ""maxHeaderCount"": ""208"", ""maxHttpHeaderSize"": ""10027"", ""maxHttpRequestHeaderSize"": ""12676"", ""maxHttpResponseHeaderSize"": ""58518"", ""maxKeepAliveRequests"": ""1205"", ""maxParameterCount"": ""9318"", ""maxSwallowSize"": ""12057733"", ""maxThreads"": ""15"", ""minSpareThreads"": ""838"", ""processorCache"": ""322"", ""tcpNoDelay"": ""TRUE"", ""threadPriority"": ""2"", ""threadsMaxIdleTime"": ""153921"", ""useAsyncIO"": ""FALSE"", ""useVirtualThreads"": ""FALSE""}"
tomcat,lf05_hard07,"lambda_f=0.5, hard=0.7",3305,RQ1&2parrel,109,1332.35,37.03,1332.35,10.011934995651245,"[8, 50, 10, False]",0.0,10.011834621429443,0.0,"{""acceptCount"": ""486"", ""allowBackslash"": ""FALSE"", ""compression"": ""on"", ""compressionMinSize"": ""6499"", ""connectionTimeout"": ""86769"", ""connectionUploadTimeout"": ""22355"", ""disableUploadTimeout"": ""TRUE"", ""executorTerminationTimeoutMillis"": ""175614"", ""keepAliveTimeout"": ""366909"", ""maxConnections"": ""13021"", ""maxHeaderCount"": ""726"", ""maxHttpHeaderSize"": ""16607"", ""maxHttpRequestHeaderSize"": ""61438"", ""maxHttpResponseHeaderSize"": ""26746"", ""maxKeepAliveRequests"": ""689"", ""maxParameterCount"": ""49957"", ""maxSwallowSize"": ""10460550"", ""maxThreads"": ""137"", ""minSpareThreads"": ""151"", ""processorCache"": ""165"", ""tcpNoDelay"": ""TRUE"", ""threadPriority"": ""9"", ""threadsMaxIdleTime"": ""325532"", ""useAsyncIO"": ""TRUE"", ""useVirtualThreads"": ""TRUE""}"
tomcat,lf05_hard07,"lambda_f=0.5, hard=0.7",3305,RQ1&2parrel,110,1356.96,42.47,1356.96,10.02655291557312,"[8, 50, 10, False]",0.0,10.026458978652954,0.0,"{""acceptCount"": ""200"", ""allowBackslash"": ""FALSE"", ""compression"": ""force"", ""compressionMinSize"": ""2270"", ""connectionTimeout"": ""451812"", ""connectionUploadTimeout"": ""106071"", ""disableUploadTimeout"": ""FALSE"", ""executorTerminationTimeoutMillis"": ""572612"", ""keepAliveTimeout"": ""168099"", ""maxConnections"": ""9422"", ""maxHeaderCount"": ""530"", ""maxHttpHeaderSize"": ""1155"", ""maxHttpRequestHeaderSize"": ""17441"", ""maxHttpResponseHeaderSize"": ""2446"", ""maxKeepAliveRequests"": ""3957"", ""maxParameterCount"": ""70085"", ""maxSwallowSize"": ""2191997"", ""maxThreads"": ""157"", ""minSpareThreads"": ""20"", ""processorCache"": ""141"", ""tcpNoDelay"": ""TRUE"", ""threadPriority"": ""9"", ""threadsMaxIdleTime"": ""394866"", ""useAsyncIO"": ""TRUE"", ""useVirtualThreads"": ""FALSE""}"
tomcat,lf05_hard07,"lambda_f=0.5, hard=0.7",3305,RQ1&2parrel,111,1358.84,36.69,1358.84,10.017902135848999,"[8, 50, 10, False]",0.0,10.01780366897583,0.0,"{""acceptCount"": ""362"", ""allowBackslash"": ""TRUE"", ""compression"": ""on"", ""compressionMinSize"": ""3549"", ""connectionTimeout"": ""372555"", ""connectionUploadTimeout"": ""245110"", ""disableUploadTimeout"": ""TRUE"", ""executorTerminationTimeoutMillis"": ""305452"", ""keepAliveTimeout"": ""146705"", ""maxConnections"": ""15398"", ""maxHeaderCount"": ""89"", ""maxHttpHeaderSize"": ""24734"", ""maxHttpRequestHeaderSize"": ""48829"", ""maxHttpResponseHeaderSize"": ""56178"", ""maxKeepAliveRequests"": ""3057"", ""maxParameterCount"": ""14882"", ""maxSwallowSize"": ""15171218"", ""maxThreads"": ""382"", ""minSpareThreads"": ""373"", ""processorCache"": ""69"", ""tcpNoDelay"": ""FALSE"", ""threadPriority"": ""7"", ""threadsMaxIdleTime"": ""193944"", ""useAsyncIO"": ""TRUE"", ""useVirtualThreads"": ""TRUE""}"
tomcat,lf05_hard07,"lambda_f=0.5, hard=0.7",3305,RQ1&2parrel,112,1422.93,35.97,1422.93,10.04623794555664,"[8, 50, 10, False]",0.0,10.046154737472534,0.0,"{""acceptCount"": ""83"", ""allowBackslash"": ""TRUE"", ""compression"": ""force"", ""compressionMinSize"": ""808"", ""connectionTimeout"": ""215596"", ""connectionUploadTimeout"": ""391305"", ""disableUploadTimeout"": ""FALSE"", ""executorTerminationTimeoutMillis"": ""79345"", ""keepAliveTimeout"": ""502969"", ""maxConnections"": ""10392"", ""maxHeaderCount"": ""75"", ""maxHttpHeaderSize"": ""2477"", ""maxHttpRequestHeaderSize"": ""46842"", ""maxHttpResponseHeaderSize"": ""20878"", ""maxKeepAliveRequests"": ""3328"", ""maxParameterCount"": ""36184"", ""maxSwallowSize"": ""15541234"", ""maxThreads"": ""20"", ""minSpareThreads"": ""122"", ""processorCache"": ""277"", ""tcpNoDelay"": ""FALSE"", ""threadPriority"": ""7"", ""threadsMaxIdleTime"": ""513306"", ""useAsyncIO"": ""FALSE"", ""useVirtualThreads"": ""FALSE""}"
tomcat,lf05_hard07,"lambda_f=0.5, hard=0.7",3305,RQ1&2parrel,113,1394.57,43.68,1394.57,10.036394834518433,"[8, 50, 10, False]",0.0,10.0363028049469,0.0,"{""acceptCount"": ""211"", ""allowBackslash"": ""FALSE"", ""compression"": ""force"", ""compressionMinSize"": ""9555"", ""connectionTimeout"": ""525124"", ""connectionUploadTimeout"": ""468359"", ""disableUploadTimeout"": ""FALSE"", ""executorTerminationTimeoutMillis"": ""547014"", ""keepAliveTimeout"": ""273173"", ""maxConnections"": ""18024"", ""maxHeaderCount"": ""736"", ""maxHttpHeaderSize"": ""26861"", ""maxHttpRequestHeaderSize"": ""59315"", ""maxHttpResponseHeaderSize"": ""60533"", ""maxKeepAliveRequests"": ""423"", ""maxParameterCount"": ""2570"", ""maxSwallowSize"": ""10093253"", ""maxThreads"": ""274"", ""minSpareThreads"": ""399"", ""processorCache"": ""381"", ""tcpNoDelay"": ""TRUE"", ""threadPriority"": ""9"", ""threadsMaxIdleTime"": ""7852"", ""useAsyncIO"": ""FALSE"", ""useVirtualThreads"": ""FALSE""}"
tomcat,lf05_hard07,"lambda_f=0.5, hard=0.7",3305,RQ1&2parrel,114,1155.17,44.03,1155.17,10.03377079963684,"[8, 50, 10, False]",0.0,10.033676862716675,0.0,"{""acceptCount"": ""164"", ""allowBackslash"": ""FALSE"", ""compression"": ""force"", ""compressionMinSize"": ""4123"", ""connectionTimeout"": ""40729"", ""connectionUploadTimeout"": ""352646"", ""disableUploadTimeout"": ""TRUE"", ""executorTerminationTimeoutMillis"": ""183063"", ""keepAliveTimeout"": ""225754"", ""maxConnections"": ""3457"", ""maxHeaderCount"": ""624"", ""maxHttpHeaderSize"": ""8026"", ""maxHttpRequestHeaderSize"": ""30574"", ""maxHttpResponseHeaderSize"": ""54161"", ""maxKeepAliveRequests"": ""3530"", ""maxParameterCount"": ""20456"", ""maxSwallowSize"": ""6653136"", ""maxThreads"": ""129"", ""minSpareThreads"": ""934"", ""processorCache"": ""34"", ""tcpNoDelay"": ""FALSE"", ""threadPriority"": ""4"", ""threadsMaxIdleTime"": ""38180"", ""useAsyncIO"": ""TRUE"", ""useVirtualThreads"": ""TRUE""}"
tomcat,lf05_hard07,"lambda_f=0.5, hard=0.7",3305,RQ1&2parrel,115,1323.94,42.68,1323.94,10.026270627975464,"[8, 50, 10, False]",0.0,10.026180028915405,0.0,"{""acceptCount"": ""871"", ""allowBackslash"": ""FALSE"", ""compression"": ""on"", ""compressionMinSize"": ""2752"", ""connectionTimeout"": ""480545"", ""connectionUploadTimeout"": ""554486"", ""disableUploadTimeout"": ""FALSE"", ""executorTerminationTimeoutMillis"": ""271702"", ""keepAliveTimeout"": ""75972"", ""maxConnections"": ""14938"", ""maxHeaderCount"": ""148"", ""maxHttpHeaderSize"": ""11677"", ""maxHttpRequestHeaderSize"": ""23868"", ""maxHttpResponseHeaderSize"": ""20769"", ""maxKeepAliveRequests"": ""1706"", ""maxParameterCount"": ""31813"", ""maxSwallowSize"": ""1560837"", ""maxThreads"": ""345"", ""minSpareThreads"": ""996"", ""processorCache"": ""389"", ""tcpNoDelay"": ""TRUE"", ""threadPriority"": ""9"", ""threadsMaxIdleTime"": ""181763"", ""useAsyncIO"": ""TRUE"", ""useVirtualThreads"": ""FALSE""}"
tomcat,lf05_hard07,"lambda_f=0.5, hard=0.7",3305,RQ1&2parrel,116,1205.39,41.2,1205.39,10.024800777435303,"[8, 50, 10, False]",0.0,10.024711847305298,0.0,"{""acceptCount"": ""693"", ""allowBackslash"": ""TRUE"", ""compression"": ""force"", ""compressionMinSize"": ""1471"", ""connectionTimeout"": ""345056"", ""connectionUploadTimeout"": ""394607"", ""disableUploadTimeout"": ""TRUE"", ""executorTerminationTimeoutMillis"": ""13907"", ""keepAliveTimeout"": ""209276"", ""maxConnections"": ""214"", ""maxHeaderCount"": ""706"", ""maxHttpHeaderSize"": ""30515"", ""maxHttpRequestHeaderSize"": ""43033"", ""maxHttpResponseHeaderSize"": ""37966"", ""maxKeepAliveRequests"": ""28"", ""maxParameterCount"": ""78127"", ""maxSwallowSize"": ""14499338"", ""maxThreads"": ""118"", ""minSpareThreads"": ""642"", ""processorCache"": ""224"", ""tcpNoDelay"": ""FALSE"", ""threadPriority"": ""6"", ""threadsMaxIdleTime"": ""429596"", ""useAsyncIO"": ""TRUE"", ""useVirtualThreads"": ""TRUE""}"
tomcat,lf05_hard07,"lambda_f=0.5, hard=0.7",3305,RQ1&2parrel,117,1356.94,42.29,1356.94,10.026443243026733,"[8, 50, 10, False]",0.0,10.026352167129517,0.0,"{""acceptCount"": ""677"", ""allowBackslash"": ""TRUE"", ""compression"": ""force"", ""compressionMinSize"": ""6928"", ""connectionTimeout"": ""230456"", ""connectionUploadTimeout"": ""585488"", ""disableUploadTimeout"": ""FALSE"", ""executorTerminationTimeoutMillis"": ""381017"", ""keepAliveTimeout"": ""181833"", ""maxConnections"": ""15641"", ""maxHeaderCount"": ""591"", ""maxHttpHeaderSize"": ""3568"", ""maxHttpRequestHeaderSize"": ""14404"", ""maxHttpResponseHeaderSize"": ""44203"", ""maxKeepAliveRequests"": ""3135"", ""maxParameterCount"": ""95922"", ""maxSwallowSize"": ""12696333"", ""maxThreads"": ""285"", ""minSpareThreads"": ""177"", ""processorCache"": ""173"", ""tcpNoDelay"": ""TRUE"", ""threadPriority"": ""2"", ""threadsMaxIdleTime"": ""385185"", ""useAsyncIO"": ""FALSE"", ""useVirtualThreads"": ""FALSE""}"
tomcat,lf05_hard07,"lambda_f=0.5, hard=0.7",3305,RQ1&2parrel,118,1274.44,38.46,1274.44,10.022682189941406,"[8, 50, 10, False]",0.0,10.02259635925293,0.0,"{""acceptCount"": ""761"", ""allowBackslash"": ""FALSE"", ""compression"": ""off"", ""compressionMinSize"": ""8206"", ""connectionTimeout"": ""141549"", ""connectionUploadTimeout"": ""444329"", ""disableUploadTimeout"": ""TRUE"", ""executorTerminationTimeoutMillis"": ""498219"", ""keepAliveTimeout"": ""123540"", ""maxConnections"": ""9198"", ""maxHeaderCount"": ""25"", ""maxHttpHeaderSize"": ""21305"", ""maxHttpRequestHeaderSize"": ""51865"", ""maxHttpResponseHeaderSize"": ""29141"", ""maxKeepAliveRequests"": ""4813"", ""maxParameterCount"": ""38822"", ""maxSwallowSize"": ""4674554"", ""maxThreads"": ""54"", ""minSpareThreads"": ""469"", ""processorCache"": ""39"", ""tcpNoDelay"": ""FALSE"", ""threadPriority"": ""5"", ""threadsMaxIdleTime"": ""221766"", ""useAsyncIO"": ""FALSE"", ""useVirtualThreads"": ""TRUE""}"
tomcat,lf05_hard07,"lambda_f=0.5, hard=0.7",3305,RQ1&2parrel,119,1338.77,36.82,1338.77,10.021904468536377,"[8, 50, 10, False]",0.0,10.021817922592163,0.0,"{""acceptCount"": ""707"", ""allowBackslash"": ""TRUE"", ""compression"": ""force"", ""compressionMinSize"": ""8861"", ""connectionTimeout"": ""206808"", ""connectionUploadTimeout"": ""25774"", ""disableUploadTimeout"": ""FALSE"", ""executorTerminationTimeoutMillis"": ""226747"", ""keepAliveTimeout"": ""431441"", ""maxConnections"": ""7201"", ""maxHeaderCount"": ""295"", ""maxHttpHeaderSize"": ""21597"", ""maxHttpRequestHeaderSize"": ""27256"", ""maxHttpResponseHeaderSize"": ""60059"", ""maxKeepAliveRequests"": ""1024"", ""maxParameterCount"": ""86703"", ""maxSwallowSize"": ""8571270"", ""maxThreads"": ""315"", ""minSpareThreads"": ""503"", ""processorCache"": ""111"", ""tcpNoDelay"": ""FALSE"", ""threadPriority"": ""9"", ""threadsMaxIdleTime"": ""253109"", ""useAsyncIO"": ""FALSE"", ""useVirtualThreads"": ""TRUE""}"
tomcat,lf05_hard07,"lambda_f=0.5, hard=0.7",3305,RQ1&2parrel,120,1359.34,36.39,1359.34,10.063875436782837,"[8, 50, 10, False]",0.0,10.063789129257202,0.0,"{""acceptCount"": ""585"", ""allowBackslash"": ""FALSE"", ""compression"": ""force"", ""compressionMinSize"": ""1573"", ""connectionTimeout"": ""533902"", ""connectionUploadTimeout"": ""253458"", ""disableUploadTimeout"": ""FALSE"", ""executorTerminationTimeoutMillis"": ""393759"", ""keepAliveTimeout"": ""60942"", ""maxConnections"": ""4970"", ""maxHeaderCount"": ""892"", ""maxHttpHeaderSize"": ""13469"", ""maxHttpRequestHeaderSize"": ""14910"", ""maxHttpResponseHeaderSize"": ""22374"", ""maxKeepAliveRequests"": ""2727"", ""maxParameterCount"": ""53097"", ""maxSwallowSize"": ""14264978"", ""maxThreads"": ""167"", ""minSpareThreads"": ""976"", ""processorCache"": ""6"", ""tcpNoDelay"": ""TRUE"", ""threadPriority"": ""8"", ""threadsMaxIdleTime"": ""421043"", ""useAsyncIO"": ""FALSE"", ""useVirtualThreads"": ""TRUE""}"
tomcat,lf05_hard07,"lambda_f=0.5, hard=0.7",3305,RQ1&2parrel,121,1360.61,44.23,1360.61,10.022049903869629,"[8, 50, 10, False]",0.0,10.02195429801941,0.0,"{""acceptCount"": ""978"", ""allowBackslash"": ""TRUE"", ""compression"": ""off"", ""compressionMinSize"": ""2852"", ""connectionTimeout"": ""445288"", ""connectionUploadTimeout"": ""111716"", ""disableUploadTimeout"": ""TRUE"", ""executorTerminationTimeoutMillis"": ""520341"", ""keepAliveTimeout"": ""232326"", ""maxConnections"": ""10163"", ""maxHeaderCount"": ""459"", ""maxHttpHeaderSize"": ""28664"", ""maxHttpRequestHeaderSize"": ""50346"", ""maxHttpResponseHeaderSize"": ""35727"", ""maxKeepAliveRequests"": ""4327"", ""maxParameterCount"": ""6920"", ""maxSwallowSize"": ""1132157"", ""maxThreads"": ""395"", ""minSpareThreads"": ""638"", ""processorCache"": ""184"", ""tcpNoDelay"": ""FALSE"", ""threadPriority"": ""9"", ""threadsMaxIdleTime"": ""172001"", ""useAsyncIO"": ""FALSE"", ""useVirtualThreads"": ""FALSE""}"
tomcat,lf05_hard07,"lambda_f=0.5, hard=0.7",3305,RQ1&2parrel,122,1270.19,39.12,1270.19,10.116384267807007,"[8, 50, 10, False]",0.0,10.116260528564453,0.0,"{""acceptCount"": ""900"", ""allowBackslash"": ""TRUE"", ""compression"": ""on"", ""compressionMinSize"": ""8267"", ""connectionTimeout"": ""179445"", ""connectionUploadTimeout"": ""297331"", ""disableUploadTimeout"": ""FALSE"", ""executorTerminationTimeoutMillis"": ""284737"", ""keepAliveTimeout"": ""281249"", ""maxConnections"": ""5673"", ""maxHeaderCount"": ""339"", ""maxHttpHeaderSize"": ""5844"", ""maxHttpRequestHeaderSize"": ""22334"", ""maxHttpResponseHeaderSize"": ""46694"", ""maxKeepAliveRequests"": ""2435"", ""maxParameterCount"": ""13770"", ""maxSwallowSize"": ""3262594"", ""maxThreads"": ""1"", ""minSpareThreads"": ""165"", ""processorCache"": ""232"", ""tcpNoDelay"": ""TRUE"", ""threadPriority"": ""4"", ""threadsMaxIdleTime"": ""211972"", ""useAsyncIO"": ""TRUE"", ""useVirtualThreads"": ""TRUE""}"
tomcat,lf05_hard07,"lambda_f=0.5, hard=0.7",3305,RQ1&2parrel,123,1214.02,43.27,1214.02,10.025414228439331,"[8, 50, 10, False]",0.0,10.025320291519165,0.0,"{""acceptCount"": ""368"", ""allowBackslash"": ""TRUE"", ""compression"": ""off"", ""compressionMinSize"": ""4787"", ""connectionTimeout"": ""274738"", ""connectionUploadTimeout"": ""79747"", ""disableUploadTimeout"": ""FALSE"", ""executorTerminationTimeoutMillis"": ""586444"", ""keepAliveTimeout"": ""555354"", ""maxConnections"": ""445"", ""maxHeaderCount"": ""824"", ""maxHttpHeaderSize"": ""8460"", ""maxHttpRequestHeaderSize"": ""54673"", ""maxHttpResponseHeaderSize"": ""19306"", ""maxKeepAliveRequests"": ""2316"", ""maxParameterCount"": ""54337"", ""maxSwallowSize"": ""49215"", ""maxThreads"": ""291"", ""minSpareThreads"": ""94"", ""processorCache"": ""119"", ""tcpNoDelay"": ""FALSE"", ""threadPriority"": ""10"", ""threadsMaxIdleTime"": ""87111"", ""useAsyncIO"": ""TRUE"", ""useVirtualThreads"": ""TRUE""}"
tomcat,lf05_hard07,"lambda_f=0.5, hard=0.7",3305,RQ1&2parrel,124,1348.02,43.81,1348.02,10.020273685455322,"[8, 50, 10, False]",0.0,10.020176887512207,0.0,"{""acceptCount"": ""387"", ""allowBackslash"": ""FALSE"", ""compression"": ""on"", ""compressionMinSize"": ""183"", ""connectionTimeout"": ""149166"", ""connectionUploadTimeout"": ""41073"", ""disableUploadTimeout"": ""TRUE"", ""executorTerminationTimeoutMillis"": ""351477"", ""keepAliveTimeout"": ""211456"", ""maxConnections"": ""13483"", ""maxHeaderCount"": ""369"", ""maxHttpHeaderSize"": ""1880"", ""maxHttpRequestHeaderSize"": ""5847"", ""maxHttpResponseHeaderSize"": ""52050"", ""maxKeepAliveRequests"": ""2040"", ""maxParameterCount"": ""88539"", ""maxSwallowSize"": ""19340996"", ""maxThreads"": ""357"", ""minSpareThreads"": ""906"", ""processorCache"": ""374"", ""tcpNoDelay"": ""FALSE"", ""threadPriority"": ""3"", ""threadsMaxIdleTime"": ""558712"", ""useAsyncIO"": ""FALSE"", ""useVirtualThreads"": ""FALSE""}"
tomcat,lf05_hard07,"lambda_f=0.5, hard=0.7",3305,RQ1&2parrel,125,1418.62,40.5,1418.62,10.026068687438965,"[8, 50, 10, False]",0.0,10.02597713470459,0.0,"{""acceptCount"": ""940"", ""allowBackslash"": ""TRUE"", ""compression"": ""force"", ""compressionMinSize"": ""10045"", ""connectionTimeout"": ""111304"", ""connectionUploadTimeout"": ""289213"", ""disableUploadTimeout"": ""TRUE"", ""executorTerminationTimeoutMillis"": ""378256"", ""keepAliveTimeout"": ""118224"", ""maxConnections"": ""111"", ""maxHeaderCount"": ""500"", ""maxHttpHeaderSize"": ""36917"", ""maxHttpRequestHeaderSize"": ""37441"", ""maxHttpResponseHeaderSize"": ""53628"", ""maxKeepAliveRequests"": ""2755"", ""maxParameterCount"": ""49209"", ""maxSwallowSize"": ""2098869"", ""maxThreads"": ""304"", ""minSpareThreads"": ""249"", ""processorCache"": ""377"", ""tcpNoDelay"": ""TRUE"", ""threadPriority"": ""7"", ""threadsMaxIdleTime"": ""476507"", ""useAsyncIO"": ""FALSE"", ""useVirtualThreads"": ""FALSE""}"
tomcat,lf05_hard07,"lambda_f=0.5, hard=0.7",3305,RQ1&2parrel,126,1222.68,51.65,1222.68,10.043129920959473,"[8, 50, 10, False]",0.0,10.043040037155151,0.0,"{""acceptCount"": ""269"", ""allowBackslash"": ""TRUE"", ""compression"": ""on"", ""compressionMinSize"": ""1605"", ""connectionTimeout"": ""385821"", ""connectionUploadTimeout"": ""363759"", ""disableUploadTimeout"": ""TRUE"", ""executorTerminationTimeoutMillis"": ""151139"", ""keepAliveTimeout"": ""476018"", ""maxConnections"": ""6330"", ""maxHeaderCount"": ""793"", ""maxHttpHeaderSize"": ""598"", ""maxHttpRequestHeaderSize"": ""57852"", ""maxHttpResponseHeaderSize"": ""40479"", ""maxKeepAliveRequests"": ""170"", ""maxParameterCount"": ""5370"", ""maxSwallowSize"": ""6179595"", ""maxThreads"": ""219"", ""minSpareThreads"": ""946"", ""processorCache"": ""7"", ""tcpNoDelay"": ""TRUE"", ""threadPriority"": ""3"", ""threadsMaxIdleTime"": ""368201"", ""useAsyncIO"": ""TRUE"", ""useVirtualThreads"": ""FALSE""}"
tomcat,lf05_hard07,"lambda_f=0.5, hard=0.7",3305,RQ1&2parrel,127,1406.93,42.58,1406.93,10.032047510147095,"[8, 50, 10, False]",0.0,10.031954288482666,0.0,"{""acceptCount"": ""217"", ""allowBackslash"": ""FALSE"", ""compression"": ""force"", ""compressionMinSize"": ""7760"", ""connectionTimeout"": ""27553"", ""connectionUploadTimeout"": ""333925"", ""disableUploadTimeout"": ""TRUE"", ""executorTerminationTimeoutMillis"": ""339847"", ""keepAliveTimeout"": ""391172"", ""maxConnections"": ""2971"", ""maxHeaderCount"": ""470"", ""maxHttpHeaderSize"": ""10588"", ""maxHttpRequestHeaderSize"": ""36204"", ""maxHttpResponseHeaderSize"": ""32668"", ""maxKeepAliveRequests"": ""4992"", ""maxParameterCount"": ""66162"", ""maxSwallowSize"": ""15943251"", ""maxThreads"": ""352"", ""minSpareThreads"": ""132"", ""processorCache"": ""231"", ""tcpNoDelay"": ""TRUE"", ""threadPriority"": ""7"", ""threadsMaxIdleTime"": ""273749"", ""useAsyncIO"": ""FALSE"", ""useVirtualThreads"": ""FALSE""}"
tomcat,lf05_hard07,"lambda_f=0.5, hard=0.7",3305,RQ1&2parrel,128,1271.35,38.65,1271.35,10.027168273925781,"[8, 50, 10, False]",0.0,10.027073383331299,0.0,"{""acceptCount"": ""469"", ""allowBackslash"": ""FALSE"", ""compression"": ""off"", ""compressionMinSize"": ""3650"", ""connectionTimeout"": ""557828"", ""connectionUploadTimeout"": ""402419"", ""disableUploadTimeout"": ""FALSE"", ""executorTerminationTimeoutMillis"": ""111892"", ""keepAliveTimeout"": ""294892"", ""maxConnections"": ""19393"", ""maxHeaderCount"": ""275"", ""maxHttpHeaderSize"": ""7241"", ""maxHttpRequestHeaderSize"": ""9145"", ""maxHttpResponseHeaderSize"": ""8209"", ""maxKeepAliveRequests"": ""436"", ""maxParameterCount"": ""39850"", ""maxSwallowSize"": ""13756938"", ""maxThreads"": ""334"", ""minSpareThreads"": ""9"", ""processorCache"": ""251"", ""tcpNoDelay"": ""TRUE"", ""threadPriority"": ""6"", ""threadsMaxIdleTime"": ""202309"", ""useAsyncIO"": ""FALSE"", ""useVirtualThreads"": ""TRUE""}"
tomcat,lf05_hard07,"lambda_f=0.5, hard=0.7",3305,RQ1&2parrel,129,1225.66,40.63,1225.66,10.02081823348999,"[8, 50, 10, False]",0.0,10.020725727081299,0.0,"{""acceptCount"": ""455"", ""allowBackslash"": ""FALSE"", ""compression"": ""force"", ""compressionMinSize"": ""1961"", ""connectionTimeout"": ""216299"", ""connectionUploadTimeout"": ""49337"", ""disableUploadTimeout"": ""FALSE"", ""executorTerminationTimeoutMillis"": ""182611"", ""keepAliveTimeout"": ""74322"", ""maxConnections"": ""17920"", ""maxHeaderCount"": ""534"", ""maxHttpHeaderSize"": ""40843"", ""maxHttpRequestHeaderSize"": ""53740"", ""maxHttpResponseHeaderSize"": ""44744"", ""maxKeepAliveRequests"": ""3003"", ""maxParameterCount"": ""73658"", ""maxSwallowSize"": ""17230716"", ""maxThreads"": ""60"", ""minSpareThreads"": ""992"", ""processorCache"": ""217"", ""tcpNoDelay"": ""FALSE"", ""threadPriority"": ""9"", ""threadsMaxIdleTime"": ""298513"", ""useAsyncIO"": ""TRUE"", ""useVirtualThreads"": ""TRUE""}"
tomcat,lf05_hard07,"lambda_f=0.5, hard=0.7",3305,RQ1&2parrel,130,1367.75,43.33,1367.75,10.020530939102173,"[8, 50, 10, False]",0.0,10.020447254180908,0.0,"{""acceptCount"": ""559"", ""allowBackslash"": ""FALSE"", ""compression"": ""force"", ""compressionMinSize"": ""4840"", ""connectionTimeout"": ""118151"", ""connectionUploadTimeout"": ""490719"", ""disableUploadTimeout"": ""TRUE"", ""executorTerminationTimeoutMillis"": ""42881"", ""keepAliveTimeout"": ""145111"", ""maxConnections"": ""8375"", ""maxHeaderCount"": ""985"", ""maxHttpHeaderSize"": ""11719"", ""maxHttpRequestHeaderSize"": ""3643"", ""maxHttpResponseHeaderSize"": ""33712"", ""maxKeepAliveRequests"": ""4799"", ""maxParameterCount"": ""372"", ""maxSwallowSize"": ""18827836"", ""maxThreads"": ""143"", ""minSpareThreads"": ""77"", ""processorCache"": ""119"", ""tcpNoDelay"": ""FALSE"", ""threadPriority"": ""1"", ""threadsMaxIdleTime"": ""27159"", ""useAsyncIO"": ""FALSE"", ""useVirtualThreads"": ""FALSE""}"
tomcat,lf05_hard07,"lambda_f=0.5, hard=0.7",3305,RQ1&2parrel,131,1340.86,43.77,1340.86,10.031662702560425,"[8, 50, 10, False]",0.0,10.031553745269775,0.0,"{""acceptCount"": ""494"", ""allowBackslash"": ""FALSE"", ""compression"": ""force"", ""compressionMinSize"": ""320"", ""connectionTimeout"": ""533417"", ""connectionUploadTimeout"": ""217831"", ""disableUploadTimeout"": ""FALSE"", ""executorTerminationTimeoutMillis"": ""79249"", ""keepAliveTimeout"": ""115875"", ""maxConnections"": ""10203"", ""maxHeaderCount"": ""345"", ""maxHttpHeaderSize"": ""19127"", ""maxHttpRequestHeaderSize"": ""56273"", ""maxHttpResponseHeaderSize"": ""44721"", ""maxKeepAliveRequests"": ""4958"", ""maxParameterCount"": ""43069"", ""maxSwallowSize"": ""2310831"", ""maxThreads"": ""339"", ""minSpareThreads"": ""351"", ""processorCache"": ""166"", ""tcpNoDelay"": ""TRUE"", ""threadPriority"": ""5"", ""threadsMaxIdleTime"": ""275100"", ""useAsyncIO"": ""TRUE"", ""useVirtualThreads"": ""FALSE""}"
tomcat,lf05_hard07,"lambda_f=0.5, hard=0.7",3305,RQ1&2parrel,132,1236.22,39.58,1236.22,10.021776914596558,"[8, 50, 10, False]",0.0,10.02165937423706,0.0,"{""acceptCount"": ""810"", ""allowBackslash"": ""TRUE"", ""compression"": ""off"", ""compressionMinSize"": ""4057"", ""connectionTimeout"": ""256409"", ""connectionUploadTimeout"": ""32886"", ""disableUploadTimeout"": ""TRUE"", ""executorTerminationTimeoutMillis"": ""325666"", ""keepAliveTimeout"": ""472887"", ""maxConnections"": ""15025"", ""maxHeaderCount"": ""858"", ""maxHttpHeaderSize"": ""34369"", ""maxHttpRequestHeaderSize"": ""56076"", ""maxHttpResponseHeaderSize"": ""62651"", ""maxKeepAliveRequests"": ""3736"", ""maxParameterCount"": ""89780"", ""maxSwallowSize"": ""20530316"", ""maxThreads"": ""279"", ""minSpareThreads"": ""449"", ""processorCache"": ""279"", ""tcpNoDelay"": ""TRUE"", ""threadPriority"": ""6"", ""threadsMaxIdleTime"": ""482345"", ""useAsyncIO"": ""FALSE"", ""useVirtualThreads"": ""TRUE""}"
tomcat,lf05_hard07,"lambda_f=0.5, hard=0.7",3305,RQ1&2parrel,133,1270.59,41.58,1270.59,10.022758483886719,"[8, 50, 10, False]",0.0,10.022640705108643,0.0,"{""acceptCount"": ""482"", ""allowBackslash"": ""TRUE"", ""compression"": ""force"", ""compressionMinSize"": ""7293"", ""connectionTimeout"": ""540291"", ""connectionUploadTimeout"": ""556755"", ""disableUploadTimeout"": ""TRUE"", ""executorTerminationTimeoutMillis"": ""252947"", ""keepAliveTimeout"": ""114069"", ""maxConnections"": ""11270"", ""maxHeaderCount"": ""567"", ""maxHttpHeaderSize"": ""3125"", ""maxHttpRequestHeaderSize"": ""43793"", ""maxHttpResponseHeaderSize"": ""47470"", ""maxKeepAliveRequests"": ""1151"", ""maxParameterCount"": ""58475"", ""maxSwallowSize"": ""13797430"", ""maxThreads"": ""394"", ""minSpareThreads"": ""748"", ""processorCache"": ""111"", ""tcpNoDelay"": ""TRUE"", ""threadPriority"": ""5"", ""threadsMaxIdleTime"": ""364699"", ""useAsyncIO"": ""TRUE"", ""useVirtualThreads"": ""TRUE""}"
tomcat,lf05_hard07,"lambda_f=0.5, hard=0.7",3305,RQ1&2parrel,134,1242.23,47.86,1242.23,10.034664392471313,"[8, 50, 10, False]",0.0,10.034556865692139,0.0,"{""acceptCount"": ""35"", ""allowBackslash"": ""FALSE"", ""compression"": ""off"", ""compressionMinSize"": ""3829"", ""connectionTimeout"": ""173093"", ""connectionUploadTimeout"": ""583077"", ""disableUploadTimeout"": ""TRUE"", ""executorTerminationTimeoutMillis"": ""437262"", ""keepAliveTimeout"": ""218738"", ""maxConnections"": ""18066"", ""maxHeaderCount"": ""140"", ""maxHttpHeaderSize"": ""12121"", ""maxHttpRequestHeaderSize"": ""51092"", ""maxHttpResponseHeaderSize"": ""23661"", ""maxKeepAliveRequests"": ""4020"", ""maxParameterCount"": ""19365"", ""maxSwallowSize"": ""2753734"", ""maxThreads"": ""227"", ""minSpareThreads"": ""425"", ""processorCache"": ""326"", ""tcpNoDelay"": ""TRUE"", ""threadPriority"": ""6"", ""threadsMaxIdleTime"": ""267912"", ""useAsyncIO"": ""FALSE"", ""useVirtualThreads"": ""TRUE""}"
tomcat,lf05_hard07,"lambda_f=0.5, hard=0.7",3305,RQ1&2parrel,135,1368.73,39.68,1368.73,10.043447494506836,"[8, 50, 10, False]",0.0,10.043102025985718,0.0,"{""acceptCount"": ""282"", ""allowBackslash"": ""FALSE"", ""compression"": ""force"", ""compressionMinSize"": ""7898"", ""connectionTimeout"": ""403363"", ""connectionUploadTimeout"": ""518136"", ""disableUploadTimeout"": ""FALSE"", ""executorTerminationTimeoutMillis"": ""9791"", ""keepAliveTimeout"": ""314948"", ""maxConnections"": ""4455"", ""maxHeaderCount"": ""117"", ""maxHttpHeaderSize"": ""4673"", ""maxHttpRequestHeaderSize"": ""27526"", ""maxHttpResponseHeaderSize"": ""15744"", ""maxKeepAliveRequests"": ""704"", ""maxParameterCount"": ""99139"", ""maxSwallowSize"": ""5646613"", ""maxThreads"": ""260"", ""minSpareThreads"": ""310"", ""processorCache"": ""356"", ""tcpNoDelay"": ""TRUE"", ""threadPriority"": ""7"", ""threadsMaxIdleTime"": ""189425"", ""useAsyncIO"": ""FALSE"", ""useVirtualThreads"": ""FALSE""}"
tomcat,lf05_hard07,"lambda_f=0.5, hard=0.7",3305,RQ1&2parrel,136,1303.64,38.26,1303.64,10.01810097694397,"[8, 50, 10, False]",0.0,10.017998933792114,0.0,"{""acceptCount"": ""159"", ""allowBackslash"": ""TRUE"", ""compression"": ""off"", ""compressionMinSize"": ""6620"", ""connectionTimeout"": ""567581"", ""connectionUploadTimeout"": ""360670"", ""disableUploadTimeout"": ""TRUE"", ""executorTerminationTimeoutMillis"": ""267614"", ""keepAliveTimeout"": ""598246"", ""maxConnections"": ""10356"", ""maxHeaderCount"": ""551"", ""maxHttpHeaderSize"": ""20249"", ""maxHttpRequestHeaderSize"": ""38809"", ""maxHttpResponseHeaderSize"": ""59251"", ""maxKeepAliveRequests"": ""2229"", ""maxParameterCount"": ""42047"", ""maxSwallowSize"": ""18933236"", ""maxThreads"": ""79"", ""minSpareThreads"": ""86"", ""processorCache"": ""234"", ""tcpNoDelay"": ""FALSE"", ""threadPriority"": ""8"", ""threadsMaxIdleTime"": ""398621"", ""useAsyncIO"": ""FALSE"", ""useVirtualThreads"": ""TRUE""}"
tomcat,lf05_hard07,"lambda_f=0.5, hard=0.7",3305,RQ1&2parrel,137,1482.89,39.22,1482.89,10.02147102355957,"[8, 50, 10, False]",0.0,10.021373748779297,0.0,"{""acceptCount"": ""999"", ""allowBackslash"": ""FALSE"", ""compression"": ""force"", ""compressionMinSize"": ""4978"", ""connectionTimeout"": ""350857"", ""connectionUploadTimeout"": ""305198"", ""disableUploadTimeout"": ""FALSE"", ""executorTerminationTimeoutMillis"": ""317349"", ""keepAliveTimeout"": ""68958"", ""maxConnections"": ""9080"", ""maxHeaderCount"": ""602"", ""maxHttpHeaderSize"": ""7581"", ""maxHttpRequestHeaderSize"": ""60088"", ""maxHttpResponseHeaderSize"": ""51275"", ""maxKeepAliveRequests"": ""902"", ""maxParameterCount"": ""32954"", ""maxSwallowSize"": ""8163834"", ""maxThreads"": ""51"", ""minSpareThreads"": ""489"", ""processorCache"": ""94"", ""tcpNoDelay"": ""FALSE"", ""threadPriority"": ""2"", ""threadsMaxIdleTime"": ""111402"", ""useAsyncIO"": ""FALSE"", ""useVirtualThreads"": ""FALSE""}"
tomcat,lf05_hard07,"lambda_f=0.5, hard=0.7",3305,RQ1&2parrel,138,1413.38,40.55,1413.38,10.02128267288208,"[8, 50, 10, False]",0.0,10.02118444442749,0.0,"{""acceptCount"": ""347"", ""allowBackslash"": ""TRUE"", ""compression"": ""force"", ""compressionMinSize"": ""1454"", ""connectionTimeout"": ""66340"", ""connectionUploadTimeout"": ""340288"", ""disableUploadTimeout"": ""TRUE"", ""executorTerminationTimeoutMillis"": ""300773"", ""keepAliveTimeout"": ""572202"", ""maxConnections"": ""4896"", ""maxHeaderCount"": ""429"", ""maxHttpHeaderSize"": ""11172"", ""maxHttpRequestHeaderSize"": ""53186"", ""maxHttpResponseHeaderSize"": ""56193"", ""maxKeepAliveRequests"": ""1066"", ""maxParameterCount"": ""55430"", ""maxSwallowSize"": ""17264990"", ""maxThreads"": ""302"", ""minSpareThreads"": ""414"", ""processorCache"": ""370"", ""tcpNoDelay"": ""FALSE"", ""threadPriority"": ""5"", ""threadsMaxIdleTime"": ""7677"", ""useAsyncIO"": ""FALSE"", ""useVirtualThreads"": ""FALSE""}"
tomcat,lf05_hard07,"lambda_f=0.5, hard=0.7",3305,RQ1&2parrel,139,1391.63,43.69,1391.63,10.039154529571533,"[8, 50, 10, False]",0.0,10.039067268371582,0.0,"{""acceptCount"": ""676"", ""allowBackslash"": ""FALSE"", ""compression"": ""off"", ""compressionMinSize"": ""4454"", ""connectionTimeout"": ""302634"", ""connectionUploadTimeout"": ""577061"", ""disableUploadTimeout"": ""FALSE"", ""executorTerminationTimeoutMillis"": ""371823"", ""keepAliveTimeout"": ""493425"", ""maxConnections"": ""7541"", ""maxHeaderCount"": ""517"", ""maxHttpHeaderSize"": ""23919"", ""maxHttpRequestHeaderSize"": ""54911"", ""maxHttpResponseHeaderSize"": ""39240"", ""maxKeepAliveRequests"": ""2009"", ""maxParameterCount"": ""66774"", ""maxSwallowSize"": ""3672758"", ""maxThreads"": ""335"", ""minSpareThreads"": ""842"", ""processorCache"": ""373"", ""tcpNoDelay"": ""TRUE"", ""threadPriority"": ""8"", ""threadsMaxIdleTime"": ""70375"", ""useAsyncIO"": ""TRUE"", ""useVirtualThreads"": ""FALSE""}"
tomcat,lf05_hard07,"lambda_f=0.5, hard=0.7",3305,RQ1&2parrel,140,1220.34,40.91,1220.34,10.024065017700195,"[8, 50, 10, False]",0.0,10.023971796035767,0.0,"{""acceptCount"": ""896"", ""allowBackslash"": ""FALSE"", ""compression"": ""force"", ""compressionMinSize"": ""1431"", ""connectionTimeout"": ""159592"", ""connectionUploadTimeout"": ""133635"", ""disableUploadTimeout"": ""TRUE"", ""executorTerminationTimeoutMillis"": ""143388"", ""keepAliveTimeout"": ""137169"", ""maxConnections"": ""2549"", ""maxHeaderCount"": ""507"", ""maxHttpHeaderSize"": ""1728"", ""maxHttpRequestHeaderSize"": ""57012"", ""maxHttpResponseHeaderSize"": ""5465"", ""maxKeepAliveRequests"": ""1564"", ""maxParameterCount"": ""82558"", ""maxSwallowSize"": ""3302734"", ""maxThreads"": ""73"", ""minSpareThreads"": ""590"", ""processorCache"": ""181"", ""tcpNoDelay"": ""TRUE"", ""threadPriority"": ""7"", ""threadsMaxIdleTime"": ""355624"", ""useAsyncIO"": ""FALSE"", ""useVirtualThreads"": ""TRUE""}"
tomcat,lf05_hard07,"lambda_f=0.5, hard=0.7",3305,RQ1&2parrel,141,1263.62,48.68,1263.62,10.040336608886719,"[8, 50, 10, False]",0.0,10.040242195129395,0.0,"{""acceptCount"": ""665"", ""allowBackslash"": ""FALSE"", ""compression"": ""off"", ""compressionMinSize"": ""7401"", ""connectionTimeout"": ""379318"", ""connectionUploadTimeout"": ""69812"", ""disableUploadTimeout"": ""FALSE"", ""executorTerminationTimeoutMillis"": ""308350"", ""keepAliveTimeout"": ""528973"", ""maxConnections"": ""19893"", ""maxHeaderCount"": ""750"", ""maxHttpHeaderSize"": ""15018"", ""maxHttpRequestHeaderSize"": ""29731"", ""maxHttpResponseHeaderSize"": ""29892"", ""maxKeepAliveRequests"": ""3630"", ""maxParameterCount"": ""12528"", ""maxSwallowSize"": ""6318652"", ""maxThreads"": ""43"", ""minSpareThreads"": ""705"", ""processorCache"": ""101"", ""tcpNoDelay"": ""TRUE"", ""threadPriority"": ""6"", ""threadsMaxIdleTime"": ""424571"", ""useAsyncIO"": ""FALSE"", ""useVirtualThreads"": ""FALSE""}"
tomcat,lf05_hard07,"lambda_f=0.5, hard=0.7",3305,RQ1&2parrel,142,1200.66,41.63,1200.66,10.032047748565674,"[8, 50, 10, False]",0.0,10.031957626342773,0.0,"{""acceptCount"": ""136"", ""allowBackslash"": ""TRUE"", ""compression"": ""force"", ""compressionMinSize"": ""1006"", ""connectionTimeout"": ""226566"", ""connectionUploadTimeout"": ""482527"", ""disableUploadTimeout"": ""TRUE"", ""executorTerminationTimeoutMillis"": ""31183"", ""keepAliveTimeout"": ""407971"", ""maxConnections"": ""621"", ""maxHeaderCount"": ""475"", ""maxHttpHeaderSize"": ""44254"", ""maxHttpRequestHeaderSize"": ""50185"", ""maxHttpResponseHeaderSize"": ""48510"", ""maxKeepAliveRequests"": ""677"", ""maxParameterCount"": ""3168"", ""maxSwallowSize"": ""19932596"", ""maxThreads"": ""21"", ""minSpareThreads"": ""535"", ""processorCache"": ""28"", ""tcpNoDelay"": ""TRUE"", ""threadPriority"": ""8"", ""threadsMaxIdleTime"": ""94266"", ""useAsyncIO"": ""FALSE"", ""useVirtualThreads"": ""TRUE""}"
tomcat,lf05_hard07,"lambda_f=0.5, hard=0.7",3305,RQ1&2parrel,143,1226.79,39.9,1226.79,10.015775918960571,"[8, 50, 10, False]",0.0,10.015687465667725,0.0,"{""acceptCount"": ""57"", ""allowBackslash"": ""FALSE"", ""compression"": ""off"", ""compressionMinSize"": ""5517"", ""connectionTimeout"": ""246258"", ""connectionUploadTimeout"": ""46905"", ""disableUploadTimeout"": ""TRUE"", ""executorTerminationTimeoutMillis"": ""392910"", ""keepAliveTimeout"": ""258702"", ""maxConnections"": ""9462"", ""maxHeaderCount"": ""96"", ""maxHttpHeaderSize"": ""18928"", ""maxHttpRequestHeaderSize"": ""25410"", ""maxHttpResponseHeaderSize"": ""45455"", ""maxKeepAliveRequests"": ""369"", ""maxParameterCount"": ""51754"", ""maxSwallowSize"": ""5276791"", ""maxThreads"": ""147"", ""minSpareThreads"": ""62"", ""processorCache"": ""198"", ""tcpNoDelay"": ""TRUE"", ""threadPriority"": ""7"", ""threadsMaxIdleTime"": ""509613"", ""useAsyncIO"": ""TRUE"", ""useVirtualThreads"": ""TRUE""}"
tomcat,lf05_hard07,"lambda_f=0.5, hard=0.7",3305,RQ1&2parrel,144,1362.61,42.39,1362.61,10.03833818435669,"[8, 50, 10, False]",0.0,10.038215160369873,0.0,"{""acceptCount"": ""255"", ""allowBackslash"": ""FALSE"", ""compression"": ""force"", ""compressionMinSize"": ""768"", ""connectionTimeout"": ""330051"", ""connectionUploadTimeout"": ""128172"", ""disableUploadTimeout"": ""FALSE"", ""executorTerminationTimeoutMillis"": ""58828"", ""keepAliveTimeout"": ""425002"", ""maxConnections"": ""13059"", ""maxHeaderCount"": ""150"", ""maxHttpHeaderSize"": ""30314"", ""maxHttpRequestHeaderSize"": ""53215"", ""maxHttpResponseHeaderSize"": ""53380"", ""maxKeepAliveRequests"": ""4903"", ""maxParameterCount"": ""28503"", ""maxSwallowSize"": ""3039118"", ""maxThreads"": ""165"", ""minSpareThreads"": ""174"", ""processorCache"": ""122"", ""tcpNoDelay"": ""TRUE"", ""threadPriority"": ""6"", ""threadsMaxIdleTime"": ""590501"", ""useAsyncIO"": ""TRUE"", ""useVirtualThreads"": ""FALSE""}"
tomcat,lf05_hard07,"lambda_f=0.5, hard=0.7",3305,RQ1&2parrel,145,1263.61,39.48,1263.61,10.029070377349854,"[8, 50, 10, False]",0.0,10.028971910476685,0.0,"{""acceptCount"": ""364"", ""allowBackslash"": ""FALSE"", ""compression"": ""force"", ""compressionMinSize"": ""6191"", ""connectionTimeout"": ""294719"", ""connectionUploadTimeout"": ""243593"", ""disableUploadTimeout"": ""TRUE"", ""executorTerminationTimeoutMillis"": ""446249"", ""keepAliveTimeout"": ""378608"", ""maxConnections"": ""8568"", ""maxHeaderCount"": ""23"", ""maxHttpHeaderSize"": ""4447"", ""maxHttpRequestHeaderSize"": ""24554"", ""maxHttpResponseHeaderSize"": ""61300"", ""maxKeepAliveRequests"": ""1762"", ""maxParameterCount"": ""47987"", ""maxSwallowSize"": ""1237553"", ""maxThreads"": ""232"", ""minSpareThreads"": ""646"", ""processorCache"": ""269"", ""tcpNoDelay"": ""FALSE"", ""threadPriority"": ""2"", ""threadsMaxIdleTime"": ""545815"", ""useAsyncIO"": ""FALSE"", ""useVirtualThreads"": ""TRUE""}"
tomcat,lf05_hard07,"lambda_f=0.5, hard=0.7",3305,RQ1&2parrel,146,1388.34,45.27,1388.34,10.029667854309082,"[8, 50, 10, False]",0.0,10.029574871063232,0.0,"{""acceptCount"": ""789"", ""allowBackslash"": ""TRUE"", ""compression"": ""on"", ""compressionMinSize"": ""3304"", ""connectionTimeout"": ""17089"", ""connectionUploadTimeout"": ""348896"", ""disableUploadTimeout"": ""TRUE"", ""executorTerminationTimeoutMillis"": ""369231"", ""keepAliveTimeout"": ""417393"", ""maxConnections"": ""6565"", ""maxHeaderCount"": ""374"", ""maxHttpHeaderSize"": ""34415"", ""maxHttpRequestHeaderSize"": ""49788"", ""maxHttpResponseHeaderSize"": ""35890"", ""maxKeepAliveRequests"": ""2607"", ""maxParameterCount"": ""15694"", ""maxSwallowSize"": ""11743200"", ""maxThreads"": ""298"", ""minSpareThreads"": ""341"", ""processorCache"": ""296"", ""tcpNoDelay"": ""FALSE"", ""threadPriority"": ""6"", ""threadsMaxIdleTime"": ""191492"", ""useAsyncIO"": ""FALSE"", ""useVirtualThreads"": ""FALSE""}"
tomcat,lf05_hard07,"lambda_f=0.5, hard=0.7",3305,RQ1&2parrel,147,1207.13,45.85,1207.13,10.040118932723999,"[8, 50, 10, False]",0.0,10.040005207061768,0.0,"{""acceptCount"": ""350"", ""allowBackslash"": ""FALSE"", ""compression"": ""force"", ""compressionMinSize"": ""3981"", ""connectionTimeout"": ""428278"", ""connectionUploadTimeout"": ""461981"", ""disableUploadTimeout"": ""FALSE"", ""executorTerminationTimeoutMillis"": ""513780"", ""keepAliveTimeout"": ""151943"", ""maxConnections"": ""4003"", ""maxHeaderCount"": ""978"", ""maxHttpHeaderSize"": ""11274"", ""maxHttpRequestHeaderSize"": ""37219"", ""maxHttpResponseHeaderSize"": ""38697"", ""maxKeepAliveRequests"": ""2172"", ""maxParameterCount"": ""37820"", ""maxSwallowSize"": ""17634576"", ""maxThreads"": ""37"", ""minSpareThreads"": ""508"", ""processorCache"": ""159"", ""tcpNoDelay"": ""FALSE"", ""threadPriority"": ""5"", ""threadsMaxIdleTime"": ""122651"", ""useAsyncIO"": ""TRUE"", ""useVirtualThreads"": ""TRUE""}"
tomcat,lf05_hard07,"lambda_f=0.5, hard=0.7",3305,RQ1&2parrel,148,1268.46,38.95,1268.46,10.01756477355957,"[8, 50, 10, False]",0.0,10.017469644546509,0.0,"{""acceptCount"": ""880"", ""allowBackslash"": ""FALSE"", ""compression"": ""force"", ""compressionMinSize"": ""8741"", ""connectionTimeout"": ""335335"", ""connectionUploadTimeout"": ""361353"", ""disableUploadTimeout"": ""FALSE"", ""executorTerminationTimeoutMillis"": ""207403"", ""keepAliveTimeout"": ""515266"", ""maxConnections"": ""9849"", ""maxHeaderCount"": ""493"", ""maxHttpHeaderSize"": ""9126"", ""maxHttpRequestHeaderSize"": ""4657"", ""maxHttpResponseHeaderSize"": ""27557"", ""maxKeepAliveRequests"": ""1974"", ""maxParameterCount"": ""78665"", ""maxSwallowSize"": ""19665396"", ""maxThreads"": ""270"", ""minSpareThreads"": ""701"", ""processorCache"": ""291"", ""tcpNoDelay"": ""TRUE"", ""threadPriority"": ""8"", ""threadsMaxIdleTime"": ""175918"", ""useAsyncIO"": ""TRUE"", ""useVirtualThreads"": ""TRUE""}"
tomcat,lf05_hard07,"lambda_f=0.5, hard=0.7",3305,RQ1&2parrel,149,1460.65,41.4,1460.65,10.032745838165283,"[8, 50, 10, False]",0.0,10.032652854919434,0.0,"{""acceptCount"": ""558"", ""allowBackslash"": ""TRUE"", ""compression"": ""on"", ""compressionMinSize"": ""7462"", ""connectionTimeout"": ""490160"", ""connectionUploadTimeout"": ""522106"", ""disableUploadTimeout"": ""TRUE"", ""executorTerminationTimeoutMillis"": ""108966"", ""keepAliveTimeout"": ""381958"", ""maxConnections"": ""15274"", ""maxHeaderCount"": ""935"", ""maxHttpHeaderSize"": ""32070"", ""maxHttpRequestHeaderSize"": ""60660"", ""maxHttpResponseHeaderSize"": ""46945"", ""maxKeepAliveRequests"": ""999"", ""maxParameterCount"": ""37522"", ""maxSwallowSize"": ""6880533"", ""maxThreads"": ""93"", ""minSpareThreads"": ""911"", ""processorCache"": ""319"", ""tcpNoDelay"": ""FALSE"", ""threadPriority"": ""7"", ""threadsMaxIdleTime"": ""416682"", ""useAsyncIO"": ""TRUE"", ""useVirtualThreads"": ""FALSE""}"
tomcat,lf05_hard07,"lambda_f=0.5, hard=0.7",3305,RQ1&2parrel,150,1348.83,47.87,1348.83,10.031616449356079,"[8, 50, 10, False]",0.0,10.031529903411865,0.0,"{""acceptCount"": ""867"", ""allowBackslash"": ""TRUE"", ""compression"": ""force"", ""compressionMinSize"": ""6785"", ""connectionTimeout"": ""463034"", ""connectionUploadTimeout"": ""399999"", ""disableUploadTimeout"": ""TRUE"", ""executorTerminationTimeoutMillis"": ""130628"", ""keepAliveTimeout"": ""255643"", ""maxConnections"": ""16813"", ""maxHeaderCount"": ""949"", ""maxHttpHeaderSize"": ""15690"", ""maxHttpRequestHeaderSize"": ""53453"", ""maxHttpResponseHeaderSize"": ""59802"", ""maxKeepAliveRequests"": ""2421"", ""maxParameterCount"": ""62950"", ""maxSwallowSize"": ""2339531"", ""maxThreads"": ""380"", ""minSpareThreads"": ""264"", ""processorCache"": ""48"", ""tcpNoDelay"": ""TRUE"", ""threadPriority"": ""1"", ""threadsMaxIdleTime"": ""300641"", ""useAsyncIO"": ""FALSE"", ""useVirtualThreads"": ""FALSE""}"
tomcat,lf05_hard07,"lambda_f=0.5, hard=0.7",3305,RQ1&2parrel,151,1333.89,37.04,1333.89,10.02820873260498,"[8, 50, 10, False]",0.0,10.028111219406128,0.0,"{""acceptCount"": ""706"", ""allowBackslash"": ""FALSE"", ""compression"": ""off"", ""compressionMinSize"": ""1279"", ""connectionTimeout"": ""439369"", ""connectionUploadTimeout"": ""13655"", ""disableUploadTimeout"": ""FALSE"", ""executorTerminationTimeoutMillis"": ""216898"", ""keepAliveTimeout"": ""91469"", ""maxConnections"": ""19109"", ""maxHeaderCount"": ""345"", ""maxHttpHeaderSize"": ""1309"", ""maxHttpRequestHeaderSize"": ""35522"", ""maxHttpResponseHeaderSize"": ""56910"", ""maxKeepAliveRequests"": ""4746"", ""maxParameterCount"": ""51116"", ""maxSwallowSize"": ""18229896"", ""maxThreads"": ""266"", ""minSpareThreads"": ""477"", ""processorCache"": ""311"", ""tcpNoDelay"": ""FALSE"", ""threadPriority"": ""3"", ""threadsMaxIdleTime"": ""491313"", ""useAsyncIO"": ""TRUE"", ""useVirtualThreads"": ""TRUE""}"
tomcat,lf05_hard07,"lambda_f=0.5, hard=0.7",3305,RQ1&2parrel,152,1367.11,41.64,1367.11,10.018555641174316,"[8, 50, 10, False]",0.0,10.018462181091309,0.0,"{""acceptCount"": ""264"", ""allowBackslash"": ""TRUE"", ""compression"": ""force"", ""compressionMinSize"": ""3946"", ""connectionTimeout"": ""296608"", ""connectionUploadTimeout"": ""261786"", ""disableUploadTimeout"": ""FALSE"", ""executorTerminationTimeoutMillis"": ""448097"", ""keepAliveTimeout"": ""504676"", ""maxConnections"": ""15520"", ""maxHeaderCount"": ""923"", ""maxHttpHeaderSize"": ""30179"", ""maxHttpRequestHeaderSize"": ""61980"", ""maxHttpResponseHeaderSize"": ""54096"", ""maxKeepAliveRequests"": ""1685"", ""maxParameterCount"": ""57620"", ""maxSwallowSize"": ""4483119"", ""maxThreads"": ""322"", ""minSpareThreads"": ""499"", ""processorCache"": ""292"", ""tcpNoDelay"": ""TRUE"", ""threadPriority"": ""9"", ""threadsMaxIdleTime"": ""14133"", ""useAsyncIO"": ""TRUE"", ""useVirtualThreads"": ""FALSE""}"
tomcat,lf05_hard07,"lambda_f=0.5, hard=0.7",3305,RQ1&2parrel,153,1404.18,40.02,1404.18,10.02257490158081,"[8, 50, 10, False]",0.0,10.022486925125122,0.0,"{""acceptCount"": ""533"", ""allowBackslash"": ""TRUE"", ""compression"": ""on"", ""compressionMinSize"": ""4354"", ""connectionTimeout"": ""566995"", ""connectionUploadTimeout"": ""127199"", ""disableUploadTimeout"": ""TRUE"", ""executorTerminationTimeoutMillis"": ""120217"", ""keepAliveTimeout"": ""341722"", ""maxConnections"": ""7316"", ""maxHeaderCount"": ""831"", ""maxHttpHeaderSize"": ""6873"", ""maxHttpRequestHeaderSize"": ""19287"", ""maxHttpResponseHeaderSize"": ""24163"", ""maxKeepAliveRequests"": ""4611"", ""maxParameterCount"": ""91767"", ""maxSwallowSize"": ""4098958"", ""maxThreads"": ""387"", ""minSpareThreads"": ""539"", ""processorCache"": ""154"", ""tcpNoDelay"": ""FALSE"", ""threadPriority"": ""6"", ""threadsMaxIdleTime"": ""63066"", ""useAsyncIO"": ""FALSE"", ""useVirtualThreads"": ""FALSE""}"
tomcat,lf05_hard07,"lambda_f=0.5, hard=0.7",3305,RQ1&2parrel,154,1255.68,39.23,1255.68,10.01836895942688,"[8, 50, 10, False]",0.0,10.018275737762451,0.0,"{""acceptCount"": ""906"", ""allowBackslash"": ""FALSE"", ""compression"": ""force"", ""compressionMinSize"": ""516"", ""connectionTimeout"": ""412170"", ""connectionUploadTimeout"": ""266236"", ""disableUploadTimeout"": ""FALSE"", ""executorTerminationTimeoutMillis"": ""162388"", ""keepAliveTimeout"": ""545928"", ""maxConnections"": ""17513"", ""maxHeaderCount"": ""273"", ""maxHttpHeaderSize"": ""18004"", ""maxHttpRequestHeaderSize"": ""46604"", ""maxHttpResponseHeaderSize"": ""33444"", ""maxKeepAliveRequests"": ""3633"", ""maxParameterCount"": ""48611"", ""maxSwallowSize"": ""11958657"", ""maxThreads"": ""151"", ""minSpareThreads"": ""815"", ""processorCache"": ""31"", ""tcpNoDelay"": ""TRUE"", ""threadPriority"": ""9"", ""threadsMaxIdleTime"": ""525428"", ""useAsyncIO"": ""FALSE"", ""useVirtualThreads"": ""TRUE""}"
tomcat,lf05_hard07,"lambda_f=0.5, hard=0.7",3305,RQ1&2parrel,155,1342.96,43.96,1342.96,10.022971630096436,"[8, 50, 10, False]",0.0,10.022880554199219,0.0,"{""acceptCount"": ""748"", ""allowBackslash"": ""TRUE"", ""compression"": ""force"", ""compressionMinSize"": ""954"", ""connectionTimeout"": ""319404"", ""connectionUploadTimeout"": ""431682"", ""disableUploadTimeout"": ""TRUE"", ""executorTerminationTimeoutMillis"": ""540632"", ""keepAliveTimeout"": ""231743"", ""maxConnections"": ""4596"", ""maxHeaderCount"": ""763"", ""maxHttpHeaderSize"": ""22321"", ""maxHttpRequestHeaderSize"": ""63574"", ""maxHttpResponseHeaderSize"": ""52239"", ""maxKeepAliveRequests"": ""2559"", ""maxParameterCount"": ""2447"", ""maxSwallowSize"": ""14617194"", ""maxThreads"": ""82"", ""minSpareThreads"": ""259"", ""processorCache"": ""138"", ""tcpNoDelay"": ""FALSE"", ""threadPriority"": ""4"", ""threadsMaxIdleTime"": ""200258"", ""useAsyncIO"": ""TRUE"", ""useVirtualThreads"": ""FALSE""}"
tomcat,lf05_hard07,"lambda_f=0.5, hard=0.7",3305,RQ1&2parrel,156,1319.04,37.54,1319.04,10.022710800170898,"[8, 50, 10, False]",0.0,10.02259635925293,0.0,"{""acceptCount"": ""52"", ""allowBackslash"": ""FALSE"", ""compression"": ""on"", ""compressionMinSize"": ""6679"", ""connectionTimeout"": ""306722"", ""connectionUploadTimeout"": ""212556"", ""disableUploadTimeout"": ""FALSE"", ""executorTerminationTimeoutMillis"": ""524419"", ""keepAliveTimeout"": ""440720"", ""maxConnections"": ""14506"", ""maxHeaderCount"": ""861"", ""maxHttpHeaderSize"": ""2694"", ""maxHttpRequestHeaderSize"": ""2799"", ""maxHttpResponseHeaderSize"": ""9186"", ""maxKeepAliveRequests"": ""4860"", ""maxParameterCount"": ""16978"", ""maxSwallowSize"": ""20460236"", ""maxThreads"": ""32"", ""minSpareThreads"": ""283"", ""processorCache"": ""39"", ""tcpNoDelay"": ""TRUE"", ""threadPriority"": ""10"", ""threadsMaxIdleTime"": ""410104"", ""useAsyncIO"": ""TRUE"", ""useVirtualThreads"": ""TRUE""}"
tomcat,lf05_hard07,"lambda_f=0.5, hard=0.7",3305,RQ1&2parrel,157,1283.55,38.58,1283.55,10.03508448600769,"[8, 50, 10, False]",0.0,10.034990787506104,0.0,"{""acceptCount"": ""983"", ""allowBackslash"": ""TRUE"", ""compression"": ""on"", ""compressionMinSize"": ""6916"", ""connectionTimeout"": ""120497"", ""connectionUploadTimeout"": ""367463"", ""disableUploadTimeout"": ""FALSE"", ""executorTerminationTimeoutMillis"": ""485969"", ""keepAliveTimeout"": ""564559"", ""maxConnections"": ""12797"", ""maxHeaderCount"": ""210"", ""maxHttpHeaderSize"": ""2729"", ""maxHttpRequestHeaderSize"": ""42301"", ""maxHttpResponseHeaderSize"": ""55495"", ""maxKeepAliveRequests"": ""2582"", ""maxParameterCount"": ""81416"", ""maxSwallowSize"": ""9918076"", ""maxThreads"": ""105"", ""minSpareThreads"": ""825"", ""processorCache"": ""263"", ""tcpNoDelay"": ""FALSE"", ""threadPriority"": ""7"", ""threadsMaxIdleTime"": ""161611"", ""useAsyncIO"": ""TRUE"", ""useVirtualThreads"": ""TRUE""}"
tomcat,lf05_hard07,"lambda_f=0.5, hard=0.7",3305,RQ1&2parrel,158,1326.96,43.97,1326.96,10.016549348831177,"[8, 50, 10, False]",0.0,10.016456604003906,0.0,"{""acceptCount"": ""551"", ""allowBackslash"": ""FALSE"", ""compression"": ""on"", ""compressionMinSize"": ""7401"", ""connectionTimeout"": ""459262"", ""connectionUploadTimeout"": ""497851"", ""disableUploadTimeout"": ""TRUE"", ""executorTerminationTimeoutMillis"": ""126025"", ""keepAliveTimeout"": ""410252"", ""maxConnections"": ""8727"", ""maxHeaderCount"": ""625"", ""maxHttpHeaderSize"": ""30338"", ""maxHttpRequestHeaderSize"": ""40290"", ""maxHttpResponseHeaderSize"": ""54551"", ""maxKeepAliveRequests"": ""3619"", ""maxParameterCount"": ""59265"", ""maxSwallowSize"": ""14604200"", ""maxThreads"": ""310"", ""minSpareThreads"": ""776"", ""processorCache"": ""298"", ""tcpNoDelay"": ""TRUE"", ""threadPriority"": ""10"", ""threadsMaxIdleTime"": ""514880"", ""useAsyncIO"": ""TRUE"", ""useVirtualThreads"": ""FALSE""}"
tomcat,lf05_hard07,"lambda_f=0.5, hard=0.7",3305,RQ1&2parrel,159,1190.49,41.95,1190.49,10.032698154449463,"[8, 50, 10, False]",0.0,10.032573938369751,0.0,"{""acceptCount"": ""113"", ""allowBackslash"": ""TRUE"", ""compression"": ""on"", ""compressionMinSize"": ""4358"", ""connectionTimeout"": ""403456"", ""connectionUploadTimeout"": ""20979"", ""disableUploadTimeout"": ""FALSE"", ""executorTerminationTimeoutMillis"": ""130127"", ""keepAliveTimeout"": ""464972"", ""maxConnections"": ""18053"", ""maxHeaderCount"": ""385"", ""maxHttpHeaderSize"": ""49348"", ""maxHttpRequestHeaderSize"": ""59570"", ""maxHttpResponseHeaderSize"": ""52232"", ""maxKeepAliveRequests"": ""1436"", ""maxParameterCount"": ""37103"", ""maxSwallowSize"": ""8238913"", ""maxThreads"": ""304"", ""minSpareThreads"": ""704"", ""processorCache"": ""224"", ""tcpNoDelay"": ""TRUE"", ""threadPriority"": ""10"", ""threadsMaxIdleTime"": ""82441"", ""useAsyncIO"": ""TRUE"", ""useVirtualThreads"": ""TRUE""}"
tomcat,lf05_hard07,"lambda_f=0.5, hard=0.7",3305,RQ1&2parrel,160,1299.0,37.72,1299.0,10.02056336402893,"[8, 50, 10, False]",0.0,10.02046823501587,0.0,"{""acceptCount"": ""660"", ""allowBackslash"": ""TRUE"", ""compression"": ""force"", ""compressionMinSize"": ""7672"", ""connectionTimeout"": ""93206"", ""connectionUploadTimeout"": ""545432"", ""disableUploadTimeout"": ""FALSE"", ""executorTerminationTimeoutMillis"": ""502979"", ""keepAliveTimeout"": ""147765"", ""maxConnections"": ""14336"", ""maxHeaderCount"": ""158"", ""maxHttpHeaderSize"": ""20649"", ""maxHttpRequestHeaderSize"": ""39159"", ""maxHttpResponseHeaderSize"": ""35018"", ""maxKeepAliveRequests"": ""4001"", ""maxParameterCount"": ""18264"", ""maxSwallowSize"": ""4455476"", ""maxThreads"": ""218"", ""minSpareThreads"": ""476"", ""processorCache"": ""192"", ""tcpNoDelay"": ""TRUE"", ""threadPriority"": ""2"", ""threadsMaxIdleTime"": ""275344"", ""useAsyncIO"": ""FALSE"", ""useVirtualThreads"": ""TRUE""}"
tomcat,lf05_hard07,"lambda_f=0.5, hard=0.7",3305,RQ1&2parrel,161,1315.17,45.05,1315.17,10.024868965148926,"[8, 50, 10, False]",0.0,10.024774074554443,0.0,"{""acceptCount"": ""497"", ""allowBackslash"": ""FALSE"", ""compression"": ""on"", ""compressionMinSize"": ""4111"", ""connectionTimeout"": ""150853"", ""connectionUploadTimeout"": ""569829"", ""disableUploadTimeout"": ""TRUE"", ""executorTerminationTimeoutMillis"": ""83961"", ""keepAliveTimeout"": ""518331"", ""maxConnections"": ""5608"", ""maxHeaderCount"": ""240"", ""maxHttpHeaderSize"": ""6900"", ""maxHttpRequestHeaderSize"": ""58532"", ""maxHttpResponseHeaderSize"": ""42997"", ""maxKeepAliveRequests"": ""2831"", ""maxParameterCount"": ""7037"", ""maxSwallowSize"": ""14651831"", ""maxThreads"": ""261"", ""minSpareThreads"": ""68"", ""processorCache"": ""330"", ""tcpNoDelay"": ""TRUE"", ""threadPriority"": ""8"", ""threadsMaxIdleTime"": ""564614"", ""useAsyncIO"": ""FALSE"", ""useVirtualThreads"": ""FALSE""}"
tomcat,lf05_hard07,"lambda_f=0.5, hard=0.7",3305,RQ1&2parrel,162,1286.87,38.2,1286.87,10.016235113143921,"[8, 50, 10, False]",0.0,10.016148090362549,0.0,"{""acceptCount"": ""388"", ""allowBackslash"": ""FALSE"", ""compression"": ""off"", ""compressionMinSize"": ""9567"", ""connectionTimeout"": ""415284"", ""connectionUploadTimeout"": ""382243"", ""disableUploadTimeout"": ""FALSE"", ""executorTerminationTimeoutMillis"": ""310960"", ""keepAliveTimeout"": ""473365"", ""maxConnections"": ""11039"", ""maxHeaderCount"": ""120"", ""maxHttpHeaderSize"": ""25672"", ""maxHttpRequestHeaderSize"": ""30408"", ""maxHttpResponseHeaderSize"": ""39173"", ""maxKeepAliveRequests"": ""974"", ""maxParameterCount"": ""14039"", ""maxSwallowSize"": ""12521154"", ""maxThreads"": ""144"", ""minSpareThreads"": ""596"", ""processorCache"": ""79"", ""tcpNoDelay"": ""FALSE"", ""threadPriority"": ""4"", ""threadsMaxIdleTime"": ""534275"", ""useAsyncIO"": ""TRUE"", ""useVirtualThreads"": ""TRUE""}"
tomcat,lf05_hard07,"lambda_f=0.5, hard=0.7",3305,RQ1&2parrel,163,1370.97,45.24,1370.97,10.035381317138672,"[8, 50, 10, False]",0.0,10.035261869430542,0.0,"{""acceptCount"": ""174"", ""allowBackslash"": ""FALSE"", ""compression"": ""force"", ""compressionMinSize"": ""4717"", ""connectionTimeout"": ""199076"", ""connectionUploadTimeout"": ""317251"", ""disableUploadTimeout"": ""TRUE"", ""executorTerminationTimeoutMillis"": ""136092"", ""keepAliveTimeout"": ""44061"", ""maxConnections"": ""6521"", ""maxHeaderCount"": ""128"", ""maxHttpHeaderSize"": ""24606"", ""maxHttpRequestHeaderSize"": ""55578"", ""maxHttpResponseHeaderSize"": ""63727"", ""maxKeepAliveRequests"": ""4221"", ""maxParameterCount"": ""93435"", ""maxSwallowSize"": ""20779632"", ""maxThreads"": ""175"", ""minSpareThreads"": ""734"", ""processorCache"": ""2"", ""tcpNoDelay"": ""FALSE"", ""threadPriority"": ""5"", ""threadsMaxIdleTime"": ""453297"", ""useAsyncIO"": ""TRUE"", ""useVirtualThreads"": ""FALSE""}"
tomcat,lf05_hard07,"lambda_f=0.5, hard=0.7",3305,RQ1&2parrel,164,1341.74,36.92,1341.74,10.031739711761475,"[8, 50, 10, False]",0.0,10.031641244888306,0.0,"{""acceptCount"": ""271"", ""allowBackslash"": ""TRUE"", ""compression"": ""off"", ""compressionMinSize"": ""7830"", ""connectionTimeout"": ""98520"", ""connectionUploadTimeout"": ""96405"", ""disableUploadTimeout"": ""FALSE"", ""executorTerminationTimeoutMillis"": ""190208"", ""keepAliveTimeout"": ""208239"", ""maxConnections"": ""8818"", ""maxHeaderCount"": ""540"", ""maxHttpHeaderSize"": ""26478"", ""maxHttpRequestHeaderSize"": ""33394"", ""maxHttpResponseHeaderSize"": ""53222"", ""maxKeepAliveRequests"": ""1583"", ""maxParameterCount"": ""79940"", ""maxSwallowSize"": ""5217037"", ""maxThreads"": ""83"", ""minSpareThreads"": ""509"", ""processorCache"": ""340"", ""tcpNoDelay"": ""TRUE"", ""threadPriority"": ""3"", ""threadsMaxIdleTime"": ""338803"", ""useAsyncIO"": ""FALSE"", ""useVirtualThreads"": ""TRUE""}"
tomcat,lf05_hard07,"lambda_f=0.5, hard=0.7",3305,RQ1&2parrel,165,1322.44,44.39,1322.44,10.039270401000977,"[8, 50, 10, False]",0.0,10.039145708084106,0.0,"{""acceptCount"": ""874"", ""allowBackslash"": ""FALSE"", ""compression"": ""force"", ""compressionMinSize"": ""6633"", ""connectionTimeout"": ""153531"", ""connectionUploadTimeout"": ""402442"", ""disableUploadTimeout"": ""TRUE"", ""executorTerminationTimeoutMillis"": ""342684"", ""keepAliveTimeout"": ""362120"", ""maxConnections"": ""13936"", ""maxHeaderCount"": ""828"", ""maxHttpHeaderSize"": ""47447"", ""maxHttpRequestHeaderSize"": ""57573"", ""maxHttpResponseHeaderSize"": ""47959"", ""maxKeepAliveRequests"": ""2291"", ""maxParameterCount"": ""39852"", ""maxSwallowSize"": ""10588785"", ""maxThreads"": ""375"", ""minSpareThreads"": ""486"", ""processorCache"": ""358"", ""tcpNoDelay"": ""FALSE"", ""threadPriority"": ""2"", ""threadsMaxIdleTime"": ""193559"", ""useAsyncIO"": ""FALSE"", ""useVirtualThreads"": ""FALSE""}"
tomcat,lf05_hard07,"lambda_f=0.5, hard=0.7",3305,RQ1&2parrel,166,1382.18,48.6,1382.18,10.02396845817566,"[8, 50, 10, False]",0.0,10.02384877204895,0.0,"{""acceptCount"": ""880"", ""allowBackslash"": ""TRUE"", ""compression"": ""off"", ""compressionMinSize"": ""9733"", ""connectionTimeout"": ""531562"", ""connectionUploadTimeout"": ""90361"", ""disableUploadTimeout"": ""TRUE"", ""executorTerminationTimeoutMillis"": ""274398"", ""keepAliveTimeout"": ""504002"", ""maxConnections"": ""19328"", ""maxHeaderCount"": ""179"", ""maxHttpHeaderSize"": ""6519"", ""maxHttpRequestHeaderSize"": ""37209"", ""maxHttpResponseHeaderSize"": ""3779"", ""maxKeepAliveRequests"": ""4883"", ""maxParameterCount"": ""34095"", ""maxSwallowSize"": ""4169936"", ""maxThreads"": ""181"", ""minSpareThreads"": ""223"", ""processorCache"": ""362"", ""tcpNoDelay"": ""TRUE"", ""threadPriority"": ""1"", ""threadsMaxIdleTime"": ""592452"", ""useAsyncIO"": ""TRUE"", ""useVirtualThreads"": ""FALSE""}"
tomcat,lf05_hard07,"lambda_f=0.5, hard=0.7",3305,RQ1&2parrel,167,1303.5,37.76,1303.5,10.027023792266846,"[8, 50, 10, False]",0.0,10.026891231536865,0.0,"{""acceptCount"": ""680"", ""allowBackslash"": ""TRUE"", ""compression"": ""force"", ""compressionMinSize"": ""4224"", ""connectionTimeout"": ""16523"", ""connectionUploadTimeout"": ""10279"", ""disableUploadTimeout"": ""FALSE"", ""executorTerminationTimeoutMillis"": ""477377"", ""keepAliveTimeout"": ""28699"", ""maxConnections"": ""3232"", ""maxHeaderCount"": ""77"", ""maxHttpHeaderSize"": ""11295"", ""maxHttpRequestHeaderSize"": ""16008"", ""maxHttpResponseHeaderSize"": ""27952"", ""maxKeepAliveRequests"": ""388"", ""maxParameterCount"": ""60794"", ""maxSwallowSize"": ""7175614"", ""maxThreads"": ""113"", ""minSpareThreads"": ""104"", ""processorCache"": ""333"", ""tcpNoDelay"": ""TRUE"", ""threadPriority"": ""3"", ""threadsMaxIdleTime"": ""521142"", ""useAsyncIO"": ""TRUE"", ""useVirtualThreads"": ""TRUE""}"
tomcat,lf05_hard07,"lambda_f=0.5, hard=0.7",3305,RQ1&2parrel,168,1368.54,44.51,1368.54,10.030128240585327,"[8, 50, 10, False]",0.0,10.030036211013794,0.0,"{""acceptCount"": ""756"", ""allowBackslash"": ""FALSE"", ""compression"": ""off"", ""compressionMinSize"": ""385"", ""connectionTimeout"": ""209159"", ""connectionUploadTimeout"": ""167744"", ""disableUploadTimeout"": ""TRUE"", ""executorTerminationTimeoutMillis"": ""444558"", ""keepAliveTimeout"": ""274493"", ""maxConnections"": ""11628"", ""maxHeaderCount"": ""512"", ""maxHttpHeaderSize"": ""30903"", ""maxHttpRequestHeaderSize"": ""49691"", ""maxHttpResponseHeaderSize"": ""45403"", ""maxKeepAliveRequests"": ""1363"", ""maxParameterCount"": ""5269"", ""maxSwallowSize"": ""20020552"", ""maxThreads"": ""326"", ""minSpareThreads"": ""251"", ""processorCache"": ""254"", ""tcpNoDelay"": ""FALSE"", ""threadPriority"": ""4"", ""threadsMaxIdleTime"": ""85808"", ""useAsyncIO"": ""TRUE"", ""useVirtualThreads"": ""FALSE""}"
tomcat,lf05_hard07,"lambda_f=0.5, hard=0.7",3305,RQ1&2parrel,169,1330.3,41.16,1330.3,10.019919157028198,"[8, 50, 10, False]",0.0,10.019823789596558,0.0,"{""acceptCount"": ""574"", ""allowBackslash"": ""FALSE"", ""compression"": ""force"", ""compressionMinSize"": ""1069"", ""connectionTimeout"": ""181795"", ""connectionUploadTimeout"": ""121365"", ""disableUploadTimeout"": ""TRUE"", ""executorTerminationTimeoutMillis"": ""385397"", ""keepAliveTimeout"": ""438181"", ""maxConnections"": ""10032"", ""maxHeaderCount"": ""622"", ""maxHttpHeaderSize"": ""12795"", ""maxHttpRequestHeaderSize"": ""64836"", ""maxHttpResponseHeaderSize"": ""61248"", ""maxKeepAliveRequests"": ""259"", ""maxParameterCount"": ""95253"", ""maxSwallowSize"": ""15326271"", ""maxThreads"": ""41"", ""minSpareThreads"": ""917"", ""processorCache"": ""176"", ""tcpNoDelay"": ""TRUE"", ""threadPriority"": ""10"", ""threadsMaxIdleTime"": ""49387"", ""useAsyncIO"": ""FALSE"", ""useVirtualThreads"": ""FALSE""}"
tomcat,lf05_hard07,"lambda_f=0.5, hard=0.7",3305,RQ1&2parrel,170,1449.41,40.11,1449.41,10.03124737739563,"[8, 50, 10, False]",0.0,10.031156301498413,0.0,"{""acceptCount"": ""251"", ""allowBackslash"": ""FALSE"", ""compression"": ""off"", ""compressionMinSize"": ""2189"", ""connectionTimeout"": ""66947"", ""connectionUploadTimeout"": ""319258"", ""disableUploadTimeout"": ""TRUE"", ""executorTerminationTimeoutMillis"": ""28077"", ""keepAliveTimeout"": ""213320"", ""maxConnections"": ""9048"", ""maxHeaderCount"": ""95"", ""maxHttpHeaderSize"": ""1768"", ""maxHttpRequestHeaderSize"": ""13964"", ""maxHttpResponseHeaderSize"": ""20611"", ""maxKeepAliveRequests"": ""282"", ""maxParameterCount"": ""22316"", ""maxSwallowSize"": ""1806199"", ""maxThreads"": ""223"", ""minSpareThreads"": ""40"", ""processorCache"": ""238"", ""tcpNoDelay"": ""TRUE"", ""threadPriority"": ""4"", ""threadsMaxIdleTime"": ""9299"", ""useAsyncIO"": ""FALSE"", ""useVirtualThreads"": ""FALSE""}"
tomcat,lf05_hard07,"lambda_f=0.5, hard=0.7",3305,RQ1&2parrel,171,1341.53,47.06,1341.53,10.025008916854858,"[8, 50, 10, False]",0.0,10.024912595748901,0.0,"{""acceptCount"": ""895"", ""allowBackslash"": ""TRUE"", ""compression"": ""on"", ""compressionMinSize"": ""404"", ""connectionTimeout"": ""97932"", ""connectionUploadTimeout"": ""311306"", ""disableUploadTimeout"": ""FALSE"", ""executorTerminationTimeoutMillis"": ""38120"", ""keepAliveTimeout"": ""127331"", ""maxConnections"": ""13278"", ""maxHeaderCount"": ""822"", ""maxHttpHeaderSize"": ""13344"", ""maxHttpRequestHeaderSize"": ""24477"", ""maxHttpResponseHeaderSize"": ""30445"", ""maxKeepAliveRequests"": ""4044"", ""maxParameterCount"": ""30153"", ""maxSwallowSize"": ""19228272"", ""maxThreads"": ""377"", ""minSpareThreads"": ""115"", ""processorCache"": ""72"", ""tcpNoDelay"": ""TRUE"", ""threadPriority"": ""5"", ""threadsMaxIdleTime"": ""76052"", ""useAsyncIO"": ""FALSE"", ""useVirtualThreads"": ""FALSE""}"
tomcat,lf05_hard07,"lambda_f=0.5, hard=0.7",3305,RQ1&2parrel,172,1237.55,40.06,1237.55,10.026133060455322,"[8, 50, 10, False]",0.0,10.026041984558105,0.0,"{""acceptCount"": ""429"", ""allowBackslash"": ""FALSE"", ""compression"": ""force"", ""compressionMinSize"": ""6802"", ""connectionTimeout"": ""545401"", ""connectionUploadTimeout"": ""198109"", ""disableUploadTimeout"": ""TRUE"", ""executorTerminationTimeoutMillis"": ""371756"", ""keepAliveTimeout"": ""285858"", ""maxConnections"": ""6301"", ""maxHeaderCount"": ""78"", ""maxHttpHeaderSize"": ""43103"", ""maxHttpRequestHeaderSize"": ""61154"", ""maxHttpResponseHeaderSize"": ""47893"", ""maxKeepAliveRequests"": ""1646"", ""maxParameterCount"": ""33282"", ""maxSwallowSize"": ""6945536"", ""maxThreads"": ""360"", ""minSpareThreads"": ""125"", ""processorCache"": ""199"", ""tcpNoDelay"": ""TRUE"", ""threadPriority"": ""4"", ""threadsMaxIdleTime"": ""443958"", ""useAsyncIO"": ""FALSE"", ""useVirtualThreads"": ""TRUE""}"
tomcat,lf05_hard07,"lambda_f=0.5, hard=0.7",3305,RQ1&2parrel,173,1374.14,35.32,1374.14,10.011749267578125,"[8, 50, 10, False]",0.0,10.011661291122437,0.0,"{""acceptCount"": ""184"", ""allowBackslash"": ""TRUE"", ""compression"": ""force"", ""compressionMinSize"": ""7968"", ""connectionTimeout"": ""553321"", ""connectionUploadTimeout"": ""128601"", ""disableUploadTimeout"": ""FALSE"", ""executorTerminationTimeoutMillis"": ""145817"", ""keepAliveTimeout"": ""296121"", ""maxConnections"": ""14029"", ""maxHeaderCount"": ""273"", ""maxHttpHeaderSize"": ""11208"", ""maxHttpRequestHeaderSize"": ""65161"", ""maxHttpResponseHeaderSize"": ""56451"", ""maxKeepAliveRequests"": ""2516"", ""maxParameterCount"": ""29628"", ""maxSwallowSize"": ""8543038"", ""maxThreads"": ""11"", ""minSpareThreads"": ""251"", ""processorCache"": ""98"", ""tcpNoDelay"": ""FALSE"", ""threadPriority"": ""4"", ""threadsMaxIdleTime"": ""248946"", ""useAsyncIO"": ""FALSE"", ""useVirtualThreads"": ""FALSE""}"
tomcat,lf05_hard07,"lambda_f=0.5, hard=0.7",3305,RQ1&2parrel,174,1398.48,44.9,1398.48,10.042560815811157,"[8, 50, 10, False]",0.0,10.042431592941284,0.0,"{""acceptCount"": ""184"", ""allowBackslash"": ""FALSE"", ""compression"": ""force"", ""compressionMinSize"": ""3639"", ""connectionTimeout"": ""448208"", ""connectionUploadTimeout"": ""485027"", ""disableUploadTimeout"": ""FALSE"", ""executorTerminationTimeoutMillis"": ""155751"", ""keepAliveTimeout"": ""451537"", ""maxConnections"": ""11544"", ""maxHeaderCount"": ""894"", ""maxHttpHeaderSize"": ""8335"", ""maxHttpRequestHeaderSize"": ""46178"", ""maxHttpResponseHeaderSize"": ""27489"", ""maxKeepAliveRequests"": ""979"", ""maxParameterCount"": ""25149"", ""maxSwallowSize"": ""5571710"", ""maxThreads"": ""53"", ""minSpareThreads"": ""986"", ""processorCache"": ""159"", ""tcpNoDelay"": ""FALSE"", ""threadPriority"": ""2"", ""threadsMaxIdleTime"": ""428881"", ""useAsyncIO"": ""TRUE"", ""useVirtualThreads"": ""FALSE""}"
tomcat,lf05_hard07,"lambda_f=0.5, hard=0.7",3305,RQ1&2parrel,175,1222.29,50.57,1222.29,10.03028154373169,"[8, 50, 10, False]",0.0,10.030191421508789,0.0,"{""acceptCount"": ""56"", ""allowBackslash"": ""TRUE"", ""compression"": ""force"", ""compressionMinSize"": ""6409"", ""connectionTimeout"": ""11252"", ""connectionUploadTimeout"": ""412076"", ""disableUploadTimeout"": ""FALSE"", ""executorTerminationTimeoutMillis"": ""325288"", ""keepAliveTimeout"": ""231331"", ""maxConnections"": ""18785"", ""maxHeaderCount"": ""297"", ""maxHttpHeaderSize"": ""32719"", ""maxHttpRequestHeaderSize"": ""57961"", ""maxHttpResponseHeaderSize"": ""54954"", ""maxKeepAliveRequests"": ""2770"", ""maxParameterCount"": ""10276"", ""maxSwallowSize"": ""10690778"", ""maxThreads"": ""204"", ""minSpareThreads"": ""521"", ""processorCache"": ""55"", ""tcpNoDelay"": ""TRUE"", ""threadPriority"": ""5"", ""threadsMaxIdleTime"": ""259334"", ""useAsyncIO"": ""TRUE"", ""useVirtualThreads"": ""FALSE""}"
tomcat,lf05_hard07,"lambda_f=0.5, hard=0.7",3305,RQ1&2parrel,176,1257.17,39.95,1257.17,10.031033277511597,"[8, 50, 10, False]",0.0,10.03094220161438,0.0,"{""acceptCount"": ""71"", ""allowBackslash"": ""TRUE"", ""compression"": ""force"", ""compressionMinSize"": ""1674"", ""connectionTimeout"": ""575688"", ""connectionUploadTimeout"": ""596154"", ""disableUploadTimeout"": ""TRUE"", ""executorTerminationTimeoutMillis"": ""107134"", ""keepAliveTimeout"": ""277552"", ""maxConnections"": ""4609"", ""maxHeaderCount"": ""408"", ""maxHttpHeaderSize"": ""1755"", ""maxHttpRequestHeaderSize"": ""29967"", ""maxHttpResponseHeaderSize"": ""59726"", ""maxKeepAliveRequests"": ""879"", ""maxParameterCount"": ""15876"", ""maxSwallowSize"": ""13804413"", ""maxThreads"": ""200"", ""minSpareThreads"": ""49"", ""processorCache"": ""304"", ""tcpNoDelay"": ""FALSE"", ""threadPriority"": ""9"", ""threadsMaxIdleTime"": ""294633"", ""useAsyncIO"": ""FALSE"", ""useVirtualThreads"": ""TRUE""}"
tomcat,lf05_hard07,"lambda_f=0.5, hard=0.7",3305,RQ1&2parrel,177,1445.77,42.35,1445.77,10.031951904296875,"[8, 50, 10, False]",0.0,10.03186297416687,0.0,"{""acceptCount"": ""226"", ""allowBackslash"": ""FALSE"", ""compression"": ""force"", ""compressionMinSize"": ""4960"", ""connectionTimeout"": ""506553"", ""connectionUploadTimeout"": ""398915"", ""disableUploadTimeout"": ""TRUE"", ""executorTerminationTimeoutMillis"": ""116681"", ""keepAliveTimeout"": ""417932"", ""maxConnections"": ""11706"", ""maxHeaderCount"": ""657"", ""maxHttpHeaderSize"": ""15746"", ""maxHttpRequestHeaderSize"": ""61734"", ""maxHttpResponseHeaderSize"": ""38902"", ""maxKeepAliveRequests"": ""2799"", ""maxParameterCount"": ""65233"", ""maxSwallowSize"": ""5451527"", ""maxThreads"": ""145"", ""minSpareThreads"": ""781"", ""processorCache"": ""276"", ""tcpNoDelay"": ""FALSE"", ""threadPriority"": ""5"", ""threadsMaxIdleTime"": ""421425"", ""useAsyncIO"": ""FALSE"", ""useVirtualThreads"": ""FALSE""}"
tomcat,lf05_hard07,"lambda_f=0.5, hard=0.7",3305,RQ1&2parrel,178,1260.07,38.66,1260.07,10.106691360473633,"[8, 50, 10, False]",0.0,10.106597423553467,0.0,"{""acceptCount"": ""404"", ""allowBackslash"": ""FALSE"", ""compression"": ""on"", ""compressionMinSize"": ""898"", ""connectionTimeout"": ""286415"", ""connectionUploadTimeout"": ""1601"", ""disableUploadTimeout"": ""TRUE"", ""executorTerminationTimeoutMillis"": ""529662"", ""keepAliveTimeout"": ""95272"", ""maxConnections"": ""16551"", ""maxHeaderCount"": ""880"", ""maxHttpHeaderSize"": ""18337"", ""maxHttpRequestHeaderSize"": ""48160"", ""maxHttpResponseHeaderSize"": ""57709"", ""maxKeepAliveRequests"": ""95"", ""maxParameterCount"": ""22597"", ""maxSwallowSize"": ""5286334"", ""maxThreads"": ""340"", ""minSpareThreads"": ""738"", ""processorCache"": ""393"", ""tcpNoDelay"": ""FALSE"", ""threadPriority"": ""3"", ""threadsMaxIdleTime"": ""148245"", ""useAsyncIO"": ""FALSE"", ""useVirtualThreads"": ""TRUE""}"
tomcat,lf05_hard07,"lambda_f=0.5, hard=0.7",3305,RQ1&2parrel,179,1289.88,38.37,1289.88,10.023687362670898,"[8, 50, 10, False]",0.0,10.023597955703735,0.0,"{""acceptCount"": ""999"", ""allowBackslash"": ""TRUE"", ""compression"": ""off"", ""compressionMinSize"": ""3426"", ""connectionTimeout"": ""582255"", ""connectionUploadTimeout"": ""146516"", ""disableUploadTimeout"": ""TRUE"", ""executorTerminationTimeoutMillis"": ""398516"", ""keepAliveTimeout"": ""41588"", ""maxConnections"": ""19795"", ""maxHeaderCount"": ""791"", ""maxHttpHeaderSize"": ""12094"", ""maxHttpRequestHeaderSize"": ""27600"", ""maxHttpResponseHeaderSize"": ""41529"", ""maxKeepAliveRequests"": ""3461"", ""maxParameterCount"": ""79120"", ""maxSwallowSize"": ""13214293"", ""maxThreads"": ""301"", ""minSpareThreads"": ""967"", ""processorCache"": ""153"", ""tcpNoDelay"": ""FALSE"", ""threadPriority"": ""9"", ""threadsMaxIdleTime"": ""356849"", ""useAsyncIO"": ""FALSE"", ""useVirtualThreads"": ""TRUE""}"
tomcat,lf05_hard07,"lambda_f=0.5, hard=0.7",3305,RQ1&2parrel,180,1293.48,45.93,1293.48,10.03172492980957,"[8, 50, 10, False]",0.0,10.031631469726562,0.0,"{""acceptCount"": ""755"", ""allowBackslash"": ""FALSE"", ""compression"": ""on"", ""compressionMinSize"": ""6485"", ""connectionTimeout"": ""501215"", ""connectionUploadTimeout"": ""341881"", ""disableUploadTimeout"": ""FALSE"", ""executorTerminationTimeoutMillis"": ""37445"", ""keepAliveTimeout"": ""486840"", ""maxConnections"": ""6264"", ""maxHeaderCount"": ""647"", ""maxHttpHeaderSize"": ""16934"", ""maxHttpRequestHeaderSize"": ""50638"", ""maxHttpResponseHeaderSize"": ""55094"", ""maxKeepAliveRequests"": ""3048"", ""maxParameterCount"": ""91025"", ""maxSwallowSize"": ""5983950"", ""maxThreads"": ""245"", ""minSpareThreads"": ""620"", ""processorCache"": ""141"", ""tcpNoDelay"": ""FALSE"", ""threadPriority"": ""10"", ""threadsMaxIdleTime"": ""579166"", ""useAsyncIO"": ""FALSE"", ""useVirtualThreads"": ""FALSE""}"
tomcat,lf05_hard07,"lambda_f=0.5, hard=0.7",3305,RQ1&2parrel,181,1438.12,39.16,1438.12,10.027232885360718,"[8, 50, 10, False]",0.0,10.027106523513794,0.0,"{""acceptCount"": ""248"", ""allowBackslash"": ""TRUE"", ""compression"": ""off"", ""compressionMinSize"": ""6231"", ""connectionTimeout"": ""581827"", ""connectionUploadTimeout"": ""310947"", ""disableUploadTimeout"": ""TRUE"", ""executorTerminationTimeoutMillis"": ""324150"", ""keepAliveTimeout"": ""251786"", ""maxConnections"": ""16423"", ""maxHeaderCount"": ""533"", ""maxHttpHeaderSize"": ""13662"", ""maxHttpRequestHeaderSize"": ""60943"", ""maxHttpResponseHeaderSize"": ""46890"", ""maxKeepAliveRequests"": ""2490"", ""maxParameterCount"": ""25499"", ""maxSwallowSize"": ""8966225"", ""maxThreads"": ""129"", ""minSpareThreads"": ""761"", ""processorCache"": ""267"", ""tcpNoDelay"": ""FALSE"", ""threadPriority"": ""8"", ""threadsMaxIdleTime"": ""170663"", ""useAsyncIO"": ""TRUE"", ""useVirtualThreads"": ""FALSE""}"
tomcat,lf05_hard07,"lambda_f=0.5, hard=0.7",3305,RQ1&2parrel,182,3921.72,14.8,3921.72,10.029894590377808,"[8, 50, 10, False]",0.0,10.029741525650024,0.0,"{""acceptCount"": ""218"", ""allowBackslash"": ""TRUE"", ""compression"": ""off"", ""compressionMinSize"": ""5912"", ""connectionTimeout"": ""445472"", ""connectionUploadTimeout"": ""325959"", ""disableUploadTimeout"": ""TRUE"", ""executorTerminationTimeoutMillis"": ""246266"", ""keepAliveTimeout"": ""198957"", ""maxConnections"": ""17076"", ""maxHeaderCount"": ""0"", ""maxHttpHeaderSize"": ""5948"", ""maxHttpRequestHeaderSize"": ""42606"", ""maxHttpResponseHeaderSize"": ""28300"", ""maxKeepAliveRequests"": ""1388"", ""maxParameterCount"": ""60495"", ""maxSwallowSize"": ""6007444"", ""maxThreads"": ""149"", ""minSpareThreads"": ""680"", ""processorCache"": ""261"", ""tcpNoDelay"": ""FALSE"", ""threadPriority"": ""5"", ""threadsMaxIdleTime"": ""149781"", ""useAsyncIO"": ""FALSE"", ""useVirtualThreads"": ""FALSE""}"
tomcat,lf05_hard07,"lambda_f=0.5, hard=0.7",3305,RQ1&2parrel,183,1410.74,46.89,1410.74,10.02853012084961,"[8, 50, 10, False]",0.0,10.02843189239502,0.0,"{""acceptCount"": ""217"", ""allowBackslash"": ""TRUE"", ""compression"": ""on"", ""compressionMinSize"": ""6137"", ""connectionTimeout"": ""428647"", ""connectionUploadTimeout"": ""325765"", ""disableUploadTimeout"": ""FALSE"", ""executorTerminationTimeoutMillis"": ""239613"", ""keepAliveTimeout"": ""197812"", ""maxConnections"": ""14840"", ""maxHeaderCount"": ""3"", ""maxHttpHeaderSize"": ""5788"", ""maxHttpRequestHeaderSize"": ""39538"", ""maxHttpResponseHeaderSize"": ""20924"", ""maxKeepAliveRequests"": ""1388"", ""maxParameterCount"": ""81878"", ""maxSwallowSize"": ""1266952"", ""maxThreads"": ""149"", ""minSpareThreads"": ""665"", ""processorCache"": ""261"", ""tcpNoDelay"": ""FALSE"", ""threadPriority"": ""5"", ""threadsMaxIdleTime"": ""149757"", ""useAsyncIO"": ""TRUE"", ""useVirtualThreads"": ""FALSE""}"
tomcat,lf05_hard07,"lambda_f=0.5, hard=0.7",3305,RQ1&2parrel,184,1345.97,44.52,1345.97,10.022498607635498,"[8, 50, 10, False]",0.0,10.02239465713501,0.0,"{""acceptCount"": ""248"", ""allowBackslash"": ""TRUE"", ""compression"": ""off"", ""compressionMinSize"": ""5581"", ""connectionTimeout"": ""448352"", ""connectionUploadTimeout"": ""331218"", ""disableUploadTimeout"": ""TRUE"", ""executorTerminationTimeoutMillis"": ""231123"", ""keepAliveTimeout"": ""198662"", ""maxConnections"": ""15789"", ""maxHeaderCount"": ""9"", ""maxHttpHeaderSize"": ""6743"", ""maxHttpRequestHeaderSize"": ""43166"", ""maxHttpResponseHeaderSize"": ""28199"", ""maxKeepAliveRequests"": ""2720"", ""maxParameterCount"": ""63843"", ""maxSwallowSize"": ""11529865"", ""maxThreads"": ""153"", ""minSpareThreads"": ""716"", ""processorCache"": ""270"", ""tcpNoDelay"": ""FALSE"", ""threadPriority"": ""5"", ""threadsMaxIdleTime"": ""152418"", ""useAsyncIO"": ""FALSE"", ""useVirtualThreads"": ""FALSE""}"
tomcat,lf05_hard07,"lambda_f=0.5, hard=0.7",3305,RQ1&2parrel,185,1367.85,40.97,1367.85,10.0195472240448,"[8, 50, 10, False]",0.0,10.019445657730103,0.0,"{""acceptCount"": ""269"", ""allowBackslash"": ""TRUE"", ""compression"": ""on"", ""compressionMinSize"": ""5316"", ""connectionTimeout"": ""445606"", ""connectionUploadTimeout"": ""314311"", ""disableUploadTimeout"": ""TRUE"", ""executorTerminationTimeoutMillis"": ""244708"", ""keepAliveTimeout"": ""194748"", ""maxConnections"": ""17076"", ""maxHeaderCount"": ""6"", ""maxHttpHeaderSize"": ""6010"", ""maxHttpRequestHeaderSize"": ""42702"", ""maxHttpResponseHeaderSize"": ""29178"", ""maxKeepAliveRequests"": ""1386"", ""maxParameterCount"": ""60379"", ""maxSwallowSize"": ""6007444"", ""maxThreads"": ""149"", ""minSpareThreads"": ""680"", ""processorCache"": ""261"", ""tcpNoDelay"": ""FALSE"", ""threadPriority"": ""5"", ""threadsMaxIdleTime"": ""152020"", ""useAsyncIO"": ""TRUE"", ""useVirtualThreads"": ""FALSE""}"
tomcat,lf05_hard07,"lambda_f=0.5, hard=0.7",3305,RQ1&2parrel,186,1439.76,40.94,1439.76,10.029460191726685,"[8, 50, 10, False]",0.0,10.029364824295044,0.0,"{""acceptCount"": ""219"", ""allowBackslash"": ""TRUE"", ""compression"": ""force"", ""compressionMinSize"": ""5928"", ""connectionTimeout"": ""521352"", ""connectionUploadTimeout"": ""326022"", ""disableUploadTimeout"": ""FALSE"", ""executorTerminationTimeoutMillis"": ""297713"", ""keepAliveTimeout"": ""198957"", ""maxConnections"": ""17038"", ""maxHeaderCount"": ""6"", ""maxHttpHeaderSize"": ""5947"", ""maxHttpRequestHeaderSize"": ""41985"", ""maxHttpResponseHeaderSize"": ""43013"", ""maxKeepAliveRequests"": ""1382"", ""maxParameterCount"": ""65256"", ""maxSwallowSize"": ""371028"", ""maxThreads"": ""144"", ""minSpareThreads"": ""822"", ""processorCache"": ""271"", ""tcpNoDelay"": ""FALSE"", ""threadPriority"": ""7"", ""threadsMaxIdleTime"": ""347432"", ""useAsyncIO"": ""FALSE"", ""useVirtualThreads"": ""FALSE""}"
tomcat,lf05_hard07,"lambda_f=0.5, hard=0.7",3305,RQ1&2parrel,187,1376.66,44.91,1376.66,10.030441522598267,"[8, 50, 10, False]",0.0,10.030323028564453,0.0,"{""acceptCount"": ""205"", ""allowBackslash"": ""TRUE"", ""compression"": ""off"", ""compressionMinSize"": ""5465"", ""connectionTimeout"": ""445924"", ""connectionUploadTimeout"": ""301665"", ""disableUploadTimeout"": ""TRUE"", ""executorTerminationTimeoutMillis"": ""183292"", ""keepAliveTimeout"": ""295687"", ""maxConnections"": ""18070"", ""maxHeaderCount"": ""60"", ""maxHttpHeaderSize"": ""6603"", ""maxHttpRequestHeaderSize"": ""45525"", ""maxHttpResponseHeaderSize"": ""28467"", ""maxKeepAliveRequests"": ""1266"", ""maxParameterCount"": ""62720"", ""maxSwallowSize"": ""6370742"", ""maxThreads"": ""150"", ""minSpareThreads"": ""506"", ""processorCache"": ""263"", ""tcpNoDelay"": ""FALSE"", ""threadPriority"": ""5"", ""threadsMaxIdleTime"": ""140130"", ""useAsyncIO"": ""TRUE"", ""useVirtualThreads"": ""FALSE""}"
tomcat,lf05_hard07,"lambda_f=0.5, hard=0.7",3305,RQ1&2parrel,188,1373.7,45.97,1373.7,10.018749713897705,"[8, 50, 10, False]",0.0,10.018653869628906,0.0,"{""acceptCount"": ""233"", ""allowBackslash"": ""FALSE"", ""compression"": ""off"", ""compressionMinSize"": ""5912"", ""connectionTimeout"": ""478990"", ""connectionUploadTimeout"": ""326677"", ""disableUploadTimeout"": ""TRUE"", ""executorTerminationTimeoutMillis"": ""238243"", ""keepAliveTimeout"": ""216019"", ""maxConnections"": ""16741"", ""maxHeaderCount"": ""4"", ""maxHttpHeaderSize"": ""11839"", ""maxHttpRequestHeaderSize"": ""51773"", ""maxHttpResponseHeaderSize"": ""27895"", ""maxKeepAliveRequests"": ""1459"", ""maxParameterCount"": ""56646"", ""maxSwallowSize"": ""4767742"", ""maxThreads"": ""190"", ""minSpareThreads"": ""657"", ""processorCache"": ""245"", ""tcpNoDelay"": ""FALSE"", ""threadPriority"": ""7"", ""threadsMaxIdleTime"": ""149517"", ""useAsyncIO"": ""FALSE"", ""useVirtualThreads"": ""FALSE""}"
tomcat,lf05_hard07,"lambda_f=0.5, hard=0.7",3305,RQ1&2parrel,189,1403.65,43.39,1403.65,10.033207416534424,"[8, 50, 10, False]",0.0,10.033116102218628,0.0,"{""acceptCount"": ""161"", ""allowBackslash"": ""TRUE"", ""compression"": ""on"", ""compressionMinSize"": ""5988"", ""connectionTimeout"": ""446409"", ""connectionUploadTimeout"": ""325844"", ""disableUploadTimeout"": ""TRUE"", ""executorTerminationTimeoutMillis"": ""246290"", ""keepAliveTimeout"": ""238487"", ""maxConnections"": ""17194"", ""maxHeaderCount"": ""1"", ""maxHttpHeaderSize"": ""5774"", ""maxHttpRequestHeaderSize"": ""42842"", ""maxHttpResponseHeaderSize"": ""28306"", ""maxKeepAliveRequests"": ""1299"", ""maxParameterCount"": ""64198"", ""maxSwallowSize"": ""6072899"", ""maxThreads"": ""169"", ""minSpareThreads"": ""730"", ""processorCache"": ""270"", ""tcpNoDelay"": ""TRUE"", ""threadPriority"": ""5"", ""threadsMaxIdleTime"": ""149539"", ""useAsyncIO"": ""FALSE"", ""useVirtualThreads"": ""FALSE""}"
tomcat,lf05_hard07,"lambda_f=0.5, hard=0.7",3305,RQ1&2parrel,190,2798.84,23.71,2798.84,10.039641380310059,"[8, 50, 10, False]",0.0,10.039511680603027,0.0,"{""acceptCount"": ""218"", ""allowBackslash"": ""TRUE"", ""compression"": ""off"", ""compressionMinSize"": ""5907"", ""connectionTimeout"": ""445472"", ""connectionUploadTimeout"": ""344766"", ""disableUploadTimeout"": ""FALSE"", ""executorTerminationTimeoutMillis"": ""281960"", ""keepAliveTimeout"": ""134433"", ""maxConnections"": ""17238"", ""maxHeaderCount"": ""0"", ""maxHttpHeaderSize"": ""4289"", ""maxHttpRequestHeaderSize"": ""42567"", ""maxHttpResponseHeaderSize"": ""28307"", ""maxKeepAliveRequests"": ""1388"", ""maxParameterCount"": ""60495"", ""maxSwallowSize"": ""4950566"", ""maxThreads"": ""152"", ""minSpareThreads"": ""680"", ""processorCache"": ""260"", ""tcpNoDelay"": ""FALSE"", ""threadPriority"": ""5"", ""threadsMaxIdleTime"": ""143988"", ""useAsyncIO"": ""FALSE"", ""useVirtualThreads"": ""FALSE""}"
tomcat,lf05_hard07,"lambda_f=0.5, hard=0.7",3305,RQ1&2parrel,191,2735.38,20.57,2735.38,10.029726028442383,"[8, 50, 10, False]",0.0,10.029621839523315,0.0,"{""acceptCount"": ""218"", ""allowBackslash"": ""TRUE"", ""compression"": ""off"", ""compressionMinSize"": ""5681"", ""connectionTimeout"": ""445476"", ""connectionUploadTimeout"": ""320956"", ""disableUploadTimeout"": ""FALSE"", ""executorTerminationTimeoutMillis"": ""240294"", ""keepAliveTimeout"": ""215508"", ""maxConnections"": ""18525"", ""maxHeaderCount"": ""0"", ""maxHttpHeaderSize"": ""5875"", ""maxHttpRequestHeaderSize"": ""38473"", ""maxHttpResponseHeaderSize"": ""27888"", ""maxKeepAliveRequests"": ""1197"", ""maxParameterCount"": ""62626"", ""maxSwallowSize"": ""6007444"", ""maxThreads"": ""143"", ""minSpareThreads"": ""681"", ""processorCache"": ""259"", ""tcpNoDelay"": ""FALSE"", ""threadPriority"": ""4"", ""threadsMaxIdleTime"": ""145175"", ""useAsyncIO"": ""FALSE"", ""useVirtualThreads"": ""FALSE""}"
tomcat,lf05_hard07,"lambda_f=0.5, hard=0.7",3305,RQ1&2parrel,192,1396.06,42.6,1396.06,10.031423091888428,"[8, 50, 10, False]",0.0,10.031192541122437,0.0,"{""acceptCount"": ""262"", ""allowBackslash"": ""TRUE"", ""compression"": ""off"", ""compressionMinSize"": ""9833"", ""connectionTimeout"": ""446524"", ""connectionUploadTimeout"": ""181849"", ""disableUploadTimeout"": ""FALSE"", ""executorTerminationTimeoutMillis"": ""239739"", ""keepAliveTimeout"": ""106557"", ""maxConnections"": ""16072"", ""maxHeaderCount"": ""2"", ""maxHttpHeaderSize"": ""4468"", ""maxHttpRequestHeaderSize"": ""42705"", ""maxHttpResponseHeaderSize"": ""22291"", ""maxKeepAliveRequests"": ""778"", ""maxParameterCount"": ""19763"", ""maxSwallowSize"": ""4159366"", ""maxThreads"": ""147"", ""minSpareThreads"": ""690"", ""processorCache"": ""264"", ""tcpNoDelay"": ""FALSE"", ""threadPriority"": ""5"", ""threadsMaxIdleTime"": ""139629"", ""useAsyncIO"": ""FALSE"", ""useVirtualThreads"": ""FALSE""}"
tomcat,lf05_hard07,"lambda_f=0.5, hard=0.7",3305,RQ1&2parrel,193,1414.8,40.3,1414.8,10.045336484909058,"[8, 50, 10, False]",0.0,10.045244693756104,0.0,"{""acceptCount"": ""383"", ""allowBackslash"": ""TRUE"", ""compression"": ""off"", ""compressionMinSize"": ""4044"", ""connectionTimeout"": ""226594"", ""connectionUploadTimeout"": ""482443"", ""disableUploadTimeout"": ""FALSE"", ""executorTerminationTimeoutMillis"": ""250075"", ""keepAliveTimeout"": ""198374"", ""maxConnections"": ""10122"", ""maxHeaderCount"": ""8"", ""maxHttpHeaderSize"": ""5941"", ""maxHttpRequestHeaderSize"": ""40802"", ""maxHttpResponseHeaderSize"": ""27782"", ""maxKeepAliveRequests"": ""1370"", ""maxParameterCount"": ""60498"", ""maxSwallowSize"": ""5514540"", ""maxThreads"": ""123"", ""minSpareThreads"": ""551"", ""processorCache"": ""305"", ""tcpNoDelay"": ""FALSE"", ""threadPriority"": ""3"", ""threadsMaxIdleTime"": ""231437"", ""useAsyncIO"": ""FALSE"", ""useVirtualThreads"": ""FALSE""}"
tomcat,lf05_hard07,"lambda_f=0.5, hard=0.7",3305,RQ1&2parrel,194,1375.09,45.98,1375.09,10.029083013534546,"[8, 50, 10, False]",0.0,10.028987169265747,0.0,"{""acceptCount"": ""23"", ""allowBackslash"": ""TRUE"", ""compression"": ""off"", ""compressionMinSize"": ""2879"", ""connectionTimeout"": ""400624"", ""connectionUploadTimeout"": ""309463"", ""disableUploadTimeout"": ""TRUE"", ""executorTerminationTimeoutMillis"": ""237346"", ""keepAliveTimeout"": ""207381"", ""maxConnections"": ""17327"", ""maxHeaderCount"": ""355"", ""maxHttpHeaderSize"": ""10965"", ""maxHttpRequestHeaderSize"": ""35316"", ""maxHttpResponseHeaderSize"": ""31859"", ""maxKeepAliveRequests"": ""1042"", ""maxParameterCount"": ""56399"", ""maxSwallowSize"": ""5959092"", ""maxThreads"": ""267"", ""minSpareThreads"": ""679"", ""processorCache"": ""255"", ""tcpNoDelay"": ""FALSE"", ""threadPriority"": ""6"", ""threadsMaxIdleTime"": ""59313"", ""useAsyncIO"": ""FALSE"", ""useVirtualThreads"": ""FALSE""}"
tomcat,lf05_hard07,"lambda_f=0.5, hard=0.7",3305,RQ1&2parrel,195,2815.05,19.07,2815.05,10.024320125579834,"[8, 50, 10, False]",0.0,10.02421498298645,0.0,"{""acceptCount"": ""218"", ""allowBackslash"": ""TRUE"", ""compression"": ""off"", ""compressionMinSize"": ""5996"", ""connectionTimeout"": ""472484"", ""connectionUploadTimeout"": ""325800"", ""disableUploadTimeout"": ""FALSE"", ""executorTerminationTimeoutMillis"": ""251475"", ""keepAliveTimeout"": ""161066"", ""maxConnections"": ""16636"", ""maxHeaderCount"": ""0"", ""maxHttpHeaderSize"": ""5916"", ""maxHttpRequestHeaderSize"": ""23763"", ""maxHttpResponseHeaderSize"": ""28300"", ""maxKeepAliveRequests"": ""1388"", ""maxParameterCount"": ""60495"", ""maxSwallowSize"": ""5255717"", ""maxThreads"": ""35"", ""minSpareThreads"": ""645"", ""processorCache"": ""261"", ""tcpNoDelay"": ""FALSE"", ""threadPriority"": ""6"", ""threadsMaxIdleTime"": ""158414"", ""useAsyncIO"": ""FALSE"", ""useVirtualThreads"": ""FALSE""}"
tomcat,lf05_hard07,"lambda_f=0.5, hard=0.7",3305,RQ1&2parrel,196,2532.32,20.16,2532.32,10.031700611114502,"[8, 50, 10, False]",0.0,10.031602621078491,0.0,"{""acceptCount"": ""198"", ""allowBackslash"": ""TRUE"", ""compression"": ""off"", ""compressionMinSize"": ""5547"", ""connectionTimeout"": ""461035"", ""connectionUploadTimeout"": ""341464"", ""disableUploadTimeout"": ""FALSE"", ""executorTerminationTimeoutMillis"": ""246383"", ""keepAliveTimeout"": ""171870"", ""maxConnections"": ""16727"", ""maxHeaderCount"": ""0"", ""maxHttpHeaderSize"": ""5943"", ""maxHttpRequestHeaderSize"": ""32451"", ""maxHttpResponseHeaderSize"": ""15592"", ""maxKeepAliveRequests"": ""1079"", ""maxParameterCount"": ""59630"", ""maxSwallowSize"": ""5977031"", ""maxThreads"": ""19"", ""minSpareThreads"": ""654"", ""processorCache"": ""261"", ""tcpNoDelay"": ""FALSE"", ""threadPriority"": ""4"", ""threadsMaxIdleTime"": ""153572"", ""useAsyncIO"": ""FALSE"", ""useVirtualThreads"": ""FALSE""}"
tomcat,lf05_hard07,"lambda_f=0.5, hard=0.7",3305,RQ1&2parrel,197,1356.55,47.98,1356.55,10.029976606369019,"[8, 50, 10, False]",0.0,10.029886722564697,0.0,"{""acceptCount"": ""692"", ""allowBackslash"": ""TRUE"", ""compression"": ""off"", ""compressionMinSize"": ""6310"", ""connectionTimeout"": ""587790"", ""connectionUploadTimeout"": ""324091"", ""disableUploadTimeout"": ""TRUE"", ""executorTerminationTimeoutMillis"": ""239175"", ""keepAliveTimeout"": ""195937"", ""maxConnections"": ""17087"", ""maxHeaderCount"": ""56"", ""maxHttpHeaderSize"": ""2825"", ""maxHttpRequestHeaderSize"": ""30350"", ""maxHttpResponseHeaderSize"": ""27922"", ""maxKeepAliveRequests"": ""1401"", ""maxParameterCount"": ""62259"", ""maxSwallowSize"": ""3157927"", ""maxThreads"": ""145"", ""minSpareThreads"": ""518"", ""processorCache"": ""250"", ""tcpNoDelay"": ""TRUE"", ""threadPriority"": ""5"", ""threadsMaxIdleTime"": ""150000"", ""useAsyncIO"": ""FALSE"", ""useVirtualThreads"": ""FALSE""}"
tomcat,lf05_hard07,"lambda_f=0.5, hard=0.7",3305,RQ1&2parrel,198,1451.74,42.32,1451.74,10.031023025512695,"[8, 50, 10, False]",0.0,10.03091835975647,0.0,"{""acceptCount"": ""212"", ""allowBackslash"": ""TRUE"", ""compression"": ""off"", ""compressionMinSize"": ""5892"", ""connectionTimeout"": ""438791"", ""connectionUploadTimeout"": ""347120"", ""disableUploadTimeout"": ""TRUE"", ""executorTerminationTimeoutMillis"": ""236602"", ""keepAliveTimeout"": ""235993"", ""maxConnections"": ""9333"", ""maxHeaderCount"": ""236"", ""maxHttpHeaderSize"": ""6064"", ""maxHttpRequestHeaderSize"": ""35336"", ""maxHttpResponseHeaderSize"": ""39981"", ""maxKeepAliveRequests"": ""490"", ""maxParameterCount"": ""60636"", ""maxSwallowSize"": ""6067090"", ""maxThreads"": ""49"", ""minSpareThreads"": ""222"", ""processorCache"": ""182"", ""tcpNoDelay"": ""FALSE"", ""threadPriority"": ""5"", ""threadsMaxIdleTime"": ""105929"", ""useAsyncIO"": ""FALSE"", ""useVirtualThreads"": ""FALSE""}"
tomcat,lf05_hard07,"lambda_f=0.5, hard=0.7",3305,RQ1&2parrel,199,1385.39,40.59,1385.39,10.030317544937134,"[8, 50, 10, False]",0.0,10.030221939086914,0.0,"{""acceptCount"": ""90"", ""allowBackslash"": ""TRUE"", ""compression"": ""on"", ""compressionMinSize"": ""5898"", ""connectionTimeout"": ""459128"", ""connectionUploadTimeout"": ""324979"", ""disableUploadTimeout"": ""FALSE"", ""executorTerminationTimeoutMillis"": ""205380"", ""keepAliveTimeout"": ""178263"", ""maxConnections"": ""17507"", ""maxHeaderCount"": ""34"", ""maxHttpHeaderSize"": ""4699"", ""maxHttpRequestHeaderSize"": ""31479"", ""maxHttpResponseHeaderSize"": ""30121"", ""maxKeepAliveRequests"": ""1131"", ""maxParameterCount"": ""60319"", ""maxSwallowSize"": ""5631735"", ""maxThreads"": ""66"", ""minSpareThreads"": ""679"", ""processorCache"": ""276"", ""tcpNoDelay"": ""FALSE"", ""threadPriority"": ""5"", ""threadsMaxIdleTime"": ""149229"", ""useAsyncIO"": ""FALSE"", ""useVirtualThreads"": ""FALSE""}"
tomcat,lf05_hard07,"lambda_f=0.5, hard=0.7",3305,RQ1&2parrel,200,1329.69,47.33,1329.69,10.049587726593018,"[8, 50, 10, False]",0.0,10.049467086791992,0.0,"{""acceptCount"": ""221"", ""allowBackslash"": ""TRUE"", ""compression"": ""off"", ""compressionMinSize"": ""6069"", ""connectionTimeout"": ""462879"", ""connectionUploadTimeout"": ""331301"", ""disableUploadTimeout"": ""FALSE"", ""executorTerminationTimeoutMillis"": ""246888"", ""keepAliveTimeout"": ""198957"", ""maxConnections"": ""16366"", ""maxHeaderCount"": ""497"", ""maxHttpHeaderSize"": ""5391"", ""maxHttpRequestHeaderSize"": ""31695"", ""maxHttpResponseHeaderSize"": ""28065"", ""maxKeepAliveRequests"": ""1344"", ""maxParameterCount"": ""74198"", ""maxSwallowSize"": ""7889546"", ""maxThreads"": ""149"", ""minSpareThreads"": ""665"", ""processorCache"": ""262"", ""tcpNoDelay"": ""FALSE"", ""threadPriority"": ""5"", ""threadsMaxIdleTime"": ""335203"", ""useAsyncIO"": ""FALSE"", ""useVirtualThreads"": ""FALSE""}"
