system,method,run_id,variant,iteration,qps,latency,throughput,cost,fidelity,prepare_time,run_time,clean_time,config_json
x265,bestconfig,7301,single,1,71.95,4.28,71.95,4.611886024475098,"['Standard', '320p', 30, '10s']",0.0,4.6111695766448975,0.0,"{""amp"": ""1"", ""aq-mode"": ""3"", ""aq-strength"": ""0.5"", ""b-adapt"": ""2"", ""bframes"": ""1"", ""crf"": ""32.0"", ""ctu"": ""64"", ""keyint"": ""463"", ""limit-refs"": ""3"", ""limit-tu"": ""3"", ""me"": ""dia"", ""merange"": ""52"", ""open-gop"": ""0"", ""psy-rd"": ""2.5"", ""psy-rdoq"": ""3.0"", ""qcomp"": ""0.75"", ""qpmax"": ""46"", ""qpmin"": ""0"", ""rc-lookahead"": ""23"", ""rd"": ""3"", ""rdoq-level"": ""0"", ""rect"": ""1"", ""ref"": ""6"", ""rskip"": ""1"", ""sao"": ""0"", ""scenecut"": ""88"", ""subme"": ""4"", ""tu-inter-depth"": ""2"", ""tu-intra-depth"": ""1"", ""weightb"": ""1"", ""weightp"": ""1"", ""wpp"": ""0""}"
x265,bestconfig,7301,single,2,21.86,13.96,21.86,14.302726745605469,"['Standard', '320p', 30, '10s']",0.0,14.30263352394104,0.0,"{""amp"": ""1"", ""aq-mode"": ""1"", ""aq-strength"": ""1.2"", ""b-adapt"": ""1"", ""bframes"": ""3"", ""crf"": ""18.0"", ""ctu"": ""16"", ""keyint"": ""320"", ""limit-refs"": ""1"", ""limit-tu"": ""0"", ""me"": ""star"", ""merange"": ""52"", ""open-gop"": ""0"", ""psy-rd"": ""0.5"", ""psy-rdoq"": ""4.0"", ""qcomp"": ""0.5"", ""qpmax"": ""34"", ""qpmin"": ""9"", ""rc-lookahead"": ""37"", ""rd"": ""3"", ""rdoq-level"": ""1"", ""rect"": ""1"", ""ref"": ""5"", ""rskip"": ""1"", ""sao"": ""0"", ""scenecut"": ""51"", ""subme"": ""1"", ""tu-inter-depth"": ""3"", ""tu-intra-depth"": ""3"", ""weightb"": ""1"", ""weightp"": ""1"", ""wpp"": ""1""}"
x265,bestconfig,7301,single,3,46.36,6.62,46.36,6.956592321395874,"['Standard', '320p', 30, '10s']",0.0,6.956498384475708,0.0,"{""amp"": ""0"", ""aq-mode"": ""2"", ""aq-strength"": ""1.8"", ""b-adapt"": ""0"", ""bframes"": ""6"", ""crf"": ""22.0"", ""ctu"": ""16"", ""keyint"": ""330"", ""limit-refs"": ""2"", ""limit-tu"": ""4"", ""me"": ""star"", ""merange"": ""41"", ""open-gop"": ""1"", ""psy-rd"": ""1.5"", ""psy-rdoq"": ""2.5"", ""qcomp"": ""0.8"", ""qpmax"": ""29"", ""qpmin"": ""7"", ""rc-lookahead"": ""22"", ""rd"": ""4"", ""rdoq-level"": ""1"", ""rect"": ""0"", ""ref"": ""4"", ""rskip"": ""0"", ""sao"": ""1"", ""scenecut"": ""44"", ""subme"": ""2"", ""tu-inter-depth"": ""2"", ""tu-intra-depth"": ""1"", ""weightb"": ""1"", ""weightp"": ""0"", ""wpp"": ""0""}"
x265,bestconfig,7301,single,4,14.4,21.17,14.4,21.52466344833374,"['Standard', '320p', 30, '10s']",0.0,21.524572372436523,0.0,"{""amp"": ""0"", ""aq-mode"": ""3"", ""aq-strength"": ""0.8"", ""b-adapt"": ""1"", ""bframes"": ""5"", ""crf"": ""25.0"", ""ctu"": ""32"", ""keyint"": ""237"", ""limit-refs"": ""1"", ""limit-tu"": ""1"", ""me"": ""hex"", ""merange"": ""36"", ""open-gop"": ""1"", ""psy-rd"": ""0.0"", ""psy-rdoq"": ""1.0"", ""qcomp"": ""0.6"", ""qpmax"": ""41"", ""qpmin"": ""13"", ""rc-lookahead"": ""49"", ""rd"": ""5"", ""rdoq-level"": ""2"", ""rect"": ""1"", ""ref"": ""5"", ""rskip"": ""1"", ""sao"": ""1"", ""scenecut"": ""28"", ""subme"": ""3"", ""tu-inter-depth"": ""1"", ""tu-intra-depth"": ""2"", ""weightb"": ""0"", ""weightp"": ""0"", ""wpp"": ""1""}"
x265,bestconfig,7301,single,5,7.2,42.26,7.2,42.60462737083435,"['Standard', '320p', 30, '10s']",0.0,42.604535818099976,0.0,"{""amp"": ""1"", ""aq-mode"": ""2"", ""aq-strength"": ""0.0"", ""b-adapt"": ""1"", ""bframes"": ""6"", ""crf"": ""18.0"", ""ctu"": ""32"", ""keyint"": ""192"", ""limit-refs"": ""1"", ""limit-tu"": ""3"", ""me"": ""full"", ""merange"": ""19"", ""open-gop"": ""0"", ""psy-rd"": ""1.0"", ""psy-rdoq"": ""4.5"", ""qcomp"": ""1.0"", ""qpmax"": ""36"", ""qpmin"": ""10"", ""rc-lookahead"": ""11"", ""rd"": ""6"", ""rdoq-level"": ""1"", ""rect"": ""0"", ""ref"": ""2"", ""rskip"": ""1"", ""sao"": ""1"", ""scenecut"": ""8"", ""subme"": ""4"", ""tu-inter-depth"": ""3"", ""tu-intra-depth"": ""2"", ""weightb"": ""0"", ""weightp"": ""0"", ""wpp"": ""1""}"
x265,bestconfig,7301,single,6,11.04,27.59,11.04,27.92534375190735,"['Standard', '320p', 30, '10s']",0.0,27.92525362968445,0.0,"{""amp"": ""0"", ""aq-mode"": ""4"", ""aq-strength"": ""1.5"", ""b-adapt"": ""0"", ""bframes"": ""3"", ""crf"": ""20.0"", ""ctu"": ""16"", ""keyint"": ""139"", ""limit-refs"": ""0"", ""limit-tu"": ""1"", ""me"": ""hex"", ""merange"": ""30"", ""open-gop"": ""1"", ""psy-rd"": ""3.0"", ""psy-rdoq"": ""0.0"", ""qcomp"": ""0.7"", ""qpmax"": ""20"", ""qpmin"": ""4"", ""rc-lookahead"": ""30"", ""rd"": ""5"", ""rdoq-level"": ""0"", ""rect"": ""0"", ""ref"": ""2"", ""rskip"": ""0"", ""sao"": ""0"", ""scenecut"": ""69"", ""subme"": ""2"", ""tu-inter-depth"": ""3"", ""tu-intra-depth"": ""3"", ""weightb"": ""0"", ""weightp"": ""0"", ""wpp"": ""0""}"
x265,bestconfig,7301,single,7,43.96,6.97,43.96,7.297488212585449,"['Standard', '320p', 30, '10s']",0.0,7.297394037246704,0.0,"{""amp"": ""1"", ""aq-mode"": ""1"", ""aq-strength"": ""1.0"", ""b-adapt"": ""1"", ""bframes"": ""1"", ""crf"": ""30.0"", ""ctu"": ""32"", ""keyint"": ""80"", ""limit-refs"": ""2"", ""limit-tu"": ""2"", ""me"": ""dia"", ""merange"": ""60"", ""open-gop"": ""0"", ""psy-rd"": ""2.0"", ""psy-rdoq"": ""2.0"", ""qcomp"": ""0.9"", ""qpmax"": ""27"", ""qpmin"": ""17"", ""rc-lookahead"": ""45"", ""rd"": ""2"", ""rdoq-level"": ""1"", ""rect"": ""0"", ""ref"": ""3"", ""rskip"": ""0"", ""sao"": ""0"", ""scenecut"": ""78"", ""subme"": ""3"", ""tu-inter-depth"": ""4"", ""tu-intra-depth"": ""3"", ""weightb"": ""0"", ""weightp"": ""1"", ""wpp"": ""1""}"
x265,bestconfig,7301,single,8,42.23,7.26,42.23,7.590620756149292,"['Standard', '320p', 30, '10s']",0.0,7.59053373336792,0.0,"{""amp"": ""0"", ""aq-mode"": ""0"", ""aq-strength"": ""2.0"", ""b-adapt"": ""2"", ""bframes"": ""7"", ""crf"": ""28.0"", ""ctu"": ""64"", ""keyint"": ""439"", ""limit-refs"": ""2"", ""limit-tu"": ""2"", ""me"": ""umh"", ""merange"": ""24"", ""open-gop"": ""1"", ""psy-rd"": ""3.5"", ""psy-rdoq"": ""0.5"", ""qcomp"": ""0.5"", ""qpmax"": ""50"", ""qpmin"": ""20"", ""rc-lookahead"": ""58"", ""rd"": ""2"", ""rdoq-level"": ""2"", ""rect"": ""1"", ""ref"": ""1"", ""rskip"": ""0"", ""sao"": ""1"", ""scenecut"": ""16"", ""subme"": ""5"", ""tu-inter-depth"": ""2"", ""tu-intra-depth"": ""3"", ""weightb"": ""1"", ""weightp"": ""1"", ""wpp"": ""0""}"
x265,bestconfig,7301,single,9,32.18,9.5,32.18,9.841321229934692,"['Standard', '320p', 30, '10s']",0.0,9.84122633934021,0.0,"{""amp"": ""0"", ""aq-mode"": ""4"", ""aq-strength"": ""0.0"", ""b-adapt"": ""2"", ""bframes"": ""1"", ""crf"": ""18.0"", ""ctu"": ""32"", ""keyint"": ""449"", ""limit-refs"": ""2"", ""limit-tu"": ""3"", ""me"": ""umh"", ""merange"": ""49"", ""open-gop"": ""1"", ""psy-rd"": ""2.5"", ""psy-rdoq"": ""0.0"", ""qcomp"": ""0.75"", ""qpmax"": ""41"", ""qpmin"": ""0"", ""rc-lookahead"": ""23"", ""rd"": ""2"", ""rdoq-level"": ""0"", ""rect"": ""1"", ""ref"": ""5"", ""rskip"": ""1"", ""sao"": ""1"", ""scenecut"": ""86"", ""subme"": ""4"", ""tu-inter-depth"": ""1"", ""tu-intra-depth"": ""1"", ""weightb"": ""1"", ""weightp"": ""0"", ""wpp"": ""0""}"
x265,bestconfig,7301,single,10,49.24,6.23,49.24,6.566959381103516,"['Standard', '320p', 30, '10s']",0.0,6.566872596740723,0.0,"{""amp"": ""1"", ""aq-mode"": ""3"", ""aq-strength"": ""1.0"", ""b-adapt"": ""2"", ""bframes"": ""2"", ""crf"": ""30.0"", ""ctu"": ""16"", ""keyint"": ""462"", ""limit-refs"": ""3"", ""limit-tu"": ""3"", ""me"": ""star"", ""merange"": ""43"", ""open-gop"": ""1"", ""psy-rd"": ""2.0"", ""psy-rdoq"": ""2.0"", ""qcomp"": ""1.0"", ""qpmax"": ""47"", ""qpmin"": ""3"", ""rc-lookahead"": ""25"", ""rd"": ""3"", ""rdoq-level"": ""1"", ""rect"": ""1"", ""ref"": ""6"", ""rskip"": ""0"", ""sao"": ""1"", ""scenecut"": ""78"", ""subme"": ""3"", ""tu-inter-depth"": ""2"", ""tu-intra-depth"": ""1"", ""weightb"": ""0"", ""weightp"": ""0"", ""wpp"": ""0""}"
x265,bestconfig,7301,single,11,21.6,14.13,21.6,14.47503924369812,"['Standard', '320p', 30, '10s']",0.0,14.474944114685059,0.0,"{""amp"": ""1"", ""aq-mode"": ""2"", ""aq-strength"": ""1.5"", ""b-adapt"": ""1"", ""bframes"": ""2"", ""crf"": ""20.0"", ""ctu"": ""64"", ""keyint"": ""448"", ""limit-refs"": ""3"", ""limit-tu"": ""2"", ""me"": ""star"", ""merange"": ""60"", ""open-gop"": ""0"", ""psy-rd"": ""3.0"", ""psy-rdoq"": ""1.0"", ""qcomp"": ""0.8"", ""qpmax"": ""44"", ""qpmin"": ""4"", ""rc-lookahead"": ""30"", ""rd"": ""2"", ""rdoq-level"": ""1"", ""rect"": ""1"", ""ref"": ""6"", ""rskip"": ""0"", ""sao"": ""1"", ""scenecut"": ""81"", ""subme"": ""5"", ""tu-inter-depth"": ""2"", ""tu-intra-depth"": ""1"", ""weightb"": ""1"", ""weightp"": ""1"", ""wpp"": ""1""}"
x265,bestconfig,7301,single,12,18.71,16.31,18.71,16.651981830596924,"['Standard', '320p', 30, '10s']",0.0,16.651891708374023,0.0,"{""amp"": ""0"", ""aq-mode"": ""3"", ""aq-strength"": ""0.5"", ""b-adapt"": ""1"", ""bframes"": ""2"", ""crf"": ""28.0"", ""ctu"": ""16"", ""keyint"": ""443"", ""limit-refs"": ""3"", ""limit-tu"": ""3"", ""me"": ""full"", ""merange"": ""57"", ""open-gop"": ""0"", ""psy-rd"": ""0.5"", ""psy-rdoq"": ""2.5"", ""qcomp"": ""0.9"", ""qpmax"": ""43"", ""qpmin"": ""3"", ""rc-lookahead"": ""22"", ""rd"": ""4"", ""rdoq-level"": ""1"", ""rect"": ""0"", ""ref"": ""5"", ""rskip"": ""1"", ""sao"": ""0"", ""scenecut"": ""84"", ""subme"": ""4"", ""tu-inter-depth"": ""3"", ""tu-intra-depth"": ""2"", ""weightb"": ""0"", ""weightp"": ""1"", ""wpp"": ""0""}"
x265,bestconfig,7301,single,13,18.65,16.36,18.65,16.70297074317932,"['Standard', '320p', 30, '10s']",0.0,16.70288062095642,0.0,"{""amp"": ""1"", ""aq-mode"": ""2"", ""aq-strength"": ""2.0"", ""b-adapt"": ""1"", ""bframes"": ""2"", ""crf"": ""18.0"", ""ctu"": ""64"", ""keyint"": ""456"", ""limit-refs"": ""2"", ""limit-tu"": ""4"", ""me"": ""hex"", ""merange"": ""51"", ""open-gop"": ""1"", ""psy-rd"": ""0.0"", ""psy-rdoq"": ""3.0"", ""qcomp"": ""0.5"", ""qpmax"": ""48"", ""qpmin"": ""2"", ""rc-lookahead"": ""27"", ""rd"": ""3"", ""rdoq-level"": ""1"", ""rect"": ""1"", ""ref"": ""6"", ""rskip"": ""1"", ""sao"": ""1"", ""scenecut"": ""82"", ""subme"": ""5"", ""tu-inter-depth"": ""2"", ""tu-intra-depth"": ""2"", ""weightb"": ""1"", ""weightp"": ""1"", ""wpp"": ""0""}"
x265,bestconfig,7301,single,14,40.33,7.59,40.33,7.941742658615112,"['Standard', '320p', 30, '10s']",0.0,7.941651344299316,0.0,"{""amp"": ""1"", ""aq-mode"": ""3"", ""aq-strength"": ""1.8"", ""b-adapt"": ""2"", ""bframes"": ""3"", ""crf"": ""22.0"", ""ctu"": ""32"", ""keyint"": ""440"", ""limit-refs"": ""2"", ""limit-tu"": ""2"", ""me"": ""hex"", ""merange"": ""47"", ""open-gop"": ""1"", ""psy-rd"": ""1.0"", ""psy-rdoq"": ""0.5"", ""qcomp"": ""0.5"", ""qpmax"": ""46"", ""qpmin"": ""1"", ""rc-lookahead"": ""28"", ""rd"": ""4"", ""rdoq-level"": ""0"", ""rect"": ""0"", ""ref"": ""6"", ""rskip"": ""0"", ""sao"": ""0"", ""scenecut"": ""88"", ""subme"": ""4"", ""tu-inter-depth"": ""3"", ""tu-intra-depth"": ""1"", ""weightb"": ""0"", ""weightp"": ""0"", ""wpp"": ""1""}"
x265,bestconfig,7301,single,15,60.16,5.11,60.16,5.44676661491394,"['Standard', '320p', 30, '10s']",0.0,5.446676969528198,0.0,"{""amp"": ""0"", ""aq-mode"": ""3"", ""aq-strength"": ""1.2"", ""b-adapt"": ""1"", ""bframes"": ""3"", ""crf"": ""25.0"", ""ctu"": ""32"", ""keyint"": ""452"", ""limit-refs"": ""3"", ""limit-tu"": ""4"", ""me"": ""dia"", ""merange"": ""53"", ""open-gop"": ""0"", ""psy-rd"": ""1.5"", ""psy-rdoq"": ""4.0"", ""qcomp"": ""0.6"", ""qpmax"": ""50"", ""qpmin"": ""1"", ""rc-lookahead"": ""26"", ""rd"": ""3"", ""rdoq-level"": ""0"", ""rect"": ""0"", ""ref"": ""5"", ""rskip"": ""0"", ""sao"": ""0"", ""scenecut"": ""85"", ""subme"": ""3"", ""tu-inter-depth"": ""1"", ""tu-intra-depth"": ""2"", ""weightb"": ""1"", ""weightp"": ""0"", ""wpp"": ""1""}"
x265,bestconfig,7301,single,16,77.35,3.99,77.35,4.3238630294799805,"['Standard', '320p', 30, '10s']",0.0,4.323773384094238,0.0,"{""amp"": ""0"", ""aq-mode"": ""4"", ""aq-strength"": ""0.8"", ""b-adapt"": ""2"", ""bframes"": ""1"", ""crf"": ""32.0"", ""ctu"": ""16"", ""keyint"": ""460"", ""limit-refs"": ""2"", ""limit-tu"": ""3"", ""me"": ""dia"", ""merange"": ""45"", ""open-gop"": ""0"", ""psy-rd"": ""3.5"", ""psy-rdoq"": ""4.5"", ""qcomp"": ""0.7"", ""qpmax"": ""45"", ""qpmin"": ""2"", ""rc-lookahead"": ""28"", ""rd"": ""3"", ""rdoq-level"": ""0"", ""rect"": ""0"", ""ref"": ""5"", ""rskip"": ""1"", ""sao"": ""0"", ""scenecut"": ""80"", ""subme"": ""4"", ""tu-inter-depth"": ""2"", ""tu-intra-depth"": ""2"", ""weightb"": ""0"", ""weightp"": ""1"", ""wpp"": ""1""}"
x265,bestconfig,7301,single,17,54.62,5.62,54.62,5.9573211669921875,"['Standard', '320p', 30, '10s']",0.0,5.957232236862183,0.0,"{""amp"": ""0"", ""aq-mode"": ""3"", ""aq-strength"": ""1.0"", ""b-adapt"": ""1"", ""bframes"": ""2"", ""crf"": ""30.0"", ""ctu"": ""32"", ""keyint"": ""446"", ""limit-refs"": ""3"", ""limit-tu"": ""3"", ""me"": ""star"", ""merange"": ""48"", ""open-gop"": ""1"", ""psy-rd"": ""2.5"", ""psy-rdoq"": ""3.0"", ""qcomp"": ""0.6"", ""qpmax"": ""42"", ""qpmin"": ""4"", ""rc-lookahead"": ""25"", ""rd"": ""3"", ""rdoq-level"": ""1"", ""rect"": ""1"", ""ref"": ""5"", ""rskip"": ""0"", ""sao"": ""1"", ""scenecut"": ""84"", ""subme"": ""3"", ""tu-inter-depth"": ""2"", ""tu-intra-depth"": ""2"", ""weightb"": ""1"", ""weightp"": ""0"", ""wpp"": ""1""}"
x265,bestconfig,7301,single,18,54.02,5.69,54.02,6.0306079387664795,"['Standard', '320p', 30, '10s']",0.0,6.030522584915161,0.0,"{""amp"": ""0"", ""aq-mode"": ""4"", ""aq-strength"": ""2.0"", ""b-adapt"": ""2"", ""bframes"": ""3"", ""crf"": ""22.0"", ""ctu"": ""16"", ""keyint"": ""444"", ""limit-refs"": ""2"", ""limit-tu"": ""4"", ""me"": ""dia"", ""merange"": ""47"", ""open-gop"": ""0"", ""psy-rd"": ""0.5"", ""psy-rdoq"": ""1.0"", ""qcomp"": ""1.0"", ""qpmax"": ""44"", ""qpmin"": ""2"", ""rc-lookahead"": ""24"", ""rd"": ""4"", ""rdoq-level"": ""0"", ""rect"": ""0"", ""ref"": ""5"", ""rskip"": ""1"", ""sao"": ""1"", ""scenecut"": ""79"", ""subme"": ""3"", ""tu-inter-depth"": ""2"", ""tu-intra-depth"": ""1"", ""weightb"": ""0"", ""weightp"": ""1"", ""wpp"": ""1""}"
x265,bestconfig,7301,single,19,59.03,5.21,59.03,5.542217969894409,"['Standard', '320p', 30, '10s']",0.0,5.542120695114136,0.0,"{""amp"": ""1"", ""aq-mode"": ""4"", ""aq-strength"": ""0.8"", ""b-adapt"": ""1"", ""bframes"": ""2"", ""crf"": ""32.0"", ""ctu"": ""64"", ""keyint"": ""449"", ""limit-refs"": ""1"", ""limit-tu"": ""4"", ""me"": ""hex"", ""merange"": ""44"", ""open-gop"": ""1"", ""psy-rd"": ""1.0"", ""psy-rdoq"": ""4.5"", ""qcomp"": ""0.7"", ""qpmax"": ""45"", ""qpmin"": ""3"", ""rc-lookahead"": ""29"", ""rd"": ""4"", ""rdoq-level"": ""0"", ""rect"": ""0"", ""ref"": ""6"", ""rskip"": ""0"", ""sao"": ""0"", ""scenecut"": ""86"", ""subme"": ""4"", ""tu-inter-depth"": ""2"", ""tu-intra-depth"": ""3"", ""weightb"": ""1"", ""weightp"": ""1"", ""wpp"": ""0""}"
x265,bestconfig,7301,single,20,78.1,3.95,78.1,4.292995929718018,"['Standard', '320p', 30, '10s']",0.0,4.292909860610962,0.0,"{""amp"": ""0"", ""aq-mode"": ""3"", ""aq-strength"": ""1.5"", ""b-adapt"": ""1"", ""bframes"": ""2"", ""crf"": ""28.0"", ""ctu"": ""32"", ""keyint"": ""459"", ""limit-refs"": ""2"", ""limit-tu"": ""3"", ""me"": ""dia"", ""merange"": ""51"", ""open-gop"": ""0"", ""psy-rd"": ""3.0"", ""psy-rdoq"": ""0.0"", ""qcomp"": ""0.8"", ""qpmax"": ""41"", ""qpmin"": ""0"", ""rc-lookahead"": ""23"", ""rd"": ""3"", ""rdoq-level"": ""1"", ""rect"": ""0"", ""ref"": ""4"", ""rskip"": ""1"", ""sao"": ""0"", ""scenecut"": ""85"", ""subme"": ""5"", ""tu-inter-depth"": ""1"", ""tu-intra-depth"": ""2"", ""weightb"": ""0"", ""weightp"": ""1"", ""wpp"": ""0""}"
x265,bestconfig,7301,single,21,33.22,9.21,33.22,9.555501699447632,"['Standard', '320p', 30, '10s']",0.0,9.555412769317627,0.0,"{""amp"": ""0"", ""aq-mode"": ""4"", ""aq-strength"": ""1.2"", ""b-adapt"": ""2"", ""bframes"": ""1"", ""crf"": ""18.0"", ""ctu"": ""16"", ""keyint"": ""454"", ""limit-refs"": ""2"", ""limit-tu"": ""3"", ""me"": ""umh"", ""merange"": ""46"", ""open-gop"": ""1"", ""psy-rd"": ""1.5"", ""psy-rdoq"": ""2.5"", ""qcomp"": ""0.9"", ""qpmax"": ""43"", ""qpmin"": ""3"", ""rc-lookahead"": ""26"", ""rd"": ""3"", ""rdoq-level"": ""0"", ""rect"": ""0"", ""ref"": ""5"", ""rskip"": ""0"", ""sao"": ""1"", ""scenecut"": ""80"", ""subme"": ""4"", ""tu-inter-depth"": ""1"", ""tu-intra-depth"": ""1"", ""weightb"": ""0"", ""weightp"": ""0"", ""wpp"": ""1""}"
x265,bestconfig,7301,single,22,30.98,9.87,30.98,10.391446828842163,"['Standard', '320p', 30, '10s']",0.0,10.39134931564331,0.0,"{""amp"": ""1"", ""aq-mode"": ""3"", ""aq-strength"": ""1.8"", ""b-adapt"": ""2"", ""bframes"": ""3"", ""crf"": ""18.0"", ""ctu"": ""16"", ""keyint"": ""463"", ""limit-refs"": ""3"", ""limit-tu"": ""2"", ""me"": ""hex"", ""merange"": ""42"", ""open-gop"": ""0"", ""psy-rd"": ""3.5"", ""psy-rdoq"": ""0.5"", ""qcomp"": ""0.5"", ""qpmax"": ""43"", ""qpmin"": ""1"", ""rc-lookahead"": ""30"", ""rd"": ""2"", ""rdoq-level"": ""1"", ""rect"": ""1"", ""ref"": ""6"", ""rskip"": ""1"", ""sao"": ""0"", ""scenecut"": ""81"", ""subme"": ""4"", ""tu-inter-depth"": ""3"", ""tu-intra-depth"": ""3"", ""weightb"": ""1"", ""weightp"": ""1"", ""wpp"": ""0""}"
x265,bestconfig,7301,single,23,3.25,93.63,3.25,93.9682264328003,"['Standard', '320p', 30, '10s']",0.0,93.96813297271729,0.0,"{""amp"": ""1"", ""aq-mode"": ""3"", ""aq-strength"": ""0.5"", ""b-adapt"": ""2"", ""bframes"": ""1"", ""crf"": ""20.0"", ""ctu"": ""32"", ""keyint"": ""441"", ""limit-refs"": ""2"", ""limit-tu"": ""2"", ""me"": ""full"", ""merange"": ""44"", ""open-gop"": ""0"", ""psy-rd"": ""2.0"", ""psy-rdoq"": ""2.0"", ""qcomp"": ""0.75"", ""qpmax"": ""46"", ""qpmin"": ""1"", ""rc-lookahead"": ""27"", ""rd"": ""2"", ""rdoq-level"": ""1"", ""rect"": ""1"", ""ref"": ""4"", ""rskip"": ""0"", ""sao"": ""0"", ""scenecut"": ""87"", ""subme"": ""5"", ""tu-inter-depth"": ""2"", ""tu-intra-depth"": ""2"", ""weightb"": ""0"", ""weightp"": ""0"", ""wpp"": ""1""}"
x265,bestconfig,7301,single,24,29.96,10.21,29.96,10.547893524169922,"['Standard', '320p', 30, '10s']",0.0,10.547801494598389,0.0,"{""amp"": ""1"", ""aq-mode"": ""4"", ""aq-strength"": ""0.0"", ""b-adapt"": ""1"", ""bframes"": ""2"", ""crf"": ""25.0"", ""ctu"": ""64"", ""keyint"": ""453"", ""limit-refs"": ""1"", ""limit-tu"": ""3"", ""me"": ""star"", ""merange"": ""51"", ""open-gop"": ""1"", ""psy-rd"": ""0.0"", ""psy-rdoq"": ""4.0"", ""qcomp"": ""0.5"", ""qpmax"": ""45"", ""qpmin"": ""2"", ""rc-lookahead"": ""28"", ""rd"": ""3"", ""rdoq-level"": ""0"", ""rect"": ""1"", ""ref"": ""5"", ""rskip"": ""1"", ""sao"": ""1"", ""scenecut"": ""83"", ""subme"": ""4"", ""tu-inter-depth"": ""3"", ""tu-intra-depth"": ""2"", ""weightb"": ""1"", ""weightp"": ""0"", ""wpp"": ""0""}"
x265,bestconfig,7301,single,25,54.59,5.63,54.59,5.966557025909424,"['Standard', '320p', 30, '10s']",0.0,5.966468572616577,0.0,"{""amp"": ""1"", ""aq-mode"": ""4"", ""aq-strength"": ""1.0"", ""b-adapt"": ""2"", ""bframes"": ""2"", ""crf"": ""32.0"", ""ctu"": ""64"", ""keyint"": ""458"", ""limit-refs"": ""2"", ""limit-tu"": ""4"", ""me"": ""hex"", ""merange"": ""45"", ""open-gop"": ""0"", ""psy-rd"": ""3.0"", ""psy-rdoq"": ""1.0"", ""qcomp"": ""0.5"", ""qpmax"": ""44"", ""qpmin"": ""3"", ""rc-lookahead"": ""23"", ""rd"": ""3"", ""rdoq-level"": ""1"", ""rect"": ""0"", ""ref"": ""3"", ""rskip"": ""0"", ""sao"": ""1"", ""scenecut"": ""85"", ""subme"": ""4"", ""tu-inter-depth"": ""1"", ""tu-intra-depth"": ""1"", ""weightb"": ""1"", ""weightp"": ""1"", ""wpp"": ""1""}"
x265,bestconfig,7301,single,26,74.75,4.12,74.75,4.452677011489868,"['Standard', '320p', 30, '10s']",0.0,4.452582836151123,0.0,"{""amp"": ""0"", ""aq-mode"": ""3"", ""aq-strength"": ""1.8"", ""b-adapt"": ""1"", ""bframes"": ""2"", ""crf"": ""25.0"", ""ctu"": ""16"", ""keyint"": ""452"", ""limit-refs"": ""3"", ""limit-tu"": ""3"", ""me"": ""dia"", ""merange"": ""49"", ""open-gop"": ""0"", ""psy-rd"": ""2.5"", ""psy-rdoq"": ""0.5"", ""qcomp"": ""0.7"", ""qpmax"": ""41"", ""qpmin"": ""0"", ""rc-lookahead"": ""26"", ""rd"": ""3"", ""rdoq-level"": ""0"", ""rect"": ""0"", ""ref"": ""4"", ""rskip"": ""1"", ""sao"": ""1"", ""scenecut"": ""87"", ""subme"": ""5"", ""tu-inter-depth"": ""1"", ""tu-intra-depth"": ""1"", ""weightb"": ""0"", ""weightp"": ""1"", ""wpp"": ""0""}"
x265,bestconfig,7301,single,27,42.38,7.27,42.38,7.7453272342681885,"['Standard', '320p', 30, '10s']",0.0,7.745234489440918,0.0,"{""amp"": ""1"", ""aq-mode"": ""3"", ""aq-strength"": ""0.8"", ""b-adapt"": ""1"", ""bframes"": ""1"", ""crf"": ""30.0"", ""ctu"": ""32"", ""keyint"": ""447"", ""limit-refs"": ""2"", ""limit-tu"": ""2"", ""me"": ""hex"", ""merange"": ""50"", ""open-gop"": ""1"", ""psy-rd"": ""1.0"", ""psy-rdoq"": ""4.0"", ""qcomp"": ""0.6"", ""qpmax"": ""43"", ""qpmin"": ""2"", ""rc-lookahead"": ""29"", ""rd"": ""4"", ""rdoq-level"": ""2"", ""rect"": ""1"", ""ref"": ""4"", ""rskip"": ""0"", ""sao"": ""1"", ""scenecut"": ""83"", ""subme"": ""5"", ""tu-inter-depth"": ""2"", ""tu-intra-depth"": ""2"", ""weightb"": ""1"", ""weightp"": ""1"", ""wpp"": ""0""}"
x265,bestconfig,7301,single,28,34.45,8.92,34.45,9.474651575088501,"['Standard', '320p', 30, '10s']",0.0,9.474553108215332,0.0,"{""amp"": ""0"", ""aq-mode"": ""2"", ""aq-strength"": ""0.5"", ""b-adapt"": ""0"", ""bframes"": ""2"", ""crf"": ""22.0"", ""ctu"": ""16"", ""keyint"": ""460"", ""limit-refs"": ""3"", ""limit-tu"": ""3"", ""me"": ""dia"", ""merange"": ""41"", ""open-gop"": ""0"", ""psy-rd"": ""0.5"", ""psy-rdoq"": ""4.5"", ""qcomp"": ""1.0"", ""qpmax"": ""36"", ""qpmin"": ""3"", ""rc-lookahead"": ""28"", ""rd"": ""3"", ""rdoq-level"": ""0"", ""rect"": ""1"", ""ref"": ""5"", ""rskip"": ""0"", ""sao"": ""0"", ""scenecut"": ""81"", ""subme"": ""5"", ""tu-inter-depth"": ""2"", ""tu-intra-depth"": ""2"", ""weightb"": ""0"", ""weightp"": ""0"", ""wpp"": ""1""}"
x265,bestconfig,7301,single,29,15.19,20.06,15.19,20.382488012313843,"['Standard', '320p', 30, '10s']",0.0,20.382396459579468,0.0,"{""amp"": ""1"", ""aq-mode"": ""2"", ""aq-strength"": ""2.0"", ""b-adapt"": ""0"", ""bframes"": ""3"", ""crf"": ""28.0"", ""ctu"": ""32"", ""keyint"": ""441"", ""limit-refs"": ""2"", ""limit-tu"": ""4"", ""me"": ""full"", ""merange"": ""47"", ""open-gop"": ""1"", ""psy-rd"": ""3.5"", ""psy-rdoq"": ""2.5"", ""qcomp"": ""0.8"", ""qpmax"": ""42"", ""qpmin"": ""4"", ""rc-lookahead"": ""29"", ""rd"": ""3"", ""rdoq-level"": ""1"", ""rect"": ""0"", ""ref"": ""5"", ""rskip"": ""0"", ""sao"": ""1"", ""scenecut"": ""78"", ""subme"": ""4"", ""tu-inter-depth"": ""2"", ""tu-intra-depth"": ""3"", ""weightb"": ""1"", ""weightp"": ""1"", ""wpp"": ""1""}"
x265,bestconfig,7301,single,30,38.51,7.95,38.51,8.306437253952026,"['Standard', '320p', 30, '10s']",0.0,8.30634880065918,0.0,"{""amp"": ""0"", ""aq-mode"": ""3"", ""aq-strength"": ""1.5"", ""b-adapt"": ""1"", ""bframes"": ""2"", ""crf"": ""18.0"", ""ctu"": ""16"", ""keyint"": ""444"", ""limit-refs"": ""2"", ""limit-tu"": ""2"", ""me"": ""star"", ""merange"": ""44"", ""open-gop"": ""1"", ""psy-rd"": ""1.5"", ""psy-rdoq"": ""3.0"", ""qcomp"": ""0.5"", ""qpmax"": ""37"", ""qpmin"": ""2"", ""rc-lookahead"": ""24"", ""rd"": ""2"", ""rdoq-level"": ""2"", ""rect"": ""1"", ""ref"": ""3"", ""rskip"": ""1"", ""sao"": ""0"", ""scenecut"": ""84"", ""subme"": ""4"", ""tu-inter-depth"": ""1"", ""tu-intra-depth"": ""2"", ""weightb"": ""0"", ""weightp"": ""0"", ""wpp"": ""0""}"
x265,bestconfig,7301,single,31,40.77,7.52,40.77,7.858622789382935,"['Standard', '320p', 30, '10s']",0.0,7.858520746231079,0.0,"{""amp"": ""1"", ""aq-mode"": ""4"", ""aq-strength"": ""1.2"", ""b-adapt"": ""1"", ""bframes"": ""3"", ""crf"": ""20.0"", ""ctu"": ""64"", ""keyint"": ""456"", ""limit-refs"": ""1"", ""limit-tu"": ""3"", ""me"": ""star"", ""merange"": ""51"", ""open-gop"": ""0"", ""psy-rd"": ""2.0"", ""psy-rdoq"": ""2.0"", ""qcomp"": ""0.75"", ""qpmax"": ""39"", ""qpmin"": ""1"", ""rc-lookahead"": ""26"", ""rd"": ""4"", ""rdoq-level"": ""1"", ""rect"": ""0"", ""ref"": ""4"", ""rskip"": ""1"", ""sao"": ""0"", ""scenecut"": ""79"", ""subme"": ""5"", ""tu-inter-depth"": ""1"", ""tu-intra-depth"": ""3"", ""weightb"": ""0"", ""weightp"": ""0"", ""wpp"": ""0""}"
x265,bestconfig,7301,single,32,22.4,13.63,22.4,13.985747814178467,"['Standard', '320p', 30, '10s']",0.0,13.985656976699829,0.0,"{""amp"": ""0"", ""aq-mode"": ""3"", ""aq-strength"": ""0.0"", ""b-adapt"": ""2"", ""bframes"": ""1"", ""crf"": ""18.0"", ""ctu"": ""32"", ""keyint"": ""451"", ""limit-refs"": ""1"", ""limit-tu"": ""3"", ""me"": ""umh"", ""merange"": ""45"", ""open-gop"": ""1"", ""psy-rd"": ""0.0"", ""psy-rdoq"": ""0.0"", ""qcomp"": ""0.9"", ""qpmax"": ""46"", ""qpmin"": ""1"", ""rc-lookahead"": ""22"", ""rd"": ""2"", ""rdoq-level"": ""1"", ""rect"": ""1"", ""ref"": ""4"", ""rskip"": ""1"", ""sao"": ""0"", ""scenecut"": ""86"", ""subme"": ""4"", ""tu-inter-depth"": ""2"", ""tu-intra-depth"": ""2"", ""weightb"": ""1"", ""weightp"": ""0"", ""wpp"": ""1""}"
x265,bestconfig,7301,single,33,25.12,12.16,25.12,12.502574443817139,"['Standard', '320p', 30, '10s']",0.0,12.502482414245605,0.0,"{""amp"": ""0"", ""aq-mode"": ""3"", ""aq-strength"": ""1.5"", ""b-adapt"": ""1"", ""bframes"": ""1"", ""crf"": ""20.0"", ""ctu"": ""16"", ""keyint"": ""441"", ""limit-refs"": ""3"", ""limit-tu"": ""3"", ""me"": ""dia"", ""merange"": ""45"", ""open-gop"": ""1"", ""psy-rd"": ""0.5"", ""psy-rdoq"": ""2.5"", ""qcomp"": ""1.0"", ""qpmax"": ""38"", ""qpmin"": ""0"", ""rc-lookahead"": ""29"", ""rd"": ""3"", ""rdoq-level"": ""1"", ""rect"": ""1"", ""ref"": ""3"", ""rskip"": ""1"", ""sao"": ""1"", ""scenecut"": ""86"", ""subme"": ""5"", ""tu-inter-depth"": ""2"", ""tu-intra-depth"": ""3"", ""weightb"": ""1"", ""weightp"": ""1"", ""wpp"": ""0""}"
x265,bestconfig,7301,single,34,21.92,13.92,21.92,14.261822700500488,"['Standard', '320p', 30, '10s']",0.0,14.26173186302185,0.0,"{""amp"": ""0"", ""aq-mode"": ""3"", ""aq-strength"": ""1.8"", ""b-adapt"": ""1"", ""bframes"": ""3"", ""crf"": ""18.0"", ""ctu"": ""32"", ""keyint"": ""449"", ""limit-refs"": ""2"", ""limit-tu"": ""2"", ""me"": ""hex"", ""merange"": ""48"", ""open-gop"": ""1"", ""psy-rd"": ""1.0"", ""psy-rdoq"": ""4.0"", ""qcomp"": ""0.8"", ""qpmax"": ""42"", ""qpmin"": ""2"", ""rc-lookahead"": ""24"", ""rd"": ""3"", ""rdoq-level"": ""1"", ""rect"": ""0"", ""ref"": ""4"", ""rskip"": ""0"", ""sao"": ""0"", ""scenecut"": ""79"", ""subme"": ""4"", ""tu-inter-depth"": ""2"", ""tu-intra-depth"": ""2"", ""weightb"": ""1"", ""weightp"": ""1"", ""wpp"": ""1""}"
x265,bestconfig,7301,single,35,70.18,4.39,70.18,4.73784875869751,"['Standard', '320p', 30, '10s']",0.0,4.737760782241821,0.0,"{""amp"": ""1"", ""aq-mode"": ""4"", ""aq-strength"": ""1.0"", ""b-adapt"": ""0"", ""bframes"": ""2"", ""crf"": ""30.0"", ""ctu"": ""16"", ""keyint"": ""445"", ""limit-refs"": ""1"", ""limit-tu"": ""3"", ""me"": ""dia"", ""merange"": ""50"", ""open-gop"": ""0"", ""psy-rd"": ""0.0"", ""psy-rdoq"": ""1.0"", ""qcomp"": ""0.9"", ""qpmax"": ""39"", ""qpmin"": ""2"", ""rc-lookahead"": ""26"", ""rd"": ""4"", ""rdoq-level"": ""0"", ""rect"": ""1"", ""ref"": ""4"", ""rskip"": ""1"", ""sao"": ""0"", ""scenecut"": ""84"", ""subme"": ""4"", ""tu-inter-depth"": ""1"", ""tu-intra-depth"": ""1"", ""weightb"": ""1"", ""weightp"": ""1"", ""wpp"": ""1""}"
x265,bestconfig,7301,single,36,23.69,12.89,23.69,13.231361627578735,"['Standard', '320p', 30, '10s']",0.0,13.231264352798462,0.0,"{""amp"": ""1"", ""aq-mode"": ""2"", ""aq-strength"": ""0.0"", ""b-adapt"": ""2"", ""bframes"": ""2"", ""crf"": ""22.0"", ""ctu"": ""64"", ""keyint"": ""461"", ""limit-refs"": ""1"", ""limit-tu"": ""2"", ""me"": ""star"", ""merange"": ""51"", ""open-gop"": ""0"", ""psy-rd"": ""3.0"", ""psy-rdoq"": ""3.0"", ""qcomp"": ""0.5"", ""qpmax"": ""40"", ""qpmin"": ""1"", ""rc-lookahead"": ""27"", ""rd"": ""2"", ""rdoq-level"": ""1"", ""rect"": ""1"", ""ref"": ""4"", ""rskip"": ""1"", ""sao"": ""1"", ""scenecut"": ""82"", ""subme"": ""5"", ""tu-inter-depth"": ""2"", ""tu-intra-depth"": ""2"", ""weightb"": ""0"", ""weightp"": ""1"", ""wpp"": ""0""}"
x265,bestconfig,7301,single,37,13.01,23.42,13.01,23.754661560058594,"['Standard', '320p', 30, '10s']",0.0,23.75457262992859,0.0,"{""amp"": ""0"", ""aq-mode"": ""3"", ""aq-strength"": ""0.8"", ""b-adapt"": ""0"", ""bframes"": ""2"", ""crf"": ""25.0"", ""ctu"": ""64"", ""keyint"": ""457"", ""limit-refs"": ""2"", ""limit-tu"": ""3"", ""me"": ""full"", ""merange"": ""46"", ""open-gop"": ""0"", ""psy-rd"": ""3.5"", ""psy-rdoq"": ""2.0"", ""qcomp"": ""0.6"", ""qpmax"": ""43"", ""qpmin"": ""3"", ""rc-lookahead"": ""29"", ""rd"": ""3"", ""rdoq-level"": ""0"", ""rect"": ""0"", ""ref"": ""3"", ""rskip"": ""0"", ""sao"": ""0"", ""scenecut"": ""81"", ""subme"": ""5"", ""tu-inter-depth"": ""2"", ""tu-intra-depth"": ""1"", ""weightb"": ""1"", ""weightp"": ""0"", ""wpp"": ""1""}"
x265,bestconfig,7301,single,38,111.13,2.8,111.13,3.16206693649292,"['Standard', '320p', 30, '10s']",0.0,3.1619741916656494,0.0,"{""amp"": ""1"", ""aq-mode"": ""3"", ""aq-strength"": ""0.5"", ""b-adapt"": ""1"", ""bframes"": ""3"", ""crf"": ""32.0"", ""ctu"": ""32"", ""keyint"": ""448"", ""limit-refs"": ""3"", ""limit-tu"": ""4"", ""me"": ""hex"", ""merange"": ""41"", ""open-gop"": ""1"", ""psy-rd"": ""1.5"", ""psy-rdoq"": ""4.5"", ""qcomp"": ""0.75"", ""qpmax"": ""44"", ""qpmin"": ""4"", ""rc-lookahead"": ""27"", ""rd"": ""4"", ""rdoq-level"": ""2"", ""rect"": ""0"", ""ref"": ""4"", ""rskip"": ""1"", ""sao"": ""0"", ""scenecut"": ""85"", ""subme"": ""4"", ""tu-inter-depth"": ""1"", ""tu-intra-depth"": ""2"", ""weightb"": ""0"", ""weightp"": ""0"", ""wpp"": ""0""}"
x265,bestconfig,7301,single,39,45.44,6.78,45.44,7.340987682342529,"['Standard', '320p', 30, '10s']",0.0,7.340888261795044,0.0,"{""amp"": ""1"", ""aq-mode"": ""2"", ""aq-strength"": ""2.0"", ""b-adapt"": ""2"", ""bframes"": ""2"", ""crf"": ""18.0"", ""ctu"": ""16"", ""keyint"": ""452"", ""limit-refs"": ""2"", ""limit-tu"": ""3"", ""me"": ""star"", ""merange"": ""43"", ""open-gop"": ""0"", ""psy-rd"": ""2.5"", ""psy-rdoq"": ""0.0"", ""qcomp"": ""0.5"", ""qpmax"": ""37"", ""qpmin"": ""1"", ""rc-lookahead"": ""24"", ""rd"": ""2"", ""rdoq-level"": ""1"", ""rect"": ""0"", ""ref"": ""5"", ""rskip"": ""0"", ""sao"": ""1"", ""scenecut"": ""79"", ""subme"": ""5"", ""tu-inter-depth"": ""1"", ""tu-intra-depth"": ""2"", ""weightb"": ""0"", ""weightp"": ""0"", ""wpp"": ""1""}"
x265,bestconfig,7301,single,40,44.09,7.0,44.09,7.453744411468506,"['Standard', '320p', 30, '10s']",0.0,7.453611612319946,0.0,"{""amp"": ""0"", ""aq-mode"": ""4"", ""aq-strength"": ""1.2"", ""b-adapt"": ""1"", ""bframes"": ""1"", ""crf"": ""28.0"", ""ctu"": ""32"", ""keyint"": ""458"", ""limit-refs"": ""2"", ""limit-tu"": ""4"", ""me"": ""umh"", ""merange"": ""48"", ""open-gop"": ""1"", ""psy-rd"": ""2.0"", ""psy-rdoq"": ""0.5"", ""qcomp"": ""0.7"", ""qpmax"": ""46"", ""qpmin"": ""3"", ""rc-lookahead"": ""23"", ""rd"": ""3"", ""rdoq-level"": ""2"", ""rect"": ""1"", ""ref"": ""5"", ""rskip"": ""0"", ""sao"": ""1"", ""scenecut"": ""87"", ""subme"": ""4"", ""tu-inter-depth"": ""1"", ""tu-intra-depth"": ""3"", ""weightb"": ""0"", ""weightp"": ""0"", ""wpp"": ""0""}"
x265,bestconfig,7301,single,41,41.53,7.38,41.53,7.778040409088135,"['Standard', '320p', 30, '10s']",0.0,7.777904272079468,0.0,"{""amp"": ""0"", ""aq-mode"": ""3"", ""aq-strength"": ""2.0"", ""b-adapt"": ""1"", ""bframes"": ""2"", ""crf"": ""25.0"", ""ctu"": ""16"", ""keyint"": ""458"", ""limit-refs"": ""2"", ""limit-tu"": ""3"", ""me"": ""hex"", ""merange"": ""45"", ""open-gop"": ""0"", ""psy-rd"": ""1.5"", ""psy-rdoq"": ""0.5"", ""qcomp"": ""0.8"", ""qpmax"": ""45"", ""qpmin"": ""6"", ""rc-lookahead"": ""25"", ""rd"": ""3"", ""rdoq-level"": ""2"", ""rect"": ""1"", ""ref"": ""4"", ""rskip"": ""1"", ""sao"": ""1"", ""scenecut"": ""87"", ""subme"": ""5"", ""tu-inter-depth"": ""1"", ""tu-intra-depth"": ""2"", ""weightb"": ""1"", ""weightp"": ""1"", ""wpp"": ""0""}"
x265,bestconfig,7301,single,42,21.31,14.32,21.31,14.65840220451355,"['Standard', '320p', 30, '10s']",0.0,14.65831708908081,0.0,"{""amp"": ""0"", ""aq-mode"": ""3"", ""aq-strength"": ""0.0"", ""b-adapt"": ""0"", ""bframes"": ""1"", ""crf"": ""32.0"", ""ctu"": ""64"", ""keyint"": ""444"", ""limit-refs"": ""3"", ""limit-tu"": ""4"", ""me"": ""full"", ""merange"": ""37"", ""open-gop"": ""1"", ""psy-rd"": ""3.0"", ""psy-rdoq"": ""1.0"", ""qcomp"": ""0.75"", ""qpmax"": ""46"", ""qpmin"": ""1"", ""rc-lookahead"": ""24"", ""rd"": ""4"", ""rdoq-level"": ""1"", ""rect"": ""1"", ""ref"": ""3"", ""rskip"": ""0"", ""sao"": ""0"", ""scenecut"": ""80"", ""subme"": ""4"", ""tu-inter-depth"": ""2"", ""tu-intra-depth"": ""1"", ""weightb"": ""1"", ""weightp"": ""0"", ""wpp"": ""0""}"
x265,bestconfig,7301,single,43,45.15,6.79,45.15,7.272725582122803,"['Standard', '320p', 30, '10s']",0.0,7.2726287841796875,0.0,"{""amp"": ""1"", ""aq-mode"": ""4"", ""aq-strength"": ""1.5"", ""b-adapt"": ""1"", ""bframes"": ""4"", ""crf"": ""22.0"", ""ctu"": ""32"", ""keyint"": ""445"", ""limit-refs"": ""3"", ""limit-tu"": ""3"", ""me"": ""dia"", ""merange"": ""48"", ""open-gop"": ""0"", ""psy-rd"": ""2.0"", ""psy-rdoq"": ""3.0"", ""qcomp"": ""0.6"", ""qpmax"": ""42"", ""qpmin"": ""5"", ""rc-lookahead"": ""26"", ""rd"": ""4"", ""rdoq-level"": ""2"", ""rect"": ""0"", ""ref"": ""4"", ""rskip"": ""0"", ""sao"": ""0"", ""scenecut"": ""79"", ""subme"": ""3"", ""tu-inter-depth"": ""1"", ""tu-intra-depth"": ""2"", ""weightb"": ""0"", ""weightp"": ""0"", ""wpp"": ""1""}"
x265,bestconfig,7301,single,44,94.48,3.27,94.48,3.7218570709228516,"['Standard', '320p', 30, '10s']",0.0,3.721759796142578,0.0,"{""amp"": ""1"", ""aq-mode"": ""3"", ""aq-strength"": ""1.8"", ""b-adapt"": ""2"", ""bframes"": ""3"", ""crf"": ""30.0"", ""ctu"": ""64"", ""keyint"": ""450"", ""limit-refs"": ""2"", ""limit-tu"": ""3"", ""me"": ""dia"", ""merange"": ""43"", ""open-gop"": ""1"", ""psy-rd"": ""1.0"", ""psy-rdoq"": ""0.0"", ""qcomp"": ""0.5"", ""qpmax"": ""45"", ""qpmin"": ""2"", ""rc-lookahead"": ""29"", ""rd"": ""3"", ""rdoq-level"": ""2"", ""rect"": ""0"", ""ref"": ""3"", ""rskip"": ""1"", ""sao"": ""0"", ""scenecut"": ""84"", ""subme"": ""3"", ""tu-inter-depth"": ""1"", ""tu-intra-depth"": ""2"", ""weightb"": ""0"", ""weightp"": ""1"", ""wpp"": ""1""}"
x265,bestconfig,7301,single,45,36.63,8.36,36.63,8.691250801086426,"['Standard', '320p', 30, '10s']",0.0,8.691163778305054,0.0,"{""amp"": ""0"", ""aq-mode"": ""4"", ""aq-strength"": ""0.8"", ""b-adapt"": ""1"", ""bframes"": ""3"", ""crf"": ""18.0"", ""ctu"": ""16"", ""keyint"": ""462"", ""limit-refs"": ""3"", ""limit-tu"": ""4"", ""me"": ""star"", ""merange"": ""49"", ""open-gop"": ""0"", ""psy-rd"": ""0.0"", ""psy-rdoq"": ""4.5"", ""qcomp"": ""0.5"", ""qpmax"": ""41"", ""qpmin"": ""4"", ""rc-lookahead"": ""28"", ""rd"": ""4"", ""rdoq-level"": ""1"", ""rect"": ""0"", ""ref"": ""5"", ""rskip"": ""1"", ""sao"": ""0"", ""scenecut"": ""81"", ""subme"": ""4"", ""tu-inter-depth"": ""1"", ""tu-intra-depth"": ""3"", ""weightb"": ""1"", ""weightp"": ""1"", ""wpp"": ""1""}"
x265,bestconfig,7301,single,46,4.53,67.23,4.53,67.57959485054016,"['Standard', '320p', 30, '10s']",0.0,67.57949948310852,0.0,"{""amp"": ""1"", ""aq-mode"": ""2"", ""aq-strength"": ""1.0"", ""b-adapt"": ""1"", ""bframes"": ""2"", ""crf"": ""18.0"", ""ctu"": ""32"", ""keyint"": ""451"", ""limit-refs"": ""3"", ""limit-tu"": ""4"", ""me"": ""umh"", ""merange"": ""42"", ""open-gop"": ""1"", ""psy-rd"": ""2.5"", ""psy-rdoq"": ""2.0"", ""qcomp"": ""1.0"", ""qpmax"": ""44"", ""qpmin"": ""1"", ""rc-lookahead"": ""30"", ""rd"": ""5"", ""rdoq-level"": ""2"", ""rect"": ""1"", ""ref"": ""4"", ""rskip"": ""0"", ""sao"": ""1"", ""scenecut"": ""82"", ""subme"": ""4"", ""tu-inter-depth"": ""2"", ""tu-intra-depth"": ""2"", ""weightb"": ""1"", ""weightp"": ""0"", ""wpp"": ""0""}"
x265,bestconfig,7301,single,47,39.5,7.75,39.5,8.097468614578247,"['Standard', '320p', 30, '10s']",0.0,8.097381353378296,0.0,"{""amp"": ""0"", ""aq-mode"": ""2"", ""aq-strength"": ""1.2"", ""b-adapt"": ""2"", ""bframes"": ""4"", ""crf"": ""28.0"", ""ctu"": ""32"", ""keyint"": ""455"", ""limit-refs"": ""2"", ""limit-tu"": ""4"", ""me"": ""hex"", ""merange"": ""40"", ""open-gop"": ""0"", ""psy-rd"": ""3.5"", ""psy-rdoq"": ""4.0"", ""qcomp"": ""0.9"", ""qpmax"": ""42"", ""qpmin"": ""6"", ""rc-lookahead"": ""25"", ""rd"": ""4"", ""rdoq-level"": ""1"", ""rect"": ""1"", ""ref"": ""4"", ""rskip"": ""0"", ""sao"": ""1"", ""scenecut"": ""84"", ""subme"": ""4"", ""tu-inter-depth"": ""2"", ""tu-intra-depth"": ""3"", ""weightb"": ""0"", ""weightp"": ""0"", ""wpp"": ""0""}"
x265,bestconfig,7301,single,48,12.04,25.3,12.04,25.656261682510376,"['Standard', '320p', 30, '10s']",0.0,25.65617084503174,0.0,"{""amp"": ""1"", ""aq-mode"": ""3"", ""aq-strength"": ""0.5"", ""b-adapt"": ""0"", ""bframes"": ""5"", ""crf"": ""20.0"", ""ctu"": ""16"", ""keyint"": ""442"", ""limit-refs"": ""2"", ""limit-tu"": ""3"", ""me"": ""star"", ""merange"": ""51"", ""open-gop"": ""1"", ""psy-rd"": ""0.5"", ""psy-rdoq"": ""2.5"", ""qcomp"": ""0.7"", ""qpmax"": ""43"", ""qpmin"": ""3"", ""rc-lookahead"": ""27"", ""rd"": ""5"", ""rdoq-level"": ""1"", ""rect"": ""0"", ""ref"": ""5"", ""rskip"": ""1"", ""sao"": ""1"", ""scenecut"": ""86"", ""subme"": ""5"", ""tu-inter-depth"": ""2"", ""tu-intra-depth"": ""1"", ""weightb"": ""0"", ""weightp"": ""1"", ""wpp"": ""1""}"
x265,bestconfig,7301,single,49,5.83,52.17,5.83,52.55378246307373,"['Standard', '320p', 30, '10s']",0.0,52.553587436676025,0.0,"{""amp"": ""1"", ""aq-mode"": ""4"", ""aq-strength"": ""1.2"", ""b-adapt"": ""1"", ""bframes"": ""5"", ""crf"": ""18.0"", ""ctu"": ""32"", ""keyint"": ""162"", ""limit-refs"": ""1"", ""limit-tu"": ""1"", ""me"": ""hex"", ""merange"": ""60"", ""open-gop"": ""0"", ""psy-rd"": ""1.5"", ""psy-rdoq"": ""0.5"", ""qcomp"": ""0.6"", ""qpmax"": ""32"", ""qpmin"": ""3"", ""rc-lookahead"": ""37"", ""rd"": ""6"", ""rdoq-level"": ""2"", ""rect"": ""1"", ""ref"": ""4"", ""rskip"": ""1"", ""sao"": ""0"", ""scenecut"": ""55"", ""subme"": ""5"", ""tu-inter-depth"": ""4"", ""tu-intra-depth"": ""2"", ""weightb"": ""0"", ""weightp"": ""0"", ""wpp"": ""1""}"
x265,bestconfig,7301,single,50,43.47,7.05,43.47,7.451075553894043,"['Standard', '320p', 30, '10s']",0.0,7.450938940048218,0.0,"{""amp"": ""1"", ""aq-mode"": ""1"", ""aq-strength"": ""0.5"", ""b-adapt"": ""1"", ""bframes"": ""2"", ""crf"": ""22.0"", ""ctu"": ""32"", ""keyint"": ""361"", ""limit-refs"": ""1"", ""limit-tu"": ""3"", ""me"": ""star"", ""merange"": ""16"", ""open-gop"": ""1"", ""psy-rd"": ""0.0"", ""psy-rdoq"": ""2.5"", ""qcomp"": ""0.9"", ""qpmax"": ""48"", ""qpmin"": ""19"", ""rc-lookahead"": ""44"", ""rd"": ""4"", ""rdoq-level"": ""1"", ""rect"": ""0"", ""ref"": ""3"", ""rskip"": ""0"", ""sao"": ""1"", ""scenecut"": ""37"", ""subme"": ""4"", ""tu-inter-depth"": ""4"", ""tu-intra-depth"": ""3"", ""weightb"": ""0"", ""weightp"": ""0"", ""wpp"": ""0""}"
x265,bestconfig,7301,single,51,48.81,6.29,48.81,6.627871513366699,"['Standard', '320p', 30, '10s']",0.0,6.627784013748169,0.0,"{""amp"": ""0"", ""aq-mode"": ""3"", ""aq-strength"": ""0.8"", ""b-adapt"": ""2"", ""bframes"": ""6"", ""crf"": ""25.0"", ""ctu"": ""32"", ""keyint"": ""307"", ""limit-refs"": ""3"", ""limit-tu"": ""0"", ""me"": ""dia"", ""merange"": ""38"", ""open-gop"": ""1"", ""psy-rd"": ""3.5"", ""psy-rdoq"": ""4.0"", ""qcomp"": ""0.8"", ""qpmax"": ""37"", ""qpmin"": ""17"", ""rc-lookahead"": ""21"", ""rd"": ""2"", ""rdoq-level"": ""2"", ""rect"": ""0"", ""ref"": ""6"", ""rskip"": ""1"", ""sao"": ""1"", ""scenecut"": ""18"", ""subme"": ""2"", ""tu-inter-depth"": ""2"", ""tu-intra-depth"": ""3"", ""weightb"": ""1"", ""weightp"": ""0"", ""wpp"": ""0""}"
x265,bestconfig,7301,single,52,85.06,3.63,85.06,4.115910530090332,"['Standard', '320p', 30, '10s']",0.0,4.115797758102417,0.0,"{""amp"": ""0"", ""aq-mode"": ""2"", ""aq-strength"": ""1.8"", ""b-adapt"": ""0"", ""bframes"": ""3"", ""crf"": ""32.0"", ""ctu"": ""16"", ""keyint"": ""205"", ""limit-refs"": ""1"", ""limit-tu"": ""1"", ""me"": ""full"", ""merange"": ""27"", ""open-gop"": ""0"", ""psy-rd"": ""1.0"", ""psy-rdoq"": ""0.0"", ""qcomp"": ""0.5"", ""qpmax"": ""39"", ""qpmin"": ""12"", ""rc-lookahead"": ""23"", ""rd"": ""1"", ""rdoq-level"": ""1"", ""rect"": ""1"", ""ref"": ""5"", ""rskip"": ""1"", ""sao"": ""0"", ""scenecut"": ""78"", ""subme"": ""4"", ""tu-inter-depth"": ""3"", ""tu-intra-depth"": ""1"", ""weightb"": ""1"", ""weightp"": ""1"", ""wpp"": ""1""}"
x265,bestconfig,7301,single,53,58.0,5.3,58.0,5.641097784042358,"['Standard', '320p', 30, '10s']",0.0,5.640992164611816,0.0,"{""amp"": ""0"", ""aq-mode"": ""3"", ""aq-strength"": ""0.0"", ""b-adapt"": ""0"", ""bframes"": ""8"", ""crf"": ""20.0"", ""ctu"": ""16"", ""keyint"": ""397"", ""limit-refs"": ""2"", ""limit-tu"": ""2"", ""me"": ""dia"", ""merange"": ""56"", ""open-gop"": ""0"", ""psy-rd"": ""0.5"", ""psy-rdoq"": ""1.0"", ""qcomp"": ""0.5"", ""qpmax"": ""29"", ""qpmin"": ""14"", ""rc-lookahead"": ""12"", ""rd"": ""4"", ""rdoq-level"": ""0"", ""rect"": ""0"", ""ref"": ""2"", ""rskip"": ""0"", ""sao"": ""1"", ""scenecut"": ""6"", ""subme"": ""3"", ""tu-inter-depth"": ""2"", ""tu-intra-depth"": ""2"", ""weightb"": ""0"", ""weightp"": ""1"", ""wpp"": ""1""}"
x265,bestconfig,7301,single,54,28.22,10.83,28.22,11.186488389968872,"['Standard', '320p', 30, '10s']",0.0,11.186396598815918,0.0,"{""amp"": ""1"", ""aq-mode"": ""2"", ""aq-strength"": ""1.5"", ""b-adapt"": ""1"", ""bframes"": ""0"", ""crf"": ""28.0"", ""ctu"": ""16"", ""keyint"": ""474"", ""limit-refs"": ""2"", ""limit-tu"": ""2"", ""me"": ""umh"", ""merange"": ""41"", ""open-gop"": ""1"", ""psy-rd"": ""3.0"", ""psy-rdoq"": ""2.0"", ""qcomp"": ""0.7"", ""qpmax"": ""27"", ""qpmin"": ""2"", ""rc-lookahead"": ""53"", ""rd"": ""2"", ""rdoq-level"": ""1"", ""rect"": ""1"", ""ref"": ""4"", ""rskip"": ""0"", ""sao"": ""0"", ""scenecut"": ""91"", ""subme"": ""3"", ""tu-inter-depth"": ""2"", ""tu-intra-depth"": ""2"", ""weightb"": ""1"", ""weightp"": ""1"", ""wpp"": ""0""}"
x265,bestconfig,7301,single,55,23.28,13.12,23.28,13.463528871536255,"['Standard', '320p', 30, '10s']",0.0,13.46343183517456,0.0,"{""amp"": ""0"", ""aq-mode"": ""1"", ""aq-strength"": ""2.0"", ""b-adapt"": ""2"", ""bframes"": ""5"", ""crf"": ""30.0"", ""ctu"": ""64"", ""keyint"": ""78"", ""limit-refs"": ""0"", ""limit-tu"": ""3"", ""me"": ""hex"", ""merange"": ""50"", ""open-gop"": ""1"", ""psy-rd"": ""2.0"", ""psy-rdoq"": ""4.5"", ""qcomp"": ""0.75"", ""qpmax"": ""45"", ""qpmin"": ""6"", ""rc-lookahead"": ""55"", ""rd"": ""5"", ""rdoq-level"": ""1"", ""rect"": ""0"", ""ref"": ""1"", ""rskip"": ""0"", ""sao"": ""1"", ""scenecut"": ""44"", ""subme"": ""2"", ""tu-inter-depth"": ""3"", ""tu-intra-depth"": ""3"", ""weightb"": ""1"", ""weightp"": ""1"", ""wpp"": ""1""}"
x265,bestconfig,7301,single,56,23.7,12.88,23.7,13.221426010131836,"['Standard', '320p', 30, '10s']",0.0,13.221323728561401,0.0,"{""amp"": ""1"", ""aq-mode"": ""0"", ""aq-strength"": ""1.0"", ""b-adapt"": ""1"", ""bframes"": ""4"", ""crf"": ""18.0"", ""ctu"": ""64"", ""keyint"": ""119"", ""limit-refs"": ""2"", ""limit-tu"": ""4"", ""me"": ""star"", ""merange"": ""31"", ""open-gop"": ""0"", ""psy-rd"": ""2.5"", ""psy-rdoq"": ""3.0"", ""qcomp"": ""1.0"", ""qpmax"": ""21"", ""qpmin"": ""8"", ""rc-lookahead"": ""31"", ""rd"": ""3"", ""rdoq-level"": ""0"", ""rect"": ""1"", ""ref"": ""3"", ""rskip"": ""1"", ""sao"": ""0"", ""scenecut"": ""73"", ""subme"": ""1"", ""tu-inter-depth"": ""1"", ""tu-intra-depth"": ""4"", ""weightb"": ""0"", ""weightp"": ""0"", ""wpp"": ""0""}"
x265,bestconfig,7301,single,57,23.26,13.13,23.26,13.474502563476562,"['Standard', '320p', 30, '10s']",0.0,13.47441053390503,0.0,"{""amp"": ""0"", ""aq-mode"": ""4"", ""aq-strength"": ""1.8"", ""b-adapt"": ""1"", ""bframes"": ""3"", ""crf"": ""25.0"", ""ctu"": ""16"", ""keyint"": ""414"", ""limit-refs"": ""3"", ""limit-tu"": ""3"", ""me"": ""full"", ""merange"": ""43"", ""open-gop"": ""1"", ""psy-rd"": ""0.5"", ""psy-rdoq"": ""4.0"", ""qcomp"": ""0.8"", ""qpmax"": ""44"", ""qpmin"": ""4"", ""rc-lookahead"": ""24"", ""rd"": ""4"", ""rdoq-level"": ""1"", ""rect"": ""1"", ""ref"": ""3"", ""rskip"": ""0"", ""sao"": ""0"", ""scenecut"": ""82"", ""subme"": ""4"", ""tu-inter-depth"": ""1"", ""tu-intra-depth"": ""2"", ""weightb"": ""0"", ""weightp"": ""0"", ""wpp"": ""0""}"
x265,bestconfig,7301,single,58,31.49,9.75,31.49,10.304598808288574,"['Standard', '320p', 30, '10s']",0.0,10.304461240768433,0.0,"{""amp"": ""1"", ""aq-mode"": ""2"", ""aq-strength"": ""1.0"", ""b-adapt"": ""0"", ""bframes"": ""3"", ""crf"": ""22.0"", ""ctu"": ""64"", ""keyint"": ""450"", ""limit-refs"": ""3"", ""limit-tu"": ""4"", ""me"": ""star"", ""merange"": ""41"", ""open-gop"": ""0"", ""psy-rd"": ""1.0"", ""psy-rdoq"": ""1.0"", ""qcomp"": ""1.0"", ""qpmax"": ""41"", ""qpmin"": ""4"", ""rc-lookahead"": ""26"", ""rd"": ""4"", ""rdoq-level"": ""1"", ""rect"": ""1"", ""ref"": ""4"", ""rskip"": ""1"", ""sao"": ""1"", ""scenecut"": ""87"", ""subme"": ""3"", ""tu-inter-depth"": ""1"", ""tu-intra-depth"": ""1"", ""weightb"": ""0"", ""weightp"": ""1"", ""wpp"": ""1""}"
x265,bestconfig,7301,single,59,91.1,3.39,91.1,3.7418112754821777,"['Standard', '320p', 30, '10s']",0.0,3.7417185306549072,0.0,"{""amp"": ""1"", ""aq-mode"": ""3"", ""aq-strength"": ""0.8"", ""b-adapt"": ""1"", ""bframes"": ""4"", ""crf"": ""30.0"", ""ctu"": ""32"", ""keyint"": ""399"", ""limit-refs"": ""3"", ""limit-tu"": ""4"", ""me"": ""umh"", ""merange"": ""38"", ""open-gop"": ""0"", ""psy-rd"": ""3.5"", ""psy-rdoq"": ""3.0"", ""qcomp"": ""0.7"", ""qpmax"": ""42"", ""qpmin"": ""5"", ""rc-lookahead"": ""31"", ""rd"": ""4"", ""rdoq-level"": ""1"", ""rect"": ""0"", ""ref"": ""3"", ""rskip"": ""1"", ""sao"": ""1"", ""scenecut"": ""80"", ""subme"": ""4"", ""tu-inter-depth"": ""2"", ""tu-intra-depth"": ""2"", ""weightb"": ""0"", ""weightp"": ""1"", ""wpp"": ""1""}"
x265,bestconfig,7301,single,60,58.99,5.21,58.99,5.545011043548584,"['Standard', '320p', 30, '10s']",0.0,5.544919967651367,0.0,"{""amp"": ""0"", ""aq-mode"": ""2"", ""aq-strength"": ""2.0"", ""b-adapt"": ""1"", ""bframes"": ""3"", ""crf"": ""28.0"", ""ctu"": ""32"", ""keyint"": ""434"", ""limit-refs"": ""2"", ""limit-tu"": ""3"", ""me"": ""star"", ""merange"": ""47"", ""open-gop"": ""0"", ""psy-rd"": ""2.5"", ""psy-rdoq"": ""0.0"", ""qcomp"": ""0.5"", ""qpmax"": ""40"", ""qpmin"": ""4"", ""rc-lookahead"": ""23"", ""rd"": ""3"", ""rdoq-level"": ""1"", ""rect"": ""1"", ""ref"": ""4"", ""rskip"": ""1"", ""sao"": ""0"", ""scenecut"": ""90"", ""subme"": ""5"", ""tu-inter-depth"": ""1"", ""tu-intra-depth"": ""1"", ""weightb"": ""1"", ""weightp"": ""1"", ""wpp"": ""0""}"
x265,bestconfig,7301,single,61,60.12,5.11,60.12,5.4553444385528564,"['Standard', '320p', 30, '10s']",0.0,5.455255031585693,0.0,"{""amp"": ""0"", ""aq-mode"": ""3"", ""aq-strength"": ""1.5"", ""b-adapt"": ""2"", ""bframes"": ""4"", ""crf"": ""32.0"", ""ctu"": ""16"", ""keyint"": ""444"", ""limit-refs"": ""2"", ""limit-tu"": ""4"", ""me"": ""dia"", ""merange"": ""40"", ""open-gop"": ""1"", ""psy-rd"": ""2.0"", ""psy-rdoq"": ""4.5"", ""qcomp"": ""0.9"", ""qpmax"": ""39"", ""qpmin"": ""5"", ""rc-lookahead"": ""28"", ""rd"": ""4"", ""rdoq-level"": ""2"", ""rect"": ""0"", ""ref"": ""4"", ""rskip"": ""0"", ""sao"": ""1"", ""scenecut"": ""88"", ""subme"": ""4"", ""tu-inter-depth"": ""1"", ""tu-intra-depth"": ""2"", ""weightb"": ""1"", ""weightp"": ""0"", ""wpp"": ""1""}"
x265,bestconfig,7301,single,62,8.13,37.46,8.13,37.86335635185242,"['Standard', '320p', 30, '10s']",0.0,37.86321759223938,0.0,"{""amp"": ""0"", ""aq-mode"": ""3"", ""aq-strength"": ""1.2"", ""b-adapt"": ""1"", ""bframes"": ""3"", ""crf"": ""18.0"", ""ctu"": ""64"", ""keyint"": ""457"", ""limit-refs"": ""2"", ""limit-tu"": ""3"", ""me"": ""hex"", ""merange"": ""49"", ""open-gop"": ""0"", ""psy-rd"": ""1.5"", ""psy-rdoq"": ""0.5"", ""qcomp"": ""0.5"", ""qpmax"": ""42"", ""qpmin"": ""6"", ""rc-lookahead"": ""27"", ""rd"": ""5"", ""rdoq-level"": ""2"", ""rect"": ""0"", ""ref"": ""5"", ""rskip"": ""1"", ""sao"": ""0"", ""scenecut"": ""84"", ""subme"": ""3"", ""tu-inter-depth"": ""2"", ""tu-intra-depth"": ""3"", ""weightb"": ""0"", ""weightp"": ""0"", ""wpp"": ""1""}"
x265,bestconfig,7301,single,63,7.24,42.06,7.24,42.40173625946045,"['Standard', '320p', 30, '10s']",0.0,42.40164637565613,0.0,"{""amp"": ""1"", ""aq-mode"": ""3"", ""aq-strength"": ""0.5"", ""b-adapt"": ""2"", ""bframes"": ""2"", ""crf"": ""18.0"", ""ctu"": ""16"", ""keyint"": ""423"", ""limit-refs"": ""2"", ""limit-tu"": ""4"", ""me"": ""dia"", ""merange"": ""48"", ""open-gop"": ""1"", ""psy-rd"": ""3.0"", ""psy-rdoq"": ""2.0"", ""qcomp"": ""0.75"", ""qpmax"": ""43"", ""qpmin"": ""3"", ""rc-lookahead"": ""29"", ""rd"": ""5"", ""rdoq-level"": ""2"", ""rect"": ""1"", ""ref"": ""4"", ""rskip"": ""0"", ""sao"": ""1"", ""scenecut"": ""85"", ""subme"": ""5"", ""tu-inter-depth"": ""2"", ""tu-intra-depth"": ""3"", ""weightb"": ""1"", ""weightp"": ""0"", ""wpp"": ""0""}"
x265,bestconfig,7301,single,64,35.95,8.51,35.95,8.851036548614502,"['Standard', '320p', 30, '10s']",0.0,8.850925207138062,0.0,"{""amp"": ""1"", ""aq-mode"": ""4"", ""aq-strength"": ""0.0"", ""b-adapt"": ""0"", ""bframes"": ""2"", ""crf"": ""20.0"", ""ctu"": ""32"", ""keyint"": ""473"", ""limit-refs"": ""3"", ""limit-tu"": ""3"", ""me"": ""hex"", ""merange"": ""45"", ""open-gop"": ""1"", ""psy-rd"": ""0.0"", ""psy-rdoq"": ""2.5"", ""qcomp"": ""0.6"", ""qpmax"": ""45"", ""qpmin"": ""5"", ""rc-lookahead"": ""27"", ""rd"": ""3"", ""rdoq-level"": ""2"", ""rect"": ""0"", ""ref"": ""5"", ""rskip"": ""0"", ""sao"": ""0"", ""scenecut"": ""79"", ""subme"": ""4"", ""tu-inter-depth"": ""2"", ""tu-intra-depth"": ""2"", ""weightb"": ""1"", ""weightp"": ""1"", ""wpp"": ""0""}"
x265,bestconfig,7301,single,65,65.9,4.67,65.9,5.00524115562439,"['Standard', '320p', 30, '10s']",0.0,5.005151987075806,0.0,"{""amp"": ""0"", ""aq-mode"": ""1"", ""aq-strength"": ""1.5"", ""b-adapt"": ""2"", ""bframes"": ""5"", ""crf"": ""32.0"", ""ctu"": ""32"", ""keyint"": ""278"", ""limit-refs"": ""1"", ""limit-tu"": ""1"", ""me"": ""star"", ""merange"": ""46"", ""open-gop"": ""0"", ""psy-rd"": ""1.0"", ""psy-rdoq"": ""0.0"", ""qcomp"": ""0.7"", ""qpmax"": ""37"", ""qpmin"": ""4"", ""rc-lookahead"": ""57"", ""rd"": ""1"", ""rdoq-level"": ""1"", ""rect"": ""0"", ""ref"": ""3"", ""rskip"": ""0"", ""sao"": ""1"", ""scenecut"": ""78"", ""subme"": ""4"", ""tu-inter-depth"": ""2"", ""tu-intra-depth"": ""2"", ""weightb"": ""0"", ""weightp"": ""1"", ""wpp"": ""1""}"
x265,bestconfig,7301,single,66,7.51,40.54,7.51,40.8901731967926,"['Standard', '320p', 30, '10s']",0.0,40.8900420665741,0.0,"{""amp"": ""1"", ""aq-mode"": ""3"", ""aq-strength"": ""0.5"", ""b-adapt"": ""2"", ""bframes"": ""3"", ""crf"": ""20.0"", ""ctu"": ""16"", ""keyint"": ""435"", ""limit-refs"": ""1"", ""limit-tu"": ""3"", ""me"": ""full"", ""merange"": ""20"", ""open-gop"": ""1"", ""psy-rd"": ""0.0"", ""psy-rdoq"": ""4.5"", ""qcomp"": ""1.0"", ""qpmax"": ""46"", ""qpmin"": ""12"", ""rc-lookahead"": ""23"", ""rd"": ""4"", ""rdoq-level"": ""0"", ""rect"": ""1"", ""ref"": ""5"", ""rskip"": ""0"", ""sao"": ""1"", ""scenecut"": ""33"", ""subme"": ""2"", ""tu-inter-depth"": ""2"", ""tu-intra-depth"": ""2"", ""weightb"": ""0"", ""weightp"": ""0"", ""wpp"": ""1""}"
x265,bestconfig,7301,single,67,36.4,8.41,36.4,8.771388292312622,"['Standard', '320p', 30, '10s']",0.0,8.771298885345459,0.0,"{""amp"": ""0"", ""aq-mode"": ""1"", ""aq-strength"": ""0.8"", ""b-adapt"": ""1"", ""bframes"": ""4"", ""crf"": ""30.0"", ""ctu"": ""32"", ""keyint"": ""177"", ""limit-refs"": ""3"", ""limit-tu"": ""3"", ""me"": ""umh"", ""merange"": ""62"", ""open-gop"": ""0"", ""psy-rd"": ""3.5"", ""psy-rdoq"": ""4.0"", ""qcomp"": ""0.5"", ""qpmax"": ""27"", ""qpmin"": ""19"", ""rc-lookahead"": ""14"", ""rd"": ""3"", ""rdoq-level"": ""1"", ""rect"": ""1"", ""ref"": ""4"", ""rskip"": ""1"", ""sao"": ""1"", ""scenecut"": ""65"", ""subme"": ""2"", ""tu-inter-depth"": ""1"", ""tu-intra-depth"": ""3"", ""weightb"": ""0"", ""weightp"": ""0"", ""wpp"": ""1""}"
x265,bestconfig,7301,single,68,24.46,12.49,24.46,12.859602928161621,"['Standard', '320p', 30, '10s']",0.0,12.859507083892822,0.0,"{""amp"": ""1"", ""aq-mode"": ""3"", ""aq-strength"": ""1.0"", ""b-adapt"": ""1"", ""bframes"": ""7"", ""crf"": ""18.0"", ""ctu"": ""32"", ""keyint"": ""487"", ""limit-refs"": ""1"", ""limit-tu"": ""2"", ""me"": ""hex"", ""merange"": ""41"", ""open-gop"": ""1"", ""psy-rd"": ""2.0"", ""psy-rdoq"": ""3.0"", ""qcomp"": ""0.6"", ""qpmax"": ""29"", ""qpmin"": ""13"", ""rc-lookahead"": ""43"", ""rd"": ""2"", ""rdoq-level"": ""1"", ""rect"": ""1"", ""ref"": ""1"", ""rskip"": ""1"", ""sao"": ""0"", ""scenecut"": ""18"", ""subme"": ""4"", ""tu-inter-depth"": ""4"", ""tu-intra-depth"": ""2"", ""weightb"": ""1"", ""weightp"": ""1"", ""wpp"": ""0""}"
x265,bestconfig,7301,single,69,27.86,10.97,27.86,11.312846183776855,"['Standard', '320p', 30, '10s']",0.0,11.312745571136475,0.0,"{""amp"": ""0"", ""aq-mode"": ""2"", ""aq-strength"": ""2.0"", ""b-adapt"": ""0"", ""bframes"": ""0"", ""crf"": ""22.0"", ""ctu"": ""16"", ""keyint"": ""64"", ""limit-refs"": ""2"", ""limit-tu"": ""1"", ""me"": ""star"", ""merange"": ""32"", ""open-gop"": ""1"", ""psy-rd"": ""2.5"", ""psy-rdoq"": ""0.5"", ""qcomp"": ""0.9"", ""qpmax"": ""32"", ""qpmin"": ""16"", ""rc-lookahead"": ""18"", ""rd"": ""3"", ""rdoq-level"": ""2"", ""rect"": ""0"", ""ref"": ""2"", ""rskip"": ""1"", ""sao"": ""0"", ""scenecut"": ""45"", ""subme"": ""3"", ""tu-inter-depth"": ""3"", ""tu-intra-depth"": ""3"", ""weightb"": ""0"", ""weightp"": ""0"", ""wpp"": ""1""}"
x265,bestconfig,7301,single,70,11.47,26.56,11.47,26.911009073257446,"['Standard', '320p', 30, '10s']",0.0,26.91091775894165,0.0,"{""amp"": ""1"", ""aq-mode"": ""0"", ""aq-strength"": ""1.2"", ""b-adapt"": ""1"", ""bframes"": ""2"", ""crf"": ""18.0"", ""ctu"": ""64"", ""keyint"": ""345"", ""limit-refs"": ""2"", ""limit-tu"": ""4"", ""me"": ""hex"", ""merange"": ""22"", ""open-gop"": ""1"", ""psy-rd"": ""0.5"", ""psy-rdoq"": ""2.0"", ""qcomp"": ""0.75"", ""qpmax"": ""23"", ""qpmin"": ""6"", ""rc-lookahead"": ""40"", ""rd"": ""5"", ""rdoq-level"": ""0"", ""rect"": ""0"", ""ref"": ""4"", ""rskip"": ""0"", ""sao"": ""0"", ""scenecut"": ""60"", ""subme"": ""3"", ""tu-inter-depth"": ""3"", ""tu-intra-depth"": ""4"", ""weightb"": ""1"", ""weightp"": ""0"", ""wpp"": ""0""}"
x265,bestconfig,7301,single,71,34.37,8.9,34.37,9.2465500831604,"['Standard', '320p', 30, '10s']",0.0,9.246462106704712,0.0,"{""amp"": ""1"", ""aq-mode"": ""4"", ""aq-strength"": ""0.0"", ""b-adapt"": ""1"", ""bframes"": ""3"", ""crf"": ""28.0"", ""ctu"": ""16"", ""keyint"": ""259"", ""limit-refs"": ""0"", ""limit-tu"": ""0"", ""me"": ""dia"", ""merange"": ""37"", ""open-gop"": ""0"", ""psy-rd"": ""3.0"", ""psy-rdoq"": ""1.0"", ""qcomp"": ""0.8"", ""qpmax"": ""42"", ""qpmin"": ""8"", ""rc-lookahead"": ""50"", ""rd"": ""4"", ""rdoq-level"": ""2"", ""rect"": ""0"", ""ref"": ""3"", ""rskip"": ""0"", ""sao"": ""0"", ""scenecut"": ""91"", ""subme"": ""5"", ""tu-inter-depth"": ""3"", ""tu-intra-depth"": ""1"", ""weightb"": ""1"", ""weightp"": ""1"", ""wpp"": ""0""}"
x265,bestconfig,7301,single,72,16.63,18.33,16.63,18.671094179153442,"['Standard', '320p', 30, '10s']",0.0,18.67100501060486,0.0,"{""amp"": ""0"", ""aq-mode"": ""2"", ""aq-strength"": ""1.8"", ""b-adapt"": ""0"", ""bframes"": ""7"", ""crf"": ""25.0"", ""ctu"": ""64"", ""keyint"": ""117"", ""limit-refs"": ""2"", ""limit-tu"": ""2"", ""me"": ""dia"", ""merange"": ""55"", ""open-gop"": ""0"", ""psy-rd"": ""1.5"", ""psy-rdoq"": ""2.5"", ""qcomp"": ""0.5"", ""qpmax"": ""48"", ""qpmin"": ""2"", ""rc-lookahead"": ""29"", ""rd"": ""6"", ""rdoq-level"": ""1"", ""rect"": ""1"", ""ref"": ""5"", ""rskip"": ""1"", ""sao"": ""1"", ""scenecut"": ""3"", ""subme"": ""1"", ""tu-inter-depth"": ""2"", ""tu-intra-depth"": ""3"", ""weightb"": ""1"", ""weightp"": ""1"", ""wpp"": ""0""}"
x265,bestconfig,7301,single,73,7.44,40.93,7.44,41.2731659412384,"['Standard', '320p', 30, '10s']",0.0,41.27307200431824,0.0,"{""amp"": ""0"", ""aq-mode"": ""2"", ""aq-strength"": ""1.8"", ""b-adapt"": ""0"", ""bframes"": ""3"", ""crf"": ""18.0"", ""ctu"": ""32"", ""keyint"": ""449"", ""limit-refs"": ""2"", ""limit-tu"": ""3"", ""me"": ""dia"", ""merange"": ""44"", ""open-gop"": ""0"", ""psy-rd"": ""2.5"", ""psy-rdoq"": ""2.5"", ""qcomp"": ""0.5"", ""qpmax"": ""46"", ""qpmin"": ""2"", ""rc-lookahead"": ""24"", ""rd"": ""5"", ""rdoq-level"": ""2"", ""rect"": ""1"", ""ref"": ""5"", ""rskip"": ""1"", ""sao"": ""0"", ""scenecut"": ""79"", ""subme"": ""4"", ""tu-inter-depth"": ""2"", ""tu-intra-depth"": ""3"", ""weightb"": ""0"", ""weightp"": ""0"", ""wpp"": ""0""}"
x265,bestconfig,7301,single,74,45.53,6.78,45.53,7.161911487579346,"['Standard', '320p', 30, '10s']",0.0,7.161823272705078,0.0,"{""amp"": ""1"", ""aq-mode"": ""2"", ""aq-strength"": ""1.5"", ""b-adapt"": ""2"", ""bframes"": ""3"", ""crf"": ""25.0"", ""ctu"": ""32"", ""keyint"": ""444"", ""limit-refs"": ""3"", ""limit-tu"": ""4"", ""me"": ""hex"", ""merange"": ""38"", ""open-gop"": ""1"", ""psy-rd"": ""3.5"", ""psy-rdoq"": ""2.0"", ""qcomp"": ""0.5"", ""qpmax"": ""42"", ""qpmin"": ""6"", ""rc-lookahead"": ""27"", ""rd"": ""4"", ""rdoq-level"": ""1"", ""rect"": ""1"", ""ref"": ""3"", ""rskip"": ""1"", ""sao"": ""1"", ""scenecut"": ""84"", ""subme"": ""4"", ""tu-inter-depth"": ""1"", ""tu-intra-depth"": ""1"", ""weightb"": ""0"", ""weightp"": ""1"", ""wpp"": ""0""}"
x265,bestconfig,7301,single,75,30.8,9.93,30.8,10.279736280441284,"['Standard', '320p', 30, '10s']",0.0,10.279634237289429,0.0,"{""amp"": ""0"", ""aq-mode"": ""4"", ""aq-strength"": ""1.2"", ""b-adapt"": ""2"", ""bframes"": ""4"", ""crf"": ""22.0"", ""ctu"": ""64"", ""keyint"": ""475"", ""limit-refs"": ""3"", ""limit-tu"": ""4"", ""me"": ""star"", ""merange"": ""44"", ""open-gop"": ""0"", ""psy-rd"": ""0.5"", ""psy-rdoq"": ""0.5"", ""qcomp"": ""0.75"", ""qpmax"": ""44"", ""qpmin"": ""3"", ""rc-lookahead"": ""29"", ""rd"": ""3"", ""rdoq-level"": ""2"", ""rect"": ""1"", ""ref"": ""4"", ""rskip"": ""0"", ""sao"": ""1"", ""scenecut"": ""87"", ""subme"": ""3"", ""tu-inter-depth"": ""1"", ""tu-intra-depth"": ""2"", ""weightb"": ""1"", ""weightp"": ""0"", ""wpp"": ""0""}"
x265,bestconfig,7301,single,76,13.94,21.87,13.94,22.266063690185547,"['Standard', '320p', 30, '10s']",0.0,22.265926599502563,0.0,"{""amp"": ""0"", ""aq-mode"": ""3"", ""aq-strength"": ""0.8"", ""b-adapt"": ""1"", ""bframes"": ""4"", ""crf"": ""30.0"", ""ctu"": ""64"", ""keyint"": ""438"", ""limit-refs"": ""3"", ""limit-tu"": ""3"", ""me"": ""full"", ""merange"": ""41"", ""open-gop"": ""1"", ""psy-rd"": ""2.0"", ""psy-rdoq"": ""4.0"", ""qcomp"": ""0.6"", ""qpmax"": ""45"", ""qpmin"": ""4"", ""rc-lookahead"": ""25"", ""rd"": ""4"", ""rdoq-level"": ""2"", ""rect"": ""1"", ""ref"": ""5"", ""rskip"": ""0"", ""sao"": ""0"", ""scenecut"": ""90"", ""subme"": ""5"", ""tu-inter-depth"": ""1"", ""tu-intra-depth"": ""2"", ""weightb"": ""0"", ""weightp"": ""0"", ""wpp"": ""1""}"
x265,bestconfig,7301,single,77,75.08,4.11,75.08,4.432889699935913,"['Standard', '320p', 30, '10s']",0.0,4.432790517807007,0.0,"{""amp"": ""1"", ""aq-mode"": ""3"", ""aq-strength"": ""0.0"", ""b-adapt"": ""1"", ""bframes"": ""3"", ""crf"": ""32.0"", ""ctu"": ""16"", ""keyint"": ""472"", ""limit-refs"": ""2"", ""limit-tu"": ""3"", ""me"": ""star"", ""merange"": ""39"", ""open-gop"": ""1"", ""psy-rd"": ""3.0"", ""psy-rdoq"": ""0.0"", ""qcomp"": ""0.9"", ""qpmax"": ""45"", ""qpmin"": ""3"", ""rc-lookahead"": ""26"", ""rd"": ""3"", ""rdoq-level"": ""1"", ""rect"": ""0"", ""ref"": ""4"", ""rskip"": ""0"", ""sao"": ""1"", ""scenecut"": ""83"", ""subme"": ""5"", ""tu-inter-depth"": ""2"", ""tu-intra-depth"": ""3"", ""weightb"": ""1"", ""weightp"": ""1"", ""wpp"": ""0""}"
x265,bestconfig,7301,single,78,51.27,5.98,51.27,6.320595026016235,"['Standard', '320p', 30, '10s']",0.0,6.3205037117004395,0.0,"{""amp"": ""0"", ""aq-mode"": ""3"", ""aq-strength"": ""0.5"", ""b-adapt"": ""1"", ""bframes"": ""3"", ""crf"": ""28.0"", ""ctu"": ""16"", ""keyint"": ""486"", ""limit-refs"": ""2"", ""limit-tu"": ""3"", ""me"": ""umh"", ""merange"": ""42"", ""open-gop"": ""1"", ""psy-rd"": ""0.0"", ""psy-rdoq"": ""4.5"", ""qcomp"": ""1.0"", ""qpmax"": ""43"", ""qpmin"": ""5"", ""rc-lookahead"": ""23"", ""rd"": ""4"", ""rdoq-level"": ""2"", ""rect"": ""0"", ""ref"": ""4"", ""rskip"": ""0"", ""sao"": ""1"", ""scenecut"": ""80"", ""subme"": ""4"", ""tu-inter-depth"": ""2"", ""tu-intra-depth"": ""1"", ""weightb"": ""1"", ""weightp"": ""1"", ""wpp"": ""1""}"
x265,bestconfig,7301,single,79,39.53,7.75,39.53,8.091613531112671,"['Standard', '320p', 30, '10s']",0.0,8.091520547866821,0.0,"{""amp"": ""1"", ""aq-mode"": ""3"", ""aq-strength"": ""2.0"", ""b-adapt"": ""1"", ""bframes"": ""2"", ""crf"": ""20.0"", ""ctu"": ""16"", ""keyint"": ""465"", ""limit-refs"": ""2"", ""limit-tu"": ""4"", ""me"": ""hex"", ""merange"": ""40"", ""open-gop"": ""0"", ""psy-rd"": ""1.0"", ""psy-rdoq"": ""1.0"", ""qcomp"": ""0.7"", ""qpmax"": ""43"", ""qpmin"": ""4"", ""rc-lookahead"": ""26"", ""rd"": ""4"", ""rdoq-level"": ""1"", ""rect"": ""0"", ""ref"": ""4"", ""rskip"": ""1"", ""sao"": ""0"", ""scenecut"": ""86"", ""subme"": ""3"", ""tu-inter-depth"": ""1"", ""tu-intra-depth"": ""2"", ""weightb"": ""0"", ""weightp"": ""0"", ""wpp"": ""1""}"
x265,bestconfig,7301,single,80,12.73,23.93,12.73,24.27292013168335,"['Standard', '320p', 30, '10s']",0.0,24.27282977104187,0.0,"{""amp"": ""1"", ""aq-mode"": ""4"", ""aq-strength"": ""1.0"", ""b-adapt"": ""0"", ""bframes"": ""2"", ""crf"": ""18.0"", ""ctu"": ""32"", ""keyint"": ""458"", ""limit-refs"": ""3"", ""limit-tu"": ""4"", ""me"": ""dia"", ""merange"": ""46"", ""open-gop"": ""0"", ""psy-rd"": ""1.5"", ""psy-rdoq"": ""3.0"", ""qcomp"": ""0.8"", ""qpmax"": ""44"", ""qpmin"": ""5"", ""rc-lookahead"": ""28"", ""rd"": ""5"", ""rdoq-level"": ""1"", ""rect"": ""0"", ""ref"": ""3"", ""rskip"": ""1"", ""sao"": ""0"", ""scenecut"": ""89"", ""subme"": ""4"", ""tu-inter-depth"": ""2"", ""tu-intra-depth"": ""2"", ""weightb"": ""1"", ""weightp"": ""1"", ""wpp"": ""1""}"
x265,bestconfig,7301,single,81,8.63,35.28,8.63,35.61922287940979,"['Standard', '320p', 30, '10s']",0.0,35.61912679672241,0.0,"{""amp"": ""0"", ""aq-mode"": ""1"", ""aq-strength"": ""0.8"", ""b-adapt"": ""1"", ""bframes"": ""2"", ""crf"": ""18.0"", ""ctu"": ""64"", ""keyint"": ""363"", ""limit-refs"": ""1"", ""limit-tu"": ""1"", ""me"": ""hex"", ""merange"": ""27"", ""open-gop"": ""1"", ""psy-rd"": ""2.5"", ""psy-rdoq"": ""3.0"", ""qcomp"": ""1.0"", ""qpmax"": ""29"", ""qpmin"": ""11"", ""rc-lookahead"": ""13"", ""rd"": ""5"", ""rdoq-level"": ""0"", ""rect"": ""1"", ""ref"": ""3"", ""rskip"": ""1"", ""sao"": ""1"", ""scenecut"": ""3"", ""subme"": ""4"", ""tu-inter-depth"": ""2"", ""tu-intra-depth"": ""2"", ""weightb"": ""1"", ""weightp"": ""1"", ""wpp"": ""0""}"
x265,bestconfig,7301,single,82,18.4,16.58,18.4,16.918757677078247,"['Standard', '320p', 30, '10s']",0.0,16.91867208480835,0.0,"{""amp"": ""1"", ""aq-mode"": ""3"", ""aq-strength"": ""1.5"", ""b-adapt"": ""2"", ""bframes"": ""6"", ""crf"": ""32.0"", ""ctu"": ""32"", ""keyint"": ""466"", ""limit-refs"": ""0"", ""limit-tu"": ""4"", ""me"": ""star"", ""merange"": ""55"", ""open-gop"": ""0"", ""psy-rd"": ""1.0"", ""psy-rdoq"": ""1.0"", ""qcomp"": ""0.8"", ""qpmax"": ""50"", ""qpmin"": ""16"", ""rc-lookahead"": ""23"", ""rd"": ""5"", ""rdoq-level"": ""1"", ""rect"": ""0"", ""ref"": ""6"", ""rskip"": ""0"", ""sao"": ""0"", ""scenecut"": ""19"", ""subme"": ""1"", ""tu-inter-depth"": ""4"", ""tu-intra-depth"": ""2"", ""weightb"": ""0"", ""weightp"": ""0"", ""wpp"": ""0""}"
x265,bestconfig,7301,single,83,107.73,2.88,107.73,3.2240264415740967,"['Standard', '320p', 30, '10s']",0.0,3.2239279747009277,0.0,"{""amp"": ""0"", ""aq-mode"": ""1"", ""aq-strength"": ""1.8"", ""b-adapt"": ""0"", ""bframes"": ""5"", ""crf"": ""20.0"", ""ctu"": ""64"", ""keyint"": ""404"", ""limit-refs"": ""1"", ""limit-tu"": ""2"", ""me"": ""hex"", ""merange"": ""47"", ""open-gop"": ""0"", ""psy-rd"": ""3.5"", ""psy-rdoq"": ""4.5"", ""qcomp"": ""0.5"", ""qpmax"": ""44"", ""qpmin"": ""2"", ""rc-lookahead"": ""36"", ""rd"": ""1"", ""rdoq-level"": ""2"", ""rect"": ""1"", ""ref"": ""4"", ""rskip"": ""1"", ""sao"": ""1"", ""scenecut"": ""58"", ""subme"": ""4"", ""tu-inter-depth"": ""1"", ""tu-intra-depth"": ""4"", ""weightb"": ""1"", ""weightp"": ""0"", ""wpp"": ""1""}"
x265,bestconfig,7301,single,84,54.09,5.68,54.09,6.030218839645386,"['Standard', '320p', 30, '10s']",0.0,6.030129432678223,0.0,"{""amp"": ""0"", ""aq-mode"": ""2"", ""aq-strength"": ""1.2"", ""b-adapt"": ""1"", ""bframes"": ""8"", ""crf"": ""30.0"", ""ctu"": ""32"", ""keyint"": ""194"", ""limit-refs"": ""2"", ""limit-tu"": ""3"", ""me"": ""dia"", ""merange"": ""30"", ""open-gop"": ""0"", ""psy-rd"": ""2.0"", ""psy-rdoq"": ""4.0"", ""qcomp"": ""0.6"", ""qpmax"": ""36"", ""qpmin"": ""3"", ""rc-lookahead"": ""55"", ""rd"": ""3"", ""rdoq-level"": ""1"", ""rect"": ""1"", ""ref"": ""5"", ""rskip"": ""0"", ""sao"": ""0"", ""scenecut"": ""67"", ""subme"": ""2"", ""tu-inter-depth"": ""1"", ""tu-intra-depth"": ""3"", ""weightb"": ""0"", ""weightp"": ""1"", ""wpp"": ""0""}"
x265,bestconfig,7301,single,85,11.05,27.56,11.05,27.91391372680664,"['Standard', '320p', 30, '10s']",0.0,27.91382360458374,0.0,"{""amp"": ""1"", ""aq-mode"": ""0"", ""aq-strength"": ""1.0"", ""b-adapt"": ""0"", ""bframes"": ""3"", ""crf"": ""18.0"", ""ctu"": ""16"", ""keyint"": ""128"", ""limit-refs"": ""3"", ""limit-tu"": ""2"", ""me"": ""star"", ""merange"": ""39"", ""open-gop"": ""0"", ""psy-rd"": ""1.5"", ""psy-rdoq"": ""2.5"", ""qcomp"": ""0.7"", ""qpmax"": ""42"", ""qpmin"": ""7"", ""rc-lookahead"": ""18"", ""rd"": ""6"", ""rdoq-level"": ""2"", ""rect"": ""0"", ""ref"": ""1"", ""rskip"": ""1"", ""sao"": ""1"", ""scenecut"": ""78"", ""subme"": ""2"", ""tu-inter-depth"": ""3"", ""tu-intra-depth"": ""2"", ""weightb"": ""1"", ""weightp"": ""1"", ""wpp"": ""1""}"
x265,bestconfig,7301,single,86,26.23,11.65,26.23,11.996172428131104,"['Standard', '320p', 30, '10s']",0.0,11.99608564376831,0.0,"{""amp"": ""1"", ""aq-mode"": ""4"", ""aq-strength"": ""0.0"", ""b-adapt"": ""1"", ""bframes"": ""2"", ""crf"": ""28.0"", ""ctu"": ""16"", ""keyint"": ""256"", ""limit-refs"": ""3"", ""limit-tu"": ""1"", ""me"": ""dia"", ""merange"": ""41"", ""open-gop"": ""1"", ""psy-rd"": ""3.0"", ""psy-rdoq"": ""0.5"", ""qcomp"": ""0.9"", ""qpmax"": ""22"", ""qpmin"": ""9"", ""rc-lookahead"": ""48"", ""rd"": ""3"", ""rdoq-level"": ""1"", ""rect"": ""0"", ""ref"": ""5"", ""rskip"": ""0"", ""sao"": ""0"", ""scenecut"": ""43"", ""subme"": ""3"", ""tu-inter-depth"": ""3"", ""tu-intra-depth"": ""1"", ""weightb"": ""1"", ""weightp"": ""0"", ""wpp"": ""0""}"
x265,bestconfig,7301,single,87,11.6,26.26,11.6,26.668516159057617,"['Standard', '320p', 30, '10s']",0.0,26.668333292007446,0.0,"{""amp"": ""1"", ""aq-mode"": ""3"", ""aq-strength"": ""0.5"", ""b-adapt"": ""1"", ""bframes"": ""7"", ""crf"": ""22.0"", ""ctu"": ""16"", ""keyint"": ""62"", ""limit-refs"": ""1"", ""limit-tu"": ""0"", ""me"": ""full"", ""merange"": ""21"", ""open-gop"": ""1"", ""psy-rd"": ""0.0"", ""psy-rdoq"": ""0.0"", ""qcomp"": ""0.75"", ""qpmax"": ""34"", ""qpmin"": ""13"", ""rc-lookahead"": ""46"", ""rd"": ""2"", ""rdoq-level"": ""0"", ""rect"": ""1"", ""ref"": ""3"", ""rskip"": ""1"", ""sao"": ""1"", ""scenecut"": ""98"", ""subme"": ""5"", ""tu-inter-depth"": ""2"", ""tu-intra-depth"": ""3"", ""weightb"": ""0"", ""weightp"": ""1"", ""wpp"": ""1""}"
x265,bestconfig,7301,single,88,32.48,9.41,32.48,9.760155200958252,"['Standard', '320p', 30, '10s']",0.0,9.760069370269775,0.0,"{""amp"": ""0"", ""aq-mode"": ""2"", ""aq-strength"": ""2.0"", ""b-adapt"": ""2"", ""bframes"": ""0"", ""crf"": ""25.0"", ""ctu"": ""32"", ""keyint"": ""312"", ""limit-refs"": ""2"", ""limit-tu"": ""3"", ""me"": ""umh"", ""merange"": ""60"", ""open-gop"": ""1"", ""psy-rd"": ""0.5"", ""psy-rdoq"": ""2.0"", ""qcomp"": ""0.5"", ""qpmax"": ""27"", ""qpmin"": ""18"", ""rc-lookahead"": ""30"", ""rd"": ""4"", ""rdoq-level"": ""1"", ""rect"": ""0"", ""ref"": ""2"", ""rskip"": ""0"", ""sao"": ""0"", ""scenecut"": ""37"", ""subme"": ""3"", ""tu-inter-depth"": ""3"", ""tu-intra-depth"": ""3"", ""weightb"": ""0"", ""weightp"": ""0"", ""wpp"": ""1""}"
x265,bestconfig,7301,single,89,34.47,8.88,34.47,9.230673789978027,"['Standard', '320p', 30, '10s']",0.0,9.230585813522339,0.0,"{""amp"": ""1"", ""aq-mode"": ""4"", ""aq-strength"": ""0.5"", ""b-adapt"": ""0"", ""bframes"": ""3"", ""crf"": ""22.0"", ""ctu"": ""64"", ""keyint"": ""464"", ""limit-refs"": ""2"", ""limit-tu"": ""3"", ""me"": ""dia"", ""merange"": ""41"", ""open-gop"": ""1"", ""psy-rd"": ""3.0"", ""psy-rdoq"": ""1.0"", ""qcomp"": ""0.8"", ""qpmax"": ""46"", ""qpmin"": ""7"", ""rc-lookahead"": ""25"", ""rd"": ""3"", ""rdoq-level"": ""1"", ""rect"": ""0"", ""ref"": ""5"", ""rskip"": ""0"", ""sao"": ""0"", ""scenecut"": ""95"", ""subme"": ""4"", ""tu-inter-depth"": ""2"", ""tu-intra-depth"": ""1"", ""weightb"": ""0"", ""weightp"": ""0"", ""wpp"": ""1""}"
x265,bestconfig,7301,single,90,11.15,27.33,11.15,27.671090364456177,"['Standard', '320p', 30, '10s']",0.0,27.67100167274475,0.0,"{""amp"": ""1"", ""aq-mode"": ""3"", ""aq-strength"": ""0.8"", ""b-adapt"": ""2"", ""bframes"": ""3"", ""crf"": ""32.0"", ""ctu"": ""32"", ""keyint"": ""421"", ""limit-refs"": ""2"", ""limit-tu"": ""4"", ""me"": ""full"", ""merange"": ""46"", ""open-gop"": ""0"", ""psy-rd"": ""0.0"", ""psy-rdoq"": ""0.0"", ""qcomp"": ""1.0"", ""qpmax"": ""48"", ""qpmin"": ""5"", ""rc-lookahead"": ""27"", ""rd"": ""3"", ""rdoq-level"": ""2"", ""rect"": ""1"", ""ref"": ""3"", ""rskip"": ""1"", ""sao"": ""1"", ""scenecut"": ""88"", ""subme"": ""5"", ""tu-inter-depth"": ""1"", ""tu-intra-depth"": ""2"", ""weightb"": ""0"", ""weightp"": ""1"", ""wpp"": ""0""}"
x265,bestconfig,7301,single,91,41.81,7.33,41.81,7.671457290649414,"['Standard', '320p', 30, '10s']",0.0,7.67136812210083,0.0,"{""amp"": ""1"", ""aq-mode"": ""3"", ""aq-strength"": ""1.2"", ""b-adapt"": ""1"", ""bframes"": ""3"", ""crf"": ""20.0"", ""ctu"": ""16"", ""keyint"": ""417"", ""limit-refs"": ""3"", ""limit-tu"": ""3"", ""me"": ""star"", ""merange"": ""44"", ""open-gop"": ""1"", ""psy-rd"": ""1.5"", ""psy-rdoq"": ""4.0"", ""qcomp"": ""0.5"", ""qpmax"": ""43"", ""qpmin"": ""3"", ""rc-lookahead"": ""26"", ""rd"": ""4"", ""rdoq-level"": ""1"", ""rect"": ""0"", ""ref"": ""4"", ""rskip"": ""1"", ""sao"": ""1"", ""scenecut"": ""92"", ""subme"": ""5"", ""tu-inter-depth"": ""2"", ""tu-intra-depth"": ""3"", ""weightb"": ""1"", ""weightp"": ""1"", ""wpp"": ""1""}"
x265,bestconfig,7301,single,92,31.82,9.61,31.82,9.944385766983032,"['Standard', '320p', 30, '10s']",0.0,9.944297790527344,0.0,"{""amp"": ""0"", ""aq-mode"": ""3"", ""aq-strength"": ""2.0"", ""b-adapt"": ""2"", ""bframes"": ""5"", ""crf"": ""18.0"", ""ctu"": ""32"", ""keyint"": ""434"", ""limit-refs"": ""3"", ""limit-tu"": ""4"", ""me"": ""dia"", ""merange"": ""40"", ""open-gop"": ""1"", ""psy-rd"": ""3.5"", ""psy-rdoq"": ""0.5"", ""qcomp"": ""0.75"", ""qpmax"": ""46"", ""qpmin"": ""4"", ""rc-lookahead"": ""23"", ""rd"": ""4"", ""rdoq-level"": ""1"", ""rect"": ""0"", ""ref"": ""4"", ""rskip"": ""0"", ""sao"": ""0"", ""scenecut"": ""86"", ""subme"": ""4"", ""tu-inter-depth"": ""2"", ""tu-intra-depth"": ""2"", ""weightb"": ""0"", ""weightp"": ""0"", ""wpp"": ""1""}"
x265,bestconfig,7301,single,93,57.0,5.39,57.0,5.735992431640625,"['Standard', '320p', 30, '10s']",0.0,5.735903263092041,0.0,"{""amp"": ""1"", ""aq-mode"": ""2"", ""aq-strength"": ""1.5"", ""b-adapt"": ""0"", ""bframes"": ""4"", ""crf"": ""30.0"", ""ctu"": ""16"", ""keyint"": ""446"", ""limit-refs"": ""3"", ""limit-tu"": ""4"", ""me"": ""hex"", ""merange"": ""42"", ""open-gop"": ""1"", ""psy-rd"": ""2.0"", ""psy-rdoq"": ""2.0"", ""qcomp"": ""0.9"", ""qpmax"": ""43"", ""qpmin"": ""5"", ""rc-lookahead"": ""29"", ""rd"": ""4"", ""rdoq-level"": ""2"", ""rect"": ""1"", ""ref"": ""3"", ""rskip"": ""0"", ""sao"": ""0"", ""scenecut"": ""85"", ""subme"": ""4"", ""tu-inter-depth"": ""1"", ""tu-intra-depth"": ""1"", ""weightb"": ""0"", ""weightp"": ""1"", ""wpp"": ""0""}"
x265,bestconfig,7301,single,94,15.33,19.89,15.33,20.23327922821045,"['Standard', '320p', 30, '10s']",0.0,20.233185529708862,0.0,"{""amp"": ""0"", ""aq-mode"": ""3"", ""aq-strength"": ""1.0"", ""b-adapt"": ""1"", ""bframes"": ""4"", ""crf"": ""25.0"", ""ctu"": ""64"", ""keyint"": ""442"", ""limit-refs"": ""3"", ""limit-tu"": ""3"", ""me"": ""star"", ""merange"": ""40"", ""open-gop"": ""0"", ""psy-rd"": ""1.0"", ""psy-rdoq"": ""4.5"", ""qcomp"": ""0.6"", ""qpmax"": ""50"", ""qpmin"": ""6"", ""rc-lookahead"": ""28"", ""rd"": ""5"", ""rdoq-level"": ""1"", ""rect"": ""1"", ""ref"": ""5"", ""rskip"": ""1"", ""sao"": ""0"", ""scenecut"": ""97"", ""subme"": ""3"", ""tu-inter-depth"": ""1"", ""tu-intra-depth"": ""3"", ""weightb"": ""1"", ""weightp"": ""0"", ""wpp"": ""1""}"
x265,bestconfig,7301,single,95,14.07,21.66,14.07,22.001391410827637,"['Standard', '320p', 30, '10s']",0.0,22.00130009651184,0.0,"{""amp"": ""0"", ""aq-mode"": ""4"", ""aq-strength"": ""1.8"", ""b-adapt"": ""1"", ""bframes"": ""2"", ""crf"": ""18.0"", ""ctu"": ""16"", ""keyint"": ""451"", ""limit-refs"": ""2"", ""limit-tu"": ""3"", ""me"": ""hex"", ""merange"": ""46"", ""open-gop"": ""0"", ""psy-rd"": ""0.5"", ""psy-rdoq"": ""2.5"", ""qcomp"": ""0.7"", ""qpmax"": ""47"", ""qpmin"": ""6"", ""rc-lookahead"": ""30"", ""rd"": ""5"", ""rdoq-level"": ""2"", ""rect"": ""0"", ""ref"": ""4"", ""rskip"": ""0"", ""sao"": ""1"", ""scenecut"": ""83"", ""subme"": ""4"", ""tu-inter-depth"": ""2"", ""tu-intra-depth"": ""2"", ""weightb"": ""1"", ""weightp"": ""0"", ""wpp"": ""0""}"
x265,bestconfig,7301,single,96,51.63,5.95,51.63,6.295929908752441,"['Standard', '320p', 30, '10s']",0.0,6.29583740234375,0.0,"{""amp"": ""0"", ""aq-mode"": ""2"", ""aq-strength"": ""0.0"", ""b-adapt"": ""1"", ""bframes"": ""4"", ""crf"": ""28.0"", ""ctu"": ""32"", ""keyint"": ""410"", ""limit-refs"": ""2"", ""limit-tu"": ""4"", ""me"": ""umh"", ""merange"": ""45"", ""open-gop"": ""0"", ""psy-rd"": ""2.5"", ""psy-rdoq"": ""3.0"", ""qcomp"": ""0.5"", ""qpmax"": ""45"", ""qpmin"": ""4"", ""rc-lookahead"": ""26"", ""rd"": ""4"", ""rdoq-level"": ""2"", ""rect"": ""1"", ""ref"": ""4"", ""rskip"": ""1"", ""sao"": ""1"", ""scenecut"": ""80"", ""subme"": ""3"", ""tu-inter-depth"": ""1"", ""tu-intra-depth"": ""2"", ""weightb"": ""1"", ""weightp"": ""1"", ""wpp"": ""0""}"
x265,bestconfig,7301,single,97,30.67,9.97,30.67,10.308003664016724,"['Standard', '320p', 30, '10s']",0.0,10.307918310165405,0.0,"{""amp"": ""1"", ""aq-mode"": ""3"", ""aq-strength"": ""1.5"", ""b-adapt"": ""1"", ""bframes"": ""3"", ""crf"": ""18.0"", ""ctu"": ""32"", ""keyint"": ""347"", ""limit-refs"": ""0"", ""limit-tu"": ""1"", ""me"": ""star"", ""merange"": ""27"", ""open-gop"": ""1"", ""psy-rd"": ""0.0"", ""psy-rdoq"": ""4.5"", ""qcomp"": ""0.8"", ""qpmax"": ""24"", ""qpmin"": ""15"", ""rc-lookahead"": ""11"", ""rd"": ""1"", ""rdoq-level"": ""1"", ""rect"": ""0"", ""ref"": ""2"", ""rskip"": ""0"", ""sao"": ""0"", ""scenecut"": ""42"", ""subme"": ""4"", ""tu-inter-depth"": ""3"", ""tu-intra-depth"": ""2"", ""weightb"": ""0"", ""weightp"": ""1"", ""wpp"": ""1""}"
x265,bestconfig,7301,single,98,2.99,101.71,2.99,102.06008768081665,"['Standard', '320p', 30, '10s']",0.0,102.05998635292053,0.0,"{""amp"": ""1"", ""aq-mode"": ""1"", ""aq-strength"": ""1.0"", ""b-adapt"": ""1"", ""bframes"": ""5"", ""crf"": ""18.0"", ""ctu"": ""16"", ""keyint"": ""48"", ""limit-refs"": ""1"", ""limit-tu"": ""0"", ""me"": ""full"", ""merange"": ""44"", ""open-gop"": ""0"", ""psy-rd"": ""0.5"", ""psy-rdoq"": ""2.0"", ""qcomp"": ""0.5"", ""qpmax"": ""38"", ""qpmin"": ""8"", ""rc-lookahead"": ""19"", ""rd"": ""5"", ""rdoq-level"": ""1"", ""rect"": ""1"", ""ref"": ""1"", ""rskip"": ""1"", ""sao"": ""0"", ""scenecut"": ""67"", ""subme"": ""2"", ""tu-inter-depth"": ""3"", ""tu-intra-depth"": ""2"", ""weightb"": ""0"", ""weightp"": ""0"", ""wpp"": ""1""}"
x265,bestconfig,7301,single,99,5.45,55.88,5.45,56.22332453727722,"['Standard', '320p', 30, '10s']",0.0,56.223228454589844,0.0,"{""amp"": ""1"", ""aq-mode"": ""3"", ""aq-strength"": ""1.2"", ""b-adapt"": ""1"", ""bframes"": ""1"", ""crf"": ""32.0"", ""ctu"": ""64"", ""keyint"": ""430"", ""limit-refs"": ""3"", ""limit-tu"": ""2"", ""me"": ""dia"", ""merange"": ""33"", ""open-gop"": ""1"", ""psy-rd"": ""3.0"", ""psy-rdoq"": ""4.0"", ""qcomp"": ""1.0"", ""qpmax"": ""22"", ""qpmin"": ""4"", ""rc-lookahead"": ""45"", ""rd"": ""5"", ""rdoq-level"": ""1"", ""rect"": ""0"", ""ref"": ""6"", ""rskip"": ""0"", ""sao"": ""1"", ""scenecut"": ""97"", ""subme"": ""4"", ""tu-inter-depth"": ""3"", ""tu-intra-depth"": ""4"", ""weightb"": ""1"", ""weightp"": ""0"", ""wpp"": ""1""}"
x265,bestconfig,7301,single,100,26.41,11.58,26.41,11.926872968673706,"['Standard', '320p', 30, '10s']",0.0,11.926782131195068,0.0,"{""amp"": ""0"", ""aq-mode"": ""2"", ""aq-strength"": ""2.0"", ""b-adapt"": ""2"", ""bframes"": ""7"", ""crf"": ""28.0"", ""ctu"": ""16"", ""keyint"": ""188"", ""limit-refs"": ""3"", ""limit-tu"": ""3"", ""me"": ""hex"", ""merange"": ""20"", ""open-gop"": ""0"", ""psy-rd"": ""1.0"", ""psy-rdoq"": ""3.0"", ""qcomp"": ""0.9"", ""qpmax"": ""50"", ""qpmin"": ""11"", ""rc-lookahead"": ""29"", ""rd"": ""6"", ""rdoq-level"": ""0"", ""rect"": ""1"", ""ref"": ""3"", ""rskip"": ""0"", ""sao"": ""1"", ""scenecut"": ""21"", ""subme"": ""2"", ""tu-inter-depth"": ""1"", ""tu-intra-depth"": ""3"", ""weightb"": ""0"", ""weightp"": ""0"", ""wpp"": ""0""}"
x265,bestconfig,7301,single,101,80.1,3.86,80.1,4.197154998779297,"['Standard', '320p', 30, '10s']",0.0,4.197066068649292,0.0,"{""amp"": ""0"", ""aq-mode"": ""4"", ""aq-strength"": ""0.0"", ""b-adapt"": ""0"", ""bframes"": ""6"", ""crf"": ""25.0"", ""ctu"": ""64"", ""keyint"": ""468"", ""limit-refs"": ""2"", ""limit-tu"": ""3"", ""me"": ""hex"", ""merange"": ""49"", ""open-gop"": ""1"", ""psy-rd"": ""1.5"", ""psy-rdoq"": ""0.0"", ""qcomp"": ""0.6"", ""qpmax"": ""41"", ""qpmin"": ""16"", ""rc-lookahead"": ""51"", ""rd"": ""2"", ""rdoq-level"": ""0"", ""rect"": ""1"", ""ref"": ""5"", ""rskip"": ""1"", ""sao"": ""0"", ""scenecut"": ""0"", ""subme"": ""3"", ""tu-inter-depth"": ""2"", ""tu-intra-depth"": ""1"", ""weightb"": ""1"", ""weightp"": ""1"", ""wpp"": ""0""}"
x265,bestconfig,7301,single,102,66.27,4.65,66.27,4.9811766147613525,"['Standard', '320p', 30, '10s']",0.0,4.981087923049927,0.0,"{""amp"": ""0"", ""aq-mode"": ""2"", ""aq-strength"": ""0.8"", ""b-adapt"": ""2"", ""bframes"": ""7"", ""crf"": ""30.0"", ""ctu"": ""32"", ""keyint"": ""108"", ""limit-refs"": ""2"", ""limit-tu"": ""2"", ""me"": ""dia"", ""merange"": ""56"", ""open-gop"": ""1"", ""psy-rd"": ""2.0"", ""psy-rdoq"": ""0.5"", ""qcomp"": ""0.5"", ""qpmax"": ""45"", ""qpmin"": ""18"", ""rc-lookahead"": ""55"", ""rd"": ""4"", ""rdoq-level"": ""2"", ""rect"": ""0"", ""ref"": ""5"", ""rskip"": ""1"", ""sao"": ""1"", ""scenecut"": ""32"", ""subme"": ""1"", ""tu-inter-depth"": ""1"", ""tu-intra-depth"": ""3"", ""weightb"": ""1"", ""weightp"": ""1"", ""wpp"": ""1""}"
x265,bestconfig,7301,single,103,63.02,4.89,63.02,5.226325988769531,"['Standard', '320p', 30, '10s']",0.0,5.226232051849365,0.0,"{""amp"": ""1"", ""aq-mode"": ""1"", ""aq-strength"": ""1.8"", ""b-adapt"": ""1"", ""bframes"": ""2"", ""crf"": ""22.0"", ""ctu"": ""16"", ""keyint"": ""283"", ""limit-refs"": ""1"", ""limit-tu"": ""1"", ""me"": ""star"", ""merange"": ""62"", ""open-gop"": ""0"", ""psy-rd"": ""2.5"", ""psy-rdoq"": ""1.0"", ""qcomp"": ""0.75"", ""qpmax"": ""31"", ""qpmin"": ""7"", ""rc-lookahead"": ""27"", ""rd"": ""2"", ""rdoq-level"": ""1"", ""rect"": ""0"", ""ref"": ""4"", ""rskip"": ""1"", ""sao"": ""0"", ""scenecut"": ""76"", ""subme"": ""5"", ""tu-inter-depth"": ""2"", ""tu-intra-depth"": ""1"", ""weightb"": ""1"", ""weightp"": ""1"", ""wpp"": ""0""}"
x265,bestconfig,7301,single,104,20.52,14.87,20.52,15.203300952911377,"['Standard', '320p', 30, '10s']",0.0,15.203214883804321,0.0,"{""amp"": ""0"", ""aq-mode"": ""0"", ""aq-strength"": ""0.5"", ""b-adapt"": ""0"", ""bframes"": ""1"", ""crf"": ""20.0"", ""ctu"": ""32"", ""keyint"": ""203"", ""limit-refs"": ""1"", ""limit-tu"": ""4"", ""me"": ""umh"", ""merange"": ""40"", ""open-gop"": ""0"", ""psy-rd"": ""3.5"", ""psy-rdoq"": ""2.5"", ""qcomp"": ""0.7"", ""qpmax"": ""33"", ""qpmin"": ""2"", ""rc-lookahead"": ""39"", ""rd"": ""3"", ""rdoq-level"": ""2"", ""rect"": ""1"", ""ref"": ""2"", ""rskip"": ""0"", ""sao"": ""1"", ""scenecut"": ""51"", ""subme"": ""3"", ""tu-inter-depth"": ""3"", ""tu-intra-depth"": ""3"", ""weightb"": ""0"", ""weightp"": ""0"", ""wpp"": ""0""}"
x265,bestconfig,7301,single,105,39.88,7.68,39.88,8.024272680282593,"['Standard', '320p', 30, '10s']",0.0,8.024184465408325,0.0,"{""amp"": ""0"", ""aq-mode"": ""4"", ""aq-strength"": ""1.8"", ""b-adapt"": ""2"", ""bframes"": ""3"", ""crf"": ""18.0"", ""ctu"": ""32"", ""keyint"": ""459"", ""limit-refs"": ""2"", ""limit-tu"": ""4"", ""me"": ""dia"", ""merange"": ""44"", ""open-gop"": ""1"", ""psy-rd"": ""3.0"", ""psy-rdoq"": ""4.0"", ""qcomp"": ""0.6"", ""qpmax"": ""45"", ""qpmin"": ""5"", ""rc-lookahead"": ""25"", ""rd"": ""4"", ""rdoq-level"": ""2"", ""rect"": ""0"", ""ref"": ""3"", ""rskip"": ""1"", ""sao"": ""1"", ""scenecut"": ""93"", ""subme"": ""3"", ""tu-inter-depth"": ""2"", ""tu-intra-depth"": ""2"", ""weightb"": ""1"", ""weightp"": ""0"", ""wpp"": ""1""}"
x265,bestconfig,7301,single,106,26.12,11.7,26.12,12.03081750869751,"['Standard', '320p', 30, '10s']",0.0,12.030723333358765,0.0,"{""amp"": ""1"", ""aq-mode"": ""3"", ""aq-strength"": ""0.5"", ""b-adapt"": ""2"", ""bframes"": ""2"", ""crf"": ""32.0"", ""ctu"": ""64"", ""keyint"": ""430"", ""limit-refs"": ""3"", ""limit-tu"": ""4"", ""me"": ""hex"", ""merange"": ""42"", ""open-gop"": ""0"", ""psy-rd"": ""0.0"", ""psy-rdoq"": ""2.5"", ""qcomp"": ""0.9"", ""qpmax"": ""43"", ""qpmin"": ""5"", ""rc-lookahead"": ""26"", ""rd"": ""5"", ""rdoq-level"": ""1"", ""rect"": ""1"", ""ref"": ""3"", ""rskip"": ""1"", ""sao"": ""0"", ""scenecut"": ""77"", ""subme"": ""4"", ""tu-inter-depth"": ""1"", ""tu-intra-depth"": ""3"", ""weightb"": ""1"", ""weightp"": ""1"", ""wpp"": ""0""}"
x265,bestconfig,7301,single,107,32.93,9.28,32.93,9.623452186584473,"['Standard', '320p', 30, '10s']",0.0,9.623362302780151,0.0,"{""amp"": ""1"", ""aq-mode"": ""3"", ""aq-strength"": ""1.0"", ""b-adapt"": ""1"", ""bframes"": ""3"", ""crf"": ""18.0"", ""ctu"": ""16"", ""keyint"": ""452"", ""limit-refs"": ""2"", ""limit-tu"": ""3"", ""me"": ""star"", ""merange"": ""40"", ""open-gop"": ""0"", ""psy-rd"": ""0.5"", ""psy-rdoq"": ""2.0"", ""qcomp"": ""0.75"", ""qpmax"": ""43"", ""qpmin"": ""3"", ""rc-lookahead"": ""19"", ""rd"": ""3"", ""rdoq-level"": ""1"", ""rect"": ""0"", ""ref"": ""4"", ""rskip"": ""0"", ""sao"": ""0"", ""scenecut"": ""87"", ""subme"": ""3"", ""tu-inter-depth"": ""2"", ""tu-intra-depth"": ""2"", ""weightb"": ""1"", ""weightp"": ""1"", ""wpp"": ""1""}"
x265,bestconfig,7301,single,108,47.62,6.44,47.62,6.862872362136841,"['Standard', '320p', 30, '10s']",0.0,6.862783670425415,0.0,"{""amp"": ""0"", ""aq-mode"": ""3"", ""aq-strength"": ""2.0"", ""b-adapt"": ""1"", ""bframes"": ""4"", ""crf"": ""30.0"", ""ctu"": ""64"", ""keyint"": ""447"", ""limit-refs"": ""3"", ""limit-tu"": ""4"", ""me"": ""hex"", ""merange"": ""41"", ""open-gop"": ""1"", ""psy-rd"": ""2.0"", ""psy-rdoq"": ""4.5"", ""qcomp"": ""0.5"", ""qpmax"": ""42"", ""qpmin"": ""6"", ""rc-lookahead"": ""24"", ""rd"": ""3"", ""rdoq-level"": ""2"", ""rect"": ""1"", ""ref"": ""5"", ""rskip"": ""0"", ""sao"": ""1"", ""scenecut"": ""97"", ""subme"": ""5"", ""tu-inter-depth"": ""1"", ""tu-intra-depth"": ""1"", ""weightb"": ""0"", ""weightp"": ""1"", ""wpp"": ""0""}"
x265,bestconfig,7301,single,109,36.61,8.4,36.61,8.971868515014648,"['Standard', '320p', 30, '10s']",0.0,8.97176718711853,0.0,"{""amp"": ""1"", ""aq-mode"": ""2"", ""aq-strength"": ""1.5"", ""b-adapt"": ""1"", ""bframes"": ""5"", ""crf"": ""22.0"", ""ctu"": ""32"", ""keyint"": ""441"", ""limit-refs"": ""3"", ""limit-tu"": ""3"", ""me"": ""dia"", ""merange"": ""43"", ""open-gop"": ""1"", ""psy-rd"": ""3.5"", ""psy-rdoq"": ""0.0"", ""qcomp"": ""1.0"", ""qpmax"": ""41"", ""qpmin"": ""4"", ""rc-lookahead"": ""23"", ""rd"": ""4"", ""rdoq-level"": ""1"", ""rect"": ""0"", ""ref"": ""4"", ""rskip"": ""1"", ""sao"": ""0"", ""scenecut"": ""89"", ""subme"": ""4"", ""tu-inter-depth"": ""2"", ""tu-intra-depth"": ""2"", ""weightb"": ""0"", ""weightp"": ""1"", ""wpp"": ""0""}"
x265,bestconfig,7301,single,110,66.47,4.63,66.47,4.982986927032471,"['Standard', '320p', 30, '10s']",0.0,4.982899904251099,0.0,"{""amp"": ""0"", ""aq-mode"": ""2"", ""aq-strength"": ""1.2"", ""b-adapt"": ""0"", ""bframes"": ""4"", ""crf"": ""28.0"", ""ctu"": ""16"", ""keyint"": ""466"", ""limit-refs"": ""2"", ""limit-tu"": ""4"", ""me"": ""star"", ""merange"": ""43"", ""open-gop"": ""0"", ""psy-rd"": ""2.5"", ""psy-rdoq"": ""1.0"", ""qcomp"": ""0.7"", ""qpmax"": ""42"", ""qpmin"": ""2"", ""rc-lookahead"": ""28"", ""rd"": ""4"", ""rdoq-level"": ""1"", ""rect"": ""0"", ""ref"": ""5"", ""rskip"": ""0"", ""sao"": ""1"", ""scenecut"": ""86"", ""subme"": ""4"", ""tu-inter-depth"": ""1"", ""tu-intra-depth"": ""3"", ""weightb"": ""0"", ""weightp"": ""0"", ""wpp"": ""0""}"
x265,bestconfig,7301,single,111,4.73,64.27,4.73,64.59716749191284,"['Standard', '320p', 30, '10s']",0.0,64.5970721244812,0.0,"{""amp"": ""1"", ""aq-mode"": ""3"", ""aq-strength"": ""0.8"", ""b-adapt"": ""0"", ""bframes"": ""2"", ""crf"": ""20.0"", ""ctu"": ""16"", ""keyint"": ""435"", ""limit-refs"": ""2"", ""limit-tu"": ""3"", ""me"": ""full"", ""merange"": ""42"", ""open-gop"": ""1"", ""psy-rd"": ""1.5"", ""psy-rdoq"": ""0.5"", ""qcomp"": ""0.8"", ""qpmax"": ""44"", ""qpmin"": ""4"", ""rc-lookahead"": ""28"", ""rd"": ""4"", ""rdoq-level"": ""2"", ""rect"": ""1"", ""ref"": ""4"", ""rskip"": ""0"", ""sao"": ""1"", ""scenecut"": ""79"", ""subme"": ""4"", ""tu-inter-depth"": ""2"", ""tu-intra-depth"": ""2"", ""weightb"": ""1"", ""weightp"": ""0"", ""wpp"": ""1""}"
x265,bestconfig,7301,single,112,14.87,20.53,14.87,20.9228413105011,"['Standard', '320p', 30, '10s']",0.0,20.922741889953613,0.0,"{""amp"": ""0"", ""aq-mode"": ""4"", ""aq-strength"": ""0.0"", ""b-adapt"": ""1"", ""bframes"": ""4"", ""crf"": ""25.0"", ""ctu"": ""32"", ""keyint"": ""456"", ""limit-refs"": ""3"", ""limit-tu"": ""3"", ""me"": ""umh"", ""merange"": ""41"", ""open-gop"": ""0"", ""psy-rd"": ""1.0"", ""psy-rdoq"": ""3.0"", ""qcomp"": ""0.5"", ""qpmax"": ""44"", ""qpmin"": ""7"", ""rc-lookahead"": ""20"", ""rd"": ""5"", ""rdoq-level"": ""2"", ""rect"": ""1"", ""ref"": ""4"", ""rskip"": ""1"", ""sao"": ""0"", ""scenecut"": ""82"", ""subme"": ""5"", ""tu-inter-depth"": ""1"", ""tu-intra-depth"": ""1"", ""weightb"": ""0"", ""weightp"": ""0"", ""wpp"": ""1""}"
x265,bestconfig,7301,single,113,73.21,4.21,73.21,4.537006855010986,"['Standard', '320p', 30, '10s']",0.0,4.5369226932525635,0.0,"{""amp"": ""1"", ""aq-mode"": ""2"", ""aq-strength"": ""1.8"", ""b-adapt"": ""2"", ""bframes"": ""7"", ""crf"": ""30.0"", ""ctu"": ""16"", ""keyint"": ""132"", ""limit-refs"": ""3"", ""limit-tu"": ""1"", ""me"": ""star"", ""merange"": ""36"", ""open-gop"": ""0"", ""psy-rd"": ""0.0"", ""psy-rdoq"": ""4.5"", ""qcomp"": ""0.8"", ""qpmax"": ""42"", ""qpmin"": ""13"", ""rc-lookahead"": ""57"", ""rd"": ""2"", ""rdoq-level"": ""0"", ""rect"": ""0"", ""ref"": ""5"", ""rskip"": ""1"", ""sao"": ""1"", ""scenecut"": ""31"", ""subme"": ""4"", ""tu-inter-depth"": ""3"", ""tu-intra-depth"": ""2"", ""weightb"": ""0"", ""weightp"": ""0"", ""wpp"": ""1""}"
x265,bestconfig,7301,single,114,9.17,33.21,9.17,33.550161361694336,"['Standard', '320p', 30, '10s']",0.0,33.550065994262695,0.0,"{""amp"": ""0"", ""aq-mode"": ""1"", ""aq-strength"": ""1.0"", ""b-adapt"": ""0"", ""bframes"": ""0"", ""crf"": ""22.0"", ""ctu"": ""16"", ""keyint"": ""340"", ""limit-refs"": ""0"", ""limit-tu"": ""0"", ""me"": ""hex"", ""merange"": ""51"", ""open-gop"": ""1"", ""psy-rd"": ""2.0"", ""psy-rdoq"": ""2.5"", ""qcomp"": ""0.9"", ""qpmax"": ""49"", ""qpmin"": ""17"", ""rc-lookahead"": ""27"", ""rd"": ""5"", ""rdoq-level"": ""1"", ""rect"": ""1"", ""ref"": ""1"", ""rskip"": ""0"", ""sao"": ""1"", ""scenecut"": ""56"", ""subme"": ""4"", ""tu-inter-depth"": ""2"", ""tu-intra-depth"": ""3"", ""weightb"": ""0"", ""weightp"": ""1"", ""wpp"": ""0""}"
x265,bestconfig,7301,single,115,18.99,16.07,18.99,16.4160418510437,"['Standard', '320p', 30, '10s']",0.0,16.415951013565063,0.0,"{""amp"": ""0"", ""aq-mode"": ""3"", ""aq-strength"": ""1.5"", ""b-adapt"": ""1"", ""bframes"": ""4"", ""crf"": ""18.0"", ""ctu"": ""32"", ""keyint"": ""426"", ""limit-refs"": ""2"", ""limit-tu"": ""1"", ""me"": ""hex"", ""merange"": ""28"", ""open-gop"": ""0"", ""psy-rd"": ""1.0"", ""psy-rdoq"": ""0.5"", ""qcomp"": ""0.7"", ""qpmax"": ""45"", ""qpmin"": ""11"", ""rc-lookahead"": ""18"", ""rd"": ""4"", ""rdoq-level"": ""1"", ""rect"": ""0"", ""ref"": ""5"", ""rskip"": ""1"", ""sao"": ""0"", ""scenecut"": ""66"", ""subme"": ""5"", ""tu-inter-depth"": ""4"", ""tu-intra-depth"": ""3"", ""weightb"": ""1"", ""weightp"": ""1"", ""wpp"": ""1""}"
x265,bestconfig,7301,single,116,1.09,278.46,1.09,278.801118850708,"['Standard', '320p', 30, '10s']",0.0,278.80100870132446,0.0,"{""amp"": ""1"", ""aq-mode"": ""4"", ""aq-strength"": ""0.0"", ""b-adapt"": ""1"", ""bframes"": ""5"", ""crf"": ""20.0"", ""ctu"": ""32"", ""keyint"": ""492"", ""limit-refs"": ""2"", ""limit-tu"": ""2"", ""me"": ""full"", ""merange"": ""43"", ""open-gop"": ""0"", ""psy-rd"": ""1.5"", ""psy-rdoq"": ""0.0"", ""qcomp"": ""0.6"", ""qpmax"": ""25"", ""qpmin"": ""2"", ""rc-lookahead"": ""39"", ""rd"": ""6"", ""rdoq-level"": ""2"", ""rect"": ""1"", ""ref"": ""6"", ""rskip"": ""0"", ""sao"": ""0"", ""scenecut"": ""89"", ""subme"": ""1"", ""tu-inter-depth"": ""2"", ""tu-intra-depth"": ""1"", ""weightb"": ""0"", ""weightp"": ""0"", ""wpp"": ""1""}"
x265,bestconfig,7301,single,117,31.81,9.62,31.81,9.955337762832642,"['Standard', '320p', 30, '10s']",0.0,9.9552481174469,0.0,"{""amp"": ""0"", ""aq-mode"": ""3"", ""aq-strength"": ""0.8"", ""b-adapt"": ""1"", ""bframes"": ""3"", ""crf"": ""18.0"", ""ctu"": ""64"", ""keyint"": ""75"", ""limit-refs"": ""1"", ""limit-tu"": ""2"", ""me"": ""star"", ""merange"": ""17"", ""open-gop"": ""0"", ""psy-rd"": ""3.0"", ""psy-rdoq"": ""3.0"", ""qcomp"": ""0.75"", ""qpmax"": ""31"", ""qpmin"": ""9"", ""rc-lookahead"": ""50"", ""rd"": ""3"", ""rdoq-level"": ""2"", ""rect"": ""0"", ""ref"": ""4"", ""rskip"": ""1"", ""sao"": ""0"", ""scenecut"": ""19"", ""subme"": ""3"", ""tu-inter-depth"": ""1"", ""tu-intra-depth"": ""2"", ""weightb"": ""1"", ""weightp"": ""0"", ""wpp"": ""1""}"
x265,bestconfig,7301,single,118,59.48,5.17,59.48,5.491424560546875,"['Standard', '320p', 30, '10s']",0.0,5.491335868835449,0.0,"{""amp"": ""1"", ""aq-mode"": ""0"", ""aq-strength"": ""2.0"", ""b-adapt"": ""2"", ""bframes"": ""7"", ""crf"": ""25.0"", ""ctu"": ""32"", ""keyint"": ""316"", ""limit-refs"": ""2"", ""limit-tu"": ""3"", ""me"": ""dia"", ""merange"": ""63"", ""open-gop"": ""1"", ""psy-rd"": ""3.5"", ""psy-rdoq"": ""1.0"", ""qcomp"": ""0.5"", ""qpmax"": ""33"", ""qpmin"": ""6"", ""rc-lookahead"": ""14"", ""rd"": ""4"", ""rdoq-level"": ""0"", ""rect"": ""0"", ""ref"": ""2"", ""rskip"": ""0"", ""sao"": ""1"", ""scenecut"": ""5"", ""subme"": ""3"", ""tu-inter-depth"": ""3"", ""tu-intra-depth"": ""4"", ""weightb"": ""1"", ""weightp"": ""1"", ""wpp"": ""0""}"
x265,bestconfig,7301,single,119,63.9,4.81,63.9,5.1575353145599365,"['Standard', '320p', 30, '10s']",0.0,5.15744686126709,0.0,"{""amp"": ""0"", ""aq-mode"": ""1"", ""aq-strength"": ""0.5"", ""b-adapt"": ""0"", ""bframes"": ""3"", ""crf"": ""32.0"", ""ctu"": ""16"", ""keyint"": ""245"", ""limit-refs"": ""1"", ""limit-tu"": ""3"", ""me"": ""dia"", ""merange"": ""26"", ""open-gop"": ""1"", ""psy-rd"": ""0.5"", ""psy-rdoq"": ""2.0"", ""qcomp"": ""0.5"", ""qpmax"": ""24"", ""qpmin"": ""3"", ""rc-lookahead"": ""42"", ""rd"": ""1"", ""rdoq-level"": ""1"", ""rect"": ""1"", ""ref"": ""3"", ""rskip"": ""1"", ""sao"": ""1"", ""scenecut"": ""38"", ""subme"": ""2"", ""tu-inter-depth"": ""2"", ""tu-intra-depth"": ""3"", ""weightb"": ""1"", ""weightp"": ""0"", ""wpp"": ""0""}"
x265,bestconfig,7301,single,120,32.53,9.4,32.53,9.737906694412231,"['Standard', '320p', 30, '10s']",0.0,9.737816333770752,0.0,"{""amp"": ""1"", ""aq-mode"": ""2"", ""aq-strength"": ""1.2"", ""b-adapt"": ""1"", ""bframes"": ""2"", ""crf"": ""28.0"", ""ctu"": ""64"", ""keyint"": ""189"", ""limit-refs"": ""1"", ""limit-tu"": ""4"", ""me"": ""umh"", ""merange"": ""54"", ""open-gop"": ""1"", ""psy-rd"": ""2.5"", ""psy-rdoq"": ""4.0"", ""qcomp"": ""1.0"", ""qpmax"": ""38"", ""qpmin"": ""18"", ""rc-lookahead"": ""32"", ""rd"": ""3"", ""rdoq-level"": ""1"", ""rect"": ""1"", ""ref"": ""2"", ""rskip"": ""0"", ""sao"": ""0"", ""scenecut"": ""86"", ""subme"": ""2"", ""tu-inter-depth"": ""3"", ""tu-intra-depth"": ""2"", ""weightb"": ""0"", ""weightp"": ""1"", ""wpp"": ""0""}"
x265,bestconfig,7301,single,121,39.62,7.73,39.62,8.058426856994629,"['Standard', '320p', 30, '10s']",0.0,8.058339357376099,0.0,"{""amp"": ""0"", ""aq-mode"": ""2"", ""aq-strength"": ""1.2"", ""b-adapt"": ""2"", ""bframes"": ""4"", ""crf"": ""25.0"", ""ctu"": ""32"", ""keyint"": ""438"", ""limit-refs"": ""3"", ""limit-tu"": ""4"", ""me"": ""hex"", ""merange"": ""39"", ""open-gop"": ""0"", ""psy-rd"": ""1.5"", ""psy-rdoq"": ""1.0"", ""qcomp"": ""0.7"", ""qpmax"": ""44"", ""qpmin"": ""5"", ""rc-lookahead"": ""30"", ""rd"": ""3"", ""rdoq-level"": ""2"", ""rect"": ""1"", ""ref"": ""3"", ""rskip"": ""0"", ""sao"": ""0"", ""scenecut"": ""74"", ""subme"": ""3"", ""tu-inter-depth"": ""2"", ""tu-intra-depth"": ""3"", ""weightb"": ""0"", ""weightp"": ""1"", ""wpp"": ""1""}"
x265,bestconfig,7301,single,122,51.24,5.99,51.24,6.318653583526611,"['Standard', '320p', 30, '10s']",0.0,6.318559408187866,0.0,"{""amp"": ""0"", ""aq-mode"": ""2"", ""aq-strength"": ""0.0"", ""b-adapt"": ""2"", ""bframes"": ""2"", ""crf"": ""28.0"", ""ctu"": ""32"", ""keyint"": ""455"", ""limit-refs"": ""3"", ""limit-tu"": ""4"", ""me"": ""dia"", ""merange"": ""40"", ""open-gop"": ""1"", ""psy-rd"": ""2.0"", ""psy-rdoq"": ""4.5"", ""qcomp"": ""0.75"", ""qpmax"": ""43"", ""qpmin"": ""4"", ""rc-lookahead"": ""23"", ""rd"": ""3"", ""rdoq-level"": ""2"", ""rect"": ""1"", ""ref"": ""4"", ""rskip"": ""1"", ""sao"": ""1"", ""scenecut"": ""83"", ""subme"": ""5"", ""tu-inter-depth"": ""2"", ""tu-intra-depth"": ""2"", ""weightb"": ""0"", ""weightp"": ""1"", ""wpp"": ""0""}"
x265,bestconfig,7301,single,123,33.58,9.1,33.58,9.455031156539917,"['Standard', '320p', 30, '10s']",0.0,9.4549400806427,0.0,"{""amp"": ""1"", ""aq-mode"": ""3"", ""aq-strength"": ""1.0"", ""b-adapt"": ""1"", ""bframes"": ""3"", ""crf"": ""18.0"", ""ctu"": ""16"", ""keyint"": ""428"", ""limit-refs"": ""2"", ""limit-tu"": ""3"", ""me"": ""star"", ""merange"": ""42"", ""open-gop"": ""1"", ""psy-rd"": ""3.5"", ""psy-rdoq"": ""0.5"", ""qcomp"": ""0.8"", ""qpmax"": ""42"", ""qpmin"": ""6"", ""rc-lookahead"": ""31"", ""rd"": ""4"", ""rdoq-level"": ""1"", ""rect"": ""0"", ""ref"": ""4"", ""rskip"": ""1"", ""sao"": ""0"", ""scenecut"": ""78"", ""subme"": ""4"", ""tu-inter-depth"": ""1"", ""tu-intra-depth"": ""1"", ""weightb"": ""0"", ""weightp"": ""1"", ""wpp"": ""1""}"
x265,bestconfig,7301,single,124,54.24,5.66,54.24,6.003268241882324,"['Standard', '320p', 30, '10s']",0.0,6.003179311752319,0.0,"{""amp"": ""0"", ""aq-mode"": ""3"", ""aq-strength"": ""1.5"", ""b-adapt"": ""0"", ""bframes"": ""2"", ""crf"": ""22.0"", ""ctu"": ""32"", ""keyint"": ""487"", ""limit-refs"": ""3"", ""limit-tu"": ""4"", ""me"": ""hex"", ""merange"": ""38"", ""open-gop"": ""0"", ""psy-rd"": ""0.5"", ""psy-rdoq"": ""4.0"", ""qcomp"": ""0.6"", ""qpmax"": ""45"", ""qpmin"": ""5"", ""rc-lookahead"": ""26"", ""rd"": ""4"", ""rdoq-level"": ""1"", ""rect"": ""0"", ""ref"": ""4"", ""rskip"": ""1"", ""sao"": ""1"", ""scenecut"": ""67"", ""subme"": ""4"", ""tu-inter-depth"": ""1"", ""tu-intra-depth"": ""3"", ""weightb"": ""0"", ""weightp"": ""0"", ""wpp"": ""1""}"
x265,bestconfig,7301,single,125,24.69,12.37,24.69,12.766381025314331,"['Standard', '320p', 30, '10s']",0.0,12.766242980957031,0.0,"{""amp"": ""1"", ""aq-mode"": ""4"", ""aq-strength"": ""1.8"", ""b-adapt"": ""1"", ""bframes"": ""3"", ""crf"": ""30.0"", ""ctu"": ""16"", ""keyint"": ""445"", ""limit-refs"": ""2"", ""limit-tu"": ""3"", ""me"": ""star"", ""merange"": ""43"", ""open-gop"": ""0"", ""psy-rd"": ""1.0"", ""psy-rdoq"": ""3.0"", ""qcomp"": ""0.5"", ""qpmax"": ""44"", ""qpmin"": ""4"", ""rc-lookahead"": ""24"", ""rd"": ""5"", ""rdoq-level"": ""1"", ""rect"": ""1"", ""ref"": ""4"", ""rskip"": ""0"", ""sao"": ""1"", ""scenecut"": ""81"", ""subme"": ""3"", ""tu-inter-depth"": ""2"", ""tu-intra-depth"": ""2"", ""weightb"": ""1"", ""weightp"": ""0"", ""wpp"": ""1""}"
x265,bestconfig,7301,single,126,2.5,121.79,2.5,122.12659955024719,"['Standard', '320p', 30, '10s']",0.0,122.12650060653687,0.0,"{""amp"": ""1"", ""aq-mode"": ""3"", ""aq-strength"": ""0.5"", ""b-adapt"": ""1"", ""bframes"": ""3"", ""crf"": ""18.0"", ""ctu"": ""16"", ""keyint"": ""480"", ""limit-refs"": ""2"", ""limit-tu"": ""4"", ""me"": ""full"", ""merange"": ""37"", ""open-gop"": ""1"", ""psy-rd"": ""2.5"", ""psy-rdoq"": ""0.0"", ""qcomp"": ""1.0"", ""qpmax"": ""43"", ""qpmin"": ""5"", ""rc-lookahead"": ""18"", ""rd"": ""5"", ""rdoq-level"": ""2"", ""rect"": ""0"", ""ref"": ""5"", ""rskip"": ""0"", ""sao"": ""0"", ""scenecut"": ""70"", ""subme"": ""5"", ""tu-inter-depth"": ""1"", ""tu-intra-depth"": ""2"", ""weightb"": ""1"", ""weightp"": ""1"", ""wpp"": ""0""}"
x265,bestconfig,7301,single,127,70.33,4.39,70.33,4.777775526046753,"['Standard', '320p', 30, '10s']",0.0,4.777644634246826,0.0,"{""amp"": ""0"", ""aq-mode"": ""3"", ""aq-strength"": ""0.8"", ""b-adapt"": ""1"", ""bframes"": ""3"", ""crf"": ""32.0"", ""ctu"": ""64"", ""keyint"": ""465"", ""limit-refs"": ""3"", ""limit-tu"": ""3"", ""me"": ""dia"", ""merange"": ""41"", ""open-gop"": ""0"", ""psy-rd"": ""3.0"", ""psy-rdoq"": ""2.5"", ""qcomp"": ""0.5"", ""qpmax"": ""43"", ""qpmin"": ""4"", ""rc-lookahead"": ""28"", ""rd"": ""4"", ""rdoq-level"": ""1"", ""rect"": ""0"", ""ref"": ""3"", ""rskip"": ""0"", ""sao"": ""1"", ""scenecut"": ""72"", ""subme"": ""4"", ""tu-inter-depth"": ""1"", ""tu-intra-depth"": ""2"", ""weightb"": ""1"", ""weightp"": ""0"", ""wpp"": ""0""}"
x265,bestconfig,7301,single,128,31.85,9.6,31.85,9.941337823867798,"['Standard', '320p', 30, '10s']",0.0,9.94124722480774,0.0,"{""amp"": ""1"", ""aq-mode"": ""4"", ""aq-strength"": ""2.0"", ""b-adapt"": ""0"", ""bframes"": ""4"", ""crf"": ""20.0"", ""ctu"": ""64"", ""keyint"": ""468"", ""limit-refs"": ""2"", ""limit-tu"": ""3"", ""me"": ""umh"", ""merange"": ""37"", ""open-gop"": ""1"", ""psy-rd"": ""0.0"", ""psy-rdoq"": ""2.0"", ""qcomp"": ""0.9"", ""qpmax"": ""44"", ""qpmin"": ""3"", ""rc-lookahead"": ""21"", ""rd"": ""4"", ""rdoq-level"": ""2"", ""rect"": ""1"", ""ref"": ""5"", ""rskip"": ""1"", ""sao"": ""0"", ""scenecut"": ""85"", ""subme"": ""4"", ""tu-inter-depth"": ""2"", ""tu-intra-depth"": ""1"", ""weightb"": ""1"", ""weightp"": ""0"", ""wpp"": ""0""}"
x265,bestconfig,7301,single,129,9.14,33.32,9.14,33.67221522331238,"['Standard', '320p', 30, '10s']",0.0,33.67205476760864,0.0,"{""amp"": ""0"", ""aq-mode"": ""4"", ""aq-strength"": ""0.8"", ""b-adapt"": ""2"", ""bframes"": ""2"", ""crf"": ""20.0"", ""ctu"": ""16"", ""keyint"": ""194"", ""limit-refs"": ""2"", ""limit-tu"": ""1"", ""me"": ""star"", ""merange"": ""44"", ""open-gop"": ""0"", ""psy-rd"": ""2.0"", ""psy-rdoq"": ""4.0"", ""qcomp"": ""0.7"", ""qpmax"": ""45"", ""qpmin"": ""11"", ""rc-lookahead"": ""27"", ""rd"": ""6"", ""rdoq-level"": ""1"", ""rect"": ""1"", ""ref"": ""6"", ""rskip"": ""0"", ""sao"": ""0"", ""scenecut"": ""8"", ""subme"": ""4"", ""tu-inter-depth"": ""3"", ""tu-intra-depth"": ""2"", ""weightb"": ""1"", ""weightp"": ""1"", ""wpp"": ""0""}"
x265,bestconfig,7301,single,130,64.34,4.78,64.34,5.126996755599976,"['Standard', '320p', 30, '10s']",0.0,5.12690806388855,0.0,"{""amp"": ""0"", ""aq-mode"": ""2"", ""aq-strength"": ""2.0"", ""b-adapt"": ""2"", ""bframes"": ""7"", ""crf"": ""18.0"", ""ctu"": ""32"", ""keyint"": ""435"", ""limit-refs"": ""3"", ""limit-tu"": ""3"", ""me"": ""hex"", ""merange"": ""63"", ""open-gop"": ""0"", ""psy-rd"": ""0.5"", ""psy-rdoq"": ""0.0"", ""qcomp"": ""0.6"", ""qpmax"": ""34"", ""qpmin"": ""14"", ""rc-lookahead"": ""16"", ""rd"": ""2"", ""rdoq-level"": ""0"", ""rect"": ""0"", ""ref"": ""5"", ""rskip"": ""1"", ""sao"": ""1"", ""scenecut"": ""32"", ""subme"": ""2"", ""tu-inter-depth"": ""1"", ""tu-intra-depth"": ""3"", ""weightb"": ""1"", ""weightp"": ""0"", ""wpp"": ""0""}"
x265,bestconfig,7301,single,131,90.44,3.42,90.44,3.7517709732055664,"['Standard', '320p', 30, '10s']",0.0,3.7516820430755615,0.0,"{""amp"": ""1"", ""aq-mode"": ""1"", ""aq-strength"": ""1.2"", ""b-adapt"": ""0"", ""bframes"": ""3"", ""crf"": ""25.0"", ""ctu"": ""64"", ""keyint"": ""108"", ""limit-refs"": ""0"", ""limit-tu"": ""3"", ""me"": ""hex"", ""merange"": ""32"", ""open-gop"": ""1"", ""psy-rd"": ""1.5"", ""psy-rdoq"": ""0.5"", ""qcomp"": ""0.75"", ""qpmax"": ""37"", ""qpmin"": ""7"", ""rc-lookahead"": ""37"", ""rd"": ""3"", ""rdoq-level"": ""0"", ""rect"": ""0"", ""ref"": ""3"", ""rskip"": ""1"", ""sao"": ""0"", ""scenecut"": ""56"", ""subme"": ""5"", ""tu-inter-depth"": ""1"", ""tu-intra-depth"": ""2"", ""weightb"": ""0"", ""weightp"": ""0"", ""wpp"": ""0""}"
x265,bestconfig,7301,single,132,2.61,116.74,2.61,117.06923842430115,"['Standard', '320p', 30, '10s']",0.0,117.06914401054382,0.0,"{""amp"": ""1"", ""aq-mode"": ""2"", ""aq-strength"": ""1.8"", ""b-adapt"": ""1"", ""bframes"": ""4"", ""crf"": ""18.0"", ""ctu"": ""16"", ""keyint"": ""465"", ""limit-refs"": ""2"", ""limit-tu"": ""2"", ""me"": ""full"", ""merange"": ""51"", ""open-gop"": ""0"", ""psy-rd"": ""3.0"", ""psy-rdoq"": ""4.5"", ""qcomp"": ""0.9"", ""qpmax"": ""20"", ""qpmin"": ""2"", ""rc-lookahead"": ""47"", ""rd"": ""4"", ""rdoq-level"": ""2"", ""rect"": ""1"", ""ref"": ""2"", ""rskip"": ""0"", ""sao"": ""1"", ""scenecut"": ""98"", ""subme"": ""1"", ""tu-inter-depth"": ""3"", ""tu-intra-depth"": ""3"", ""weightb"": ""0"", ""weightp"": ""0"", ""wpp"": ""0""}"
x265,bestconfig,7301,single,133,21.19,14.4,21.19,14.741283416748047,"['Standard', '320p', 30, '10s']",0.0,14.741188764572144,0.0,"{""amp"": ""0"", ""aq-mode"": ""1"", ""aq-strength"": ""0.0"", ""b-adapt"": ""1"", ""bframes"": ""7"", ""crf"": ""28.0"", ""ctu"": ""32"", ""keyint"": ""271"", ""limit-refs"": ""2"", ""limit-tu"": ""4"", ""me"": ""dia"", ""merange"": ""38"", ""open-gop"": ""1"", ""psy-rd"": ""2.5"", ""psy-rdoq"": ""3.0"", ""qcomp"": ""1.0"", ""qpmax"": ""31"", ""qpmin"": ""17"", ""rc-lookahead"": ""19"", ""rd"": ""5"", ""rdoq-level"": ""1"", ""rect"": ""1"", ""ref"": ""2"", ""rskip"": ""1"", ""sao"": ""0"", ""scenecut"": ""21"", ""subme"": ""2"", ""tu-inter-depth"": ""3"", ""tu-intra-depth"": ""1"", ""weightb"": ""1"", ""weightp"": ""0"", ""wpp"": ""1""}"
x265,bestconfig,7301,single,134,9.65,31.56,9.65,31.913686752319336,"['Standard', '320p', 30, '10s']",0.0,31.913600206375122,0.0,"{""amp"": ""0"", ""aq-mode"": ""3"", ""aq-strength"": ""0.5"", ""b-adapt"": ""0"", ""bframes"": ""6"", ""crf"": ""30.0"", ""ctu"": ""16"", ""keyint"": ""53"", ""limit-refs"": ""1"", ""limit-tu"": ""1"", ""me"": ""star"", ""merange"": ""25"", ""open-gop"": ""1"", ""psy-rd"": ""1.0"", ""psy-rdoq"": ""2.0"", ""qcomp"": ""0.5"", ""qpmax"": ""25"", ""qpmin"": ""18"", ""rc-lookahead"": ""34"", ""rd"": ""5"", ""rdoq-level"": ""1"", ""rect"": ""1"", ""ref"": ""4"", ""rskip"": ""0"", ""sao"": ""1"", ""scenecut"": ""50"", ""subme"": ""3"", ""tu-inter-depth"": ""2"", ""tu-intra-depth"": ""2"", ""weightb"": ""1"", ""weightp"": ""1"", ""wpp"": ""1""}"
x265,bestconfig,7301,single,135,127.44,2.45,127.44,2.8073158264160156,"['Standard', '320p', 30, '10s']",0.0,2.807222843170166,0.0,"{""amp"": ""1"", ""aq-mode"": ""3"", ""aq-strength"": ""1.5"", ""b-adapt"": ""1"", ""bframes"": ""0"", ""crf"": ""32.0"", ""ctu"": ""64"", ""keyint"": ""349"", ""limit-refs"": ""1"", ""limit-tu"": ""2"", ""me"": ""dia"", ""merange"": ""20"", ""open-gop"": ""1"", ""psy-rd"": ""0.0"", ""psy-rdoq"": ""1.0"", ""qcomp"": ""0.5"", ""qpmax"": ""41"", ""qpmin"": ""9"", ""rc-lookahead"": ""52"", ""rd"": ""2"", ""rdoq-level"": ""1"", ""rect"": ""0"", ""ref"": ""3"", ""rskip"": ""1"", ""sao"": ""0"", ""scenecut"": ""76"", ""subme"": ""3"", ""tu-inter-depth"": ""2"", ""tu-intra-depth"": ""3"", ""weightb"": ""0"", ""weightp"": ""1"", ""wpp"": ""1""}"
x265,bestconfig,7301,single,136,25.49,11.98,25.49,12.323187112808228,"['Standard', '320p', 30, '10s']",0.0,12.323099136352539,0.0,"{""amp"": ""1"", ""aq-mode"": ""0"", ""aq-strength"": ""1.0"", ""b-adapt"": ""1"", ""bframes"": ""5"", ""crf"": ""22.0"", ""ctu"": ""32"", ""keyint"": ""213"", ""limit-refs"": ""1"", ""limit-tu"": ""0"", ""me"": ""umh"", ""merange"": ""56"", ""open-gop"": ""0"", ""psy-rd"": ""3.5"", ""psy-rdoq"": ""2.5"", ""qcomp"": ""0.8"", ""qpmax"": ""48"", ""qpmin"": ""3"", ""rc-lookahead"": ""59"", ""rd"": ""1"", ""rdoq-level"": ""2"", ""rect"": ""0"", ""ref"": ""4"", ""rskip"": ""0"", ""sao"": ""1"", ""scenecut"": ""69"", ""subme"": ""4"", ""tu-inter-depth"": ""4"", ""tu-intra-depth"": ""3"", ""weightb"": ""0"", ""weightp"": ""1"", ""wpp"": ""1""}"
x265,bestconfig,7301,single,137,86.52,3.58,86.52,3.9505183696746826,"['Standard', '320p', 30, '10s']",0.0,3.950429677963257,0.0,"{""amp"": ""0"", ""aq-mode"": ""3"", ""aq-strength"": ""0.5"", ""b-adapt"": ""1"", ""bframes"": ""1"", ""crf"": ""32.0"", ""ctu"": ""64"", ""keyint"": ""404"", ""limit-refs"": ""1"", ""limit-tu"": ""1"", ""me"": ""dia"", ""merange"": ""22"", ""open-gop"": ""0"", ""psy-rd"": ""0.5"", ""psy-rdoq"": ""1.0"", ""qcomp"": ""0.9"", ""qpmax"": ""38"", ""qpmin"": ""10"", ""rc-lookahead"": ""57"", ""rd"": ""2"", ""rdoq-level"": ""2"", ""rect"": ""1"", ""ref"": ""3"", ""rskip"": ""1"", ""sao"": ""0"", ""scenecut"": ""97"", ""subme"": ""3"", ""tu-inter-depth"": ""1"", ""tu-intra-depth"": ""3"", ""weightb"": ""0"", ""weightp"": ""0"", ""wpp"": ""0""}"
x265,bestconfig,7301,single,138,58.7,5.23,58.7,5.702054738998413,"['Standard', '320p', 30, '10s']",0.0,5.701958179473877,0.0,"{""amp"": ""0"", ""aq-mode"": ""2"", ""aq-strength"": ""0.0"", ""b-adapt"": ""1"", ""bframes"": ""1"", ""crf"": ""25.0"", ""ctu"": ""16"", ""keyint"": ""363"", ""limit-refs"": ""0"", ""limit-tu"": ""3"", ""me"": ""hex"", ""merange"": ""23"", ""open-gop"": ""1"", ""psy-rd"": ""1.5"", ""psy-rdoq"": ""0.5"", ""qcomp"": ""0.7"", ""qpmax"": ""43"", ""qpmin"": ""11"", ""rc-lookahead"": ""53"", ""rd"": ""2"", ""rdoq-level"": ""1"", ""rect"": ""1"", ""ref"": ""2"", ""rskip"": ""1"", ""sao"": ""1"", ""scenecut"": ""79"", ""subme"": ""3"", ""tu-inter-depth"": ""3"", ""tu-intra-depth"": ""2"", ""weightb"": ""0"", ""weightp"": ""1"", ""wpp"": ""1""}"
x265,bestconfig,7301,single,139,48.13,6.37,48.13,6.7135560512542725,"['Standard', '320p', 30, '10s']",0.0,6.713465929031372,0.0,"{""amp"": ""1"", ""aq-mode"": ""3"", ""aq-strength"": ""0.8"", ""b-adapt"": ""0"", ""bframes"": ""2"", ""crf"": ""30.0"", ""ctu"": ""64"", ""keyint"": ""346"", ""limit-refs"": ""1"", ""limit-tu"": ""2"", ""me"": ""full"", ""merange"": ""22"", ""open-gop"": ""0"", ""psy-rd"": ""0.0"", ""psy-rdoq"": ""2.5"", ""qcomp"": ""0.6"", ""qpmax"": ""45"", ""qpmin"": ""7"", ""rc-lookahead"": ""56"", ""rd"": ""1"", ""rdoq-level"": ""1"", ""rect"": ""0"", ""ref"": ""3"", ""rskip"": ""0"", ""sao"": ""1"", ""scenecut"": ""81"", ""subme"": ""3"", ""tu-inter-depth"": ""2"", ""tu-intra-depth"": ""3"", ""weightb"": ""1"", ""weightp"": ""0"", ""wpp"": ""0""}"
x265,bestconfig,7301,single,140,82.57,3.74,82.57,4.092439651489258,"['Standard', '320p', 30, '10s']",0.0,4.092345952987671,0.0,"{""amp"": ""0"", ""aq-mode"": ""4"", ""aq-strength"": ""2.0"", ""b-adapt"": ""2"", ""bframes"": ""0"", ""crf"": ""28.0"", ""ctu"": ""32"", ""keyint"": ""314"", ""limit-refs"": ""1"", ""limit-tu"": ""2"", ""me"": ""star"", ""merange"": ""21"", ""open-gop"": ""1"", ""psy-rd"": ""2.5"", ""psy-rdoq"": ""0.0"", ""qcomp"": ""0.5"", ""qpmax"": ""42"", ""qpmin"": ""10"", ""rc-lookahead"": ""54"", ""rd"": ""2"", ""rdoq-level"": ""0"", ""rect"": ""0"", ""ref"": ""3"", ""rskip"": ""1"", ""sao"": ""1"", ""scenecut"": ""94"", ""subme"": ""4"", ""tu-inter-depth"": ""2"", ""tu-intra-depth"": ""2"", ""weightb"": ""1"", ""weightp"": ""1"", ""wpp"": ""0""}"
x265,bestconfig,7301,single,141,30.3,10.09,30.3,10.444144010543823,"['Standard', '320p', 30, '10s']",0.0,10.444054365158081,0.0,"{""amp"": ""1"", ""aq-mode"": ""4"", ""aq-strength"": ""1.2"", ""b-adapt"": ""2"", ""bframes"": ""1"", ""crf"": ""18.0"", ""ctu"": ""16"", ""keyint"": ""286"", ""limit-refs"": ""2"", ""limit-tu"": ""2"", ""me"": ""dia"", ""merange"": ""23"", ""open-gop"": ""1"", ""psy-rd"": ""1.0"", ""psy-rdoq"": ""2.0"", ""qcomp"": ""0.5"", ""qpmax"": ""40"", ""qpmin"": ""8"", ""rc-lookahead"": ""49"", ""rd"": ""3"", ""rdoq-level"": ""1"", ""rect"": ""0"", ""ref"": ""4"", ""rskip"": ""0"", ""sao"": ""1"", ""scenecut"": ""84"", ""subme"": ""4"", ""tu-inter-depth"": ""2"", ""tu-intra-depth"": ""3"", ""weightb"": ""1"", ""weightp"": ""0"", ""wpp"": ""1""}"
x265,bestconfig,7301,single,142,16.66,18.31,16.66,18.639426231384277,"['Standard', '320p', 30, '10s']",0.0,18.639334440231323,0.0,"{""amp"": ""1"", ""aq-mode"": ""3"", ""aq-strength"": ""1.0"", ""b-adapt"": ""1"", ""bframes"": ""0"", ""crf"": ""18.0"", ""ctu"": ""32"", ""keyint"": ""434"", ""limit-refs"": ""1"", ""limit-tu"": ""3"", ""me"": ""umh"", ""merange"": ""25"", ""open-gop"": ""0"", ""psy-rd"": ""3.5"", ""psy-rdoq"": ""3.0"", ""qcomp"": ""0.8"", ""qpmax"": ""41"", ""qpmin"": ""8"", ""rc-lookahead"": ""51"", ""rd"": ""2"", ""rdoq-level"": ""2"", ""rect"": ""1"", ""ref"": ""2"", ""rskip"": ""0"", ""sao"": ""0"", ""scenecut"": ""73"", ""subme"": ""3"", ""tu-inter-depth"": ""2"", ""tu-intra-depth"": ""3"", ""weightb"": ""1"", ""weightp"": ""1"", ""wpp"": ""0""}"
x265,bestconfig,7301,single,143,59.03,5.2,59.03,5.699612379074097,"['Standard', '320p', 30, '10s']",0.0,5.6995134353637695,0.0,"{""amp"": ""1"", ""aq-mode"": ""2"", ""aq-strength"": ""1.8"", ""b-adapt"": ""0"", ""bframes"": ""1"", ""crf"": ""20.0"", ""ctu"": ""32"", ""keyint"": ""301"", ""limit-refs"": ""0"", ""limit-tu"": ""1"", ""me"": ""hex"", ""merange"": ""24"", ""open-gop"": ""0"", ""psy-rd"": ""3.0"", ""psy-rdoq"": ""4.0"", ""qcomp"": ""1.0"", ""qpmax"": ""43"", ""qpmin"": ""9"", ""rc-lookahead"": ""47"", ""rd"": ""1"", ""rdoq-level"": ""1"", ""rect"": ""0"", ""ref"": ""3"", ""rskip"": ""1"", ""sao"": ""0"", ""scenecut"": ""88"", ""subme"": ""2"", ""tu-inter-depth"": ""1"", ""tu-intra-depth"": ""2"", ""weightb"": ""0"", ""weightp"": ""1"", ""wpp"": ""1""}"
x265,bestconfig,7301,single,144,39.85,7.68,39.85,8.012937784194946,"['Standard', '320p', 30, '10s']",0.0,8.012812852859497,0.0,"{""amp"": ""0"", ""aq-mode"": ""3"", ""aq-strength"": ""1.5"", ""b-adapt"": ""1"", ""bframes"": ""2"", ""crf"": ""22.0"", ""ctu"": ""16"", ""keyint"": ""375"", ""limit-refs"": ""2"", ""limit-tu"": ""2"", ""me"": ""star"", ""merange"": ""20"", ""open-gop"": ""1"", ""psy-rd"": ""2.0"", ""psy-rdoq"": ""4.5"", ""qcomp"": ""0.75"", ""qpmax"": ""39"", ""qpmin"": ""9"", ""rc-lookahead"": ""58"", ""rd"": ""3"", ""rdoq-level"": ""0"", ""rect"": ""1"", ""ref"": ""4"", ""rskip"": ""0"", ""sao"": ""0"", ""scenecut"": ""69"", ""subme"": ""2"", ""tu-inter-depth"": ""3"", ""tu-intra-depth"": ""2"", ""weightb"": ""0"", ""weightp"": ""0"", ""wpp"": ""1""}"
x265,bestconfig,7301,single,145,1.8,168.78,1.8,169.16816425323486,"['Standard', '320p', 30, '10s']",0.0,169.16799521446228,0.0,"{""amp"": ""0"", ""aq-mode"": ""1"", ""aq-strength"": ""0.0"", ""b-adapt"": ""1"", ""bframes"": ""4"", ""crf"": ""22.0"", ""ctu"": ""32"", ""keyint"": ""381"", ""limit-refs"": ""2"", ""limit-tu"": ""0"", ""me"": ""full"", ""merange"": ""53"", ""open-gop"": ""1"", ""psy-rd"": ""2.5"", ""psy-rdoq"": ""0.5"", ""qcomp"": ""0.7"", ""qpmax"": ""32"", ""qpmin"": ""20"", ""rc-lookahead"": ""12"", ""rd"": ""5"", ""rdoq-level"": ""2"", ""rect"": ""0"", ""ref"": ""5"", ""rskip"": ""1"", ""sao"": ""0"", ""scenecut"": ""82"", ""subme"": ""2"", ""tu-inter-depth"": ""2"", ""tu-intra-depth"": ""3"", ""weightb"": ""1"", ""weightp"": ""1"", ""wpp"": ""1""}"
x265,bestconfig,7301,single,146,7.21,42.23,7.21,42.5801784992218,"['Standard', '320p', 30, '10s']",0.0,42.58007621765137,0.0,"{""amp"": ""1"", ""aq-mode"": ""3"", ""aq-strength"": ""0.8"", ""b-adapt"": ""1"", ""bframes"": ""2"", ""crf"": ""18.0"", ""ctu"": ""32"", ""keyint"": ""374"", ""limit-refs"": ""1"", ""limit-tu"": ""1"", ""me"": ""hex"", ""merange"": ""30"", ""open-gop"": ""0"", ""psy-rd"": ""3.5"", ""psy-rdoq"": ""4.5"", ""qcomp"": ""0.75"", ""qpmax"": ""25"", ""qpmin"": ""4"", ""rc-lookahead"": ""45"", ""rd"": ""5"", ""rdoq-level"": ""0"", ""rect"": ""1"", ""ref"": ""3"", ""rskip"": ""0"", ""sao"": ""1"", ""scenecut"": ""39"", ""subme"": ""4"", ""tu-inter-depth"": ""4"", ""tu-intra-depth"": ""3"", ""weightb"": ""0"", ""weightp"": ""0"", ""wpp"": ""1""}"
x265,bestconfig,7301,single,147,33.16,9.22,33.16,9.569399356842041,"['Standard', '320p', 30, '10s']",0.0,9.569313049316406,0.0,"{""amp"": ""0"", ""aq-mode"": ""2"", ""aq-strength"": ""0.5"", ""b-adapt"": ""0"", ""bframes"": ""0"", ""crf"": ""25.0"", ""ctu"": ""16"", ""keyint"": ""270"", ""limit-refs"": ""2"", ""limit-tu"": ""3"", ""me"": ""dia"", ""merange"": ""20"", ""open-gop"": ""0"", ""psy-rd"": ""1.5"", ""psy-rdoq"": ""2.5"", ""qcomp"": ""0.5"", ""qpmax"": ""24"", ""qpmin"": ""1"", ""rc-lookahead"": ""28"", ""rd"": ""2"", ""rdoq-level"": ""1"", ""rect"": ""1"", ""ref"": ""4"", ""rskip"": ""1"", ""sao"": ""0"", ""scenecut"": ""51"", ""subme"": ""3"", ""tu-inter-depth"": ""1"", ""tu-intra-depth"": ""1"", ""weightb"": ""0"", ""weightp"": ""1"", ""wpp"": ""0""}"
x265,bestconfig,7301,single,148,44.43,6.9,44.43,7.238218307495117,"['Standard', '320p', 30, '10s']",0.0,7.238128185272217,0.0,"{""amp"": ""1"", ""aq-mode"": ""1"", ""aq-strength"": ""1.5"", ""b-adapt"": ""1"", ""bframes"": ""1"", ""crf"": ""20.0"", ""ctu"": ""64"", ""keyint"": ""101"", ""limit-refs"": ""1"", ""limit-tu"": ""4"", ""me"": ""hex"", ""merange"": ""61"", ""open-gop"": ""1"", ""psy-rd"": ""1.0"", ""psy-rdoq"": ""2.0"", ""qcomp"": ""0.5"", ""qpmax"": ""50"", ""qpmin"": ""8"", ""rc-lookahead"": ""54"", ""rd"": ""3"", ""rdoq-level"": ""1"", ""rect"": ""0"", ""ref"": ""5"", ""rskip"": ""1"", ""sao"": ""1"", ""scenecut"": ""17"", ""subme"": ""5"", ""tu-inter-depth"": ""2"", ""tu-intra-depth"": ""2"", ""weightb"": ""0"", ""weightp"": ""1"", ""wpp"": ""1""}"
x265,bestconfig,7301,single,149,35.91,8.52,35.91,8.865941286087036,"['Standard', '320p', 30, '10s']",0.0,8.865831851959229,0.0,"{""amp"": ""0"", ""aq-mode"": ""4"", ""aq-strength"": ""1.2"", ""b-adapt"": ""2"", ""bframes"": ""5"", ""crf"": ""18.0"", ""ctu"": ""16"", ""keyint"": ""442"", ""limit-refs"": ""3"", ""limit-tu"": ""2"", ""me"": ""star"", ""merange"": ""51"", ""open-gop"": ""0"", ""psy-rd"": ""3.0"", ""psy-rdoq"": ""1.0"", ""qcomp"": ""1.0"", ""qpmax"": ""29"", ""qpmin"": ""17"", ""rc-lookahead"": ""22"", ""rd"": ""2"", ""rdoq-level"": ""1"", ""rect"": ""0"", ""ref"": ""2"", ""rskip"": ""0"", ""sao"": ""0"", ""scenecut"": ""36"", ""subme"": ""3"", ""tu-inter-depth"": ""2"", ""tu-intra-depth"": ""2"", ""weightb"": ""1"", ""weightp"": ""0"", ""wpp"": ""0""}"
x265,bestconfig,7301,single,150,60.3,5.09,60.3,5.425606727600098,"['Standard', '320p', 30, '10s']",0.0,5.425511598587036,0.0,"{""amp"": ""1"", ""aq-mode"": ""3"", ""aq-strength"": ""1.8"", ""b-adapt"": ""1"", ""bframes"": ""7"", ""crf"": ""28.0"", ""ctu"": ""16"", ""keyint"": ""231"", ""limit-refs"": ""2"", ""limit-tu"": ""1"", ""me"": ""dia"", ""merange"": ""35"", ""open-gop"": ""0"", ""psy-rd"": ""0.5"", ""psy-rdoq"": ""4.0"", ""qcomp"": ""0.6"", ""qpmax"": ""40"", ""qpmin"": ""7"", ""rc-lookahead"": ""48"", ""rd"": ""4"", ""rdoq-level"": ""1"", ""rect"": ""1"", ""ref"": ""2"", ""rskip"": ""1"", ""sao"": ""1"", ""scenecut"": ""73"", ""subme"": ""1"", ""tu-inter-depth"": ""3"", ""tu-intra-depth"": ""3"", ""weightb"": ""0"", ""weightp"": ""0"", ""wpp"": ""1""}"
x265,bestconfig,7301,single,151,67.44,4.56,67.44,4.8926002979278564,"['Standard', '320p', 30, '10s']",0.0,4.892507553100586,0.0,"{""amp"": ""1"", ""aq-mode"": ""2"", ""aq-strength"": ""1.0"", ""b-adapt"": ""2"", ""bframes"": ""6"", ""crf"": ""30.0"", ""ctu"": ""64"", ""keyint"": ""70"", ""limit-refs"": ""1"", ""limit-tu"": ""3"", ""me"": ""umh"", ""merange"": ""40"", ""open-gop"": ""1"", ""psy-rd"": ""0.0"", ""psy-rdoq"": ""3.0"", ""qcomp"": ""0.9"", ""qpmax"": ""44"", ""qpmin"": ""10"", ""rc-lookahead"": ""32"", ""rd"": ""2"", ""rdoq-level"": ""0"", ""rect"": ""0"", ""ref"": ""1"", ""rskip"": ""0"", ""sao"": ""1"", ""scenecut"": ""92"", ""subme"": ""2"", ""tu-inter-depth"": ""3"", ""tu-intra-depth"": ""2"", ""weightb"": ""1"", ""weightp"": ""1"", ""wpp"": ""0""}"
x265,bestconfig,7301,single,152,12.81,23.78,12.81,24.1107497215271,"['Standard', '320p', 30, '10s']",0.0,24.110654830932617,0.0,"{""amp"": ""0"", ""aq-mode"": ""0"", ""aq-strength"": ""2.0"", ""b-adapt"": ""0"", ""bframes"": ""7"", ""crf"": ""32.0"", ""ctu"": ""32"", ""keyint"": ""154"", ""limit-refs"": ""0"", ""limit-tu"": ""2"", ""me"": ""star"", ""merange"": ""27"", ""open-gop"": ""1"", ""psy-rd"": ""2.0"", ""psy-rdoq"": ""0.0"", ""qcomp"": ""0.8"", ""qpmax"": ""37"", ""qpmin"": ""13"", ""rc-lookahead"": ""37"", ""rd"": ""5"", ""rdoq-level"": ""2"", ""rect"": ""1"", ""ref"": ""5"", ""rskip"": ""0"", ""sao"": ""0"", ""scenecut"": ""10"", ""subme"": ""4"", ""tu-inter-depth"": ""3"", ""tu-intra-depth"": ""3"", ""weightb"": ""1"", ""weightp"": ""0"", ""wpp"": ""0""}"
x265,bestconfig,7301,single,153,28.74,10.64,28.74,10.983815431594849,"['Standard', '320p', 30, '10s']",0.0,10.983732223510742,0.0,"{""amp"": ""1"", ""aq-mode"": ""3"", ""aq-strength"": ""2.0"", ""b-adapt"": ""2"", ""bframes"": ""0"", ""crf"": ""22.0"", ""ctu"": ""64"", ""keyint"": ""369"", ""limit-refs"": ""0"", ""limit-tu"": ""2"", ""me"": ""dia"", ""merange"": ""23"", ""open-gop"": ""0"", ""psy-rd"": ""0.0"", ""psy-rdoq"": ""0.5"", ""qcomp"": ""0.6"", ""qpmax"": ""44"", ""qpmin"": ""9"", ""rc-lookahead"": ""48"", ""rd"": ""2"", ""rdoq-level"": ""0"", ""rect"": ""1"", ""ref"": ""2"", ""rskip"": ""1"", ""sao"": ""1"", ""scenecut"": ""81"", ""subme"": ""3"", ""tu-inter-depth"": ""3"", ""tu-intra-depth"": ""2"", ""weightb"": ""1"", ""weightp"": ""1"", ""wpp"": ""0""}"
x265,bestconfig,7301,single,154,58.22,5.28,58.22,5.6095030307769775,"['Standard', '320p', 30, '10s']",0.0,5.609416961669922,0.0,"{""amp"": ""1"", ""aq-mode"": ""2"", ""aq-strength"": ""0.5"", ""b-adapt"": ""1"", ""bframes"": ""1"", ""crf"": ""28.0"", ""ctu"": ""16"", ""keyint"": ""343"", ""limit-refs"": ""1"", ""limit-tu"": ""2"", ""me"": ""star"", ""merange"": ""26"", ""open-gop"": ""0"", ""psy-rd"": ""2.5"", ""psy-rdoq"": ""4.0"", ""qcomp"": ""1.0"", ""qpmax"": ""43"", ""qpmin"": ""8"", ""rc-lookahead"": ""52"", ""rd"": ""2"", ""rdoq-level"": ""1"", ""rect"": ""0"", ""ref"": ""3"", ""rskip"": ""0"", ""sao"": ""0"", ""scenecut"": ""73"", ""subme"": ""3"", ""tu-inter-depth"": ""2"", ""tu-intra-depth"": ""3"", ""weightb"": ""0"", ""weightp"": ""0"", ""wpp"": ""1""}"
x265,bestconfig,7301,single,155,22.73,13.43,22.73,13.775688409805298,"['Standard', '320p', 30, '10s']",0.0,13.775597333908081,0.0,"{""amp"": ""0"", ""aq-mode"": ""3"", ""aq-strength"": ""1.2"", ""b-adapt"": ""0"", ""bframes"": ""0"", ""crf"": ""25.0"", ""ctu"": ""32"", ""keyint"": ""298"", ""limit-refs"": ""0"", ""limit-tu"": ""1"", ""me"": ""hex"", ""merange"": ""24"", ""open-gop"": ""1"", ""psy-rd"": ""1.5"", ""psy-rdoq"": ""3.0"", ""qcomp"": ""0.5"", ""qpmax"": ""40"", ""qpmin"": ""9"", ""rc-lookahead"": ""54"", ""rd"": ""3"", ""rdoq-level"": ""1"", ""rect"": ""1"", ""ref"": ""4"", ""rskip"": ""1"", ""sao"": ""1"", ""scenecut"": ""75"", ""subme"": ""4"", ""tu-inter-depth"": ""3"", ""tu-intra-depth"": ""3"", ""weightb"": ""1"", ""weightp"": ""1"", ""wpp"": ""1""}"
x265,bestconfig,7301,single,156,33.6,9.11,33.6,9.449931383132935,"['Standard', '320p', 30, '10s']",0.0,9.449831008911133,0.0,"{""amp"": ""0"", ""aq-mode"": ""4"", ""aq-strength"": ""1.8"", ""b-adapt"": ""1"", ""bframes"": ""1"", ""crf"": ""18.0"", ""ctu"": ""32"", ""keyint"": ""314"", ""limit-refs"": ""2"", ""limit-tu"": ""2"", ""me"": ""star"", ""merange"": ""27"", ""open-gop"": ""1"", ""psy-rd"": ""3.0"", ""psy-rdoq"": ""0.0"", ""qcomp"": ""0.8"", ""qpmax"": ""42"", ""qpmin"": ""10"", ""rc-lookahead"": ""52"", ""rd"": ""3"", ""rdoq-level"": ""2"", ""rect"": ""0"", ""ref"": ""3"", ""rskip"": ""1"", ""sao"": ""0"", ""scenecut"": ""79"", ""subme"": ""3"", ""tu-inter-depth"": ""2"", ""tu-intra-depth"": ""2"", ""weightb"": ""1"", ""weightp"": ""1"", ""wpp"": ""0""}"
x265,bestconfig,7301,single,157,28.26,10.82,28.26,11.18563985824585,"['Standard', '320p', 30, '10s']",0.0,11.185540914535522,0.0,"{""amp"": ""0"", ""aq-mode"": ""4"", ""aq-strength"": ""1.0"", ""b-adapt"": ""1"", ""bframes"": ""1"", ""crf"": ""20.0"", ""ctu"": ""16"", ""keyint"": ""294"", ""limit-refs"": ""1"", ""limit-tu"": ""3"", ""me"": ""umh"", ""merange"": ""24"", ""open-gop"": ""0"", ""psy-rd"": ""3.5"", ""psy-rdoq"": ""4.5"", ""qcomp"": ""0.75"", ""qpmax"": ""43"", ""qpmin"": ""9"", ""rc-lookahead"": ""50"", ""rd"": ""3"", ""rdoq-level"": ""1"", ""rect"": ""1"", ""ref"": ""3"", ""rskip"": ""0"", ""sao"": ""1"", ""scenecut"": ""76"", ""subme"": ""2"", ""tu-inter-depth"": ""1"", ""tu-intra-depth"": ""3"", ""weightb"": ""0"", ""weightp"": ""0"", ""wpp"": ""0""}"
x265,bestconfig,7301,single,158,81.2,3.8,81.2,4.147106647491455,"['Standard', '320p', 30, '10s']",0.0,4.14701771736145,0.0,"{""amp"": ""1"", ""aq-mode"": ""2"", ""aq-strength"": ""0.8"", ""b-adapt"": ""2"", ""bframes"": ""0"", ""crf"": ""30.0"", ""ctu"": ""16"", ""keyint"": ""274"", ""limit-refs"": ""2"", ""limit-tu"": ""1"", ""me"": ""hex"", ""merange"": ""22"", ""open-gop"": ""0"", ""psy-rd"": ""1.0"", ""psy-rdoq"": ""2.0"", ""qcomp"": ""0.7"", ""qpmax"": ""41"", ""qpmin"": ""9"", ""rc-lookahead"": ""50"", ""rd"": ""2"", ""rdoq-level"": ""1"", ""rect"": ""0"", ""ref"": ""3"", ""rskip"": ""1"", ""sao"": ""0"", ""scenecut"": ""81"", ""subme"": ""4"", ""tu-inter-depth"": ""2"", ""tu-intra-depth"": ""2"", ""weightb"": ""0"", ""weightp"": ""0"", ""wpp"": ""0""}"
x265,bestconfig,7301,single,159,6.04,50.42,6.04,50.76548480987549,"['Standard', '320p', 30, '10s']",0.0,50.76539206504822,0.0,"{""amp"": ""0"", ""aq-mode"": ""3"", ""aq-strength"": ""1.5"", ""b-adapt"": ""1"", ""bframes"": ""0"", ""crf"": ""18.0"", ""ctu"": ""32"", ""keyint"": ""353"", ""limit-refs"": ""1"", ""limit-tu"": ""2"", ""me"": ""full"", ""merange"": ""21"", ""open-gop"": ""1"", ""psy-rd"": ""0.5"", ""psy-rdoq"": ""2.5"", ""qcomp"": ""0.5"", ""qpmax"": ""41"", ""qpmin"": ""10"", ""rc-lookahead"": ""49"", ""rd"": ""3"", ""rdoq-level"": ""0"", ""rect"": ""1"", ""ref"": ""4"", ""rskip"": ""0"", ""sao"": ""0"", ""scenecut"": ""77"", ""subme"": ""3"", ""tu-inter-depth"": ""1"", ""tu-intra-depth"": ""2"", ""weightb"": ""0"", ""weightp"": ""1"", ""wpp"": ""1""}"
x265,bestconfig,7301,single,160,70.91,4.35,70.91,4.682338714599609,"['Standard', '320p', 30, '10s']",0.0,4.682255744934082,0.0,"{""amp"": ""1"", ""aq-mode"": ""3"", ""aq-strength"": ""0.0"", ""b-adapt"": ""0"", ""bframes"": ""1"", ""crf"": ""32.0"", ""ctu"": ""64"", ""keyint"": ""325"", ""limit-refs"": ""1"", ""limit-tu"": ""3"", ""me"": ""dia"", ""merange"": ""22"", ""open-gop"": ""1"", ""psy-rd"": ""2.0"", ""psy-rdoq"": ""1.0"", ""qcomp"": ""0.9"", ""qpmax"": ""42"", ""qpmin"": ""8"", ""rc-lookahead"": ""53"", ""rd"": ""2"", ""rdoq-level"": ""2"", ""rect"": ""0"", ""ref"": ""2"", ""rskip"": ""0"", ""sao"": ""1"", ""scenecut"": ""78"", ""subme"": ""2"", ""tu-inter-depth"": ""2"", ""tu-intra-depth"": ""3"", ""weightb"": ""1"", ""weightp"": ""0"", ""wpp"": ""1""}"
x265,bestconfig,7301,single,161,9.62,31.64,9.62,31.986748456954956,"['Standard', '320p', 30, '10s']",0.0,31.98665690422058,0.0,"{""amp"": ""1"", ""aq-mode"": ""3"", ""aq-strength"": ""1.5"", ""b-adapt"": ""1"", ""bframes"": ""1"", ""crf"": ""30.0"", ""ctu"": ""16"", ""keyint"": ""122"", ""limit-refs"": ""1"", ""limit-tu"": ""2"", ""me"": ""hex"", ""merange"": ""45"", ""open-gop"": ""0"", ""psy-rd"": ""1.5"", ""psy-rdoq"": ""1.0"", ""qcomp"": ""0.5"", ""qpmax"": ""22"", ""qpmin"": ""18"", ""rc-lookahead"": ""52"", ""rd"": ""5"", ""rdoq-level"": ""1"", ""rect"": ""0"", ""ref"": ""2"", ""rskip"": ""0"", ""sao"": ""1"", ""scenecut"": ""80"", ""subme"": ""3"", ""tu-inter-depth"": ""2"", ""tu-intra-depth"": ""3"", ""weightb"": ""1"", ""weightp"": ""0"", ""wpp"": ""1""}"
x265,bestconfig,7301,single,162,10.73,28.39,10.73,28.728444576263428,"['Standard', '320p', 30, '10s']",0.0,28.728352785110474,0.0,"{""amp"": ""1"", ""aq-mode"": ""1"", ""aq-strength"": ""2.0"", ""b-adapt"": ""1"", ""bframes"": ""7"", ""crf"": ""18.0"", ""ctu"": ""64"", ""keyint"": ""228"", ""limit-refs"": ""1"", ""limit-tu"": ""3"", ""me"": ""full"", ""merange"": ""53"", ""open-gop"": ""1"", ""psy-rd"": ""2.5"", ""psy-rdoq"": ""3.0"", ""qcomp"": ""0.6"", ""qpmax"": ""28"", ""qpmin"": ""7"", ""rc-lookahead"": ""20"", ""rd"": ""3"", ""rdoq-level"": ""0"", ""rect"": ""0"", ""ref"": ""3"", ""rskip"": ""1"", ""sao"": ""0"", ""scenecut"": ""28"", ""subme"": ""1"", ""tu-inter-depth"": ""4"", ""tu-intra-depth"": ""1"", ""weightb"": ""0"", ""weightp"": ""0"", ""wpp"": ""1""}"
x265,bestconfig,7301,single,163,38.27,8.0,38.27,8.346544742584229,"['Standard', '320p', 30, '10s']",0.0,8.34645414352417,0.0,"{""amp"": ""1"", ""aq-mode"": ""2"", ""aq-strength"": ""1.0"", ""b-adapt"": ""0"", ""bframes"": ""2"", ""crf"": ""22.0"", ""ctu"": ""32"", ""keyint"": ""375"", ""limit-refs"": ""2"", ""limit-tu"": ""1"", ""me"": ""hex"", ""merange"": ""40"", ""open-gop"": ""0"", ""psy-rd"": ""3.0"", ""psy-rdoq"": ""0.0"", ""qcomp"": ""0.5"", ""qpmax"": ""38"", ""qpmin"": ""16"", ""rc-lookahead"": ""31"", ""rd"": ""2"", ""rdoq-level"": ""2"", ""rect"": ""1"", ""ref"": ""3"", ""rskip"": ""1"", ""sao"": ""1"", ""scenecut"": ""3"", ""subme"": ""2"", ""tu-inter-depth"": ""2"", ""tu-intra-depth"": ""4"", ""weightb"": ""0"", ""weightp"": ""1"", ""wpp"": ""0""}"
x265,bestconfig,7301,single,164,54.27,5.66,54.27,6.055992364883423,"['Standard', '320p', 30, '10s']",0.0,6.055859327316284,0.0,"{""amp"": ""0"", ""aq-mode"": ""1"", ""aq-strength"": ""1.8"", ""b-adapt"": ""2"", ""bframes"": ""2"", ""crf"": ""25.0"", ""ctu"": ""32"", ""keyint"": ""47"", ""limit-refs"": ""3"", ""limit-tu"": ""1"", ""me"": ""dia"", ""merange"": ""23"", ""open-gop"": ""1"", ""psy-rd"": ""0.5"", ""psy-rdoq"": ""4.5"", ""qcomp"": ""0.75"", ""qpmax"": ""41"", ""qpmin"": ""10"", ""rc-lookahead"": ""44"", ""rd"": ""4"", ""rdoq-level"": ""0"", ""rect"": ""1"", ""ref"": ""4"", ""rskip"": ""0"", ""sao"": ""0"", ""scenecut"": ""14"", ""subme"": ""3"", ""tu-inter-depth"": ""3"", ""tu-intra-depth"": ""4"", ""weightb"": ""0"", ""weightp"": ""1"", ""wpp"": ""0""}"
x265,bestconfig,7301,single,165,18.56,16.43,18.56,16.763991117477417,"['Standard', '320p', 30, '10s']",0.0,16.763896703720093,0.0,"{""amp"": ""1"", ""aq-mode"": ""2"", ""aq-strength"": ""0.0"", ""b-adapt"": ""1"", ""bframes"": ""4"", ""crf"": ""28.0"", ""ctu"": ""32"", ""keyint"": ""154"", ""limit-refs"": ""0"", ""limit-tu"": ""0"", ""me"": ""umh"", ""merange"": ""16"", ""open-gop"": ""0"", ""psy-rd"": ""1.0"", ""psy-rdoq"": ""0.5"", ""qcomp"": ""0.8"", ""qpmax"": ""47"", ""qpmin"": ""1"", ""rc-lookahead"": ""11"", ""rd"": ""3"", ""rdoq-level"": ""1"", ""rect"": ""1"", ""ref"": ""5"", ""rskip"": ""0"", ""sao"": ""0"", ""scenecut"": ""46"", ""subme"": ""4"", ""tu-inter-depth"": ""3"", ""tu-intra-depth"": ""2"", ""weightb"": ""0"", ""weightp"": ""0"", ""wpp"": ""1""}"
x265,bestconfig,7301,single,166,13.81,22.07,13.81,22.46922779083252,"['Standard', '320p', 30, '10s']",0.0,22.46908950805664,0.0,"{""amp"": ""0"", ""aq-mode"": ""4"", ""aq-strength"": ""1.2"", ""b-adapt"": ""2"", ""bframes"": ""3"", ""crf"": ""18.0"", ""ctu"": ""16"", ""keyint"": ""400"", ""limit-refs"": ""1"", ""limit-tu"": ""3"", ""me"": ""star"", ""merange"": ""60"", ""open-gop"": ""0"", ""psy-rd"": ""3.5"", ""psy-rdoq"": ""4.0"", ""qcomp"": ""0.7"", ""qpmax"": ""50"", ""qpmin"": ""3"", ""rc-lookahead"": ""23"", ""rd"": ""5"", ""rdoq-level"": ""1"", ""rect"": ""0"", ""ref"": ""2"", ""rskip"": ""0"", ""sao"": ""1"", ""scenecut"": ""96"", ""subme"": ""5"", ""tu-inter-depth"": ""1"", ""tu-intra-depth"": ""3"", ""weightb"": ""1"", ""weightp"": ""1"", ""wpp"": ""1""}"
x265,bestconfig,7301,single,167,17.27,17.66,17.27,17.992963075637817,"['Standard', '320p', 30, '10s']",0.0,17.992850303649902,0.0,"{""amp"": ""0"", ""aq-mode"": ""3"", ""aq-strength"": ""0.8"", ""b-adapt"": ""0"", ""bframes"": ""5"", ""crf"": ""32.0"", ""ctu"": ""64"", ""keyint"": ""465"", ""limit-refs"": ""2"", ""limit-tu"": ""4"", ""me"": ""dia"", ""merange"": ""33"", ""open-gop"": ""1"", ""psy-rd"": ""2.0"", ""psy-rdoq"": ""2.5"", ""qcomp"": ""1.0"", ""qpmax"": ""32"", ""qpmin"": ""8"", ""rc-lookahead"": ""55"", ""rd"": ""6"", ""rdoq-level"": ""1"", ""rect"": ""1"", ""ref"": ""6"", ""rskip"": ""1"", ""sao"": ""1"", ""scenecut"": ""71"", ""subme"": ""4"", ""tu-inter-depth"": ""3"", ""tu-intra-depth"": ""2"", ""weightb"": ""1"", ""weightp"": ""1"", ""wpp"": ""0""}"
x265,bestconfig,7301,single,168,50.93,6.03,50.93,6.3675878047943115,"['Standard', '320p', 30, '10s']",0.0,6.367494344711304,0.0,"{""amp"": ""0"", ""aq-mode"": ""0"", ""aq-strength"": ""0.5"", ""b-adapt"": ""1"", ""bframes"": ""8"", ""crf"": ""20.0"", ""ctu"": ""16"", ""keyint"": ""296"", ""limit-refs"": ""3"", ""limit-tu"": ""2"", ""me"": ""star"", ""merange"": ""51"", ""open-gop"": ""1"", ""psy-rd"": ""0.0"", ""psy-rdoq"": ""2.0"", ""qcomp"": ""0.9"", ""qpmax"": ""25"", ""qpmin"": ""13"", ""rc-lookahead"": ""39"", ""rd"": ""2"", ""rdoq-level"": ""2"", ""rect"": ""0"", ""ref"": ""5"", ""rskip"": ""1"", ""sao"": ""0"", ""scenecut"": ""61"", ""subme"": ""2"", ""tu-inter-depth"": ""1"", ""tu-intra-depth"": ""1"", ""weightb"": ""1"", ""weightp"": ""0"", ""wpp"": ""0""}"
x265,bestconfig,7301,single,169,23.5,12.99,23.5,13.345750570297241,"['Standard', '320p', 30, '10s']",0.0,13.345662593841553,0.0,"{""amp"": ""1"", ""aq-mode"": ""3"", ""aq-strength"": ""2.0"", ""b-adapt"": ""2"", ""bframes"": ""1"", ""crf"": ""18.0"", ""ctu"": ""32"", ""keyint"": ""335"", ""limit-refs"": ""2"", ""limit-tu"": ""2"", ""me"": ""hex"", ""merange"": ""19"", ""open-gop"": ""0"", ""psy-rd"": ""0.0"", ""psy-rdoq"": ""0.0"", ""qcomp"": ""1.0"", ""qpmax"": ""44"", ""qpmin"": ""9"", ""rc-lookahead"": ""48"", ""rd"": ""3"", ""rdoq-level"": ""1"", ""rect"": ""0"", ""ref"": ""3"", ""rskip"": ""1"", ""sao"": ""0"", ""scenecut"": ""79"", ""subme"": ""4"", ""tu-inter-depth"": ""2"", ""tu-intra-depth"": ""3"", ""weightb"": ""1"", ""weightp"": ""0"", ""wpp"": ""0""}"
x265,bestconfig,7301,single,170,64.24,4.83,64.24,5.382739067077637,"['Standard', '320p', 30, '10s']",0.0,5.3826398849487305,0.0,"{""amp"": ""0"", ""aq-mode"": ""3"", ""aq-strength"": ""1.5"", ""b-adapt"": ""0"", ""bframes"": ""1"", ""crf"": ""32.0"", ""ctu"": ""32"", ""keyint"": ""311"", ""limit-refs"": ""0"", ""limit-tu"": ""3"", ""me"": ""dia"", ""merange"": ""20"", ""open-gop"": ""0"", ""psy-rd"": ""1.5"", ""psy-rdoq"": ""3.0"", ""qcomp"": ""0.5"", ""qpmax"": ""42"", ""qpmin"": ""8"", ""rc-lookahead"": ""55"", ""rd"": ""2"", ""rdoq-level"": ""2"", ""rect"": ""1"", ""ref"": ""3"", ""rskip"": ""0"", ""sao"": ""1"", ""scenecut"": ""77"", ""subme"": ""2"", ""tu-inter-depth"": ""3"", ""tu-intra-depth"": ""3"", ""weightb"": ""1"", ""weightp"": ""1"", ""wpp"": ""0""}"
x265,bestconfig,7301,single,171,77.97,3.96,77.97,4.293006181716919,"['Standard', '320p', 30, '10s']",0.0,4.292920351028442,0.0,"{""amp"": ""0"", ""aq-mode"": ""2"", ""aq-strength"": ""1.8"", ""b-adapt"": ""1"", ""bframes"": ""1"", ""crf"": ""30.0"", ""ctu"": ""64"", ""keyint"": ""354"", ""limit-refs"": ""1"", ""limit-tu"": ""1"", ""me"": ""hex"", ""merange"": ""17"", ""open-gop"": ""1"", ""psy-rd"": ""3.5"", ""psy-rdoq"": ""1.0"", ""qcomp"": ""0.7"", ""qpmax"": ""45"", ""qpmin"": ""10"", ""rc-lookahead"": ""46"", ""rd"": ""2"", ""rdoq-level"": ""0"", ""rect"": ""0"", ""ref"": ""3"", ""rskip"": ""0"", ""sao"": ""0"", ""scenecut"": ""74"", ""subme"": ""3"", ""tu-inter-depth"": ""2"", ""tu-intra-depth"": ""2"", ""weightb"": ""0"", ""weightp"": ""0"", ""wpp"": ""0""}"
x265,bestconfig,7301,single,172,83.01,3.72,83.01,4.0527732372283936,"['Standard', '320p', 30, '10s']",0.0,4.052684545516968,0.0,"{""amp"": ""1"", ""aq-mode"": ""3"", ""aq-strength"": ""1.0"", ""b-adapt"": ""1"", ""bframes"": ""1"", ""crf"": ""28.0"", ""ctu"": ""32"", ""keyint"": ""297"", ""limit-refs"": ""1"", ""limit-tu"": ""1"", ""me"": ""star"", ""merange"": ""16"", ""open-gop"": ""1"", ""psy-rd"": ""0.5"", ""psy-rdoq"": ""2.5"", ""qcomp"": ""0.8"", ""qpmax"": ""39"", ""qpmin"": ""8"", ""rc-lookahead"": ""50"", ""rd"": ""2"", ""rdoq-level"": ""1"", ""rect"": ""0"", ""ref"": ""4"", ""rskip"": ""1"", ""sao"": ""1"", ""scenecut"": ""75"", ""subme"": ""2"", ""tu-inter-depth"": ""2"", ""tu-intra-depth"": ""4"", ""weightb"": ""1"", ""weightp"": ""1"", ""wpp"": ""0""}"
x265,bestconfig,7301,single,173,13.24,23.02,13.24,23.366110801696777,"['Standard', '320p', 30, '10s']",0.0,23.365973472595215,0.0,"{""amp"": ""0"", ""aq-mode"": ""2"", ""aq-strength"": ""0.5"", ""b-adapt"": ""2"", ""bframes"": ""0"", ""crf"": ""25.0"", ""ctu"": ""16"", ""keyint"": ""344"", ""limit-refs"": ""1"", ""limit-tu"": ""2"", ""me"": ""full"", ""merange"": ""22"", ""open-gop"": ""0"", ""psy-rd"": ""2.5"", ""psy-rdoq"": ""0.5"", ""qcomp"": ""0.9"", ""qpmax"": ""43"", ""qpmin"": ""9"", ""rc-lookahead"": ""53"", ""rd"": ""3"", ""rdoq-level"": ""1"", ""rect"": ""1"", ""ref"": ""4"", ""rskip"": ""1"", ""sao"": ""0"", ""scenecut"": ""73"", ""subme"": ""4"", ""tu-inter-depth"": ""1"", ""tu-intra-depth"": ""3"", ""weightb"": ""0"", ""weightp"": ""1"", ""wpp"": ""1""}"
x265,bestconfig,7301,single,174,25.68,11.89,25.68,12.23465895652771,"['Standard', '320p', 30, '10s']",0.0,12.234569549560547,0.0,"{""amp"": ""0"", ""aq-mode"": ""4"", ""aq-strength"": ""1.2"", ""b-adapt"": ""1"", ""bframes"": ""0"", ""crf"": ""18.0"", ""ctu"": ""16"", ""keyint"": ""371"", ""limit-refs"": ""0"", ""limit-tu"": ""2"", ""me"": ""umh"", ""merange"": ""18"", ""open-gop"": ""0"", ""psy-rd"": ""1.0"", ""psy-rdoq"": ""4.5"", ""qcomp"": ""0.6"", ""qpmax"": ""46"", ""qpmin"": ""9"", ""rc-lookahead"": ""52"", ""rd"": ""2"", ""rdoq-level"": ""1"", ""rect"": ""1"", ""ref"": ""3"", ""rskip"": ""1"", ""sao"": ""1"", ""scenecut"": ""76"", ""subme"": ""3"", ""tu-inter-depth"": ""2"", ""tu-intra-depth"": ""2"", ""weightb"": ""0"", ""weightp"": ""1"", ""wpp"": ""1""}"
x265,bestconfig,7301,single,175,45.61,6.72,45.61,7.0646748542785645,"['Standard', '320p', 30, '10s']",0.0,7.064578533172607,0.0,"{""amp"": ""1"", ""aq-mode"": ""4"", ""aq-strength"": ""0.8"", ""b-adapt"": ""0"", ""bframes"": ""0"", ""crf"": ""22.0"", ""ctu"": ""16"", ""keyint"": ""362"", ""limit-refs"": ""2"", ""limit-tu"": ""3"", ""me"": ""star"", ""merange"": ""21"", ""open-gop"": ""1"", ""psy-rd"": ""3.0"", ""psy-rdoq"": ""2.0"", ""qcomp"": ""0.75"", ""qpmax"": ""39"", ""qpmin"": ""10"", ""rc-lookahead"": ""44"", ""rd"": ""3"", ""rdoq-level"": ""0"", ""rect"": ""0"", ""ref"": ""2"", ""rskip"": ""0"", ""sao"": ""1"", ""scenecut"": ""80"", ""subme"": ""3"", ""tu-inter-depth"": ""1"", ""tu-intra-depth"": ""3"", ""weightb"": ""0"", ""weightp"": ""0"", ""wpp"": ""1""}"
x265,bestconfig,7301,single,176,16.34,18.66,16.34,19.00398087501526,"['Standard', '320p', 30, '10s']",0.0,19.00388813018799,0.0,"{""amp"": ""1"", ""aq-mode"": ""3"", ""aq-strength"": ""0.0"", ""b-adapt"": ""1"", ""bframes"": ""0"", ""crf"": ""20.0"", ""ctu"": ""64"", ""keyint"": ""317"", ""limit-refs"": ""1"", ""limit-tu"": ""2"", ""me"": ""dia"", ""merange"": ""23"", ""open-gop"": ""1"", ""psy-rd"": ""2.0"", ""psy-rdoq"": ""4.0"", ""qcomp"": ""0.5"", ""qpmax"": ""40"", ""qpmin"": ""9"", ""rc-lookahead"": ""48"", ""rd"": ""3"", ""rdoq-level"": ""2"", ""rect"": ""1"", ""ref"": ""2"", ""rskip"": ""0"", ""sao"": ""0"", ""scenecut"": ""71"", ""subme"": ""3"", ""tu-inter-depth"": ""3"", ""tu-intra-depth"": ""3"", ""weightb"": ""1"", ""weightp"": ""0"", ""wpp"": ""1""}"
x265,bestconfig,7301,single,177,75.76,4.07,75.76,4.4010841846466064,"['Standard', '320p', 30, '10s']",0.0,4.400993585586548,0.0,"{""amp"": ""0"", ""aq-mode"": ""1"", ""aq-strength"": ""1.5"", ""b-adapt"": ""2"", ""bframes"": ""5"", ""crf"": ""25.0"", ""ctu"": ""32"", ""keyint"": ""153"", ""limit-refs"": ""0"", ""limit-tu"": ""3"", ""me"": ""star"", ""merange"": ""31"", ""open-gop"": ""1"", ""psy-rd"": ""0.0"", ""psy-rdoq"": ""4.5"", ""qcomp"": ""0.8"", ""qpmax"": ""50"", ""qpmin"": ""12"", ""rc-lookahead"": ""55"", ""rd"": ""2"", ""rdoq-level"": ""2"", ""rect"": ""0"", ""ref"": ""1"", ""rskip"": ""1"", ""sao"": ""0"", ""scenecut"": ""47"", ""subme"": ""2"", ""tu-inter-depth"": ""2"", ""tu-intra-depth"": ""2"", ""weightb"": ""1"", ""weightp"": ""0"", ""wpp"": ""1""}"
x265,bestconfig,7301,single,178,9.05,33.66,9.05,33.998311042785645,"['Standard', '320p', 30, '10s']",0.0,33.998218059539795,0.0,"{""amp"": ""1"", ""aq-mode"": ""1"", ""aq-strength"": ""0.0"", ""b-adapt"": ""1"", ""bframes"": ""3"", ""crf"": ""20.0"", ""ctu"": ""64"", ""keyint"": ""455"", ""limit-refs"": ""3"", ""limit-tu"": ""1"", ""me"": ""dia"", ""merange"": ""63"", ""open-gop"": ""0"", ""psy-rd"": ""2.0"", ""psy-rdoq"": ""1.0"", ""qcomp"": ""0.5"", ""qpmax"": ""24"", ""qpmin"": ""7"", ""rc-lookahead"": ""47"", ""rd"": ""5"", ""rdoq-level"": ""0"", ""rect"": ""1"", ""ref"": ""4"", ""rskip"": ""1"", ""sao"": ""1"", ""scenecut"": ""79"", ""subme"": ""2"", ""tu-inter-depth"": ""2"", ""tu-intra-depth"": ""2"", ""weightb"": ""0"", ""weightp"": ""0"", ""wpp"": ""0""}"
x265,bestconfig,7301,single,179,31.37,9.75,31.37,10.083426237106323,"['Standard', '320p', 30, '10s']",0.0,10.083324909210205,0.0,"{""amp"": ""0"", ""aq-mode"": ""4"", ""aq-strength"": ""0.5"", ""b-adapt"": ""1"", ""bframes"": ""5"", ""crf"": ""22.0"", ""ctu"": ""32"", ""keyint"": ""224"", ""limit-refs"": ""2"", ""limit-tu"": ""2"", ""me"": ""hex"", ""merange"": ""25"", ""open-gop"": ""1"", ""psy-rd"": ""0.5"", ""psy-rdoq"": ""0.0"", ""qcomp"": ""0.9"", ""qpmax"": ""23"", ""qpmin"": ""8"", ""rc-lookahead"": ""19"", ""rd"": ""2"", ""rdoq-level"": ""2"", ""rect"": ""0"", ""ref"": ""4"", ""rskip"": ""0"", ""sao"": ""1"", ""scenecut"": ""8"", ""subme"": ""3"", ""tu-inter-depth"": ""2"", ""tu-intra-depth"": ""1"", ""weightb"": ""1"", ""weightp"": ""1"", ""wpp"": ""1""}"
x265,bestconfig,7301,single,180,34.75,8.8,34.75,9.321897506713867,"['Standard', '320p', 30, '10s']",0.0,9.321800470352173,0.0,"{""amp"": ""0"", ""aq-mode"": ""3"", ""aq-strength"": ""2.0"", ""b-adapt"": ""0"", ""bframes"": ""4"", ""crf"": ""28.0"", ""ctu"": ""32"", ""keyint"": ""369"", ""limit-refs"": ""1"", ""limit-tu"": ""2"", ""me"": ""hex"", ""merange"": ""34"", ""open-gop"": ""0"", ""psy-rd"": ""1.5"", ""psy-rdoq"": ""2.0"", ""qcomp"": ""1.0"", ""qpmax"": ""36"", ""qpmin"": ""13"", ""rc-lookahead"": ""35"", ""rd"": ""3"", ""rdoq-level"": ""1"", ""rect"": ""1"", ""ref"": ""5"", ""rskip"": ""0"", ""sao"": ""0"", ""scenecut"": ""74"", ""subme"": ""4"", ""tu-inter-depth"": ""3"", ""tu-intra-depth"": ""3"", ""weightb"": ""1"", ""weightp"": ""0"", ""wpp"": ""1""}"
x265,bestconfig,7301,single,181,2.64,115.19,2.64,115.53729677200317,"['Standard', '320p', 30, '10s']",0.0,115.53719568252563,0.0,"{""amp"": ""1"", ""aq-mode"": ""0"", ""aq-strength"": ""1.8"", ""b-adapt"": ""1"", ""bframes"": ""8"", ""crf"": ""18.0"", ""ctu"": ""16"", ""keyint"": ""70"", ""limit-refs"": ""2"", ""limit-tu"": ""3"", ""me"": ""full"", ""merange"": ""46"", ""open-gop"": ""0"", ""psy-rd"": ""2.5"", ""psy-rdoq"": ""2.5"", ""qcomp"": ""0.6"", ""qpmax"": ""29"", ""qpmin"": ""18"", ""rc-lookahead"": ""25"", ""rd"": ""6"", ""rdoq-level"": ""1"", ""rect"": ""0"", ""ref"": ""3"", ""rskip"": ""0"", ""sao"": ""1"", ""scenecut"": ""54"", ""subme"": ""1"", ""tu-inter-depth"": ""3"", ""tu-intra-depth"": ""3"", ""weightb"": ""1"", ""weightp"": ""0"", ""wpp"": ""0""}"
x265,bestconfig,7301,single,182,50.97,6.02,50.97,6.339609622955322,"['Standard', '320p', 30, '10s']",0.0,6.339510679244995,0.0,"{""amp"": ""1"", ""aq-mode"": ""2"", ""aq-strength"": ""0.8"", ""b-adapt"": ""0"", ""bframes"": ""0"", ""crf"": ""30.0"", ""ctu"": ""16"", ""keyint"": ""97"", ""limit-refs"": ""0"", ""limit-tu"": ""1"", ""me"": ""star"", ""merange"": ""17"", ""open-gop"": ""1"", ""psy-rd"": ""3.0"", ""psy-rdoq"": ""4.0"", ""qcomp"": ""0.75"", ""qpmax"": ""46"", ""qpmin"": ""16"", ""rc-lookahead"": ""13"", ""rd"": ""2"", ""rdoq-level"": ""0"", ""rect"": ""1"", ""ref"": ""3"", ""rskip"": ""0"", ""sao"": ""1"", ""scenecut"": ""20"", ""subme"": ""3"", ""tu-inter-depth"": ""3"", ""tu-intra-depth"": ""3"", ""weightb"": ""0"", ""weightp"": ""1"", ""wpp"": ""0""}"
x265,bestconfig,7301,single,183,22.02,13.87,22.02,14.221707105636597,"['Standard', '320p', 30, '10s']",0.0,14.221617221832275,0.0,"{""amp"": ""1"", ""aq-mode"": ""3"", ""aq-strength"": ""1.2"", ""b-adapt"": ""1"", ""bframes"": ""7"", ""crf"": ""18.0"", ""ctu"": ""64"", ""keyint"": ""265"", ""limit-refs"": ""2"", ""limit-tu"": ""4"", ""me"": ""umh"", ""merange"": ""41"", ""open-gop"": ""0"", ""psy-rd"": ""1.0"", ""psy-rdoq"": ""0.5"", ""qcomp"": ""0.5"", ""qpmax"": ""34"", ""qpmin"": ""3"", ""rc-lookahead"": ""52"", ""rd"": ""4"", ""rdoq-level"": ""1"", ""rect"": ""1"", ""ref"": ""2"", ""rskip"": ""1"", ""sao"": ""0"", ""scenecut"": ""98"", ""subme"": ""5"", ""tu-inter-depth"": ""4"", ""tu-intra-depth"": ""2"", ""weightb"": ""0"", ""weightp"": ""1"", ""wpp"": ""1""}"
x265,bestconfig,7301,single,184,103.35,3.0,103.35,3.3388864994049072,"['Standard', '320p', 30, '10s']",0.0,3.338799238204956,0.0,"{""amp"": ""0"", ""aq-mode"": ""2"", ""aq-strength"": ""1.0"", ""b-adapt"": ""2"", ""bframes"": ""2"", ""crf"": ""32.0"", ""ctu"": ""16"", ""keyint"": ""418"", ""limit-refs"": ""1"", ""limit-tu"": ""0"", ""me"": ""dia"", ""merange"": ""57"", ""open-gop"": ""1"", ""psy-rd"": ""3.5"", ""psy-rdoq"": ""3.0"", ""qcomp"": ""0.7"", ""qpmax"": ""41"", ""qpmin"": ""2"", ""rc-lookahead"": ""41"", ""rd"": ""4"", ""rdoq-level"": ""1"", ""rect"": ""0"", ""ref"": ""6"", ""rskip"": ""1"", ""sao"": ""0"", ""scenecut"": ""27"", ""subme"": ""4"", ""tu-inter-depth"": ""1"", ""tu-intra-depth"": ""3"", ""weightb"": ""0"", ""weightp"": ""1"", ""wpp"": ""0""}"
x265,bestconfig,7301,single,185,45.92,6.68,45.92,7.027868986129761,"['Standard', '320p', 30, '10s']",0.0,7.027776479721069,0.0,"{""amp"": ""1"", ""aq-mode"": ""2"", ""aq-strength"": ""1.5"", ""b-adapt"": ""1"", ""bframes"": ""1"", ""crf"": ""32.0"", ""ctu"": ""64"", ""keyint"": ""355"", ""limit-refs"": ""1"", ""limit-tu"": ""1"", ""me"": ""umh"", ""merange"": ""21"", ""open-gop"": ""0"", ""psy-rd"": ""2.5"", ""psy-rdoq"": ""0.5"", ""qcomp"": ""0.7"", ""qpmax"": ""40"", ""qpmin"": ""12"", ""rc-lookahead"": ""54"", ""rd"": ""3"", ""rdoq-level"": ""2"", ""rect"": ""1"", ""ref"": ""2"", ""rskip"": ""0"", ""sao"": ""0"", ""scenecut"": ""79"", ""subme"": ""4"", ""tu-inter-depth"": ""2"", ""tu-intra-depth"": ""3"", ""weightb"": ""0"", ""weightp"": ""1"", ""wpp"": ""1""}"
x265,bestconfig,7301,single,186,37.49,8.16,37.49,8.507660150527954,"['Standard', '320p', 30, '10s']",0.0,8.507574558258057,0.0,"{""amp"": ""0"", ""aq-mode"": ""3"", ""aq-strength"": ""1.2"", ""b-adapt"": ""1"", ""bframes"": ""1"", ""crf"": ""18.0"", ""ctu"": ""32"", ""keyint"": ""285"", ""limit-refs"": ""2"", ""limit-tu"": ""3"", ""me"": ""star"", ""merange"": ""21"", ""open-gop"": ""1"", ""psy-rd"": ""2.0"", ""psy-rdoq"": ""4.5"", ""qcomp"": ""0.5"", ""qpmax"": ""38"", ""qpmin"": ""9"", ""rc-lookahead"": ""48"", ""rd"": ""3"", ""rdoq-level"": ""0"", ""rect"": ""1"", ""ref"": ""2"", ""rskip"": ""1"", ""sao"": ""1"", ""scenecut"": ""76"", ""subme"": ""3"", ""tu-inter-depth"": ""1"", ""tu-intra-depth"": ""3"", ""weightb"": ""1"", ""weightp"": ""0"", ""wpp"": ""0""}"
x265,bestconfig,7301,single,187,56.46,5.46,56.46,5.801884651184082,"['Standard', '320p', 30, '10s']",0.0,5.801795482635498,0.0,"{""amp"": ""0"", ""aq-mode"": ""3"", ""aq-strength"": ""2.0"", ""b-adapt"": ""1"", ""bframes"": ""0"", ""crf"": ""28.0"", ""ctu"": ""16"", ""keyint"": ""313"", ""limit-refs"": ""0"", ""limit-tu"": ""2"", ""me"": ""dia"", ""merange"": ""19"", ""open-gop"": ""0"", ""psy-rd"": ""3.5"", ""psy-rdoq"": ""2.5"", ""qcomp"": ""0.5"", ""qpmax"": ""42"", ""qpmin"": ""9"", ""rc-lookahead"": ""49"", ""rd"": ""2"", ""rdoq-level"": ""0"", ""rect"": ""1"", ""ref"": ""3"", ""rskip"": ""0"", ""sao"": ""1"", ""scenecut"": ""78"", ""subme"": ""2"", ""tu-inter-depth"": ""2"", ""tu-intra-depth"": ""3"", ""weightb"": ""0"", ""weightp"": ""1"", ""wpp"": ""1""}"
x265,bestconfig,7301,single,188,62.15,4.95,62.15,5.292876482009888,"['Standard', '320p', 30, '10s']",0.0,5.292787790298462,0.0,"{""amp"": ""0"", ""aq-mode"": ""3"", ""aq-strength"": ""0.8"", ""b-adapt"": ""2"", ""bframes"": ""2"", ""crf"": ""25.0"", ""ctu"": ""32"", ""keyint"": ""366"", ""limit-refs"": ""2"", ""limit-tu"": ""3"", ""me"": ""hex"", ""merange"": ""18"", ""open-gop"": ""1"", ""psy-rd"": ""1.5"", ""psy-rdoq"": ""1.0"", ""qcomp"": ""0.75"", ""qpmax"": ""43"", ""qpmin"": ""11"", ""rc-lookahead"": ""48"", ""rd"": ""2"", ""rdoq-level"": ""1"", ""rect"": ""0"", ""ref"": ""4"", ""rskip"": ""1"", ""sao"": ""0"", ""scenecut"": ""75"", ""subme"": ""2"", ""tu-inter-depth"": ""3"", ""tu-intra-depth"": ""2"", ""weightb"": ""0"", ""weightp"": ""1"", ""wpp"": ""0""}"
x265,bestconfig,7301,single,189,38.98,7.86,38.98,8.204857110977173,"['Standard', '320p', 30, '10s']",0.0,8.204772472381592,0.0,"{""amp"": ""1"", ""aq-mode"": ""3"", ""aq-strength"": ""0.5"", ""b-adapt"": ""0"", ""bframes"": ""2"", ""crf"": ""18.0"", ""ctu"": ""16"", ""keyint"": ""270"", ""limit-refs"": ""1"", ""limit-tu"": ""2"", ""me"": ""dia"", ""merange"": ""24"", ""open-gop"": ""1"", ""psy-rd"": ""0.5"", ""psy-rdoq"": ""3.0"", ""qcomp"": ""1.0"", ""qpmax"": ""36"", ""qpmin"": ""10"", ""rc-lookahead"": ""52"", ""rd"": ""2"", ""rdoq-level"": ""1"", ""rect"": ""0"", ""ref"": ""3"", ""rskip"": ""1"", ""sao"": ""1"", ""scenecut"": ""76"", ""subme"": ""3"", ""tu-inter-depth"": ""3"", ""tu-intra-depth"": ""2"", ""weightb"": ""0"", ""weightp"": ""0"", ""wpp"": ""0""}"
x265,bestconfig,7301,single,190,73.11,4.22,73.11,4.607892990112305,"['Standard', '320p', 30, '10s']",0.0,4.607757568359375,0.0,"{""amp"": ""1"", ""aq-mode"": ""2"", ""aq-strength"": ""0.0"", ""b-adapt"": ""1"", ""bframes"": ""0"", ""crf"": ""30.0"", ""ctu"": ""16"", ""keyint"": ""339"", ""limit-refs"": ""1"", ""limit-tu"": ""1"", ""me"": ""star"", ""merange"": ""24"", ""open-gop"": ""1"", ""psy-rd"": ""3.0"", ""psy-rdoq"": ""2.0"", ""qcomp"": ""0.6"", ""qpmax"": ""40"", ""qpmin"": ""10"", ""rc-lookahead"": ""55"", ""rd"": ""3"", ""rdoq-level"": ""1"", ""rect"": ""0"", ""ref"": ""3"", ""rskip"": ""1"", ""sao"": ""1"", ""scenecut"": ""78"", ""subme"": ""4"", ""tu-inter-depth"": ""2"", ""tu-intra-depth"": ""3"", ""weightb"": ""1"", ""weightp"": ""0"", ""wpp"": ""0""}"
x265,bestconfig,7301,single,191,12.74,23.93,12.74,24.263583660125732,"['Standard', '320p', 30, '10s']",0.0,24.26349139213562,0.0,"{""amp"": ""0"", ""aq-mode"": ""4"", ""aq-strength"": ""1.0"", ""b-adapt"": ""0"", ""bframes"": ""1"", ""crf"": ""20.0"", ""ctu"": ""64"", ""keyint"": ""328"", ""limit-refs"": ""1"", ""limit-tu"": ""2"", ""me"": ""full"", ""merange"": ""20"", ""open-gop"": ""0"", ""psy-rd"": ""1.0"", ""psy-rdoq"": ""4.0"", ""qcomp"": ""0.9"", ""qpmax"": ""45"", ""qpmin"": ""8"", ""rc-lookahead"": ""50"", ""rd"": ""2"", ""rdoq-level"": ""1"", ""rect"": ""1"", ""ref"": ""3"", ""rskip"": ""0"", ""sao"": ""0"", ""scenecut"": ""77"", ""subme"": ""3"", ""tu-inter-depth"": ""1"", ""tu-intra-depth"": ""2"", ""weightb"": ""1"", ""weightp"": ""1"", ""wpp"": ""1""}"
x265,bestconfig,7301,single,192,35.26,8.68,35.26,9.022104740142822,"['Standard', '320p', 30, '10s']",0.0,9.02200436592102,0.0,"{""amp"": ""1"", ""aq-mode"": ""4"", ""aq-strength"": ""1.8"", ""b-adapt"": ""2"", ""bframes"": ""1"", ""crf"": ""22.0"", ""ctu"": ""32"", ""keyint"": ""302"", ""limit-refs"": ""0"", ""limit-tu"": ""2"", ""me"": ""hex"", ""merange"": ""23"", ""open-gop"": ""0"", ""psy-rd"": ""0.0"", ""psy-rdoq"": ""0.0"", ""qcomp"": ""0.8"", ""qpmax"": ""44"", ""qpmin"": ""11"", ""rc-lookahead"": ""51"", ""rd"": ""3"", ""rdoq-level"": ""2"", ""rect"": ""0"", ""ref"": ""4"", ""rskip"": ""0"", ""sao"": ""0"", ""scenecut"": ""74"", ""subme"": ""3"", ""tu-inter-depth"": ""2"", ""tu-intra-depth"": ""2"", ""weightb"": ""1"", ""weightp"": ""0"", ""wpp"": ""1""}"
x265,bestconfig,7301,single,193,46.73,6.56,46.73,6.890197515487671,"['Standard', '320p', 30, '10s']",0.0,6.890103816986084,0.0,"{""amp"": ""1"", ""aq-mode"": ""3"", ""aq-strength"": ""0.5"", ""b-adapt"": ""0"", ""bframes"": ""1"", ""crf"": ""25.0"", ""ctu"": ""32"", ""keyint"": ""187"", ""limit-refs"": ""2"", ""limit-tu"": ""1"", ""me"": ""dia"", ""merange"": ""22"", ""open-gop"": ""0"", ""psy-rd"": ""1.0"", ""psy-rdoq"": ""0.5"", ""qcomp"": ""0.75"", ""qpmax"": ""34"", ""qpmin"": ""8"", ""rc-lookahead"": ""31"", ""rd"": ""2"", ""rdoq-level"": ""1"", ""rect"": ""1"", ""ref"": ""4"", ""rskip"": ""1"", ""sao"": ""1"", ""scenecut"": ""18"", ""subme"": ""4"", ""tu-inter-depth"": ""2"", ""tu-intra-depth"": ""2"", ""weightb"": ""0"", ""weightp"": ""0"", ""wpp"": ""1""}"
x265,bestconfig,7301,single,194,11.26,27.04,11.26,27.384485721588135,"['Standard', '320p', 30, '10s']",0.0,27.38439393043518,0.0,"{""amp"": ""1"", ""aq-mode"": ""1"", ""aq-strength"": ""1.0"", ""b-adapt"": ""0"", ""bframes"": ""3"", ""crf"": ""18.0"", ""ctu"": ""16"", ""keyint"": ""301"", ""limit-refs"": ""0"", ""limit-tu"": ""0"", ""me"": ""star"", ""merange"": ""43"", ""open-gop"": ""0"", ""psy-rd"": ""2.0"", ""psy-rdoq"": ""0.0"", ""qcomp"": ""0.6"", ""qpmax"": ""20"", ""qpmin"": ""4"", ""rc-lookahead"": ""21"", ""rd"": ""5"", ""rdoq-level"": ""0"", ""rect"": ""0"", ""ref"": ""2"", ""rskip"": ""1"", ""sao"": ""1"", ""scenecut"": ""90"", ""subme"": ""4"", ""tu-inter-depth"": ""3"", ""tu-intra-depth"": ""2"", ""weightb"": ""1"", ""weightp"": ""0"", ""wpp"": ""1""}"
x265,bestconfig,7301,single,195,14.91,20.46,14.91,20.792223930358887,"['Standard', '320p', 30, '10s']",0.0,20.79213047027588,0.0,"{""amp"": ""0"", ""aq-mode"": ""0"", ""aq-strength"": ""2.0"", ""b-adapt"": ""2"", ""bframes"": ""2"", ""crf"": ""28.0"", ""ctu"": ""16"", ""keyint"": ""80"", ""limit-refs"": ""0"", ""limit-tu"": ""3"", ""me"": ""dia"", ""merange"": ""30"", ""open-gop"": ""1"", ""psy-rd"": ""0.0"", ""psy-rdoq"": ""2.0"", ""qcomp"": ""0.5"", ""qpmax"": ""29"", ""qpmin"": ""12"", ""rc-lookahead"": ""57"", ""rd"": ""5"", ""rdoq-level"": ""0"", ""rect"": ""1"", ""ref"": ""4"", ""rskip"": ""1"", ""sao"": ""1"", ""scenecut"": ""43"", ""subme"": ""3"", ""tu-inter-depth"": ""3"", ""tu-intra-depth"": ""3"", ""weightb"": ""1"", ""weightp"": ""0"", ""wpp"": ""0""}"
x265,bestconfig,7301,single,196,54.96,5.59,54.96,5.932697534561157,"['Standard', '320p', 30, '10s']",0.0,5.932610988616943,0.0,"{""amp"": ""0"", ""aq-mode"": ""2"", ""aq-strength"": ""1.2"", ""b-adapt"": ""1"", ""bframes"": ""7"", ""crf"": ""32.0"", ""ctu"": ""16"", ""keyint"": ""475"", ""limit-refs"": ""1"", ""limit-tu"": ""1"", ""me"": ""hex"", ""merange"": ""60"", ""open-gop"": ""0"", ""psy-rd"": ""3.0"", ""psy-rdoq"": ""1.0"", ""qcomp"": ""0.8"", ""qpmax"": ""42"", ""qpmin"": ""14"", ""rc-lookahead"": ""53"", ""rd"": ""4"", ""rdoq-level"": ""2"", ""rect"": ""1"", ""ref"": ""5"", ""rskip"": ""0"", ""sao"": ""0"", ""scenecut"": ""74"", ""subme"": ""2"", ""tu-inter-depth"": ""3"", ""tu-intra-depth"": ""3"", ""weightb"": ""0"", ""weightp"": ""1"", ""wpp"": ""0""}"
x265,bestconfig,7301,single,197,59.42,5.18,59.42,5.500276565551758,"['Standard', '320p', 30, '10s']",0.0,5.500186443328857,0.0,"{""amp"": ""0"", ""aq-mode"": ""1"", ""aq-strength"": ""1.8"", ""b-adapt"": ""2"", ""bframes"": ""5"", ""crf"": ""30.0"", ""ctu"": ""64"", ""keyint"": ""388"", ""limit-refs"": ""2"", ""limit-tu"": ""4"", ""me"": ""umh"", ""merange"": ""47"", ""open-gop"": ""1"", ""psy-rd"": ""1.5"", ""psy-rdoq"": ""4.5"", ""qcomp"": ""0.5"", ""qpmax"": ""38"", ""qpmin"": ""2"", ""rc-lookahead"": ""46"", ""rd"": ""3"", ""rdoq-level"": ""1"", ""rect"": ""1"", ""ref"": ""2"", ""rskip"": ""0"", ""sao"": ""0"", ""scenecut"": ""5"", ""subme"": ""2"", ""tu-inter-depth"": ""1"", ""tu-intra-depth"": ""3"", ""weightb"": ""0"", ""weightp"": ""1"", ""wpp"": ""0""}"
x265,bestconfig,7301,single,198,12.0,25.43,12.0,25.935470819473267,"['Standard', '320p', 30, '10s']",0.0,25.935365200042725,0.0,"{""amp"": ""0"", ""aq-mode"": ""2"", ""aq-strength"": ""1.5"", ""b-adapt"": ""1"", ""bframes"": ""5"", ""crf"": ""20.0"", ""ctu"": ""32"", ""keyint"": ""339"", ""limit-refs"": ""1"", ""limit-tu"": ""3"", ""me"": ""full"", ""merange"": ""56"", ""open-gop"": ""1"", ""psy-rd"": ""2.5"", ""psy-rdoq"": ""4.0"", ""qcomp"": ""0.9"", ""qpmax"": ""46"", ""qpmin"": ""19"", ""rc-lookahead"": ""23"", ""rd"": ""3"", ""rdoq-level"": ""2"", ""rect"": ""0"", ""ref"": ""1"", ""rskip"": ""0"", ""sao"": ""0"", ""scenecut"": ""29"", ""subme"": ""3"", ""tu-inter-depth"": ""2"", ""tu-intra-depth"": ""1"", ""weightb"": ""0"", ""weightp"": ""0"", ""wpp"": ""1""}"
x265,bestconfig,7301,single,199,50.04,6.14,50.04,6.5419182777404785,"['Standard', '320p', 30, '10s']",0.0,6.5417866706848145,0.0,"{""amp"": ""1"", ""aq-mode"": ""4"", ""aq-strength"": ""0.8"", ""b-adapt"": ""1"", ""bframes"": ""7"", ""crf"": ""22.0"", ""ctu"": ""64"", ""keyint"": ""240"", ""limit-refs"": ""3"", ""limit-tu"": ""2"", ""me"": ""hex"", ""merange"": ""36"", ""open-gop"": ""1"", ""psy-rd"": ""3.5"", ""psy-rdoq"": ""3.0"", ""qcomp"": ""1.0"", ""qpmax"": ""50"", ""qpmin"": ""7"", ""rc-lookahead"": ""16"", ""rd"": ""1"", ""rdoq-level"": ""1"", ""rect"": ""0"", ""ref"": ""3"", ""rskip"": ""1"", ""sao"": ""0"", ""scenecut"": ""59"", ""subme"": ""1"", ""tu-inter-depth"": ""3"", ""tu-intra-depth"": ""3"", ""weightb"": ""1"", ""weightp"": ""1"", ""wpp"": ""1""}"
x265,bestconfig,7301,single,200,18.78,16.24,18.78,16.584546089172363,"['Standard', '320p', 30, '10s']",0.0,16.584453105926514,0.0,"{""amp"": ""1"", ""aq-mode"": ""3"", ""aq-strength"": ""0.0"", ""b-adapt"": ""1"", ""bframes"": ""0"", ""crf"": ""18.0"", ""ctu"": ""32"", ""keyint"": ""139"", ""limit-refs"": ""3"", ""limit-tu"": ""2"", ""me"": ""star"", ""merange"": ""16"", ""open-gop"": ""0"", ""psy-rd"": ""0.5"", ""psy-rdoq"": ""2.5"", ""qcomp"": ""0.7"", ""qpmax"": ""24"", ""qpmin"": ""15"", ""rc-lookahead"": ""41"", ""rd"": ""4"", ""rdoq-level"": ""1"", ""rect"": ""0"", ""ref"": ""6"", ""rskip"": ""0"", ""sao"": ""1"", ""scenecut"": ""75"", ""subme"": ""5"", ""tu-inter-depth"": ""2"", ""tu-intra-depth"": ""2"", ""weightb"": ""1"", ""weightp"": ""1"", ""wpp"": ""0""}"
x265,bestconfig,7302,single,1,77.78,3.96,77.78,4.295536279678345,"['Standard', '320p', 30, '10s']",0.0,4.2948784828186035,0.0,"{""amp"": ""1"", ""aq-mode"": ""3"", ""aq-strength"": ""0.5"", ""b-adapt"": ""2"", ""bframes"": ""1"", ""crf"": ""32.0"", ""ctu"": ""64"", ""keyint"": ""463"", ""limit-refs"": ""3"", ""limit-tu"": ""3"", ""me"": ""dia"", ""merange"": ""52"", ""open-gop"": ""0"", ""psy-rd"": ""2.5"", ""psy-rdoq"": ""3.0"", ""qcomp"": ""0.75"", ""qpmax"": ""46"", ""qpmin"": ""0"", ""rc-lookahead"": ""23"", ""rd"": ""3"", ""rdoq-level"": ""0"", ""rect"": ""1"", ""ref"": ""6"", ""rskip"": ""1"", ""sao"": ""0"", ""scenecut"": ""88"", ""subme"": ""4"", ""tu-inter-depth"": ""2"", ""tu-intra-depth"": ""1"", ""weightb"": ""1"", ""weightp"": ""1"", ""wpp"": ""0""}"
x265,bestconfig,7302,single,2,24.74,12.34,24.74,12.671910762786865,"['Standard', '320p', 30, '10s']",0.0,12.671826839447021,0.0,"{""amp"": ""1"", ""aq-mode"": ""1"", ""aq-strength"": ""1.2"", ""b-adapt"": ""1"", ""bframes"": ""3"", ""crf"": ""18.0"", ""ctu"": ""16"", ""keyint"": ""320"", ""limit-refs"": ""1"", ""limit-tu"": ""0"", ""me"": ""star"", ""merange"": ""52"", ""open-gop"": ""0"", ""psy-rd"": ""0.5"", ""psy-rdoq"": ""4.0"", ""qcomp"": ""0.5"", ""qpmax"": ""34"", ""qpmin"": ""9"", ""rc-lookahead"": ""37"", ""rd"": ""3"", ""rdoq-level"": ""1"", ""rect"": ""1"", ""ref"": ""5"", ""rskip"": ""1"", ""sao"": ""0"", ""scenecut"": ""51"", ""subme"": ""1"", ""tu-inter-depth"": ""3"", ""tu-intra-depth"": ""3"", ""weightb"": ""1"", ""weightp"": ""1"", ""wpp"": ""1""}"
x265,bestconfig,7302,single,3,54.96,5.59,54.96,5.918396472930908,"['Standard', '320p', 30, '10s']",0.0,5.918311834335327,0.0,"{""amp"": ""0"", ""aq-mode"": ""2"", ""aq-strength"": ""1.8"", ""b-adapt"": ""0"", ""bframes"": ""6"", ""crf"": ""22.0"", ""ctu"": ""16"", ""keyint"": ""330"", ""limit-refs"": ""2"", ""limit-tu"": ""4"", ""me"": ""star"", ""merange"": ""41"", ""open-gop"": ""1"", ""psy-rd"": ""1.5"", ""psy-rdoq"": ""2.5"", ""qcomp"": ""0.8"", ""qpmax"": ""29"", ""qpmin"": ""7"", ""rc-lookahead"": ""22"", ""rd"": ""4"", ""rdoq-level"": ""1"", ""rect"": ""0"", ""ref"": ""4"", ""rskip"": ""0"", ""sao"": ""1"", ""scenecut"": ""44"", ""subme"": ""2"", ""tu-inter-depth"": ""2"", ""tu-intra-depth"": ""1"", ""weightb"": ""1"", ""weightp"": ""0"", ""wpp"": ""0""}"
x265,bestconfig,7302,single,4,16.71,18.25,16.71,18.564830541610718,"['Standard', '320p', 30, '10s']",0.0,18.564736127853394,0.0,"{""amp"": ""0"", ""aq-mode"": ""3"", ""aq-strength"": ""0.8"", ""b-adapt"": ""1"", ""bframes"": ""5"", ""crf"": ""25.0"", ""ctu"": ""32"", ""keyint"": ""237"", ""limit-refs"": ""1"", ""limit-tu"": ""1"", ""me"": ""hex"", ""merange"": ""36"", ""open-gop"": ""1"", ""psy-rd"": ""0.0"", ""psy-rdoq"": ""1.0"", ""qcomp"": ""0.6"", ""qpmax"": ""41"", ""qpmin"": ""13"", ""rc-lookahead"": ""49"", ""rd"": ""5"", ""rdoq-level"": ""2"", ""rect"": ""1"", ""ref"": ""5"", ""rskip"": ""1"", ""sao"": ""1"", ""scenecut"": ""28"", ""subme"": ""3"", ""tu-inter-depth"": ""1"", ""tu-intra-depth"": ""2"", ""weightb"": ""0"", ""weightp"": ""0"", ""wpp"": ""1""}"
x265,bestconfig,7302,single,5,8.08,37.68,8.08,38.01213216781616,"['Standard', '320p', 30, '10s']",0.0,38.01204490661621,0.0,"{""amp"": ""1"", ""aq-mode"": ""2"", ""aq-strength"": ""0.0"", ""b-adapt"": ""1"", ""bframes"": ""6"", ""crf"": ""18.0"", ""ctu"": ""32"", ""keyint"": ""192"", ""limit-refs"": ""1"", ""limit-tu"": ""3"", ""me"": ""full"", ""merange"": ""19"", ""open-gop"": ""0"", ""psy-rd"": ""1.0"", ""psy-rdoq"": ""4.5"", ""qcomp"": ""1.0"", ""qpmax"": ""36"", ""qpmin"": ""10"", ""rc-lookahead"": ""11"", ""rd"": ""6"", ""rdoq-level"": ""1"", ""rect"": ""0"", ""ref"": ""2"", ""rskip"": ""1"", ""sao"": ""1"", ""scenecut"": ""8"", ""subme"": ""4"", ""tu-inter-depth"": ""3"", ""tu-intra-depth"": ""2"", ""weightb"": ""0"", ""weightp"": ""0"", ""wpp"": ""1""}"
x265,bestconfig,7302,single,6,12.45,24.47,12.45,24.80928134918213,"['Standard', '320p', 30, '10s']",0.0,24.809197902679443,0.0,"{""amp"": ""0"", ""aq-mode"": ""4"", ""aq-strength"": ""1.5"", ""b-adapt"": ""0"", ""bframes"": ""3"", ""crf"": ""20.0"", ""ctu"": ""16"", ""keyint"": ""139"", ""limit-refs"": ""0"", ""limit-tu"": ""1"", ""me"": ""hex"", ""merange"": ""30"", ""open-gop"": ""1"", ""psy-rd"": ""3.0"", ""psy-rdoq"": ""0.0"", ""qcomp"": ""0.7"", ""qpmax"": ""20"", ""qpmin"": ""4"", ""rc-lookahead"": ""30"", ""rd"": ""5"", ""rdoq-level"": ""0"", ""rect"": ""0"", ""ref"": ""2"", ""rskip"": ""0"", ""sao"": ""0"", ""scenecut"": ""69"", ""subme"": ""2"", ""tu-inter-depth"": ""3"", ""tu-intra-depth"": ""3"", ""weightb"": ""0"", ""weightp"": ""0"", ""wpp"": ""0""}"
x265,bestconfig,7302,single,7,48.92,6.26,48.92,6.59990119934082,"['Standard', '320p', 30, '10s']",0.0,6.599817514419556,0.0,"{""amp"": ""1"", ""aq-mode"": ""1"", ""aq-strength"": ""1.0"", ""b-adapt"": ""1"", ""bframes"": ""1"", ""crf"": ""30.0"", ""ctu"": ""32"", ""keyint"": ""80"", ""limit-refs"": ""2"", ""limit-tu"": ""2"", ""me"": ""dia"", ""merange"": ""60"", ""open-gop"": ""0"", ""psy-rd"": ""2.0"", ""psy-rdoq"": ""2.0"", ""qcomp"": ""0.9"", ""qpmax"": ""27"", ""qpmin"": ""17"", ""rc-lookahead"": ""45"", ""rd"": ""2"", ""rdoq-level"": ""1"", ""rect"": ""0"", ""ref"": ""3"", ""rskip"": ""0"", ""sao"": ""0"", ""scenecut"": ""78"", ""subme"": ""3"", ""tu-inter-depth"": ""4"", ""tu-intra-depth"": ""3"", ""weightb"": ""0"", ""weightp"": ""1"", ""wpp"": ""1""}"
x265,bestconfig,7302,single,8,49.38,6.22,49.38,6.614844799041748,"['Standard', '320p', 30, '10s']",0.0,6.6147143840789795,0.0,"{""amp"": ""0"", ""aq-mode"": ""0"", ""aq-strength"": ""2.0"", ""b-adapt"": ""2"", ""bframes"": ""7"", ""crf"": ""28.0"", ""ctu"": ""64"", ""keyint"": ""439"", ""limit-refs"": ""2"", ""limit-tu"": ""2"", ""me"": ""umh"", ""merange"": ""24"", ""open-gop"": ""1"", ""psy-rd"": ""3.5"", ""psy-rdoq"": ""0.5"", ""qcomp"": ""0.5"", ""qpmax"": ""50"", ""qpmin"": ""20"", ""rc-lookahead"": ""58"", ""rd"": ""2"", ""rdoq-level"": ""2"", ""rect"": ""1"", ""ref"": ""1"", ""rskip"": ""0"", ""sao"": ""1"", ""scenecut"": ""16"", ""subme"": ""5"", ""tu-inter-depth"": ""2"", ""tu-intra-depth"": ""3"", ""weightb"": ""1"", ""weightp"": ""1"", ""wpp"": ""0""}"
x265,bestconfig,7302,single,9,35.61,8.59,35.61,8.909522533416748,"['Standard', '320p', 30, '10s']",0.0,8.909442901611328,0.0,"{""amp"": ""0"", ""aq-mode"": ""4"", ""aq-strength"": ""0.0"", ""b-adapt"": ""2"", ""bframes"": ""1"", ""crf"": ""18.0"", ""ctu"": ""32"", ""keyint"": ""449"", ""limit-refs"": ""2"", ""limit-tu"": ""3"", ""me"": ""umh"", ""merange"": ""49"", ""open-gop"": ""1"", ""psy-rd"": ""2.5"", ""psy-rdoq"": ""0.0"", ""qcomp"": ""0.75"", ""qpmax"": ""41"", ""qpmin"": ""0"", ""rc-lookahead"": ""23"", ""rd"": ""2"", ""rdoq-level"": ""0"", ""rect"": ""1"", ""ref"": ""5"", ""rskip"": ""1"", ""sao"": ""1"", ""scenecut"": ""86"", ""subme"": ""4"", ""tu-inter-depth"": ""1"", ""tu-intra-depth"": ""1"", ""weightb"": ""1"", ""weightp"": ""0"", ""wpp"": ""0""}"
x265,bestconfig,7302,single,10,59.94,5.12,59.94,5.44493293762207,"['Standard', '320p', 30, '10s']",0.0,5.444843530654907,0.0,"{""amp"": ""1"", ""aq-mode"": ""3"", ""aq-strength"": ""1.0"", ""b-adapt"": ""2"", ""bframes"": ""2"", ""crf"": ""30.0"", ""ctu"": ""16"", ""keyint"": ""462"", ""limit-refs"": ""3"", ""limit-tu"": ""3"", ""me"": ""star"", ""merange"": ""43"", ""open-gop"": ""1"", ""psy-rd"": ""2.0"", ""psy-rdoq"": ""2.0"", ""qcomp"": ""1.0"", ""qpmax"": ""47"", ""qpmin"": ""3"", ""rc-lookahead"": ""25"", ""rd"": ""3"", ""rdoq-level"": ""1"", ""rect"": ""1"", ""ref"": ""6"", ""rskip"": ""0"", ""sao"": ""1"", ""scenecut"": ""78"", ""subme"": ""3"", ""tu-inter-depth"": ""2"", ""tu-intra-depth"": ""1"", ""weightb"": ""0"", ""weightp"": ""0"", ""wpp"": ""0""}"
x265,bestconfig,7302,single,11,23.73,12.86,23.73,13.190551280975342,"['Standard', '320p', 30, '10s']",0.0,13.190470695495605,0.0,"{""amp"": ""1"", ""aq-mode"": ""2"", ""aq-strength"": ""1.5"", ""b-adapt"": ""1"", ""bframes"": ""2"", ""crf"": ""20.0"", ""ctu"": ""64"", ""keyint"": ""448"", ""limit-refs"": ""3"", ""limit-tu"": ""2"", ""me"": ""star"", ""merange"": ""60"", ""open-gop"": ""0"", ""psy-rd"": ""3.0"", ""psy-rdoq"": ""1.0"", ""qcomp"": ""0.8"", ""qpmax"": ""44"", ""qpmin"": ""4"", ""rc-lookahead"": ""30"", ""rd"": ""2"", ""rdoq-level"": ""1"", ""rect"": ""1"", ""ref"": ""6"", ""rskip"": ""0"", ""sao"": ""1"", ""scenecut"": ""81"", ""subme"": ""5"", ""tu-inter-depth"": ""2"", ""tu-intra-depth"": ""1"", ""weightb"": ""1"", ""weightp"": ""1"", ""wpp"": ""1""}"
x265,bestconfig,7302,single,12,20.83,14.65,20.83,15.040515184402466,"['Standard', '320p', 30, '10s']",0.0,15.040380001068115,0.0,"{""amp"": ""0"", ""aq-mode"": ""3"", ""aq-strength"": ""0.5"", ""b-adapt"": ""1"", ""bframes"": ""2"", ""crf"": ""28.0"", ""ctu"": ""16"", ""keyint"": ""443"", ""limit-refs"": ""3"", ""limit-tu"": ""3"", ""me"": ""full"", ""merange"": ""57"", ""open-gop"": ""0"", ""psy-rd"": ""0.5"", ""psy-rdoq"": ""2.5"", ""qcomp"": ""0.9"", ""qpmax"": ""43"", ""qpmin"": ""3"", ""rc-lookahead"": ""22"", ""rd"": ""4"", ""rdoq-level"": ""1"", ""rect"": ""0"", ""ref"": ""5"", ""rskip"": ""1"", ""sao"": ""0"", ""scenecut"": ""84"", ""subme"": ""4"", ""tu-inter-depth"": ""3"", ""tu-intra-depth"": ""2"", ""weightb"": ""0"", ""weightp"": ""1"", ""wpp"": ""0""}"
x265,bestconfig,7302,single,13,21.17,14.42,21.17,14.752151489257812,"['Standard', '320p', 30, '10s']",0.0,14.752065181732178,0.0,"{""amp"": ""1"", ""aq-mode"": ""2"", ""aq-strength"": ""2.0"", ""b-adapt"": ""1"", ""bframes"": ""2"", ""crf"": ""18.0"", ""ctu"": ""64"", ""keyint"": ""456"", ""limit-refs"": ""2"", ""limit-tu"": ""4"", ""me"": ""hex"", ""merange"": ""51"", ""open-gop"": ""1"", ""psy-rd"": ""0.0"", ""psy-rdoq"": ""3.0"", ""qcomp"": ""0.5"", ""qpmax"": ""48"", ""qpmin"": ""2"", ""rc-lookahead"": ""27"", ""rd"": ""3"", ""rdoq-level"": ""1"", ""rect"": ""1"", ""ref"": ""6"", ""rskip"": ""1"", ""sao"": ""1"", ""scenecut"": ""82"", ""subme"": ""5"", ""tu-inter-depth"": ""2"", ""tu-intra-depth"": ""2"", ""weightb"": ""1"", ""weightp"": ""1"", ""wpp"": ""0""}"
x265,bestconfig,7302,single,14,47.82,6.41,47.82,6.728570938110352,"['Standard', '320p', 30, '10s']",0.0,6.728486776351929,0.0,"{""amp"": ""1"", ""aq-mode"": ""3"", ""aq-strength"": ""1.8"", ""b-adapt"": ""2"", ""bframes"": ""3"", ""crf"": ""22.0"", ""ctu"": ""32"", ""keyint"": ""440"", ""limit-refs"": ""2"", ""limit-tu"": ""2"", ""me"": ""hex"", ""merange"": ""47"", ""open-gop"": ""1"", ""psy-rd"": ""1.0"", ""psy-rdoq"": ""0.5"", ""qcomp"": ""0.5"", ""qpmax"": ""46"", ""qpmin"": ""1"", ""rc-lookahead"": ""28"", ""rd"": ""4"", ""rdoq-level"": ""0"", ""rect"": ""0"", ""ref"": ""6"", ""rskip"": ""0"", ""sao"": ""0"", ""scenecut"": ""88"", ""subme"": ""4"", ""tu-inter-depth"": ""3"", ""tu-intra-depth"": ""1"", ""weightb"": ""0"", ""weightp"": ""0"", ""wpp"": ""1""}"
x265,bestconfig,7302,single,15,66.41,4.63,66.41,4.95218563079834,"['Standard', '320p', 30, '10s']",0.0,4.95210075378418,0.0,"{""amp"": ""0"", ""aq-mode"": ""3"", ""aq-strength"": ""1.2"", ""b-adapt"": ""1"", ""bframes"": ""3"", ""crf"": ""25.0"", ""ctu"": ""32"", ""keyint"": ""452"", ""limit-refs"": ""3"", ""limit-tu"": ""4"", ""me"": ""dia"", ""merange"": ""53"", ""open-gop"": ""0"", ""psy-rd"": ""1.5"", ""psy-rdoq"": ""4.0"", ""qcomp"": ""0.6"", ""qpmax"": ""50"", ""qpmin"": ""1"", ""rc-lookahead"": ""26"", ""rd"": ""3"", ""rdoq-level"": ""0"", ""rect"": ""0"", ""ref"": ""5"", ""rskip"": ""0"", ""sao"": ""0"", ""scenecut"": ""85"", ""subme"": ""3"", ""tu-inter-depth"": ""1"", ""tu-intra-depth"": ""2"", ""weightb"": ""1"", ""weightp"": ""0"", ""wpp"": ""1""}"
x265,bestconfig,7302,single,16,86.26,3.57,86.26,3.905515670776367,"['Standard', '320p', 30, '10s']",0.0,3.9054341316223145,0.0,"{""amp"": ""0"", ""aq-mode"": ""4"", ""aq-strength"": ""0.8"", ""b-adapt"": ""2"", ""bframes"": ""1"", ""crf"": ""32.0"", ""ctu"": ""16"", ""keyint"": ""460"", ""limit-refs"": ""2"", ""limit-tu"": ""3"", ""me"": ""dia"", ""merange"": ""45"", ""open-gop"": ""0"", ""psy-rd"": ""3.5"", ""psy-rdoq"": ""4.5"", ""qcomp"": ""0.7"", ""qpmax"": ""45"", ""qpmin"": ""2"", ""rc-lookahead"": ""28"", ""rd"": ""3"", ""rdoq-level"": ""0"", ""rect"": ""0"", ""ref"": ""5"", ""rskip"": ""1"", ""sao"": ""0"", ""scenecut"": ""80"", ""subme"": ""4"", ""tu-inter-depth"": ""2"", ""tu-intra-depth"": ""2"", ""weightb"": ""0"", ""weightp"": ""1"", ""wpp"": ""1""}"
x265,bestconfig,7302,single,17,61.47,4.99,61.47,5.318909406661987,"['Standard', '320p', 30, '10s']",0.0,5.318831920623779,0.0,"{""amp"": ""0"", ""aq-mode"": ""3"", ""aq-strength"": ""1.0"", ""b-adapt"": ""1"", ""bframes"": ""2"", ""crf"": ""30.0"", ""ctu"": ""32"", ""keyint"": ""446"", ""limit-refs"": ""3"", ""limit-tu"": ""3"", ""me"": ""star"", ""merange"": ""48"", ""open-gop"": ""1"", ""psy-rd"": ""2.5"", ""psy-rdoq"": ""3.0"", ""qcomp"": ""0.6"", ""qpmax"": ""42"", ""qpmin"": ""4"", ""rc-lookahead"": ""25"", ""rd"": ""3"", ""rdoq-level"": ""1"", ""rect"": ""1"", ""ref"": ""5"", ""rskip"": ""0"", ""sao"": ""1"", ""scenecut"": ""84"", ""subme"": ""3"", ""tu-inter-depth"": ""2"", ""tu-intra-depth"": ""2"", ""weightb"": ""1"", ""weightp"": ""0"", ""wpp"": ""1""}"
x265,bestconfig,7302,single,18,60.61,5.07,60.61,5.400196075439453,"['Standard', '320p', 30, '10s']",0.0,5.4001030921936035,0.0,"{""amp"": ""0"", ""aq-mode"": ""4"", ""aq-strength"": ""2.0"", ""b-adapt"": ""2"", ""bframes"": ""3"", ""crf"": ""22.0"", ""ctu"": ""16"", ""keyint"": ""444"", ""limit-refs"": ""2"", ""limit-tu"": ""4"", ""me"": ""dia"", ""merange"": ""47"", ""open-gop"": ""0"", ""psy-rd"": ""0.5"", ""psy-rdoq"": ""1.0"", ""qcomp"": ""1.0"", ""qpmax"": ""44"", ""qpmin"": ""2"", ""rc-lookahead"": ""24"", ""rd"": ""4"", ""rdoq-level"": ""0"", ""rect"": ""0"", ""ref"": ""5"", ""rskip"": ""1"", ""sao"": ""1"", ""scenecut"": ""79"", ""subme"": ""3"", ""tu-inter-depth"": ""2"", ""tu-intra-depth"": ""1"", ""weightb"": ""0"", ""weightp"": ""1"", ""wpp"": ""1""}"
x265,bestconfig,7302,single,19,73.67,4.18,73.67,4.503854751586914,"['Standard', '320p', 30, '10s']",0.0,4.503774166107178,0.0,"{""amp"": ""1"", ""aq-mode"": ""4"", ""aq-strength"": ""0.8"", ""b-adapt"": ""1"", ""bframes"": ""2"", ""crf"": ""32.0"", ""ctu"": ""64"", ""keyint"": ""449"", ""limit-refs"": ""1"", ""limit-tu"": ""4"", ""me"": ""hex"", ""merange"": ""44"", ""open-gop"": ""1"", ""psy-rd"": ""1.0"", ""psy-rdoq"": ""4.5"", ""qcomp"": ""0.7"", ""qpmax"": ""45"", ""qpmin"": ""3"", ""rc-lookahead"": ""29"", ""rd"": ""4"", ""rdoq-level"": ""0"", ""rect"": ""0"", ""ref"": ""6"", ""rskip"": ""0"", ""sao"": ""0"", ""scenecut"": ""86"", ""subme"": ""4"", ""tu-inter-depth"": ""2"", ""tu-intra-depth"": ""3"", ""weightb"": ""1"", ""weightp"": ""1"", ""wpp"": ""0""}"
x265,bestconfig,7302,single,20,78.22,3.94,78.22,4.2638258934021,"['Standard', '320p', 30, '10s']",0.0,4.263742208480835,0.0,"{""amp"": ""0"", ""aq-mode"": ""3"", ""aq-strength"": ""1.5"", ""b-adapt"": ""1"", ""bframes"": ""2"", ""crf"": ""28.0"", ""ctu"": ""32"", ""keyint"": ""459"", ""limit-refs"": ""2"", ""limit-tu"": ""3"", ""me"": ""dia"", ""merange"": ""51"", ""open-gop"": ""0"", ""psy-rd"": ""3.0"", ""psy-rdoq"": ""0.0"", ""qcomp"": ""0.8"", ""qpmax"": ""41"", ""qpmin"": ""0"", ""rc-lookahead"": ""23"", ""rd"": ""3"", ""rdoq-level"": ""1"", ""rect"": ""0"", ""ref"": ""4"", ""rskip"": ""1"", ""sao"": ""0"", ""scenecut"": ""85"", ""subme"": ""5"", ""tu-inter-depth"": ""1"", ""tu-intra-depth"": ""2"", ""weightb"": ""0"", ""weightp"": ""1"", ""wpp"": ""0""}"
x265,bestconfig,7302,single,21,37.85,8.08,37.85,8.406330585479736,"['Standard', '320p', 30, '10s']",0.0,8.406240701675415,0.0,"{""amp"": ""0"", ""aq-mode"": ""4"", ""aq-strength"": ""1.2"", ""b-adapt"": ""2"", ""bframes"": ""1"", ""crf"": ""18.0"", ""ctu"": ""16"", ""keyint"": ""454"", ""limit-refs"": ""2"", ""limit-tu"": ""3"", ""me"": ""umh"", ""merange"": ""46"", ""open-gop"": ""1"", ""psy-rd"": ""1.5"", ""psy-rdoq"": ""2.5"", ""qcomp"": ""0.9"", ""qpmax"": ""43"", ""qpmin"": ""3"", ""rc-lookahead"": ""26"", ""rd"": ""3"", ""rdoq-level"": ""0"", ""rect"": ""0"", ""ref"": ""5"", ""rskip"": ""0"", ""sao"": ""1"", ""scenecut"": ""80"", ""subme"": ""4"", ""tu-inter-depth"": ""1"", ""tu-intra-depth"": ""1"", ""weightb"": ""0"", ""weightp"": ""0"", ""wpp"": ""1""}"
x265,bestconfig,7302,single,22,34.55,8.86,34.55,9.188748598098755,"['Standard', '320p', 30, '10s']",0.0,9.188667058944702,0.0,"{""amp"": ""1"", ""aq-mode"": ""3"", ""aq-strength"": ""1.8"", ""b-adapt"": ""2"", ""bframes"": ""3"", ""crf"": ""18.0"", ""ctu"": ""16"", ""keyint"": ""463"", ""limit-refs"": ""3"", ""limit-tu"": ""2"", ""me"": ""hex"", ""merange"": ""42"", ""open-gop"": ""0"", ""psy-rd"": ""3.5"", ""psy-rdoq"": ""0.5"", ""qcomp"": ""0.5"", ""qpmax"": ""43"", ""qpmin"": ""1"", ""rc-lookahead"": ""30"", ""rd"": ""2"", ""rdoq-level"": ""1"", ""rect"": ""1"", ""ref"": ""6"", ""rskip"": ""1"", ""sao"": ""0"", ""scenecut"": ""81"", ""subme"": ""4"", ""tu-inter-depth"": ""3"", ""tu-intra-depth"": ""3"", ""weightb"": ""1"", ""weightp"": ""1"", ""wpp"": ""0""}"
x265,bestconfig,7302,single,23,3.66,83.2,3.66,83.52521109580994,"['Standard', '320p', 30, '10s']",0.0,83.5251190662384,0.0,"{""amp"": ""1"", ""aq-mode"": ""3"", ""aq-strength"": ""0.5"", ""b-adapt"": ""2"", ""bframes"": ""1"", ""crf"": ""20.0"", ""ctu"": ""32"", ""keyint"": ""441"", ""limit-refs"": ""2"", ""limit-tu"": ""2"", ""me"": ""full"", ""merange"": ""44"", ""open-gop"": ""0"", ""psy-rd"": ""2.0"", ""psy-rdoq"": ""2.0"", ""qcomp"": ""0.75"", ""qpmax"": ""46"", ""qpmin"": ""1"", ""rc-lookahead"": ""27"", ""rd"": ""2"", ""rdoq-level"": ""1"", ""rect"": ""1"", ""ref"": ""4"", ""rskip"": ""0"", ""sao"": ""0"", ""scenecut"": ""87"", ""subme"": ""5"", ""tu-inter-depth"": ""2"", ""tu-intra-depth"": ""2"", ""weightb"": ""0"", ""weightp"": ""0"", ""wpp"": ""1""}"
x265,bestconfig,7302,single,24,34.38,8.9,34.38,9.228151798248291,"['Standard', '320p', 30, '10s']",0.0,9.22806692123413,0.0,"{""amp"": ""1"", ""aq-mode"": ""4"", ""aq-strength"": ""0.0"", ""b-adapt"": ""1"", ""bframes"": ""2"", ""crf"": ""25.0"", ""ctu"": ""64"", ""keyint"": ""453"", ""limit-refs"": ""1"", ""limit-tu"": ""3"", ""me"": ""star"", ""merange"": ""51"", ""open-gop"": ""1"", ""psy-rd"": ""0.0"", ""psy-rdoq"": ""4.0"", ""qcomp"": ""0.5"", ""qpmax"": ""45"", ""qpmin"": ""2"", ""rc-lookahead"": ""28"", ""rd"": ""3"", ""rdoq-level"": ""0"", ""rect"": ""1"", ""ref"": ""5"", ""rskip"": ""1"", ""sao"": ""1"", ""scenecut"": ""83"", ""subme"": ""4"", ""tu-inter-depth"": ""3"", ""tu-intra-depth"": ""2"", ""weightb"": ""1"", ""weightp"": ""0"", ""wpp"": ""0""}"
x265,bestconfig,7302,single,25,63.73,4.83,63.73,5.153314113616943,"['Standard', '320p', 30, '10s']",0.0,5.153229713439941,0.0,"{""amp"": ""1"", ""aq-mode"": ""4"", ""aq-strength"": ""1.0"", ""b-adapt"": ""2"", ""bframes"": ""2"", ""crf"": ""32.0"", ""ctu"": ""64"", ""keyint"": ""458"", ""limit-refs"": ""2"", ""limit-tu"": ""4"", ""me"": ""hex"", ""merange"": ""45"", ""open-gop"": ""0"", ""psy-rd"": ""3.0"", ""psy-rdoq"": ""1.0"", ""qcomp"": ""0.5"", ""qpmax"": ""45"", ""qpmin"": ""3"", ""rc-lookahead"": ""24"", ""rd"": ""3"", ""rdoq-level"": ""1"", ""rect"": ""0"", ""ref"": ""4"", ""rskip"": ""0"", ""sao"": ""1"", ""scenecut"": ""85"", ""subme"": ""4"", ""tu-inter-depth"": ""1"", ""tu-intra-depth"": ""1"", ""weightb"": ""1"", ""weightp"": ""1"", ""wpp"": ""1""}"
x265,bestconfig,7302,single,26,72.86,4.23,72.86,4.567654848098755,"['Standard', '320p', 30, '10s']",0.0,4.567567348480225,0.0,"{""amp"": ""0"", ""aq-mode"": ""3"", ""aq-strength"": ""1.8"", ""b-adapt"": ""2"", ""bframes"": ""2"", ""crf"": ""25.0"", ""ctu"": ""16"", ""keyint"": ""452"", ""limit-refs"": ""3"", ""limit-tu"": ""3"", ""me"": ""dia"", ""merange"": ""49"", ""open-gop"": ""0"", ""psy-rd"": ""2.5"", ""psy-rdoq"": ""0.5"", ""qcomp"": ""0.7"", ""qpmax"": ""43"", ""qpmin"": ""0"", ""rc-lookahead"": ""26"", ""rd"": ""3"", ""rdoq-level"": ""0"", ""rect"": ""0"", ""ref"": ""5"", ""rskip"": ""1"", ""sao"": ""1"", ""scenecut"": ""87"", ""subme"": ""4"", ""tu-inter-depth"": ""2"", ""tu-intra-depth"": ""1"", ""weightb"": ""0"", ""weightp"": ""1"", ""wpp"": ""0""}"
x265,bestconfig,7302,single,27,50.27,6.1,50.27,6.424933433532715,"['Standard', '320p', 30, '10s']",0.0,6.424841403961182,0.0,"{""amp"": ""1"", ""aq-mode"": ""4"", ""aq-strength"": ""0.8"", ""b-adapt"": ""2"", ""bframes"": ""1"", ""crf"": ""30.0"", ""ctu"": ""32"", ""keyint"": ""447"", ""limit-refs"": ""2"", ""limit-tu"": ""2"", ""me"": ""hex"", ""merange"": ""50"", ""open-gop"": ""1"", ""psy-rd"": ""1.0"", ""psy-rdoq"": ""4.0"", ""qcomp"": ""0.6"", ""qpmax"": ""45"", ""qpmin"": ""2"", ""rc-lookahead"": ""29"", ""rd"": ""4"", ""rdoq-level"": ""1"", ""rect"": ""1"", ""ref"": ""5"", ""rskip"": ""0"", ""sao"": ""1"", ""scenecut"": ""83"", ""subme"": ""4"", ""tu-inter-depth"": ""2"", ""tu-intra-depth"": ""2"", ""weightb"": ""1"", ""weightp"": ""1"", ""wpp"": ""0""}"
x265,bestconfig,7302,single,28,35.45,8.63,35.45,8.966899156570435,"['Standard', '320p', 30, '10s']",0.0,8.96681523323059,0.0,"{""amp"": ""0"", ""aq-mode"": ""3"", ""aq-strength"": ""0.5"", ""b-adapt"": ""1"", ""bframes"": ""2"", ""crf"": ""22.0"", ""ctu"": ""16"", ""keyint"": ""460"", ""limit-refs"": ""3"", ""limit-tu"": ""3"", ""me"": ""dia"", ""merange"": ""41"", ""open-gop"": ""0"", ""psy-rd"": ""0.5"", ""psy-rdoq"": ""4.5"", ""qcomp"": ""1.0"", ""qpmax"": ""41"", ""qpmin"": ""3"", ""rc-lookahead"": ""28"", ""rd"": ""3"", ""rdoq-level"": ""0"", ""rect"": ""1"", ""ref"": ""6"", ""rskip"": ""0"", ""sao"": ""0"", ""scenecut"": ""81"", ""subme"": ""5"", ""tu-inter-depth"": ""3"", ""tu-intra-depth"": ""2"", ""weightb"": ""0"", ""weightp"": ""0"", ""wpp"": ""1""}"
x265,bestconfig,7302,single,29,11.72,25.99,11.72,26.311313152313232,"['Standard', '320p', 30, '10s']",0.0,26.311230182647705,0.0,"{""amp"": ""1"", ""aq-mode"": ""3"", ""aq-strength"": ""2.0"", ""b-adapt"": ""1"", ""bframes"": ""3"", ""crf"": ""28.0"", ""ctu"": ""32"", ""keyint"": ""441"", ""limit-refs"": ""2"", ""limit-tu"": ""4"", ""me"": ""full"", ""merange"": ""47"", ""open-gop"": ""1"", ""psy-rd"": ""3.5"", ""psy-rdoq"": ""2.5"", ""qcomp"": ""0.8"", ""qpmax"": ""44"", ""qpmin"": ""4"", ""rc-lookahead"": ""29"", ""rd"": ""3"", ""rdoq-level"": ""1"", ""rect"": ""0"", ""ref"": ""6"", ""rskip"": ""0"", ""sao"": ""1"", ""scenecut"": ""78"", ""subme"": ""4"", ""tu-inter-depth"": ""3"", ""tu-intra-depth"": ""3"", ""weightb"": ""1"", ""weightp"": ""1"", ""wpp"": ""1""}"
x265,bestconfig,7302,single,30,46.4,6.61,46.4,6.9261391162872314,"['Standard', '320p', 30, '10s']",0.0,6.9260454177856445,0.0,"{""amp"": ""0"", ""aq-mode"": ""4"", ""aq-strength"": ""1.5"", ""b-adapt"": ""1"", ""bframes"": ""2"", ""crf"": ""18.0"", ""ctu"": ""16"", ""keyint"": ""444"", ""limit-refs"": ""2"", ""limit-tu"": ""2"", ""me"": ""star"", ""merange"": ""44"", ""open-gop"": ""1"", ""psy-rd"": ""1.5"", ""psy-rdoq"": ""3.0"", ""qcomp"": ""0.5"", ""qpmax"": ""42"", ""qpmin"": ""2"", ""rc-lookahead"": ""25"", ""rd"": ""2"", ""rdoq-level"": ""1"", ""rect"": ""1"", ""ref"": ""4"", ""rskip"": ""1"", ""sao"": ""0"", ""scenecut"": ""84"", ""subme"": ""3"", ""tu-inter-depth"": ""1"", ""tu-intra-depth"": ""2"", ""weightb"": ""0"", ""weightp"": ""0"", ""wpp"": ""0""}"
x265,bestconfig,7302,single,31,52.77,5.82,52.77,6.199948787689209,"['Standard', '320p', 30, '10s']",0.0,6.199814796447754,0.0,"{""amp"": ""1"", ""aq-mode"": ""4"", ""aq-strength"": ""1.2"", ""b-adapt"": ""1"", ""bframes"": ""3"", ""crf"": ""20.0"", ""ctu"": ""64"", ""keyint"": ""456"", ""limit-refs"": ""1"", ""limit-tu"": ""3"", ""me"": ""star"", ""merange"": ""51"", ""open-gop"": ""0"", ""psy-rd"": ""2.0"", ""psy-rdoq"": ""2.0"", ""qcomp"": ""0.75"", ""qpmax"": ""43"", ""qpmin"": ""1"", ""rc-lookahead"": ""27"", ""rd"": ""4"", ""rdoq-level"": ""0"", ""rect"": ""0"", ""ref"": ""5"", ""rskip"": ""1"", ""sao"": ""0"", ""scenecut"": ""79"", ""subme"": ""5"", ""tu-inter-depth"": ""2"", ""tu-intra-depth"": ""3"", ""weightb"": ""0"", ""weightp"": ""0"", ""wpp"": ""0""}"
x265,bestconfig,7302,single,32,26.64,11.46,26.64,11.843513488769531,"['Standard', '320p', 30, '10s']",0.0,11.843416213989258,0.0,"{""amp"": ""0"", ""aq-mode"": ""3"", ""aq-strength"": ""0.0"", ""b-adapt"": ""2"", ""bframes"": ""1"", ""crf"": ""18.0"", ""ctu"": ""32"", ""keyint"": ""451"", ""limit-refs"": ""1"", ""limit-tu"": ""3"", ""me"": ""umh"", ""merange"": ""45"", ""open-gop"": ""1"", ""psy-rd"": ""0.0"", ""psy-rdoq"": ""0.0"", ""qcomp"": ""0.9"", ""qpmax"": ""46"", ""qpmin"": ""1"", ""rc-lookahead"": ""23"", ""rd"": ""2"", ""rdoq-level"": ""0"", ""rect"": ""1"", ""ref"": ""5"", ""rskip"": ""1"", ""sao"": ""0"", ""scenecut"": ""86"", ""subme"": ""3"", ""tu-inter-depth"": ""2"", ""tu-intra-depth"": ""2"", ""weightb"": ""1"", ""weightp"": ""0"", ""wpp"": ""1""}"
x265,bestconfig,7302,single,33,30.0,10.19,30.0,10.519230842590332,"['Standard', '320p', 30, '10s']",0.0,10.519135475158691,0.0,"{""amp"": ""0"", ""aq-mode"": ""3"", ""aq-strength"": ""1.5"", ""b-adapt"": ""2"", ""bframes"": ""1"", ""crf"": ""20.0"", ""ctu"": ""16"", ""keyint"": ""441"", ""limit-refs"": ""3"", ""limit-tu"": ""3"", ""me"": ""dia"", ""merange"": ""45"", ""open-gop"": ""1"", ""psy-rd"": ""0.5"", ""psy-rdoq"": ""2.5"", ""qcomp"": ""1.0"", ""qpmax"": ""42"", ""qpmin"": ""0"", ""rc-lookahead"": ""29"", ""rd"": ""3"", ""rdoq-level"": ""1"", ""rect"": ""1"", ""ref"": ""4"", ""rskip"": ""1"", ""sao"": ""1"", ""scenecut"": ""86"", ""subme"": ""4"", ""tu-inter-depth"": ""3"", ""tu-intra-depth"": ""3"", ""weightb"": ""1"", ""weightp"": ""1"", ""wpp"": ""0""}"
x265,bestconfig,7302,single,34,33.76,9.05,33.76,9.381531715393066,"['Standard', '320p', 30, '10s']",0.0,9.381450653076172,0.0,"{""amp"": ""0"", ""aq-mode"": ""3"", ""aq-strength"": ""1.8"", ""b-adapt"": ""1"", ""bframes"": ""3"", ""crf"": ""18.0"", ""ctu"": ""32"", ""keyint"": ""449"", ""limit-refs"": ""2"", ""limit-tu"": ""2"", ""me"": ""hex"", ""merange"": ""48"", ""open-gop"": ""1"", ""psy-rd"": ""1.0"", ""psy-rdoq"": ""4.0"", ""qcomp"": ""0.8"", ""qpmax"": ""44"", ""qpmin"": ""2"", ""rc-lookahead"": ""25"", ""rd"": ""3"", ""rdoq-level"": ""0"", ""rect"": ""0"", ""ref"": ""5"", ""rskip"": ""0"", ""sao"": ""0"", ""scenecut"": ""79"", ""subme"": ""3"", ""tu-inter-depth"": ""3"", ""tu-intra-depth"": ""2"", ""weightb"": ""1"", ""weightp"": ""1"", ""wpp"": ""1""}"
x265,bestconfig,7302,single,35,77.2,3.99,77.2,4.372340202331543,"['Standard', '320p', 30, '10s']",0.0,4.3722100257873535,0.0,"{""amp"": ""1"", ""aq-mode"": ""4"", ""aq-strength"": ""1.0"", ""b-adapt"": ""1"", ""bframes"": ""2"", ""crf"": ""30.0"", ""ctu"": ""16"", ""keyint"": ""445"", ""limit-refs"": ""1"", ""limit-tu"": ""3"", ""me"": ""dia"", ""merange"": ""50"", ""open-gop"": ""0"", ""psy-rd"": ""0.0"", ""psy-rdoq"": ""1.0"", ""qcomp"": ""0.9"", ""qpmax"": ""43"", ""qpmin"": ""2"", ""rc-lookahead"": ""26"", ""rd"": ""4"", ""rdoq-level"": ""0"", ""rect"": ""1"", ""ref"": ""5"", ""rskip"": ""1"", ""sao"": ""0"", ""scenecut"": ""84"", ""subme"": ""4"", ""tu-inter-depth"": ""1"", ""tu-intra-depth"": ""1"", ""weightb"": ""1"", ""weightp"": ""1"", ""wpp"": ""1""}"
x265,bestconfig,7302,single,36,27.29,11.2,27.29,11.538259267807007,"['Standard', '320p', 30, '10s']",0.0,11.538147926330566,0.0,"{""amp"": ""1"", ""aq-mode"": ""3"", ""aq-strength"": ""0.0"", ""b-adapt"": ""2"", ""bframes"": ""2"", ""crf"": ""22.0"", ""ctu"": ""64"", ""keyint"": ""461"", ""limit-refs"": ""1"", ""limit-tu"": ""2"", ""me"": ""star"", ""merange"": ""51"", ""open-gop"": ""0"", ""psy-rd"": ""3.0"", ""psy-rdoq"": ""3.0"", ""qcomp"": ""0.5"", ""qpmax"": ""43"", ""qpmin"": ""1"", ""rc-lookahead"": ""27"", ""rd"": ""2"", ""rdoq-level"": ""0"", ""rect"": ""1"", ""ref"": ""5"", ""rskip"": ""1"", ""sao"": ""1"", ""scenecut"": ""82"", ""subme"": ""5"", ""tu-inter-depth"": ""2"", ""tu-intra-depth"": ""2"", ""weightb"": ""0"", ""weightp"": ""1"", ""wpp"": ""0""}"
x265,bestconfig,7302,single,37,13.19,23.1,13.19,23.414132356643677,"['Standard', '320p', 30, '10s']",0.0,23.41404938697815,0.0,"{""amp"": ""0"", ""aq-mode"": ""4"", ""aq-strength"": ""0.8"", ""b-adapt"": ""1"", ""bframes"": ""2"", ""crf"": ""25.0"", ""ctu"": ""64"", ""keyint"": ""457"", ""limit-refs"": ""2"", ""limit-tu"": ""3"", ""me"": ""full"", ""merange"": ""46"", ""open-gop"": ""0"", ""psy-rd"": ""3.5"", ""psy-rdoq"": ""2.0"", ""qcomp"": ""0.6"", ""qpmax"": ""44"", ""qpmin"": ""3"", ""rc-lookahead"": ""29"", ""rd"": ""3"", ""rdoq-level"": ""0"", ""rect"": ""0"", ""ref"": ""4"", ""rskip"": ""0"", ""sao"": ""0"", ""scenecut"": ""81"", ""subme"": ""4"", ""tu-inter-depth"": ""2"", ""tu-intra-depth"": ""1"", ""weightb"": ""1"", ""weightp"": ""0"", ""wpp"": ""1""}"
x265,bestconfig,7302,single,38,82.96,3.72,82.96,4.042848110198975,"['Standard', '320p', 30, '10s']",0.0,4.042761325836182,0.0,"{""amp"": ""1"", ""aq-mode"": ""4"", ""aq-strength"": ""0.5"", ""b-adapt"": ""2"", ""bframes"": ""3"", ""crf"": ""32.0"", ""ctu"": ""32"", ""keyint"": ""448"", ""limit-refs"": ""3"", ""limit-tu"": ""4"", ""me"": ""hex"", ""merange"": ""41"", ""open-gop"": ""1"", ""psy-rd"": ""1.5"", ""psy-rdoq"": ""4.5"", ""qcomp"": ""0.75"", ""qpmax"": ""45"", ""qpmin"": ""4"", ""rc-lookahead"": ""28"", ""rd"": ""4"", ""rdoq-level"": ""1"", ""rect"": ""0"", ""ref"": ""5"", ""rskip"": ""1"", ""sao"": ""0"", ""scenecut"": ""85"", ""subme"": ""3"", ""tu-inter-depth"": ""2"", ""tu-intra-depth"": ""2"", ""weightb"": ""0"", ""weightp"": ""0"", ""wpp"": ""0""}"
x265,bestconfig,7302,single,39,47.12,6.54,47.12,7.096367835998535,"['Standard', '320p', 30, '10s']",0.0,7.096273422241211,0.0,"{""amp"": ""1"", ""aq-mode"": ""3"", ""aq-strength"": ""2.0"", ""b-adapt"": ""2"", ""bframes"": ""2"", ""crf"": ""18.0"", ""ctu"": ""16"", ""keyint"": ""452"", ""limit-refs"": ""2"", ""limit-tu"": ""3"", ""me"": ""star"", ""merange"": ""43"", ""open-gop"": ""0"", ""psy-rd"": ""2.5"", ""psy-rdoq"": ""0.0"", ""qcomp"": ""0.5"", ""qpmax"": ""41"", ""qpmin"": ""1"", ""rc-lookahead"": ""25"", ""rd"": ""2"", ""rdoq-level"": ""1"", ""rect"": ""0"", ""ref"": ""6"", ""rskip"": ""0"", ""sao"": ""1"", ""scenecut"": ""79"", ""subme"": ""5"", ""tu-inter-depth"": ""1"", ""tu-intra-depth"": ""2"", ""weightb"": ""0"", ""weightp"": ""0"", ""wpp"": ""1""}"
x265,bestconfig,7302,single,40,48.83,6.33,48.83,6.654179096221924,"['Standard', '320p', 30, '10s']",0.0,6.654097318649292,0.0,"{""amp"": ""0"", ""aq-mode"": ""4"", ""aq-strength"": ""1.2"", ""b-adapt"": ""1"", ""bframes"": ""1"", ""crf"": ""28.0"", ""ctu"": ""32"", ""keyint"": ""458"", ""limit-refs"": ""2"", ""limit-tu"": ""4"", ""me"": ""umh"", ""merange"": ""48"", ""open-gop"": ""1"", ""psy-rd"": ""2.0"", ""psy-rdoq"": ""0.5"", ""qcomp"": ""0.7"", ""qpmax"": ""46"", ""qpmin"": ""3"", ""rc-lookahead"": ""24"", ""rd"": ""3"", ""rdoq-level"": ""1"", ""rect"": ""1"", ""ref"": ""6"", ""rskip"": ""0"", ""sao"": ""1"", ""scenecut"": ""87"", ""subme"": ""4"", ""tu-inter-depth"": ""2"", ""tu-intra-depth"": ""3"", ""weightb"": ""0"", ""weightp"": ""0"", ""wpp"": ""0""}"
x265,bestconfig,7302,single,41,43.15,7.1,43.15,7.40802001953125,"['Standard', '320p', 30, '10s']",0.0,7.407939672470093,0.0,"{""amp"": ""0"", ""aq-mode"": ""3"", ""aq-strength"": ""2.0"", ""b-adapt"": ""1"", ""bframes"": ""1"", ""crf"": ""25.0"", ""ctu"": ""16"", ""keyint"": ""458"", ""limit-refs"": ""1"", ""limit-tu"": ""3"", ""me"": ""hex"", ""merange"": ""47"", ""open-gop"": ""0"", ""psy-rd"": ""1.5"", ""psy-rdoq"": ""0.5"", ""qcomp"": ""0.8"", ""qpmax"": ""45"", ""qpmin"": ""4"", ""rc-lookahead"": ""25"", ""rd"": ""2"", ""rdoq-level"": ""1"", ""rect"": ""1"", ""ref"": ""5"", ""rskip"": ""1"", ""sao"": ""1"", ""scenecut"": ""87"", ""subme"": ""5"", ""tu-inter-depth"": ""2"", ""tu-intra-depth"": ""2"", ""weightb"": ""1"", ""weightp"": ""1"", ""wpp"": ""0""}"
x265,bestconfig,7302,single,42,12.01,25.36,12.01,25.74223780632019,"['Standard', '320p', 30, '10s']",0.0,25.74210023880005,0.0,"{""amp"": ""0"", ""aq-mode"": ""3"", ""aq-strength"": ""0.0"", ""b-adapt"": ""1"", ""bframes"": ""1"", ""crf"": ""32.0"", ""ctu"": ""64"", ""keyint"": ""444"", ""limit-refs"": ""2"", ""limit-tu"": ""4"", ""me"": ""full"", ""merange"": ""42"", ""open-gop"": ""1"", ""psy-rd"": ""3.0"", ""psy-rdoq"": ""1.0"", ""qcomp"": ""0.75"", ""qpmax"": ""46"", ""qpmin"": ""0"", ""rc-lookahead"": ""24"", ""rd"": ""3"", ""rdoq-level"": ""0"", ""rect"": ""1"", ""ref"": ""4"", ""rskip"": ""0"", ""sao"": ""0"", ""scenecut"": ""80"", ""subme"": ""4"", ""tu-inter-depth"": ""2"", ""tu-intra-depth"": ""1"", ""weightb"": ""1"", ""weightp"": ""0"", ""wpp"": ""0""}"
x265,bestconfig,7302,single,43,51.87,5.92,51.87,6.250451564788818,"['Standard', '320p', 30, '10s']",0.0,6.250370740890503,0.0,"{""amp"": ""1"", ""aq-mode"": ""4"", ""aq-strength"": ""1.5"", ""b-adapt"": ""2"", ""bframes"": ""3"", ""crf"": ""22.0"", ""ctu"": ""32"", ""keyint"": ""445"", ""limit-refs"": ""3"", ""limit-tu"": ""2"", ""me"": ""dia"", ""merange"": ""49"", ""open-gop"": ""0"", ""psy-rd"": ""2.0"", ""psy-rdoq"": ""3.0"", ""qcomp"": ""0.6"", ""qpmax"": ""42"", ""qpmin"": ""3"", ""rc-lookahead"": ""26"", ""rd"": ""3"", ""rdoq-level"": ""1"", ""rect"": ""0"", ""ref"": ""5"", ""rskip"": ""0"", ""sao"": ""0"", ""scenecut"": ""79"", ""subme"": ""3"", ""tu-inter-depth"": ""1"", ""tu-intra-depth"": ""2"", ""weightb"": ""0"", ""weightp"": ""0"", ""wpp"": ""1""}"
x265,bestconfig,7302,single,44,86.52,3.59,86.52,3.9186463356018066,"['Standard', '320p', 30, '10s']",0.0,3.9185616970062256,0.0,"{""amp"": ""1"", ""aq-mode"": ""4"", ""aq-strength"": ""1.8"", ""b-adapt"": ""2"", ""bframes"": ""2"", ""crf"": ""30.0"", ""ctu"": ""64"", ""keyint"": ""450"", ""limit-refs"": ""2"", ""limit-tu"": ""3"", ""me"": ""dia"", ""merange"": ""46"", ""open-gop"": ""1"", ""psy-rd"": ""1.0"", ""psy-rdoq"": ""0.0"", ""qcomp"": ""0.5"", ""qpmax"": ""45"", ""qpmin"": ""1"", ""rc-lookahead"": ""29"", ""rd"": ""2"", ""rdoq-level"": ""1"", ""rect"": ""0"", ""ref"": ""4"", ""rskip"": ""1"", ""sao"": ""0"", ""scenecut"": ""84"", ""subme"": ""3"", ""tu-inter-depth"": ""1"", ""tu-intra-depth"": ""2"", ""weightb"": ""0"", ""weightp"": ""1"", ""wpp"": ""1""}"
x265,bestconfig,7302,single,45,45.92,6.68,45.92,7.00707221031189,"['Standard', '320p', 30, '10s']",0.0,7.006986856460571,0.0,"{""amp"": ""0"", ""aq-mode"": ""4"", ""aq-strength"": ""0.8"", ""b-adapt"": ""2"", ""bframes"": ""2"", ""crf"": ""18.0"", ""ctu"": ""16"", ""keyint"": ""462"", ""limit-refs"": ""3"", ""limit-tu"": ""4"", ""me"": ""star"", ""merange"": ""50"", ""open-gop"": ""0"", ""psy-rd"": ""0.0"", ""psy-rdoq"": ""4.5"", ""qcomp"": ""0.5"", ""qpmax"": ""41"", ""qpmin"": ""2"", ""rc-lookahead"": ""28"", ""rd"": ""3"", ""rdoq-level"": ""0"", ""rect"": ""0"", ""ref"": ""6"", ""rskip"": ""1"", ""sao"": ""0"", ""scenecut"": ""81"", ""subme"": ""4"", ""tu-inter-depth"": ""2"", ""tu-intra-depth"": ""3"", ""weightb"": ""1"", ""weightp"": ""1"", ""wpp"": ""1""}"
x265,bestconfig,7302,single,46,14.84,20.54,14.84,20.93875026702881,"['Standard', '320p', 30, '10s']",0.0,20.938612461090088,0.0,"{""amp"": ""1"", ""aq-mode"": ""3"", ""aq-strength"": ""1.0"", ""b-adapt"": ""1"", ""bframes"": ""2"", ""crf"": ""18.0"", ""ctu"": ""32"", ""keyint"": ""451"", ""limit-refs"": ""2"", ""limit-tu"": ""3"", ""me"": ""umh"", ""merange"": ""45"", ""open-gop"": ""1"", ""psy-rd"": ""2.5"", ""psy-rdoq"": ""2.0"", ""qcomp"": ""1.0"", ""qpmax"": ""44"", ""qpmin"": ""1"", ""rc-lookahead"": ""30"", ""rd"": ""4"", ""rdoq-level"": ""1"", ""rect"": ""1"", ""ref"": ""5"", ""rskip"": ""0"", ""sao"": ""1"", ""scenecut"": ""82"", ""subme"": ""4"", ""tu-inter-depth"": ""2"", ""tu-intra-depth"": ""2"", ""weightb"": ""1"", ""weightp"": ""0"", ""wpp"": ""0""}"
x265,bestconfig,7302,single,47,51.29,5.98,51.29,6.3136045932769775,"['Standard', '320p', 30, '10s']",0.0,6.313519477844238,0.0,"{""amp"": ""0"", ""aq-mode"": ""3"", ""aq-strength"": ""1.2"", ""b-adapt"": ""2"", ""bframes"": ""2"", ""crf"": ""28.0"", ""ctu"": ""32"", ""keyint"": ""455"", ""limit-refs"": ""2"", ""limit-tu"": ""3"", ""me"": ""hex"", ""merange"": ""44"", ""open-gop"": ""0"", ""psy-rd"": ""3.5"", ""psy-rdoq"": ""4.0"", ""qcomp"": ""0.9"", ""qpmax"": ""42"", ""qpmin"": ""3"", ""rc-lookahead"": ""25"", ""rd"": ""3"", ""rdoq-level"": ""0"", ""rect"": ""1"", ""ref"": ""5"", ""rskip"": ""0"", ""sao"": ""1"", ""scenecut"": ""84"", ""subme"": ""4"", ""tu-inter-depth"": ""3"", ""tu-intra-depth"": ""3"", ""weightb"": ""0"", ""weightp"": ""0"", ""wpp"": ""0""}"
x265,bestconfig,7302,single,48,41.17,7.48,41.17,7.828637599945068,"['Standard', '320p', 30, '10s']",0.0,7.828552722930908,0.0,"{""amp"": ""1"", ""aq-mode"": ""4"", ""aq-strength"": ""0.5"", ""b-adapt"": ""1"", ""bframes"": ""3"", ""crf"": ""20.0"", ""ctu"": ""16"", ""keyint"": ""442"", ""limit-refs"": ""1"", ""limit-tu"": ""2"", ""me"": ""star"", ""merange"": ""51"", ""open-gop"": ""1"", ""psy-rd"": ""0.5"", ""psy-rdoq"": ""2.5"", ""qcomp"": ""0.7"", ""qpmax"": ""43"", ""qpmin"": ""2"", ""rc-lookahead"": ""27"", ""rd"": ""4"", ""rdoq-level"": ""0"", ""rect"": ""0"", ""ref"": ""6"", ""rskip"": ""1"", ""sao"": ""1"", ""scenecut"": ""86"", ""subme"": ""5"", ""tu-inter-depth"": ""3"", ""tu-intra-depth"": ""1"", ""weightb"": ""0"", ""weightp"": ""1"", ""wpp"": ""1""}"
x265,bestconfig,7302,single,49,6.28,48.51,6.28,49.09324288368225,"['Standard', '320p', 30, '10s']",0.0,49.0931453704834,0.0,"{""amp"": ""1"", ""aq-mode"": ""4"", ""aq-strength"": ""1.2"", ""b-adapt"": ""1"", ""bframes"": ""5"", ""crf"": ""18.0"", ""ctu"": ""32"", ""keyint"": ""162"", ""limit-refs"": ""1"", ""limit-tu"": ""1"", ""me"": ""hex"", ""merange"": ""60"", ""open-gop"": ""0"", ""psy-rd"": ""1.5"", ""psy-rdoq"": ""0.5"", ""qcomp"": ""0.6"", ""qpmax"": ""32"", ""qpmin"": ""3"", ""rc-lookahead"": ""37"", ""rd"": ""6"", ""rdoq-level"": ""2"", ""rect"": ""1"", ""ref"": ""4"", ""rskip"": ""1"", ""sao"": ""0"", ""scenecut"": ""55"", ""subme"": ""5"", ""tu-inter-depth"": ""4"", ""tu-intra-depth"": ""2"", ""weightb"": ""0"", ""weightp"": ""0"", ""wpp"": ""1""}"
x265,bestconfig,7302,single,50,49.93,6.14,49.93,6.479946613311768,"['Standard', '320p', 30, '10s']",0.0,6.479857921600342,0.0,"{""amp"": ""1"", ""aq-mode"": ""1"", ""aq-strength"": ""0.5"", ""b-adapt"": ""1"", ""bframes"": ""2"", ""crf"": ""22.0"", ""ctu"": ""32"", ""keyint"": ""361"", ""limit-refs"": ""1"", ""limit-tu"": ""3"", ""me"": ""star"", ""merange"": ""16"", ""open-gop"": ""1"", ""psy-rd"": ""0.0"", ""psy-rdoq"": ""2.5"", ""qcomp"": ""0.9"", ""qpmax"": ""48"", ""qpmin"": ""19"", ""rc-lookahead"": ""44"", ""rd"": ""4"", ""rdoq-level"": ""1"", ""rect"": ""0"", ""ref"": ""3"", ""rskip"": ""0"", ""sao"": ""1"", ""scenecut"": ""37"", ""subme"": ""4"", ""tu-inter-depth"": ""4"", ""tu-intra-depth"": ""3"", ""weightb"": ""0"", ""weightp"": ""0"", ""wpp"": ""0""}"
x265,bestconfig,7302,single,51,52.96,5.79,52.96,6.318000078201294,"['Standard', '320p', 30, '10s']",0.0,6.317904949188232,0.0,"{""amp"": ""0"", ""aq-mode"": ""3"", ""aq-strength"": ""0.8"", ""b-adapt"": ""2"", ""bframes"": ""6"", ""crf"": ""25.0"", ""ctu"": ""32"", ""keyint"": ""307"", ""limit-refs"": ""3"", ""limit-tu"": ""0"", ""me"": ""dia"", ""merange"": ""38"", ""open-gop"": ""1"", ""psy-rd"": ""3.5"", ""psy-rdoq"": ""4.0"", ""qcomp"": ""0.8"", ""qpmax"": ""37"", ""qpmin"": ""17"", ""rc-lookahead"": ""21"", ""rd"": ""2"", ""rdoq-level"": ""2"", ""rect"": ""0"", ""ref"": ""6"", ""rskip"": ""1"", ""sao"": ""1"", ""scenecut"": ""18"", ""subme"": ""2"", ""tu-inter-depth"": ""2"", ""tu-intra-depth"": ""3"", ""weightb"": ""1"", ""weightp"": ""0"", ""wpp"": ""0""}"
x265,bestconfig,7302,single,52,81.85,3.76,81.85,4.083808660507202,"['Standard', '320p', 30, '10s']",0.0,4.083728790283203,0.0,"{""amp"": ""0"", ""aq-mode"": ""2"", ""aq-strength"": ""1.8"", ""b-adapt"": ""0"", ""bframes"": ""3"", ""crf"": ""32.0"", ""ctu"": ""16"", ""keyint"": ""205"", ""limit-refs"": ""1"", ""limit-tu"": ""1"", ""me"": ""full"", ""merange"": ""27"", ""open-gop"": ""0"", ""psy-rd"": ""1.0"", ""psy-rdoq"": ""0.0"", ""qcomp"": ""0.5"", ""qpmax"": ""39"", ""qpmin"": ""12"", ""rc-lookahead"": ""23"", ""rd"": ""1"", ""rdoq-level"": ""1"", ""rect"": ""1"", ""ref"": ""5"", ""rskip"": ""1"", ""sao"": ""0"", ""scenecut"": ""78"", ""subme"": ""4"", ""tu-inter-depth"": ""3"", ""tu-intra-depth"": ""1"", ""weightb"": ""1"", ""weightp"": ""1"", ""wpp"": ""1""}"
x265,bestconfig,7302,single,53,61.13,5.02,61.13,5.360034227371216,"['Standard', '320p', 30, '10s']",0.0,5.3599512577056885,0.0,"{""amp"": ""0"", ""aq-mode"": ""3"", ""aq-strength"": ""0.0"", ""b-adapt"": ""0"", ""bframes"": ""8"", ""crf"": ""20.0"", ""ctu"": ""16"", ""keyint"": ""397"", ""limit-refs"": ""2"", ""limit-tu"": ""2"", ""me"": ""dia"", ""merange"": ""56"", ""open-gop"": ""0"", ""psy-rd"": ""0.5"", ""psy-rdoq"": ""1.0"", ""qcomp"": ""0.5"", ""qpmax"": ""29"", ""qpmin"": ""14"", ""rc-lookahead"": ""12"", ""rd"": ""4"", ""rdoq-level"": ""0"", ""rect"": ""0"", ""ref"": ""2"", ""rskip"": ""0"", ""sao"": ""1"", ""scenecut"": ""6"", ""subme"": ""3"", ""tu-inter-depth"": ""2"", ""tu-intra-depth"": ""2"", ""weightb"": ""0"", ""weightp"": ""1"", ""wpp"": ""1""}"
x265,bestconfig,7302,single,54,31.05,9.85,31.05,10.18911623954773,"['Standard', '320p', 30, '10s']",0.0,10.189031839370728,0.0,"{""amp"": ""1"", ""aq-mode"": ""2"", ""aq-strength"": ""1.5"", ""b-adapt"": ""1"", ""bframes"": ""0"", ""crf"": ""28.0"", ""ctu"": ""16"", ""keyint"": ""474"", ""limit-refs"": ""2"", ""limit-tu"": ""2"", ""me"": ""umh"", ""merange"": ""41"", ""open-gop"": ""1"", ""psy-rd"": ""3.0"", ""psy-rdoq"": ""2.0"", ""qcomp"": ""0.7"", ""qpmax"": ""27"", ""qpmin"": ""2"", ""rc-lookahead"": ""53"", ""rd"": ""2"", ""rdoq-level"": ""1"", ""rect"": ""1"", ""ref"": ""4"", ""rskip"": ""0"", ""sao"": ""0"", ""scenecut"": ""91"", ""subme"": ""3"", ""tu-inter-depth"": ""2"", ""tu-intra-depth"": ""2"", ""weightb"": ""1"", ""weightp"": ""1"", ""wpp"": ""0""}"
x265,bestconfig,7302,single,55,24.61,12.42,24.61,12.804734468460083,"['Standard', '320p', 30, '10s']",0.0,12.804604053497314,0.0,"{""amp"": ""0"", ""aq-mode"": ""1"", ""aq-strength"": ""2.0"", ""b-adapt"": ""2"", ""bframes"": ""5"", ""crf"": ""30.0"", ""ctu"": ""64"", ""keyint"": ""78"", ""limit-refs"": ""0"", ""limit-tu"": ""3"", ""me"": ""hex"", ""merange"": ""50"", ""open-gop"": ""1"", ""psy-rd"": ""2.0"", ""psy-rdoq"": ""4.5"", ""qcomp"": ""0.75"", ""qpmax"": ""45"", ""qpmin"": ""6"", ""rc-lookahead"": ""55"", ""rd"": ""5"", ""rdoq-level"": ""1"", ""rect"": ""0"", ""ref"": ""1"", ""rskip"": ""0"", ""sao"": ""1"", ""scenecut"": ""44"", ""subme"": ""2"", ""tu-inter-depth"": ""3"", ""tu-intra-depth"": ""3"", ""weightb"": ""1"", ""weightp"": ""1"", ""wpp"": ""1""}"
x265,bestconfig,7302,single,56,26.41,11.57,26.41,11.901852369308472,"['Standard', '320p', 30, '10s']",0.0,11.901769638061523,0.0,"{""amp"": ""1"", ""aq-mode"": ""0"", ""aq-strength"": ""1.0"", ""b-adapt"": ""1"", ""bframes"": ""4"", ""crf"": ""18.0"", ""ctu"": ""64"", ""keyint"": ""119"", ""limit-refs"": ""2"", ""limit-tu"": ""4"", ""me"": ""star"", ""merange"": ""31"", ""open-gop"": ""0"", ""psy-rd"": ""2.5"", ""psy-rdoq"": ""3.0"", ""qcomp"": ""1.0"", ""qpmax"": ""21"", ""qpmin"": ""8"", ""rc-lookahead"": ""31"", ""rd"": ""3"", ""rdoq-level"": ""0"", ""rect"": ""1"", ""ref"": ""3"", ""rskip"": ""1"", ""sao"": ""0"", ""scenecut"": ""73"", ""subme"": ""1"", ""tu-inter-depth"": ""1"", ""tu-intra-depth"": ""4"", ""weightb"": ""0"", ""weightp"": ""0"", ""wpp"": ""0""}"
x265,bestconfig,7302,single,57,20.55,14.85,20.55,15.174056768417358,"['Standard', '320p', 30, '10s']",0.0,15.173972606658936,0.0,"{""amp"": ""0"", ""aq-mode"": ""4"", ""aq-strength"": ""1.8"", ""b-adapt"": ""2"", ""bframes"": ""1"", ""crf"": ""25.0"", ""ctu"": ""16"", ""keyint"": ""414"", ""limit-refs"": ""3"", ""limit-tu"": ""3"", ""me"": ""full"", ""merange"": ""45"", ""open-gop"": ""1"", ""psy-rd"": ""0.5"", ""psy-rdoq"": ""4.0"", ""qcomp"": ""0.8"", ""qpmax"": ""47"", ""qpmin"": ""1"", ""rc-lookahead"": ""24"", ""rd"": ""2"", ""rdoq-level"": ""0"", ""rect"": ""1"", ""ref"": ""3"", ""rskip"": ""0"", ""sao"": ""0"", ""scenecut"": ""82"", ""subme"": ""3"", ""tu-inter-depth"": ""1"", ""tu-intra-depth"": ""2"", ""weightb"": ""0"", ""weightp"": ""0"", ""wpp"": ""0""}"
x265,bestconfig,7302,single,58,41.5,7.38,41.5,7.70991063117981,"['Standard', '320p', 30, '10s']",0.0,7.709787368774414,0.0,"{""amp"": ""1"", ""aq-mode"": ""3"", ""aq-strength"": ""1.0"", ""b-adapt"": ""1"", ""bframes"": ""1"", ""crf"": ""22.0"", ""ctu"": ""64"", ""keyint"": ""450"", ""limit-refs"": ""3"", ""limit-tu"": ""4"", ""me"": ""star"", ""merange"": ""43"", ""open-gop"": ""0"", ""psy-rd"": ""1.0"", ""psy-rdoq"": ""1.0"", ""qcomp"": ""1.0"", ""qpmax"": ""42"", ""qpmin"": ""1"", ""rc-lookahead"": ""26"", ""rd"": ""2"", ""rdoq-level"": ""1"", ""rect"": ""1"", ""ref"": ""4"", ""rskip"": ""1"", ""sao"": ""1"", ""scenecut"": ""87"", ""subme"": ""2"", ""tu-inter-depth"": ""1"", ""tu-intra-depth"": ""1"", ""weightb"": ""0"", ""weightp"": ""1"", ""wpp"": ""1""}"
x265,bestconfig,7302,single,59,73.86,4.17,73.86,4.50286340713501,"['Standard', '320p', 30, '10s']",0.0,4.502780437469482,0.0,"{""amp"": ""1"", ""aq-mode"": ""4"", ""aq-strength"": ""0.8"", ""b-adapt"": ""1"", ""bframes"": ""3"", ""crf"": ""30.0"", ""ctu"": ""32"", ""keyint"": ""399"", ""limit-refs"": ""2"", ""limit-tu"": ""4"", ""me"": ""umh"", ""merange"": ""41"", ""open-gop"": ""0"", ""psy-rd"": ""3.5"", ""psy-rdoq"": ""3.0"", ""qcomp"": ""0.7"", ""qpmax"": ""44"", ""qpmin"": ""2"", ""rc-lookahead"": ""31"", ""rd"": ""2"", ""rdoq-level"": ""1"", ""rect"": ""0"", ""ref"": ""3"", ""rskip"": ""1"", ""sao"": ""1"", ""scenecut"": ""80"", ""subme"": ""3"", ""tu-inter-depth"": ""2"", ""tu-intra-depth"": ""2"", ""weightb"": ""0"", ""weightp"": ""1"", ""wpp"": ""1""}"
x265,bestconfig,7302,single,60,142.55,2.19,142.55,2.500887155532837,"['Standard', '320p', 30, '10s']",0.0,2.5008063316345215,0.0,"{""amp"": ""0"", ""aq-mode"": ""3"", ""aq-strength"": ""2.0"", ""b-adapt"": ""1"", ""bframes"": ""2"", ""crf"": ""28.0"", ""ctu"": ""32"", ""keyint"": ""434"", ""limit-refs"": ""2"", ""limit-tu"": ""3"", ""me"": ""star"", ""merange"": ""47"", ""open-gop"": ""0"", ""psy-rd"": ""2.5"", ""psy-rdoq"": ""0.0"", ""qcomp"": ""0.5"", ""qpmax"": ""41"", ""qpmin"": ""1"", ""rc-lookahead"": ""23"", ""rd"": ""1"", ""rdoq-level"": ""0"", ""rect"": ""1"", ""ref"": ""4"", ""rskip"": ""1"", ""sao"": ""0"", ""scenecut"": ""90"", ""subme"": ""4"", ""tu-inter-depth"": ""1"", ""tu-intra-depth"": ""1"", ""weightb"": ""1"", ""weightp"": ""1"", ""wpp"": ""0""}"
x265,bestconfig,7302,single,61,56.96,5.39,56.96,5.703638315200806,"['Standard', '320p', 30, '10s']",0.0,5.703556060791016,0.0,"{""amp"": ""0"", ""aq-mode"": ""4"", ""aq-strength"": ""1.5"", ""b-adapt"": ""2"", ""bframes"": ""2"", ""crf"": ""32.0"", ""ctu"": ""16"", ""keyint"": ""444"", ""limit-refs"": ""2"", ""limit-tu"": ""3"", ""me"": ""dia"", ""merange"": ""42"", ""open-gop"": ""1"", ""psy-rd"": ""2.0"", ""psy-rdoq"": ""4.5"", ""qcomp"": ""0.9"", ""qpmax"": ""40"", ""qpmin"": ""2"", ""rc-lookahead"": ""28"", ""rd"": ""2"", ""rdoq-level"": ""2"", ""rect"": ""0"", ""ref"": ""4"", ""rskip"": ""0"", ""sao"": ""1"", ""scenecut"": ""88"", ""subme"": ""3"", ""tu-inter-depth"": ""1"", ""tu-intra-depth"": ""2"", ""weightb"": ""1"", ""weightp"": ""0"", ""wpp"": ""1""}"
x265,bestconfig,7302,single,62,34.47,8.87,34.47,9.212283849716187,"['Standard', '320p', 30, '10s']",0.0,9.212198495864868,0.0,"{""amp"": ""0"", ""aq-mode"": ""3"", ""aq-strength"": ""1.2"", ""b-adapt"": ""2"", ""bframes"": ""2"", ""crf"": ""18.0"", ""ctu"": ""64"", ""keyint"": ""457"", ""limit-refs"": ""1"", ""limit-tu"": ""2"", ""me"": ""hex"", ""merange"": ""49"", ""open-gop"": ""0"", ""psy-rd"": ""1.5"", ""psy-rdoq"": ""0.5"", ""qcomp"": ""0.5"", ""qpmax"": ""43"", ""qpmin"": ""2"", ""rc-lookahead"": ""27"", ""rd"": ""3"", ""rdoq-level"": ""1"", ""rect"": ""0"", ""ref"": ""5"", ""rskip"": ""1"", ""sao"": ""0"", ""scenecut"": ""84"", ""subme"": ""2"", ""tu-inter-depth"": ""2"", ""tu-intra-depth"": ""3"", ""weightb"": ""0"", ""weightp"": ""0"", ""wpp"": ""1""}"
x265,bestconfig,7302,single,63,16.77,18.19,16.77,18.52322816848755,"['Standard', '320p', 30, '10s']",0.0,18.5231454372406,0.0,"{""amp"": ""1"", ""aq-mode"": ""3"", ""aq-strength"": ""0.5"", ""b-adapt"": ""2"", ""bframes"": ""0"", ""crf"": ""18.0"", ""ctu"": ""16"", ""keyint"": ""423"", ""limit-refs"": ""1"", ""limit-tu"": ""3"", ""me"": ""dia"", ""merange"": ""49"", ""open-gop"": ""1"", ""psy-rd"": ""3.0"", ""psy-rdoq"": ""2.0"", ""qcomp"": ""0.75"", ""qpmax"": ""45"", ""qpmin"": ""1"", ""rc-lookahead"": ""29"", ""rd"": ""3"", ""rdoq-level"": ""1"", ""rect"": ""1"", ""ref"": ""4"", ""rskip"": ""0"", ""sao"": ""1"", ""scenecut"": ""85"", ""subme"": ""4"", ""tu-inter-depth"": ""2"", ""tu-intra-depth"": ""3"", ""weightb"": ""1"", ""weightp"": ""0"", ""wpp"": ""0""}"
x265,bestconfig,7302,single,64,39.68,7.75,39.68,8.07427716255188,"['Standard', '320p', 30, '10s']",0.0,8.074191808700562,0.0,"{""amp"": ""1"", ""aq-mode"": ""4"", ""aq-strength"": ""0.0"", ""b-adapt"": ""1"", ""bframes"": ""1"", ""crf"": ""20.0"", ""ctu"": ""32"", ""keyint"": ""473"", ""limit-refs"": ""2"", ""limit-tu"": ""2"", ""me"": ""hex"", ""merange"": ""46"", ""open-gop"": ""1"", ""psy-rd"": ""0.0"", ""psy-rdoq"": ""2.5"", ""qcomp"": ""0.6"", ""qpmax"": ""48"", ""qpmin"": ""2"", ""rc-lookahead"": ""27"", ""rd"": ""1"", ""rdoq-level"": ""2"", ""rect"": ""0"", ""ref"": ""5"", ""rskip"": ""0"", ""sao"": ""0"", ""scenecut"": ""79"", ""subme"": ""3"", ""tu-inter-depth"": ""2"", ""tu-intra-depth"": ""2"", ""weightb"": ""1"", ""weightp"": ""1"", ""wpp"": ""0""}"
x265,bestconfig,7302,single,65,103.5,3.03,103.5,3.5772664546966553,"['Standard', '320p', 30, '10s']",0.0,3.5771706104278564,0.0,"{""amp"": ""0"", ""aq-mode"": ""2"", ""aq-strength"": ""1.5"", ""b-adapt"": ""2"", ""bframes"": ""2"", ""crf"": ""32.0"", ""ctu"": ""32"", ""keyint"": ""438"", ""limit-refs"": ""2"", ""limit-tu"": ""3"", ""me"": ""star"", ""merange"": ""47"", ""open-gop"": ""0"", ""psy-rd"": ""1.0"", ""psy-rdoq"": ""0.0"", ""qcomp"": ""0.7"", ""qpmax"": ""42"", ""qpmin"": ""1"", ""rc-lookahead"": ""30"", ""rd"": ""1"", ""rdoq-level"": ""0"", ""rect"": ""0"", ""ref"": ""4"", ""rskip"": ""0"", ""sao"": ""1"", ""scenecut"": ""88"", ""subme"": ""5"", ""tu-inter-depth"": ""1"", ""tu-intra-depth"": ""1"", ""weightb"": ""0"", ""weightp"": ""1"", ""wpp"": ""1""}"
x265,bestconfig,7302,single,66,4.05,75.05,4.05,75.3872721195221,"['Standard', '320p', 30, '10s']",0.0,75.3871808052063,0.0,"{""amp"": ""1"", ""aq-mode"": ""3"", ""aq-strength"": ""0.5"", ""b-adapt"": ""2"", ""bframes"": ""1"", ""crf"": ""20.0"", ""ctu"": ""16"", ""keyint"": ""463"", ""limit-refs"": ""2"", ""limit-tu"": ""3"", ""me"": ""full"", ""merange"": ""42"", ""open-gop"": ""1"", ""psy-rd"": ""0.0"", ""psy-rdoq"": ""4.5"", ""qcomp"": ""1.0"", ""qpmax"": ""44"", ""qpmin"": ""2"", ""rc-lookahead"": ""24"", ""rd"": ""2"", ""rdoq-level"": ""0"", ""rect"": ""1"", ""ref"": ""5"", ""rskip"": ""0"", ""sao"": ""1"", ""scenecut"": ""82"", ""subme"": ""3"", ""tu-inter-depth"": ""1"", ""tu-intra-depth"": ""1"", ""weightb"": ""0"", ""weightp"": ""0"", ""wpp"": ""1""}"
x265,bestconfig,7302,single,67,177.75,1.8,177.75,2.357696533203125,"['Standard', '320p', 30, '10s']",0.0,2.3576059341430664,0.0,"{""amp"": ""0"", ""aq-mode"": ""3"", ""aq-strength"": ""0.8"", ""b-adapt"": ""1"", ""bframes"": ""2"", ""crf"": ""30.0"", ""ctu"": ""32"", ""keyint"": ""422"", ""limit-refs"": ""3"", ""limit-tu"": ""4"", ""me"": ""umh"", ""merange"": ""50"", ""open-gop"": ""0"", ""psy-rd"": ""3.5"", ""psy-rdoq"": ""4.0"", ""qcomp"": ""0.5"", ""qpmax"": ""40"", ""qpmin"": ""2"", ""rc-lookahead"": ""22"", ""rd"": ""1"", ""rdoq-level"": ""0"", ""rect"": ""1"", ""ref"": ""4"", ""rskip"": ""1"", ""sao"": ""1"", ""scenecut"": ""86"", ""subme"": ""4"", ""tu-inter-depth"": ""1"", ""tu-intra-depth"": ""2"", ""weightb"": ""0"", ""weightp"": ""0"", ""wpp"": ""1""}"
x265,bestconfig,7302,single,68,50.93,6.03,50.93,6.356653451919556,"['Standard', '320p', 30, '10s']",0.0,6.356571674346924,0.0,"{""amp"": ""1"", ""aq-mode"": ""4"", ""aq-strength"": ""1.0"", ""b-adapt"": ""1"", ""bframes"": ""3"", ""crf"": ""18.0"", ""ctu"": ""32"", ""keyint"": ""472"", ""limit-refs"": ""1"", ""limit-tu"": ""3"", ""me"": ""hex"", ""merange"": ""46"", ""open-gop"": ""1"", ""psy-rd"": ""2.0"", ""psy-rdoq"": ""3.0"", ""qcomp"": ""0.6"", ""qpmax"": ""41"", ""qpmin"": ""2"", ""rc-lookahead"": ""28"", ""rd"": ""1"", ""rdoq-level"": ""1"", ""rect"": ""1"", ""ref"": ""3"", ""rskip"": ""1"", ""sao"": ""0"", ""scenecut"": ""80"", ""subme"": ""4"", ""tu-inter-depth"": ""2"", ""tu-intra-depth"": ""1"", ""weightb"": ""1"", ""weightp"": ""1"", ""wpp"": ""0""}"
x265,bestconfig,7302,single,69,53.79,5.7,53.79,6.038722515106201,"['Standard', '320p', 30, '10s']",0.0,6.038638353347778,0.0,"{""amp"": ""0"", ""aq-mode"": ""3"", ""aq-strength"": ""2.0"", ""b-adapt"": ""0"", ""bframes"": ""0"", ""crf"": ""22.0"", ""ctu"": ""16"", ""keyint"": ""403"", ""limit-refs"": ""2"", ""limit-tu"": ""2"", ""me"": ""star"", ""merange"": ""44"", ""open-gop"": ""1"", ""psy-rd"": ""2.5"", ""psy-rdoq"": ""0.5"", ""qcomp"": ""0.9"", ""qpmax"": ""41"", ""qpmin"": ""2"", ""rc-lookahead"": ""23"", ""rd"": ""1"", ""rdoq-level"": ""1"", ""rect"": ""0"", ""ref"": ""3"", ""rskip"": ""1"", ""sao"": ""0"", ""scenecut"": ""84"", ""subme"": ""4"", ""tu-inter-depth"": ""2"", ""tu-intra-depth"": ""2"", ""weightb"": ""0"", ""weightp"": ""0"", ""wpp"": ""1""}"
x265,bestconfig,7302,single,70,54.2,5.71,54.2,6.257997989654541,"['Standard', '320p', 30, '10s']",0.0,6.257906913757324,0.0,"{""amp"": ""1"", ""aq-mode"": ""2"", ""aq-strength"": ""1.2"", ""b-adapt"": ""1"", ""bframes"": ""1"", ""crf"": ""18.0"", ""ctu"": ""64"", ""keyint"": ""449"", ""limit-refs"": ""2"", ""limit-tu"": ""4"", ""me"": ""hex"", ""merange"": ""42"", ""open-gop"": ""1"", ""psy-rd"": ""0.5"", ""psy-rdoq"": ""2.0"", ""qcomp"": ""0.75"", ""qpmax"": ""40"", ""qpmin"": ""1"", ""rc-lookahead"": ""27"", ""rd"": ""2"", ""rdoq-level"": ""0"", ""rect"": ""0"", ""ref"": ""4"", ""rskip"": ""0"", ""sao"": ""0"", ""scenecut"": ""86"", ""subme"": ""4"", ""tu-inter-depth"": ""2"", ""tu-intra-depth"": ""2"", ""weightb"": ""1"", ""weightp"": ""0"", ""wpp"": ""0""}"
x265,bestconfig,7302,single,71,66.64,4.62,66.64,4.948931932449341,"['Standard', '320p', 30, '10s']",0.0,4.948847770690918,0.0,"{""amp"": ""1"", ""aq-mode"": ""4"", ""aq-strength"": ""0.0"", ""b-adapt"": ""1"", ""bframes"": ""1"", ""crf"": ""28.0"", ""ctu"": ""16"", ""keyint"": ""435"", ""limit-refs"": ""1"", ""limit-tu"": ""2"", ""me"": ""dia"", ""merange"": ""45"", ""open-gop"": ""0"", ""psy-rd"": ""3.0"", ""psy-rdoq"": ""1.0"", ""qcomp"": ""0.8"", ""qpmax"": ""43"", ""qpmin"": ""1"", ""rc-lookahead"": ""29"", ""rd"": ""2"", ""rdoq-level"": ""1"", ""rect"": ""0"", ""ref"": ""4"", ""rskip"": ""0"", ""sao"": ""0"", ""scenecut"": ""90"", ""subme"": ""5"", ""tu-inter-depth"": ""2"", ""tu-intra-depth"": ""1"", ""weightb"": ""1"", ""weightp"": ""1"", ""wpp"": ""0""}"
x265,bestconfig,7302,single,72,75.31,4.09,75.31,4.530707836151123,"['Standard', '320p', 30, '10s']",0.0,4.530574083328247,0.0,"{""amp"": ""0"", ""aq-mode"": ""3"", ""aq-strength"": ""1.8"", ""b-adapt"": ""0"", ""bframes"": ""3"", ""crf"": ""25.0"", ""ctu"": ""64"", ""keyint"": ""412"", ""limit-refs"": ""3"", ""limit-tu"": ""3"", ""me"": ""dia"", ""merange"": ""48"", ""open-gop"": ""0"", ""psy-rd"": ""1.5"", ""psy-rdoq"": ""2.5"", ""qcomp"": ""0.5"", ""qpmax"": ""44"", ""qpmin"": ""1"", ""rc-lookahead"": ""25"", ""rd"": ""2"", ""rdoq-level"": ""1"", ""rect"": ""1"", ""ref"": ""5"", ""rskip"": ""1"", ""sao"": ""1"", ""scenecut"": ""78"", ""subme"": ""3"", ""tu-inter-depth"": ""1"", ""tu-intra-depth"": ""2"", ""weightb"": ""1"", ""weightp"": ""1"", ""wpp"": ""0""}"
x265,bestconfig,7302,single,73,31.63,9.66,31.63,10.000097513198853,"['Standard', '320p', 30, '10s']",0.0,10.000016212463379,0.0,"{""amp"": ""0"", ""aq-mode"": ""2"", ""aq-strength"": ""1.8"", ""b-adapt"": ""0"", ""bframes"": ""1"", ""crf"": ""18.0"", ""ctu"": ""32"", ""keyint"": ""418"", ""limit-refs"": ""2"", ""limit-tu"": ""3"", ""me"": ""dia"", ""merange"": ""52"", ""open-gop"": ""0"", ""psy-rd"": ""2.5"", ""psy-rdoq"": ""2.5"", ""qcomp"": ""0.5"", ""qpmax"": ""44"", ""qpmin"": ""2"", ""rc-lookahead"": ""21"", ""rd"": ""2"", ""rdoq-level"": ""1"", ""rect"": ""1"", ""ref"": ""5"", ""rskip"": ""1"", ""sao"": ""0"", ""scenecut"": ""79"", ""subme"": ""4"", ""tu-inter-depth"": ""2"", ""tu-intra-depth"": ""3"", ""weightb"": ""0"", ""weightp"": ""0"", ""wpp"": ""0""}"
x265,bestconfig,7302,single,74,60.06,5.12,60.06,5.452355861663818,"['Standard', '320p', 30, '10s']",0.0,5.452274560928345,0.0,"{""amp"": ""1"", ""aq-mode"": ""2"", ""aq-strength"": ""1.5"", ""b-adapt"": ""2"", ""bframes"": ""2"", ""crf"": ""25.0"", ""ctu"": ""32"", ""keyint"": ""411"", ""limit-refs"": ""3"", ""limit-tu"": ""4"", ""me"": ""hex"", ""merange"": ""42"", ""open-gop"": ""1"", ""psy-rd"": ""3.5"", ""psy-rdoq"": ""2.0"", ""qcomp"": ""0.5"", ""qpmax"": ""39"", ""qpmin"": ""3"", ""rc-lookahead"": ""22"", ""rd"": ""2"", ""rdoq-level"": ""0"", ""rect"": ""1"", ""ref"": ""3"", ""rskip"": ""1"", ""sao"": ""1"", ""scenecut"": ""84"", ""subme"": ""4"", ""tu-inter-depth"": ""1"", ""tu-intra-depth"": ""1"", ""weightb"": ""0"", ""weightp"": ""1"", ""wpp"": ""0""}"
x265,bestconfig,7302,single,75,48.68,6.31,48.68,6.718939304351807,"['Standard', '320p', 30, '10s']",0.0,6.718805313110352,0.0,"{""amp"": ""0"", ""aq-mode"": ""4"", ""aq-strength"": ""1.2"", ""b-adapt"": ""2"", ""bframes"": ""3"", ""crf"": ""22.0"", ""ctu"": ""64"", ""keyint"": ""456"", ""limit-refs"": ""3"", ""limit-tu"": ""4"", ""me"": ""star"", ""merange"": ""53"", ""open-gop"": ""0"", ""psy-rd"": ""0.5"", ""psy-rdoq"": ""0.5"", ""qcomp"": ""0.75"", ""qpmax"": ""42"", ""qpmin"": ""2"", ""rc-lookahead"": ""23"", ""rd"": ""1"", ""rdoq-level"": ""1"", ""rect"": ""1"", ""ref"": ""4"", ""rskip"": ""0"", ""sao"": ""1"", ""scenecut"": ""87"", ""subme"": ""3"", ""tu-inter-depth"": ""1"", ""tu-intra-depth"": ""2"", ""weightb"": ""1"", ""weightp"": ""0"", ""wpp"": ""0""}"
x265,bestconfig,7302,single,76,27.78,11.0,27.78,11.335877180099487,"['Standard', '320p', 30, '10s']",0.0,11.335791110992432,0.0,"{""amp"": ""0"", ""aq-mode"": ""3"", ""aq-strength"": ""0.8"", ""b-adapt"": ""1"", ""bframes"": ""2"", ""crf"": ""30.0"", ""ctu"": ""64"", ""keyint"": ""401"", ""limit-refs"": ""3"", ""limit-tu"": ""3"", ""me"": ""full"", ""merange"": ""48"", ""open-gop"": ""1"", ""psy-rd"": ""2.0"", ""psy-rdoq"": ""4.0"", ""qcomp"": ""0.6"", ""qpmax"": ""43"", ""qpmin"": ""2"", ""rc-lookahead"": ""22"", ""rd"": ""1"", ""rdoq-level"": ""1"", ""rect"": ""1"", ""ref"": ""5"", ""rskip"": ""0"", ""sao"": ""0"", ""scenecut"": ""90"", ""subme"": ""5"", ""tu-inter-depth"": ""1"", ""tu-intra-depth"": ""2"", ""weightb"": ""0"", ""weightp"": ""0"", ""wpp"": ""1""}"
x265,bestconfig,7302,single,77,101.96,3.04,101.96,3.430449962615967,"['Standard', '320p', 30, '10s']",0.0,3.430312395095825,0.0,"{""amp"": ""1"", ""aq-mode"": ""3"", ""aq-strength"": ""0.0"", ""b-adapt"": ""1"", ""bframes"": ""2"", ""crf"": ""32.0"", ""ctu"": ""16"", ""keyint"": ""452"", ""limit-refs"": ""2"", ""limit-tu"": ""3"", ""me"": ""star"", ""merange"": ""44"", ""open-gop"": ""1"", ""psy-rd"": ""3.0"", ""psy-rdoq"": ""0.0"", ""qcomp"": ""0.9"", ""qpmax"": ""44"", ""qpmin"": ""2"", ""rc-lookahead"": ""22"", ""rd"": ""1"", ""rdoq-level"": ""0"", ""rect"": ""0"", ""ref"": ""4"", ""rskip"": ""0"", ""sao"": ""1"", ""scenecut"": ""83"", ""subme"": ""5"", ""tu-inter-depth"": ""2"", ""tu-intra-depth"": ""3"", ""weightb"": ""1"", ""weightp"": ""1"", ""wpp"": ""0""}"
x265,bestconfig,7302,single,78,71.87,4.28,71.87,4.622400999069214,"['Standard', '320p', 30, '10s']",0.0,4.622306823730469,0.0,"{""amp"": ""0"", ""aq-mode"": ""3"", ""aq-strength"": ""0.5"", ""b-adapt"": ""1"", ""bframes"": ""1"", ""crf"": ""28.0"", ""ctu"": ""16"", ""keyint"": ""473"", ""limit-refs"": ""2"", ""limit-tu"": ""3"", ""me"": ""umh"", ""merange"": ""50"", ""open-gop"": ""1"", ""psy-rd"": ""0.0"", ""psy-rdoq"": ""4.5"", ""qcomp"": ""1.0"", ""qpmax"": ""40"", ""qpmin"": ""3"", ""rc-lookahead"": ""21"", ""rd"": ""2"", ""rdoq-level"": ""1"", ""rect"": ""0"", ""ref"": ""4"", ""rskip"": ""0"", ""sao"": ""1"", ""scenecut"": ""80"", ""subme"": ""4"", ""tu-inter-depth"": ""2"", ""tu-intra-depth"": ""1"", ""weightb"": ""1"", ""weightp"": ""1"", ""wpp"": ""1""}"
x265,bestconfig,7302,single,79,64.33,4.78,64.33,5.128743886947632,"['Standard', '320p', 30, '10s']",0.0,5.128659963607788,0.0,"{""amp"": ""1"", ""aq-mode"": ""3"", ""aq-strength"": ""2.0"", ""b-adapt"": ""1"", ""bframes"": ""0"", ""crf"": ""20.0"", ""ctu"": ""16"", ""keyint"": ""442"", ""limit-refs"": ""2"", ""limit-tu"": ""4"", ""me"": ""hex"", ""merange"": ""45"", ""open-gop"": ""0"", ""psy-rd"": ""1.0"", ""psy-rdoq"": ""1.0"", ""qcomp"": ""0.7"", ""qpmax"": ""41"", ""qpmin"": ""3"", ""rc-lookahead"": ""22"", ""rd"": ""1"", ""rdoq-level"": ""0"", ""rect"": ""0"", ""ref"": ""4"", ""rskip"": ""1"", ""sao"": ""0"", ""scenecut"": ""86"", ""subme"": ""3"", ""tu-inter-depth"": ""1"", ""tu-intra-depth"": ""2"", ""weightb"": ""0"", ""weightp"": ""0"", ""wpp"": ""1""}"
x265,bestconfig,7302,single,80,51.45,5.96,51.45,6.296238660812378,"['Standard', '320p', 30, '10s']",0.0,6.296158313751221,0.0,"{""amp"": ""1"", ""aq-mode"": ""4"", ""aq-strength"": ""1.0"", ""b-adapt"": ""0"", ""bframes"": ""0"", ""crf"": ""18.0"", ""ctu"": ""32"", ""keyint"": ""431"", ""limit-refs"": ""3"", ""limit-tu"": ""4"", ""me"": ""dia"", ""merange"": ""55"", ""open-gop"": ""0"", ""psy-rd"": ""1.5"", ""psy-rdoq"": ""3.0"", ""qcomp"": ""0.8"", ""qpmax"": ""42"", ""qpmin"": ""3"", ""rc-lookahead"": ""23"", ""rd"": ""2"", ""rdoq-level"": ""0"", ""rect"": ""0"", ""ref"": ""3"", ""rskip"": ""1"", ""sao"": ""0"", ""scenecut"": ""89"", ""subme"": ""4"", ""tu-inter-depth"": ""2"", ""tu-intra-depth"": ""2"", ""weightb"": ""1"", ""weightp"": ""1"", ""wpp"": ""1""}"
x265,bestconfig,7302,single,81,38.0,8.05,38.0,8.397932052612305,"['Standard', '320p', 30, '10s']",0.0,8.397850513458252,0.0,"{""amp"": ""0"", ""aq-mode"": ""3"", ""aq-strength"": ""0.8"", ""b-adapt"": ""1"", ""bframes"": ""1"", ""crf"": ""18.0"", ""ctu"": ""64"", ""keyint"": ""452"", ""limit-refs"": ""2"", ""limit-tu"": ""3"", ""me"": ""hex"", ""merange"": ""44"", ""open-gop"": ""1"", ""psy-rd"": ""2.5"", ""psy-rdoq"": ""3.0"", ""qcomp"": ""1.0"", ""qpmax"": ""41"", ""qpmin"": ""3"", ""rc-lookahead"": ""21"", ""rd"": ""2"", ""rdoq-level"": ""0"", ""rect"": ""1"", ""ref"": ""4"", ""rskip"": ""1"", ""sao"": ""1"", ""scenecut"": ""78"", ""subme"": ""4"", ""tu-inter-depth"": ""1"", ""tu-intra-depth"": ""2"", ""weightb"": ""1"", ""weightp"": ""1"", ""wpp"": ""0""}"
x265,bestconfig,7302,single,82,65.11,4.73,65.11,5.123291969299316,"['Standard', '320p', 30, '10s']",0.0,5.123154401779175,0.0,"{""amp"": ""1"", ""aq-mode"": ""4"", ""aq-strength"": ""1.5"", ""b-adapt"": ""2"", ""bframes"": ""2"", ""crf"": ""32.0"", ""ctu"": ""32"", ""keyint"": ""468"", ""limit-refs"": ""2"", ""limit-tu"": ""4"", ""me"": ""star"", ""merange"": ""53"", ""open-gop"": ""0"", ""psy-rd"": ""1.0"", ""psy-rdoq"": ""1.0"", ""qcomp"": ""0.8"", ""qpmax"": ""45"", ""qpmin"": ""3"", ""rc-lookahead"": ""22"", ""rd"": ""2"", ""rdoq-level"": ""1"", ""rect"": ""0"", ""ref"": ""5"", ""rskip"": ""0"", ""sao"": ""0"", ""scenecut"": ""80"", ""subme"": ""3"", ""tu-inter-depth"": ""2"", ""tu-intra-depth"": ""2"", ""weightb"": ""0"", ""weightp"": ""0"", ""wpp"": ""0""}"
x265,bestconfig,7302,single,83,72.4,4.25,72.4,4.602297306060791,"['Standard', '320p', 30, '10s']",0.0,4.6021833419799805,0.0,"{""amp"": ""0"", ""aq-mode"": ""2"", ""aq-strength"": ""1.8"", ""b-adapt"": ""0"", ""bframes"": ""2"", ""crf"": ""20.0"", ""ctu"": ""64"", ""keyint"": ""458"", ""limit-refs"": ""2"", ""limit-tu"": ""3"", ""me"": ""hex"", ""merange"": ""51"", ""open-gop"": ""0"", ""psy-rd"": ""3.5"", ""psy-rdoq"": ""4.5"", ""qcomp"": ""0.5"", ""qpmax"": ""44"", ""qpmin"": ""2"", ""rc-lookahead"": ""22"", ""rd"": ""1"", ""rdoq-level"": ""1"", ""rect"": ""1"", ""ref"": ""4"", ""rskip"": ""1"", ""sao"": ""1"", ""scenecut"": ""86"", ""subme"": ""5"", ""tu-inter-depth"": ""1"", ""tu-intra-depth"": ""3"", ""weightb"": ""1"", ""weightp"": ""0"", ""wpp"": ""1""}"
x265,bestconfig,7302,single,84,80.24,3.84,80.24,4.17285418510437,"['Standard', '320p', 30, '10s']",0.0,4.172765493392944,0.0,"{""amp"": ""0"", ""aq-mode"": ""3"", ""aq-strength"": ""1.2"", ""b-adapt"": ""1"", ""bframes"": ""3"", ""crf"": ""30.0"", ""ctu"": ""32"", ""keyint"": ""424"", ""limit-refs"": ""3"", ""limit-tu"": ""4"", ""me"": ""dia"", ""merange"": ""45"", ""open-gop"": ""0"", ""psy-rd"": ""2.0"", ""psy-rdoq"": ""4.0"", ""qcomp"": ""0.6"", ""qpmax"": ""42"", ""qpmin"": ""2"", ""rc-lookahead"": ""23"", ""rd"": ""1"", ""rdoq-level"": ""1"", ""rect"": ""1"", ""ref"": ""4"", ""rskip"": ""0"", ""sao"": ""0"", ""scenecut"": ""87"", ""subme"": ""4"", ""tu-inter-depth"": ""1"", ""tu-intra-depth"": ""2"", ""weightb"": ""0"", ""weightp"": ""1"", ""wpp"": ""0""}"
x265,bestconfig,7302,single,85,62.62,4.91,62.62,5.249946117401123,"['Standard', '320p', 30, '10s']",0.0,5.249852180480957,0.0,"{""amp"": ""1"", ""aq-mode"": ""2"", ""aq-strength"": ""1.0"", ""b-adapt"": ""0"", ""bframes"": ""1"", ""crf"": ""18.0"", ""ctu"": ""16"", ""keyint"": ""414"", ""limit-refs"": ""3"", ""limit-tu"": ""4"", ""me"": ""star"", ""merange"": ""48"", ""open-gop"": ""0"", ""psy-rd"": ""1.5"", ""psy-rdoq"": ""2.5"", ""qcomp"": ""0.7"", ""qpmax"": ""43"", ""qpmin"": ""2"", ""rc-lookahead"": ""21"", ""rd"": ""2"", ""rdoq-level"": ""1"", ""rect"": ""0"", ""ref"": ""3"", ""rskip"": ""1"", ""sao"": ""1"", ""scenecut"": ""88"", ""subme"": ""3"", ""tu-inter-depth"": ""2"", ""tu-intra-depth"": ""1"", ""weightb"": ""1"", ""weightp"": ""1"", ""wpp"": ""1""}"
x265,bestconfig,7302,single,86,97.28,3.22,97.28,3.768892288208008,"['Standard', '320p', 30, '10s']",0.0,3.768798828125,0.0,"{""amp"": ""1"", ""aq-mode"": ""4"", ""aq-strength"": ""0.0"", ""b-adapt"": ""1"", ""bframes"": ""1"", ""crf"": ""28.0"", ""ctu"": ""16"", ""keyint"": ""434"", ""limit-refs"": ""3"", ""limit-tu"": ""3"", ""me"": ""dia"", ""merange"": ""49"", ""open-gop"": ""1"", ""psy-rd"": ""3.0"", ""psy-rdoq"": ""0.5"", ""qcomp"": ""0.9"", ""qpmax"": ""39"", ""qpmin"": ""2"", ""rc-lookahead"": ""23"", ""rd"": ""1"", ""rdoq-level"": ""0"", ""rect"": ""0"", ""ref"": ""5"", ""rskip"": ""0"", ""sao"": ""0"", ""scenecut"": ""84"", ""subme"": ""4"", ""tu-inter-depth"": ""2"", ""tu-intra-depth"": ""1"", ""weightb"": ""1"", ""weightp"": ""0"", ""wpp"": ""0""}"
x265,bestconfig,7302,single,87,12.87,23.68,12.87,24.016756057739258,"['Standard', '320p', 30, '10s']",0.0,24.016629457473755,0.0,"{""amp"": ""1"", ""aq-mode"": ""3"", ""aq-strength"": ""0.5"", ""b-adapt"": ""1"", ""bframes"": ""3"", ""crf"": ""22.0"", ""ctu"": ""16"", ""keyint"": ""403"", ""limit-refs"": ""2"", ""limit-tu"": ""3"", ""me"": ""full"", ""merange"": ""43"", ""open-gop"": ""1"", ""psy-rd"": ""0.0"", ""psy-rdoq"": ""0.0"", ""qcomp"": ""0.75"", ""qpmax"": ""42"", ""qpmin"": ""3"", ""rc-lookahead"": ""22"", ""rd"": ""1"", ""rdoq-level"": ""0"", ""rect"": ""1"", ""ref"": ""4"", ""rskip"": ""1"", ""sao"": ""1"", ""scenecut"": ""91"", ""subme"": ""5"", ""tu-inter-depth"": ""1"", ""tu-intra-depth"": ""2"", ""weightb"": ""0"", ""weightp"": ""1"", ""wpp"": ""1""}"
x265,bestconfig,7302,single,88,72.88,4.22,72.88,4.557131290435791,"['Standard', '320p', 30, '10s']",0.0,4.557040452957153,0.0,"{""amp"": ""0"", ""aq-mode"": ""3"", ""aq-strength"": ""2.0"", ""b-adapt"": ""2"", ""bframes"": ""0"", ""crf"": ""25.0"", ""ctu"": ""32"", ""keyint"": ""444"", ""limit-refs"": ""3"", ""limit-tu"": ""4"", ""me"": ""umh"", ""merange"": ""55"", ""open-gop"": ""1"", ""psy-rd"": ""0.5"", ""psy-rdoq"": ""2.0"", ""qcomp"": ""0.5"", ""qpmax"": ""40"", ""qpmin"": ""3"", ""rc-lookahead"": ""22"", ""rd"": ""2"", ""rdoq-level"": ""0"", ""rect"": ""0"", ""ref"": ""3"", ""rskip"": ""0"", ""sao"": ""0"", ""scenecut"": ""83"", ""subme"": ""4"", ""tu-inter-depth"": ""2"", ""tu-intra-depth"": ""3"", ""weightb"": ""0"", ""weightp"": ""0"", ""wpp"": ""1""}"
x265,bestconfig,7302,single,89,48.0,6.39,48.0,6.78466272354126,"['Standard', '320p', 30, '10s']",0.0,6.784532785415649,0.0,"{""amp"": ""1"", ""aq-mode"": ""4"", ""aq-strength"": ""0.5"", ""b-adapt"": ""0"", ""bframes"": ""1"", ""crf"": ""22.0"", ""ctu"": ""64"", ""keyint"": ""471"", ""limit-refs"": ""2"", ""limit-tu"": ""3"", ""me"": ""dia"", ""merange"": ""45"", ""open-gop"": ""1"", ""psy-rd"": ""3.0"", ""psy-rdoq"": ""1.0"", ""qcomp"": ""0.8"", ""qpmax"": ""42"", ""qpmin"": ""3"", ""rc-lookahead"": ""21"", ""rd"": ""1"", ""rdoq-level"": ""0"", ""rect"": ""0"", ""ref"": ""5"", ""rskip"": ""0"", ""sao"": ""0"", ""scenecut"": ""89"", ""subme"": ""4"", ""tu-inter-depth"": ""2"", ""tu-intra-depth"": ""1"", ""weightb"": ""0"", ""weightp"": ""0"", ""wpp"": ""1""}"
x265,bestconfig,7302,single,90,32.66,9.36,32.66,9.698603868484497,"['Standard', '320p', 30, '10s']",0.0,9.698520421981812,0.0,"{""amp"": ""1"", ""aq-mode"": ""3"", ""aq-strength"": ""0.8"", ""b-adapt"": ""2"", ""bframes"": ""1"", ""crf"": ""32.0"", ""ctu"": ""32"", ""keyint"": ""418"", ""limit-refs"": ""2"", ""limit-tu"": ""4"", ""me"": ""full"", ""merange"": ""55"", ""open-gop"": ""0"", ""psy-rd"": ""0.0"", ""psy-rdoq"": ""0.0"", ""qcomp"": ""1.0"", ""qpmax"": ""44"", ""qpmin"": ""3"", ""rc-lookahead"": ""22"", ""rd"": ""1"", ""rdoq-level"": ""1"", ""rect"": ""1"", ""ref"": ""3"", ""rskip"": ""1"", ""sao"": ""1"", ""scenecut"": ""85"", ""subme"": ""5"", ""tu-inter-depth"": ""1"", ""tu-intra-depth"": ""2"", ""weightb"": ""0"", ""weightp"": ""1"", ""wpp"": ""0""}"
x265,bestconfig,7302,single,91,81.58,3.78,81.58,4.1098551750183105,"['Standard', '320p', 30, '10s']",0.0,4.109769344329834,0.0,"{""amp"": ""1"", ""aq-mode"": ""3"", ""aq-strength"": ""1.2"", ""b-adapt"": ""1"", ""bframes"": ""1"", ""crf"": ""20.0"", ""ctu"": ""16"", ""keyint"": ""413"", ""limit-refs"": ""3"", ""limit-tu"": ""3"", ""me"": ""star"", ""merange"": ""49"", ""open-gop"": ""1"", ""psy-rd"": ""1.5"", ""psy-rdoq"": ""4.0"", ""qcomp"": ""0.5"", ""qpmax"": ""40"", ""qpmin"": ""2"", ""rc-lookahead"": ""22"", ""rd"": ""1"", ""rdoq-level"": ""0"", ""rect"": ""0"", ""ref"": ""4"", ""rskip"": ""1"", ""sao"": ""1"", ""scenecut"": ""87"", ""subme"": ""5"", ""tu-inter-depth"": ""2"", ""tu-intra-depth"": ""3"", ""weightb"": ""1"", ""weightp"": ""1"", ""wpp"": ""1""}"
x265,bestconfig,7302,single,92,58.22,5.32,58.22,5.703088045120239,"['Standard', '320p', 30, '10s']",0.0,5.7029993534088135,0.0,"{""amp"": ""0"", ""aq-mode"": ""3"", ""aq-strength"": ""2.0"", ""b-adapt"": ""2"", ""bframes"": ""3"", ""crf"": ""18.0"", ""ctu"": ""32"", ""keyint"": ""434"", ""limit-refs"": ""3"", ""limit-tu"": ""4"", ""me"": ""dia"", ""merange"": ""43"", ""open-gop"": ""1"", ""psy-rd"": ""3.5"", ""psy-rdoq"": ""0.5"", ""qcomp"": ""0.75"", ""qpmax"": ""42"", ""qpmin"": ""2"", ""rc-lookahead"": ""21"", ""rd"": ""2"", ""rdoq-level"": ""0"", ""rect"": ""0"", ""ref"": ""4"", ""rskip"": ""0"", ""sao"": ""0"", ""scenecut"": ""83"", ""subme"": ""4"", ""tu-inter-depth"": ""2"", ""tu-intra-depth"": ""2"", ""weightb"": ""0"", ""weightp"": ""0"", ""wpp"": ""1""}"
x265,bestconfig,7302,single,93,81.11,3.8,81.11,4.125970840454102,"['Standard', '320p', 30, '10s']",0.0,4.125883340835571,0.0,"{""amp"": ""1"", ""aq-mode"": ""2"", ""aq-strength"": ""1.5"", ""b-adapt"": ""0"", ""bframes"": ""2"", ""crf"": ""30.0"", ""ctu"": ""16"", ""keyint"": ""450"", ""limit-refs"": ""3"", ""limit-tu"": ""4"", ""me"": ""hex"", ""merange"": ""47"", ""open-gop"": ""1"", ""psy-rd"": ""2.0"", ""psy-rdoq"": ""2.0"", ""qcomp"": ""0.9"", ""qpmax"": ""40"", ""qpmin"": ""2"", ""rc-lookahead"": ""23"", ""rd"": ""1"", ""rdoq-level"": ""1"", ""rect"": ""1"", ""ref"": ""3"", ""rskip"": ""0"", ""sao"": ""0"", ""scenecut"": ""82"", ""subme"": ""4"", ""tu-inter-depth"": ""1"", ""tu-intra-depth"": ""1"", ""weightb"": ""0"", ""weightp"": ""1"", ""wpp"": ""0""}"
x265,bestconfig,7302,single,94,84.46,3.65,84.46,3.988234519958496,"['Standard', '320p', 30, '10s']",0.0,3.9881515502929688,0.0,"{""amp"": ""0"", ""aq-mode"": ""3"", ""aq-strength"": ""1.0"", ""b-adapt"": ""1"", ""bframes"": ""2"", ""crf"": ""25.0"", ""ctu"": ""64"", ""keyint"": ""444"", ""limit-refs"": ""3"", ""limit-tu"": ""3"", ""me"": ""star"", ""merange"": ""43"", ""open-gop"": ""0"", ""psy-rd"": ""1.0"", ""psy-rdoq"": ""4.5"", ""qcomp"": ""0.6"", ""qpmax"": ""45"", ""qpmin"": ""3"", ""rc-lookahead"": ""22"", ""rd"": ""2"", ""rdoq-level"": ""0"", ""rect"": ""1"", ""ref"": ""5"", ""rskip"": ""1"", ""sao"": ""0"", ""scenecut"": ""91"", ""subme"": ""3"", ""tu-inter-depth"": ""1"", ""tu-intra-depth"": ""3"", ""weightb"": ""1"", ""weightp"": ""0"", ""wpp"": ""1""}"
x265,bestconfig,7302,single,95,44.83,6.84,44.83,7.155270576477051,"['Standard', '320p', 30, '10s']",0.0,7.155186891555786,0.0,"{""amp"": ""0"", ""aq-mode"": ""4"", ""aq-strength"": ""1.8"", ""b-adapt"": ""1"", ""bframes"": ""0"", ""crf"": ""18.0"", ""ctu"": ""16"", ""keyint"": ""455"", ""limit-refs"": ""2"", ""limit-tu"": ""3"", ""me"": ""hex"", ""merange"": ""54"", ""open-gop"": ""0"", ""psy-rd"": ""0.5"", ""psy-rdoq"": ""2.5"", ""qcomp"": ""0.7"", ""qpmax"": ""43"", ""qpmin"": ""3"", ""rc-lookahead"": ""23"", ""rd"": ""2"", ""rdoq-level"": ""1"", ""rect"": ""0"", ""ref"": ""4"", ""rskip"": ""0"", ""sao"": ""1"", ""scenecut"": ""81"", ""subme"": ""4"", ""tu-inter-depth"": ""2"", ""tu-intra-depth"": ""2"", ""weightb"": ""1"", ""weightp"": ""0"", ""wpp"": ""0""}"
x265,bestconfig,7302,single,96,71.32,4.32,71.32,4.644123315811157,"['Standard', '320p', 30, '10s']",0.0,4.644028902053833,0.0,"{""amp"": ""0"", ""aq-mode"": ""2"", ""aq-strength"": ""0.0"", ""b-adapt"": ""1"", ""bframes"": ""2"", ""crf"": ""28.0"", ""ctu"": ""32"", ""keyint"": ""404"", ""limit-refs"": ""2"", ""limit-tu"": ""4"", ""me"": ""umh"", ""merange"": ""52"", ""open-gop"": ""0"", ""psy-rd"": ""2.5"", ""psy-rdoq"": ""3.0"", ""qcomp"": ""0.5"", ""qpmax"": ""41"", ""qpmin"": ""2"", ""rc-lookahead"": ""22"", ""rd"": ""2"", ""rdoq-level"": ""1"", ""rect"": ""1"", ""ref"": ""4"", ""rskip"": ""1"", ""sao"": ""1"", ""scenecut"": ""79"", ""subme"": ""3"", ""tu-inter-depth"": ""1"", ""tu-intra-depth"": ""2"", ""weightb"": ""1"", ""weightp"": ""1"", ""wpp"": ""0""}"
x265,bestconfig,7302,single,97,32.18,9.5,32.18,9.837062358856201,"['Standard', '320p', 30, '10s']",0.0,9.836978435516357,0.0,"{""amp"": ""1"", ""aq-mode"": ""3"", ""aq-strength"": ""1.5"", ""b-adapt"": ""1"", ""bframes"": ""3"", ""crf"": ""18.0"", ""ctu"": ""32"", ""keyint"": ""347"", ""limit-refs"": ""0"", ""limit-tu"": ""1"", ""me"": ""star"", ""merange"": ""27"", ""open-gop"": ""1"", ""psy-rd"": ""0.0"", ""psy-rdoq"": ""4.5"", ""qcomp"": ""0.8"", ""qpmax"": ""24"", ""qpmin"": ""15"", ""rc-lookahead"": ""11"", ""rd"": ""1"", ""rdoq-level"": ""1"", ""rect"": ""0"", ""ref"": ""2"", ""rskip"": ""0"", ""sao"": ""0"", ""scenecut"": ""42"", ""subme"": ""4"", ""tu-inter-depth"": ""3"", ""tu-intra-depth"": ""2"", ""weightb"": ""0"", ""weightp"": ""1"", ""wpp"": ""1""}"
x265,bestconfig,7302,single,98,3.17,96.01,3.17,96.34395003318787,"['Standard', '320p', 30, '10s']",0.0,96.3438549041748,0.0,"{""amp"": ""1"", ""aq-mode"": ""1"", ""aq-strength"": ""1.0"", ""b-adapt"": ""1"", ""bframes"": ""5"", ""crf"": ""18.0"", ""ctu"": ""16"", ""keyint"": ""48"", ""limit-refs"": ""1"", ""limit-tu"": ""0"", ""me"": ""full"", ""merange"": ""44"", ""open-gop"": ""0"", ""psy-rd"": ""0.5"", ""psy-rdoq"": ""2.0"", ""qcomp"": ""0.5"", ""qpmax"": ""38"", ""qpmin"": ""8"", ""rc-lookahead"": ""19"", ""rd"": ""5"", ""rdoq-level"": ""1"", ""rect"": ""1"", ""ref"": ""1"", ""rskip"": ""1"", ""sao"": ""0"", ""scenecut"": ""67"", ""subme"": ""2"", ""tu-inter-depth"": ""3"", ""tu-intra-depth"": ""2"", ""weightb"": ""0"", ""weightp"": ""0"", ""wpp"": ""1""}"
x265,bestconfig,7302,single,99,5.55,54.87,5.55,55.2315468788147,"['Standard', '320p', 30, '10s']",0.0,55.23144721984863,0.0,"{""amp"": ""1"", ""aq-mode"": ""3"", ""aq-strength"": ""1.2"", ""b-adapt"": ""1"", ""bframes"": ""1"", ""crf"": ""32.0"", ""ctu"": ""64"", ""keyint"": ""430"", ""limit-refs"": ""3"", ""limit-tu"": ""2"", ""me"": ""dia"", ""merange"": ""33"", ""open-gop"": ""1"", ""psy-rd"": ""3.0"", ""psy-rdoq"": ""4.0"", ""qcomp"": ""1.0"", ""qpmax"": ""22"", ""qpmin"": ""4"", ""rc-lookahead"": ""45"", ""rd"": ""5"", ""rdoq-level"": ""1"", ""rect"": ""0"", ""ref"": ""6"", ""rskip"": ""0"", ""sao"": ""1"", ""scenecut"": ""97"", ""subme"": ""4"", ""tu-inter-depth"": ""3"", ""tu-intra-depth"": ""4"", ""weightb"": ""1"", ""weightp"": ""0"", ""wpp"": ""1""}"
x265,bestconfig,7302,single,100,26.6,11.49,26.6,11.818777084350586,"['Standard', '320p', 30, '10s']",0.0,11.818687677383423,0.0,"{""amp"": ""0"", ""aq-mode"": ""2"", ""aq-strength"": ""2.0"", ""b-adapt"": ""2"", ""bframes"": ""7"", ""crf"": ""28.0"", ""ctu"": ""16"", ""keyint"": ""188"", ""limit-refs"": ""3"", ""limit-tu"": ""3"", ""me"": ""hex"", ""merange"": ""20"", ""open-gop"": ""0"", ""psy-rd"": ""1.0"", ""psy-rdoq"": ""3.0"", ""qcomp"": ""0.9"", ""qpmax"": ""50"", ""qpmin"": ""11"", ""rc-lookahead"": ""29"", ""rd"": ""6"", ""rdoq-level"": ""0"", ""rect"": ""1"", ""ref"": ""3"", ""rskip"": ""0"", ""sao"": ""1"", ""scenecut"": ""21"", ""subme"": ""2"", ""tu-inter-depth"": ""1"", ""tu-intra-depth"": ""3"", ""weightb"": ""0"", ""weightp"": ""0"", ""wpp"": ""0""}"
x265,bestconfig,7302,single,101,79.7,3.88,79.7,4.216914653778076,"['Standard', '320p', 30, '10s']",0.0,4.2168121337890625,0.0,"{""amp"": ""0"", ""aq-mode"": ""4"", ""aq-strength"": ""0.0"", ""b-adapt"": ""0"", ""bframes"": ""6"", ""crf"": ""25.0"", ""ctu"": ""64"", ""keyint"": ""468"", ""limit-refs"": ""2"", ""limit-tu"": ""3"", ""me"": ""hex"", ""merange"": ""49"", ""open-gop"": ""1"", ""psy-rd"": ""1.5"", ""psy-rdoq"": ""0.0"", ""qcomp"": ""0.6"", ""qpmax"": ""41"", ""qpmin"": ""16"", ""rc-lookahead"": ""51"", ""rd"": ""2"", ""rdoq-level"": ""0"", ""rect"": ""1"", ""ref"": ""5"", ""rskip"": ""1"", ""sao"": ""0"", ""scenecut"": ""0"", ""subme"": ""3"", ""tu-inter-depth"": ""2"", ""tu-intra-depth"": ""1"", ""weightb"": ""1"", ""weightp"": ""1"", ""wpp"": ""0""}"
x265,bestconfig,7302,single,102,66.59,4.63,66.59,4.959488391876221,"['Standard', '320p', 30, '10s']",0.0,4.959394454956055,0.0,"{""amp"": ""0"", ""aq-mode"": ""2"", ""aq-strength"": ""0.8"", ""b-adapt"": ""2"", ""bframes"": ""7"", ""crf"": ""30.0"", ""ctu"": ""32"", ""keyint"": ""108"", ""limit-refs"": ""2"", ""limit-tu"": ""2"", ""me"": ""dia"", ""merange"": ""56"", ""open-gop"": ""1"", ""psy-rd"": ""2.0"", ""psy-rdoq"": ""0.5"", ""qcomp"": ""0.5"", ""qpmax"": ""45"", ""qpmin"": ""18"", ""rc-lookahead"": ""55"", ""rd"": ""4"", ""rdoq-level"": ""2"", ""rect"": ""0"", ""ref"": ""5"", ""rskip"": ""1"", ""sao"": ""1"", ""scenecut"": ""32"", ""subme"": ""1"", ""tu-inter-depth"": ""1"", ""tu-intra-depth"": ""3"", ""weightb"": ""1"", ""weightp"": ""1"", ""wpp"": ""1""}"
x265,bestconfig,7302,single,103,62.56,4.92,62.56,5.24759840965271,"['Standard', '320p', 30, '10s']",0.0,5.24751353263855,0.0,"{""amp"": ""1"", ""aq-mode"": ""1"", ""aq-strength"": ""1.8"", ""b-adapt"": ""1"", ""bframes"": ""2"", ""crf"": ""22.0"", ""ctu"": ""16"", ""keyint"": ""283"", ""limit-refs"": ""1"", ""limit-tu"": ""1"", ""me"": ""star"", ""merange"": ""62"", ""open-gop"": ""0"", ""psy-rd"": ""2.5"", ""psy-rdoq"": ""1.0"", ""qcomp"": ""0.75"", ""qpmax"": ""31"", ""qpmin"": ""7"", ""rc-lookahead"": ""27"", ""rd"": ""2"", ""rdoq-level"": ""1"", ""rect"": ""0"", ""ref"": ""4"", ""rskip"": ""1"", ""sao"": ""0"", ""scenecut"": ""76"", ""subme"": ""5"", ""tu-inter-depth"": ""2"", ""tu-intra-depth"": ""1"", ""weightb"": ""1"", ""weightp"": ""1"", ""wpp"": ""0""}"
x265,bestconfig,7302,single,104,21.05,14.5,21.05,14.892370462417603,"['Standard', '320p', 30, '10s']",0.0,14.892231464385986,0.0,"{""amp"": ""0"", ""aq-mode"": ""0"", ""aq-strength"": ""0.5"", ""b-adapt"": ""0"", ""bframes"": ""1"", ""crf"": ""20.0"", ""ctu"": ""32"", ""keyint"": ""203"", ""limit-refs"": ""1"", ""limit-tu"": ""4"", ""me"": ""umh"", ""merange"": ""40"", ""open-gop"": ""0"", ""psy-rd"": ""3.5"", ""psy-rdoq"": ""2.5"", ""qcomp"": ""0.7"", ""qpmax"": ""33"", ""qpmin"": ""2"", ""rc-lookahead"": ""39"", ""rd"": ""3"", ""rdoq-level"": ""2"", ""rect"": ""1"", ""ref"": ""2"", ""rskip"": ""0"", ""sao"": ""1"", ""scenecut"": ""51"", ""subme"": ""3"", ""tu-inter-depth"": ""3"", ""tu-intra-depth"": ""3"", ""weightb"": ""0"", ""weightp"": ""0"", ""wpp"": ""0""}"
x265,bestconfig,7302,single,105,53.69,5.72,53.69,6.055638074874878,"['Standard', '320p', 30, '10s']",0.0,6.055545091629028,0.0,"{""amp"": ""0"", ""aq-mode"": ""4"", ""aq-strength"": ""1.8"", ""b-adapt"": ""2"", ""bframes"": ""2"", ""crf"": ""18.0"", ""ctu"": ""32"", ""keyint"": ""410"", ""limit-refs"": ""2"", ""limit-tu"": ""4"", ""me"": ""dia"", ""merange"": ""56"", ""open-gop"": ""1"", ""psy-rd"": ""3.0"", ""psy-rdoq"": ""4.0"", ""qcomp"": ""0.6"", ""qpmax"": ""41"", ""qpmin"": ""3"", ""rc-lookahead"": ""24"", ""rd"": ""2"", ""rdoq-level"": ""1"", ""rect"": ""0"", ""ref"": ""3"", ""rskip"": ""1"", ""sao"": ""1"", ""scenecut"": ""93"", ""subme"": ""3"", ""tu-inter-depth"": ""2"", ""tu-intra-depth"": ""2"", ""weightb"": ""1"", ""weightp"": ""0"", ""wpp"": ""1""}"
x265,bestconfig,7302,single,106,88.17,3.51,88.17,3.8492066860198975,"['Standard', '320p', 30, '10s']",0.0,3.849107027053833,0.0,"{""amp"": ""1"", ""aq-mode"": ""3"", ""aq-strength"": ""0.5"", ""b-adapt"": ""2"", ""bframes"": ""1"", ""crf"": ""32.0"", ""ctu"": ""64"", ""keyint"": ""347"", ""limit-refs"": ""3"", ""limit-tu"": ""4"", ""me"": ""hex"", ""merange"": ""52"", ""open-gop"": ""0"", ""psy-rd"": ""0.0"", ""psy-rdoq"": ""2.5"", ""qcomp"": ""0.9"", ""qpmax"": ""40"", ""qpmin"": ""3"", ""rc-lookahead"": ""24"", ""rd"": ""2"", ""rdoq-level"": ""0"", ""rect"": ""1"", ""ref"": ""3"", ""rskip"": ""1"", ""sao"": ""0"", ""scenecut"": ""77"", ""subme"": ""4"", ""tu-inter-depth"": ""1"", ""tu-intra-depth"": ""3"", ""weightb"": ""1"", ""weightp"": ""1"", ""wpp"": ""0""}"
x265,bestconfig,7302,single,107,55.53,5.53,55.53,5.874474048614502,"['Standard', '320p', 30, '10s']",0.0,5.874377250671387,0.0,"{""amp"": ""1"", ""aq-mode"": ""3"", ""aq-strength"": ""1.0"", ""b-adapt"": ""1"", ""bframes"": ""2"", ""crf"": ""18.0"", ""ctu"": ""16"", ""keyint"": ""396"", ""limit-refs"": ""2"", ""limit-tu"": ""3"", ""me"": ""star"", ""merange"": ""50"", ""open-gop"": ""0"", ""psy-rd"": ""0.5"", ""psy-rdoq"": ""2.0"", ""qcomp"": ""0.75"", ""qpmax"": ""39"", ""qpmin"": ""2"", ""rc-lookahead"": ""19"", ""rd"": ""1"", ""rdoq-level"": ""0"", ""rect"": ""0"", ""ref"": ""4"", ""rskip"": ""0"", ""sao"": ""0"", ""scenecut"": ""87"", ""subme"": ""3"", ""tu-inter-depth"": ""2"", ""tu-intra-depth"": ""2"", ""weightb"": ""1"", ""weightp"": ""1"", ""wpp"": ""1""}"
x265,bestconfig,7302,single,108,74.92,4.12,74.92,4.465965986251831,"['Standard', '320p', 30, '10s']",0.0,4.465875864028931,0.0,"{""amp"": ""0"", ""aq-mode"": ""3"", ""aq-strength"": ""2.0"", ""b-adapt"": ""1"", ""bframes"": ""2"", ""crf"": ""30.0"", ""ctu"": ""64"", ""keyint"": ""383"", ""limit-refs"": ""3"", ""limit-tu"": ""4"", ""me"": ""hex"", ""merange"": ""50"", ""open-gop"": ""1"", ""psy-rd"": ""2.0"", ""psy-rdoq"": ""4.5"", ""qcomp"": ""0.5"", ""qpmax"": ""39"", ""qpmin"": ""4"", ""rc-lookahead"": ""23"", ""rd"": ""1"", ""rdoq-level"": ""1"", ""rect"": ""1"", ""ref"": ""5"", ""rskip"": ""0"", ""sao"": ""1"", ""scenecut"": ""97"", ""subme"": ""5"", ""tu-inter-depth"": ""1"", ""tu-intra-depth"": ""1"", ""weightb"": ""0"", ""weightp"": ""1"", ""wpp"": ""0""}"
x265,bestconfig,7302,single,109,73.66,4.2,73.66,4.5606770515441895,"['Standard', '320p', 30, '10s']",0.0,4.560581684112549,0.0,"{""amp"": ""1"", ""aq-mode"": ""2"", ""aq-strength"": ""1.5"", ""b-adapt"": ""1"", ""bframes"": ""3"", ""crf"": ""22.0"", ""ctu"": ""32"", ""keyint"": ""371"", ""limit-refs"": ""3"", ""limit-tu"": ""3"", ""me"": ""dia"", ""merange"": ""55"", ""open-gop"": ""1"", ""psy-rd"": ""3.5"", ""psy-rdoq"": ""0.0"", ""qcomp"": ""1.0"", ""qpmax"": ""38"", ""qpmin"": ""3"", ""rc-lookahead"": ""22"", ""rd"": ""1"", ""rdoq-level"": ""0"", ""rect"": ""0"", ""ref"": ""4"", ""rskip"": ""1"", ""sao"": ""0"", ""scenecut"": ""89"", ""subme"": ""4"", ""tu-inter-depth"": ""2"", ""tu-intra-depth"": ""2"", ""weightb"": ""0"", ""weightp"": ""1"", ""wpp"": ""0""}"
x265,bestconfig,7302,single,110,89.9,3.44,89.9,3.784507989883423,"['Standard', '320p', 30, '10s']",0.0,3.784419536590576,0.0,"{""amp"": ""0"", ""aq-mode"": ""2"", ""aq-strength"": ""1.2"", ""b-adapt"": ""0"", ""bframes"": ""2"", ""crf"": ""28.0"", ""ctu"": ""16"", ""keyint"": ""425"", ""limit-refs"": ""2"", ""limit-tu"": ""4"", ""me"": ""star"", ""merange"": ""54"", ""open-gop"": ""0"", ""psy-rd"": ""2.5"", ""psy-rdoq"": ""1.0"", ""qcomp"": ""0.7"", ""qpmax"": ""39"", ""qpmin"": ""2"", ""rc-lookahead"": ""26"", ""rd"": ""1"", ""rdoq-level"": ""0"", ""rect"": ""0"", ""ref"": ""5"", ""rskip"": ""0"", ""sao"": ""1"", ""scenecut"": ""86"", ""subme"": ""4"", ""tu-inter-depth"": ""1"", ""tu-intra-depth"": ""3"", ""weightb"": ""0"", ""weightp"": ""0"", ""wpp"": ""0""}"
x265,bestconfig,7302,single,111,3.09,98.62,3.09,99.19329071044922,"['Standard', '320p', 30, '10s']",0.0,99.1931824684143,0.0,"{""amp"": ""1"", ""aq-mode"": ""3"", ""aq-strength"": ""0.8"", ""b-adapt"": ""0"", ""bframes"": ""1"", ""crf"": ""20.0"", ""ctu"": ""16"", ""keyint"": ""359"", ""limit-refs"": ""2"", ""limit-tu"": ""3"", ""me"": ""full"", ""merange"": ""53"", ""open-gop"": ""1"", ""psy-rd"": ""1.5"", ""psy-rdoq"": ""0.5"", ""qcomp"": ""0.8"", ""qpmax"": ""40"", ""qpmin"": ""3"", ""rc-lookahead"": ""26"", ""rd"": ""2"", ""rdoq-level"": ""1"", ""rect"": ""1"", ""ref"": ""4"", ""rskip"": ""0"", ""sao"": ""1"", ""scenecut"": ""79"", ""subme"": ""4"", ""tu-inter-depth"": ""2"", ""tu-intra-depth"": ""2"", ""weightb"": ""1"", ""weightp"": ""0"", ""wpp"": ""1""}"
x265,bestconfig,7302,single,112,58.46,5.26,58.46,5.604870080947876,"['Standard', '320p', 30, '10s']",0.0,5.604770660400391,0.0,"{""amp"": ""0"", ""aq-mode"": ""4"", ""aq-strength"": ""0.0"", ""b-adapt"": ""1"", ""bframes"": ""3"", ""crf"": ""25.0"", ""ctu"": ""32"", ""keyint"": ""403"", ""limit-refs"": ""3"", ""limit-tu"": ""3"", ""me"": ""umh"", ""merange"": ""51"", ""open-gop"": ""0"", ""psy-rd"": ""1.0"", ""psy-rdoq"": ""3.0"", ""qcomp"": ""0.5"", ""qpmax"": ""40"", ""qpmin"": ""4"", ""rc-lookahead"": ""20"", ""rd"": ""2"", ""rdoq-level"": ""1"", ""rect"": ""1"", ""ref"": ""4"", ""rskip"": ""1"", ""sao"": ""0"", ""scenecut"": ""82"", ""subme"": ""5"", ""tu-inter-depth"": ""1"", ""tu-intra-depth"": ""1"", ""weightb"": ""0"", ""weightp"": ""0"", ""wpp"": ""1""}"
x265,bestconfig,7302,single,113,78.7,3.92,78.7,4.260991334915161,"['Standard', '320p', 30, '10s']",0.0,4.260899305343628,0.0,"{""amp"": ""1"", ""aq-mode"": ""2"", ""aq-strength"": ""1.8"", ""b-adapt"": ""2"", ""bframes"": ""7"", ""crf"": ""30.0"", ""ctu"": ""16"", ""keyint"": ""132"", ""limit-refs"": ""3"", ""limit-tu"": ""1"", ""me"": ""star"", ""merange"": ""36"", ""open-gop"": ""0"", ""psy-rd"": ""0.0"", ""psy-rdoq"": ""4.5"", ""qcomp"": ""0.8"", ""qpmax"": ""42"", ""qpmin"": ""13"", ""rc-lookahead"": ""57"", ""rd"": ""2"", ""rdoq-level"": ""0"", ""rect"": ""0"", ""ref"": ""5"", ""rskip"": ""1"", ""sao"": ""1"", ""scenecut"": ""31"", ""subme"": ""4"", ""tu-inter-depth"": ""3"", ""tu-intra-depth"": ""2"", ""weightb"": ""0"", ""weightp"": ""0"", ""wpp"": ""1""}"
x265,bestconfig,7302,single,114,8.82,34.51,8.82,34.86302399635315,"['Standard', '320p', 30, '10s']",0.0,34.862929344177246,0.0,"{""amp"": ""0"", ""aq-mode"": ""1"", ""aq-strength"": ""1.0"", ""b-adapt"": ""0"", ""bframes"": ""0"", ""crf"": ""22.0"", ""ctu"": ""16"", ""keyint"": ""340"", ""limit-refs"": ""0"", ""limit-tu"": ""0"", ""me"": ""hex"", ""merange"": ""51"", ""open-gop"": ""1"", ""psy-rd"": ""2.0"", ""psy-rdoq"": ""2.5"", ""qcomp"": ""0.9"", ""qpmax"": ""49"", ""qpmin"": ""17"", ""rc-lookahead"": ""27"", ""rd"": ""5"", ""rdoq-level"": ""1"", ""rect"": ""1"", ""ref"": ""1"", ""rskip"": ""0"", ""sao"": ""1"", ""scenecut"": ""56"", ""subme"": ""4"", ""tu-inter-depth"": ""2"", ""tu-intra-depth"": ""3"", ""weightb"": ""0"", ""weightp"": ""1"", ""wpp"": ""0""}"
x265,bestconfig,7302,single,115,18.73,16.29,18.73,16.6419517993927,"['Standard', '320p', 30, '10s']",0.0,16.641858100891113,0.0,"{""amp"": ""0"", ""aq-mode"": ""3"", ""aq-strength"": ""1.5"", ""b-adapt"": ""1"", ""bframes"": ""4"", ""crf"": ""18.0"", ""ctu"": ""32"", ""keyint"": ""426"", ""limit-refs"": ""2"", ""limit-tu"": ""1"", ""me"": ""hex"", ""merange"": ""28"", ""open-gop"": ""0"", ""psy-rd"": ""1.0"", ""psy-rdoq"": ""0.5"", ""qcomp"": ""0.7"", ""qpmax"": ""45"", ""qpmin"": ""11"", ""rc-lookahead"": ""18"", ""rd"": ""4"", ""rdoq-level"": ""1"", ""rect"": ""0"", ""ref"": ""5"", ""rskip"": ""1"", ""sao"": ""0"", ""scenecut"": ""66"", ""subme"": ""5"", ""tu-inter-depth"": ""4"", ""tu-intra-depth"": ""3"", ""weightb"": ""1"", ""weightp"": ""1"", ""wpp"": ""1""}"
x265,bestconfig,7302,single,116,1.09,278.38,1.09,278.7041509151459,"['Standard', '320p', 30, '10s']",0.0,278.7040455341339,0.0,"{""amp"": ""1"", ""aq-mode"": ""4"", ""aq-strength"": ""0.0"", ""b-adapt"": ""1"", ""bframes"": ""5"", ""crf"": ""20.0"", ""ctu"": ""32"", ""keyint"": ""492"", ""limit-refs"": ""2"", ""limit-tu"": ""2"", ""me"": ""full"", ""merange"": ""43"", ""open-gop"": ""0"", ""psy-rd"": ""1.5"", ""psy-rdoq"": ""0.0"", ""qcomp"": ""0.6"", ""qpmax"": ""25"", ""qpmin"": ""2"", ""rc-lookahead"": ""39"", ""rd"": ""6"", ""rdoq-level"": ""2"", ""rect"": ""1"", ""ref"": ""6"", ""rskip"": ""0"", ""sao"": ""0"", ""scenecut"": ""89"", ""subme"": ""1"", ""tu-inter-depth"": ""2"", ""tu-intra-depth"": ""1"", ""weightb"": ""0"", ""weightp"": ""0"", ""wpp"": ""1""}"
x265,bestconfig,7302,single,117,29.97,10.2,29.97,10.556038856506348,"['Standard', '320p', 30, '10s']",0.0,10.555941581726074,0.0,"{""amp"": ""0"", ""aq-mode"": ""3"", ""aq-strength"": ""0.8"", ""b-adapt"": ""1"", ""bframes"": ""3"", ""crf"": ""18.0"", ""ctu"": ""64"", ""keyint"": ""75"", ""limit-refs"": ""1"", ""limit-tu"": ""2"", ""me"": ""star"", ""merange"": ""17"", ""open-gop"": ""0"", ""psy-rd"": ""3.0"", ""psy-rdoq"": ""3.0"", ""qcomp"": ""0.75"", ""qpmax"": ""31"", ""qpmin"": ""9"", ""rc-lookahead"": ""50"", ""rd"": ""3"", ""rdoq-level"": ""2"", ""rect"": ""0"", ""ref"": ""4"", ""rskip"": ""1"", ""sao"": ""0"", ""scenecut"": ""19"", ""subme"": ""3"", ""tu-inter-depth"": ""1"", ""tu-intra-depth"": ""2"", ""weightb"": ""1"", ""weightp"": ""0"", ""wpp"": ""1""}"
x265,bestconfig,7302,single,118,56.52,5.44,56.52,5.795875549316406,"['Standard', '320p', 30, '10s']",0.0,5.795776128768921,0.0,"{""amp"": ""1"", ""aq-mode"": ""0"", ""aq-strength"": ""2.0"", ""b-adapt"": ""2"", ""bframes"": ""7"", ""crf"": ""25.0"", ""ctu"": ""32"", ""keyint"": ""316"", ""limit-refs"": ""2"", ""limit-tu"": ""3"", ""me"": ""dia"", ""merange"": ""63"", ""open-gop"": ""1"", ""psy-rd"": ""3.5"", ""psy-rdoq"": ""1.0"", ""qcomp"": ""0.5"", ""qpmax"": ""33"", ""qpmin"": ""6"", ""rc-lookahead"": ""14"", ""rd"": ""4"", ""rdoq-level"": ""0"", ""rect"": ""0"", ""ref"": ""2"", ""rskip"": ""0"", ""sao"": ""1"", ""scenecut"": ""5"", ""subme"": ""3"", ""tu-inter-depth"": ""3"", ""tu-intra-depth"": ""4"", ""weightb"": ""1"", ""weightp"": ""1"", ""wpp"": ""0""}"
x265,bestconfig,7302,single,119,61.77,4.99,61.77,5.335373640060425,"['Standard', '320p', 30, '10s']",0.0,5.335268974304199,0.0,"{""amp"": ""0"", ""aq-mode"": ""1"", ""aq-strength"": ""0.5"", ""b-adapt"": ""0"", ""bframes"": ""3"", ""crf"": ""32.0"", ""ctu"": ""16"", ""keyint"": ""245"", ""limit-refs"": ""1"", ""limit-tu"": ""3"", ""me"": ""dia"", ""merange"": ""26"", ""open-gop"": ""1"", ""psy-rd"": ""0.5"", ""psy-rdoq"": ""2.0"", ""qcomp"": ""0.5"", ""qpmax"": ""24"", ""qpmin"": ""3"", ""rc-lookahead"": ""42"", ""rd"": ""1"", ""rdoq-level"": ""1"", ""rect"": ""1"", ""ref"": ""3"", ""rskip"": ""1"", ""sao"": ""1"", ""scenecut"": ""38"", ""subme"": ""2"", ""tu-inter-depth"": ""2"", ""tu-intra-depth"": ""3"", ""weightb"": ""1"", ""weightp"": ""0"", ""wpp"": ""0""}"
x265,bestconfig,7302,single,120,30.4,10.05,30.4,10.394060850143433,"['Standard', '320p', 30, '10s']",0.0,10.393953561782837,0.0,"{""amp"": ""1"", ""aq-mode"": ""2"", ""aq-strength"": ""1.2"", ""b-adapt"": ""1"", ""bframes"": ""2"", ""crf"": ""28.0"", ""ctu"": ""64"", ""keyint"": ""189"", ""limit-refs"": ""1"", ""limit-tu"": ""4"", ""me"": ""umh"", ""merange"": ""54"", ""open-gop"": ""1"", ""psy-rd"": ""2.5"", ""psy-rdoq"": ""4.0"", ""qcomp"": ""1.0"", ""qpmax"": ""38"", ""qpmin"": ""18"", ""rc-lookahead"": ""32"", ""rd"": ""3"", ""rdoq-level"": ""1"", ""rect"": ""1"", ""ref"": ""2"", ""rskip"": ""0"", ""sao"": ""0"", ""scenecut"": ""86"", ""subme"": ""2"", ""tu-inter-depth"": ""3"", ""tu-intra-depth"": ""2"", ""weightb"": ""0"", ""weightp"": ""1"", ""wpp"": ""0""}"
x265,bestconfig,7302,single,121,60.5,5.08,60.5,5.448245048522949,"['Standard', '320p', 30, '10s']",0.0,5.448155164718628,0.0,"{""amp"": ""0"", ""aq-mode"": ""2"", ""aq-strength"": ""1.2"", ""b-adapt"": ""2"", ""bframes"": ""2"", ""crf"": ""25.0"", ""ctu"": ""32"", ""keyint"": ""356"", ""limit-refs"": ""3"", ""limit-tu"": ""4"", ""me"": ""hex"", ""merange"": ""46"", ""open-gop"": ""0"", ""psy-rd"": ""1.5"", ""psy-rdoq"": ""1.0"", ""qcomp"": ""0.7"", ""qpmax"": ""41"", ""qpmin"": ""3"", ""rc-lookahead"": ""26"", ""rd"": ""1"", ""rdoq-level"": ""1"", ""rect"": ""1"", ""ref"": ""3"", ""rskip"": ""0"", ""sao"": ""0"", ""scenecut"": ""75"", ""subme"": ""3"", ""tu-inter-depth"": ""2"", ""tu-intra-depth"": ""3"", ""weightb"": ""0"", ""weightp"": ""1"", ""wpp"": ""1""}"
x265,bestconfig,7302,single,122,102.63,3.02,102.63,3.364497423171997,"['Standard', '320p', 30, '10s']",0.0,3.3644073009490967,0.0,"{""amp"": ""0"", ""aq-mode"": ""2"", ""aq-strength"": ""0.0"", ""b-adapt"": ""2"", ""bframes"": ""0"", ""crf"": ""28.0"", ""ctu"": ""32"", ""keyint"": ""377"", ""limit-refs"": ""3"", ""limit-tu"": ""4"", ""me"": ""dia"", ""merange"": ""48"", ""open-gop"": ""1"", ""psy-rd"": ""2.0"", ""psy-rdoq"": ""4.5"", ""qcomp"": ""0.75"", ""qpmax"": ""39"", ""qpmin"": ""2"", ""rc-lookahead"": ""21"", ""rd"": ""1"", ""rdoq-level"": ""1"", ""rect"": ""1"", ""ref"": ""4"", ""rskip"": ""1"", ""sao"": ""1"", ""scenecut"": ""86"", ""subme"": ""5"", ""tu-inter-depth"": ""2"", ""tu-intra-depth"": ""2"", ""weightb"": ""0"", ""weightp"": ""1"", ""wpp"": ""0""}"
x265,bestconfig,7302,single,123,54.65,5.62,54.65,5.968639850616455,"['Standard', '320p', 30, '10s']",0.0,5.9685492515563965,0.0,"{""amp"": ""1"", ""aq-mode"": ""3"", ""aq-strength"": ""1.0"", ""b-adapt"": ""1"", ""bframes"": ""2"", ""crf"": ""18.0"", ""ctu"": ""16"", ""keyint"": ""342"", ""limit-refs"": ""2"", ""limit-tu"": ""3"", ""me"": ""star"", ""merange"": ""50"", ""open-gop"": ""1"", ""psy-rd"": ""3.5"", ""psy-rdoq"": ""0.5"", ""qcomp"": ""0.8"", ""qpmax"": ""38"", ""qpmin"": ""3"", ""rc-lookahead"": ""26"", ""rd"": ""2"", ""rdoq-level"": ""0"", ""rect"": ""0"", ""ref"": ""4"", ""rskip"": ""1"", ""sao"": ""0"", ""scenecut"": ""79"", ""subme"": ""4"", ""tu-inter-depth"": ""1"", ""tu-intra-depth"": ""1"", ""weightb"": ""0"", ""weightp"": ""1"", ""wpp"": ""1""}"
x265,bestconfig,7302,single,124,89.56,3.45,89.56,3.85068416595459,"['Standard', '320p', 30, '10s']",0.0,3.8505325317382812,0.0,"{""amp"": ""0"", ""aq-mode"": ""3"", ""aq-strength"": ""1.5"", ""b-adapt"": ""0"", ""bframes"": ""1"", ""crf"": ""22.0"", ""ctu"": ""32"", ""keyint"": ""420"", ""limit-refs"": ""3"", ""limit-tu"": ""4"", ""me"": ""hex"", ""merange"": ""46"", ""open-gop"": ""0"", ""psy-rd"": ""0.5"", ""psy-rdoq"": ""4.0"", ""qcomp"": ""0.6"", ""qpmax"": ""42"", ""qpmin"": ""3"", ""rc-lookahead"": ""23"", ""rd"": ""2"", ""rdoq-level"": ""0"", ""rect"": ""0"", ""ref"": ""4"", ""rskip"": ""1"", ""sao"": ""1"", ""scenecut"": ""67"", ""subme"": ""4"", ""tu-inter-depth"": ""1"", ""tu-intra-depth"": ""3"", ""weightb"": ""0"", ""weightp"": ""0"", ""wpp"": ""1""}"
x265,bestconfig,7302,single,125,63.59,4.84,63.59,5.221403360366821,"['Standard', '320p', 30, '10s']",0.0,5.221302509307861,0.0,"{""amp"": ""1"", ""aq-mode"": ""4"", ""aq-strength"": ""1.8"", ""b-adapt"": ""1"", ""bframes"": ""1"", ""crf"": ""30.0"", ""ctu"": ""16"", ""keyint"": ""364"", ""limit-refs"": ""2"", ""limit-tu"": ""3"", ""me"": ""star"", ""merange"": ""51"", ""open-gop"": ""0"", ""psy-rd"": ""1.0"", ""psy-rdoq"": ""3.0"", ""qcomp"": ""0.5"", ""qpmax"": ""40"", ""qpmin"": ""2"", ""rc-lookahead"": ""22"", ""rd"": ""2"", ""rdoq-level"": ""0"", ""rect"": ""1"", ""ref"": ""4"", ""rskip"": ""0"", ""sao"": ""1"", ""scenecut"": ""83"", ""subme"": ""3"", ""tu-inter-depth"": ""2"", ""tu-intra-depth"": ""2"", ""weightb"": ""1"", ""weightp"": ""0"", ""wpp"": ""1""}"
x265,bestconfig,7302,single,126,5.69,53.45,5.69,53.79531693458557,"['Standard', '320p', 30, '10s']",0.0,53.79521679878235,0.0,"{""amp"": ""1"", ""aq-mode"": ""3"", ""aq-strength"": ""0.5"", ""b-adapt"": ""1"", ""bframes"": ""1"", ""crf"": ""18.0"", ""ctu"": ""16"", ""keyint"": ""411"", ""limit-refs"": ""2"", ""limit-tu"": ""4"", ""me"": ""full"", ""merange"": ""44"", ""open-gop"": ""1"", ""psy-rd"": ""2.5"", ""psy-rdoq"": ""0.0"", ""qcomp"": ""1.0"", ""qpmax"": ""40"", ""qpmin"": ""3"", ""rc-lookahead"": ""18"", ""rd"": ""2"", ""rdoq-level"": ""1"", ""rect"": ""0"", ""ref"": ""5"", ""rskip"": ""0"", ""sao"": ""0"", ""scenecut"": ""70"", ""subme"": ""5"", ""tu-inter-depth"": ""1"", ""tu-intra-depth"": ""2"", ""weightb"": ""1"", ""weightp"": ""1"", ""wpp"": ""0""}"
x265,bestconfig,7302,single,127,95.5,3.25,95.5,3.642868995666504,"['Standard', '320p', 30, '10s']",0.0,3.642707586288452,0.0,"{""amp"": ""0"", ""aq-mode"": ""3"", ""aq-strength"": ""0.8"", ""b-adapt"": ""1"", ""bframes"": ""2"", ""crf"": ""32.0"", ""ctu"": ""64"", ""keyint"": ""390"", ""limit-refs"": ""3"", ""limit-tu"": ""3"", ""me"": ""dia"", ""merange"": ""48"", ""open-gop"": ""0"", ""psy-rd"": ""3.0"", ""psy-rdoq"": ""2.5"", ""qcomp"": ""0.5"", ""qpmax"": ""39"", ""qpmin"": ""2"", ""rc-lookahead"": ""24"", ""rd"": ""1"", ""rdoq-level"": ""0"", ""rect"": ""0"", ""ref"": ""3"", ""rskip"": ""0"", ""sao"": ""1"", ""scenecut"": ""73"", ""subme"": ""4"", ""tu-inter-depth"": ""1"", ""tu-intra-depth"": ""2"", ""weightb"": ""1"", ""weightp"": ""0"", ""wpp"": ""0""}"
x265,bestconfig,7302,single,128,60.3,5.11,60.3,5.457115650177002,"['Standard', '320p', 30, '10s']",0.0,5.457015752792358,0.0,"{""amp"": ""1"", ""aq-mode"": ""4"", ""aq-strength"": ""2.0"", ""b-adapt"": ""0"", ""bframes"": ""3"", ""crf"": ""20.0"", ""ctu"": ""64"", ""keyint"": ""394"", ""limit-refs"": ""2"", ""limit-tu"": ""3"", ""me"": ""umh"", ""merange"": ""44"", ""open-gop"": ""1"", ""psy-rd"": ""0.0"", ""psy-rdoq"": ""2.0"", ""qcomp"": ""0.9"", ""qpmax"": ""41"", ""qpmin"": ""2"", ""rc-lookahead"": ""20"", ""rd"": ""1"", ""rdoq-level"": ""1"", ""rect"": ""1"", ""ref"": ""5"", ""rskip"": ""1"", ""sao"": ""0"", ""scenecut"": ""88"", ""subme"": ""4"", ""tu-inter-depth"": ""2"", ""tu-intra-depth"": ""1"", ""weightb"": ""1"", ""weightp"": ""0"", ""wpp"": ""0""}"
x265,bestconfig,7302,single,129,9.14,33.31,9.14,33.71518111228943,"['Standard', '320p', 30, '10s']",0.0,33.71504235267639,0.0,"{""amp"": ""0"", ""aq-mode"": ""4"", ""aq-strength"": ""0.8"", ""b-adapt"": ""2"", ""bframes"": ""2"", ""crf"": ""20.0"", ""ctu"": ""16"", ""keyint"": ""194"", ""limit-refs"": ""2"", ""limit-tu"": ""1"", ""me"": ""star"", ""merange"": ""44"", ""open-gop"": ""0"", ""psy-rd"": ""2.0"", ""psy-rdoq"": ""4.0"", ""qcomp"": ""0.7"", ""qpmax"": ""45"", ""qpmin"": ""11"", ""rc-lookahead"": ""27"", ""rd"": ""6"", ""rdoq-level"": ""1"", ""rect"": ""1"", ""ref"": ""6"", ""rskip"": ""0"", ""sao"": ""0"", ""scenecut"": ""8"", ""subme"": ""4"", ""tu-inter-depth"": ""3"", ""tu-intra-depth"": ""2"", ""weightb"": ""1"", ""weightp"": ""1"", ""wpp"": ""0""}"
x265,bestconfig,7302,single,130,67.4,4.57,67.4,4.917484283447266,"['Standard', '320p', 30, '10s']",0.0,4.917395114898682,0.0,"{""amp"": ""0"", ""aq-mode"": ""2"", ""aq-strength"": ""2.0"", ""b-adapt"": ""2"", ""bframes"": ""7"", ""crf"": ""18.0"", ""ctu"": ""32"", ""keyint"": ""435"", ""limit-refs"": ""3"", ""limit-tu"": ""3"", ""me"": ""hex"", ""merange"": ""63"", ""open-gop"": ""0"", ""psy-rd"": ""0.5"", ""psy-rdoq"": ""0.0"", ""qcomp"": ""0.6"", ""qpmax"": ""34"", ""qpmin"": ""14"", ""rc-lookahead"": ""16"", ""rd"": ""2"", ""rdoq-level"": ""0"", ""rect"": ""0"", ""ref"": ""5"", ""rskip"": ""1"", ""sao"": ""1"", ""scenecut"": ""32"", ""subme"": ""2"", ""tu-inter-depth"": ""1"", ""tu-intra-depth"": ""3"", ""weightb"": ""1"", ""weightp"": ""0"", ""wpp"": ""0""}"
x265,bestconfig,7302,single,131,77.46,3.99,77.46,4.316907644271851,"['Standard', '320p', 30, '10s']",0.0,4.316810131072998,0.0,"{""amp"": ""1"", ""aq-mode"": ""1"", ""aq-strength"": ""1.2"", ""b-adapt"": ""0"", ""bframes"": ""3"", ""crf"": ""25.0"", ""ctu"": ""64"", ""keyint"": ""108"", ""limit-refs"": ""0"", ""limit-tu"": ""3"", ""me"": ""hex"", ""merange"": ""32"", ""open-gop"": ""1"", ""psy-rd"": ""1.5"", ""psy-rdoq"": ""0.5"", ""qcomp"": ""0.75"", ""qpmax"": ""37"", ""qpmin"": ""7"", ""rc-lookahead"": ""37"", ""rd"": ""3"", ""rdoq-level"": ""0"", ""rect"": ""0"", ""ref"": ""3"", ""rskip"": ""1"", ""sao"": ""0"", ""scenecut"": ""56"", ""subme"": ""5"", ""tu-inter-depth"": ""1"", ""tu-intra-depth"": ""2"", ""weightb"": ""0"", ""weightp"": ""0"", ""wpp"": ""0""}"
x265,bestconfig,7302,single,132,2.57,118.39,2.57,118.75181698799133,"['Standard', '320p', 30, '10s']",0.0,118.75171566009521,0.0,"{""amp"": ""1"", ""aq-mode"": ""2"", ""aq-strength"": ""1.8"", ""b-adapt"": ""1"", ""bframes"": ""4"", ""crf"": ""18.0"", ""ctu"": ""16"", ""keyint"": ""465"", ""limit-refs"": ""2"", ""limit-tu"": ""2"", ""me"": ""full"", ""merange"": ""51"", ""open-gop"": ""0"", ""psy-rd"": ""3.0"", ""psy-rdoq"": ""4.5"", ""qcomp"": ""0.9"", ""qpmax"": ""20"", ""qpmin"": ""2"", ""rc-lookahead"": ""47"", ""rd"": ""4"", ""rdoq-level"": ""2"", ""rect"": ""1"", ""ref"": ""2"", ""rskip"": ""0"", ""sao"": ""1"", ""scenecut"": ""98"", ""subme"": ""1"", ""tu-inter-depth"": ""3"", ""tu-intra-depth"": ""3"", ""weightb"": ""0"", ""weightp"": ""0"", ""wpp"": ""0""}"
x265,bestconfig,7302,single,133,20.78,14.68,20.78,15.023279428482056,"['Standard', '320p', 30, '10s']",0.0,15.023186922073364,0.0,"{""amp"": ""0"", ""aq-mode"": ""1"", ""aq-strength"": ""0.0"", ""b-adapt"": ""1"", ""bframes"": ""7"", ""crf"": ""28.0"", ""ctu"": ""32"", ""keyint"": ""271"", ""limit-refs"": ""2"", ""limit-tu"": ""4"", ""me"": ""dia"", ""merange"": ""38"", ""open-gop"": ""1"", ""psy-rd"": ""2.5"", ""psy-rdoq"": ""3.0"", ""qcomp"": ""1.0"", ""qpmax"": ""31"", ""qpmin"": ""17"", ""rc-lookahead"": ""19"", ""rd"": ""5"", ""rdoq-level"": ""1"", ""rect"": ""1"", ""ref"": ""2"", ""rskip"": ""1"", ""sao"": ""0"", ""scenecut"": ""21"", ""subme"": ""2"", ""tu-inter-depth"": ""3"", ""tu-intra-depth"": ""1"", ""weightb"": ""1"", ""weightp"": ""0"", ""wpp"": ""1""}"
x265,bestconfig,7302,single,134,9.7,31.41,9.7,31.75328040122986,"['Standard', '320p', 30, '10s']",0.0,31.753186225891113,0.0,"{""amp"": ""0"", ""aq-mode"": ""3"", ""aq-strength"": ""0.5"", ""b-adapt"": ""0"", ""bframes"": ""6"", ""crf"": ""30.0"", ""ctu"": ""16"", ""keyint"": ""53"", ""limit-refs"": ""1"", ""limit-tu"": ""1"", ""me"": ""star"", ""merange"": ""25"", ""open-gop"": ""1"", ""psy-rd"": ""1.0"", ""psy-rdoq"": ""2.0"", ""qcomp"": ""0.5"", ""qpmax"": ""25"", ""qpmin"": ""18"", ""rc-lookahead"": ""34"", ""rd"": ""5"", ""rdoq-level"": ""1"", ""rect"": ""1"", ""ref"": ""4"", ""rskip"": ""0"", ""sao"": ""1"", ""scenecut"": ""50"", ""subme"": ""3"", ""tu-inter-depth"": ""2"", ""tu-intra-depth"": ""2"", ""weightb"": ""1"", ""weightp"": ""1"", ""wpp"": ""1""}"
x265,bestconfig,7302,single,135,123.06,2.53,123.06,2.8726706504821777,"['Standard', '320p', 30, '10s']",0.0,2.8725783824920654,0.0,"{""amp"": ""1"", ""aq-mode"": ""3"", ""aq-strength"": ""1.5"", ""b-adapt"": ""1"", ""bframes"": ""0"", ""crf"": ""32.0"", ""ctu"": ""64"", ""keyint"": ""349"", ""limit-refs"": ""1"", ""limit-tu"": ""2"", ""me"": ""dia"", ""merange"": ""20"", ""open-gop"": ""1"", ""psy-rd"": ""0.0"", ""psy-rdoq"": ""1.0"", ""qcomp"": ""0.5"", ""qpmax"": ""41"", ""qpmin"": ""9"", ""rc-lookahead"": ""52"", ""rd"": ""2"", ""rdoq-level"": ""1"", ""rect"": ""0"", ""ref"": ""3"", ""rskip"": ""1"", ""sao"": ""0"", ""scenecut"": ""76"", ""subme"": ""3"", ""tu-inter-depth"": ""2"", ""tu-intra-depth"": ""3"", ""weightb"": ""0"", ""weightp"": ""1"", ""wpp"": ""1""}"
x265,bestconfig,7302,single,136,25.39,12.03,25.39,12.369307279586792,"['Standard', '320p', 30, '10s']",0.0,12.36922311782837,0.0,"{""amp"": ""1"", ""aq-mode"": ""0"", ""aq-strength"": ""1.0"", ""b-adapt"": ""1"", ""bframes"": ""5"", ""crf"": ""22.0"", ""ctu"": ""32"", ""keyint"": ""213"", ""limit-refs"": ""1"", ""limit-tu"": ""0"", ""me"": ""umh"", ""merange"": ""56"", ""open-gop"": ""0"", ""psy-rd"": ""3.5"", ""psy-rdoq"": ""2.5"", ""qcomp"": ""0.8"", ""qpmax"": ""48"", ""qpmin"": ""3"", ""rc-lookahead"": ""59"", ""rd"": ""1"", ""rdoq-level"": ""2"", ""rect"": ""0"", ""ref"": ""4"", ""rskip"": ""0"", ""sao"": ""1"", ""scenecut"": ""69"", ""subme"": ""4"", ""tu-inter-depth"": ""4"", ""tu-intra-depth"": ""3"", ""weightb"": ""0"", ""weightp"": ""1"", ""wpp"": ""1""}"
x265,bestconfig,7302,single,137,103.57,2.99,103.57,3.3411993980407715,"['Standard', '320p', 30, '10s']",0.0,3.3411107063293457,0.0,"{""amp"": ""0"", ""aq-mode"": ""3"", ""aq-strength"": ""0.5"", ""b-adapt"": ""1"", ""bframes"": ""2"", ""crf"": ""32.0"", ""ctu"": ""64"", ""keyint"": ""419"", ""limit-refs"": ""3"", ""limit-tu"": ""3"", ""me"": ""dia"", ""merange"": ""47"", ""open-gop"": ""0"", ""psy-rd"": ""0.5"", ""psy-rdoq"": ""1.0"", ""qcomp"": ""0.9"", ""qpmax"": ""37"", ""qpmin"": ""3"", ""rc-lookahead"": ""26"", ""rd"": ""2"", ""rdoq-level"": ""1"", ""rect"": ""1"", ""ref"": ""4"", ""rskip"": ""1"", ""sao"": ""0"", ""scenecut"": ""97"", ""subme"": ""4"", ""tu-inter-depth"": ""1"", ""tu-intra-depth"": ""2"", ""weightb"": ""0"", ""weightp"": ""0"", ""wpp"": ""0""}"
x265,bestconfig,7302,single,138,81.68,3.78,81.68,4.127852916717529,"['Standard', '320p', 30, '10s']",0.0,4.127761363983154,0.0,"{""amp"": ""0"", ""aq-mode"": ""2"", ""aq-strength"": ""0.0"", ""b-adapt"": ""1"", ""bframes"": ""1"", ""crf"": ""25.0"", ""ctu"": ""16"", ""keyint"": ""397"", ""limit-refs"": ""2"", ""limit-tu"": ""4"", ""me"": ""hex"", ""merange"": ""48"", ""open-gop"": ""1"", ""psy-rd"": ""1.5"", ""psy-rdoq"": ""0.5"", ""qcomp"": ""0.7"", ""qpmax"": ""40"", ""qpmin"": ""3"", ""rc-lookahead"": ""23"", ""rd"": ""1"", ""rdoq-level"": ""1"", ""rect"": ""1"", ""ref"": ""3"", ""rskip"": ""1"", ""sao"": ""1"", ""scenecut"": ""83"", ""subme"": ""4"", ""tu-inter-depth"": ""2"", ""tu-intra-depth"": ""1"", ""weightb"": ""0"", ""weightp"": ""1"", ""wpp"": ""1""}"
x265,bestconfig,7302,single,139,20.37,14.98,20.37,15.305358409881592,"['Standard', '320p', 30, '10s']",0.0,15.30526876449585,0.0,"{""amp"": ""1"", ""aq-mode"": ""3"", ""aq-strength"": ""0.8"", ""b-adapt"": ""0"", ""bframes"": ""3"", ""crf"": ""30.0"", ""ctu"": ""64"", ""keyint"": ""388"", ""limit-refs"": ""2"", ""limit-tu"": ""4"", ""me"": ""full"", ""merange"": ""47"", ""open-gop"": ""0"", ""psy-rd"": ""0.0"", ""psy-rdoq"": ""2.5"", ""qcomp"": ""0.6"", ""qpmax"": ""41"", ""qpmin"": ""2"", ""rc-lookahead"": ""25"", ""rd"": ""1"", ""rdoq-level"": ""1"", ""rect"": ""0"", ""ref"": ""4"", ""rskip"": ""0"", ""sao"": ""1"", ""scenecut"": ""85"", ""subme"": ""4"", ""tu-inter-depth"": ""2"", ""tu-intra-depth"": ""2"", ""weightb"": ""1"", ""weightp"": ""0"", ""wpp"": ""0""}"
x265,bestconfig,7302,single,140,96.29,3.22,96.29,3.5518665313720703,"['Standard', '320p', 30, '10s']",0.0,3.5517704486846924,0.0,"{""amp"": ""0"", ""aq-mode"": ""4"", ""aq-strength"": ""2.0"", ""b-adapt"": ""2"", ""bframes"": ""0"", ""crf"": ""28.0"", ""ctu"": ""32"", ""keyint"": ""372"", ""limit-refs"": ""3"", ""limit-tu"": ""3"", ""me"": ""star"", ""merange"": ""45"", ""open-gop"": ""1"", ""psy-rd"": ""2.5"", ""psy-rdoq"": ""0.0"", ""qcomp"": ""0.5"", ""qpmax"": ""39"", ""qpmin"": ""3"", ""rc-lookahead"": ""24"", ""rd"": ""1"", ""rdoq-level"": ""0"", ""rect"": ""0"", ""ref"": ""4"", ""rskip"": ""1"", ""sao"": ""1"", ""scenecut"": ""95"", ""subme"": ""5"", ""tu-inter-depth"": ""1"", ""tu-intra-depth"": ""2"", ""weightb"": ""1"", ""weightp"": ""1"", ""wpp"": ""0""}"
x265,bestconfig,7302,single,141,46.48,6.6,46.48,6.9434356689453125,"['Standard', '320p', 30, '10s']",0.0,6.943345546722412,0.0,"{""amp"": ""1"", ""aq-mode"": ""4"", ""aq-strength"": ""1.2"", ""b-adapt"": ""2"", ""bframes"": ""2"", ""crf"": ""18.0"", ""ctu"": ""16"", ""keyint"": ""357"", ""limit-refs"": ""3"", ""limit-tu"": ""3"", ""me"": ""dia"", ""merange"": ""48"", ""open-gop"": ""1"", ""psy-rd"": ""1.0"", ""psy-rdoq"": ""2.0"", ""qcomp"": ""0.5"", ""qpmax"": ""38"", ""qpmin"": ""2"", ""rc-lookahead"": ""20"", ""rd"": ""2"", ""rdoq-level"": ""0"", ""rect"": ""0"", ""ref"": ""5"", ""rskip"": ""0"", ""sao"": ""1"", ""scenecut"": ""87"", ""subme"": ""5"", ""tu-inter-depth"": ""1"", ""tu-intra-depth"": ""3"", ""weightb"": ""1"", ""weightp"": ""0"", ""wpp"": ""1""}"
x265,bestconfig,7302,single,142,19.82,15.4,19.82,15.760322093963623,"['Standard', '320p', 30, '10s']",0.0,15.760214805603027,0.0,"{""amp"": ""1"", ""aq-mode"": ""3"", ""aq-strength"": ""1.0"", ""b-adapt"": ""1"", ""bframes"": ""1"", ""crf"": ""18.0"", ""ctu"": ""32"", ""keyint"": ""434"", ""limit-refs"": ""2"", ""limit-tu"": ""4"", ""me"": ""umh"", ""merange"": ""51"", ""open-gop"": ""0"", ""psy-rd"": ""3.5"", ""psy-rdoq"": ""3.0"", ""qcomp"": ""0.8"", ""qpmax"": ""39"", ""qpmin"": ""2"", ""rc-lookahead"": ""22"", ""rd"": ""2"", ""rdoq-level"": ""1"", ""rect"": ""1"", ""ref"": ""3"", ""rskip"": ""0"", ""sao"": ""0"", ""scenecut"": ""79"", ""subme"": ""4"", ""tu-inter-depth"": ""2"", ""tu-intra-depth"": ""3"", ""weightb"": ""1"", ""weightp"": ""1"", ""wpp"": ""0""}"
x265,bestconfig,7302,single,143,65.49,4.7,65.49,5.0506792068481445,"['Standard', '320p', 30, '10s']",0.0,5.050588130950928,0.0,"{""amp"": ""1"", ""aq-mode"": ""2"", ""aq-strength"": ""1.8"", ""b-adapt"": ""0"", ""bframes"": ""1"", ""crf"": ""20.0"", ""ctu"": ""32"", ""keyint"": ""365"", ""limit-refs"": ""2"", ""limit-tu"": ""3"", ""me"": ""hex"", ""merange"": ""49"", ""open-gop"": ""0"", ""psy-rd"": ""3.0"", ""psy-rdoq"": ""4.0"", ""qcomp"": ""1.0"", ""qpmax"": ""40"", ""qpmin"": ""3"", ""rc-lookahead"": ""19"", ""rd"": ""1"", ""rdoq-level"": ""0"", ""rect"": ""0"", ""ref"": ""4"", ""rskip"": ""1"", ""sao"": ""0"", ""scenecut"": ""90"", ""subme"": ""3"", ""tu-inter-depth"": ""1"", ""tu-intra-depth"": ""2"", ""weightb"": ""0"", ""weightp"": ""1"", ""wpp"": ""1""}"
x265,bestconfig,7302,single,144,43.73,7.01,43.73,7.361853361129761,"['Standard', '320p', 30, '10s']",0.0,7.3617024421691895,0.0,"{""amp"": ""0"", ""aq-mode"": ""3"", ""aq-strength"": ""1.5"", ""b-adapt"": ""1"", ""bframes"": ""2"", ""crf"": ""22.0"", ""ctu"": ""16"", ""keyint"": ""404"", ""limit-refs"": ""3"", ""limit-tu"": ""4"", ""me"": ""star"", ""merange"": ""45"", ""open-gop"": ""1"", ""psy-rd"": ""2.0"", ""psy-rdoq"": ""4.5"", ""qcomp"": ""0.75"", ""qpmax"": ""38"", ""qpmin"": ""2"", ""rc-lookahead"": ""26"", ""rd"": ""2"", ""rdoq-level"": ""0"", ""rect"": ""1"", ""ref"": ""5"", ""rskip"": ""0"", ""sao"": ""0"", ""scenecut"": ""76"", ""subme"": ""3"", ""tu-inter-depth"": ""2"", ""tu-intra-depth"": ""1"", ""weightb"": ""0"", ""weightp"": ""0"", ""wpp"": ""1""}"
x265,bestconfig,7302,single,145,1.79,169.67,1.79,170.0263650417328,"['Standard', '320p', 30, '10s']",0.0,170.02626037597656,0.0,"{""amp"": ""0"", ""aq-mode"": ""1"", ""aq-strength"": ""0.0"", ""b-adapt"": ""1"", ""bframes"": ""4"", ""crf"": ""22.0"", ""ctu"": ""32"", ""keyint"": ""381"", ""limit-refs"": ""2"", ""limit-tu"": ""0"", ""me"": ""full"", ""merange"": ""53"", ""open-gop"": ""1"", ""psy-rd"": ""2.5"", ""psy-rdoq"": ""0.5"", ""qcomp"": ""0.7"", ""qpmax"": ""32"", ""qpmin"": ""20"", ""rc-lookahead"": ""12"", ""rd"": ""5"", ""rdoq-level"": ""2"", ""rect"": ""0"", ""ref"": ""5"", ""rskip"": ""1"", ""sao"": ""0"", ""scenecut"": ""82"", ""subme"": ""2"", ""tu-inter-depth"": ""2"", ""tu-intra-depth"": ""3"", ""weightb"": ""1"", ""weightp"": ""1"", ""wpp"": ""1""}"
x265,bestconfig,7302,single,146,7.18,42.39,7.18,42.73213052749634,"['Standard', '320p', 30, '10s']",0.0,42.732036113739014,0.0,"{""amp"": ""1"", ""aq-mode"": ""3"", ""aq-strength"": ""0.8"", ""b-adapt"": ""1"", ""bframes"": ""2"", ""crf"": ""18.0"", ""ctu"": ""32"", ""keyint"": ""374"", ""limit-refs"": ""1"", ""limit-tu"": ""1"", ""me"": ""hex"", ""merange"": ""30"", ""open-gop"": ""0"", ""psy-rd"": ""3.5"", ""psy-rdoq"": ""4.5"", ""qcomp"": ""0.75"", ""qpmax"": ""25"", ""qpmin"": ""4"", ""rc-lookahead"": ""45"", ""rd"": ""5"", ""rdoq-level"": ""0"", ""rect"": ""1"", ""ref"": ""3"", ""rskip"": ""0"", ""sao"": ""1"", ""scenecut"": ""39"", ""subme"": ""4"", ""tu-inter-depth"": ""4"", ""tu-intra-depth"": ""3"", ""weightb"": ""0"", ""weightp"": ""0"", ""wpp"": ""1""}"
x265,bestconfig,7302,single,147,31.51,9.75,31.51,10.221153259277344,"['Standard', '320p', 30, '10s']",0.0,10.221065044403076,0.0,"{""amp"": ""0"", ""aq-mode"": ""2"", ""aq-strength"": ""0.5"", ""b-adapt"": ""0"", ""bframes"": ""0"", ""crf"": ""25.0"", ""ctu"": ""16"", ""keyint"": ""270"", ""limit-refs"": ""2"", ""limit-tu"": ""3"", ""me"": ""dia"", ""merange"": ""20"", ""open-gop"": ""0"", ""psy-rd"": ""1.5"", ""psy-rdoq"": ""2.5"", ""qcomp"": ""0.5"", ""qpmax"": ""24"", ""qpmin"": ""1"", ""rc-lookahead"": ""28"", ""rd"": ""2"", ""rdoq-level"": ""1"", ""rect"": ""1"", ""ref"": ""4"", ""rskip"": ""1"", ""sao"": ""0"", ""scenecut"": ""51"", ""subme"": ""3"", ""tu-inter-depth"": ""1"", ""tu-intra-depth"": ""1"", ""weightb"": ""0"", ""weightp"": ""1"", ""wpp"": ""0""}"
x265,bestconfig,7302,single,148,42.82,7.16,42.82,7.507381439208984,"['Standard', '320p', 30, '10s']",0.0,7.507295608520508,0.0,"{""amp"": ""1"", ""aq-mode"": ""1"", ""aq-strength"": ""1.5"", ""b-adapt"": ""1"", ""bframes"": ""1"", ""crf"": ""20.0"", ""ctu"": ""64"", ""keyint"": ""101"", ""limit-refs"": ""1"", ""limit-tu"": ""4"", ""me"": ""hex"", ""merange"": ""61"", ""open-gop"": ""1"", ""psy-rd"": ""1.0"", ""psy-rdoq"": ""2.0"", ""qcomp"": ""0.5"", ""qpmax"": ""50"", ""qpmin"": ""8"", ""rc-lookahead"": ""54"", ""rd"": ""3"", ""rdoq-level"": ""1"", ""rect"": ""0"", ""ref"": ""5"", ""rskip"": ""1"", ""sao"": ""1"", ""scenecut"": ""17"", ""subme"": ""5"", ""tu-inter-depth"": ""2"", ""tu-intra-depth"": ""2"", ""weightb"": ""0"", ""weightp"": ""1"", ""wpp"": ""1""}"
x265,bestconfig,7302,single,149,35.24,8.69,35.24,9.022411584854126,"['Standard', '320p', 30, '10s']",0.0,9.022322654724121,0.0,"{""amp"": ""0"", ""aq-mode"": ""4"", ""aq-strength"": ""1.2"", ""b-adapt"": ""2"", ""bframes"": ""5"", ""crf"": ""18.0"", ""ctu"": ""16"", ""keyint"": ""442"", ""limit-refs"": ""3"", ""limit-tu"": ""2"", ""me"": ""star"", ""merange"": ""51"", ""open-gop"": ""0"", ""psy-rd"": ""3.0"", ""psy-rdoq"": ""1.0"", ""qcomp"": ""1.0"", ""qpmax"": ""29"", ""qpmin"": ""17"", ""rc-lookahead"": ""22"", ""rd"": ""2"", ""rdoq-level"": ""1"", ""rect"": ""0"", ""ref"": ""2"", ""rskip"": ""0"", ""sao"": ""0"", ""scenecut"": ""36"", ""subme"": ""3"", ""tu-inter-depth"": ""2"", ""tu-intra-depth"": ""2"", ""weightb"": ""1"", ""weightp"": ""0"", ""wpp"": ""0""}"
x265,bestconfig,7302,single,150,58.71,5.24,58.71,5.59065055847168,"['Standard', '320p', 30, '10s']",0.0,5.590560436248779,0.0,"{""amp"": ""1"", ""aq-mode"": ""3"", ""aq-strength"": ""1.8"", ""b-adapt"": ""1"", ""bframes"": ""7"", ""crf"": ""28.0"", ""ctu"": ""16"", ""keyint"": ""231"", ""limit-refs"": ""2"", ""limit-tu"": ""1"", ""me"": ""dia"", ""merange"": ""35"", ""open-gop"": ""0"", ""psy-rd"": ""0.5"", ""psy-rdoq"": ""4.0"", ""qcomp"": ""0.6"", ""qpmax"": ""40"", ""qpmin"": ""7"", ""rc-lookahead"": ""48"", ""rd"": ""4"", ""rdoq-level"": ""1"", ""rect"": ""1"", ""ref"": ""2"", ""rskip"": ""1"", ""sao"": ""1"", ""scenecut"": ""73"", ""subme"": ""1"", ""tu-inter-depth"": ""3"", ""tu-intra-depth"": ""3"", ""weightb"": ""0"", ""weightp"": ""0"", ""wpp"": ""1""}"
x265,bestconfig,7302,single,151,72.93,4.23,72.93,4.556094169616699,"['Standard', '320p', 30, '10s']",0.0,4.555997371673584,0.0,"{""amp"": ""1"", ""aq-mode"": ""2"", ""aq-strength"": ""1.0"", ""b-adapt"": ""2"", ""bframes"": ""6"", ""crf"": ""30.0"", ""ctu"": ""64"", ""keyint"": ""70"", ""limit-refs"": ""1"", ""limit-tu"": ""3"", ""me"": ""umh"", ""merange"": ""40"", ""open-gop"": ""1"", ""psy-rd"": ""0.0"", ""psy-rdoq"": ""3.0"", ""qcomp"": ""0.9"", ""qpmax"": ""44"", ""qpmin"": ""10"", ""rc-lookahead"": ""32"", ""rd"": ""2"", ""rdoq-level"": ""0"", ""rect"": ""0"", ""ref"": ""1"", ""rskip"": ""0"", ""sao"": ""1"", ""scenecut"": ""92"", ""subme"": ""2"", ""tu-inter-depth"": ""3"", ""tu-intra-depth"": ""2"", ""weightb"": ""1"", ""weightp"": ""1"", ""wpp"": ""0""}"
x265,bestconfig,7302,single,152,13.01,23.42,13.01,23.76360011100769,"['Standard', '320p', 30, '10s']",0.0,23.763511896133423,0.0,"{""amp"": ""0"", ""aq-mode"": ""0"", ""aq-strength"": ""2.0"", ""b-adapt"": ""0"", ""bframes"": ""7"", ""crf"": ""32.0"", ""ctu"": ""32"", ""keyint"": ""154"", ""limit-refs"": ""0"", ""limit-tu"": ""2"", ""me"": ""star"", ""merange"": ""27"", ""open-gop"": ""1"", ""psy-rd"": ""2.0"", ""psy-rdoq"": ""0.0"", ""qcomp"": ""0.8"", ""qpmax"": ""37"", ""qpmin"": ""13"", ""rc-lookahead"": ""37"", ""rd"": ""5"", ""rdoq-level"": ""2"", ""rect"": ""1"", ""ref"": ""5"", ""rskip"": ""0"", ""sao"": ""0"", ""scenecut"": ""10"", ""subme"": ""4"", ""tu-inter-depth"": ""3"", ""tu-intra-depth"": ""3"", ""weightb"": ""1"", ""weightp"": ""0"", ""wpp"": ""0""}"
x265,bestconfig,7302,single,153,76.56,4.04,76.56,4.394115686416626,"['Standard', '320p', 30, '10s']",0.0,4.394014596939087,0.0,"{""amp"": ""1"", ""aq-mode"": ""3"", ""aq-strength"": ""2.0"", ""b-adapt"": ""2"", ""bframes"": ""1"", ""crf"": ""22.0"", ""ctu"": ""64"", ""keyint"": ""439"", ""limit-refs"": ""2"", ""limit-tu"": ""4"", ""me"": ""dia"", ""merange"": ""44"", ""open-gop"": ""0"", ""psy-rd"": ""0.0"", ""psy-rdoq"": ""0.5"", ""qcomp"": ""0.6"", ""qpmax"": ""44"", ""qpmin"": ""2"", ""rc-lookahead"": ""13"", ""rd"": ""1"", ""rdoq-level"": ""0"", ""rect"": ""1"", ""ref"": ""3"", ""rskip"": ""1"", ""sao"": ""1"", ""scenecut"": ""90"", ""subme"": ""4"", ""tu-inter-depth"": ""2"", ""tu-intra-depth"": ""1"", ""weightb"": ""1"", ""weightp"": ""1"", ""wpp"": ""0""}"
x265,bestconfig,7302,single,154,68.67,4.48,68.67,4.87379789352417,"['Standard', '320p', 30, '10s']",0.0,4.8736467361450195,0.0,"{""amp"": ""1"", ""aq-mode"": ""2"", ""aq-strength"": ""0.5"", ""b-adapt"": ""1"", ""bframes"": ""3"", ""crf"": ""28.0"", ""ctu"": ""16"", ""keyint"": ""424"", ""limit-refs"": ""2"", ""limit-tu"": ""4"", ""me"": ""star"", ""merange"": ""50"", ""open-gop"": ""0"", ""psy-rd"": ""2.5"", ""psy-rdoq"": ""4.0"", ""qcomp"": ""1.0"", ""qpmax"": ""43"", ""qpmin"": ""2"", ""rc-lookahead"": ""23"", ""rd"": ""1"", ""rdoq-level"": ""1"", ""rect"": ""0"", ""ref"": ""4"", ""rskip"": ""0"", ""sao"": ""0"", ""scenecut"": ""82"", ""subme"": ""4"", ""tu-inter-depth"": ""1"", ""tu-intra-depth"": ""3"", ""weightb"": ""0"", ""weightp"": ""0"", ""wpp"": ""1""}"
x265,bestconfig,7302,single,155,59.86,5.13,59.86,5.467905044555664,"['Standard', '320p', 30, '10s']",0.0,5.467804193496704,0.0,"{""amp"": ""0"", ""aq-mode"": ""3"", ""aq-strength"": ""1.2"", ""b-adapt"": ""0"", ""bframes"": ""2"", ""crf"": ""25.0"", ""ctu"": ""32"", ""keyint"": ""397"", ""limit-refs"": ""2"", ""limit-tu"": ""3"", ""me"": ""hex"", ""merange"": ""46"", ""open-gop"": ""1"", ""psy-rd"": ""1.5"", ""psy-rdoq"": ""3.0"", ""qcomp"": ""0.5"", ""qpmax"": ""37"", ""qpmin"": ""3"", ""rc-lookahead"": ""28"", ""rd"": ""2"", ""rdoq-level"": ""1"", ""rect"": ""1"", ""ref"": ""5"", ""rskip"": ""1"", ""sao"": ""1"", ""scenecut"": ""84"", ""subme"": ""5"", ""tu-inter-depth"": ""2"", ""tu-intra-depth"": ""2"", ""weightb"": ""1"", ""weightp"": ""1"", ""wpp"": ""1""}"
x265,bestconfig,7302,single,156,49.93,6.15,49.93,6.486385107040405,"['Standard', '320p', 30, '10s']",0.0,6.486295461654663,0.0,"{""amp"": ""0"", ""aq-mode"": ""4"", ""aq-strength"": ""1.8"", ""b-adapt"": ""1"", ""bframes"": ""3"", ""crf"": ""18.0"", ""ctu"": ""32"", ""keyint"": ""407"", ""limit-refs"": ""3"", ""limit-tu"": ""3"", ""me"": ""star"", ""merange"": ""51"", ""open-gop"": ""1"", ""psy-rd"": ""3.0"", ""psy-rdoq"": ""0.0"", ""qcomp"": ""0.8"", ""qpmax"": ""41"", ""qpmin"": ""4"", ""rc-lookahead"": ""22"", ""rd"": ""2"", ""rdoq-level"": ""1"", ""rect"": ""0"", ""ref"": ""4"", ""rskip"": ""1"", ""sao"": ""0"", ""scenecut"": ""88"", ""subme"": ""4"", ""tu-inter-depth"": ""2"", ""tu-intra-depth"": ""2"", ""weightb"": ""1"", ""weightp"": ""1"", ""wpp"": ""0""}"
x265,bestconfig,7302,single,157,38.75,7.91,38.75,8.243137836456299,"['Standard', '320p', 30, '10s']",0.0,8.243046522140503,0.0,"{""amp"": ""0"", ""aq-mode"": ""4"", ""aq-strength"": ""1.0"", ""b-adapt"": ""1"", ""bframes"": ""4"", ""crf"": ""20.0"", ""ctu"": ""16"", ""keyint"": ""395"", ""limit-refs"": ""2"", ""limit-tu"": ""4"", ""me"": ""umh"", ""merange"": ""47"", ""open-gop"": ""0"", ""psy-rd"": ""3.5"", ""psy-rdoq"": ""4.5"", ""qcomp"": ""0.75"", ""qpmax"": ""41"", ""qpmin"": ""3"", ""rc-lookahead"": ""17"", ""rd"": ""2"", ""rdoq-level"": ""0"", ""rect"": ""1"", ""ref"": ""4"", ""rskip"": ""0"", ""sao"": ""1"", ""scenecut"": ""85"", ""subme"": ""3"", ""tu-inter-depth"": ""1"", ""tu-intra-depth"": ""2"", ""weightb"": ""0"", ""weightp"": ""0"", ""wpp"": ""0""}"
x265,bestconfig,7302,single,158,112.9,2.75,112.9,3.084169864654541,"['Standard', '320p', 30, '10s']",0.0,3.0840792655944824,0.0,"{""amp"": ""1"", ""aq-mode"": ""2"", ""aq-strength"": ""0.8"", ""b-adapt"": ""2"", ""bframes"": ""2"", ""crf"": ""30.0"", ""ctu"": ""16"", ""keyint"": ""383"", ""limit-refs"": ""3"", ""limit-tu"": ""3"", ""me"": ""hex"", ""merange"": ""43"", ""open-gop"": ""0"", ""psy-rd"": ""1.0"", ""psy-rdoq"": ""2.0"", ""qcomp"": ""0.7"", ""qpmax"": ""39"", ""qpmin"": ""2"", ""rc-lookahead"": ""18"", ""rd"": ""1"", ""rdoq-level"": ""0"", ""rect"": ""0"", ""ref"": ""4"", ""rskip"": ""1"", ""sao"": ""0"", ""scenecut"": ""91"", ""subme"": ""5"", ""tu-inter-depth"": ""1"", ""tu-intra-depth"": ""2"", ""weightb"": ""0"", ""weightp"": ""0"", ""wpp"": ""0""}"
x265,bestconfig,7302,single,159,4.72,64.47,4.72,64.78287982940674,"['Standard', '320p', 30, '10s']",0.0,64.78277897834778,0.0,"{""amp"": ""0"", ""aq-mode"": ""3"", ""aq-strength"": ""1.5"", ""b-adapt"": ""1"", ""bframes"": ""1"", ""crf"": ""18.0"", ""ctu"": ""32"", ""keyint"": ""430"", ""limit-refs"": ""3"", ""limit-tu"": ""3"", ""me"": ""full"", ""merange"": ""41"", ""open-gop"": ""1"", ""psy-rd"": ""0.5"", ""psy-rdoq"": ""2.5"", ""qcomp"": ""0.5"", ""qpmax"": ""38"", ""qpmin"": ""3"", ""rc-lookahead"": ""16"", ""rd"": ""2"", ""rdoq-level"": ""0"", ""rect"": ""1"", ""ref"": ""5"", ""rskip"": ""0"", ""sao"": ""0"", ""scenecut"": ""87"", ""subme"": ""4"", ""tu-inter-depth"": ""1"", ""tu-intra-depth"": ""1"", ""weightb"": ""0"", ""weightp"": ""1"", ""wpp"": ""1""}"
x265,bestconfig,7302,single,160,80.68,3.83,80.68,4.153815984725952,"['Standard', '320p', 30, '10s']",0.0,4.153723239898682,0.0,"{""amp"": ""1"", ""aq-mode"": ""3"", ""aq-strength"": ""0.0"", ""b-adapt"": ""0"", ""bframes"": ""3"", ""crf"": ""32.0"", ""ctu"": ""64"", ""keyint"": ""413"", ""limit-refs"": ""3"", ""limit-tu"": ""4"", ""me"": ""dia"", ""merange"": ""44"", ""open-gop"": ""1"", ""psy-rd"": ""2.0"", ""psy-rdoq"": ""1.0"", ""qcomp"": ""0.9"", ""qpmax"": ""40"", ""qpmin"": ""1"", ""rc-lookahead"": ""26"", ""rd"": ""1"", ""rdoq-level"": ""1"", ""rect"": ""0"", ""ref"": ""3"", ""rskip"": ""0"", ""sao"": ""1"", ""scenecut"": ""88"", ""subme"": ""3"", ""tu-inter-depth"": ""2"", ""tu-intra-depth"": ""3"", ""weightb"": ""1"", ""weightp"": ""0"", ""wpp"": ""1""}"
x265,bestconfig,7302,single,161,9.64,31.63,9.64,32.08358979225159,"['Standard', '320p', 30, '10s']",0.0,32.08344912528992,0.0,"{""amp"": ""1"", ""aq-mode"": ""3"", ""aq-strength"": ""1.5"", ""b-adapt"": ""1"", ""bframes"": ""1"", ""crf"": ""30.0"", ""ctu"": ""16"", ""keyint"": ""122"", ""limit-refs"": ""1"", ""limit-tu"": ""2"", ""me"": ""hex"", ""merange"": ""45"", ""open-gop"": ""0"", ""psy-rd"": ""1.5"", ""psy-rdoq"": ""1.0"", ""qcomp"": ""0.5"", ""qpmax"": ""22"", ""qpmin"": ""18"", ""rc-lookahead"": ""52"", ""rd"": ""5"", ""rdoq-level"": ""1"", ""rect"": ""0"", ""ref"": ""2"", ""rskip"": ""0"", ""sao"": ""1"", ""scenecut"": ""80"", ""subme"": ""3"", ""tu-inter-depth"": ""2"", ""tu-intra-depth"": ""3"", ""weightb"": ""1"", ""weightp"": ""0"", ""wpp"": ""1""}"
x265,bestconfig,7302,single,162,11.02,27.64,11.02,27.99099826812744,"['Standard', '320p', 30, '10s']",0.0,27.990902185440063,0.0,"{""amp"": ""1"", ""aq-mode"": ""1"", ""aq-strength"": ""2.0"", ""b-adapt"": ""1"", ""bframes"": ""7"", ""crf"": ""18.0"", ""ctu"": ""64"", ""keyint"": ""228"", ""limit-refs"": ""1"", ""limit-tu"": ""3"", ""me"": ""full"", ""merange"": ""53"", ""open-gop"": ""1"", ""psy-rd"": ""2.5"", ""psy-rdoq"": ""3.0"", ""qcomp"": ""0.6"", ""qpmax"": ""28"", ""qpmin"": ""7"", ""rc-lookahead"": ""20"", ""rd"": ""3"", ""rdoq-level"": ""0"", ""rect"": ""0"", ""ref"": ""3"", ""rskip"": ""1"", ""sao"": ""0"", ""scenecut"": ""28"", ""subme"": ""1"", ""tu-inter-depth"": ""4"", ""tu-intra-depth"": ""1"", ""weightb"": ""0"", ""weightp"": ""0"", ""wpp"": ""1""}"
x265,bestconfig,7302,single,163,38.28,8.0,38.28,8.345943927764893,"['Standard', '320p', 30, '10s']",0.0,8.345852613449097,0.0,"{""amp"": ""1"", ""aq-mode"": ""2"", ""aq-strength"": ""1.0"", ""b-adapt"": ""0"", ""bframes"": ""2"", ""crf"": ""22.0"", ""ctu"": ""32"", ""keyint"": ""375"", ""limit-refs"": ""2"", ""limit-tu"": ""1"", ""me"": ""hex"", ""merange"": ""40"", ""open-gop"": ""0"", ""psy-rd"": ""3.0"", ""psy-rdoq"": ""0.0"", ""qcomp"": ""0.5"", ""qpmax"": ""38"", ""qpmin"": ""16"", ""rc-lookahead"": ""31"", ""rd"": ""2"", ""rdoq-level"": ""2"", ""rect"": ""1"", ""ref"": ""3"", ""rskip"": ""1"", ""sao"": ""1"", ""scenecut"": ""3"", ""subme"": ""2"", ""tu-inter-depth"": ""2"", ""tu-intra-depth"": ""4"", ""weightb"": ""0"", ""weightp"": ""1"", ""wpp"": ""0""}"
x265,bestconfig,7302,single,164,51.69,5.94,51.69,6.294019460678101,"['Standard', '320p', 30, '10s']",0.0,6.293930292129517,0.0,"{""amp"": ""0"", ""aq-mode"": ""1"", ""aq-strength"": ""1.8"", ""b-adapt"": ""2"", ""bframes"": ""2"", ""crf"": ""25.0"", ""ctu"": ""32"", ""keyint"": ""47"", ""limit-refs"": ""3"", ""limit-tu"": ""1"", ""me"": ""dia"", ""merange"": ""23"", ""open-gop"": ""1"", ""psy-rd"": ""0.5"", ""psy-rdoq"": ""4.5"", ""qcomp"": ""0.75"", ""qpmax"": ""41"", ""qpmin"": ""10"", ""rc-lookahead"": ""44"", ""rd"": ""4"", ""rdoq-level"": ""0"", ""rect"": ""1"", ""ref"": ""4"", ""rskip"": ""0"", ""sao"": ""0"", ""scenecut"": ""14"", ""subme"": ""3"", ""tu-inter-depth"": ""3"", ""tu-intra-depth"": ""4"", ""weightb"": ""0"", ""weightp"": ""1"", ""wpp"": ""0""}"
x265,bestconfig,7302,single,165,18.73,16.29,18.73,16.629220008850098,"['Standard', '320p', 30, '10s']",0.0,16.62912940979004,0.0,"{""amp"": ""1"", ""aq-mode"": ""2"", ""aq-strength"": ""0.0"", ""b-adapt"": ""1"", ""bframes"": ""4"", ""crf"": ""28.0"", ""ctu"": ""32"", ""keyint"": ""154"", ""limit-refs"": ""0"", ""limit-tu"": ""0"", ""me"": ""umh"", ""merange"": ""16"", ""open-gop"": ""0"", ""psy-rd"": ""1.0"", ""psy-rdoq"": ""0.5"", ""qcomp"": ""0.8"", ""qpmax"": ""47"", ""qpmin"": ""1"", ""rc-lookahead"": ""11"", ""rd"": ""3"", ""rdoq-level"": ""1"", ""rect"": ""1"", ""ref"": ""5"", ""rskip"": ""0"", ""sao"": ""0"", ""scenecut"": ""46"", ""subme"": ""4"", ""tu-inter-depth"": ""3"", ""tu-intra-depth"": ""2"", ""weightb"": ""0"", ""weightp"": ""0"", ""wpp"": ""1""}"
x265,bestconfig,7302,single,166,13.78,22.12,13.78,22.439329624176025,"['Standard', '320p', 30, '10s']",0.0,22.439237594604492,0.0,"{""amp"": ""0"", ""aq-mode"": ""4"", ""aq-strength"": ""1.2"", ""b-adapt"": ""2"", ""bframes"": ""3"", ""crf"": ""18.0"", ""ctu"": ""16"", ""keyint"": ""400"", ""limit-refs"": ""1"", ""limit-tu"": ""3"", ""me"": ""star"", ""merange"": ""60"", ""open-gop"": ""0"", ""psy-rd"": ""3.5"", ""psy-rdoq"": ""4.0"", ""qcomp"": ""0.7"", ""qpmax"": ""50"", ""qpmin"": ""3"", ""rc-lookahead"": ""23"", ""rd"": ""5"", ""rdoq-level"": ""1"", ""rect"": ""0"", ""ref"": ""2"", ""rskip"": ""0"", ""sao"": ""1"", ""scenecut"": ""96"", ""subme"": ""5"", ""tu-inter-depth"": ""1"", ""tu-intra-depth"": ""3"", ""weightb"": ""1"", ""weightp"": ""1"", ""wpp"": ""1""}"
x265,bestconfig,7302,single,167,17.1,17.84,17.1,18.181342601776123,"['Standard', '320p', 30, '10s']",0.0,18.181257247924805,0.0,"{""amp"": ""0"", ""aq-mode"": ""3"", ""aq-strength"": ""0.8"", ""b-adapt"": ""0"", ""bframes"": ""5"", ""crf"": ""32.0"", ""ctu"": ""64"", ""keyint"": ""465"", ""limit-refs"": ""2"", ""limit-tu"": ""4"", ""me"": ""dia"", ""merange"": ""33"", ""open-gop"": ""1"", ""psy-rd"": ""2.0"", ""psy-rdoq"": ""2.5"", ""qcomp"": ""1.0"", ""qpmax"": ""32"", ""qpmin"": ""8"", ""rc-lookahead"": ""55"", ""rd"": ""6"", ""rdoq-level"": ""1"", ""rect"": ""1"", ""ref"": ""6"", ""rskip"": ""1"", ""sao"": ""1"", ""scenecut"": ""71"", ""subme"": ""4"", ""tu-inter-depth"": ""3"", ""tu-intra-depth"": ""2"", ""weightb"": ""1"", ""weightp"": ""1"", ""wpp"": ""0""}"
x265,bestconfig,7302,single,168,50.55,6.08,50.55,6.424724102020264,"['Standard', '320p', 30, '10s']",0.0,6.424630880355835,0.0,"{""amp"": ""0"", ""aq-mode"": ""0"", ""aq-strength"": ""0.5"", ""b-adapt"": ""1"", ""bframes"": ""8"", ""crf"": ""20.0"", ""ctu"": ""16"", ""keyint"": ""296"", ""limit-refs"": ""3"", ""limit-tu"": ""2"", ""me"": ""star"", ""merange"": ""51"", ""open-gop"": ""1"", ""psy-rd"": ""0.0"", ""psy-rdoq"": ""2.0"", ""qcomp"": ""0.9"", ""qpmax"": ""25"", ""qpmin"": ""13"", ""rc-lookahead"": ""39"", ""rd"": ""2"", ""rdoq-level"": ""2"", ""rect"": ""0"", ""ref"": ""5"", ""rskip"": ""1"", ""sao"": ""0"", ""scenecut"": ""61"", ""subme"": ""2"", ""tu-inter-depth"": ""1"", ""tu-intra-depth"": ""1"", ""weightb"": ""1"", ""weightp"": ""0"", ""wpp"": ""0""}"
x265,bestconfig,7302,single,169,35.52,8.62,35.52,8.969609022140503,"['Standard', '320p', 30, '10s']",0.0,8.969517707824707,0.0,"{""amp"": ""1"", ""aq-mode"": ""3"", ""aq-strength"": ""2.0"", ""b-adapt"": ""2"", ""bframes"": ""3"", ""crf"": ""18.0"", ""ctu"": ""32"", ""keyint"": ""432"", ""limit-refs"": ""3"", ""limit-tu"": ""3"", ""me"": ""hex"", ""merange"": ""47"", ""open-gop"": ""0"", ""psy-rd"": ""0.0"", ""psy-rdoq"": ""0.0"", ""qcomp"": ""1.0"", ""qpmax"": ""40"", ""qpmin"": ""2"", ""rc-lookahead"": ""21"", ""rd"": ""2"", ""rdoq-level"": ""1"", ""rect"": ""0"", ""ref"": ""4"", ""rskip"": ""1"", ""sao"": ""0"", ""scenecut"": ""94"", ""subme"": ""5"", ""tu-inter-depth"": ""2"", ""tu-intra-depth"": ""2"", ""weightb"": ""1"", ""weightp"": ""0"", ""wpp"": ""0""}"
x265,bestconfig,7302,single,170,78.6,3.97,78.6,4.332154750823975,"['Standard', '320p', 30, '10s']",0.0,4.332064390182495,0.0,"{""amp"": ""0"", ""aq-mode"": ""3"", ""aq-strength"": ""1.5"", ""b-adapt"": ""0"", ""bframes"": ""2"", ""crf"": ""32.0"", ""ctu"": ""32"", ""keyint"": ""412"", ""limit-refs"": ""2"", ""limit-tu"": ""4"", ""me"": ""dia"", ""merange"": ""48"", ""open-gop"": ""0"", ""psy-rd"": ""1.5"", ""psy-rdoq"": ""3.0"", ""qcomp"": ""0.5"", ""qpmax"": ""39"", ""qpmin"": ""1"", ""rc-lookahead"": ""23"", ""rd"": ""1"", ""rdoq-level"": ""1"", ""rect"": ""1"", ""ref"": ""4"", ""rskip"": ""0"", ""sao"": ""1"", ""scenecut"": ""91"", ""subme"": ""3"", ""tu-inter-depth"": ""2"", ""tu-intra-depth"": ""2"", ""weightb"": ""1"", ""weightp"": ""1"", ""wpp"": ""0""}"
x265,bestconfig,7302,single,171,79.44,3.89,79.44,4.299611330032349,"['Standard', '320p', 30, '10s']",0.0,4.2994678020477295,0.0,"{""amp"": ""0"", ""aq-mode"": ""2"", ""aq-strength"": ""1.8"", ""b-adapt"": ""1"", ""bframes"": ""2"", ""crf"": ""30.0"", ""ctu"": ""64"", ""keyint"": ""448"", ""limit-refs"": ""2"", ""limit-tu"": ""3"", ""me"": ""hex"", ""merange"": ""46"", ""open-gop"": ""1"", ""psy-rd"": ""3.5"", ""psy-rdoq"": ""1.0"", ""qcomp"": ""0.7"", ""qpmax"": ""40"", ""qpmin"": ""3"", ""rc-lookahead"": ""21"", ""rd"": ""1"", ""rdoq-level"": ""0"", ""rect"": ""0"", ""ref"": ""4"", ""rskip"": ""0"", ""sao"": ""0"", ""scenecut"": ""85"", ""subme"": ""4"", ""tu-inter-depth"": ""1"", ""tu-intra-depth"": ""1"", ""weightb"": ""0"", ""weightp"": ""0"", ""wpp"": ""0""}"
x265,bestconfig,7302,single,172,127.99,2.43,127.99,2.7591404914855957,"['Standard', '320p', 30, '10s']",0.0,2.75905442237854,0.0,"{""amp"": ""1"", ""aq-mode"": ""3"", ""aq-strength"": ""1.0"", ""b-adapt"": ""1"", ""bframes"": ""3"", ""crf"": ""28.0"", ""ctu"": ""32"", ""keyint"": ""401"", ""limit-refs"": ""2"", ""limit-tu"": ""3"", ""me"": ""star"", ""merange"": ""45"", ""open-gop"": ""1"", ""psy-rd"": ""0.5"", ""psy-rdoq"": ""2.5"", ""qcomp"": ""0.8"", ""qpmax"": ""38"", ""qpmin"": ""1"", ""rc-lookahead"": ""22"", ""rd"": ""1"", ""rdoq-level"": ""0"", ""rect"": ""0"", ""ref"": ""5"", ""rskip"": ""1"", ""sao"": ""1"", ""scenecut"": ""87"", ""subme"": ""3"", ""tu-inter-depth"": ""2"", ""tu-intra-depth"": ""3"", ""weightb"": ""1"", ""weightp"": ""1"", ""wpp"": ""0""}"
x265,bestconfig,7302,single,173,6.67,45.61,6.67,45.95630359649658,"['Standard', '320p', 30, '10s']",0.0,45.956170320510864,0.0,"{""amp"": ""0"", ""aq-mode"": ""2"", ""aq-strength"": ""0.5"", ""b-adapt"": ""2"", ""bframes"": ""1"", ""crf"": ""25.0"", ""ctu"": ""16"", ""keyint"": ""439"", ""limit-refs"": ""3"", ""limit-tu"": ""4"", ""me"": ""full"", ""merange"": ""50"", ""open-gop"": ""0"", ""psy-rd"": ""2.5"", ""psy-rdoq"": ""0.5"", ""qcomp"": ""0.9"", ""qpmax"": ""40"", ""qpmin"": ""2"", ""rc-lookahead"": ""22"", ""rd"": ""2"", ""rdoq-level"": ""0"", ""rect"": ""1"", ""ref"": ""5"", ""rskip"": ""1"", ""sao"": ""0"", ""scenecut"": ""84"", ""subme"": ""5"", ""tu-inter-depth"": ""1"", ""tu-intra-depth"": ""3"", ""weightb"": ""0"", ""weightp"": ""1"", ""wpp"": ""1""}"
x265,bestconfig,7302,single,174,47.31,6.49,47.31,6.827122688293457,"['Standard', '320p', 30, '10s']",0.0,6.827022552490234,0.0,"{""amp"": ""0"", ""aq-mode"": ""4"", ""aq-strength"": ""1.2"", ""b-adapt"": ""1"", ""bframes"": ""2"", ""crf"": ""18.0"", ""ctu"": ""16"", ""keyint"": ""462"", ""limit-refs"": ""2"", ""limit-tu"": ""3"", ""me"": ""umh"", ""merange"": ""47"", ""open-gop"": ""0"", ""psy-rd"": ""1.0"", ""psy-rdoq"": ""4.5"", ""qcomp"": ""0.6"", ""qpmax"": ""41"", ""qpmin"": ""2"", ""rc-lookahead"": ""22"", ""rd"": ""1"", ""rdoq-level"": ""1"", ""rect"": ""1"", ""ref"": ""4"", ""rskip"": ""1"", ""sao"": ""1"", ""scenecut"": ""88"", ""subme"": ""4"", ""tu-inter-depth"": ""1"", ""tu-intra-depth"": ""1"", ""weightb"": ""0"", ""weightp"": ""1"", ""wpp"": ""1""}"
x265,bestconfig,7302,single,175,56.6,5.43,56.6,5.760787725448608,"['Standard', '320p', 30, '10s']",0.0,5.760704040527344,0.0,"{""amp"": ""1"", ""aq-mode"": ""4"", ""aq-strength"": ""0.8"", ""b-adapt"": ""0"", ""bframes"": ""1"", ""crf"": ""22.0"", ""ctu"": ""16"", ""keyint"": ""455"", ""limit-refs"": ""3"", ""limit-tu"": ""4"", ""me"": ""star"", ""merange"": ""49"", ""open-gop"": ""1"", ""psy-rd"": ""3.0"", ""psy-rdoq"": ""2.0"", ""qcomp"": ""0.75"", ""qpmax"": ""38"", ""qpmin"": ""3"", ""rc-lookahead"": ""20"", ""rd"": ""2"", ""rdoq-level"": ""0"", ""rect"": ""0"", ""ref"": ""3"", ""rskip"": ""0"", ""sao"": ""1"", ""scenecut"": ""95"", ""subme"": ""4"", ""tu-inter-depth"": ""1"", ""tu-intra-depth"": ""2"", ""weightb"": ""0"", ""weightp"": ""0"", ""wpp"": ""1""}"
x265,bestconfig,7302,single,176,32.05,9.58,32.05,10.12867546081543,"['Standard', '320p', 30, '10s']",0.0,10.12856388092041,0.0,"{""amp"": ""1"", ""aq-mode"": ""3"", ""aq-strength"": ""0.0"", ""b-adapt"": ""1"", ""bframes"": ""2"", ""crf"": ""20.0"", ""ctu"": ""64"", ""keyint"": ""417"", ""limit-refs"": ""3"", ""limit-tu"": ""4"", ""me"": ""dia"", ""merange"": ""51"", ""open-gop"": ""1"", ""psy-rd"": ""2.0"", ""psy-rdoq"": ""4.0"", ""qcomp"": ""0.5"", ""qpmax"": ""39"", ""qpmin"": ""2"", ""rc-lookahead"": ""21"", ""rd"": ""2"", ""rdoq-level"": ""1"", ""rect"": ""1"", ""ref"": ""3"", ""rskip"": ""0"", ""sao"": ""0"", ""scenecut"": ""80"", ""subme"": ""4"", ""tu-inter-depth"": ""2"", ""tu-intra-depth"": ""2"", ""weightb"": ""1"", ""weightp"": ""0"", ""wpp"": ""1""}"
x265,bestconfig,7302,single,177,87.26,3.54,87.26,3.8811113834381104,"['Standard', '320p', 30, '10s']",0.0,3.8810226917266846,0.0,"{""amp"": ""0"", ""aq-mode"": ""1"", ""aq-strength"": ""1.5"", ""b-adapt"": ""2"", ""bframes"": ""5"", ""crf"": ""25.0"", ""ctu"": ""32"", ""keyint"": ""153"", ""limit-refs"": ""0"", ""limit-tu"": ""3"", ""me"": ""star"", ""merange"": ""31"", ""open-gop"": ""1"", ""psy-rd"": ""0.0"", ""psy-rdoq"": ""4.5"", ""qcomp"": ""0.8"", ""qpmax"": ""50"", ""qpmin"": ""12"", ""rc-lookahead"": ""55"", ""rd"": ""2"", ""rdoq-level"": ""2"", ""rect"": ""0"", ""ref"": ""1"", ""rskip"": ""1"", ""sao"": ""0"", ""scenecut"": ""47"", ""subme"": ""2"", ""tu-inter-depth"": ""2"", ""tu-intra-depth"": ""2"", ""weightb"": ""1"", ""weightp"": ""0"", ""wpp"": ""1""}"
x265,bestconfig,7302,single,178,8.76,34.79,8.76,35.134318351745605,"['Standard', '320p', 30, '10s']",0.0,35.13422918319702,0.0,"{""amp"": ""1"", ""aq-mode"": ""1"", ""aq-strength"": ""0.0"", ""b-adapt"": ""1"", ""bframes"": ""3"", ""crf"": ""20.0"", ""ctu"": ""64"", ""keyint"": ""455"", ""limit-refs"": ""3"", ""limit-tu"": ""1"", ""me"": ""dia"", ""merange"": ""63"", ""open-gop"": ""0"", ""psy-rd"": ""2.0"", ""psy-rdoq"": ""1.0"", ""qcomp"": ""0.5"", ""qpmax"": ""24"", ""qpmin"": ""7"", ""rc-lookahead"": ""47"", ""rd"": ""5"", ""rdoq-level"": ""0"", ""rect"": ""1"", ""ref"": ""4"", ""rskip"": ""1"", ""sao"": ""1"", ""scenecut"": ""79"", ""subme"": ""2"", ""tu-inter-depth"": ""2"", ""tu-intra-depth"": ""2"", ""weightb"": ""0"", ""weightp"": ""0"", ""wpp"": ""0""}"
x265,bestconfig,7302,single,179,30.54,10.01,30.54,10.352375030517578,"['Standard', '320p', 30, '10s']",0.0,10.352288722991943,0.0,"{""amp"": ""0"", ""aq-mode"": ""4"", ""aq-strength"": ""0.5"", ""b-adapt"": ""1"", ""bframes"": ""5"", ""crf"": ""22.0"", ""ctu"": ""32"", ""keyint"": ""224"", ""limit-refs"": ""2"", ""limit-tu"": ""2"", ""me"": ""hex"", ""merange"": ""25"", ""open-gop"": ""1"", ""psy-rd"": ""0.5"", ""psy-rdoq"": ""0.0"", ""qcomp"": ""0.9"", ""qpmax"": ""23"", ""qpmin"": ""8"", ""rc-lookahead"": ""19"", ""rd"": ""2"", ""rdoq-level"": ""2"", ""rect"": ""0"", ""ref"": ""4"", ""rskip"": ""0"", ""sao"": ""1"", ""scenecut"": ""8"", ""subme"": ""3"", ""tu-inter-depth"": ""2"", ""tu-intra-depth"": ""1"", ""weightb"": ""1"", ""weightp"": ""1"", ""wpp"": ""1""}"
x265,bestconfig,7302,single,180,35.07,8.73,35.07,9.052743434906006,"['Standard', '320p', 30, '10s']",0.0,9.05265498161316,0.0,"{""amp"": ""0"", ""aq-mode"": ""3"", ""aq-strength"": ""2.0"", ""b-adapt"": ""0"", ""bframes"": ""4"", ""crf"": ""28.0"", ""ctu"": ""32"", ""keyint"": ""369"", ""limit-refs"": ""1"", ""limit-tu"": ""2"", ""me"": ""hex"", ""merange"": ""34"", ""open-gop"": ""0"", ""psy-rd"": ""1.5"", ""psy-rdoq"": ""2.0"", ""qcomp"": ""1.0"", ""qpmax"": ""36"", ""qpmin"": ""13"", ""rc-lookahead"": ""35"", ""rd"": ""3"", ""rdoq-level"": ""1"", ""rect"": ""1"", ""ref"": ""5"", ""rskip"": ""0"", ""sao"": ""0"", ""scenecut"": ""74"", ""subme"": ""4"", ""tu-inter-depth"": ""3"", ""tu-intra-depth"": ""3"", ""weightb"": ""1"", ""weightp"": ""0"", ""wpp"": ""1""}"
x265,bestconfig,7302,single,181,2.65,114.59,2.65,114.94292449951172,"['Standard', '320p', 30, '10s']",0.0,114.94282817840576,0.0,"{""amp"": ""1"", ""aq-mode"": ""0"", ""aq-strength"": ""1.8"", ""b-adapt"": ""1"", ""bframes"": ""8"", ""crf"": ""18.0"", ""ctu"": ""16"", ""keyint"": ""70"", ""limit-refs"": ""2"", ""limit-tu"": ""3"", ""me"": ""full"", ""merange"": ""46"", ""open-gop"": ""0"", ""psy-rd"": ""2.5"", ""psy-rdoq"": ""2.5"", ""qcomp"": ""0.6"", ""qpmax"": ""29"", ""qpmin"": ""18"", ""rc-lookahead"": ""25"", ""rd"": ""6"", ""rdoq-level"": ""1"", ""rect"": ""0"", ""ref"": ""3"", ""rskip"": ""0"", ""sao"": ""1"", ""scenecut"": ""54"", ""subme"": ""1"", ""tu-inter-depth"": ""3"", ""tu-intra-depth"": ""3"", ""weightb"": ""1"", ""weightp"": ""0"", ""wpp"": ""0""}"
x265,bestconfig,7302,single,182,57.01,5.39,57.01,5.715416431427002,"['Standard', '320p', 30, '10s']",0.0,5.7153236865997314,0.0,"{""amp"": ""1"", ""aq-mode"": ""2"", ""aq-strength"": ""0.8"", ""b-adapt"": ""0"", ""bframes"": ""0"", ""crf"": ""30.0"", ""ctu"": ""16"", ""keyint"": ""97"", ""limit-refs"": ""0"", ""limit-tu"": ""1"", ""me"": ""star"", ""merange"": ""17"", ""open-gop"": ""1"", ""psy-rd"": ""3.0"", ""psy-rdoq"": ""4.0"", ""qcomp"": ""0.75"", ""qpmax"": ""46"", ""qpmin"": ""16"", ""rc-lookahead"": ""13"", ""rd"": ""2"", ""rdoq-level"": ""0"", ""rect"": ""1"", ""ref"": ""3"", ""rskip"": ""0"", ""sao"": ""1"", ""scenecut"": ""20"", ""subme"": ""3"", ""tu-inter-depth"": ""3"", ""tu-intra-depth"": ""3"", ""weightb"": ""0"", ""weightp"": ""1"", ""wpp"": ""0""}"
x265,bestconfig,7302,single,183,23.2,13.16,23.2,13.697189331054688,"['Standard', '320p', 30, '10s']",0.0,13.697083950042725,0.0,"{""amp"": ""1"", ""aq-mode"": ""3"", ""aq-strength"": ""1.2"", ""b-adapt"": ""1"", ""bframes"": ""7"", ""crf"": ""18.0"", ""ctu"": ""64"", ""keyint"": ""265"", ""limit-refs"": ""2"", ""limit-tu"": ""4"", ""me"": ""umh"", ""merange"": ""41"", ""open-gop"": ""0"", ""psy-rd"": ""1.0"", ""psy-rdoq"": ""0.5"", ""qcomp"": ""0.5"", ""qpmax"": ""34"", ""qpmin"": ""3"", ""rc-lookahead"": ""52"", ""rd"": ""4"", ""rdoq-level"": ""1"", ""rect"": ""1"", ""ref"": ""2"", ""rskip"": ""1"", ""sao"": ""0"", ""scenecut"": ""98"", ""subme"": ""5"", ""tu-inter-depth"": ""4"", ""tu-intra-depth"": ""2"", ""weightb"": ""0"", ""weightp"": ""1"", ""wpp"": ""1""}"
x265,bestconfig,7302,single,184,90.5,3.42,90.5,3.7690606117248535,"['Standard', '320p', 30, '10s']",0.0,3.768975257873535,0.0,"{""amp"": ""0"", ""aq-mode"": ""2"", ""aq-strength"": ""1.0"", ""b-adapt"": ""2"", ""bframes"": ""2"", ""crf"": ""32.0"", ""ctu"": ""16"", ""keyint"": ""418"", ""limit-refs"": ""1"", ""limit-tu"": ""0"", ""me"": ""dia"", ""merange"": ""57"", ""open-gop"": ""1"", ""psy-rd"": ""3.5"", ""psy-rdoq"": ""3.0"", ""qcomp"": ""0.7"", ""qpmax"": ""41"", ""qpmin"": ""2"", ""rc-lookahead"": ""41"", ""rd"": ""4"", ""rdoq-level"": ""1"", ""rect"": ""0"", ""ref"": ""6"", ""rskip"": ""1"", ""sao"": ""0"", ""scenecut"": ""27"", ""subme"": ""4"", ""tu-inter-depth"": ""1"", ""tu-intra-depth"": ""3"", ""weightb"": ""0"", ""weightp"": ""1"", ""wpp"": ""0""}"
x265,bestconfig,7302,single,185,63.31,4.86,63.31,5.236321449279785,"['Standard', '320p', 30, '10s']",0.0,5.236189842224121,0.0,"{""amp"": ""1"", ""aq-mode"": ""2"", ""aq-strength"": ""1.5"", ""b-adapt"": ""1"", ""bframes"": ""2"", ""crf"": ""32.0"", ""ctu"": ""64"", ""keyint"": ""450"", ""limit-refs"": ""3"", ""limit-tu"": ""3"", ""me"": ""umh"", ""merange"": ""51"", ""open-gop"": ""0"", ""psy-rd"": ""2.5"", ""psy-rdoq"": ""0.5"", ""qcomp"": ""0.7"", ""qpmax"": ""38"", ""qpmin"": ""3"", ""rc-lookahead"": ""24"", ""rd"": ""2"", ""rdoq-level"": ""1"", ""rect"": ""1"", ""ref"": ""3"", ""rskip"": ""0"", ""sao"": ""0"", ""scenecut"": ""97"", ""subme"": ""5"", ""tu-inter-depth"": ""2"", ""tu-intra-depth"": ""3"", ""weightb"": ""0"", ""weightp"": ""1"", ""wpp"": ""1""}"
x265,bestconfig,7302,single,186,49.15,6.24,49.15,6.617172956466675,"['Standard', '320p', 30, '10s']",0.0,6.617068290710449,0.0,"{""amp"": ""0"", ""aq-mode"": ""3"", ""aq-strength"": ""1.2"", ""b-adapt"": ""1"", ""bframes"": ""1"", ""crf"": ""18.0"", ""ctu"": ""32"", ""keyint"": ""425"", ""limit-refs"": ""3"", ""limit-tu"": ""4"", ""me"": ""star"", ""merange"": ""52"", ""open-gop"": ""1"", ""psy-rd"": ""2.0"", ""psy-rdoq"": ""4.5"", ""qcomp"": ""0.5"", ""qpmax"": ""37"", ""qpmin"": ""2"", ""rc-lookahead"": ""20"", ""rd"": ""2"", ""rdoq-level"": ""0"", ""rect"": ""1"", ""ref"": ""3"", ""rskip"": ""1"", ""sao"": ""1"", ""scenecut"": ""86"", ""subme"": ""4"", ""tu-inter-depth"": ""1"", ""tu-intra-depth"": ""2"", ""weightb"": ""1"", ""weightp"": ""0"", ""wpp"": ""0""}"
x265,bestconfig,7302,single,187,93.52,3.34,93.52,3.838240146636963,"['Standard', '320p', 30, '10s']",0.0,3.8381524085998535,0.0,"{""amp"": ""0"", ""aq-mode"": ""3"", ""aq-strength"": ""2.0"", ""b-adapt"": ""1"", ""bframes"": ""1"", ""crf"": ""28.0"", ""ctu"": ""16"", ""keyint"": ""435"", ""limit-refs"": ""2"", ""limit-tu"": ""3"", ""me"": ""dia"", ""merange"": ""49"", ""open-gop"": ""0"", ""psy-rd"": ""3.5"", ""psy-rdoq"": ""2.5"", ""qcomp"": ""0.5"", ""qpmax"": ""39"", ""qpmin"": ""2"", ""rc-lookahead"": ""21"", ""rd"": ""1"", ""rdoq-level"": ""0"", ""rect"": ""1"", ""ref"": ""4"", ""rskip"": ""0"", ""sao"": ""1"", ""scenecut"": ""94"", ""subme"": ""3"", ""tu-inter-depth"": ""1"", ""tu-intra-depth"": ""2"", ""weightb"": ""0"", ""weightp"": ""1"", ""wpp"": ""1""}"
x265,bestconfig,7302,single,188,112.24,2.76,112.24,3.0966570377349854,"['Standard', '320p', 30, '10s']",0.0,3.096571683883667,0.0,"{""amp"": ""0"", ""aq-mode"": ""3"", ""aq-strength"": ""0.8"", ""b-adapt"": ""2"", ""bframes"": ""3"", ""crf"": ""25.0"", ""ctu"": ""32"", ""keyint"": ""454"", ""limit-refs"": ""3"", ""limit-tu"": ""4"", ""me"": ""hex"", ""merange"": ""47"", ""open-gop"": ""1"", ""psy-rd"": ""1.5"", ""psy-rdoq"": ""1.0"", ""qcomp"": ""0.75"", ""qpmax"": ""40"", ""qpmin"": ""3"", ""rc-lookahead"": ""20"", ""rd"": ""1"", ""rdoq-level"": ""0"", ""rect"": ""0"", ""ref"": ""5"", ""rskip"": ""1"", ""sao"": ""0"", ""scenecut"": ""83"", ""subme"": ""3"", ""tu-inter-depth"": ""2"", ""tu-intra-depth"": ""2"", ""weightb"": ""0"", ""weightp"": ""1"", ""wpp"": ""0""}"
x265,bestconfig,7302,single,189,51.51,5.96,51.51,6.311954498291016,"['Standard', '320p', 30, '10s']",0.0,6.311864376068115,0.0,"{""amp"": ""1"", ""aq-mode"": ""3"", ""aq-strength"": ""0.5"", ""b-adapt"": ""0"", ""bframes"": ""2"", ""crf"": ""18.0"", ""ctu"": ""16"", ""keyint"": ""420"", ""limit-refs"": ""2"", ""limit-tu"": ""4"", ""me"": ""dia"", ""merange"": ""56"", ""open-gop"": ""1"", ""psy-rd"": ""0.5"", ""psy-rdoq"": ""3.0"", ""qcomp"": ""1.0"", ""qpmax"": ""36"", ""qpmin"": ""3"", ""rc-lookahead"": ""23"", ""rd"": ""1"", ""rdoq-level"": ""1"", ""rect"": ""0"", ""ref"": ""4"", ""rskip"": ""1"", ""sao"": ""1"", ""scenecut"": ""85"", ""subme"": ""4"", ""tu-inter-depth"": ""2"", ""tu-intra-depth"": ""2"", ""weightb"": ""0"", ""weightp"": ""0"", ""wpp"": ""0""}"
x265,bestconfig,7302,single,190,102.4,3.03,102.4,3.366434097290039,"['Standard', '320p', 30, '10s']",0.0,3.3663463592529297,0.0,"{""amp"": ""1"", ""aq-mode"": ""2"", ""aq-strength"": ""0.0"", ""b-adapt"": ""1"", ""bframes"": ""0"", ""crf"": ""30.0"", ""ctu"": ""16"", ""keyint"": ""444"", ""limit-refs"": ""3"", ""limit-tu"": ""3"", ""me"": ""star"", ""merange"": ""55"", ""open-gop"": ""1"", ""psy-rd"": ""3.0"", ""psy-rdoq"": ""2.0"", ""qcomp"": ""0.6"", ""qpmax"": ""38"", ""qpmin"": ""2"", ""rc-lookahead"": ""25"", ""rd"": ""2"", ""rdoq-level"": ""0"", ""rect"": ""0"", ""ref"": ""4"", ""rskip"": ""1"", ""sao"": ""1"", ""scenecut"": ""92"", ""subme"": ""5"", ""tu-inter-depth"": ""1"", ""tu-intra-depth"": ""3"", ""weightb"": ""1"", ""weightp"": ""0"", ""wpp"": ""0""}"
x265,bestconfig,7302,single,191,7.47,40.76,7.47,41.108824014663696,"['Standard', '320p', 30, '10s']",0.0,41.10872960090637,0.0,"{""amp"": ""0"", ""aq-mode"": ""4"", ""aq-strength"": ""1.0"", ""b-adapt"": ""0"", ""bframes"": ""2"", ""crf"": ""20.0"", ""ctu"": ""64"", ""keyint"": ""440"", ""limit-refs"": ""2"", ""limit-tu"": ""3"", ""me"": ""full"", ""merange"": ""50"", ""open-gop"": ""0"", ""psy-rd"": ""1.0"", ""psy-rdoq"": ""4.0"", ""qcomp"": ""0.9"", ""qpmax"": ""41"", ""qpmin"": ""2"", ""rc-lookahead"": ""21"", ""rd"": ""1"", ""rdoq-level"": ""1"", ""rect"": ""1"", ""ref"": ""4"", ""rskip"": ""0"", ""sao"": ""0"", ""scenecut"": ""89"", ""subme"": ""4"", ""tu-inter-depth"": ""1"", ""tu-intra-depth"": ""1"", ""weightb"": ""1"", ""weightp"": ""1"", ""wpp"": ""1""}"
x265,bestconfig,7302,single,192,50.25,6.11,50.25,6.455566167831421,"['Standard', '320p', 30, '10s']",0.0,6.45547342300415,0.0,"{""amp"": ""1"", ""aq-mode"": ""4"", ""aq-strength"": ""1.8"", ""b-adapt"": ""2"", ""bframes"": ""1"", ""crf"": ""22.0"", ""ctu"": ""32"", ""keyint"": ""431"", ""limit-refs"": ""2"", ""limit-tu"": ""4"", ""me"": ""hex"", ""merange"": ""54"", ""open-gop"": ""0"", ""psy-rd"": ""0.0"", ""psy-rdoq"": ""0.0"", ""qcomp"": ""0.8"", ""qpmax"": ""40"", ""qpmin"": ""3"", ""rc-lookahead"": ""22"", ""rd"": ""2"", ""rdoq-level"": ""1"", ""rect"": ""0"", ""ref"": ""5"", ""rskip"": ""0"", ""sao"": ""0"", ""scenecut"": ""80"", ""subme"": ""4"", ""tu-inter-depth"": ""2"", ""tu-intra-depth"": ""1"", ""weightb"": ""1"", ""weightp"": ""0"", ""wpp"": ""1""}"
x265,bestconfig,7302,single,193,44.34,6.91,44.34,7.251279354095459,"['Standard', '320p', 30, '10s']",0.0,7.251190662384033,0.0,"{""amp"": ""1"", ""aq-mode"": ""3"", ""aq-strength"": ""0.5"", ""b-adapt"": ""0"", ""bframes"": ""1"", ""crf"": ""25.0"", ""ctu"": ""32"", ""keyint"": ""187"", ""limit-refs"": ""2"", ""limit-tu"": ""1"", ""me"": ""dia"", ""merange"": ""22"", ""open-gop"": ""0"", ""psy-rd"": ""1.0"", ""psy-rdoq"": ""0.5"", ""qcomp"": ""0.75"", ""qpmax"": ""34"", ""qpmin"": ""8"", ""rc-lookahead"": ""31"", ""rd"": ""2"", ""rdoq-level"": ""1"", ""rect"": ""1"", ""ref"": ""4"", ""rskip"": ""1"", ""sao"": ""1"", ""scenecut"": ""18"", ""subme"": ""4"", ""tu-inter-depth"": ""2"", ""tu-intra-depth"": ""2"", ""weightb"": ""0"", ""weightp"": ""0"", ""wpp"": ""1""}"
x265,bestconfig,7302,single,194,10.72,28.4,10.72,28.76067852973938,"['Standard', '320p', 30, '10s']",0.0,28.760584354400635,0.0,"{""amp"": ""1"", ""aq-mode"": ""1"", ""aq-strength"": ""1.0"", ""b-adapt"": ""0"", ""bframes"": ""3"", ""crf"": ""18.0"", ""ctu"": ""16"", ""keyint"": ""301"", ""limit-refs"": ""0"", ""limit-tu"": ""0"", ""me"": ""star"", ""merange"": ""43"", ""open-gop"": ""0"", ""psy-rd"": ""2.0"", ""psy-rdoq"": ""0.0"", ""qcomp"": ""0.6"", ""qpmax"": ""20"", ""qpmin"": ""4"", ""rc-lookahead"": ""21"", ""rd"": ""5"", ""rdoq-level"": ""0"", ""rect"": ""0"", ""ref"": ""2"", ""rskip"": ""1"", ""sao"": ""1"", ""scenecut"": ""90"", ""subme"": ""4"", ""tu-inter-depth"": ""3"", ""tu-intra-depth"": ""2"", ""weightb"": ""1"", ""weightp"": ""0"", ""wpp"": ""1""}"
x265,bestconfig,7302,single,195,14.22,21.45,14.22,21.788216829299927,"['Standard', '320p', 30, '10s']",0.0,21.788119316101074,0.0,"{""amp"": ""0"", ""aq-mode"": ""0"", ""aq-strength"": ""2.0"", ""b-adapt"": ""2"", ""bframes"": ""2"", ""crf"": ""28.0"", ""ctu"": ""16"", ""keyint"": ""80"", ""limit-refs"": ""0"", ""limit-tu"": ""3"", ""me"": ""dia"", ""merange"": ""30"", ""open-gop"": ""1"", ""psy-rd"": ""0.0"", ""psy-rdoq"": ""2.0"", ""qcomp"": ""0.5"", ""qpmax"": ""29"", ""qpmin"": ""12"", ""rc-lookahead"": ""57"", ""rd"": ""5"", ""rdoq-level"": ""0"", ""rect"": ""1"", ""ref"": ""4"", ""rskip"": ""1"", ""sao"": ""1"", ""scenecut"": ""43"", ""subme"": ""3"", ""tu-inter-depth"": ""3"", ""tu-intra-depth"": ""3"", ""weightb"": ""1"", ""weightp"": ""0"", ""wpp"": ""0""}"
x265,bestconfig,7302,single,196,54.15,5.67,54.15,5.995862007141113,"['Standard', '320p', 30, '10s']",0.0,5.995747327804565,0.0,"{""amp"": ""0"", ""aq-mode"": ""2"", ""aq-strength"": ""1.2"", ""b-adapt"": ""1"", ""bframes"": ""7"", ""crf"": ""32.0"", ""ctu"": ""16"", ""keyint"": ""475"", ""limit-refs"": ""1"", ""limit-tu"": ""1"", ""me"": ""hex"", ""merange"": ""60"", ""open-gop"": ""0"", ""psy-rd"": ""3.0"", ""psy-rdoq"": ""1.0"", ""qcomp"": ""0.8"", ""qpmax"": ""42"", ""qpmin"": ""14"", ""rc-lookahead"": ""53"", ""rd"": ""4"", ""rdoq-level"": ""2"", ""rect"": ""1"", ""ref"": ""5"", ""rskip"": ""0"", ""sao"": ""0"", ""scenecut"": ""74"", ""subme"": ""2"", ""tu-inter-depth"": ""3"", ""tu-intra-depth"": ""3"", ""weightb"": ""0"", ""weightp"": ""1"", ""wpp"": ""0""}"
x265,bestconfig,7302,single,197,54.5,5.64,54.5,5.965735197067261,"['Standard', '320p', 30, '10s']",0.0,5.9656500816345215,0.0,"{""amp"": ""0"", ""aq-mode"": ""1"", ""aq-strength"": ""1.8"", ""b-adapt"": ""2"", ""bframes"": ""5"", ""crf"": ""30.0"", ""ctu"": ""64"", ""keyint"": ""388"", ""limit-refs"": ""2"", ""limit-tu"": ""4"", ""me"": ""umh"", ""merange"": ""47"", ""open-gop"": ""1"", ""psy-rd"": ""1.5"", ""psy-rdoq"": ""4.5"", ""qcomp"": ""0.5"", ""qpmax"": ""38"", ""qpmin"": ""2"", ""rc-lookahead"": ""46"", ""rd"": ""3"", ""rdoq-level"": ""1"", ""rect"": ""1"", ""ref"": ""2"", ""rskip"": ""0"", ""sao"": ""0"", ""scenecut"": ""5"", ""subme"": ""2"", ""tu-inter-depth"": ""1"", ""tu-intra-depth"": ""3"", ""weightb"": ""0"", ""weightp"": ""1"", ""wpp"": ""0""}"
x265,bestconfig,7302,single,198,11.74,25.94,11.74,26.28098487854004,"['Standard', '320p', 30, '10s']",0.0,26.280888319015503,0.0,"{""amp"": ""0"", ""aq-mode"": ""2"", ""aq-strength"": ""1.5"", ""b-adapt"": ""1"", ""bframes"": ""5"", ""crf"": ""20.0"", ""ctu"": ""32"", ""keyint"": ""339"", ""limit-refs"": ""1"", ""limit-tu"": ""3"", ""me"": ""full"", ""merange"": ""56"", ""open-gop"": ""1"", ""psy-rd"": ""2.5"", ""psy-rdoq"": ""4.0"", ""qcomp"": ""0.9"", ""qpmax"": ""46"", ""qpmin"": ""19"", ""rc-lookahead"": ""23"", ""rd"": ""3"", ""rdoq-level"": ""2"", ""rect"": ""0"", ""ref"": ""1"", ""rskip"": ""0"", ""sao"": ""0"", ""scenecut"": ""29"", ""subme"": ""3"", ""tu-inter-depth"": ""2"", ""tu-intra-depth"": ""1"", ""weightb"": ""0"", ""weightp"": ""0"", ""wpp"": ""1""}"
x265,bestconfig,7302,single,199,48.88,6.28,48.88,6.626317262649536,"['Standard', '320p', 30, '10s']",0.0,6.626221179962158,0.0,"{""amp"": ""1"", ""aq-mode"": ""4"", ""aq-strength"": ""0.8"", ""b-adapt"": ""1"", ""bframes"": ""7"", ""crf"": ""22.0"", ""ctu"": ""64"", ""keyint"": ""240"", ""limit-refs"": ""3"", ""limit-tu"": ""2"", ""me"": ""hex"", ""merange"": ""36"", ""open-gop"": ""1"", ""psy-rd"": ""3.5"", ""psy-rdoq"": ""3.0"", ""qcomp"": ""1.0"", ""qpmax"": ""50"", ""qpmin"": ""7"", ""rc-lookahead"": ""16"", ""rd"": ""1"", ""rdoq-level"": ""1"", ""rect"": ""0"", ""ref"": ""3"", ""rskip"": ""1"", ""sao"": ""0"", ""scenecut"": ""59"", ""subme"": ""1"", ""tu-inter-depth"": ""3"", ""tu-intra-depth"": ""3"", ""weightb"": ""1"", ""weightp"": ""1"", ""wpp"": ""1""}"
x265,bestconfig,7302,single,200,18.45,16.54,18.45,16.876890420913696,"['Standard', '320p', 30, '10s']",0.0,16.87679934501648,0.0,"{""amp"": ""1"", ""aq-mode"": ""3"", ""aq-strength"": ""0.0"", ""b-adapt"": ""1"", ""bframes"": ""0"", ""crf"": ""18.0"", ""ctu"": ""32"", ""keyint"": ""139"", ""limit-refs"": ""3"", ""limit-tu"": ""2"", ""me"": ""star"", ""merange"": ""16"", ""open-gop"": ""0"", ""psy-rd"": ""0.5"", ""psy-rdoq"": ""2.5"", ""qcomp"": ""0.7"", ""qpmax"": ""24"", ""qpmin"": ""15"", ""rc-lookahead"": ""41"", ""rd"": ""4"", ""rdoq-level"": ""1"", ""rect"": ""0"", ""ref"": ""6"", ""rskip"": ""0"", ""sao"": ""1"", ""scenecut"": ""75"", ""subme"": ""5"", ""tu-inter-depth"": ""2"", ""tu-intra-depth"": ""2"", ""weightb"": ""1"", ""weightp"": ""1"", ""wpp"": ""0""}"
x265,bestconfig,7303,single,1,68.86,4.47,68.86,4.806331396102905,"['Standard', '320p', 30, '10s']",0.0,4.805609464645386,0.0,"{""amp"": ""1"", ""aq-mode"": ""3"", ""aq-strength"": ""0.5"", ""b-adapt"": ""2"", ""bframes"": ""1"", ""crf"": ""32.0"", ""ctu"": ""64"", ""keyint"": ""463"", ""limit-refs"": ""3"", ""limit-tu"": ""3"", ""me"": ""dia"", ""merange"": ""52"", ""open-gop"": ""0"", ""psy-rd"": ""2.5"", ""psy-rdoq"": ""3.0"", ""qcomp"": ""0.75"", ""qpmax"": ""46"", ""qpmin"": ""0"", ""rc-lookahead"": ""23"", ""rd"": ""3"", ""rdoq-level"": ""0"", ""rect"": ""1"", ""ref"": ""6"", ""rskip"": ""1"", ""sao"": ""0"", ""scenecut"": ""88"", ""subme"": ""4"", ""tu-inter-depth"": ""2"", ""tu-intra-depth"": ""1"", ""weightb"": ""1"", ""weightp"": ""1"", ""wpp"": ""0""}"
x265,bestconfig,7303,single,2,23.15,13.19,23.15,13.601888418197632,"['Standard', '320p', 30, '10s']",0.0,13.60174012184143,0.0,"{""amp"": ""1"", ""aq-mode"": ""1"", ""aq-strength"": ""1.2"", ""b-adapt"": ""1"", ""bframes"": ""3"", ""crf"": ""18.0"", ""ctu"": ""16"", ""keyint"": ""320"", ""limit-refs"": ""1"", ""limit-tu"": ""0"", ""me"": ""star"", ""merange"": ""52"", ""open-gop"": ""0"", ""psy-rd"": ""0.5"", ""psy-rdoq"": ""4.0"", ""qcomp"": ""0.5"", ""qpmax"": ""34"", ""qpmin"": ""9"", ""rc-lookahead"": ""37"", ""rd"": ""3"", ""rdoq-level"": ""1"", ""rect"": ""1"", ""ref"": ""5"", ""rskip"": ""1"", ""sao"": ""0"", ""scenecut"": ""51"", ""subme"": ""1"", ""tu-inter-depth"": ""3"", ""tu-intra-depth"": ""3"", ""weightb"": ""1"", ""weightp"": ""1"", ""wpp"": ""1""}"
x265,bestconfig,7303,single,3,51.1,6.0,51.1,6.346247434616089,"['Standard', '320p', 30, '10s']",0.0,6.346161365509033,0.0,"{""amp"": ""0"", ""aq-mode"": ""2"", ""aq-strength"": ""1.8"", ""b-adapt"": ""0"", ""bframes"": ""6"", ""crf"": ""22.0"", ""ctu"": ""16"", ""keyint"": ""330"", ""limit-refs"": ""2"", ""limit-tu"": ""4"", ""me"": ""star"", ""merange"": ""41"", ""open-gop"": ""1"", ""psy-rd"": ""1.5"", ""psy-rdoq"": ""2.5"", ""qcomp"": ""0.8"", ""qpmax"": ""29"", ""qpmin"": ""7"", ""rc-lookahead"": ""22"", ""rd"": ""4"", ""rdoq-level"": ""1"", ""rect"": ""0"", ""ref"": ""4"", ""rskip"": ""0"", ""sao"": ""1"", ""scenecut"": ""44"", ""subme"": ""2"", ""tu-inter-depth"": ""2"", ""tu-intra-depth"": ""1"", ""weightb"": ""1"", ""weightp"": ""0"", ""wpp"": ""0""}"
x265,bestconfig,7303,single,4,15.64,19.53,15.64,20.076082229614258,"['Standard', '320p', 30, '10s']",0.0,20.07599139213562,0.0,"{""amp"": ""0"", ""aq-mode"": ""3"", ""aq-strength"": ""0.8"", ""b-adapt"": ""1"", ""bframes"": ""5"", ""crf"": ""25.0"", ""ctu"": ""32"", ""keyint"": ""237"", ""limit-refs"": ""1"", ""limit-tu"": ""1"", ""me"": ""hex"", ""merange"": ""36"", ""open-gop"": ""1"", ""psy-rd"": ""0.0"", ""psy-rdoq"": ""1.0"", ""qcomp"": ""0.6"", ""qpmax"": ""41"", ""qpmin"": ""13"", ""rc-lookahead"": ""49"", ""rd"": ""5"", ""rdoq-level"": ""2"", ""rect"": ""1"", ""ref"": ""5"", ""rskip"": ""1"", ""sao"": ""1"", ""scenecut"": ""28"", ""subme"": ""3"", ""tu-inter-depth"": ""1"", ""tu-intra-depth"": ""2"", ""weightb"": ""0"", ""weightp"": ""0"", ""wpp"": ""1""}"
x265,bestconfig,7303,single,5,7.66,39.71,7.66,40.046157360076904,"['Standard', '320p', 30, '10s']",0.0,40.0460684299469,0.0,"{""amp"": ""1"", ""aq-mode"": ""2"", ""aq-strength"": ""0.0"", ""b-adapt"": ""1"", ""bframes"": ""6"", ""crf"": ""18.0"", ""ctu"": ""32"", ""keyint"": ""192"", ""limit-refs"": ""1"", ""limit-tu"": ""3"", ""me"": ""full"", ""merange"": ""19"", ""open-gop"": ""0"", ""psy-rd"": ""1.0"", ""psy-rdoq"": ""4.5"", ""qcomp"": ""1.0"", ""qpmax"": ""36"", ""qpmin"": ""10"", ""rc-lookahead"": ""11"", ""rd"": ""6"", ""rdoq-level"": ""1"", ""rect"": ""0"", ""ref"": ""2"", ""rskip"": ""1"", ""sao"": ""1"", ""scenecut"": ""8"", ""subme"": ""4"", ""tu-inter-depth"": ""3"", ""tu-intra-depth"": ""2"", ""weightb"": ""0"", ""weightp"": ""0"", ""wpp"": ""1""}"
x265,bestconfig,7303,single,6,11.87,25.67,11.87,26.004823207855225,"['Standard', '320p', 30, '10s']",0.0,26.00473380088806,0.0,"{""amp"": ""0"", ""aq-mode"": ""4"", ""aq-strength"": ""1.5"", ""b-adapt"": ""0"", ""bframes"": ""3"", ""crf"": ""20.0"", ""ctu"": ""16"", ""keyint"": ""139"", ""limit-refs"": ""0"", ""limit-tu"": ""1"", ""me"": ""hex"", ""merange"": ""30"", ""open-gop"": ""1"", ""psy-rd"": ""3.0"", ""psy-rdoq"": ""0.0"", ""qcomp"": ""0.7"", ""qpmax"": ""20"", ""qpmin"": ""4"", ""rc-lookahead"": ""30"", ""rd"": ""5"", ""rdoq-level"": ""0"", ""rect"": ""0"", ""ref"": ""2"", ""rskip"": ""0"", ""sao"": ""0"", ""scenecut"": ""69"", ""subme"": ""2"", ""tu-inter-depth"": ""3"", ""tu-intra-depth"": ""3"", ""weightb"": ""0"", ""weightp"": ""0"", ""wpp"": ""0""}"
x265,bestconfig,7303,single,7,46.64,6.57,46.64,6.896137714385986,"['Standard', '320p', 30, '10s']",0.0,6.896055221557617,0.0,"{""amp"": ""1"", ""aq-mode"": ""1"", ""aq-strength"": ""1.0"", ""b-adapt"": ""1"", ""bframes"": ""1"", ""crf"": ""30.0"", ""ctu"": ""32"", ""keyint"": ""80"", ""limit-refs"": ""2"", ""limit-tu"": ""2"", ""me"": ""dia"", ""merange"": ""60"", ""open-gop"": ""0"", ""psy-rd"": ""2.0"", ""psy-rdoq"": ""2.0"", ""qcomp"": ""0.9"", ""qpmax"": ""27"", ""qpmin"": ""17"", ""rc-lookahead"": ""45"", ""rd"": ""2"", ""rdoq-level"": ""1"", ""rect"": ""0"", ""ref"": ""3"", ""rskip"": ""0"", ""sao"": ""0"", ""scenecut"": ""78"", ""subme"": ""3"", ""tu-inter-depth"": ""4"", ""tu-intra-depth"": ""3"", ""weightb"": ""0"", ""weightp"": ""1"", ""wpp"": ""1""}"
x265,bestconfig,7303,single,8,44.4,6.91,44.4,7.232024669647217,"['Standard', '320p', 30, '10s']",0.0,7.231939077377319,0.0,"{""amp"": ""0"", ""aq-mode"": ""0"", ""aq-strength"": ""2.0"", ""b-adapt"": ""2"", ""bframes"": ""7"", ""crf"": ""28.0"", ""ctu"": ""64"", ""keyint"": ""439"", ""limit-refs"": ""2"", ""limit-tu"": ""2"", ""me"": ""umh"", ""merange"": ""24"", ""open-gop"": ""1"", ""psy-rd"": ""3.5"", ""psy-rdoq"": ""0.5"", ""qcomp"": ""0.5"", ""qpmax"": ""50"", ""qpmin"": ""20"", ""rc-lookahead"": ""58"", ""rd"": ""2"", ""rdoq-level"": ""2"", ""rect"": ""1"", ""ref"": ""1"", ""rskip"": ""0"", ""sao"": ""1"", ""scenecut"": ""16"", ""subme"": ""5"", ""tu-inter-depth"": ""2"", ""tu-intra-depth"": ""3"", ""weightb"": ""1"", ""weightp"": ""1"", ""wpp"": ""0""}"
x265,bestconfig,7303,single,9,33.85,9.05,33.85,9.380046844482422,"['Standard', '320p', 30, '10s']",0.0,9.37996530532837,0.0,"{""amp"": ""0"", ""aq-mode"": ""4"", ""aq-strength"": ""0.0"", ""b-adapt"": ""2"", ""bframes"": ""1"", ""crf"": ""18.0"", ""ctu"": ""32"", ""keyint"": ""449"", ""limit-refs"": ""2"", ""limit-tu"": ""3"", ""me"": ""umh"", ""merange"": ""49"", ""open-gop"": ""1"", ""psy-rd"": ""2.5"", ""psy-rdoq"": ""0.0"", ""qcomp"": ""0.75"", ""qpmax"": ""41"", ""qpmin"": ""0"", ""rc-lookahead"": ""23"", ""rd"": ""2"", ""rdoq-level"": ""0"", ""rect"": ""1"", ""ref"": ""5"", ""rskip"": ""1"", ""sao"": ""1"", ""scenecut"": ""86"", ""subme"": ""4"", ""tu-inter-depth"": ""1"", ""tu-intra-depth"": ""1"", ""weightb"": ""1"", ""weightp"": ""0"", ""wpp"": ""0""}"
x265,bestconfig,7303,single,10,56.95,5.39,56.95,5.9406561851501465,"['Standard', '320p', 30, '10s']",0.0,5.940560579299927,0.0,"{""amp"": ""1"", ""aq-mode"": ""3"", ""aq-strength"": ""1.0"", ""b-adapt"": ""2"", ""bframes"": ""2"", ""crf"": ""30.0"", ""ctu"": ""16"", ""keyint"": ""462"", ""limit-refs"": ""3"", ""limit-tu"": ""3"", ""me"": ""star"", ""merange"": ""43"", ""open-gop"": ""1"", ""psy-rd"": ""2.0"", ""psy-rdoq"": ""2.0"", ""qcomp"": ""1.0"", ""qpmax"": ""47"", ""qpmin"": ""3"", ""rc-lookahead"": ""25"", ""rd"": ""3"", ""rdoq-level"": ""1"", ""rect"": ""1"", ""ref"": ""6"", ""rskip"": ""0"", ""sao"": ""1"", ""scenecut"": ""78"", ""subme"": ""3"", ""tu-inter-depth"": ""2"", ""tu-intra-depth"": ""1"", ""weightb"": ""0"", ""weightp"": ""0"", ""wpp"": ""0""}"
x265,bestconfig,7303,single,11,22.95,13.3,22.95,13.634891986846924,"['Standard', '320p', 30, '10s']",0.0,13.634797811508179,0.0,"{""amp"": ""1"", ""aq-mode"": ""2"", ""aq-strength"": ""1.5"", ""b-adapt"": ""1"", ""bframes"": ""2"", ""crf"": ""20.0"", ""ctu"": ""64"", ""keyint"": ""448"", ""limit-refs"": ""3"", ""limit-tu"": ""2"", ""me"": ""star"", ""merange"": ""60"", ""open-gop"": ""0"", ""psy-rd"": ""3.0"", ""psy-rdoq"": ""1.0"", ""qcomp"": ""0.8"", ""qpmax"": ""44"", ""qpmin"": ""4"", ""rc-lookahead"": ""30"", ""rd"": ""2"", ""rdoq-level"": ""1"", ""rect"": ""1"", ""ref"": ""6"", ""rskip"": ""0"", ""sao"": ""1"", ""scenecut"": ""81"", ""subme"": ""5"", ""tu-inter-depth"": ""2"", ""tu-intra-depth"": ""1"", ""weightb"": ""1"", ""weightp"": ""1"", ""wpp"": ""1""}"
x265,bestconfig,7303,single,12,19.76,15.44,19.76,15.762462615966797,"['Standard', '320p', 30, '10s']",0.0,15.762377738952637,0.0,"{""amp"": ""0"", ""aq-mode"": ""3"", ""aq-strength"": ""0.5"", ""b-adapt"": ""1"", ""bframes"": ""2"", ""crf"": ""28.0"", ""ctu"": ""16"", ""keyint"": ""443"", ""limit-refs"": ""3"", ""limit-tu"": ""3"", ""me"": ""full"", ""merange"": ""57"", ""open-gop"": ""0"", ""psy-rd"": ""0.5"", ""psy-rdoq"": ""2.5"", ""qcomp"": ""0.9"", ""qpmax"": ""43"", ""qpmin"": ""3"", ""rc-lookahead"": ""22"", ""rd"": ""4"", ""rdoq-level"": ""1"", ""rect"": ""0"", ""ref"": ""5"", ""rskip"": ""1"", ""sao"": ""0"", ""scenecut"": ""84"", ""subme"": ""4"", ""tu-inter-depth"": ""3"", ""tu-intra-depth"": ""2"", ""weightb"": ""0"", ""weightp"": ""1"", ""wpp"": ""0""}"
x265,bestconfig,7303,single,13,19.6,15.57,19.6,15.898752689361572,"['Standard', '320p', 30, '10s']",0.0,15.898665189743042,0.0,"{""amp"": ""1"", ""aq-mode"": ""2"", ""aq-strength"": ""2.0"", ""b-adapt"": ""1"", ""bframes"": ""2"", ""crf"": ""18.0"", ""ctu"": ""64"", ""keyint"": ""456"", ""limit-refs"": ""2"", ""limit-tu"": ""4"", ""me"": ""hex"", ""merange"": ""51"", ""open-gop"": ""1"", ""psy-rd"": ""0.0"", ""psy-rdoq"": ""3.0"", ""qcomp"": ""0.5"", ""qpmax"": ""48"", ""qpmin"": ""2"", ""rc-lookahead"": ""27"", ""rd"": ""3"", ""rdoq-level"": ""1"", ""rect"": ""1"", ""ref"": ""6"", ""rskip"": ""1"", ""sao"": ""1"", ""scenecut"": ""82"", ""subme"": ""5"", ""tu-inter-depth"": ""2"", ""tu-intra-depth"": ""2"", ""weightb"": ""1"", ""weightp"": ""1"", ""wpp"": ""0""}"
x265,bestconfig,7303,single,14,42.42,7.22,42.42,7.556826591491699,"['Standard', '320p', 30, '10s']",0.0,7.556730031967163,0.0,"{""amp"": ""1"", ""aq-mode"": ""3"", ""aq-strength"": ""1.8"", ""b-adapt"": ""2"", ""bframes"": ""3"", ""crf"": ""22.0"", ""ctu"": ""32"", ""keyint"": ""440"", ""limit-refs"": ""2"", ""limit-tu"": ""2"", ""me"": ""hex"", ""merange"": ""47"", ""open-gop"": ""1"", ""psy-rd"": ""1.0"", ""psy-rdoq"": ""0.5"", ""qcomp"": ""0.5"", ""qpmax"": ""46"", ""qpmin"": ""1"", ""rc-lookahead"": ""28"", ""rd"": ""4"", ""rdoq-level"": ""0"", ""rect"": ""0"", ""ref"": ""6"", ""rskip"": ""0"", ""sao"": ""0"", ""scenecut"": ""88"", ""subme"": ""4"", ""tu-inter-depth"": ""3"", ""tu-intra-depth"": ""1"", ""weightb"": ""0"", ""weightp"": ""0"", ""wpp"": ""1""}"
x265,bestconfig,7303,single,15,63.61,4.83,63.61,5.161914587020874,"['Standard', '320p', 30, '10s']",0.0,5.161829233169556,0.0,"{""amp"": ""0"", ""aq-mode"": ""3"", ""aq-strength"": ""1.2"", ""b-adapt"": ""1"", ""bframes"": ""3"", ""crf"": ""25.0"", ""ctu"": ""32"", ""keyint"": ""452"", ""limit-refs"": ""3"", ""limit-tu"": ""4"", ""me"": ""dia"", ""merange"": ""53"", ""open-gop"": ""0"", ""psy-rd"": ""1.5"", ""psy-rdoq"": ""4.0"", ""qcomp"": ""0.6"", ""qpmax"": ""50"", ""qpmin"": ""1"", ""rc-lookahead"": ""26"", ""rd"": ""3"", ""rdoq-level"": ""0"", ""rect"": ""0"", ""ref"": ""5"", ""rskip"": ""0"", ""sao"": ""0"", ""scenecut"": ""85"", ""subme"": ""3"", ""tu-inter-depth"": ""1"", ""tu-intra-depth"": ""2"", ""weightb"": ""1"", ""weightp"": ""0"", ""wpp"": ""1""}"
x265,bestconfig,7303,single,16,82.43,3.74,82.43,4.072341442108154,"['Standard', '320p', 30, '10s']",0.0,4.0722596645355225,0.0,"{""amp"": ""0"", ""aq-mode"": ""4"", ""aq-strength"": ""0.8"", ""b-adapt"": ""2"", ""bframes"": ""1"", ""crf"": ""32.0"", ""ctu"": ""16"", ""keyint"": ""460"", ""limit-refs"": ""2"", ""limit-tu"": ""3"", ""me"": ""dia"", ""merange"": ""45"", ""open-gop"": ""0"", ""psy-rd"": ""3.5"", ""psy-rdoq"": ""4.5"", ""qcomp"": ""0.7"", ""qpmax"": ""45"", ""qpmin"": ""2"", ""rc-lookahead"": ""28"", ""rd"": ""3"", ""rdoq-level"": ""0"", ""rect"": ""0"", ""ref"": ""5"", ""rskip"": ""1"", ""sao"": ""0"", ""scenecut"": ""80"", ""subme"": ""4"", ""tu-inter-depth"": ""2"", ""tu-intra-depth"": ""2"", ""weightb"": ""0"", ""weightp"": ""1"", ""wpp"": ""1""}"
x265,bestconfig,7303,single,17,59.57,5.15,59.57,5.481442928314209,"['Standard', '320p', 30, '10s']",0.0,5.48136043548584,0.0,"{""amp"": ""0"", ""aq-mode"": ""3"", ""aq-strength"": ""1.0"", ""b-adapt"": ""1"", ""bframes"": ""2"", ""crf"": ""30.0"", ""ctu"": ""32"", ""keyint"": ""446"", ""limit-refs"": ""3"", ""limit-tu"": ""3"", ""me"": ""star"", ""merange"": ""48"", ""open-gop"": ""1"", ""psy-rd"": ""2.5"", ""psy-rdoq"": ""3.0"", ""qcomp"": ""0.6"", ""qpmax"": ""42"", ""qpmin"": ""4"", ""rc-lookahead"": ""25"", ""rd"": ""3"", ""rdoq-level"": ""1"", ""rect"": ""1"", ""ref"": ""5"", ""rskip"": ""0"", ""sao"": ""1"", ""scenecut"": ""84"", ""subme"": ""3"", ""tu-inter-depth"": ""2"", ""tu-intra-depth"": ""2"", ""weightb"": ""1"", ""weightp"": ""0"", ""wpp"": ""1""}"
x265,bestconfig,7303,single,18,59.12,5.19,59.12,5.520246982574463,"['Standard', '320p', 30, '10s']",0.0,5.5201640129089355,0.0,"{""amp"": ""0"", ""aq-mode"": ""4"", ""aq-strength"": ""2.0"", ""b-adapt"": ""2"", ""bframes"": ""3"", ""crf"": ""22.0"", ""ctu"": ""16"", ""keyint"": ""444"", ""limit-refs"": ""2"", ""limit-tu"": ""4"", ""me"": ""dia"", ""merange"": ""47"", ""open-gop"": ""0"", ""psy-rd"": ""0.5"", ""psy-rdoq"": ""1.0"", ""qcomp"": ""1.0"", ""qpmax"": ""44"", ""qpmin"": ""2"", ""rc-lookahead"": ""24"", ""rd"": ""4"", ""rdoq-level"": ""0"", ""rect"": ""0"", ""ref"": ""5"", ""rskip"": ""1"", ""sao"": ""1"", ""scenecut"": ""79"", ""subme"": ""3"", ""tu-inter-depth"": ""2"", ""tu-intra-depth"": ""1"", ""weightb"": ""0"", ""weightp"": ""1"", ""wpp"": ""1""}"
x265,bestconfig,7303,single,19,70.95,4.34,70.95,4.671558380126953,"['Standard', '320p', 30, '10s']",0.0,4.671473503112793,0.0,"{""amp"": ""1"", ""aq-mode"": ""4"", ""aq-strength"": ""0.8"", ""b-adapt"": ""1"", ""bframes"": ""2"", ""crf"": ""32.0"", ""ctu"": ""64"", ""keyint"": ""449"", ""limit-refs"": ""1"", ""limit-tu"": ""4"", ""me"": ""hex"", ""merange"": ""44"", ""open-gop"": ""1"", ""psy-rd"": ""1.0"", ""psy-rdoq"": ""4.5"", ""qcomp"": ""0.7"", ""qpmax"": ""45"", ""qpmin"": ""3"", ""rc-lookahead"": ""29"", ""rd"": ""4"", ""rdoq-level"": ""0"", ""rect"": ""0"", ""ref"": ""6"", ""rskip"": ""0"", ""sao"": ""0"", ""scenecut"": ""86"", ""subme"": ""4"", ""tu-inter-depth"": ""2"", ""tu-intra-depth"": ""3"", ""weightb"": ""1"", ""weightp"": ""1"", ""wpp"": ""0""}"
x265,bestconfig,7303,single,20,85.77,3.64,85.77,4.195258140563965,"['Standard', '320p', 30, '10s']",0.0,4.1951658725738525,0.0,"{""amp"": ""0"", ""aq-mode"": ""3"", ""aq-strength"": ""1.5"", ""b-adapt"": ""1"", ""bframes"": ""2"", ""crf"": ""28.0"", ""ctu"": ""32"", ""keyint"": ""459"", ""limit-refs"": ""2"", ""limit-tu"": ""3"", ""me"": ""dia"", ""merange"": ""51"", ""open-gop"": ""0"", ""psy-rd"": ""3.0"", ""psy-rdoq"": ""0.0"", ""qcomp"": ""0.8"", ""qpmax"": ""41"", ""qpmin"": ""0"", ""rc-lookahead"": ""23"", ""rd"": ""3"", ""rdoq-level"": ""1"", ""rect"": ""0"", ""ref"": ""4"", ""rskip"": ""1"", ""sao"": ""0"", ""scenecut"": ""85"", ""subme"": ""5"", ""tu-inter-depth"": ""1"", ""tu-intra-depth"": ""2"", ""weightb"": ""0"", ""weightp"": ""1"", ""wpp"": ""0""}"
x265,bestconfig,7303,single,21,36.09,8.48,36.09,8.80915355682373,"['Standard', '320p', 30, '10s']",0.0,8.809069871902466,0.0,"{""amp"": ""0"", ""aq-mode"": ""4"", ""aq-strength"": ""1.2"", ""b-adapt"": ""2"", ""bframes"": ""1"", ""crf"": ""18.0"", ""ctu"": ""16"", ""keyint"": ""454"", ""limit-refs"": ""2"", ""limit-tu"": ""3"", ""me"": ""umh"", ""merange"": ""46"", ""open-gop"": ""1"", ""psy-rd"": ""1.5"", ""psy-rdoq"": ""2.5"", ""qcomp"": ""0.9"", ""qpmax"": ""43"", ""qpmin"": ""3"", ""rc-lookahead"": ""26"", ""rd"": ""3"", ""rdoq-level"": ""0"", ""rect"": ""0"", ""ref"": ""5"", ""rskip"": ""0"", ""sao"": ""1"", ""scenecut"": ""80"", ""subme"": ""4"", ""tu-inter-depth"": ""1"", ""tu-intra-depth"": ""1"", ""weightb"": ""0"", ""weightp"": ""0"", ""wpp"": ""1""}"
x265,bestconfig,7303,single,22,33.53,9.13,33.53,9.458165645599365,"['Standard', '320p', 30, '10s']",0.0,9.458081483840942,0.0,"{""amp"": ""1"", ""aq-mode"": ""3"", ""aq-strength"": ""1.8"", ""b-adapt"": ""2"", ""bframes"": ""3"", ""crf"": ""18.0"", ""ctu"": ""16"", ""keyint"": ""463"", ""limit-refs"": ""3"", ""limit-tu"": ""2"", ""me"": ""hex"", ""merange"": ""42"", ""open-gop"": ""0"", ""psy-rd"": ""3.5"", ""psy-rdoq"": ""0.5"", ""qcomp"": ""0.5"", ""qpmax"": ""43"", ""qpmin"": ""1"", ""rc-lookahead"": ""30"", ""rd"": ""2"", ""rdoq-level"": ""1"", ""rect"": ""1"", ""ref"": ""6"", ""rskip"": ""1"", ""sao"": ""0"", ""scenecut"": ""81"", ""subme"": ""4"", ""tu-inter-depth"": ""3"", ""tu-intra-depth"": ""3"", ""weightb"": ""1"", ""weightp"": ""1"", ""wpp"": ""0""}"
x265,bestconfig,7303,single,23,3.53,86.31,3.53,86.85199570655823,"['Standard', '320p', 30, '10s']",0.0,86.85189819335938,0.0,"{""amp"": ""1"", ""aq-mode"": ""3"", ""aq-strength"": ""0.5"", ""b-adapt"": ""2"", ""bframes"": ""1"", ""crf"": ""20.0"", ""ctu"": ""32"", ""keyint"": ""441"", ""limit-refs"": ""2"", ""limit-tu"": ""2"", ""me"": ""full"", ""merange"": ""44"", ""open-gop"": ""0"", ""psy-rd"": ""2.0"", ""psy-rdoq"": ""2.0"", ""qcomp"": ""0.75"", ""qpmax"": ""46"", ""qpmin"": ""1"", ""rc-lookahead"": ""27"", ""rd"": ""2"", ""rdoq-level"": ""1"", ""rect"": ""1"", ""ref"": ""4"", ""rskip"": ""0"", ""sao"": ""0"", ""scenecut"": ""87"", ""subme"": ""5"", ""tu-inter-depth"": ""2"", ""tu-intra-depth"": ""2"", ""weightb"": ""0"", ""weightp"": ""0"", ""wpp"": ""1""}"
x265,bestconfig,7303,single,24,30.56,10.0,30.56,10.329508781433105,"['Standard', '320p', 30, '10s']",0.0,10.329421281814575,0.0,"{""amp"": ""1"", ""aq-mode"": ""4"", ""aq-strength"": ""0.0"", ""b-adapt"": ""1"", ""bframes"": ""2"", ""crf"": ""25.0"", ""ctu"": ""64"", ""keyint"": ""453"", ""limit-refs"": ""1"", ""limit-tu"": ""3"", ""me"": ""star"", ""merange"": ""51"", ""open-gop"": ""1"", ""psy-rd"": ""0.0"", ""psy-rdoq"": ""4.0"", ""qcomp"": ""0.5"", ""qpmax"": ""45"", ""qpmin"": ""2"", ""rc-lookahead"": ""28"", ""rd"": ""3"", ""rdoq-level"": ""0"", ""rect"": ""1"", ""ref"": ""5"", ""rskip"": ""1"", ""sao"": ""1"", ""scenecut"": ""83"", ""subme"": ""4"", ""tu-inter-depth"": ""3"", ""tu-intra-depth"": ""2"", ""weightb"": ""1"", ""weightp"": ""0"", ""wpp"": ""0""}"
x265,bestconfig,7303,single,25,61.87,4.97,61.87,5.297532796859741,"['Standard', '320p', 30, '10s']",0.0,5.297452449798584,0.0,"{""amp"": ""1"", ""aq-mode"": ""4"", ""aq-strength"": ""1.0"", ""b-adapt"": ""2"", ""bframes"": ""2"", ""crf"": ""32.0"", ""ctu"": ""64"", ""keyint"": ""458"", ""limit-refs"": ""2"", ""limit-tu"": ""4"", ""me"": ""hex"", ""merange"": ""45"", ""open-gop"": ""0"", ""psy-rd"": ""3.0"", ""psy-rdoq"": ""1.0"", ""qcomp"": ""0.5"", ""qpmax"": ""44"", ""qpmin"": ""3"", ""rc-lookahead"": ""23"", ""rd"": ""3"", ""rdoq-level"": ""1"", ""rect"": ""0"", ""ref"": ""3"", ""rskip"": ""0"", ""sao"": ""1"", ""scenecut"": ""85"", ""subme"": ""4"", ""tu-inter-depth"": ""1"", ""tu-intra-depth"": ""1"", ""weightb"": ""1"", ""weightp"": ""1"", ""wpp"": ""1""}"
x265,bestconfig,7303,single,26,72.27,4.26,72.27,4.585986375808716,"['Standard', '320p', 30, '10s']",0.0,4.58590030670166,0.0,"{""amp"": ""0"", ""aq-mode"": ""3"", ""aq-strength"": ""1.8"", ""b-adapt"": ""1"", ""bframes"": ""2"", ""crf"": ""25.0"", ""ctu"": ""16"", ""keyint"": ""452"", ""limit-refs"": ""3"", ""limit-tu"": ""3"", ""me"": ""dia"", ""merange"": ""49"", ""open-gop"": ""0"", ""psy-rd"": ""2.5"", ""psy-rdoq"": ""0.5"", ""qcomp"": ""0.7"", ""qpmax"": ""41"", ""qpmin"": ""0"", ""rc-lookahead"": ""26"", ""rd"": ""3"", ""rdoq-level"": ""0"", ""rect"": ""0"", ""ref"": ""4"", ""rskip"": ""1"", ""sao"": ""1"", ""scenecut"": ""87"", ""subme"": ""5"", ""tu-inter-depth"": ""1"", ""tu-intra-depth"": ""1"", ""weightb"": ""0"", ""weightp"": ""1"", ""wpp"": ""0""}"
x265,bestconfig,7303,single,27,43.71,7.01,43.71,7.326234340667725,"['Standard', '320p', 30, '10s']",0.0,7.326150894165039,0.0,"{""amp"": ""1"", ""aq-mode"": ""3"", ""aq-strength"": ""0.8"", ""b-adapt"": ""1"", ""bframes"": ""1"", ""crf"": ""30.0"", ""ctu"": ""32"", ""keyint"": ""447"", ""limit-refs"": ""2"", ""limit-tu"": ""2"", ""me"": ""hex"", ""merange"": ""50"", ""open-gop"": ""1"", ""psy-rd"": ""1.0"", ""psy-rdoq"": ""4.0"", ""qcomp"": ""0.6"", ""qpmax"": ""43"", ""qpmin"": ""2"", ""rc-lookahead"": ""29"", ""rd"": ""4"", ""rdoq-level"": ""2"", ""rect"": ""1"", ""ref"": ""4"", ""rskip"": ""0"", ""sao"": ""1"", ""scenecut"": ""83"", ""subme"": ""5"", ""tu-inter-depth"": ""2"", ""tu-intra-depth"": ""2"", ""weightb"": ""1"", ""weightp"": ""1"", ""wpp"": ""0""}"
x265,bestconfig,7303,single,28,34.97,8.75,34.97,9.07354474067688,"['Standard', '320p', 30, '10s']",0.0,9.073460102081299,0.0,"{""amp"": ""0"", ""aq-mode"": ""2"", ""aq-strength"": ""0.5"", ""b-adapt"": ""0"", ""bframes"": ""2"", ""crf"": ""22.0"", ""ctu"": ""16"", ""keyint"": ""460"", ""limit-refs"": ""3"", ""limit-tu"": ""3"", ""me"": ""dia"", ""merange"": ""41"", ""open-gop"": ""0"", ""psy-rd"": ""0.5"", ""psy-rdoq"": ""4.5"", ""qcomp"": ""1.0"", ""qpmax"": ""36"", ""qpmin"": ""3"", ""rc-lookahead"": ""28"", ""rd"": ""3"", ""rdoq-level"": ""0"", ""rect"": ""1"", ""ref"": ""5"", ""rskip"": ""0"", ""sao"": ""0"", ""scenecut"": ""81"", ""subme"": ""5"", ""tu-inter-depth"": ""2"", ""tu-intra-depth"": ""2"", ""weightb"": ""0"", ""weightp"": ""0"", ""wpp"": ""1""}"
x265,bestconfig,7303,single,29,15.16,20.1,15.16,20.436410665512085,"['Standard', '320p', 30, '10s']",0.0,20.43632483482361,0.0,"{""amp"": ""1"", ""aq-mode"": ""2"", ""aq-strength"": ""2.0"", ""b-adapt"": ""0"", ""bframes"": ""3"", ""crf"": ""28.0"", ""ctu"": ""32"", ""keyint"": ""441"", ""limit-refs"": ""2"", ""limit-tu"": ""4"", ""me"": ""full"", ""merange"": ""47"", ""open-gop"": ""1"", ""psy-rd"": ""3.5"", ""psy-rdoq"": ""2.5"", ""qcomp"": ""0.8"", ""qpmax"": ""42"", ""qpmin"": ""4"", ""rc-lookahead"": ""29"", ""rd"": ""3"", ""rdoq-level"": ""1"", ""rect"": ""0"", ""ref"": ""5"", ""rskip"": ""0"", ""sao"": ""1"", ""scenecut"": ""78"", ""subme"": ""4"", ""tu-inter-depth"": ""2"", ""tu-intra-depth"": ""3"", ""weightb"": ""1"", ""weightp"": ""1"", ""wpp"": ""1""}"
x265,bestconfig,7303,single,30,39.76,7.7,39.76,8.042080879211426,"['Standard', '320p', 30, '10s']",0.0,8.041997909545898,0.0,"{""amp"": ""0"", ""aq-mode"": ""3"", ""aq-strength"": ""1.5"", ""b-adapt"": ""1"", ""bframes"": ""2"", ""crf"": ""18.0"", ""ctu"": ""16"", ""keyint"": ""444"", ""limit-refs"": ""2"", ""limit-tu"": ""2"", ""me"": ""star"", ""merange"": ""44"", ""open-gop"": ""1"", ""psy-rd"": ""1.5"", ""psy-rdoq"": ""3.0"", ""qcomp"": ""0.5"", ""qpmax"": ""37"", ""qpmin"": ""2"", ""rc-lookahead"": ""24"", ""rd"": ""2"", ""rdoq-level"": ""2"", ""rect"": ""1"", ""ref"": ""3"", ""rskip"": ""1"", ""sao"": ""0"", ""scenecut"": ""84"", ""subme"": ""4"", ""tu-inter-depth"": ""1"", ""tu-intra-depth"": ""2"", ""weightb"": ""0"", ""weightp"": ""0"", ""wpp"": ""0""}"
x265,bestconfig,7303,single,31,42.33,7.24,42.33,7.574311017990112,"['Standard', '320p', 30, '10s']",0.0,7.574227333068848,0.0,"{""amp"": ""1"", ""aq-mode"": ""4"", ""aq-strength"": ""1.2"", ""b-adapt"": ""1"", ""bframes"": ""3"", ""crf"": ""20.0"", ""ctu"": ""64"", ""keyint"": ""456"", ""limit-refs"": ""1"", ""limit-tu"": ""3"", ""me"": ""star"", ""merange"": ""51"", ""open-gop"": ""0"", ""psy-rd"": ""2.0"", ""psy-rdoq"": ""2.0"", ""qcomp"": ""0.75"", ""qpmax"": ""39"", ""qpmin"": ""1"", ""rc-lookahead"": ""26"", ""rd"": ""4"", ""rdoq-level"": ""1"", ""rect"": ""0"", ""ref"": ""4"", ""rskip"": ""1"", ""sao"": ""0"", ""scenecut"": ""79"", ""subme"": ""5"", ""tu-inter-depth"": ""1"", ""tu-intra-depth"": ""3"", ""weightb"": ""0"", ""weightp"": ""0"", ""wpp"": ""0""}"
x265,bestconfig,7303,single,32,23.52,12.98,23.52,13.378415822982788,"['Standard', '320p', 30, '10s']",0.0,13.378281593322754,0.0,"{""amp"": ""0"", ""aq-mode"": ""3"", ""aq-strength"": ""0.0"", ""b-adapt"": ""2"", ""bframes"": ""1"", ""crf"": ""18.0"", ""ctu"": ""32"", ""keyint"": ""451"", ""limit-refs"": ""1"", ""limit-tu"": ""3"", ""me"": ""umh"", ""merange"": ""45"", ""open-gop"": ""1"", ""psy-rd"": ""0.0"", ""psy-rdoq"": ""0.0"", ""qcomp"": ""0.9"", ""qpmax"": ""46"", ""qpmin"": ""1"", ""rc-lookahead"": ""22"", ""rd"": ""2"", ""rdoq-level"": ""1"", ""rect"": ""1"", ""ref"": ""4"", ""rskip"": ""1"", ""sao"": ""0"", ""scenecut"": ""86"", ""subme"": ""4"", ""tu-inter-depth"": ""2"", ""tu-intra-depth"": ""2"", ""weightb"": ""1"", ""weightp"": ""0"", ""wpp"": ""1""}"
x265,bestconfig,7303,single,33,27.6,11.07,27.6,11.403791904449463,"['Standard', '320p', 30, '10s']",0.0,11.403698921203613,0.0,"{""amp"": ""0"", ""aq-mode"": ""3"", ""aq-strength"": ""1.5"", ""b-adapt"": ""1"", ""bframes"": ""1"", ""crf"": ""20.0"", ""ctu"": ""16"", ""keyint"": ""441"", ""limit-refs"": ""3"", ""limit-tu"": ""3"", ""me"": ""dia"", ""merange"": ""45"", ""open-gop"": ""1"", ""psy-rd"": ""0.5"", ""psy-rdoq"": ""2.5"", ""qcomp"": ""1.0"", ""qpmax"": ""38"", ""qpmin"": ""0"", ""rc-lookahead"": ""29"", ""rd"": ""3"", ""rdoq-level"": ""1"", ""rect"": ""1"", ""ref"": ""3"", ""rskip"": ""1"", ""sao"": ""1"", ""scenecut"": ""86"", ""subme"": ""5"", ""tu-inter-depth"": ""2"", ""tu-intra-depth"": ""3"", ""weightb"": ""1"", ""weightp"": ""1"", ""wpp"": ""0""}"
x265,bestconfig,7303,single,34,23.36,13.07,23.36,13.41364860534668,"['Standard', '320p', 30, '10s']",0.0,13.413559675216675,0.0,"{""amp"": ""0"", ""aq-mode"": ""3"", ""aq-strength"": ""1.8"", ""b-adapt"": ""1"", ""bframes"": ""3"", ""crf"": ""18.0"", ""ctu"": ""32"", ""keyint"": ""449"", ""limit-refs"": ""2"", ""limit-tu"": ""2"", ""me"": ""hex"", ""merange"": ""48"", ""open-gop"": ""1"", ""psy-rd"": ""1.0"", ""psy-rdoq"": ""4.0"", ""qcomp"": ""0.8"", ""qpmax"": ""42"", ""qpmin"": ""2"", ""rc-lookahead"": ""24"", ""rd"": ""3"", ""rdoq-level"": ""1"", ""rect"": ""0"", ""ref"": ""4"", ""rskip"": ""0"", ""sao"": ""0"", ""scenecut"": ""79"", ""subme"": ""4"", ""tu-inter-depth"": ""2"", ""tu-intra-depth"": ""2"", ""weightb"": ""1"", ""weightp"": ""1"", ""wpp"": ""1""}"
x265,bestconfig,7303,single,35,75.64,4.07,75.64,4.399484872817993,"['Standard', '320p', 30, '10s']",0.0,4.399401426315308,0.0,"{""amp"": ""1"", ""aq-mode"": ""4"", ""aq-strength"": ""1.0"", ""b-adapt"": ""0"", ""bframes"": ""2"", ""crf"": ""30.0"", ""ctu"": ""16"", ""keyint"": ""445"", ""limit-refs"": ""1"", ""limit-tu"": ""3"", ""me"": ""dia"", ""merange"": ""50"", ""open-gop"": ""0"", ""psy-rd"": ""0.0"", ""psy-rdoq"": ""1.0"", ""qcomp"": ""0.9"", ""qpmax"": ""39"", ""qpmin"": ""2"", ""rc-lookahead"": ""26"", ""rd"": ""4"", ""rdoq-level"": ""0"", ""rect"": ""1"", ""ref"": ""4"", ""rskip"": ""1"", ""sao"": ""0"", ""scenecut"": ""84"", ""subme"": ""4"", ""tu-inter-depth"": ""1"", ""tu-intra-depth"": ""1"", ""weightb"": ""1"", ""weightp"": ""1"", ""wpp"": ""1""}"
x265,bestconfig,7303,single,36,25.29,12.08,25.29,12.413156509399414,"['Standard', '320p', 30, '10s']",0.0,12.413073778152466,0.0,"{""amp"": ""1"", ""aq-mode"": ""2"", ""aq-strength"": ""0.0"", ""b-adapt"": ""2"", ""bframes"": ""2"", ""crf"": ""22.0"", ""ctu"": ""64"", ""keyint"": ""461"", ""limit-refs"": ""1"", ""limit-tu"": ""2"", ""me"": ""star"", ""merange"": ""51"", ""open-gop"": ""0"", ""psy-rd"": ""3.0"", ""psy-rdoq"": ""3.0"", ""qcomp"": ""0.5"", ""qpmax"": ""40"", ""qpmin"": ""1"", ""rc-lookahead"": ""27"", ""rd"": ""2"", ""rdoq-level"": ""1"", ""rect"": ""1"", ""ref"": ""4"", ""rskip"": ""1"", ""sao"": ""1"", ""scenecut"": ""82"", ""subme"": ""5"", ""tu-inter-depth"": ""2"", ""tu-intra-depth"": ""2"", ""weightb"": ""0"", ""weightp"": ""1"", ""wpp"": ""0""}"
x265,bestconfig,7303,single,37,13.74,22.18,13.74,22.50006651878357,"['Standard', '320p', 30, '10s']",0.0,22.499980926513672,0.0,"{""amp"": ""0"", ""aq-mode"": ""3"", ""aq-strength"": ""0.8"", ""b-adapt"": ""0"", ""bframes"": ""2"", ""crf"": ""25.0"", ""ctu"": ""64"", ""keyint"": ""457"", ""limit-refs"": ""2"", ""limit-tu"": ""3"", ""me"": ""full"", ""merange"": ""46"", ""open-gop"": ""0"", ""psy-rd"": ""3.5"", ""psy-rdoq"": ""2.0"", ""qcomp"": ""0.6"", ""qpmax"": ""43"", ""qpmin"": ""3"", ""rc-lookahead"": ""29"", ""rd"": ""3"", ""rdoq-level"": ""0"", ""rect"": ""0"", ""ref"": ""3"", ""rskip"": ""0"", ""sao"": ""0"", ""scenecut"": ""81"", ""subme"": ""5"", ""tu-inter-depth"": ""2"", ""tu-intra-depth"": ""1"", ""weightb"": ""1"", ""weightp"": ""0"", ""wpp"": ""1""}"
x265,bestconfig,7303,single,38,120.35,2.58,120.35,2.913248062133789,"['Standard', '320p', 30, '10s']",0.0,2.913147449493408,0.0,"{""amp"": ""1"", ""aq-mode"": ""3"", ""aq-strength"": ""0.5"", ""b-adapt"": ""1"", ""bframes"": ""3"", ""crf"": ""32.0"", ""ctu"": ""32"", ""keyint"": ""448"", ""limit-refs"": ""3"", ""limit-tu"": ""4"", ""me"": ""hex"", ""merange"": ""41"", ""open-gop"": ""1"", ""psy-rd"": ""1.5"", ""psy-rdoq"": ""4.5"", ""qcomp"": ""0.75"", ""qpmax"": ""44"", ""qpmin"": ""4"", ""rc-lookahead"": ""27"", ""rd"": ""4"", ""rdoq-level"": ""2"", ""rect"": ""0"", ""ref"": ""4"", ""rskip"": ""1"", ""sao"": ""0"", ""scenecut"": ""85"", ""subme"": ""4"", ""tu-inter-depth"": ""1"", ""tu-intra-depth"": ""2"", ""weightb"": ""0"", ""weightp"": ""0"", ""wpp"": ""0""}"
x265,bestconfig,7303,single,39,45.38,6.75,45.38,7.096582889556885,"['Standard', '320p', 30, '10s']",0.0,7.096485376358032,0.0,"{""amp"": ""1"", ""aq-mode"": ""2"", ""aq-strength"": ""2.0"", ""b-adapt"": ""2"", ""bframes"": ""2"", ""crf"": ""18.0"", ""ctu"": ""16"", ""keyint"": ""452"", ""limit-refs"": ""2"", ""limit-tu"": ""3"", ""me"": ""star"", ""merange"": ""43"", ""open-gop"": ""0"", ""psy-rd"": ""2.5"", ""psy-rdoq"": ""0.0"", ""qcomp"": ""0.5"", ""qpmax"": ""37"", ""qpmin"": ""1"", ""rc-lookahead"": ""24"", ""rd"": ""2"", ""rdoq-level"": ""1"", ""rect"": ""0"", ""ref"": ""5"", ""rskip"": ""0"", ""sao"": ""1"", ""scenecut"": ""79"", ""subme"": ""5"", ""tu-inter-depth"": ""1"", ""tu-intra-depth"": ""2"", ""weightb"": ""0"", ""weightp"": ""0"", ""wpp"": ""1""}"
x265,bestconfig,7303,single,40,45.25,6.77,45.25,7.091716766357422,"['Standard', '320p', 30, '10s']",0.0,7.091630935668945,0.0,"{""amp"": ""0"", ""aq-mode"": ""4"", ""aq-strength"": ""1.2"", ""b-adapt"": ""1"", ""bframes"": ""1"", ""crf"": ""28.0"", ""ctu"": ""32"", ""keyint"": ""458"", ""limit-refs"": ""2"", ""limit-tu"": ""4"", ""me"": ""umh"", ""merange"": ""48"", ""open-gop"": ""1"", ""psy-rd"": ""2.0"", ""psy-rdoq"": ""0.5"", ""qcomp"": ""0.7"", ""qpmax"": ""46"", ""qpmin"": ""3"", ""rc-lookahead"": ""23"", ""rd"": ""3"", ""rdoq-level"": ""2"", ""rect"": ""1"", ""ref"": ""5"", ""rskip"": ""0"", ""sao"": ""1"", ""scenecut"": ""87"", ""subme"": ""4"", ""tu-inter-depth"": ""1"", ""tu-intra-depth"": ""3"", ""weightb"": ""0"", ""weightp"": ""0"", ""wpp"": ""0""}"
x265,bestconfig,7303,single,41,42.45,7.22,42.45,7.543694734573364,"['Standard', '320p', 30, '10s']",0.0,7.5436110496521,0.0,"{""amp"": ""0"", ""aq-mode"": ""3"", ""aq-strength"": ""2.0"", ""b-adapt"": ""1"", ""bframes"": ""2"", ""crf"": ""25.0"", ""ctu"": ""16"", ""keyint"": ""458"", ""limit-refs"": ""2"", ""limit-tu"": ""3"", ""me"": ""hex"", ""merange"": ""45"", ""open-gop"": ""0"", ""psy-rd"": ""1.5"", ""psy-rdoq"": ""0.5"", ""qcomp"": ""0.8"", ""qpmax"": ""45"", ""qpmin"": ""6"", ""rc-lookahead"": ""25"", ""rd"": ""3"", ""rdoq-level"": ""2"", ""rect"": ""1"", ""ref"": ""4"", ""rskip"": ""1"", ""sao"": ""1"", ""scenecut"": ""87"", ""subme"": ""5"", ""tu-inter-depth"": ""1"", ""tu-intra-depth"": ""2"", ""weightb"": ""1"", ""weightp"": ""1"", ""wpp"": ""0""}"
x265,bestconfig,7303,single,42,21.84,13.98,21.84,14.308921098709106,"['Standard', '320p', 30, '10s']",0.0,14.308836936950684,0.0,"{""amp"": ""0"", ""aq-mode"": ""3"", ""aq-strength"": ""0.0"", ""b-adapt"": ""0"", ""bframes"": ""1"", ""crf"": ""32.0"", ""ctu"": ""64"", ""keyint"": ""444"", ""limit-refs"": ""3"", ""limit-tu"": ""4"", ""me"": ""full"", ""merange"": ""37"", ""open-gop"": ""1"", ""psy-rd"": ""3.0"", ""psy-rdoq"": ""1.0"", ""qcomp"": ""0.75"", ""qpmax"": ""46"", ""qpmin"": ""1"", ""rc-lookahead"": ""24"", ""rd"": ""4"", ""rdoq-level"": ""1"", ""rect"": ""1"", ""ref"": ""3"", ""rskip"": ""0"", ""sao"": ""0"", ""scenecut"": ""80"", ""subme"": ""4"", ""tu-inter-depth"": ""2"", ""tu-intra-depth"": ""1"", ""weightb"": ""1"", ""weightp"": ""0"", ""wpp"": ""0""}"
x265,bestconfig,7303,single,43,45.34,6.76,45.34,7.088528871536255,"['Standard', '320p', 30, '10s']",0.0,7.0884482860565186,0.0,"{""amp"": ""1"", ""aq-mode"": ""4"", ""aq-strength"": ""1.5"", ""b-adapt"": ""1"", ""bframes"": ""4"", ""crf"": ""22.0"", ""ctu"": ""32"", ""keyint"": ""445"", ""limit-refs"": ""3"", ""limit-tu"": ""3"", ""me"": ""dia"", ""merange"": ""48"", ""open-gop"": ""0"", ""psy-rd"": ""2.0"", ""psy-rdoq"": ""3.0"", ""qcomp"": ""0.6"", ""qpmax"": ""42"", ""qpmin"": ""5"", ""rc-lookahead"": ""26"", ""rd"": ""4"", ""rdoq-level"": ""2"", ""rect"": ""0"", ""ref"": ""4"", ""rskip"": ""0"", ""sao"": ""0"", ""scenecut"": ""79"", ""subme"": ""3"", ""tu-inter-depth"": ""1"", ""tu-intra-depth"": ""2"", ""weightb"": ""0"", ""weightp"": ""0"", ""wpp"": ""1""}"
x265,bestconfig,7303,single,44,103.56,3.01,103.56,3.335649251937866,"['Standard', '320p', 30, '10s']",0.0,3.3355655670166016,0.0,"{""amp"": ""1"", ""aq-mode"": ""3"", ""aq-strength"": ""1.8"", ""b-adapt"": ""2"", ""bframes"": ""3"", ""crf"": ""30.0"", ""ctu"": ""64"", ""keyint"": ""450"", ""limit-refs"": ""2"", ""limit-tu"": ""3"", ""me"": ""dia"", ""merange"": ""43"", ""open-gop"": ""1"", ""psy-rd"": ""1.0"", ""psy-rdoq"": ""0.0"", ""qcomp"": ""0.5"", ""qpmax"": ""45"", ""qpmin"": ""2"", ""rc-lookahead"": ""29"", ""rd"": ""3"", ""rdoq-level"": ""2"", ""rect"": ""0"", ""ref"": ""3"", ""rskip"": ""1"", ""sao"": ""0"", ""scenecut"": ""84"", ""subme"": ""3"", ""tu-inter-depth"": ""1"", ""tu-intra-depth"": ""2"", ""weightb"": ""0"", ""weightp"": ""1"", ""wpp"": ""1""}"
x265,bestconfig,7303,single,45,39.9,7.67,39.9,8.00370478630066,"['Standard', '320p', 30, '10s']",0.0,8.003621339797974,0.0,"{""amp"": ""0"", ""aq-mode"": ""4"", ""aq-strength"": ""0.8"", ""b-adapt"": ""1"", ""bframes"": ""3"", ""crf"": ""18.0"", ""ctu"": ""16"", ""keyint"": ""462"", ""limit-refs"": ""3"", ""limit-tu"": ""4"", ""me"": ""star"", ""merange"": ""49"", ""open-gop"": ""0"", ""psy-rd"": ""0.0"", ""psy-rdoq"": ""4.5"", ""qcomp"": ""0.5"", ""qpmax"": ""41"", ""qpmin"": ""4"", ""rc-lookahead"": ""28"", ""rd"": ""4"", ""rdoq-level"": ""1"", ""rect"": ""0"", ""ref"": ""5"", ""rskip"": ""1"", ""sao"": ""0"", ""scenecut"": ""81"", ""subme"": ""4"", ""tu-inter-depth"": ""1"", ""tu-intra-depth"": ""3"", ""weightb"": ""1"", ""weightp"": ""1"", ""wpp"": ""1""}"
x265,bestconfig,7303,single,46,4.92,61.93,4.92,62.27575612068176,"['Standard', '320p', 30, '10s']",0.0,62.27566123008728,0.0,"{""amp"": ""1"", ""aq-mode"": ""2"", ""aq-strength"": ""1.0"", ""b-adapt"": ""1"", ""bframes"": ""2"", ""crf"": ""18.0"", ""ctu"": ""32"", ""keyint"": ""451"", ""limit-refs"": ""3"", ""limit-tu"": ""4"", ""me"": ""umh"", ""merange"": ""42"", ""open-gop"": ""1"", ""psy-rd"": ""2.5"", ""psy-rdoq"": ""2.0"", ""qcomp"": ""1.0"", ""qpmax"": ""44"", ""qpmin"": ""1"", ""rc-lookahead"": ""30"", ""rd"": ""5"", ""rdoq-level"": ""2"", ""rect"": ""1"", ""ref"": ""4"", ""rskip"": ""0"", ""sao"": ""1"", ""scenecut"": ""82"", ""subme"": ""4"", ""tu-inter-depth"": ""2"", ""tu-intra-depth"": ""2"", ""weightb"": ""1"", ""weightp"": ""0"", ""wpp"": ""0""}"
x265,bestconfig,7303,single,47,41.83,7.32,41.83,7.652682065963745,"['Standard', '320p', 30, '10s']",0.0,7.6525938510894775,0.0,"{""amp"": ""0"", ""aq-mode"": ""2"", ""aq-strength"": ""1.2"", ""b-adapt"": ""2"", ""bframes"": ""4"", ""crf"": ""28.0"", ""ctu"": ""32"", ""keyint"": ""455"", ""limit-refs"": ""2"", ""limit-tu"": ""4"", ""me"": ""hex"", ""merange"": ""40"", ""open-gop"": ""0"", ""psy-rd"": ""3.5"", ""psy-rdoq"": ""4.0"", ""qcomp"": ""0.9"", ""qpmax"": ""42"", ""qpmin"": ""6"", ""rc-lookahead"": ""25"", ""rd"": ""4"", ""rdoq-level"": ""1"", ""rect"": ""1"", ""ref"": ""4"", ""rskip"": ""0"", ""sao"": ""1"", ""scenecut"": ""84"", ""subme"": ""4"", ""tu-inter-depth"": ""2"", ""tu-intra-depth"": ""3"", ""weightb"": ""0"", ""weightp"": ""0"", ""wpp"": ""0""}"
x265,bestconfig,7303,single,48,12.55,24.27,12.55,24.59808111190796,"['Standard', '320p', 30, '10s']",0.0,24.5979962348938,0.0,"{""amp"": ""1"", ""aq-mode"": ""3"", ""aq-strength"": ""0.5"", ""b-adapt"": ""0"", ""bframes"": ""5"", ""crf"": ""20.0"", ""ctu"": ""16"", ""keyint"": ""442"", ""limit-refs"": ""2"", ""limit-tu"": ""3"", ""me"": ""star"", ""merange"": ""51"", ""open-gop"": ""1"", ""psy-rd"": ""0.5"", ""psy-rdoq"": ""2.5"", ""qcomp"": ""0.7"", ""qpmax"": ""43"", ""qpmin"": ""3"", ""rc-lookahead"": ""27"", ""rd"": ""5"", ""rdoq-level"": ""1"", ""rect"": ""0"", ""ref"": ""5"", ""rskip"": ""1"", ""sao"": ""1"", ""scenecut"": ""86"", ""subme"": ""5"", ""tu-inter-depth"": ""2"", ""tu-intra-depth"": ""1"", ""weightb"": ""0"", ""weightp"": ""1"", ""wpp"": ""1""}"
x265,bestconfig,7303,single,49,5.86,51.91,5.86,52.26433324813843,"['Standard', '320p', 30, '10s']",0.0,52.2642297744751,0.0,"{""amp"": ""1"", ""aq-mode"": ""4"", ""aq-strength"": ""1.2"", ""b-adapt"": ""1"", ""bframes"": ""5"", ""crf"": ""18.0"", ""ctu"": ""32"", ""keyint"": ""162"", ""limit-refs"": ""1"", ""limit-tu"": ""1"", ""me"": ""hex"", ""merange"": ""60"", ""open-gop"": ""0"", ""psy-rd"": ""1.5"", ""psy-rdoq"": ""0.5"", ""qcomp"": ""0.6"", ""qpmax"": ""32"", ""qpmin"": ""3"", ""rc-lookahead"": ""37"", ""rd"": ""6"", ""rdoq-level"": ""2"", ""rect"": ""1"", ""ref"": ""4"", ""rskip"": ""1"", ""sao"": ""0"", ""scenecut"": ""55"", ""subme"": ""5"", ""tu-inter-depth"": ""4"", ""tu-intra-depth"": ""2"", ""weightb"": ""0"", ""weightp"": ""0"", ""wpp"": ""1""}"
x265,bestconfig,7303,single,50,43.44,7.05,43.44,7.397822141647339,"['Standard', '320p', 30, '10s']",0.0,7.397734880447388,0.0,"{""amp"": ""1"", ""aq-mode"": ""1"", ""aq-strength"": ""0.5"", ""b-adapt"": ""1"", ""bframes"": ""2"", ""crf"": ""22.0"", ""ctu"": ""32"", ""keyint"": ""361"", ""limit-refs"": ""1"", ""limit-tu"": ""3"", ""me"": ""star"", ""merange"": ""16"", ""open-gop"": ""1"", ""psy-rd"": ""0.0"", ""psy-rdoq"": ""2.5"", ""qcomp"": ""0.9"", ""qpmax"": ""48"", ""qpmin"": ""19"", ""rc-lookahead"": ""44"", ""rd"": ""4"", ""rdoq-level"": ""1"", ""rect"": ""0"", ""ref"": ""3"", ""rskip"": ""0"", ""sao"": ""1"", ""scenecut"": ""37"", ""subme"": ""4"", ""tu-inter-depth"": ""4"", ""tu-intra-depth"": ""3"", ""weightb"": ""0"", ""weightp"": ""0"", ""wpp"": ""0""}"
x265,bestconfig,7303,single,51,48.22,6.36,48.22,6.709769010543823,"['Standard', '320p', 30, '10s']",0.0,6.7096779346466064,0.0,"{""amp"": ""0"", ""aq-mode"": ""3"", ""aq-strength"": ""0.8"", ""b-adapt"": ""2"", ""bframes"": ""6"", ""crf"": ""25.0"", ""ctu"": ""32"", ""keyint"": ""307"", ""limit-refs"": ""3"", ""limit-tu"": ""0"", ""me"": ""dia"", ""merange"": ""38"", ""open-gop"": ""1"", ""psy-rd"": ""3.5"", ""psy-rdoq"": ""4.0"", ""qcomp"": ""0.8"", ""qpmax"": ""37"", ""qpmin"": ""17"", ""rc-lookahead"": ""21"", ""rd"": ""2"", ""rdoq-level"": ""2"", ""rect"": ""0"", ""ref"": ""6"", ""rskip"": ""1"", ""sao"": ""1"", ""scenecut"": ""18"", ""subme"": ""2"", ""tu-inter-depth"": ""2"", ""tu-intra-depth"": ""3"", ""weightb"": ""1"", ""weightp"": ""0"", ""wpp"": ""0""}"
x265,bestconfig,7303,single,52,88.49,3.49,88.49,3.8276991844177246,"['Standard', '320p', 30, '10s']",0.0,3.8276000022888184,0.0,"{""amp"": ""0"", ""aq-mode"": ""2"", ""aq-strength"": ""1.8"", ""b-adapt"": ""0"", ""bframes"": ""3"", ""crf"": ""32.0"", ""ctu"": ""16"", ""keyint"": ""205"", ""limit-refs"": ""1"", ""limit-tu"": ""1"", ""me"": ""full"", ""merange"": ""27"", ""open-gop"": ""0"", ""psy-rd"": ""1.0"", ""psy-rdoq"": ""0.0"", ""qcomp"": ""0.5"", ""qpmax"": ""39"", ""qpmin"": ""12"", ""rc-lookahead"": ""23"", ""rd"": ""1"", ""rdoq-level"": ""1"", ""rect"": ""1"", ""ref"": ""5"", ""rskip"": ""1"", ""sao"": ""0"", ""scenecut"": ""78"", ""subme"": ""4"", ""tu-inter-depth"": ""3"", ""tu-intra-depth"": ""1"", ""weightb"": ""1"", ""weightp"": ""1"", ""wpp"": ""1""}"
x265,bestconfig,7303,single,53,58.82,5.23,58.82,5.574759483337402,"['Standard', '320p', 30, '10s']",0.0,5.57467246055603,0.0,"{""amp"": ""0"", ""aq-mode"": ""3"", ""aq-strength"": ""0.0"", ""b-adapt"": ""0"", ""bframes"": ""8"", ""crf"": ""20.0"", ""ctu"": ""16"", ""keyint"": ""397"", ""limit-refs"": ""2"", ""limit-tu"": ""2"", ""me"": ""dia"", ""merange"": ""56"", ""open-gop"": ""0"", ""psy-rd"": ""0.5"", ""psy-rdoq"": ""1.0"", ""qcomp"": ""0.5"", ""qpmax"": ""29"", ""qpmin"": ""14"", ""rc-lookahead"": ""12"", ""rd"": ""4"", ""rdoq-level"": ""0"", ""rect"": ""0"", ""ref"": ""2"", ""rskip"": ""0"", ""sao"": ""1"", ""scenecut"": ""6"", ""subme"": ""3"", ""tu-inter-depth"": ""2"", ""tu-intra-depth"": ""2"", ""weightb"": ""0"", ""weightp"": ""1"", ""wpp"": ""1""}"
x265,bestconfig,7303,single,54,29.03,10.53,29.03,10.867744207382202,"['Standard', '320p', 30, '10s']",0.0,10.867652177810669,0.0,"{""amp"": ""1"", ""aq-mode"": ""2"", ""aq-strength"": ""1.5"", ""b-adapt"": ""1"", ""bframes"": ""0"", ""crf"": ""28.0"", ""ctu"": ""16"", ""keyint"": ""474"", ""limit-refs"": ""2"", ""limit-tu"": ""2"", ""me"": ""umh"", ""merange"": ""41"", ""open-gop"": ""1"", ""psy-rd"": ""3.0"", ""psy-rdoq"": ""2.0"", ""qcomp"": ""0.7"", ""qpmax"": ""27"", ""qpmin"": ""2"", ""rc-lookahead"": ""53"", ""rd"": ""2"", ""rdoq-level"": ""1"", ""rect"": ""1"", ""ref"": ""4"", ""rskip"": ""0"", ""sao"": ""0"", ""scenecut"": ""91"", ""subme"": ""3"", ""tu-inter-depth"": ""2"", ""tu-intra-depth"": ""2"", ""weightb"": ""1"", ""weightp"": ""1"", ""wpp"": ""0""}"
x265,bestconfig,7303,single,55,23.94,12.76,23.94,13.20548701286316,"['Standard', '320p', 30, '10s']",0.0,13.205391645431519,0.0,"{""amp"": ""0"", ""aq-mode"": ""1"", ""aq-strength"": ""2.0"", ""b-adapt"": ""2"", ""bframes"": ""5"", ""crf"": ""30.0"", ""ctu"": ""64"", ""keyint"": ""78"", ""limit-refs"": ""0"", ""limit-tu"": ""3"", ""me"": ""hex"", ""merange"": ""50"", ""open-gop"": ""1"", ""psy-rd"": ""2.0"", ""psy-rdoq"": ""4.5"", ""qcomp"": ""0.75"", ""qpmax"": ""45"", ""qpmin"": ""6"", ""rc-lookahead"": ""55"", ""rd"": ""5"", ""rdoq-level"": ""1"", ""rect"": ""0"", ""ref"": ""1"", ""rskip"": ""0"", ""sao"": ""1"", ""scenecut"": ""44"", ""subme"": ""2"", ""tu-inter-depth"": ""3"", ""tu-intra-depth"": ""3"", ""weightb"": ""1"", ""weightp"": ""1"", ""wpp"": ""1""}"
x265,bestconfig,7303,single,56,24.07,12.69,24.07,13.011440992355347,"['Standard', '320p', 30, '10s']",0.0,13.011348485946655,0.0,"{""amp"": ""1"", ""aq-mode"": ""0"", ""aq-strength"": ""1.0"", ""b-adapt"": ""1"", ""bframes"": ""4"", ""crf"": ""18.0"", ""ctu"": ""64"", ""keyint"": ""119"", ""limit-refs"": ""2"", ""limit-tu"": ""4"", ""me"": ""star"", ""merange"": ""31"", ""open-gop"": ""0"", ""psy-rd"": ""2.5"", ""psy-rdoq"": ""3.0"", ""qcomp"": ""1.0"", ""qpmax"": ""21"", ""qpmin"": ""8"", ""rc-lookahead"": ""31"", ""rd"": ""3"", ""rdoq-level"": ""0"", ""rect"": ""1"", ""ref"": ""3"", ""rskip"": ""1"", ""sao"": ""0"", ""scenecut"": ""73"", ""subme"": ""1"", ""tu-inter-depth"": ""1"", ""tu-intra-depth"": ""4"", ""weightb"": ""0"", ""weightp"": ""0"", ""wpp"": ""0""}"
x265,bestconfig,7303,single,57,22.42,13.62,22.42,13.96993613243103,"['Standard', '320p', 30, '10s']",0.0,13.969841957092285,0.0,"{""amp"": ""0"", ""aq-mode"": ""4"", ""aq-strength"": ""1.8"", ""b-adapt"": ""1"", ""bframes"": ""3"", ""crf"": ""25.0"", ""ctu"": ""16"", ""keyint"": ""414"", ""limit-refs"": ""3"", ""limit-tu"": ""3"", ""me"": ""full"", ""merange"": ""43"", ""open-gop"": ""1"", ""psy-rd"": ""0.5"", ""psy-rdoq"": ""4.0"", ""qcomp"": ""0.8"", ""qpmax"": ""44"", ""qpmin"": ""4"", ""rc-lookahead"": ""24"", ""rd"": ""4"", ""rdoq-level"": ""1"", ""rect"": ""1"", ""ref"": ""3"", ""rskip"": ""0"", ""sao"": ""0"", ""scenecut"": ""82"", ""subme"": ""4"", ""tu-inter-depth"": ""1"", ""tu-intra-depth"": ""2"", ""weightb"": ""0"", ""weightp"": ""0"", ""wpp"": ""0""}"
x265,bestconfig,7303,single,58,31.81,9.61,31.81,9.955038070678711,"['Standard', '320p', 30, '10s']",0.0,9.954894542694092,0.0,"{""amp"": ""1"", ""aq-mode"": ""2"", ""aq-strength"": ""1.0"", ""b-adapt"": ""0"", ""bframes"": ""3"", ""crf"": ""22.0"", ""ctu"": ""64"", ""keyint"": ""450"", ""limit-refs"": ""3"", ""limit-tu"": ""4"", ""me"": ""star"", ""merange"": ""41"", ""open-gop"": ""0"", ""psy-rd"": ""1.0"", ""psy-rdoq"": ""1.0"", ""qcomp"": ""1.0"", ""qpmax"": ""41"", ""qpmin"": ""4"", ""rc-lookahead"": ""26"", ""rd"": ""4"", ""rdoq-level"": ""1"", ""rect"": ""1"", ""ref"": ""4"", ""rskip"": ""1"", ""sao"": ""1"", ""scenecut"": ""87"", ""subme"": ""3"", ""tu-inter-depth"": ""1"", ""tu-intra-depth"": ""1"", ""weightb"": ""0"", ""weightp"": ""1"", ""wpp"": ""1""}"
x265,bestconfig,7303,single,59,86.47,3.57,86.47,3.981823444366455,"['Standard', '320p', 30, '10s']",0.0,3.9816856384277344,0.0,"{""amp"": ""1"", ""aq-mode"": ""3"", ""aq-strength"": ""0.8"", ""b-adapt"": ""1"", ""bframes"": ""4"", ""crf"": ""30.0"", ""ctu"": ""32"", ""keyint"": ""399"", ""limit-refs"": ""3"", ""limit-tu"": ""4"", ""me"": ""umh"", ""merange"": ""38"", ""open-gop"": ""0"", ""psy-rd"": ""3.5"", ""psy-rdoq"": ""3.0"", ""qcomp"": ""0.7"", ""qpmax"": ""42"", ""qpmin"": ""5"", ""rc-lookahead"": ""31"", ""rd"": ""4"", ""rdoq-level"": ""1"", ""rect"": ""0"", ""ref"": ""3"", ""rskip"": ""1"", ""sao"": ""1"", ""scenecut"": ""80"", ""subme"": ""4"", ""tu-inter-depth"": ""2"", ""tu-intra-depth"": ""2"", ""weightb"": ""0"", ""weightp"": ""1"", ""wpp"": ""1""}"
x265,bestconfig,7303,single,60,66.49,4.63,66.49,4.956423282623291,"['Standard', '320p', 30, '10s']",0.0,4.956319093704224,0.0,"{""amp"": ""0"", ""aq-mode"": ""2"", ""aq-strength"": ""2.0"", ""b-adapt"": ""1"", ""bframes"": ""3"", ""crf"": ""28.0"", ""ctu"": ""32"", ""keyint"": ""434"", ""limit-refs"": ""2"", ""limit-tu"": ""3"", ""me"": ""star"", ""merange"": ""47"", ""open-gop"": ""0"", ""psy-rd"": ""2.5"", ""psy-rdoq"": ""0.0"", ""qcomp"": ""0.5"", ""qpmax"": ""40"", ""qpmin"": ""4"", ""rc-lookahead"": ""23"", ""rd"": ""3"", ""rdoq-level"": ""1"", ""rect"": ""1"", ""ref"": ""4"", ""rskip"": ""1"", ""sao"": ""0"", ""scenecut"": ""90"", ""subme"": ""5"", ""tu-inter-depth"": ""1"", ""tu-intra-depth"": ""1"", ""weightb"": ""1"", ""weightp"": ""1"", ""wpp"": ""0""}"
x265,bestconfig,7303,single,61,59.63,5.15,59.63,5.497800588607788,"['Standard', '320p', 30, '10s']",0.0,5.497706890106201,0.0,"{""amp"": ""0"", ""aq-mode"": ""3"", ""aq-strength"": ""1.5"", ""b-adapt"": ""2"", ""bframes"": ""4"", ""crf"": ""32.0"", ""ctu"": ""16"", ""keyint"": ""444"", ""limit-refs"": ""2"", ""limit-tu"": ""4"", ""me"": ""dia"", ""merange"": ""40"", ""open-gop"": ""1"", ""psy-rd"": ""2.0"", ""psy-rdoq"": ""4.5"", ""qcomp"": ""0.9"", ""qpmax"": ""39"", ""qpmin"": ""5"", ""rc-lookahead"": ""28"", ""rd"": ""4"", ""rdoq-level"": ""2"", ""rect"": ""0"", ""ref"": ""4"", ""rskip"": ""0"", ""sao"": ""1"", ""scenecut"": ""88"", ""subme"": ""4"", ""tu-inter-depth"": ""1"", ""tu-intra-depth"": ""2"", ""weightb"": ""1"", ""weightp"": ""0"", ""wpp"": ""1""}"
x265,bestconfig,7303,single,62,8.21,37.08,8.21,37.412153005599976,"['Standard', '320p', 30, '10s']",0.0,37.412057876586914,0.0,"{""amp"": ""0"", ""aq-mode"": ""3"", ""aq-strength"": ""1.2"", ""b-adapt"": ""1"", ""bframes"": ""3"", ""crf"": ""18.0"", ""ctu"": ""64"", ""keyint"": ""457"", ""limit-refs"": ""2"", ""limit-tu"": ""3"", ""me"": ""hex"", ""merange"": ""49"", ""open-gop"": ""0"", ""psy-rd"": ""1.5"", ""psy-rdoq"": ""0.5"", ""qcomp"": ""0.5"", ""qpmax"": ""42"", ""qpmin"": ""6"", ""rc-lookahead"": ""27"", ""rd"": ""5"", ""rdoq-level"": ""2"", ""rect"": ""0"", ""ref"": ""5"", ""rskip"": ""1"", ""sao"": ""0"", ""scenecut"": ""84"", ""subme"": ""3"", ""tu-inter-depth"": ""2"", ""tu-intra-depth"": ""3"", ""weightb"": ""0"", ""weightp"": ""0"", ""wpp"": ""1""}"
x265,bestconfig,7303,single,63,7.08,43.02,7.08,43.35971808433533,"['Standard', '320p', 30, '10s']",0.0,43.35962748527527,0.0,"{""amp"": ""1"", ""aq-mode"": ""3"", ""aq-strength"": ""0.5"", ""b-adapt"": ""2"", ""bframes"": ""2"", ""crf"": ""18.0"", ""ctu"": ""16"", ""keyint"": ""423"", ""limit-refs"": ""2"", ""limit-tu"": ""4"", ""me"": ""dia"", ""merange"": ""48"", ""open-gop"": ""1"", ""psy-rd"": ""3.0"", ""psy-rdoq"": ""2.0"", ""qcomp"": ""0.75"", ""qpmax"": ""43"", ""qpmin"": ""3"", ""rc-lookahead"": ""29"", ""rd"": ""5"", ""rdoq-level"": ""2"", ""rect"": ""1"", ""ref"": ""4"", ""rskip"": ""0"", ""sao"": ""1"", ""scenecut"": ""85"", ""subme"": ""5"", ""tu-inter-depth"": ""2"", ""tu-intra-depth"": ""3"", ""weightb"": ""1"", ""weightp"": ""0"", ""wpp"": ""0""}"
x265,bestconfig,7303,single,64,35.12,8.71,35.12,9.047363042831421,"['Standard', '320p', 30, '10s']",0.0,9.047265529632568,0.0,"{""amp"": ""1"", ""aq-mode"": ""4"", ""aq-strength"": ""0.0"", ""b-adapt"": ""0"", ""bframes"": ""2"", ""crf"": ""20.0"", ""ctu"": ""32"", ""keyint"": ""473"", ""limit-refs"": ""3"", ""limit-tu"": ""3"", ""me"": ""hex"", ""merange"": ""45"", ""open-gop"": ""1"", ""psy-rd"": ""0.0"", ""psy-rdoq"": ""2.5"", ""qcomp"": ""0.6"", ""qpmax"": ""45"", ""qpmin"": ""5"", ""rc-lookahead"": ""27"", ""rd"": ""3"", ""rdoq-level"": ""2"", ""rect"": ""0"", ""ref"": ""5"", ""rskip"": ""0"", ""sao"": ""0"", ""scenecut"": ""79"", ""subme"": ""4"", ""tu-inter-depth"": ""2"", ""tu-intra-depth"": ""2"", ""weightb"": ""1"", ""weightp"": ""1"", ""wpp"": ""0""}"
x265,bestconfig,7303,single,65,63.17,4.87,63.17,5.194703578948975,"['Standard', '320p', 30, '10s']",0.0,5.194616317749023,0.0,"{""amp"": ""0"", ""aq-mode"": ""1"", ""aq-strength"": ""1.5"", ""b-adapt"": ""2"", ""bframes"": ""5"", ""crf"": ""32.0"", ""ctu"": ""32"", ""keyint"": ""278"", ""limit-refs"": ""1"", ""limit-tu"": ""1"", ""me"": ""star"", ""merange"": ""46"", ""open-gop"": ""0"", ""psy-rd"": ""1.0"", ""psy-rdoq"": ""0.0"", ""qcomp"": ""0.7"", ""qpmax"": ""37"", ""qpmin"": ""4"", ""rc-lookahead"": ""57"", ""rd"": ""1"", ""rdoq-level"": ""1"", ""rect"": ""0"", ""ref"": ""3"", ""rskip"": ""0"", ""sao"": ""1"", ""scenecut"": ""78"", ""subme"": ""4"", ""tu-inter-depth"": ""2"", ""tu-intra-depth"": ""2"", ""weightb"": ""0"", ""weightp"": ""1"", ""wpp"": ""1""}"
x265,bestconfig,7303,single,66,7.52,40.48,7.52,40.824543952941895,"['Standard', '320p', 30, '10s']",0.0,40.82443356513977,0.0,"{""amp"": ""1"", ""aq-mode"": ""3"", ""aq-strength"": ""0.5"", ""b-adapt"": ""2"", ""bframes"": ""3"", ""crf"": ""20.0"", ""ctu"": ""16"", ""keyint"": ""435"", ""limit-refs"": ""1"", ""limit-tu"": ""3"", ""me"": ""full"", ""merange"": ""20"", ""open-gop"": ""1"", ""psy-rd"": ""0.0"", ""psy-rdoq"": ""4.5"", ""qcomp"": ""1.0"", ""qpmax"": ""46"", ""qpmin"": ""12"", ""rc-lookahead"": ""23"", ""rd"": ""4"", ""rdoq-level"": ""0"", ""rect"": ""1"", ""ref"": ""5"", ""rskip"": ""0"", ""sao"": ""1"", ""scenecut"": ""33"", ""subme"": ""2"", ""tu-inter-depth"": ""2"", ""tu-intra-depth"": ""2"", ""weightb"": ""0"", ""weightp"": ""0"", ""wpp"": ""1""}"
x265,bestconfig,7303,single,67,36.36,8.41,36.36,8.748355627059937,"['Standard', '320p', 30, '10s']",0.0,8.748265504837036,0.0,"{""amp"": ""0"", ""aq-mode"": ""1"", ""aq-strength"": ""0.8"", ""b-adapt"": ""1"", ""bframes"": ""4"", ""crf"": ""30.0"", ""ctu"": ""32"", ""keyint"": ""177"", ""limit-refs"": ""3"", ""limit-tu"": ""3"", ""me"": ""umh"", ""merange"": ""62"", ""open-gop"": ""0"", ""psy-rd"": ""3.5"", ""psy-rdoq"": ""4.0"", ""qcomp"": ""0.5"", ""qpmax"": ""27"", ""qpmin"": ""19"", ""rc-lookahead"": ""14"", ""rd"": ""3"", ""rdoq-level"": ""1"", ""rect"": ""1"", ""ref"": ""4"", ""rskip"": ""1"", ""sao"": ""1"", ""scenecut"": ""65"", ""subme"": ""2"", ""tu-inter-depth"": ""1"", ""tu-intra-depth"": ""3"", ""weightb"": ""0"", ""weightp"": ""0"", ""wpp"": ""1""}"
x265,bestconfig,7303,single,68,25.07,12.19,25.07,12.517316579818726,"['Standard', '320p', 30, '10s']",0.0,12.51720905303955,0.0,"{""amp"": ""1"", ""aq-mode"": ""3"", ""aq-strength"": ""1.0"", ""b-adapt"": ""1"", ""bframes"": ""7"", ""crf"": ""18.0"", ""ctu"": ""32"", ""keyint"": ""487"", ""limit-refs"": ""1"", ""limit-tu"": ""2"", ""me"": ""hex"", ""merange"": ""41"", ""open-gop"": ""1"", ""psy-rd"": ""2.0"", ""psy-rdoq"": ""3.0"", ""qcomp"": ""0.6"", ""qpmax"": ""29"", ""qpmin"": ""13"", ""rc-lookahead"": ""43"", ""rd"": ""2"", ""rdoq-level"": ""1"", ""rect"": ""1"", ""ref"": ""1"", ""rskip"": ""1"", ""sao"": ""0"", ""scenecut"": ""18"", ""subme"": ""4"", ""tu-inter-depth"": ""4"", ""tu-intra-depth"": ""2"", ""weightb"": ""1"", ""weightp"": ""1"", ""wpp"": ""0""}"
x265,bestconfig,7303,single,69,27.91,10.95,27.91,11.265816926956177,"['Standard', '320p', 30, '10s']",0.0,11.265723705291748,0.0,"{""amp"": ""0"", ""aq-mode"": ""2"", ""aq-strength"": ""2.0"", ""b-adapt"": ""0"", ""bframes"": ""0"", ""crf"": ""22.0"", ""ctu"": ""16"", ""keyint"": ""64"", ""limit-refs"": ""2"", ""limit-tu"": ""1"", ""me"": ""star"", ""merange"": ""32"", ""open-gop"": ""1"", ""psy-rd"": ""2.5"", ""psy-rdoq"": ""0.5"", ""qcomp"": ""0.9"", ""qpmax"": ""32"", ""qpmin"": ""16"", ""rc-lookahead"": ""18"", ""rd"": ""3"", ""rdoq-level"": ""2"", ""rect"": ""0"", ""ref"": ""2"", ""rskip"": ""1"", ""sao"": ""0"", ""scenecut"": ""45"", ""subme"": ""3"", ""tu-inter-depth"": ""3"", ""tu-intra-depth"": ""3"", ""weightb"": ""0"", ""weightp"": ""0"", ""wpp"": ""1""}"
x265,bestconfig,7303,single,70,11.7,26.07,11.7,26.450472831726074,"['Standard', '320p', 30, '10s']",0.0,26.450377464294434,0.0,"{""amp"": ""1"", ""aq-mode"": ""0"", ""aq-strength"": ""1.2"", ""b-adapt"": ""1"", ""bframes"": ""2"", ""crf"": ""18.0"", ""ctu"": ""64"", ""keyint"": ""345"", ""limit-refs"": ""2"", ""limit-tu"": ""4"", ""me"": ""hex"", ""merange"": ""22"", ""open-gop"": ""1"", ""psy-rd"": ""0.5"", ""psy-rdoq"": ""2.0"", ""qcomp"": ""0.75"", ""qpmax"": ""23"", ""qpmin"": ""6"", ""rc-lookahead"": ""40"", ""rd"": ""5"", ""rdoq-level"": ""0"", ""rect"": ""0"", ""ref"": ""4"", ""rskip"": ""0"", ""sao"": ""0"", ""scenecut"": ""60"", ""subme"": ""3"", ""tu-inter-depth"": ""3"", ""tu-intra-depth"": ""4"", ""weightb"": ""1"", ""weightp"": ""0"", ""wpp"": ""0""}"
x265,bestconfig,7303,single,71,33.17,9.23,33.17,9.562386274337769,"['Standard', '320p', 30, '10s']",0.0,9.562293767929077,0.0,"{""amp"": ""1"", ""aq-mode"": ""4"", ""aq-strength"": ""0.0"", ""b-adapt"": ""1"", ""bframes"": ""3"", ""crf"": ""28.0"", ""ctu"": ""16"", ""keyint"": ""259"", ""limit-refs"": ""0"", ""limit-tu"": ""0"", ""me"": ""dia"", ""merange"": ""37"", ""open-gop"": ""0"", ""psy-rd"": ""3.0"", ""psy-rdoq"": ""1.0"", ""qcomp"": ""0.8"", ""qpmax"": ""42"", ""qpmin"": ""8"", ""rc-lookahead"": ""50"", ""rd"": ""4"", ""rdoq-level"": ""2"", ""rect"": ""0"", ""ref"": ""3"", ""rskip"": ""0"", ""sao"": ""0"", ""scenecut"": ""91"", ""subme"": ""5"", ""tu-inter-depth"": ""3"", ""tu-intra-depth"": ""1"", ""weightb"": ""1"", ""weightp"": ""1"", ""wpp"": ""0""}"
x265,bestconfig,7303,single,72,16.99,17.95,16.99,18.299468755722046,"['Standard', '320p', 30, '10s']",0.0,18.299378871917725,0.0,"{""amp"": ""0"", ""aq-mode"": ""2"", ""aq-strength"": ""1.8"", ""b-adapt"": ""0"", ""bframes"": ""7"", ""crf"": ""25.0"", ""ctu"": ""64"", ""keyint"": ""117"", ""limit-refs"": ""2"", ""limit-tu"": ""2"", ""me"": ""dia"", ""merange"": ""55"", ""open-gop"": ""0"", ""psy-rd"": ""1.5"", ""psy-rdoq"": ""2.5"", ""qcomp"": ""0.5"", ""qpmax"": ""48"", ""qpmin"": ""2"", ""rc-lookahead"": ""29"", ""rd"": ""6"", ""rdoq-level"": ""1"", ""rect"": ""1"", ""ref"": ""5"", ""rskip"": ""1"", ""sao"": ""1"", ""scenecut"": ""3"", ""subme"": ""1"", ""tu-inter-depth"": ""2"", ""tu-intra-depth"": ""3"", ""weightb"": ""1"", ""weightp"": ""1"", ""wpp"": ""0""}"
x265,bestconfig,7303,single,73,7.49,40.65,7.49,41.05444359779358,"['Standard', '320p', 30, '10s']",0.0,41.0543053150177,0.0,"{""amp"": ""0"", ""aq-mode"": ""2"", ""aq-strength"": ""1.8"", ""b-adapt"": ""0"", ""bframes"": ""3"", ""crf"": ""18.0"", ""ctu"": ""32"", ""keyint"": ""449"", ""limit-refs"": ""2"", ""limit-tu"": ""3"", ""me"": ""dia"", ""merange"": ""44"", ""open-gop"": ""0"", ""psy-rd"": ""2.5"", ""psy-rdoq"": ""2.5"", ""qcomp"": ""0.5"", ""qpmax"": ""46"", ""qpmin"": ""2"", ""rc-lookahead"": ""24"", ""rd"": ""5"", ""rdoq-level"": ""2"", ""rect"": ""1"", ""ref"": ""5"", ""rskip"": ""1"", ""sao"": ""0"", ""scenecut"": ""79"", ""subme"": ""4"", ""tu-inter-depth"": ""2"", ""tu-intra-depth"": ""3"", ""weightb"": ""0"", ""weightp"": ""0"", ""wpp"": ""0""}"
x265,bestconfig,7303,single,74,48.15,6.37,48.15,6.7066121101379395,"['Standard', '320p', 30, '10s']",0.0,6.706517934799194,0.0,"{""amp"": ""1"", ""aq-mode"": ""2"", ""aq-strength"": ""1.5"", ""b-adapt"": ""2"", ""bframes"": ""3"", ""crf"": ""25.0"", ""ctu"": ""32"", ""keyint"": ""444"", ""limit-refs"": ""3"", ""limit-tu"": ""4"", ""me"": ""hex"", ""merange"": ""38"", ""open-gop"": ""1"", ""psy-rd"": ""3.5"", ""psy-rdoq"": ""2.0"", ""qcomp"": ""0.5"", ""qpmax"": ""42"", ""qpmin"": ""6"", ""rc-lookahead"": ""27"", ""rd"": ""4"", ""rdoq-level"": ""1"", ""rect"": ""1"", ""ref"": ""3"", ""rskip"": ""1"", ""sao"": ""1"", ""scenecut"": ""84"", ""subme"": ""4"", ""tu-inter-depth"": ""1"", ""tu-intra-depth"": ""1"", ""weightb"": ""0"", ""weightp"": ""1"", ""wpp"": ""0""}"
x265,bestconfig,7303,single,75,31.65,9.71,31.65,10.27350115776062,"['Standard', '320p', 30, '10s']",0.0,10.273406744003296,0.0,"{""amp"": ""0"", ""aq-mode"": ""4"", ""aq-strength"": ""1.2"", ""b-adapt"": ""2"", ""bframes"": ""4"", ""crf"": ""22.0"", ""ctu"": ""64"", ""keyint"": ""475"", ""limit-refs"": ""3"", ""limit-tu"": ""4"", ""me"": ""star"", ""merange"": ""44"", ""open-gop"": ""0"", ""psy-rd"": ""0.5"", ""psy-rdoq"": ""0.5"", ""qcomp"": ""0.75"", ""qpmax"": ""44"", ""qpmin"": ""3"", ""rc-lookahead"": ""29"", ""rd"": ""3"", ""rdoq-level"": ""2"", ""rect"": ""1"", ""ref"": ""4"", ""rskip"": ""0"", ""sao"": ""1"", ""scenecut"": ""87"", ""subme"": ""3"", ""tu-inter-depth"": ""1"", ""tu-intra-depth"": ""2"", ""weightb"": ""1"", ""weightp"": ""0"", ""wpp"": ""0""}"
x265,bestconfig,7303,single,76,13.43,22.69,13.43,23.021021604537964,"['Standard', '320p', 30, '10s']",0.0,23.020927667617798,0.0,"{""amp"": ""0"", ""aq-mode"": ""3"", ""aq-strength"": ""0.8"", ""b-adapt"": ""1"", ""bframes"": ""4"", ""crf"": ""30.0"", ""ctu"": ""64"", ""keyint"": ""438"", ""limit-refs"": ""3"", ""limit-tu"": ""3"", ""me"": ""full"", ""merange"": ""41"", ""open-gop"": ""1"", ""psy-rd"": ""2.0"", ""psy-rdoq"": ""4.0"", ""qcomp"": ""0.6"", ""qpmax"": ""45"", ""qpmin"": ""4"", ""rc-lookahead"": ""25"", ""rd"": ""4"", ""rdoq-level"": ""2"", ""rect"": ""1"", ""ref"": ""5"", ""rskip"": ""0"", ""sao"": ""0"", ""scenecut"": ""90"", ""subme"": ""5"", ""tu-inter-depth"": ""1"", ""tu-intra-depth"": ""2"", ""weightb"": ""0"", ""weightp"": ""0"", ""wpp"": ""1""}"
x265,bestconfig,7303,single,77,74.05,4.16,74.05,4.506079435348511,"['Standard', '320p', 30, '10s']",0.0,4.5059895515441895,0.0,"{""amp"": ""1"", ""aq-mode"": ""3"", ""aq-strength"": ""0.0"", ""b-adapt"": ""1"", ""bframes"": ""3"", ""crf"": ""32.0"", ""ctu"": ""16"", ""keyint"": ""472"", ""limit-refs"": ""2"", ""limit-tu"": ""3"", ""me"": ""star"", ""merange"": ""39"", ""open-gop"": ""1"", ""psy-rd"": ""3.0"", ""psy-rdoq"": ""0.0"", ""qcomp"": ""0.9"", ""qpmax"": ""45"", ""qpmin"": ""3"", ""rc-lookahead"": ""26"", ""rd"": ""3"", ""rdoq-level"": ""1"", ""rect"": ""0"", ""ref"": ""4"", ""rskip"": ""0"", ""sao"": ""1"", ""scenecut"": ""83"", ""subme"": ""5"", ""tu-inter-depth"": ""2"", ""tu-intra-depth"": ""3"", ""weightb"": ""1"", ""weightp"": ""1"", ""wpp"": ""0""}"
x265,bestconfig,7303,single,78,51.31,5.98,51.31,6.316580057144165,"['Standard', '320p', 30, '10s']",0.0,6.316490650177002,0.0,"{""amp"": ""0"", ""aq-mode"": ""3"", ""aq-strength"": ""0.5"", ""b-adapt"": ""1"", ""bframes"": ""3"", ""crf"": ""28.0"", ""ctu"": ""16"", ""keyint"": ""486"", ""limit-refs"": ""2"", ""limit-tu"": ""3"", ""me"": ""umh"", ""merange"": ""42"", ""open-gop"": ""1"", ""psy-rd"": ""0.0"", ""psy-rdoq"": ""4.5"", ""qcomp"": ""1.0"", ""qpmax"": ""43"", ""qpmin"": ""5"", ""rc-lookahead"": ""23"", ""rd"": ""4"", ""rdoq-level"": ""2"", ""rect"": ""0"", ""ref"": ""4"", ""rskip"": ""0"", ""sao"": ""1"", ""scenecut"": ""80"", ""subme"": ""4"", ""tu-inter-depth"": ""2"", ""tu-intra-depth"": ""1"", ""weightb"": ""1"", ""weightp"": ""1"", ""wpp"": ""1""}"
x265,bestconfig,7303,single,79,39.7,7.71,39.7,8.046905279159546,"['Standard', '320p', 30, '10s']",0.0,8.046809196472168,0.0,"{""amp"": ""1"", ""aq-mode"": ""3"", ""aq-strength"": ""2.0"", ""b-adapt"": ""1"", ""bframes"": ""2"", ""crf"": ""20.0"", ""ctu"": ""16"", ""keyint"": ""465"", ""limit-refs"": ""2"", ""limit-tu"": ""4"", ""me"": ""hex"", ""merange"": ""40"", ""open-gop"": ""0"", ""psy-rd"": ""1.0"", ""psy-rdoq"": ""1.0"", ""qcomp"": ""0.7"", ""qpmax"": ""43"", ""qpmin"": ""4"", ""rc-lookahead"": ""26"", ""rd"": ""4"", ""rdoq-level"": ""1"", ""rect"": ""0"", ""ref"": ""4"", ""rskip"": ""1"", ""sao"": ""0"", ""scenecut"": ""86"", ""subme"": ""3"", ""tu-inter-depth"": ""1"", ""tu-intra-depth"": ""2"", ""weightb"": ""0"", ""weightp"": ""0"", ""wpp"": ""1""}"
x265,bestconfig,7303,single,80,12.94,23.54,12.94,23.874788999557495,"['Standard', '320p', 30, '10s']",0.0,23.874698400497437,0.0,"{""amp"": ""1"", ""aq-mode"": ""4"", ""aq-strength"": ""1.0"", ""b-adapt"": ""0"", ""bframes"": ""2"", ""crf"": ""18.0"", ""ctu"": ""32"", ""keyint"": ""458"", ""limit-refs"": ""3"", ""limit-tu"": ""4"", ""me"": ""dia"", ""merange"": ""46"", ""open-gop"": ""0"", ""psy-rd"": ""1.5"", ""psy-rdoq"": ""3.0"", ""qcomp"": ""0.8"", ""qpmax"": ""44"", ""qpmin"": ""5"", ""rc-lookahead"": ""28"", ""rd"": ""5"", ""rdoq-level"": ""1"", ""rect"": ""0"", ""ref"": ""3"", ""rskip"": ""1"", ""sao"": ""0"", ""scenecut"": ""89"", ""subme"": ""4"", ""tu-inter-depth"": ""2"", ""tu-intra-depth"": ""2"", ""weightb"": ""1"", ""weightp"": ""1"", ""wpp"": ""1""}"
x265,bestconfig,7303,single,81,8.68,35.07,8.68,35.412044048309326,"['Standard', '320p', 30, '10s']",0.0,35.411948442459106,0.0,"{""amp"": ""0"", ""aq-mode"": ""1"", ""aq-strength"": ""0.8"", ""b-adapt"": ""1"", ""bframes"": ""2"", ""crf"": ""18.0"", ""ctu"": ""64"", ""keyint"": ""363"", ""limit-refs"": ""1"", ""limit-tu"": ""1"", ""me"": ""hex"", ""merange"": ""27"", ""open-gop"": ""1"", ""psy-rd"": ""2.5"", ""psy-rdoq"": ""3.0"", ""qcomp"": ""1.0"", ""qpmax"": ""29"", ""qpmin"": ""11"", ""rc-lookahead"": ""13"", ""rd"": ""5"", ""rdoq-level"": ""0"", ""rect"": ""1"", ""ref"": ""3"", ""rskip"": ""1"", ""sao"": ""1"", ""scenecut"": ""3"", ""subme"": ""4"", ""tu-inter-depth"": ""2"", ""tu-intra-depth"": ""2"", ""weightb"": ""1"", ""weightp"": ""1"", ""wpp"": ""0""}"
x265,bestconfig,7303,single,82,17.65,17.28,17.65,17.601249933242798,"['Standard', '320p', 30, '10s']",0.0,17.601160049438477,0.0,"{""amp"": ""1"", ""aq-mode"": ""3"", ""aq-strength"": ""1.5"", ""b-adapt"": ""2"", ""bframes"": ""6"", ""crf"": ""32.0"", ""ctu"": ""32"", ""keyint"": ""466"", ""limit-refs"": ""0"", ""limit-tu"": ""4"", ""me"": ""star"", ""merange"": ""55"", ""open-gop"": ""0"", ""psy-rd"": ""1.0"", ""psy-rdoq"": ""1.0"", ""qcomp"": ""0.8"", ""qpmax"": ""50"", ""qpmin"": ""16"", ""rc-lookahead"": ""23"", ""rd"": ""5"", ""rdoq-level"": ""1"", ""rect"": ""0"", ""ref"": ""6"", ""rskip"": ""0"", ""sao"": ""0"", ""scenecut"": ""19"", ""subme"": ""1"", ""tu-inter-depth"": ""4"", ""tu-intra-depth"": ""2"", ""weightb"": ""0"", ""weightp"": ""0"", ""wpp"": ""0""}"
x265,bestconfig,7303,single,83,90.57,3.42,90.57,3.751063585281372,"['Standard', '320p', 30, '10s']",0.0,3.7509765625,0.0,"{""amp"": ""0"", ""aq-mode"": ""1"", ""aq-strength"": ""1.8"", ""b-adapt"": ""0"", ""bframes"": ""5"", ""crf"": ""20.0"", ""ctu"": ""64"", ""keyint"": ""404"", ""limit-refs"": ""1"", ""limit-tu"": ""2"", ""me"": ""hex"", ""merange"": ""47"", ""open-gop"": ""0"", ""psy-rd"": ""3.5"", ""psy-rdoq"": ""4.5"", ""qcomp"": ""0.5"", ""qpmax"": ""44"", ""qpmin"": ""2"", ""rc-lookahead"": ""36"", ""rd"": ""1"", ""rdoq-level"": ""2"", ""rect"": ""1"", ""ref"": ""4"", ""rskip"": ""1"", ""sao"": ""1"", ""scenecut"": ""58"", ""subme"": ""4"", ""tu-inter-depth"": ""1"", ""tu-intra-depth"": ""4"", ""weightb"": ""1"", ""weightp"": ""0"", ""wpp"": ""1""}"
x265,bestconfig,7303,single,84,56.06,5.48,56.06,5.8166344165802,"['Standard', '320p', 30, '10s']",0.0,5.816547155380249,0.0,"{""amp"": ""0"", ""aq-mode"": ""2"", ""aq-strength"": ""1.2"", ""b-adapt"": ""1"", ""bframes"": ""8"", ""crf"": ""30.0"", ""ctu"": ""32"", ""keyint"": ""194"", ""limit-refs"": ""2"", ""limit-tu"": ""3"", ""me"": ""dia"", ""merange"": ""30"", ""open-gop"": ""0"", ""psy-rd"": ""2.0"", ""psy-rdoq"": ""4.0"", ""qcomp"": ""0.6"", ""qpmax"": ""36"", ""qpmin"": ""3"", ""rc-lookahead"": ""55"", ""rd"": ""3"", ""rdoq-level"": ""1"", ""rect"": ""1"", ""ref"": ""5"", ""rskip"": ""0"", ""sao"": ""0"", ""scenecut"": ""67"", ""subme"": ""2"", ""tu-inter-depth"": ""1"", ""tu-intra-depth"": ""3"", ""weightb"": ""0"", ""weightp"": ""1"", ""wpp"": ""0""}"
x265,bestconfig,7303,single,85,10.66,28.62,10.66,29.04520010948181,"['Standard', '320p', 30, '10s']",0.0,29.045100212097168,0.0,"{""amp"": ""1"", ""aq-mode"": ""0"", ""aq-strength"": ""1.0"", ""b-adapt"": ""0"", ""bframes"": ""3"", ""crf"": ""18.0"", ""ctu"": ""16"", ""keyint"": ""128"", ""limit-refs"": ""3"", ""limit-tu"": ""2"", ""me"": ""star"", ""merange"": ""39"", ""open-gop"": ""0"", ""psy-rd"": ""1.5"", ""psy-rdoq"": ""2.5"", ""qcomp"": ""0.7"", ""qpmax"": ""42"", ""qpmin"": ""7"", ""rc-lookahead"": ""18"", ""rd"": ""6"", ""rdoq-level"": ""2"", ""rect"": ""0"", ""ref"": ""1"", ""rskip"": ""1"", ""sao"": ""1"", ""scenecut"": ""78"", ""subme"": ""2"", ""tu-inter-depth"": ""3"", ""tu-intra-depth"": ""2"", ""weightb"": ""1"", ""weightp"": ""1"", ""wpp"": ""1""}"
x265,bestconfig,7303,single,86,24.27,12.59,24.27,12.93288540840149,"['Standard', '320p', 30, '10s']",0.0,12.932794094085693,0.0,"{""amp"": ""1"", ""aq-mode"": ""4"", ""aq-strength"": ""0.0"", ""b-adapt"": ""1"", ""bframes"": ""2"", ""crf"": ""28.0"", ""ctu"": ""16"", ""keyint"": ""256"", ""limit-refs"": ""3"", ""limit-tu"": ""1"", ""me"": ""dia"", ""merange"": ""41"", ""open-gop"": ""1"", ""psy-rd"": ""3.0"", ""psy-rdoq"": ""0.5"", ""qcomp"": ""0.9"", ""qpmax"": ""22"", ""qpmin"": ""9"", ""rc-lookahead"": ""48"", ""rd"": ""3"", ""rdoq-level"": ""1"", ""rect"": ""0"", ""ref"": ""5"", ""rskip"": ""0"", ""sao"": ""0"", ""scenecut"": ""43"", ""subme"": ""3"", ""tu-inter-depth"": ""3"", ""tu-intra-depth"": ""1"", ""weightb"": ""1"", ""weightp"": ""0"", ""wpp"": ""0""}"
x265,bestconfig,7303,single,87,11.2,27.19,11.2,27.520607233047485,"['Standard', '320p', 30, '10s']",0.0,27.520482063293457,0.0,"{""amp"": ""1"", ""aq-mode"": ""3"", ""aq-strength"": ""0.5"", ""b-adapt"": ""1"", ""bframes"": ""7"", ""crf"": ""22.0"", ""ctu"": ""16"", ""keyint"": ""62"", ""limit-refs"": ""1"", ""limit-tu"": ""0"", ""me"": ""full"", ""merange"": ""21"", ""open-gop"": ""1"", ""psy-rd"": ""0.0"", ""psy-rdoq"": ""0.0"", ""qcomp"": ""0.75"", ""qpmax"": ""34"", ""qpmin"": ""13"", ""rc-lookahead"": ""46"", ""rd"": ""2"", ""rdoq-level"": ""0"", ""rect"": ""1"", ""ref"": ""3"", ""rskip"": ""1"", ""sao"": ""1"", ""scenecut"": ""98"", ""subme"": ""5"", ""tu-inter-depth"": ""2"", ""tu-intra-depth"": ""3"", ""weightb"": ""0"", ""weightp"": ""1"", ""wpp"": ""1""}"
x265,bestconfig,7303,single,88,29.73,10.28,29.73,10.619952917098999,"['Standard', '320p', 30, '10s']",0.0,10.6198570728302,0.0,"{""amp"": ""0"", ""aq-mode"": ""2"", ""aq-strength"": ""2.0"", ""b-adapt"": ""2"", ""bframes"": ""0"", ""crf"": ""25.0"", ""ctu"": ""32"", ""keyint"": ""312"", ""limit-refs"": ""2"", ""limit-tu"": ""3"", ""me"": ""umh"", ""merange"": ""60"", ""open-gop"": ""1"", ""psy-rd"": ""0.5"", ""psy-rdoq"": ""2.0"", ""qcomp"": ""0.5"", ""qpmax"": ""27"", ""qpmin"": ""18"", ""rc-lookahead"": ""30"", ""rd"": ""4"", ""rdoq-level"": ""1"", ""rect"": ""0"", ""ref"": ""2"", ""rskip"": ""0"", ""sao"": ""0"", ""scenecut"": ""37"", ""subme"": ""3"", ""tu-inter-depth"": ""3"", ""tu-intra-depth"": ""3"", ""weightb"": ""0"", ""weightp"": ""0"", ""wpp"": ""1""}"
x265,bestconfig,7303,single,89,32.88,9.3,32.88,9.637469291687012,"['Standard', '320p', 30, '10s']",0.0,9.637380838394165,0.0,"{""amp"": ""1"", ""aq-mode"": ""4"", ""aq-strength"": ""0.5"", ""b-adapt"": ""0"", ""bframes"": ""3"", ""crf"": ""22.0"", ""ctu"": ""64"", ""keyint"": ""464"", ""limit-refs"": ""2"", ""limit-tu"": ""3"", ""me"": ""dia"", ""merange"": ""41"", ""open-gop"": ""1"", ""psy-rd"": ""3.0"", ""psy-rdoq"": ""1.0"", ""qcomp"": ""0.8"", ""qpmax"": ""46"", ""qpmin"": ""7"", ""rc-lookahead"": ""25"", ""rd"": ""3"", ""rdoq-level"": ""1"", ""rect"": ""0"", ""ref"": ""5"", ""rskip"": ""0"", ""sao"": ""0"", ""scenecut"": ""95"", ""subme"": ""4"", ""tu-inter-depth"": ""2"", ""tu-intra-depth"": ""1"", ""weightb"": ""0"", ""weightp"": ""0"", ""wpp"": ""1""}"
x265,bestconfig,7303,single,90,11.17,27.26,11.17,27.595061540603638,"['Standard', '320p', 30, '10s']",0.0,27.59496545791626,0.0,"{""amp"": ""1"", ""aq-mode"": ""3"", ""aq-strength"": ""0.8"", ""b-adapt"": ""2"", ""bframes"": ""3"", ""crf"": ""32.0"", ""ctu"": ""32"", ""keyint"": ""421"", ""limit-refs"": ""2"", ""limit-tu"": ""4"", ""me"": ""full"", ""merange"": ""46"", ""open-gop"": ""0"", ""psy-rd"": ""0.0"", ""psy-rdoq"": ""0.0"", ""qcomp"": ""1.0"", ""qpmax"": ""48"", ""qpmin"": ""5"", ""rc-lookahead"": ""27"", ""rd"": ""3"", ""rdoq-level"": ""2"", ""rect"": ""1"", ""ref"": ""3"", ""rskip"": ""1"", ""sao"": ""1"", ""scenecut"": ""88"", ""subme"": ""5"", ""tu-inter-depth"": ""1"", ""tu-intra-depth"": ""2"", ""weightb"": ""0"", ""weightp"": ""1"", ""wpp"": ""0""}"
x265,bestconfig,7303,single,91,39.71,7.71,39.71,8.056032657623291,"['Standard', '320p', 30, '10s']",0.0,8.055941581726074,0.0,"{""amp"": ""1"", ""aq-mode"": ""3"", ""aq-strength"": ""1.2"", ""b-adapt"": ""1"", ""bframes"": ""3"", ""crf"": ""20.0"", ""ctu"": ""16"", ""keyint"": ""417"", ""limit-refs"": ""3"", ""limit-tu"": ""3"", ""me"": ""star"", ""merange"": ""44"", ""open-gop"": ""1"", ""psy-rd"": ""1.5"", ""psy-rdoq"": ""4.0"", ""qcomp"": ""0.5"", ""qpmax"": ""43"", ""qpmin"": ""3"", ""rc-lookahead"": ""26"", ""rd"": ""4"", ""rdoq-level"": ""1"", ""rect"": ""0"", ""ref"": ""4"", ""rskip"": ""1"", ""sao"": ""1"", ""scenecut"": ""92"", ""subme"": ""5"", ""tu-inter-depth"": ""2"", ""tu-intra-depth"": ""3"", ""weightb"": ""1"", ""weightp"": ""1"", ""wpp"": ""1""}"
x265,bestconfig,7303,single,92,29.73,10.32,29.73,10.862626552581787,"['Standard', '320p', 30, '10s']",0.0,10.862538576126099,0.0,"{""amp"": ""0"", ""aq-mode"": ""3"", ""aq-strength"": ""2.0"", ""b-adapt"": ""2"", ""bframes"": ""5"", ""crf"": ""18.0"", ""ctu"": ""32"", ""keyint"": ""434"", ""limit-refs"": ""3"", ""limit-tu"": ""4"", ""me"": ""dia"", ""merange"": ""40"", ""open-gop"": ""1"", ""psy-rd"": ""3.5"", ""psy-rdoq"": ""0.5"", ""qcomp"": ""0.75"", ""qpmax"": ""46"", ""qpmin"": ""4"", ""rc-lookahead"": ""23"", ""rd"": ""4"", ""rdoq-level"": ""1"", ""rect"": ""0"", ""ref"": ""4"", ""rskip"": ""0"", ""sao"": ""0"", ""scenecut"": ""86"", ""subme"": ""4"", ""tu-inter-depth"": ""2"", ""tu-intra-depth"": ""2"", ""weightb"": ""0"", ""weightp"": ""0"", ""wpp"": ""1""}"
x265,bestconfig,7303,single,93,54.21,5.67,54.21,5.995481252670288,"['Standard', '320p', 30, '10s']",0.0,5.995395660400391,0.0,"{""amp"": ""1"", ""aq-mode"": ""2"", ""aq-strength"": ""1.5"", ""b-adapt"": ""0"", ""bframes"": ""4"", ""crf"": ""30.0"", ""ctu"": ""16"", ""keyint"": ""446"", ""limit-refs"": ""3"", ""limit-tu"": ""4"", ""me"": ""hex"", ""merange"": ""42"", ""open-gop"": ""1"", ""psy-rd"": ""2.0"", ""psy-rdoq"": ""2.0"", ""qcomp"": ""0.9"", ""qpmax"": ""43"", ""qpmin"": ""5"", ""rc-lookahead"": ""29"", ""rd"": ""4"", ""rdoq-level"": ""2"", ""rect"": ""1"", ""ref"": ""3"", ""rskip"": ""0"", ""sao"": ""0"", ""scenecut"": ""85"", ""subme"": ""4"", ""tu-inter-depth"": ""1"", ""tu-intra-depth"": ""1"", ""weightb"": ""0"", ""weightp"": ""1"", ""wpp"": ""0""}"
x265,bestconfig,7303,single,94,14.6,20.87,14.6,21.209532499313354,"['Standard', '320p', 30, '10s']",0.0,21.20944094657898,0.0,"{""amp"": ""0"", ""aq-mode"": ""3"", ""aq-strength"": ""1.0"", ""b-adapt"": ""1"", ""bframes"": ""4"", ""crf"": ""25.0"", ""ctu"": ""64"", ""keyint"": ""442"", ""limit-refs"": ""3"", ""limit-tu"": ""3"", ""me"": ""star"", ""merange"": ""40"", ""open-gop"": ""0"", ""psy-rd"": ""1.0"", ""psy-rdoq"": ""4.5"", ""qcomp"": ""0.6"", ""qpmax"": ""50"", ""qpmin"": ""6"", ""rc-lookahead"": ""28"", ""rd"": ""5"", ""rdoq-level"": ""1"", ""rect"": ""1"", ""ref"": ""5"", ""rskip"": ""1"", ""sao"": ""0"", ""scenecut"": ""97"", ""subme"": ""3"", ""tu-inter-depth"": ""1"", ""tu-intra-depth"": ""3"", ""weightb"": ""1"", ""weightp"": ""0"", ""wpp"": ""1""}"
x265,bestconfig,7303,single,95,13.45,22.66,13.45,23.007941007614136,"['Standard', '320p', 30, '10s']",0.0,23.007845401763916,0.0,"{""amp"": ""0"", ""aq-mode"": ""4"", ""aq-strength"": ""1.8"", ""b-adapt"": ""1"", ""bframes"": ""2"", ""crf"": ""18.0"", ""ctu"": ""16"", ""keyint"": ""451"", ""limit-refs"": ""2"", ""limit-tu"": ""3"", ""me"": ""hex"", ""merange"": ""46"", ""open-gop"": ""0"", ""psy-rd"": ""0.5"", ""psy-rdoq"": ""2.5"", ""qcomp"": ""0.7"", ""qpmax"": ""47"", ""qpmin"": ""6"", ""rc-lookahead"": ""30"", ""rd"": ""5"", ""rdoq-level"": ""2"", ""rect"": ""0"", ""ref"": ""4"", ""rskip"": ""0"", ""sao"": ""1"", ""scenecut"": ""83"", ""subme"": ""4"", ""tu-inter-depth"": ""2"", ""tu-intra-depth"": ""2"", ""weightb"": ""1"", ""weightp"": ""0"", ""wpp"": ""0""}"
x265,bestconfig,7303,single,96,51.68,5.94,51.68,6.279633283615112,"['Standard', '320p', 30, '10s']",0.0,6.279542446136475,0.0,"{""amp"": ""0"", ""aq-mode"": ""2"", ""aq-strength"": ""0.0"", ""b-adapt"": ""1"", ""bframes"": ""4"", ""crf"": ""28.0"", ""ctu"": ""32"", ""keyint"": ""410"", ""limit-refs"": ""2"", ""limit-tu"": ""4"", ""me"": ""umh"", ""merange"": ""45"", ""open-gop"": ""0"", ""psy-rd"": ""2.5"", ""psy-rdoq"": ""3.0"", ""qcomp"": ""0.5"", ""qpmax"": ""45"", ""qpmin"": ""4"", ""rc-lookahead"": ""26"", ""rd"": ""4"", ""rdoq-level"": ""2"", ""rect"": ""1"", ""ref"": ""4"", ""rskip"": ""1"", ""sao"": ""1"", ""scenecut"": ""80"", ""subme"": ""3"", ""tu-inter-depth"": ""1"", ""tu-intra-depth"": ""2"", ""weightb"": ""1"", ""weightp"": ""1"", ""wpp"": ""0""}"
x265,bestconfig,7303,single,97,30.28,10.09,30.28,10.428642749786377,"['Standard', '320p', 30, '10s']",0.0,10.428550720214844,0.0,"{""amp"": ""1"", ""aq-mode"": ""3"", ""aq-strength"": ""1.5"", ""b-adapt"": ""1"", ""bframes"": ""3"", ""crf"": ""18.0"", ""ctu"": ""32"", ""keyint"": ""347"", ""limit-refs"": ""0"", ""limit-tu"": ""1"", ""me"": ""star"", ""merange"": ""27"", ""open-gop"": ""1"", ""psy-rd"": ""0.0"", ""psy-rdoq"": ""4.5"", ""qcomp"": ""0.8"", ""qpmax"": ""24"", ""qpmin"": ""15"", ""rc-lookahead"": ""11"", ""rd"": ""1"", ""rdoq-level"": ""1"", ""rect"": ""0"", ""ref"": ""2"", ""rskip"": ""0"", ""sao"": ""0"", ""scenecut"": ""42"", ""subme"": ""4"", ""tu-inter-depth"": ""3"", ""tu-intra-depth"": ""2"", ""weightb"": ""0"", ""weightp"": ""1"", ""wpp"": ""1""}"
x265,bestconfig,7303,single,98,2.99,101.61,2.99,102.15249395370483,"['Standard', '320p', 30, '10s']",0.0,102.15238499641418,0.0,"{""amp"": ""1"", ""aq-mode"": ""1"", ""aq-strength"": ""1.0"", ""b-adapt"": ""1"", ""bframes"": ""5"", ""crf"": ""18.0"", ""ctu"": ""16"", ""keyint"": ""48"", ""limit-refs"": ""1"", ""limit-tu"": ""0"", ""me"": ""full"", ""merange"": ""44"", ""open-gop"": ""0"", ""psy-rd"": ""0.5"", ""psy-rdoq"": ""2.0"", ""qcomp"": ""0.5"", ""qpmax"": ""38"", ""qpmin"": ""8"", ""rc-lookahead"": ""19"", ""rd"": ""5"", ""rdoq-level"": ""1"", ""rect"": ""1"", ""ref"": ""1"", ""rskip"": ""1"", ""sao"": ""0"", ""scenecut"": ""67"", ""subme"": ""2"", ""tu-inter-depth"": ""3"", ""tu-intra-depth"": ""2"", ""weightb"": ""0"", ""weightp"": ""0"", ""wpp"": ""1""}"
x265,bestconfig,7303,single,99,5.44,55.93,5.44,56.26540756225586,"['Standard', '320p', 30, '10s']",0.0,56.26530694961548,0.0,"{""amp"": ""1"", ""aq-mode"": ""3"", ""aq-strength"": ""1.2"", ""b-adapt"": ""1"", ""bframes"": ""1"", ""crf"": ""32.0"", ""ctu"": ""64"", ""keyint"": ""430"", ""limit-refs"": ""3"", ""limit-tu"": ""2"", ""me"": ""dia"", ""merange"": ""33"", ""open-gop"": ""1"", ""psy-rd"": ""3.0"", ""psy-rdoq"": ""4.0"", ""qcomp"": ""1.0"", ""qpmax"": ""22"", ""qpmin"": ""4"", ""rc-lookahead"": ""45"", ""rd"": ""5"", ""rdoq-level"": ""1"", ""rect"": ""0"", ""ref"": ""6"", ""rskip"": ""0"", ""sao"": ""1"", ""scenecut"": ""97"", ""subme"": ""4"", ""tu-inter-depth"": ""3"", ""tu-intra-depth"": ""4"", ""weightb"": ""1"", ""weightp"": ""0"", ""wpp"": ""1""}"
x265,bestconfig,7303,single,100,25.96,11.77,25.96,12.109146118164062,"['Standard', '320p', 30, '10s']",0.0,12.109058618545532,0.0,"{""amp"": ""0"", ""aq-mode"": ""2"", ""aq-strength"": ""2.0"", ""b-adapt"": ""2"", ""bframes"": ""7"", ""crf"": ""28.0"", ""ctu"": ""16"", ""keyint"": ""188"", ""limit-refs"": ""3"", ""limit-tu"": ""3"", ""me"": ""hex"", ""merange"": ""20"", ""open-gop"": ""0"", ""psy-rd"": ""1.0"", ""psy-rdoq"": ""3.0"", ""qcomp"": ""0.9"", ""qpmax"": ""50"", ""qpmin"": ""11"", ""rc-lookahead"": ""29"", ""rd"": ""6"", ""rdoq-level"": ""0"", ""rect"": ""1"", ""ref"": ""3"", ""rskip"": ""0"", ""sao"": ""1"", ""scenecut"": ""21"", ""subme"": ""2"", ""tu-inter-depth"": ""1"", ""tu-intra-depth"": ""3"", ""weightb"": ""0"", ""weightp"": ""0"", ""wpp"": ""0""}"
x265,bestconfig,7303,single,101,78.69,3.93,78.69,4.319615840911865,"['Standard', '320p', 30, '10s']",0.0,4.319482326507568,0.0,"{""amp"": ""0"", ""aq-mode"": ""4"", ""aq-strength"": ""0.0"", ""b-adapt"": ""0"", ""bframes"": ""6"", ""crf"": ""25.0"", ""ctu"": ""64"", ""keyint"": ""468"", ""limit-refs"": ""2"", ""limit-tu"": ""3"", ""me"": ""hex"", ""merange"": ""49"", ""open-gop"": ""1"", ""psy-rd"": ""1.5"", ""psy-rdoq"": ""0.0"", ""qcomp"": ""0.6"", ""qpmax"": ""41"", ""qpmin"": ""16"", ""rc-lookahead"": ""51"", ""rd"": ""2"", ""rdoq-level"": ""0"", ""rect"": ""1"", ""ref"": ""5"", ""rskip"": ""1"", ""sao"": ""0"", ""scenecut"": ""0"", ""subme"": ""3"", ""tu-inter-depth"": ""2"", ""tu-intra-depth"": ""1"", ""weightb"": ""1"", ""weightp"": ""1"", ""wpp"": ""0""}"
x265,bestconfig,7303,single,102,71.21,4.33,71.21,4.661817312240601,"['Standard', '320p', 30, '10s']",0.0,4.66171932220459,0.0,"{""amp"": ""0"", ""aq-mode"": ""2"", ""aq-strength"": ""0.8"", ""b-adapt"": ""2"", ""bframes"": ""7"", ""crf"": ""30.0"", ""ctu"": ""32"", ""keyint"": ""108"", ""limit-refs"": ""2"", ""limit-tu"": ""2"", ""me"": ""dia"", ""merange"": ""56"", ""open-gop"": ""1"", ""psy-rd"": ""2.0"", ""psy-rdoq"": ""0.5"", ""qcomp"": ""0.5"", ""qpmax"": ""45"", ""qpmin"": ""18"", ""rc-lookahead"": ""55"", ""rd"": ""4"", ""rdoq-level"": ""2"", ""rect"": ""0"", ""ref"": ""5"", ""rskip"": ""1"", ""sao"": ""1"", ""scenecut"": ""32"", ""subme"": ""1"", ""tu-inter-depth"": ""1"", ""tu-intra-depth"": ""3"", ""weightb"": ""1"", ""weightp"": ""1"", ""wpp"": ""1""}"
x265,bestconfig,7303,single,103,61.48,5.0,61.48,5.32973051071167,"['Standard', '320p', 30, '10s']",0.0,5.329639434814453,0.0,"{""amp"": ""1"", ""aq-mode"": ""1"", ""aq-strength"": ""1.8"", ""b-adapt"": ""1"", ""bframes"": ""2"", ""crf"": ""22.0"", ""ctu"": ""16"", ""keyint"": ""283"", ""limit-refs"": ""1"", ""limit-tu"": ""1"", ""me"": ""star"", ""merange"": ""62"", ""open-gop"": ""0"", ""psy-rd"": ""2.5"", ""psy-rdoq"": ""1.0"", ""qcomp"": ""0.75"", ""qpmax"": ""31"", ""qpmin"": ""7"", ""rc-lookahead"": ""27"", ""rd"": ""2"", ""rdoq-level"": ""1"", ""rect"": ""0"", ""ref"": ""4"", ""rskip"": ""1"", ""sao"": ""0"", ""scenecut"": ""76"", ""subme"": ""5"", ""tu-inter-depth"": ""2"", ""tu-intra-depth"": ""1"", ""weightb"": ""1"", ""weightp"": ""1"", ""wpp"": ""0""}"
x265,bestconfig,7303,single,104,19.94,15.3,19.94,15.625168085098267,"['Standard', '320p', 30, '10s']",0.0,15.625077247619629,0.0,"{""amp"": ""0"", ""aq-mode"": ""0"", ""aq-strength"": ""0.5"", ""b-adapt"": ""0"", ""bframes"": ""1"", ""crf"": ""20.0"", ""ctu"": ""32"", ""keyint"": ""203"", ""limit-refs"": ""1"", ""limit-tu"": ""4"", ""me"": ""umh"", ""merange"": ""40"", ""open-gop"": ""0"", ""psy-rd"": ""3.5"", ""psy-rdoq"": ""2.5"", ""qcomp"": ""0.7"", ""qpmax"": ""33"", ""qpmin"": ""2"", ""rc-lookahead"": ""39"", ""rd"": ""3"", ""rdoq-level"": ""2"", ""rect"": ""1"", ""ref"": ""2"", ""rskip"": ""0"", ""sao"": ""1"", ""scenecut"": ""51"", ""subme"": ""3"", ""tu-inter-depth"": ""3"", ""tu-intra-depth"": ""3"", ""weightb"": ""0"", ""weightp"": ""0"", ""wpp"": ""0""}"
x265,bestconfig,7303,single,105,38.65,7.92,38.65,8.253254175186157,"['Standard', '320p', 30, '10s']",0.0,8.253160238265991,0.0,"{""amp"": ""0"", ""aq-mode"": ""4"", ""aq-strength"": ""1.8"", ""b-adapt"": ""2"", ""bframes"": ""3"", ""crf"": ""18.0"", ""ctu"": ""32"", ""keyint"": ""459"", ""limit-refs"": ""2"", ""limit-tu"": ""4"", ""me"": ""dia"", ""merange"": ""44"", ""open-gop"": ""1"", ""psy-rd"": ""3.0"", ""psy-rdoq"": ""4.0"", ""qcomp"": ""0.6"", ""qpmax"": ""45"", ""qpmin"": ""5"", ""rc-lookahead"": ""25"", ""rd"": ""4"", ""rdoq-level"": ""2"", ""rect"": ""0"", ""ref"": ""3"", ""rskip"": ""1"", ""sao"": ""1"", ""scenecut"": ""93"", ""subme"": ""3"", ""tu-inter-depth"": ""2"", ""tu-intra-depth"": ""2"", ""weightb"": ""1"", ""weightp"": ""0"", ""wpp"": ""1""}"
x265,bestconfig,7303,single,106,24.62,12.41,24.62,12.736182689666748,"['Standard', '320p', 30, '10s']",0.0,12.736094951629639,0.0,"{""amp"": ""1"", ""aq-mode"": ""3"", ""aq-strength"": ""0.5"", ""b-adapt"": ""2"", ""bframes"": ""2"", ""crf"": ""32.0"", ""ctu"": ""64"", ""keyint"": ""430"", ""limit-refs"": ""3"", ""limit-tu"": ""4"", ""me"": ""hex"", ""merange"": ""42"", ""open-gop"": ""0"", ""psy-rd"": ""0.0"", ""psy-rdoq"": ""2.5"", ""qcomp"": ""0.9"", ""qpmax"": ""43"", ""qpmin"": ""5"", ""rc-lookahead"": ""26"", ""rd"": ""5"", ""rdoq-level"": ""1"", ""rect"": ""1"", ""ref"": ""3"", ""rskip"": ""1"", ""sao"": ""0"", ""scenecut"": ""77"", ""subme"": ""4"", ""tu-inter-depth"": ""1"", ""tu-intra-depth"": ""3"", ""weightb"": ""1"", ""weightp"": ""1"", ""wpp"": ""0""}"
x265,bestconfig,7303,single,107,31.56,9.68,31.56,10.021038293838501,"['Standard', '320p', 30, '10s']",0.0,10.020949125289917,0.0,"{""amp"": ""1"", ""aq-mode"": ""3"", ""aq-strength"": ""1.0"", ""b-adapt"": ""1"", ""bframes"": ""3"", ""crf"": ""18.0"", ""ctu"": ""16"", ""keyint"": ""452"", ""limit-refs"": ""2"", ""limit-tu"": ""3"", ""me"": ""star"", ""merange"": ""40"", ""open-gop"": ""0"", ""psy-rd"": ""0.5"", ""psy-rdoq"": ""2.0"", ""qcomp"": ""0.75"", ""qpmax"": ""43"", ""qpmin"": ""3"", ""rc-lookahead"": ""19"", ""rd"": ""3"", ""rdoq-level"": ""1"", ""rect"": ""0"", ""ref"": ""4"", ""rskip"": ""0"", ""sao"": ""0"", ""scenecut"": ""87"", ""subme"": ""3"", ""tu-inter-depth"": ""2"", ""tu-intra-depth"": ""2"", ""weightb"": ""1"", ""weightp"": ""1"", ""wpp"": ""1""}"
x265,bestconfig,7303,single,108,44.79,6.85,44.79,7.180817365646362,"['Standard', '320p', 30, '10s']",0.0,7.18073034286499,0.0,"{""amp"": ""0"", ""aq-mode"": ""3"", ""aq-strength"": ""2.0"", ""b-adapt"": ""1"", ""bframes"": ""4"", ""crf"": ""30.0"", ""ctu"": ""64"", ""keyint"": ""447"", ""limit-refs"": ""3"", ""limit-tu"": ""4"", ""me"": ""hex"", ""merange"": ""41"", ""open-gop"": ""1"", ""psy-rd"": ""2.0"", ""psy-rdoq"": ""4.5"", ""qcomp"": ""0.5"", ""qpmax"": ""42"", ""qpmin"": ""6"", ""rc-lookahead"": ""24"", ""rd"": ""3"", ""rdoq-level"": ""2"", ""rect"": ""1"", ""ref"": ""5"", ""rskip"": ""0"", ""sao"": ""1"", ""scenecut"": ""97"", ""subme"": ""5"", ""tu-inter-depth"": ""1"", ""tu-intra-depth"": ""1"", ""weightb"": ""0"", ""weightp"": ""1"", ""wpp"": ""0""}"
x265,bestconfig,7303,single,109,37.19,8.23,37.19,8.56182050704956,"['Standard', '320p', 30, '10s']",0.0,8.561726331710815,0.0,"{""amp"": ""1"", ""aq-mode"": ""2"", ""aq-strength"": ""1.5"", ""b-adapt"": ""1"", ""bframes"": ""5"", ""crf"": ""22.0"", ""ctu"": ""32"", ""keyint"": ""441"", ""limit-refs"": ""3"", ""limit-tu"": ""3"", ""me"": ""dia"", ""merange"": ""43"", ""open-gop"": ""1"", ""psy-rd"": ""3.5"", ""psy-rdoq"": ""0.0"", ""qcomp"": ""1.0"", ""qpmax"": ""41"", ""qpmin"": ""4"", ""rc-lookahead"": ""23"", ""rd"": ""4"", ""rdoq-level"": ""1"", ""rect"": ""0"", ""ref"": ""4"", ""rskip"": ""1"", ""sao"": ""0"", ""scenecut"": ""89"", ""subme"": ""4"", ""tu-inter-depth"": ""2"", ""tu-intra-depth"": ""2"", ""weightb"": ""0"", ""weightp"": ""1"", ""wpp"": ""0""}"
x265,bestconfig,7303,single,110,60.19,5.11,60.19,5.434590101242065,"['Standard', '320p', 30, '10s']",0.0,5.43449854850769,0.0,"{""amp"": ""0"", ""aq-mode"": ""2"", ""aq-strength"": ""1.2"", ""b-adapt"": ""0"", ""bframes"": ""4"", ""crf"": ""28.0"", ""ctu"": ""16"", ""keyint"": ""466"", ""limit-refs"": ""2"", ""limit-tu"": ""4"", ""me"": ""star"", ""merange"": ""43"", ""open-gop"": ""0"", ""psy-rd"": ""2.5"", ""psy-rdoq"": ""1.0"", ""qcomp"": ""0.7"", ""qpmax"": ""42"", ""qpmin"": ""2"", ""rc-lookahead"": ""28"", ""rd"": ""4"", ""rdoq-level"": ""1"", ""rect"": ""0"", ""ref"": ""5"", ""rskip"": ""0"", ""sao"": ""1"", ""scenecut"": ""86"", ""subme"": ""4"", ""tu-inter-depth"": ""1"", ""tu-intra-depth"": ""3"", ""weightb"": ""0"", ""weightp"": ""0"", ""wpp"": ""0""}"
x265,bestconfig,7303,single,111,4.71,64.61,4.71,64.93536591529846,"['Standard', '320p', 30, '10s']",0.0,64.93526935577393,0.0,"{""amp"": ""1"", ""aq-mode"": ""3"", ""aq-strength"": ""0.8"", ""b-adapt"": ""0"", ""bframes"": ""2"", ""crf"": ""20.0"", ""ctu"": ""16"", ""keyint"": ""435"", ""limit-refs"": ""2"", ""limit-tu"": ""3"", ""me"": ""full"", ""merange"": ""42"", ""open-gop"": ""1"", ""psy-rd"": ""1.5"", ""psy-rdoq"": ""0.5"", ""qcomp"": ""0.8"", ""qpmax"": ""44"", ""qpmin"": ""4"", ""rc-lookahead"": ""28"", ""rd"": ""4"", ""rdoq-level"": ""2"", ""rect"": ""1"", ""ref"": ""4"", ""rskip"": ""0"", ""sao"": ""1"", ""scenecut"": ""79"", ""subme"": ""4"", ""tu-inter-depth"": ""2"", ""tu-intra-depth"": ""2"", ""weightb"": ""1"", ""weightp"": ""0"", ""wpp"": ""1""}"
x265,bestconfig,7303,single,112,14.43,21.12,14.43,21.445226192474365,"['Standard', '320p', 30, '10s']",0.0,21.445136785507202,0.0,"{""amp"": ""0"", ""aq-mode"": ""4"", ""aq-strength"": ""0.0"", ""b-adapt"": ""1"", ""bframes"": ""4"", ""crf"": ""25.0"", ""ctu"": ""32"", ""keyint"": ""456"", ""limit-refs"": ""3"", ""limit-tu"": ""3"", ""me"": ""umh"", ""merange"": ""41"", ""open-gop"": ""0"", ""psy-rd"": ""1.0"", ""psy-rdoq"": ""3.0"", ""qcomp"": ""0.5"", ""qpmax"": ""44"", ""qpmin"": ""7"", ""rc-lookahead"": ""20"", ""rd"": ""5"", ""rdoq-level"": ""2"", ""rect"": ""1"", ""ref"": ""4"", ""rskip"": ""1"", ""sao"": ""0"", ""scenecut"": ""82"", ""subme"": ""5"", ""tu-inter-depth"": ""1"", ""tu-intra-depth"": ""1"", ""weightb"": ""0"", ""weightp"": ""0"", ""wpp"": ""1""}"
x265,bestconfig,7303,single,113,80.92,3.81,80.92,4.142291069030762,"['Standard', '320p', 30, '10s']",0.0,4.142205476760864,0.0,"{""amp"": ""1"", ""aq-mode"": ""2"", ""aq-strength"": ""1.8"", ""b-adapt"": ""2"", ""bframes"": ""7"", ""crf"": ""30.0"", ""ctu"": ""16"", ""keyint"": ""132"", ""limit-refs"": ""3"", ""limit-tu"": ""1"", ""me"": ""star"", ""merange"": ""36"", ""open-gop"": ""0"", ""psy-rd"": ""0.0"", ""psy-rdoq"": ""4.5"", ""qcomp"": ""0.8"", ""qpmax"": ""42"", ""qpmin"": ""13"", ""rc-lookahead"": ""57"", ""rd"": ""2"", ""rdoq-level"": ""0"", ""rect"": ""0"", ""ref"": ""5"", ""rskip"": ""1"", ""sao"": ""1"", ""scenecut"": ""31"", ""subme"": ""4"", ""tu-inter-depth"": ""3"", ""tu-intra-depth"": ""2"", ""weightb"": ""0"", ""weightp"": ""0"", ""wpp"": ""1""}"
x265,bestconfig,7303,single,114,9.04,33.68,9.04,34.00974130630493,"['Standard', '320p', 30, '10s']",0.0,34.009642601013184,0.0,"{""amp"": ""0"", ""aq-mode"": ""1"", ""aq-strength"": ""1.0"", ""b-adapt"": ""0"", ""bframes"": ""0"", ""crf"": ""22.0"", ""ctu"": ""16"", ""keyint"": ""340"", ""limit-refs"": ""0"", ""limit-tu"": ""0"", ""me"": ""hex"", ""merange"": ""51"", ""open-gop"": ""1"", ""psy-rd"": ""2.0"", ""psy-rdoq"": ""2.5"", ""qcomp"": ""0.9"", ""qpmax"": ""49"", ""qpmin"": ""17"", ""rc-lookahead"": ""27"", ""rd"": ""5"", ""rdoq-level"": ""1"", ""rect"": ""1"", ""ref"": ""1"", ""rskip"": ""0"", ""sao"": ""1"", ""scenecut"": ""56"", ""subme"": ""4"", ""tu-inter-depth"": ""2"", ""tu-intra-depth"": ""3"", ""weightb"": ""0"", ""weightp"": ""1"", ""wpp"": ""0""}"
x265,bestconfig,7303,single,115,19.03,16.03,19.03,16.460472583770752,"['Standard', '320p', 30, '10s']",0.0,16.460365295410156,0.0,"{""amp"": ""0"", ""aq-mode"": ""3"", ""aq-strength"": ""1.5"", ""b-adapt"": ""1"", ""bframes"": ""4"", ""crf"": ""18.0"", ""ctu"": ""32"", ""keyint"": ""426"", ""limit-refs"": ""2"", ""limit-tu"": ""1"", ""me"": ""hex"", ""merange"": ""28"", ""open-gop"": ""0"", ""psy-rd"": ""1.0"", ""psy-rdoq"": ""0.5"", ""qcomp"": ""0.7"", ""qpmax"": ""45"", ""qpmin"": ""11"", ""rc-lookahead"": ""18"", ""rd"": ""4"", ""rdoq-level"": ""1"", ""rect"": ""0"", ""ref"": ""5"", ""rskip"": ""1"", ""sao"": ""0"", ""scenecut"": ""66"", ""subme"": ""5"", ""tu-inter-depth"": ""4"", ""tu-intra-depth"": ""3"", ""weightb"": ""1"", ""weightp"": ""1"", ""wpp"": ""1""}"
x265,bestconfig,7303,single,116,1.1,275.66,1.1,275.988920211792,"['Standard', '320p', 30, '10s']",0.0,275.9888186454773,0.0,"{""amp"": ""1"", ""aq-mode"": ""4"", ""aq-strength"": ""0.0"", ""b-adapt"": ""1"", ""bframes"": ""5"", ""crf"": ""20.0"", ""ctu"": ""32"", ""keyint"": ""492"", ""limit-refs"": ""2"", ""limit-tu"": ""2"", ""me"": ""full"", ""merange"": ""43"", ""open-gop"": ""0"", ""psy-rd"": ""1.5"", ""psy-rdoq"": ""0.0"", ""qcomp"": ""0.6"", ""qpmax"": ""25"", ""qpmin"": ""2"", ""rc-lookahead"": ""39"", ""rd"": ""6"", ""rdoq-level"": ""2"", ""rect"": ""1"", ""ref"": ""6"", ""rskip"": ""0"", ""sao"": ""0"", ""scenecut"": ""89"", ""subme"": ""1"", ""tu-inter-depth"": ""2"", ""tu-intra-depth"": ""1"", ""weightb"": ""0"", ""weightp"": ""0"", ""wpp"": ""1""}"
x265,bestconfig,7303,single,117,29.5,10.36,29.5,10.71065092086792,"['Standard', '320p', 30, '10s']",0.0,10.710556507110596,0.0,"{""amp"": ""0"", ""aq-mode"": ""3"", ""aq-strength"": ""0.8"", ""b-adapt"": ""1"", ""bframes"": ""3"", ""crf"": ""18.0"", ""ctu"": ""64"", ""keyint"": ""75"", ""limit-refs"": ""1"", ""limit-tu"": ""2"", ""me"": ""star"", ""merange"": ""17"", ""open-gop"": ""0"", ""psy-rd"": ""3.0"", ""psy-rdoq"": ""3.0"", ""qcomp"": ""0.75"", ""qpmax"": ""31"", ""qpmin"": ""9"", ""rc-lookahead"": ""50"", ""rd"": ""3"", ""rdoq-level"": ""2"", ""rect"": ""0"", ""ref"": ""4"", ""rskip"": ""1"", ""sao"": ""0"", ""scenecut"": ""19"", ""subme"": ""3"", ""tu-inter-depth"": ""1"", ""tu-intra-depth"": ""2"", ""weightb"": ""1"", ""weightp"": ""0"", ""wpp"": ""1""}"
x265,bestconfig,7303,single,118,62.74,4.9,62.74,5.233725309371948,"['Standard', '320p', 30, '10s']",0.0,5.233621597290039,0.0,"{""amp"": ""1"", ""aq-mode"": ""0"", ""aq-strength"": ""2.0"", ""b-adapt"": ""2"", ""bframes"": ""7"", ""crf"": ""25.0"", ""ctu"": ""32"", ""keyint"": ""316"", ""limit-refs"": ""2"", ""limit-tu"": ""3"", ""me"": ""dia"", ""merange"": ""63"", ""open-gop"": ""1"", ""psy-rd"": ""3.5"", ""psy-rdoq"": ""1.0"", ""qcomp"": ""0.5"", ""qpmax"": ""33"", ""qpmin"": ""6"", ""rc-lookahead"": ""14"", ""rd"": ""4"", ""rdoq-level"": ""0"", ""rect"": ""0"", ""ref"": ""2"", ""rskip"": ""0"", ""sao"": ""1"", ""scenecut"": ""5"", ""subme"": ""3"", ""tu-inter-depth"": ""3"", ""tu-intra-depth"": ""4"", ""weightb"": ""1"", ""weightp"": ""1"", ""wpp"": ""0""}"
x265,bestconfig,7303,single,119,61.74,4.98,61.74,5.334449529647827,"['Standard', '320p', 30, '10s']",0.0,5.3343586921691895,0.0,"{""amp"": ""0"", ""aq-mode"": ""1"", ""aq-strength"": ""0.5"", ""b-adapt"": ""0"", ""bframes"": ""3"", ""crf"": ""32.0"", ""ctu"": ""16"", ""keyint"": ""245"", ""limit-refs"": ""1"", ""limit-tu"": ""3"", ""me"": ""dia"", ""merange"": ""26"", ""open-gop"": ""1"", ""psy-rd"": ""0.5"", ""psy-rdoq"": ""2.0"", ""qcomp"": ""0.5"", ""qpmax"": ""24"", ""qpmin"": ""3"", ""rc-lookahead"": ""42"", ""rd"": ""1"", ""rdoq-level"": ""1"", ""rect"": ""1"", ""ref"": ""3"", ""rskip"": ""1"", ""sao"": ""1"", ""scenecut"": ""38"", ""subme"": ""2"", ""tu-inter-depth"": ""2"", ""tu-intra-depth"": ""3"", ""weightb"": ""1"", ""weightp"": ""0"", ""wpp"": ""0""}"
x265,bestconfig,7303,single,120,30.85,9.92,30.85,10.246054410934448,"['Standard', '320p', 30, '10s']",0.0,10.245968103408813,0.0,"{""amp"": ""1"", ""aq-mode"": ""2"", ""aq-strength"": ""1.2"", ""b-adapt"": ""1"", ""bframes"": ""2"", ""crf"": ""28.0"", ""ctu"": ""64"", ""keyint"": ""189"", ""limit-refs"": ""1"", ""limit-tu"": ""4"", ""me"": ""umh"", ""merange"": ""54"", ""open-gop"": ""1"", ""psy-rd"": ""2.5"", ""psy-rdoq"": ""4.0"", ""qcomp"": ""1.0"", ""qpmax"": ""38"", ""qpmin"": ""18"", ""rc-lookahead"": ""32"", ""rd"": ""3"", ""rdoq-level"": ""1"", ""rect"": ""1"", ""ref"": ""2"", ""rskip"": ""0"", ""sao"": ""0"", ""scenecut"": ""86"", ""subme"": ""2"", ""tu-inter-depth"": ""3"", ""tu-intra-depth"": ""2"", ""weightb"": ""0"", ""weightp"": ""1"", ""wpp"": ""0""}"
x265,bestconfig,7303,single,121,36.45,8.46,36.45,8.944691896438599,"['Standard', '320p', 30, '10s']",0.0,8.9445481300354,0.0,"{""amp"": ""0"", ""aq-mode"": ""2"", ""aq-strength"": ""1.2"", ""b-adapt"": ""2"", ""bframes"": ""4"", ""crf"": ""25.0"", ""ctu"": ""32"", ""keyint"": ""438"", ""limit-refs"": ""3"", ""limit-tu"": ""4"", ""me"": ""hex"", ""merange"": ""39"", ""open-gop"": ""0"", ""psy-rd"": ""1.5"", ""psy-rdoq"": ""1.0"", ""qcomp"": ""0.7"", ""qpmax"": ""44"", ""qpmin"": ""5"", ""rc-lookahead"": ""30"", ""rd"": ""3"", ""rdoq-level"": ""2"", ""rect"": ""1"", ""ref"": ""3"", ""rskip"": ""0"", ""sao"": ""0"", ""scenecut"": ""74"", ""subme"": ""3"", ""tu-inter-depth"": ""2"", ""tu-intra-depth"": ""3"", ""weightb"": ""0"", ""weightp"": ""1"", ""wpp"": ""1""}"
x265,bestconfig,7303,single,122,54.06,5.68,54.06,6.006130933761597,"['Standard', '320p', 30, '10s']",0.0,6.006035089492798,0.0,"{""amp"": ""0"", ""aq-mode"": ""2"", ""aq-strength"": ""0.0"", ""b-adapt"": ""2"", ""bframes"": ""2"", ""crf"": ""28.0"", ""ctu"": ""32"", ""keyint"": ""455"", ""limit-refs"": ""3"", ""limit-tu"": ""4"", ""me"": ""dia"", ""merange"": ""40"", ""open-gop"": ""1"", ""psy-rd"": ""2.0"", ""psy-rdoq"": ""4.5"", ""qcomp"": ""0.75"", ""qpmax"": ""43"", ""qpmin"": ""4"", ""rc-lookahead"": ""23"", ""rd"": ""3"", ""rdoq-level"": ""2"", ""rect"": ""1"", ""ref"": ""4"", ""rskip"": ""1"", ""sao"": ""1"", ""scenecut"": ""83"", ""subme"": ""5"", ""tu-inter-depth"": ""2"", ""tu-intra-depth"": ""2"", ""weightb"": ""0"", ""weightp"": ""1"", ""wpp"": ""0""}"
x265,bestconfig,7303,single,123,31.33,9.79,31.33,10.128721714019775,"['Standard', '320p', 30, '10s']",0.0,10.128622770309448,0.0,"{""amp"": ""1"", ""aq-mode"": ""3"", ""aq-strength"": ""1.0"", ""b-adapt"": ""1"", ""bframes"": ""3"", ""crf"": ""18.0"", ""ctu"": ""16"", ""keyint"": ""428"", ""limit-refs"": ""2"", ""limit-tu"": ""3"", ""me"": ""star"", ""merange"": ""42"", ""open-gop"": ""1"", ""psy-rd"": ""3.5"", ""psy-rdoq"": ""0.5"", ""qcomp"": ""0.8"", ""qpmax"": ""42"", ""qpmin"": ""6"", ""rc-lookahead"": ""31"", ""rd"": ""4"", ""rdoq-level"": ""1"", ""rect"": ""0"", ""ref"": ""4"", ""rskip"": ""1"", ""sao"": ""0"", ""scenecut"": ""78"", ""subme"": ""4"", ""tu-inter-depth"": ""1"", ""tu-intra-depth"": ""1"", ""weightb"": ""0"", ""weightp"": ""1"", ""wpp"": ""1""}"
x265,bestconfig,7303,single,124,56.63,5.42,56.63,5.77616024017334,"['Standard', '320p', 30, '10s']",0.0,5.776028156280518,0.0,"{""amp"": ""0"", ""aq-mode"": ""3"", ""aq-strength"": ""1.5"", ""b-adapt"": ""0"", ""bframes"": ""2"", ""crf"": ""22.0"", ""ctu"": ""32"", ""keyint"": ""487"", ""limit-refs"": ""3"", ""limit-tu"": ""4"", ""me"": ""hex"", ""merange"": ""38"", ""open-gop"": ""0"", ""psy-rd"": ""0.5"", ""psy-rdoq"": ""4.0"", ""qcomp"": ""0.6"", ""qpmax"": ""45"", ""qpmin"": ""5"", ""rc-lookahead"": ""26"", ""rd"": ""4"", ""rdoq-level"": ""1"", ""rect"": ""0"", ""ref"": ""4"", ""rskip"": ""1"", ""sao"": ""1"", ""scenecut"": ""67"", ""subme"": ""4"", ""tu-inter-depth"": ""1"", ""tu-intra-depth"": ""3"", ""weightb"": ""0"", ""weightp"": ""0"", ""wpp"": ""1""}"
x265,bestconfig,7303,single,125,25.24,12.1,25.24,12.512869119644165,"['Standard', '320p', 30, '10s']",0.0,12.512741088867188,0.0,"{""amp"": ""1"", ""aq-mode"": ""4"", ""aq-strength"": ""1.8"", ""b-adapt"": ""1"", ""bframes"": ""3"", ""crf"": ""30.0"", ""ctu"": ""16"", ""keyint"": ""445"", ""limit-refs"": ""2"", ""limit-tu"": ""3"", ""me"": ""star"", ""merange"": ""43"", ""open-gop"": ""0"", ""psy-rd"": ""1.0"", ""psy-rdoq"": ""3.0"", ""qcomp"": ""0.5"", ""qpmax"": ""44"", ""qpmin"": ""4"", ""rc-lookahead"": ""24"", ""rd"": ""5"", ""rdoq-level"": ""1"", ""rect"": ""1"", ""ref"": ""4"", ""rskip"": ""0"", ""sao"": ""1"", ""scenecut"": ""81"", ""subme"": ""3"", ""tu-inter-depth"": ""2"", ""tu-intra-depth"": ""2"", ""weightb"": ""1"", ""weightp"": ""0"", ""wpp"": ""1""}"
x265,bestconfig,7303,single,126,2.47,123.22,2.47,123.56392765045166,"['Standard', '320p', 30, '10s']",0.0,123.56382513046265,0.0,"{""amp"": ""1"", ""aq-mode"": ""3"", ""aq-strength"": ""0.5"", ""b-adapt"": ""1"", ""bframes"": ""3"", ""crf"": ""18.0"", ""ctu"": ""16"", ""keyint"": ""480"", ""limit-refs"": ""2"", ""limit-tu"": ""4"", ""me"": ""full"", ""merange"": ""37"", ""open-gop"": ""1"", ""psy-rd"": ""2.5"", ""psy-rdoq"": ""0.0"", ""qcomp"": ""1.0"", ""qpmax"": ""43"", ""qpmin"": ""5"", ""rc-lookahead"": ""18"", ""rd"": ""5"", ""rdoq-level"": ""2"", ""rect"": ""0"", ""ref"": ""5"", ""rskip"": ""0"", ""sao"": ""0"", ""scenecut"": ""70"", ""subme"": ""5"", ""tu-inter-depth"": ""1"", ""tu-intra-depth"": ""2"", ""weightb"": ""1"", ""weightp"": ""1"", ""wpp"": ""0""}"
x265,bestconfig,7303,single,127,76.22,4.04,76.22,4.376218557357788,"['Standard', '320p', 30, '10s']",0.0,4.37612771987915,0.0,"{""amp"": ""0"", ""aq-mode"": ""3"", ""aq-strength"": ""0.8"", ""b-adapt"": ""1"", ""bframes"": ""3"", ""crf"": ""32.0"", ""ctu"": ""64"", ""keyint"": ""465"", ""limit-refs"": ""3"", ""limit-tu"": ""3"", ""me"": ""dia"", ""merange"": ""41"", ""open-gop"": ""0"", ""psy-rd"": ""3.0"", ""psy-rdoq"": ""2.5"", ""qcomp"": ""0.5"", ""qpmax"": ""43"", ""qpmin"": ""4"", ""rc-lookahead"": ""28"", ""rd"": ""4"", ""rdoq-level"": ""1"", ""rect"": ""0"", ""ref"": ""3"", ""rskip"": ""0"", ""sao"": ""1"", ""scenecut"": ""72"", ""subme"": ""4"", ""tu-inter-depth"": ""1"", ""tu-intra-depth"": ""2"", ""weightb"": ""1"", ""weightp"": ""0"", ""wpp"": ""0""}"
x265,bestconfig,7303,single,128,32.76,9.34,32.76,9.69922661781311,"['Standard', '320p', 30, '10s']",0.0,9.699090242385864,0.0,"{""amp"": ""1"", ""aq-mode"": ""4"", ""aq-strength"": ""2.0"", ""b-adapt"": ""0"", ""bframes"": ""4"", ""crf"": ""20.0"", ""ctu"": ""64"", ""keyint"": ""468"", ""limit-refs"": ""2"", ""limit-tu"": ""3"", ""me"": ""umh"", ""merange"": ""37"", ""open-gop"": ""1"", ""psy-rd"": ""0.0"", ""psy-rdoq"": ""2.0"", ""qcomp"": ""0.9"", ""qpmax"": ""44"", ""qpmin"": ""3"", ""rc-lookahead"": ""21"", ""rd"": ""4"", ""rdoq-level"": ""2"", ""rect"": ""1"", ""ref"": ""5"", ""rskip"": ""1"", ""sao"": ""0"", ""scenecut"": ""85"", ""subme"": ""4"", ""tu-inter-depth"": ""2"", ""tu-intra-depth"": ""1"", ""weightb"": ""1"", ""weightp"": ""0"", ""wpp"": ""0""}"
x265,bestconfig,7303,single,129,9.26,32.9,9.26,33.281615257263184,"['Standard', '320p', 30, '10s']",0.0,33.281513929367065,0.0,"{""amp"": ""0"", ""aq-mode"": ""4"", ""aq-strength"": ""0.8"", ""b-adapt"": ""2"", ""bframes"": ""2"", ""crf"": ""20.0"", ""ctu"": ""16"", ""keyint"": ""194"", ""limit-refs"": ""2"", ""limit-tu"": ""1"", ""me"": ""star"", ""merange"": ""44"", ""open-gop"": ""0"", ""psy-rd"": ""2.0"", ""psy-rdoq"": ""4.0"", ""qcomp"": ""0.7"", ""qpmax"": ""45"", ""qpmin"": ""11"", ""rc-lookahead"": ""27"", ""rd"": ""6"", ""rdoq-level"": ""1"", ""rect"": ""1"", ""ref"": ""6"", ""rskip"": ""0"", ""sao"": ""0"", ""scenecut"": ""8"", ""subme"": ""4"", ""tu-inter-depth"": ""3"", ""tu-intra-depth"": ""2"", ""weightb"": ""1"", ""weightp"": ""1"", ""wpp"": ""0""}"
x265,bestconfig,7303,single,130,71.8,4.29,71.8,4.626073122024536,"['Standard', '320p', 30, '10s']",0.0,4.625983953475952,0.0,"{""amp"": ""0"", ""aq-mode"": ""2"", ""aq-strength"": ""2.0"", ""b-adapt"": ""2"", ""bframes"": ""7"", ""crf"": ""18.0"", ""ctu"": ""32"", ""keyint"": ""435"", ""limit-refs"": ""3"", ""limit-tu"": ""3"", ""me"": ""hex"", ""merange"": ""63"", ""open-gop"": ""0"", ""psy-rd"": ""0.5"", ""psy-rdoq"": ""0.0"", ""qcomp"": ""0.6"", ""qpmax"": ""34"", ""qpmin"": ""14"", ""rc-lookahead"": ""16"", ""rd"": ""2"", ""rdoq-level"": ""0"", ""rect"": ""0"", ""ref"": ""5"", ""rskip"": ""1"", ""sao"": ""1"", ""scenecut"": ""32"", ""subme"": ""2"", ""tu-inter-depth"": ""1"", ""tu-intra-depth"": ""3"", ""weightb"": ""1"", ""weightp"": ""0"", ""wpp"": ""0""}"
x265,bestconfig,7303,single,131,82.32,3.75,82.32,4.079898118972778,"['Standard', '320p', 30, '10s']",0.0,4.079808235168457,0.0,"{""amp"": ""1"", ""aq-mode"": ""1"", ""aq-strength"": ""1.2"", ""b-adapt"": ""0"", ""bframes"": ""3"", ""crf"": ""25.0"", ""ctu"": ""64"", ""keyint"": ""108"", ""limit-refs"": ""0"", ""limit-tu"": ""3"", ""me"": ""hex"", ""merange"": ""32"", ""open-gop"": ""1"", ""psy-rd"": ""1.5"", ""psy-rdoq"": ""0.5"", ""qcomp"": ""0.75"", ""qpmax"": ""37"", ""qpmin"": ""7"", ""rc-lookahead"": ""37"", ""rd"": ""3"", ""rdoq-level"": ""0"", ""rect"": ""0"", ""ref"": ""3"", ""rskip"": ""1"", ""sao"": ""0"", ""scenecut"": ""56"", ""subme"": ""5"", ""tu-inter-depth"": ""1"", ""tu-intra-depth"": ""2"", ""weightb"": ""0"", ""weightp"": ""0"", ""wpp"": ""0""}"
x265,bestconfig,7303,single,132,2.65,114.86,2.65,115.18340873718262,"['Standard', '320p', 30, '10s']",0.0,115.18330979347229,0.0,"{""amp"": ""1"", ""aq-mode"": ""2"", ""aq-strength"": ""1.8"", ""b-adapt"": ""1"", ""bframes"": ""4"", ""crf"": ""18.0"", ""ctu"": ""16"", ""keyint"": ""465"", ""limit-refs"": ""2"", ""limit-tu"": ""2"", ""me"": ""full"", ""merange"": ""51"", ""open-gop"": ""0"", ""psy-rd"": ""3.0"", ""psy-rdoq"": ""4.5"", ""qcomp"": ""0.9"", ""qpmax"": ""20"", ""qpmin"": ""2"", ""rc-lookahead"": ""47"", ""rd"": ""4"", ""rdoq-level"": ""2"", ""rect"": ""1"", ""ref"": ""2"", ""rskip"": ""0"", ""sao"": ""1"", ""scenecut"": ""98"", ""subme"": ""1"", ""tu-inter-depth"": ""3"", ""tu-intra-depth"": ""3"", ""weightb"": ""0"", ""weightp"": ""0"", ""wpp"": ""0""}"
x265,bestconfig,7303,single,133,20.73,14.71,20.73,15.052587509155273,"['Standard', '320p', 30, '10s']",0.0,15.05249810218811,0.0,"{""amp"": ""0"", ""aq-mode"": ""1"", ""aq-strength"": ""0.0"", ""b-adapt"": ""1"", ""bframes"": ""7"", ""crf"": ""28.0"", ""ctu"": ""32"", ""keyint"": ""271"", ""limit-refs"": ""2"", ""limit-tu"": ""4"", ""me"": ""dia"", ""merange"": ""38"", ""open-gop"": ""1"", ""psy-rd"": ""2.5"", ""psy-rdoq"": ""3.0"", ""qcomp"": ""1.0"", ""qpmax"": ""31"", ""qpmin"": ""17"", ""rc-lookahead"": ""19"", ""rd"": ""5"", ""rdoq-level"": ""1"", ""rect"": ""1"", ""ref"": ""2"", ""rskip"": ""1"", ""sao"": ""0"", ""scenecut"": ""21"", ""subme"": ""2"", ""tu-inter-depth"": ""3"", ""tu-intra-depth"": ""1"", ""weightb"": ""1"", ""weightp"": ""0"", ""wpp"": ""1""}"
x265,bestconfig,7303,single,134,9.44,32.24,9.44,32.59052133560181,"['Standard', '320p', 30, '10s']",0.0,32.5904278755188,0.0,"{""amp"": ""0"", ""aq-mode"": ""3"", ""aq-strength"": ""0.5"", ""b-adapt"": ""0"", ""bframes"": ""6"", ""crf"": ""30.0"", ""ctu"": ""16"", ""keyint"": ""53"", ""limit-refs"": ""1"", ""limit-tu"": ""1"", ""me"": ""star"", ""merange"": ""25"", ""open-gop"": ""1"", ""psy-rd"": ""1.0"", ""psy-rdoq"": ""2.0"", ""qcomp"": ""0.5"", ""qpmax"": ""25"", ""qpmin"": ""18"", ""rc-lookahead"": ""34"", ""rd"": ""5"", ""rdoq-level"": ""1"", ""rect"": ""1"", ""ref"": ""4"", ""rskip"": ""0"", ""sao"": ""1"", ""scenecut"": ""50"", ""subme"": ""3"", ""tu-inter-depth"": ""2"", ""tu-intra-depth"": ""2"", ""weightb"": ""1"", ""weightp"": ""1"", ""wpp"": ""1""}"
x265,bestconfig,7303,single,135,116.04,2.72,116.04,3.2108826637268066,"['Standard', '320p', 30, '10s']",0.0,3.2107934951782227,0.0,"{""amp"": ""1"", ""aq-mode"": ""3"", ""aq-strength"": ""1.5"", ""b-adapt"": ""1"", ""bframes"": ""0"", ""crf"": ""32.0"", ""ctu"": ""64"", ""keyint"": ""349"", ""limit-refs"": ""1"", ""limit-tu"": ""2"", ""me"": ""dia"", ""merange"": ""20"", ""open-gop"": ""1"", ""psy-rd"": ""0.0"", ""psy-rdoq"": ""1.0"", ""qcomp"": ""0.5"", ""qpmax"": ""41"", ""qpmin"": ""9"", ""rc-lookahead"": ""52"", ""rd"": ""2"", ""rdoq-level"": ""1"", ""rect"": ""0"", ""ref"": ""3"", ""rskip"": ""1"", ""sao"": ""0"", ""scenecut"": ""76"", ""subme"": ""3"", ""tu-inter-depth"": ""2"", ""tu-intra-depth"": ""3"", ""weightb"": ""0"", ""weightp"": ""1"", ""wpp"": ""1""}"
x265,bestconfig,7303,single,136,25.45,12.0,25.45,12.339633464813232,"['Standard', '320p', 30, '10s']",0.0,12.339538097381592,0.0,"{""amp"": ""1"", ""aq-mode"": ""0"", ""aq-strength"": ""1.0"", ""b-adapt"": ""1"", ""bframes"": ""5"", ""crf"": ""22.0"", ""ctu"": ""32"", ""keyint"": ""213"", ""limit-refs"": ""1"", ""limit-tu"": ""0"", ""me"": ""umh"", ""merange"": ""56"", ""open-gop"": ""0"", ""psy-rd"": ""3.5"", ""psy-rdoq"": ""2.5"", ""qcomp"": ""0.8"", ""qpmax"": ""48"", ""qpmin"": ""3"", ""rc-lookahead"": ""59"", ""rd"": ""1"", ""rdoq-level"": ""2"", ""rect"": ""0"", ""ref"": ""4"", ""rskip"": ""0"", ""sao"": ""1"", ""scenecut"": ""69"", ""subme"": ""4"", ""tu-inter-depth"": ""4"", ""tu-intra-depth"": ""3"", ""weightb"": ""0"", ""weightp"": ""1"", ""wpp"": ""1""}"
x265,bestconfig,7303,single,137,78.66,3.92,78.66,4.418855428695679,"['Standard', '320p', 30, '10s']",0.0,4.418753147125244,0.0,"{""amp"": ""0"", ""aq-mode"": ""3"", ""aq-strength"": ""0.5"", ""b-adapt"": ""1"", ""bframes"": ""3"", ""crf"": ""32.0"", ""ctu"": ""64"", ""keyint"": ""459"", ""limit-refs"": ""3"", ""limit-tu"": ""3"", ""me"": ""dia"", ""merange"": ""41"", ""open-gop"": ""0"", ""psy-rd"": ""0.5"", ""psy-rdoq"": ""1.0"", ""qcomp"": ""0.9"", ""qpmax"": ""41"", ""qpmin"": ""6"", ""rc-lookahead"": ""31"", ""rd"": ""4"", ""rdoq-level"": ""2"", ""rect"": ""1"", ""ref"": ""4"", ""rskip"": ""1"", ""sao"": ""0"", ""scenecut"": ""97"", ""subme"": ""4"", ""tu-inter-depth"": ""1"", ""tu-intra-depth"": ""2"", ""weightb"": ""0"", ""weightp"": ""0"", ""wpp"": ""0""}"
x265,bestconfig,7303,single,138,43.38,7.06,43.38,7.390031099319458,"['Standard', '320p', 30, '10s']",0.0,7.389937162399292,0.0,"{""amp"": ""0"", ""aq-mode"": ""2"", ""aq-strength"": ""0.0"", ""b-adapt"": ""1"", ""bframes"": ""3"", ""crf"": ""25.0"", ""ctu"": ""16"", ""keyint"": ""452"", ""limit-refs"": ""2"", ""limit-tu"": ""4"", ""me"": ""hex"", ""merange"": ""42"", ""open-gop"": ""1"", ""psy-rd"": ""1.5"", ""psy-rdoq"": ""0.5"", ""qcomp"": ""0.7"", ""qpmax"": ""44"", ""qpmin"": ""7"", ""rc-lookahead"": ""26"", ""rd"": ""4"", ""rdoq-level"": ""2"", ""rect"": ""1"", ""ref"": ""3"", ""rskip"": ""1"", ""sao"": ""1"", ""scenecut"": ""83"", ""subme"": ""4"", ""tu-inter-depth"": ""2"", ""tu-intra-depth"": ""1"", ""weightb"": ""0"", ""weightp"": ""1"", ""wpp"": ""1""}"
x265,bestconfig,7303,single,139,25.16,12.14,25.16,12.463424921035767,"['Standard', '320p', 30, '10s']",0.0,12.46333384513855,0.0,"{""amp"": ""1"", ""aq-mode"": ""3"", ""aq-strength"": ""0.8"", ""b-adapt"": ""0"", ""bframes"": ""4"", ""crf"": ""30.0"", ""ctu"": ""64"", ""keyint"": ""449"", ""limit-refs"": ""2"", ""limit-tu"": ""4"", ""me"": ""full"", ""merange"": ""40"", ""open-gop"": ""0"", ""psy-rd"": ""0.0"", ""psy-rdoq"": ""2.5"", ""qcomp"": ""0.6"", ""qpmax"": ""45"", ""qpmin"": ""3"", ""rc-lookahead"": ""30"", ""rd"": ""3"", ""rdoq-level"": ""2"", ""rect"": ""0"", ""ref"": ""4"", ""rskip"": ""0"", ""sao"": ""1"", ""scenecut"": ""85"", ""subme"": ""4"", ""tu-inter-depth"": ""2"", ""tu-intra-depth"": ""2"", ""weightb"": ""1"", ""weightp"": ""0"", ""wpp"": ""0""}"
x265,bestconfig,7303,single,140,84.68,3.65,84.68,3.994540214538574,"['Standard', '320p', 30, '10s']",0.0,3.9944474697113037,0.0,"{""amp"": ""0"", ""aq-mode"": ""4"", ""aq-strength"": ""2.0"", ""b-adapt"": ""2"", ""bframes"": ""2"", ""crf"": ""28.0"", ""ctu"": ""32"", ""keyint"": ""443"", ""limit-refs"": ""3"", ""limit-tu"": ""3"", ""me"": ""star"", ""merange"": ""39"", ""open-gop"": ""1"", ""psy-rd"": ""2.5"", ""psy-rdoq"": ""0.0"", ""qcomp"": ""0.5"", ""qpmax"": ""43"", ""qpmin"": ""6"", ""rc-lookahead"": ""28"", ""rd"": ""4"", ""rdoq-level"": ""1"", ""rect"": ""0"", ""ref"": ""4"", ""rskip"": ""1"", ""sao"": ""1"", ""scenecut"": ""95"", ""subme"": ""5"", ""tu-inter-depth"": ""1"", ""tu-intra-depth"": ""2"", ""weightb"": ""1"", ""weightp"": ""1"", ""wpp"": ""0""}"
x265,bestconfig,7303,single,141,12.73,23.94,12.73,24.27908420562744,"['Standard', '320p', 30, '10s']",0.0,24.278993606567383,0.0,"{""amp"": ""1"", ""aq-mode"": ""4"", ""aq-strength"": ""1.2"", ""b-adapt"": ""2"", ""bframes"": ""3"", ""crf"": ""18.0"", ""ctu"": ""16"", ""keyint"": ""438"", ""limit-refs"": ""3"", ""limit-tu"": ""3"", ""me"": ""dia"", ""merange"": ""42"", ""open-gop"": ""1"", ""psy-rd"": ""1.0"", ""psy-rdoq"": ""2.0"", ""qcomp"": ""0.5"", ""qpmax"": ""42"", ""qpmin"": ""4"", ""rc-lookahead"": ""21"", ""rd"": ""5"", ""rdoq-level"": ""1"", ""rect"": ""0"", ""ref"": ""5"", ""rskip"": ""0"", ""sao"": ""1"", ""scenecut"": ""87"", ""subme"": ""5"", ""tu-inter-depth"": ""1"", ""tu-intra-depth"": ""3"", ""weightb"": ""1"", ""weightp"": ""0"", ""wpp"": ""1""}"
x265,bestconfig,7303,single,142,15.58,19.58,15.58,19.92579174041748,"['Standard', '320p', 30, '10s']",0.0,19.92570161819458,0.0,"{""amp"": ""1"", ""aq-mode"": ""3"", ""aq-strength"": ""1.0"", ""b-adapt"": ""1"", ""bframes"": ""2"", ""crf"": ""18.0"", ""ctu"": ""32"", ""keyint"": ""465"", ""limit-refs"": ""2"", ""limit-tu"": ""4"", ""me"": ""umh"", ""merange"": ""44"", ""open-gop"": ""0"", ""psy-rd"": ""3.5"", ""psy-rdoq"": ""3.0"", ""qcomp"": ""0.8"", ""qpmax"": ""43"", ""qpmin"": ""4"", ""rc-lookahead"": ""24"", ""rd"": ""4"", ""rdoq-level"": ""2"", ""rect"": ""1"", ""ref"": ""3"", ""rskip"": ""0"", ""sao"": ""0"", ""scenecut"": ""79"", ""subme"": ""4"", ""tu-inter-depth"": ""2"", ""tu-intra-depth"": ""3"", ""weightb"": ""1"", ""weightp"": ""1"", ""wpp"": ""0""}"
x265,bestconfig,7303,single,143,36.53,8.37,36.53,8.730340957641602,"['Standard', '320p', 30, '10s']",0.0,8.730247259140015,0.0,"{""amp"": ""1"", ""aq-mode"": ""2"", ""aq-strength"": ""1.8"", ""b-adapt"": ""0"", ""bframes"": ""3"", ""crf"": ""20.0"", ""ctu"": ""32"", ""keyint"": ""440"", ""limit-refs"": ""2"", ""limit-tu"": ""3"", ""me"": ""hex"", ""merange"": ""43"", ""open-gop"": ""0"", ""psy-rd"": ""3.0"", ""psy-rdoq"": ""4.0"", ""qcomp"": ""1.0"", ""qpmax"": ""44"", ""qpmin"": ""5"", ""rc-lookahead"": ""19"", ""rd"": ""3"", ""rdoq-level"": ""1"", ""rect"": ""0"", ""ref"": ""4"", ""rskip"": ""1"", ""sao"": ""0"", ""scenecut"": ""90"", ""subme"": ""3"", ""tu-inter-depth"": ""1"", ""tu-intra-depth"": ""2"", ""weightb"": ""0"", ""weightp"": ""1"", ""wpp"": ""1""}"
x265,bestconfig,7303,single,144,10.24,29.75,10.24,30.099971055984497,"['Standard', '320p', 30, '10s']",0.0,30.09982967376709,0.0,"{""amp"": ""0"", ""aq-mode"": ""3"", ""aq-strength"": ""1.5"", ""b-adapt"": ""1"", ""bframes"": ""4"", ""crf"": ""22.0"", ""ctu"": ""16"", ""keyint"": ""454"", ""limit-refs"": ""3"", ""limit-tu"": ""4"", ""me"": ""star"", ""merange"": ""39"", ""open-gop"": ""1"", ""psy-rd"": ""2.0"", ""psy-rdoq"": ""4.5"", ""qcomp"": ""0.75"", ""qpmax"": ""42"", ""qpmin"": ""5"", ""rc-lookahead"": ""33"", ""rd"": ""5"", ""rdoq-level"": ""1"", ""rect"": ""1"", ""ref"": ""5"", ""rskip"": ""0"", ""sao"": ""0"", ""scenecut"": ""76"", ""subme"": ""3"", ""tu-inter-depth"": ""2"", ""tu-intra-depth"": ""1"", ""weightb"": ""0"", ""weightp"": ""0"", ""wpp"": ""1""}"
x265,bestconfig,7303,single,145,1.83,166.03,1.83,166.3799693584442,"['Standard', '320p', 30, '10s']",0.0,166.37986254692078,0.0,"{""amp"": ""0"", ""aq-mode"": ""1"", ""aq-strength"": ""0.0"", ""b-adapt"": ""1"", ""bframes"": ""4"", ""crf"": ""22.0"", ""ctu"": ""32"", ""keyint"": ""381"", ""limit-refs"": ""2"", ""limit-tu"": ""0"", ""me"": ""full"", ""merange"": ""53"", ""open-gop"": ""1"", ""psy-rd"": ""2.5"", ""psy-rdoq"": ""0.5"", ""qcomp"": ""0.7"", ""qpmax"": ""32"", ""qpmin"": ""20"", ""rc-lookahead"": ""12"", ""rd"": ""5"", ""rdoq-level"": ""2"", ""rect"": ""0"", ""ref"": ""5"", ""rskip"": ""1"", ""sao"": ""0"", ""scenecut"": ""82"", ""subme"": ""2"", ""tu-inter-depth"": ""2"", ""tu-intra-depth"": ""3"", ""weightb"": ""1"", ""weightp"": ""1"", ""wpp"": ""1""}"
x265,bestconfig,7303,single,146,7.2,42.3,7.2,42.64466190338135,"['Standard', '320p', 30, '10s']",0.0,42.64456748962402,0.0,"{""amp"": ""1"", ""aq-mode"": ""3"", ""aq-strength"": ""0.8"", ""b-adapt"": ""1"", ""bframes"": ""2"", ""crf"": ""18.0"", ""ctu"": ""32"", ""keyint"": ""374"", ""limit-refs"": ""1"", ""limit-tu"": ""1"", ""me"": ""hex"", ""merange"": ""30"", ""open-gop"": ""0"", ""psy-rd"": ""3.5"", ""psy-rdoq"": ""4.5"", ""qcomp"": ""0.75"", ""qpmax"": ""25"", ""qpmin"": ""4"", ""rc-lookahead"": ""45"", ""rd"": ""5"", ""rdoq-level"": ""0"", ""rect"": ""1"", ""ref"": ""3"", ""rskip"": ""0"", ""sao"": ""1"", ""scenecut"": ""39"", ""subme"": ""4"", ""tu-inter-depth"": ""4"", ""tu-intra-depth"": ""3"", ""weightb"": ""0"", ""weightp"": ""0"", ""wpp"": ""1""}"
x265,bestconfig,7303,single,147,32.19,9.5,32.19,9.83417820930481,"['Standard', '320p', 30, '10s']",0.0,9.834086894989014,0.0,"{""amp"": ""0"", ""aq-mode"": ""2"", ""aq-strength"": ""0.5"", ""b-adapt"": ""0"", ""bframes"": ""0"", ""crf"": ""25.0"", ""ctu"": ""16"", ""keyint"": ""270"", ""limit-refs"": ""2"", ""limit-tu"": ""3"", ""me"": ""dia"", ""merange"": ""20"", ""open-gop"": ""0"", ""psy-rd"": ""1.5"", ""psy-rdoq"": ""2.5"", ""qcomp"": ""0.5"", ""qpmax"": ""24"", ""qpmin"": ""1"", ""rc-lookahead"": ""28"", ""rd"": ""2"", ""rdoq-level"": ""1"", ""rect"": ""1"", ""ref"": ""4"", ""rskip"": ""1"", ""sao"": ""0"", ""scenecut"": ""51"", ""subme"": ""3"", ""tu-inter-depth"": ""1"", ""tu-intra-depth"": ""1"", ""weightb"": ""0"", ""weightp"": ""1"", ""wpp"": ""0""}"
x265,bestconfig,7303,single,148,45.14,6.84,45.14,7.38349175453186,"['Standard', '320p', 30, '10s']",0.0,7.383392810821533,0.0,"{""amp"": ""1"", ""aq-mode"": ""1"", ""aq-strength"": ""1.5"", ""b-adapt"": ""1"", ""bframes"": ""1"", ""crf"": ""20.0"", ""ctu"": ""64"", ""keyint"": ""101"", ""limit-refs"": ""1"", ""limit-tu"": ""4"", ""me"": ""hex"", ""merange"": ""61"", ""open-gop"": ""1"", ""psy-rd"": ""1.0"", ""psy-rdoq"": ""2.0"", ""qcomp"": ""0.5"", ""qpmax"": ""50"", ""qpmin"": ""8"", ""rc-lookahead"": ""54"", ""rd"": ""3"", ""rdoq-level"": ""1"", ""rect"": ""0"", ""ref"": ""5"", ""rskip"": ""1"", ""sao"": ""1"", ""scenecut"": ""17"", ""subme"": ""5"", ""tu-inter-depth"": ""2"", ""tu-intra-depth"": ""2"", ""weightb"": ""0"", ""weightp"": ""1"", ""wpp"": ""1""}"
x265,bestconfig,7303,single,149,34.03,9.03,34.03,9.38239574432373,"['Standard', '320p', 30, '10s']",0.0,9.382307767868042,0.0,"{""amp"": ""0"", ""aq-mode"": ""4"", ""aq-strength"": ""1.2"", ""b-adapt"": ""2"", ""bframes"": ""5"", ""crf"": ""18.0"", ""ctu"": ""16"", ""keyint"": ""442"", ""limit-refs"": ""3"", ""limit-tu"": ""2"", ""me"": ""star"", ""merange"": ""51"", ""open-gop"": ""0"", ""psy-rd"": ""3.0"", ""psy-rdoq"": ""1.0"", ""qcomp"": ""1.0"", ""qpmax"": ""29"", ""qpmin"": ""17"", ""rc-lookahead"": ""22"", ""rd"": ""2"", ""rdoq-level"": ""1"", ""rect"": ""0"", ""ref"": ""2"", ""rskip"": ""0"", ""sao"": ""0"", ""scenecut"": ""36"", ""subme"": ""3"", ""tu-inter-depth"": ""2"", ""tu-intra-depth"": ""2"", ""weightb"": ""1"", ""weightp"": ""0"", ""wpp"": ""0""}"
x265,bestconfig,7303,single,150,65.11,4.72,65.11,5.041044235229492,"['Standard', '320p', 30, '10s']",0.0,5.040958404541016,0.0,"{""amp"": ""1"", ""aq-mode"": ""3"", ""aq-strength"": ""1.8"", ""b-adapt"": ""1"", ""bframes"": ""7"", ""crf"": ""28.0"", ""ctu"": ""16"", ""keyint"": ""231"", ""limit-refs"": ""2"", ""limit-tu"": ""1"", ""me"": ""dia"", ""merange"": ""35"", ""open-gop"": ""0"", ""psy-rd"": ""0.5"", ""psy-rdoq"": ""4.0"", ""qcomp"": ""0.6"", ""qpmax"": ""40"", ""qpmin"": ""7"", ""rc-lookahead"": ""48"", ""rd"": ""4"", ""rdoq-level"": ""1"", ""rect"": ""1"", ""ref"": ""2"", ""rskip"": ""1"", ""sao"": ""1"", ""scenecut"": ""73"", ""subme"": ""1"", ""tu-inter-depth"": ""3"", ""tu-intra-depth"": ""3"", ""weightb"": ""0"", ""weightp"": ""0"", ""wpp"": ""1""}"
x265,bestconfig,7303,single,151,66.08,4.66,66.08,4.989109516143799,"['Standard', '320p', 30, '10s']",0.0,4.989018678665161,0.0,"{""amp"": ""1"", ""aq-mode"": ""2"", ""aq-strength"": ""1.0"", ""b-adapt"": ""2"", ""bframes"": ""6"", ""crf"": ""30.0"", ""ctu"": ""64"", ""keyint"": ""70"", ""limit-refs"": ""1"", ""limit-tu"": ""3"", ""me"": ""umh"", ""merange"": ""40"", ""open-gop"": ""1"", ""psy-rd"": ""0.0"", ""psy-rdoq"": ""3.0"", ""qcomp"": ""0.9"", ""qpmax"": ""44"", ""qpmin"": ""10"", ""rc-lookahead"": ""32"", ""rd"": ""2"", ""rdoq-level"": ""0"", ""rect"": ""0"", ""ref"": ""1"", ""rskip"": ""0"", ""sao"": ""1"", ""scenecut"": ""92"", ""subme"": ""2"", ""tu-inter-depth"": ""3"", ""tu-intra-depth"": ""2"", ""weightb"": ""1"", ""weightp"": ""1"", ""wpp"": ""0""}"
x265,bestconfig,7303,single,152,12.81,23.78,12.81,24.11665391921997,"['Standard', '320p', 30, '10s']",0.0,24.11656665802002,0.0,"{""amp"": ""0"", ""aq-mode"": ""0"", ""aq-strength"": ""2.0"", ""b-adapt"": ""0"", ""bframes"": ""7"", ""crf"": ""32.0"", ""ctu"": ""32"", ""keyint"": ""154"", ""limit-refs"": ""0"", ""limit-tu"": ""2"", ""me"": ""star"", ""merange"": ""27"", ""open-gop"": ""1"", ""psy-rd"": ""2.0"", ""psy-rdoq"": ""0.0"", ""qcomp"": ""0.8"", ""qpmax"": ""37"", ""qpmin"": ""13"", ""rc-lookahead"": ""37"", ""rd"": ""5"", ""rdoq-level"": ""2"", ""rect"": ""1"", ""ref"": ""5"", ""rskip"": ""0"", ""sao"": ""0"", ""scenecut"": ""10"", ""subme"": ""4"", ""tu-inter-depth"": ""3"", ""tu-intra-depth"": ""3"", ""weightb"": ""1"", ""weightp"": ""0"", ""wpp"": ""0""}"
x265,bestconfig,7303,single,153,30.36,10.07,30.36,10.39898133277893,"['Standard', '320p', 30, '10s']",0.0,10.398892879486084,0.0,"{""amp"": ""1"", ""aq-mode"": ""3"", ""aq-strength"": ""2.0"", ""b-adapt"": ""2"", ""bframes"": ""2"", ""crf"": ""22.0"", ""ctu"": ""64"", ""keyint"": ""448"", ""limit-refs"": ""2"", ""limit-tu"": ""4"", ""me"": ""dia"", ""merange"": ""44"", ""open-gop"": ""0"", ""psy-rd"": ""0.0"", ""psy-rdoq"": ""0.5"", ""qcomp"": ""0.6"", ""qpmax"": ""50"", ""qpmin"": ""3"", ""rc-lookahead"": ""22"", ""rd"": ""3"", ""rdoq-level"": ""1"", ""rect"": ""1"", ""ref"": ""3"", ""rskip"": ""1"", ""sao"": ""1"", ""scenecut"": ""90"", ""subme"": ""4"", ""tu-inter-depth"": ""2"", ""tu-intra-depth"": ""1"", ""weightb"": ""1"", ""weightp"": ""1"", ""wpp"": ""0""}"
x265,bestconfig,7303,single,154,48.52,6.34,48.52,6.667623519897461,"['Standard', '320p', 30, '10s']",0.0,6.667534351348877,0.0,"{""amp"": ""1"", ""aq-mode"": ""2"", ""aq-strength"": ""0.5"", ""b-adapt"": ""1"", ""bframes"": ""3"", ""crf"": ""28.0"", ""ctu"": ""16"", ""keyint"": ""446"", ""limit-refs"": ""2"", ""limit-tu"": ""4"", ""me"": ""star"", ""merange"": ""50"", ""open-gop"": ""0"", ""psy-rd"": ""2.5"", ""psy-rdoq"": ""4.0"", ""qcomp"": ""1.0"", ""qpmax"": ""48"", ""qpmin"": ""2"", ""rc-lookahead"": ""26"", ""rd"": ""4"", ""rdoq-level"": ""2"", ""rect"": ""0"", ""ref"": ""4"", ""rskip"": ""0"", ""sao"": ""0"", ""scenecut"": ""82"", ""subme"": ""4"", ""tu-inter-depth"": ""1"", ""tu-intra-depth"": ""3"", ""weightb"": ""0"", ""weightp"": ""0"", ""wpp"": ""1""}"
x265,bestconfig,7303,single,155,41.74,7.34,41.74,7.673015356063843,"['Standard', '320p', 30, '10s']",0.0,7.672928094863892,0.0,"{""amp"": ""0"", ""aq-mode"": ""3"", ""aq-strength"": ""1.2"", ""b-adapt"": ""0"", ""bframes"": ""3"", ""crf"": ""25.0"", ""ctu"": ""32"", ""keyint"": ""444"", ""limit-refs"": ""2"", ""limit-tu"": ""3"", ""me"": ""hex"", ""merange"": ""46"", ""open-gop"": ""1"", ""psy-rd"": ""1.5"", ""psy-rdoq"": ""3.0"", ""qcomp"": ""0.5"", ""qpmax"": ""40"", ""qpmin"": ""4"", ""rc-lookahead"": ""28"", ""rd"": ""4"", ""rdoq-level"": ""2"", ""rect"": ""1"", ""ref"": ""5"", ""rskip"": ""1"", ""sao"": ""1"", ""scenecut"": ""84"", ""subme"": ""5"", ""tu-inter-depth"": ""2"", ""tu-intra-depth"": ""2"", ""weightb"": ""1"", ""weightp"": ""1"", ""wpp"": ""1""}"
x265,bestconfig,7303,single,156,13.47,22.63,13.47,22.960776567459106,"['Standard', '320p', 30, '10s']",0.0,22.9606773853302,0.0,"{""amp"": ""0"", ""aq-mode"": ""4"", ""aq-strength"": ""1.8"", ""b-adapt"": ""1"", ""bframes"": ""3"", ""crf"": ""18.0"", ""ctu"": ""32"", ""keyint"": ""445"", ""limit-refs"": ""3"", ""limit-tu"": ""3"", ""me"": ""star"", ""merange"": ""51"", ""open-gop"": ""1"", ""psy-rd"": ""3.0"", ""psy-rdoq"": ""0.0"", ""qcomp"": ""0.8"", ""qpmax"": ""45"", ""qpmin"": ""7"", ""rc-lookahead"": ""26"", ""rd"": ""5"", ""rdoq-level"": ""2"", ""rect"": ""0"", ""ref"": ""4"", ""rskip"": ""1"", ""sao"": ""0"", ""scenecut"": ""88"", ""subme"": ""4"", ""tu-inter-depth"": ""2"", ""tu-intra-depth"": ""2"", ""weightb"": ""1"", ""weightp"": ""1"", ""wpp"": ""0""}"
x265,bestconfig,7303,single,157,27.68,11.04,27.68,11.376971006393433,"['Standard', '320p', 30, '10s']",0.0,11.376879930496216,0.0,"{""amp"": ""0"", ""aq-mode"": ""4"", ""aq-strength"": ""1.0"", ""b-adapt"": ""1"", ""bframes"": ""4"", ""crf"": ""20.0"", ""ctu"": ""16"", ""keyint"": ""443"", ""limit-refs"": ""2"", ""limit-tu"": ""4"", ""me"": ""umh"", ""merange"": ""47"", ""open-gop"": ""0"", ""psy-rd"": ""3.5"", ""psy-rdoq"": ""4.5"", ""qcomp"": ""0.75"", ""qpmax"": ""46"", ""qpmin"": ""5"", ""rc-lookahead"": ""24"", ""rd"": ""4"", ""rdoq-level"": ""1"", ""rect"": ""1"", ""ref"": ""4"", ""rskip"": ""0"", ""sao"": ""1"", ""scenecut"": ""85"", ""subme"": ""3"", ""tu-inter-depth"": ""1"", ""tu-intra-depth"": ""2"", ""weightb"": ""0"", ""weightp"": ""0"", ""wpp"": ""0""}"
x265,bestconfig,7303,single,158,93.97,3.29,93.97,3.6154234409332275,"['Standard', '320p', 30, '10s']",0.0,3.6153342723846436,0.0,"{""amp"": ""1"", ""aq-mode"": ""2"", ""aq-strength"": ""0.8"", ""b-adapt"": ""2"", ""bframes"": ""3"", ""crf"": ""30.0"", ""ctu"": ""16"", ""keyint"": ""442"", ""limit-refs"": ""3"", ""limit-tu"": ""3"", ""me"": ""hex"", ""merange"": ""43"", ""open-gop"": ""0"", ""psy-rd"": ""1.0"", ""psy-rdoq"": ""2.0"", ""qcomp"": ""0.7"", ""qpmax"": ""44"", ""qpmin"": ""4"", ""rc-lookahead"": ""24"", ""rd"": ""3"", ""rdoq-level"": ""1"", ""rect"": ""0"", ""ref"": ""4"", ""rskip"": ""1"", ""sao"": ""0"", ""scenecut"": ""91"", ""subme"": ""5"", ""tu-inter-depth"": ""1"", ""tu-intra-depth"": ""2"", ""weightb"": ""0"", ""weightp"": ""0"", ""wpp"": ""0""}"
x265,bestconfig,7303,single,159,1.47,206.98,1.47,207.32118558883667,"['Standard', '320p', 30, '10s']",0.0,207.32107281684875,0.0,"{""amp"": ""0"", ""aq-mode"": ""3"", ""aq-strength"": ""1.5"", ""b-adapt"": ""1"", ""bframes"": ""2"", ""crf"": ""18.0"", ""ctu"": ""32"", ""keyint"": ""447"", ""limit-refs"": ""3"", ""limit-tu"": ""3"", ""me"": ""full"", ""merange"": ""41"", ""open-gop"": ""1"", ""psy-rd"": ""0.5"", ""psy-rdoq"": ""2.5"", ""qcomp"": ""0.5"", ""qpmax"": ""41"", ""qpmin"": ""6"", ""rc-lookahead"": ""23"", ""rd"": ""5"", ""rdoq-level"": ""1"", ""rect"": ""1"", ""ref"": ""5"", ""rskip"": ""0"", ""sao"": ""0"", ""scenecut"": ""87"", ""subme"": ""4"", ""tu-inter-depth"": ""1"", ""tu-intra-depth"": ""1"", ""weightb"": ""0"", ""weightp"": ""1"", ""wpp"": ""1""}"
x265,bestconfig,7303,single,160,60.95,5.04,60.95,5.369379758834839,"['Standard', '320p', 30, '10s']",0.0,5.369291543960571,0.0,"{""amp"": ""1"", ""aq-mode"": ""3"", ""aq-strength"": ""0.0"", ""b-adapt"": ""0"", ""bframes"": ""4"", ""crf"": ""32.0"", ""ctu"": ""64"", ""keyint"": ""445"", ""limit-refs"": ""3"", ""limit-tu"": ""4"", ""me"": ""dia"", ""merange"": ""44"", ""open-gop"": ""1"", ""psy-rd"": ""2.0"", ""psy-rdoq"": ""1.0"", ""qcomp"": ""0.9"", ""qpmax"": ""45"", ""qpmin"": ""2"", ""rc-lookahead"": ""27"", ""rd"": ""4"", ""rdoq-level"": ""2"", ""rect"": ""0"", ""ref"": ""3"", ""rskip"": ""0"", ""sao"": ""1"", ""scenecut"": ""88"", ""subme"": ""3"", ""tu-inter-depth"": ""2"", ""tu-intra-depth"": ""3"", ""weightb"": ""1"", ""weightp"": ""0"", ""wpp"": ""1""}"
x265,bestconfig,7303,single,161,9.53,31.94,9.53,32.275927782058716,"['Standard', '320p', 30, '10s']",0.0,32.27583956718445,0.0,"{""amp"": ""1"", ""aq-mode"": ""3"", ""aq-strength"": ""1.5"", ""b-adapt"": ""1"", ""bframes"": ""1"", ""crf"": ""30.0"", ""ctu"": ""16"", ""keyint"": ""122"", ""limit-refs"": ""1"", ""limit-tu"": ""2"", ""me"": ""hex"", ""merange"": ""45"", ""open-gop"": ""0"", ""psy-rd"": ""1.5"", ""psy-rdoq"": ""1.0"", ""qcomp"": ""0.5"", ""qpmax"": ""22"", ""qpmin"": ""18"", ""rc-lookahead"": ""52"", ""rd"": ""5"", ""rdoq-level"": ""1"", ""rect"": ""0"", ""ref"": ""2"", ""rskip"": ""0"", ""sao"": ""1"", ""scenecut"": ""80"", ""subme"": ""3"", ""tu-inter-depth"": ""2"", ""tu-intra-depth"": ""3"", ""weightb"": ""1"", ""weightp"": ""0"", ""wpp"": ""1""}"
x265,bestconfig,7303,single,162,11.17,27.28,11.17,27.610010147094727,"['Standard', '320p', 30, '10s']",0.0,27.60991621017456,0.0,"{""amp"": ""1"", ""aq-mode"": ""1"", ""aq-strength"": ""2.0"", ""b-adapt"": ""1"", ""bframes"": ""7"", ""crf"": ""18.0"", ""ctu"": ""64"", ""keyint"": ""228"", ""limit-refs"": ""1"", ""limit-tu"": ""3"", ""me"": ""full"", ""merange"": ""53"", ""open-gop"": ""1"", ""psy-rd"": ""2.5"", ""psy-rdoq"": ""3.0"", ""qcomp"": ""0.6"", ""qpmax"": ""28"", ""qpmin"": ""7"", ""rc-lookahead"": ""20"", ""rd"": ""3"", ""rdoq-level"": ""0"", ""rect"": ""0"", ""ref"": ""3"", ""rskip"": ""1"", ""sao"": ""0"", ""scenecut"": ""28"", ""subme"": ""1"", ""tu-inter-depth"": ""4"", ""tu-intra-depth"": ""1"", ""weightb"": ""0"", ""weightp"": ""0"", ""wpp"": ""1""}"
x265,bestconfig,7303,single,163,39.97,7.7,39.97,8.22649621963501,"['Standard', '320p', 30, '10s']",0.0,8.226360321044922,0.0,"{""amp"": ""1"", ""aq-mode"": ""2"", ""aq-strength"": ""1.0"", ""b-adapt"": ""0"", ""bframes"": ""2"", ""crf"": ""22.0"", ""ctu"": ""32"", ""keyint"": ""375"", ""limit-refs"": ""2"", ""limit-tu"": ""1"", ""me"": ""hex"", ""merange"": ""40"", ""open-gop"": ""0"", ""psy-rd"": ""3.0"", ""psy-rdoq"": ""0.0"", ""qcomp"": ""0.5"", ""qpmax"": ""38"", ""qpmin"": ""16"", ""rc-lookahead"": ""31"", ""rd"": ""2"", ""rdoq-level"": ""2"", ""rect"": ""1"", ""ref"": ""3"", ""rskip"": ""1"", ""sao"": ""1"", ""scenecut"": ""3"", ""subme"": ""2"", ""tu-inter-depth"": ""2"", ""tu-intra-depth"": ""4"", ""weightb"": ""0"", ""weightp"": ""1"", ""wpp"": ""0""}"
x265,bestconfig,7303,single,164,55.67,5.51,55.67,5.881041049957275,"['Standard', '320p', 30, '10s']",0.0,5.8809449672698975,0.0,"{""amp"": ""0"", ""aq-mode"": ""1"", ""aq-strength"": ""1.8"", ""b-adapt"": ""2"", ""bframes"": ""2"", ""crf"": ""25.0"", ""ctu"": ""32"", ""keyint"": ""47"", ""limit-refs"": ""3"", ""limit-tu"": ""1"", ""me"": ""dia"", ""merange"": ""23"", ""open-gop"": ""1"", ""psy-rd"": ""0.5"", ""psy-rdoq"": ""4.5"", ""qcomp"": ""0.75"", ""qpmax"": ""41"", ""qpmin"": ""10"", ""rc-lookahead"": ""44"", ""rd"": ""4"", ""rdoq-level"": ""0"", ""rect"": ""1"", ""ref"": ""4"", ""rskip"": ""0"", ""sao"": ""0"", ""scenecut"": ""14"", ""subme"": ""3"", ""tu-inter-depth"": ""3"", ""tu-intra-depth"": ""4"", ""weightb"": ""0"", ""weightp"": ""1"", ""wpp"": ""0""}"
x265,bestconfig,7303,single,165,18.13,16.82,18.13,17.220987796783447,"['Standard', '320p', 30, '10s']",0.0,17.220853567123413,0.0,"{""amp"": ""1"", ""aq-mode"": ""2"", ""aq-strength"": ""0.0"", ""b-adapt"": ""1"", ""bframes"": ""4"", ""crf"": ""28.0"", ""ctu"": ""32"", ""keyint"": ""154"", ""limit-refs"": ""0"", ""limit-tu"": ""0"", ""me"": ""umh"", ""merange"": ""16"", ""open-gop"": ""0"", ""psy-rd"": ""1.0"", ""psy-rdoq"": ""0.5"", ""qcomp"": ""0.8"", ""qpmax"": ""47"", ""qpmin"": ""1"", ""rc-lookahead"": ""11"", ""rd"": ""3"", ""rdoq-level"": ""1"", ""rect"": ""1"", ""ref"": ""5"", ""rskip"": ""0"", ""sao"": ""0"", ""scenecut"": ""46"", ""subme"": ""4"", ""tu-inter-depth"": ""3"", ""tu-intra-depth"": ""2"", ""weightb"": ""0"", ""weightp"": ""0"", ""wpp"": ""1""}"
x265,bestconfig,7303,single,166,13.94,21.85,13.94,22.188678741455078,"['Standard', '320p', 30, '10s']",0.0,22.18858814239502,0.0,"{""amp"": ""0"", ""aq-mode"": ""4"", ""aq-strength"": ""1.2"", ""b-adapt"": ""2"", ""bframes"": ""3"", ""crf"": ""18.0"", ""ctu"": ""16"", ""keyint"": ""400"", ""limit-refs"": ""1"", ""limit-tu"": ""3"", ""me"": ""star"", ""merange"": ""60"", ""open-gop"": ""0"", ""psy-rd"": ""3.5"", ""psy-rdoq"": ""4.0"", ""qcomp"": ""0.7"", ""qpmax"": ""50"", ""qpmin"": ""3"", ""rc-lookahead"": ""23"", ""rd"": ""5"", ""rdoq-level"": ""1"", ""rect"": ""0"", ""ref"": ""2"", ""rskip"": ""0"", ""sao"": ""1"", ""scenecut"": ""96"", ""subme"": ""5"", ""tu-inter-depth"": ""1"", ""tu-intra-depth"": ""3"", ""weightb"": ""1"", ""weightp"": ""1"", ""wpp"": ""1""}"
x265,bestconfig,7303,single,167,17.1,17.87,17.1,18.200719356536865,"['Standard', '320p', 30, '10s']",0.0,18.20063352584839,0.0,"{""amp"": ""0"", ""aq-mode"": ""3"", ""aq-strength"": ""0.8"", ""b-adapt"": ""0"", ""bframes"": ""5"", ""crf"": ""32.0"", ""ctu"": ""64"", ""keyint"": ""465"", ""limit-refs"": ""2"", ""limit-tu"": ""4"", ""me"": ""dia"", ""merange"": ""33"", ""open-gop"": ""1"", ""psy-rd"": ""2.0"", ""psy-rdoq"": ""2.5"", ""qcomp"": ""1.0"", ""qpmax"": ""32"", ""qpmin"": ""8"", ""rc-lookahead"": ""55"", ""rd"": ""6"", ""rdoq-level"": ""1"", ""rect"": ""1"", ""ref"": ""6"", ""rskip"": ""1"", ""sao"": ""1"", ""scenecut"": ""71"", ""subme"": ""4"", ""tu-inter-depth"": ""3"", ""tu-intra-depth"": ""2"", ""weightb"": ""1"", ""weightp"": ""1"", ""wpp"": ""0""}"
x265,bestconfig,7303,single,168,53.27,5.77,53.27,6.163692474365234,"['Standard', '320p', 30, '10s']",0.0,6.16356348991394,0.0,"{""amp"": ""0"", ""aq-mode"": ""0"", ""aq-strength"": ""0.5"", ""b-adapt"": ""1"", ""bframes"": ""8"", ""crf"": ""20.0"", ""ctu"": ""16"", ""keyint"": ""296"", ""limit-refs"": ""3"", ""limit-tu"": ""2"", ""me"": ""star"", ""merange"": ""51"", ""open-gop"": ""1"", ""psy-rd"": ""0.0"", ""psy-rdoq"": ""2.0"", ""qcomp"": ""0.9"", ""qpmax"": ""25"", ""qpmin"": ""13"", ""rc-lookahead"": ""39"", ""rd"": ""2"", ""rdoq-level"": ""2"", ""rect"": ""0"", ""ref"": ""5"", ""rskip"": ""1"", ""sao"": ""0"", ""scenecut"": ""61"", ""subme"": ""2"", ""tu-inter-depth"": ""1"", ""tu-intra-depth"": ""1"", ""weightb"": ""1"", ""weightp"": ""0"", ""wpp"": ""0""}"
x265,bestconfig,7303,single,169,7.86,38.73,7.86,39.12947702407837,"['Standard', '320p', 30, '10s']",0.0,39.129314661026,0.0,"{""amp"": ""1"", ""aq-mode"": ""3"", ""aq-strength"": ""2.0"", ""b-adapt"": ""2"", ""bframes"": ""4"", ""crf"": ""18.0"", ""ctu"": ""32"", ""keyint"": ""432"", ""limit-refs"": ""3"", ""limit-tu"": ""3"", ""me"": ""hex"", ""merange"": ""42"", ""open-gop"": ""0"", ""psy-rd"": ""0.0"", ""psy-rdoq"": ""0.0"", ""qcomp"": ""1.0"", ""qpmax"": ""45"", ""qpmin"": ""5"", ""rc-lookahead"": ""26"", ""rd"": ""5"", ""rdoq-level"": ""2"", ""rect"": ""0"", ""ref"": ""4"", ""rskip"": ""1"", ""sao"": ""0"", ""scenecut"": ""94"", ""subme"": ""5"", ""tu-inter-depth"": ""2"", ""tu-intra-depth"": ""2"", ""weightb"": ""1"", ""weightp"": ""0"", ""wpp"": ""0""}"
x265,bestconfig,7303,single,170,64.11,4.79,64.11,5.121302843093872,"['Standard', '320p', 30, '10s']",0.0,5.121212720870972,0.0,"{""amp"": ""0"", ""aq-mode"": ""3"", ""aq-strength"": ""1.5"", ""b-adapt"": ""0"", ""bframes"": ""3"", ""crf"": ""32.0"", ""ctu"": ""32"", ""keyint"": ""412"", ""limit-refs"": ""2"", ""limit-tu"": ""4"", ""me"": ""dia"", ""merange"": ""43"", ""open-gop"": ""0"", ""psy-rd"": ""1.5"", ""psy-rdoq"": ""3.0"", ""qcomp"": ""0.5"", ""qpmax"": ""44"", ""qpmin"": ""4"", ""rc-lookahead"": ""31"", ""rd"": ""3"", ""rdoq-level"": ""2"", ""rect"": ""1"", ""ref"": ""4"", ""rskip"": ""0"", ""sao"": ""1"", ""scenecut"": ""91"", ""subme"": ""3"", ""tu-inter-depth"": ""2"", ""tu-intra-depth"": ""2"", ""weightb"": ""1"", ""weightp"": ""1"", ""wpp"": ""0""}"
x265,bestconfig,7303,single,171,58.85,5.22,58.85,5.544660568237305,"['Standard', '320p', 30, '10s']",0.0,5.544568061828613,0.0,"{""amp"": ""0"", ""aq-mode"": ""2"", ""aq-strength"": ""1.8"", ""b-adapt"": ""1"", ""bframes"": ""3"", ""crf"": ""30.0"", ""ctu"": ""64"", ""keyint"": ""448"", ""limit-refs"": ""2"", ""limit-tu"": ""3"", ""me"": ""hex"", ""merange"": ""41"", ""open-gop"": ""1"", ""psy-rd"": ""3.5"", ""psy-rdoq"": ""1.0"", ""qcomp"": ""0.7"", ""qpmax"": ""46"", ""qpmin"": ""6"", ""rc-lookahead"": ""25"", ""rd"": ""3"", ""rdoq-level"": ""1"", ""rect"": ""0"", ""ref"": ""4"", ""rskip"": ""0"", ""sao"": ""0"", ""scenecut"": ""85"", ""subme"": ""4"", ""tu-inter-depth"": ""1"", ""tu-intra-depth"": ""1"", ""weightb"": ""0"", ""weightp"": ""0"", ""wpp"": ""0""}"
x265,bestconfig,7303,single,172,61.93,4.96,61.93,5.287529945373535,"['Standard', '320p', 30, '10s']",0.0,5.287434101104736,0.0,"{""amp"": ""1"", ""aq-mode"": ""3"", ""aq-strength"": ""1.0"", ""b-adapt"": ""1"", ""bframes"": ""4"", ""crf"": ""28.0"", ""ctu"": ""32"", ""keyint"": ""401"", ""limit-refs"": ""2"", ""limit-tu"": ""3"", ""me"": ""star"", ""merange"": ""40"", ""open-gop"": ""1"", ""psy-rd"": ""0.5"", ""psy-rdoq"": ""2.5"", ""qcomp"": ""0.8"", ""qpmax"": ""42"", ""qpmin"": ""3"", ""rc-lookahead"": ""28"", ""rd"": ""4"", ""rdoq-level"": ""1"", ""rect"": ""0"", ""ref"": ""5"", ""rskip"": ""1"", ""sao"": ""1"", ""scenecut"": ""87"", ""subme"": ""3"", ""tu-inter-depth"": ""2"", ""tu-intra-depth"": ""3"", ""weightb"": ""1"", ""weightp"": ""1"", ""wpp"": ""0""}"
x265,bestconfig,7303,single,173,10.44,29.17,10.44,29.511955499649048,"['Standard', '320p', 30, '10s']",0.0,29.51182532310486,0.0,"{""amp"": ""0"", ""aq-mode"": ""2"", ""aq-strength"": ""0.5"", ""b-adapt"": ""2"", ""bframes"": ""2"", ""crf"": ""25.0"", ""ctu"": ""16"", ""keyint"": ""439"", ""limit-refs"": ""3"", ""limit-tu"": ""4"", ""me"": ""full"", ""merange"": ""44"", ""open-gop"": ""0"", ""psy-rd"": ""2.5"", ""psy-rdoq"": ""0.5"", ""qcomp"": ""0.9"", ""qpmax"": ""44"", ""qpmin"": ""5"", ""rc-lookahead"": ""30"", ""rd"": ""4"", ""rdoq-level"": ""1"", ""rect"": ""1"", ""ref"": ""5"", ""rskip"": ""1"", ""sao"": ""0"", ""scenecut"": ""84"", ""subme"": ""5"", ""tu-inter-depth"": ""1"", ""tu-intra-depth"": ""3"", ""weightb"": ""0"", ""weightp"": ""1"", ""wpp"": ""1""}"
x265,bestconfig,7303,single,174,29.19,10.51,29.19,11.060432434082031,"['Standard', '320p', 30, '10s']",0.0,11.060335159301758,0.0,"{""amp"": ""0"", ""aq-mode"": ""4"", ""aq-strength"": ""1.2"", ""b-adapt"": ""1"", ""bframes"": ""3"", ""crf"": ""18.0"", ""ctu"": ""16"", ""keyint"": ""462"", ""limit-refs"": ""2"", ""limit-tu"": ""3"", ""me"": ""umh"", ""merange"": ""42"", ""open-gop"": ""0"", ""psy-rd"": ""1.0"", ""psy-rdoq"": ""4.5"", ""qcomp"": ""0.6"", ""qpmax"": ""46"", ""qpmin"": ""4"", ""rc-lookahead"": ""29"", ""rd"": ""4"", ""rdoq-level"": ""2"", ""rect"": ""1"", ""ref"": ""4"", ""rskip"": ""1"", ""sao"": ""1"", ""scenecut"": ""88"", ""subme"": ""4"", ""tu-inter-depth"": ""1"", ""tu-intra-depth"": ""1"", ""weightb"": ""0"", ""weightp"": ""1"", ""wpp"": ""1""}"
x265,bestconfig,7303,single,175,16.33,18.67,16.33,19.007479906082153,"['Standard', '320p', 30, '10s']",0.0,19.007384300231934,0.0,"{""amp"": ""1"", ""aq-mode"": ""4"", ""aq-strength"": ""0.8"", ""b-adapt"": ""0"", ""bframes"": ""2"", ""crf"": ""22.0"", ""ctu"": ""16"", ""keyint"": ""455"", ""limit-refs"": ""3"", ""limit-tu"": ""4"", ""me"": ""star"", ""merange"": ""43"", ""open-gop"": ""1"", ""psy-rd"": ""3.0"", ""psy-rdoq"": ""2.0"", ""qcomp"": ""0.75"", ""qpmax"": ""42"", ""qpmin"": ""7"", ""rc-lookahead"": ""23"", ""rd"": ""5"", ""rdoq-level"": ""1"", ""rect"": ""0"", ""ref"": ""3"", ""rskip"": ""0"", ""sao"": ""1"", ""scenecut"": ""95"", ""subme"": ""4"", ""tu-inter-depth"": ""1"", ""tu-intra-depth"": ""2"", ""weightb"": ""0"", ""weightp"": ""0"", ""wpp"": ""1""}"
x265,bestconfig,7303,single,176,23.1,13.21,23.1,13.541707038879395,"['Standard', '320p', 30, '10s']",0.0,13.54162049293518,0.0,"{""amp"": ""1"", ""aq-mode"": ""3"", ""aq-strength"": ""0.0"", ""b-adapt"": ""1"", ""bframes"": ""3"", ""crf"": ""20.0"", ""ctu"": ""64"", ""keyint"": ""417"", ""limit-refs"": ""3"", ""limit-tu"": ""4"", ""me"": ""dia"", ""merange"": ""45"", ""open-gop"": ""1"", ""psy-rd"": ""2.0"", ""psy-rdoq"": ""4.0"", ""qcomp"": ""0.5"", ""qpmax"": ""43"", ""qpmin"": ""6"", ""rc-lookahead"": ""26"", ""rd"": ""4"", ""rdoq-level"": ""2"", ""rect"": ""1"", ""ref"": ""3"", ""rskip"": ""0"", ""sao"": ""0"", ""scenecut"": ""80"", ""subme"": ""4"", ""tu-inter-depth"": ""2"", ""tu-intra-depth"": ""2"", ""weightb"": ""1"", ""weightp"": ""0"", ""wpp"": ""1""}"
x265,bestconfig,7303,single,177,75.8,4.07,75.8,4.394721269607544,"['Standard', '320p', 30, '10s']",0.0,4.394630670547485,0.0,"{""amp"": ""0"", ""aq-mode"": ""1"", ""aq-strength"": ""1.5"", ""b-adapt"": ""2"", ""bframes"": ""5"", ""crf"": ""25.0"", ""ctu"": ""32"", ""keyint"": ""153"", ""limit-refs"": ""0"", ""limit-tu"": ""3"", ""me"": ""star"", ""merange"": ""31"", ""open-gop"": ""1"", ""psy-rd"": ""0.0"", ""psy-rdoq"": ""4.5"", ""qcomp"": ""0.8"", ""qpmax"": ""50"", ""qpmin"": ""12"", ""rc-lookahead"": ""55"", ""rd"": ""2"", ""rdoq-level"": ""2"", ""rect"": ""0"", ""ref"": ""1"", ""rskip"": ""1"", ""sao"": ""0"", ""scenecut"": ""47"", ""subme"": ""2"", ""tu-inter-depth"": ""2"", ""tu-intra-depth"": ""2"", ""weightb"": ""1"", ""weightp"": ""0"", ""wpp"": ""1""}"
x265,bestconfig,7303,single,178,9.3,32.73,9.3,33.07077503204346,"['Standard', '320p', 30, '10s']",0.0,33.07068610191345,0.0,"{""amp"": ""1"", ""aq-mode"": ""1"", ""aq-strength"": ""0.0"", ""b-adapt"": ""1"", ""bframes"": ""3"", ""crf"": ""20.0"", ""ctu"": ""64"", ""keyint"": ""455"", ""limit-refs"": ""3"", ""limit-tu"": ""1"", ""me"": ""dia"", ""merange"": ""63"", ""open-gop"": ""0"", ""psy-rd"": ""2.0"", ""psy-rdoq"": ""1.0"", ""qcomp"": ""0.5"", ""qpmax"": ""24"", ""qpmin"": ""7"", ""rc-lookahead"": ""47"", ""rd"": ""5"", ""rdoq-level"": ""0"", ""rect"": ""1"", ""ref"": ""4"", ""rskip"": ""1"", ""sao"": ""1"", ""scenecut"": ""79"", ""subme"": ""2"", ""tu-inter-depth"": ""2"", ""tu-intra-depth"": ""2"", ""weightb"": ""0"", ""weightp"": ""0"", ""wpp"": ""0""}"
x265,bestconfig,7303,single,179,30.64,9.97,30.64,10.300963640213013,"['Standard', '320p', 30, '10s']",0.0,10.300875663757324,0.0,"{""amp"": ""0"", ""aq-mode"": ""4"", ""aq-strength"": ""0.5"", ""b-adapt"": ""1"", ""bframes"": ""5"", ""crf"": ""22.0"", ""ctu"": ""32"", ""keyint"": ""224"", ""limit-refs"": ""2"", ""limit-tu"": ""2"", ""me"": ""hex"", ""merange"": ""25"", ""open-gop"": ""1"", ""psy-rd"": ""0.5"", ""psy-rdoq"": ""0.0"", ""qcomp"": ""0.9"", ""qpmax"": ""23"", ""qpmin"": ""8"", ""rc-lookahead"": ""19"", ""rd"": ""2"", ""rdoq-level"": ""2"", ""rect"": ""0"", ""ref"": ""4"", ""rskip"": ""0"", ""sao"": ""1"", ""scenecut"": ""8"", ""subme"": ""3"", ""tu-inter-depth"": ""2"", ""tu-intra-depth"": ""1"", ""weightb"": ""1"", ""weightp"": ""1"", ""wpp"": ""1""}"
x265,bestconfig,7303,single,180,33.92,9.02,33.92,9.353472471237183,"['Standard', '320p', 30, '10s']",0.0,9.353380680084229,0.0,"{""amp"": ""0"", ""aq-mode"": ""3"", ""aq-strength"": ""2.0"", ""b-adapt"": ""0"", ""bframes"": ""4"", ""crf"": ""28.0"", ""ctu"": ""32"", ""keyint"": ""369"", ""limit-refs"": ""1"", ""limit-tu"": ""2"", ""me"": ""hex"", ""merange"": ""34"", ""open-gop"": ""0"", ""psy-rd"": ""1.5"", ""psy-rdoq"": ""2.0"", ""qcomp"": ""1.0"", ""qpmax"": ""36"", ""qpmin"": ""13"", ""rc-lookahead"": ""35"", ""rd"": ""3"", ""rdoq-level"": ""1"", ""rect"": ""1"", ""ref"": ""5"", ""rskip"": ""0"", ""sao"": ""0"", ""scenecut"": ""74"", ""subme"": ""4"", ""tu-inter-depth"": ""3"", ""tu-intra-depth"": ""3"", ""weightb"": ""1"", ""weightp"": ""0"", ""wpp"": ""1""}"
x265,bestconfig,7303,single,181,2.61,116.72,2.61,117.05717754364014,"['Standard', '320p', 30, '10s']",0.0,117.0570809841156,0.0,"{""amp"": ""1"", ""aq-mode"": ""0"", ""aq-strength"": ""1.8"", ""b-adapt"": ""1"", ""bframes"": ""8"", ""crf"": ""18.0"", ""ctu"": ""16"", ""keyint"": ""70"", ""limit-refs"": ""2"", ""limit-tu"": ""3"", ""me"": ""full"", ""merange"": ""46"", ""open-gop"": ""0"", ""psy-rd"": ""2.5"", ""psy-rdoq"": ""2.5"", ""qcomp"": ""0.6"", ""qpmax"": ""29"", ""qpmin"": ""18"", ""rc-lookahead"": ""25"", ""rd"": ""6"", ""rdoq-level"": ""1"", ""rect"": ""0"", ""ref"": ""3"", ""rskip"": ""0"", ""sao"": ""1"", ""scenecut"": ""54"", ""subme"": ""1"", ""tu-inter-depth"": ""3"", ""tu-intra-depth"": ""3"", ""weightb"": ""1"", ""weightp"": ""0"", ""wpp"": ""0""}"
x265,bestconfig,7303,single,182,51.55,5.95,51.55,6.2795233726501465,"['Standard', '320p', 30, '10s']",0.0,6.279435634613037,0.0,"{""amp"": ""1"", ""aq-mode"": ""2"", ""aq-strength"": ""0.8"", ""b-adapt"": ""0"", ""bframes"": ""0"", ""crf"": ""30.0"", ""ctu"": ""16"", ""keyint"": ""97"", ""limit-refs"": ""0"", ""limit-tu"": ""1"", ""me"": ""star"", ""merange"": ""17"", ""open-gop"": ""1"", ""psy-rd"": ""3.0"", ""psy-rdoq"": ""4.0"", ""qcomp"": ""0.75"", ""qpmax"": ""46"", ""qpmin"": ""16"", ""rc-lookahead"": ""13"", ""rd"": ""2"", ""rdoq-level"": ""0"", ""rect"": ""1"", ""ref"": ""3"", ""rskip"": ""0"", ""sao"": ""1"", ""scenecut"": ""20"", ""subme"": ""3"", ""tu-inter-depth"": ""3"", ""tu-intra-depth"": ""3"", ""weightb"": ""0"", ""weightp"": ""1"", ""wpp"": ""0""}"
x265,bestconfig,7303,single,183,21.94,13.91,21.94,14.262079954147339,"['Standard', '320p', 30, '10s']",0.0,14.261985301971436,0.0,"{""amp"": ""1"", ""aq-mode"": ""3"", ""aq-strength"": ""1.2"", ""b-adapt"": ""1"", ""bframes"": ""7"", ""crf"": ""18.0"", ""ctu"": ""64"", ""keyint"": ""265"", ""limit-refs"": ""2"", ""limit-tu"": ""4"", ""me"": ""umh"", ""merange"": ""41"", ""open-gop"": ""0"", ""psy-rd"": ""1.0"", ""psy-rdoq"": ""0.5"", ""qcomp"": ""0.5"", ""qpmax"": ""34"", ""qpmin"": ""3"", ""rc-lookahead"": ""52"", ""rd"": ""4"", ""rdoq-level"": ""1"", ""rect"": ""1"", ""ref"": ""2"", ""rskip"": ""1"", ""sao"": ""0"", ""scenecut"": ""98"", ""subme"": ""5"", ""tu-inter-depth"": ""4"", ""tu-intra-depth"": ""2"", ""weightb"": ""0"", ""weightp"": ""1"", ""wpp"": ""1""}"
x265,bestconfig,7303,single,184,101.72,3.04,101.72,3.3708834648132324,"['Standard', '320p', 30, '10s']",0.0,3.3707995414733887,0.0,"{""amp"": ""0"", ""aq-mode"": ""2"", ""aq-strength"": ""1.0"", ""b-adapt"": ""2"", ""bframes"": ""2"", ""crf"": ""32.0"", ""ctu"": ""16"", ""keyint"": ""418"", ""limit-refs"": ""1"", ""limit-tu"": ""0"", ""me"": ""dia"", ""merange"": ""57"", ""open-gop"": ""1"", ""psy-rd"": ""3.5"", ""psy-rdoq"": ""3.0"", ""qcomp"": ""0.7"", ""qpmax"": ""41"", ""qpmin"": ""2"", ""rc-lookahead"": ""41"", ""rd"": ""4"", ""rdoq-level"": ""1"", ""rect"": ""0"", ""ref"": ""6"", ""rskip"": ""1"", ""sao"": ""0"", ""scenecut"": ""27"", ""subme"": ""4"", ""tu-inter-depth"": ""1"", ""tu-intra-depth"": ""3"", ""weightb"": ""0"", ""weightp"": ""1"", ""wpp"": ""0""}"
x265,bestconfig,7303,single,185,11.39,26.74,11.39,27.070499181747437,"['Standard', '320p', 30, '10s']",0.0,27.07040309906006,0.0,"{""amp"": ""1"", ""aq-mode"": ""2"", ""aq-strength"": ""1.5"", ""b-adapt"": ""1"", ""bframes"": ""3"", ""crf"": ""32.0"", ""ctu"": ""64"", ""keyint"": ""450"", ""limit-refs"": ""3"", ""limit-tu"": ""3"", ""me"": ""umh"", ""merange"": ""40"", ""open-gop"": ""0"", ""psy-rd"": ""2.5"", ""psy-rdoq"": ""0.5"", ""qcomp"": ""0.7"", ""qpmax"": ""43"", ""qpmin"": ""7"", ""rc-lookahead"": ""34"", ""rd"": ""5"", ""rdoq-level"": ""2"", ""rect"": ""1"", ""ref"": ""3"", ""rskip"": ""0"", ""sao"": ""0"", ""scenecut"": ""97"", ""subme"": ""5"", ""tu-inter-depth"": ""2"", ""tu-intra-depth"": ""3"", ""weightb"": ""0"", ""weightp"": ""1"", ""wpp"": ""1""}"
x265,bestconfig,7303,single,186,8.66,35.17,8.66,35.5158588886261,"['Standard', '320p', 30, '10s']",0.0,35.51576805114746,0.0,"{""amp"": ""0"", ""aq-mode"": ""3"", ""aq-strength"": ""1.2"", ""b-adapt"": ""1"", ""bframes"": ""3"", ""crf"": ""18.0"", ""ctu"": ""32"", ""keyint"": ""425"", ""limit-refs"": ""3"", ""limit-tu"": ""4"", ""me"": ""star"", ""merange"": ""40"", ""open-gop"": ""1"", ""psy-rd"": ""2.0"", ""psy-rdoq"": ""4.5"", ""qcomp"": ""0.5"", ""qpmax"": ""42"", ""qpmin"": ""4"", ""rc-lookahead"": ""27"", ""rd"": ""5"", ""rdoq-level"": ""1"", ""rect"": ""1"", ""ref"": ""3"", ""rskip"": ""1"", ""sao"": ""1"", ""scenecut"": ""86"", ""subme"": ""4"", ""tu-inter-depth"": ""1"", ""tu-intra-depth"": ""2"", ""weightb"": ""1"", ""weightp"": ""0"", ""wpp"": ""0""}"
x265,bestconfig,7303,single,187,53.77,5.71,53.77,6.049601078033447,"['Standard', '320p', 30, '10s']",0.0,6.049495697021484,0.0,"{""amp"": ""0"", ""aq-mode"": ""3"", ""aq-strength"": ""2.0"", ""b-adapt"": ""1"", ""bframes"": ""2"", ""crf"": ""28.0"", ""ctu"": ""16"", ""keyint"": ""435"", ""limit-refs"": ""2"", ""limit-tu"": ""3"", ""me"": ""dia"", ""merange"": ""37"", ""open-gop"": ""0"", ""psy-rd"": ""3.5"", ""psy-rdoq"": ""2.5"", ""qcomp"": ""0.5"", ""qpmax"": ""44"", ""qpmin"": ""4"", ""rc-lookahead"": ""28"", ""rd"": ""4"", ""rdoq-level"": ""1"", ""rect"": ""1"", ""ref"": ""4"", ""rskip"": ""0"", ""sao"": ""1"", ""scenecut"": ""94"", ""subme"": ""3"", ""tu-inter-depth"": ""1"", ""tu-intra-depth"": ""2"", ""weightb"": ""0"", ""weightp"": ""1"", ""wpp"": ""1""}"
x265,bestconfig,7303,single,188,52.74,5.82,52.74,6.155567169189453,"['Standard', '320p', 30, '10s']",0.0,6.1554787158966064,0.0,"{""amp"": ""0"", ""aq-mode"": ""3"", ""aq-strength"": ""0.8"", ""b-adapt"": ""2"", ""bframes"": ""4"", ""crf"": ""25.0"", ""ctu"": ""32"", ""keyint"": ""454"", ""limit-refs"": ""3"", ""limit-tu"": ""4"", ""me"": ""hex"", ""merange"": ""35"", ""open-gop"": ""1"", ""psy-rd"": ""1.5"", ""psy-rdoq"": ""1.0"", ""qcomp"": ""0.75"", ""qpmax"": ""45"", ""qpmin"": ""6"", ""rc-lookahead"": ""26"", ""rd"": ""4"", ""rdoq-level"": ""1"", ""rect"": ""0"", ""ref"": ""5"", ""rskip"": ""1"", ""sao"": ""0"", ""scenecut"": ""83"", ""subme"": ""3"", ""tu-inter-depth"": ""2"", ""tu-intra-depth"": ""2"", ""weightb"": ""0"", ""weightp"": ""1"", ""wpp"": ""0""}"
x265,bestconfig,7303,single,189,28.42,10.76,28.42,11.090738773345947,"['Standard', '320p', 30, '10s']",0.0,11.090648889541626,0.0,"{""amp"": ""1"", ""aq-mode"": ""3"", ""aq-strength"": ""0.5"", ""b-adapt"": ""0"", ""bframes"": ""4"", ""crf"": ""18.0"", ""ctu"": ""16"", ""keyint"": ""420"", ""limit-refs"": ""2"", ""limit-tu"": ""4"", ""me"": ""dia"", ""merange"": ""45"", ""open-gop"": ""1"", ""psy-rd"": ""0.5"", ""psy-rdoq"": ""3.0"", ""qcomp"": ""1.0"", ""qpmax"": ""41"", ""qpmin"": ""5"", ""rc-lookahead"": ""31"", ""rd"": ""3"", ""rdoq-level"": ""2"", ""rect"": ""0"", ""ref"": ""4"", ""rskip"": ""1"", ""sao"": ""1"", ""scenecut"": ""85"", ""subme"": ""4"", ""tu-inter-depth"": ""2"", ""tu-intra-depth"": ""2"", ""weightb"": ""0"", ""weightp"": ""0"", ""wpp"": ""0""}"
x265,bestconfig,7303,single,190,84.04,3.67,84.04,3.9998762607574463,"['Standard', '320p', 30, '10s']",0.0,3.999786376953125,0.0,"{""amp"": ""1"", ""aq-mode"": ""2"", ""aq-strength"": ""0.0"", ""b-adapt"": ""1"", ""bframes"": ""2"", ""crf"": ""30.0"", ""ctu"": ""16"", ""keyint"": ""444"", ""limit-refs"": ""3"", ""limit-tu"": ""3"", ""me"": ""star"", ""merange"": ""44"", ""open-gop"": ""1"", ""psy-rd"": ""3.0"", ""psy-rdoq"": ""2.0"", ""qcomp"": ""0.6"", ""qpmax"": ""43"", ""qpmin"": ""5"", ""rc-lookahead"": ""35"", ""rd"": ""4"", ""rdoq-level"": ""1"", ""rect"": ""0"", ""ref"": ""4"", ""rskip"": ""1"", ""sao"": ""1"", ""scenecut"": ""92"", ""subme"": ""5"", ""tu-inter-depth"": ""1"", ""tu-intra-depth"": ""3"", ""weightb"": ""1"", ""weightp"": ""0"", ""wpp"": ""0""}"
x265,bestconfig,7303,single,191,6.66,45.7,6.66,46.092069149017334,"['Standard', '320p', 30, '10s']",0.0,46.09192514419556,0.0,"{""amp"": ""0"", ""aq-mode"": ""4"", ""aq-strength"": ""1.0"", ""b-adapt"": ""0"", ""bframes"": ""3"", ""crf"": ""20.0"", ""ctu"": ""64"", ""keyint"": ""440"", ""limit-refs"": ""2"", ""limit-tu"": ""3"", ""me"": ""full"", ""merange"": ""38"", ""open-gop"": ""0"", ""psy-rd"": ""1.0"", ""psy-rdoq"": ""4.0"", ""qcomp"": ""0.9"", ""qpmax"": ""46"", ""qpmin"": ""3"", ""rc-lookahead"": ""29"", ""rd"": ""3"", ""rdoq-level"": ""2"", ""rect"": ""1"", ""ref"": ""4"", ""rskip"": ""0"", ""sao"": ""0"", ""scenecut"": ""89"", ""subme"": ""4"", ""tu-inter-depth"": ""1"", ""tu-intra-depth"": ""1"", ""weightb"": ""1"", ""weightp"": ""1"", ""wpp"": ""1""}"
x265,bestconfig,7303,single,192,43.26,7.09,43.26,7.473616123199463,"['Standard', '320p', 30, '10s']",0.0,7.4734790325164795,0.0,"{""amp"": ""1"", ""aq-mode"": ""4"", ""aq-strength"": ""1.8"", ""b-adapt"": ""2"", ""bframes"": ""3"", ""crf"": ""22.0"", ""ctu"": ""32"", ""keyint"": ""431"", ""limit-refs"": ""2"", ""limit-tu"": ""4"", ""me"": ""hex"", ""merange"": ""43"", ""open-gop"": ""0"", ""psy-rd"": ""0.0"", ""psy-rdoq"": ""0.0"", ""qcomp"": ""0.8"", ""qpmax"": ""45"", ""qpmin"": ""6"", ""rc-lookahead"": ""30"", ""rd"": ""4"", ""rdoq-level"": ""2"", ""rect"": ""0"", ""ref"": ""5"", ""rskip"": ""0"", ""sao"": ""0"", ""scenecut"": ""80"", ""subme"": ""4"", ""tu-inter-depth"": ""2"", ""tu-intra-depth"": ""1"", ""weightb"": ""1"", ""weightp"": ""0"", ""wpp"": ""1""}"
x265,bestconfig,7303,single,193,48.1,6.37,48.1,6.714259386062622,"['Standard', '320p', 30, '10s']",0.0,6.7141640186309814,0.0,"{""amp"": ""1"", ""aq-mode"": ""3"", ""aq-strength"": ""0.5"", ""b-adapt"": ""0"", ""bframes"": ""1"", ""crf"": ""25.0"", ""ctu"": ""32"", ""keyint"": ""187"", ""limit-refs"": ""2"", ""limit-tu"": ""1"", ""me"": ""dia"", ""merange"": ""22"", ""open-gop"": ""0"", ""psy-rd"": ""1.0"", ""psy-rdoq"": ""0.5"", ""qcomp"": ""0.75"", ""qpmax"": ""34"", ""qpmin"": ""8"", ""rc-lookahead"": ""31"", ""rd"": ""2"", ""rdoq-level"": ""1"", ""rect"": ""1"", ""ref"": ""4"", ""rskip"": ""1"", ""sao"": ""1"", ""scenecut"": ""18"", ""subme"": ""4"", ""tu-inter-depth"": ""2"", ""tu-intra-depth"": ""2"", ""weightb"": ""0"", ""weightp"": ""0"", ""wpp"": ""1""}"
x265,bestconfig,7303,single,194,10.79,28.22,10.79,28.68793511390686,"['Standard', '320p', 30, '10s']",0.0,28.68782377243042,0.0,"{""amp"": ""1"", ""aq-mode"": ""1"", ""aq-strength"": ""1.0"", ""b-adapt"": ""0"", ""bframes"": ""3"", ""crf"": ""18.0"", ""ctu"": ""16"", ""keyint"": ""301"", ""limit-refs"": ""0"", ""limit-tu"": ""0"", ""me"": ""star"", ""merange"": ""43"", ""open-gop"": ""0"", ""psy-rd"": ""2.0"", ""psy-rdoq"": ""0.0"", ""qcomp"": ""0.6"", ""qpmax"": ""20"", ""qpmin"": ""4"", ""rc-lookahead"": ""21"", ""rd"": ""5"", ""rdoq-level"": ""0"", ""rect"": ""0"", ""ref"": ""2"", ""rskip"": ""1"", ""sao"": ""1"", ""scenecut"": ""90"", ""subme"": ""4"", ""tu-inter-depth"": ""3"", ""tu-intra-depth"": ""2"", ""weightb"": ""1"", ""weightp"": ""0"", ""wpp"": ""1""}"
x265,bestconfig,7303,single,195,14.33,21.28,14.33,21.624773740768433,"['Standard', '320p', 30, '10s']",0.0,21.62468147277832,0.0,"{""amp"": ""0"", ""aq-mode"": ""0"", ""aq-strength"": ""2.0"", ""b-adapt"": ""2"", ""bframes"": ""2"", ""crf"": ""28.0"", ""ctu"": ""16"", ""keyint"": ""80"", ""limit-refs"": ""0"", ""limit-tu"": ""3"", ""me"": ""dia"", ""merange"": ""30"", ""open-gop"": ""1"", ""psy-rd"": ""0.0"", ""psy-rdoq"": ""2.0"", ""qcomp"": ""0.5"", ""qpmax"": ""29"", ""qpmin"": ""12"", ""rc-lookahead"": ""57"", ""rd"": ""5"", ""rdoq-level"": ""0"", ""rect"": ""1"", ""ref"": ""4"", ""rskip"": ""1"", ""sao"": ""1"", ""scenecut"": ""43"", ""subme"": ""3"", ""tu-inter-depth"": ""3"", ""tu-intra-depth"": ""3"", ""weightb"": ""1"", ""weightp"": ""0"", ""wpp"": ""0""}"
x265,bestconfig,7303,single,196,52.98,5.8,52.98,6.140421152114868,"['Standard', '320p', 30, '10s']",0.0,6.140330791473389,0.0,"{""amp"": ""0"", ""aq-mode"": ""2"", ""aq-strength"": ""1.2"", ""b-adapt"": ""1"", ""bframes"": ""7"", ""crf"": ""32.0"", ""ctu"": ""16"", ""keyint"": ""475"", ""limit-refs"": ""1"", ""limit-tu"": ""1"", ""me"": ""hex"", ""merange"": ""60"", ""open-gop"": ""0"", ""psy-rd"": ""3.0"", ""psy-rdoq"": ""1.0"", ""qcomp"": ""0.8"", ""qpmax"": ""42"", ""qpmin"": ""14"", ""rc-lookahead"": ""53"", ""rd"": ""4"", ""rdoq-level"": ""2"", ""rect"": ""1"", ""ref"": ""5"", ""rskip"": ""0"", ""sao"": ""0"", ""scenecut"": ""74"", ""subme"": ""2"", ""tu-inter-depth"": ""3"", ""tu-intra-depth"": ""3"", ""weightb"": ""0"", ""weightp"": ""1"", ""wpp"": ""0""}"
x265,bestconfig,7303,single,197,57.78,5.34,57.78,5.7333338260650635,"['Standard', '320p', 30, '10s']",0.0,5.733193397521973,0.0,"{""amp"": ""0"", ""aq-mode"": ""1"", ""aq-strength"": ""1.8"", ""b-adapt"": ""2"", ""bframes"": ""5"", ""crf"": ""30.0"", ""ctu"": ""64"", ""keyint"": ""388"", ""limit-refs"": ""2"", ""limit-tu"": ""4"", ""me"": ""umh"", ""merange"": ""47"", ""open-gop"": ""1"", ""psy-rd"": ""1.5"", ""psy-rdoq"": ""4.5"", ""qcomp"": ""0.5"", ""qpmax"": ""38"", ""qpmin"": ""2"", ""rc-lookahead"": ""46"", ""rd"": ""3"", ""rdoq-level"": ""1"", ""rect"": ""1"", ""ref"": ""2"", ""rskip"": ""0"", ""sao"": ""0"", ""scenecut"": ""5"", ""subme"": ""2"", ""tu-inter-depth"": ""1"", ""tu-intra-depth"": ""3"", ""weightb"": ""0"", ""weightp"": ""1"", ""wpp"": ""0""}"
x265,bestconfig,7303,single,198,11.83,25.74,11.83,26.098084211349487,"['Standard', '320p', 30, '10s']",0.0,26.09797978401184,0.0,"{""amp"": ""0"", ""aq-mode"": ""2"", ""aq-strength"": ""1.5"", ""b-adapt"": ""1"", ""bframes"": ""5"", ""crf"": ""20.0"", ""ctu"": ""32"", ""keyint"": ""339"", ""limit-refs"": ""1"", ""limit-tu"": ""3"", ""me"": ""full"", ""merange"": ""56"", ""open-gop"": ""1"", ""psy-rd"": ""2.5"", ""psy-rdoq"": ""4.0"", ""qcomp"": ""0.9"", ""qpmax"": ""46"", ""qpmin"": ""19"", ""rc-lookahead"": ""23"", ""rd"": ""3"", ""rdoq-level"": ""2"", ""rect"": ""0"", ""ref"": ""1"", ""rskip"": ""0"", ""sao"": ""0"", ""scenecut"": ""29"", ""subme"": ""3"", ""tu-inter-depth"": ""2"", ""tu-intra-depth"": ""1"", ""weightb"": ""0"", ""weightp"": ""0"", ""wpp"": ""1""}"
x265,bestconfig,7303,single,199,48.6,6.31,48.6,6.6487836837768555,"['Standard', '320p', 30, '10s']",0.0,6.648690700531006,0.0,"{""amp"": ""1"", ""aq-mode"": ""4"", ""aq-strength"": ""0.8"", ""b-adapt"": ""1"", ""bframes"": ""7"", ""crf"": ""22.0"", ""ctu"": ""64"", ""keyint"": ""240"", ""limit-refs"": ""3"", ""limit-tu"": ""2"", ""me"": ""hex"", ""merange"": ""36"", ""open-gop"": ""1"", ""psy-rd"": ""3.5"", ""psy-rdoq"": ""3.0"", ""qcomp"": ""1.0"", ""qpmax"": ""50"", ""qpmin"": ""7"", ""rc-lookahead"": ""16"", ""rd"": ""1"", ""rdoq-level"": ""1"", ""rect"": ""0"", ""ref"": ""3"", ""rskip"": ""1"", ""sao"": ""0"", ""scenecut"": ""59"", ""subme"": ""1"", ""tu-inter-depth"": ""3"", ""tu-intra-depth"": ""3"", ""weightb"": ""1"", ""weightp"": ""1"", ""wpp"": ""1""}"
x265,bestconfig,7303,single,200,18.35,16.62,18.35,16.95703887939453,"['Standard', '320p', 30, '10s']",0.0,16.956946849822998,0.0,"{""amp"": ""1"", ""aq-mode"": ""3"", ""aq-strength"": ""0.0"", ""b-adapt"": ""1"", ""bframes"": ""0"", ""crf"": ""18.0"", ""ctu"": ""32"", ""keyint"": ""139"", ""limit-refs"": ""3"", ""limit-tu"": ""2"", ""me"": ""star"", ""merange"": ""16"", ""open-gop"": ""0"", ""psy-rd"": ""0.5"", ""psy-rdoq"": ""2.5"", ""qcomp"": ""0.7"", ""qpmax"": ""24"", ""qpmin"": ""15"", ""rc-lookahead"": ""41"", ""rd"": ""4"", ""rdoq-level"": ""1"", ""rect"": ""0"", ""ref"": ""6"", ""rskip"": ""0"", ""sao"": ""1"", ""scenecut"": ""75"", ""subme"": ""5"", ""tu-inter-depth"": ""2"", ""tu-intra-depth"": ""2"", ""weightb"": ""1"", ""weightp"": ""1"", ""wpp"": ""0""}"
x265,bestconfig,7304,single,1,79.5,3.88,79.5,4.211400985717773,"['Standard', '320p', 30, '10s']",0.0,4.2106945514678955,0.0,"{""amp"": ""1"", ""aq-mode"": ""3"", ""aq-strength"": ""0.5"", ""b-adapt"": ""2"", ""bframes"": ""1"", ""crf"": ""32.0"", ""ctu"": ""64"", ""keyint"": ""463"", ""limit-refs"": ""3"", ""limit-tu"": ""3"", ""me"": ""dia"", ""merange"": ""52"", ""open-gop"": ""0"", ""psy-rd"": ""2.5"", ""psy-rdoq"": ""3.0"", ""qcomp"": ""0.75"", ""qpmax"": ""46"", ""qpmin"": ""0"", ""rc-lookahead"": ""23"", ""rd"": ""3"", ""rdoq-level"": ""0"", ""rect"": ""1"", ""ref"": ""6"", ""rskip"": ""1"", ""sao"": ""0"", ""scenecut"": ""88"", ""subme"": ""4"", ""tu-inter-depth"": ""2"", ""tu-intra-depth"": ""1"", ""weightb"": ""1"", ""weightp"": ""1"", ""wpp"": ""0""}"
x265,bestconfig,7304,single,2,26.04,11.72,26.04,12.054747104644775,"['Standard', '320p', 30, '10s']",0.0,12.054664373397827,0.0,"{""amp"": ""1"", ""aq-mode"": ""1"", ""aq-strength"": ""1.2"", ""b-adapt"": ""1"", ""bframes"": ""3"", ""crf"": ""18.0"", ""ctu"": ""16"", ""keyint"": ""320"", ""limit-refs"": ""1"", ""limit-tu"": ""0"", ""me"": ""star"", ""merange"": ""52"", ""open-gop"": ""0"", ""psy-rd"": ""0.5"", ""psy-rdoq"": ""4.0"", ""qcomp"": ""0.5"", ""qpmax"": ""34"", ""qpmin"": ""9"", ""rc-lookahead"": ""37"", ""rd"": ""3"", ""rdoq-level"": ""1"", ""rect"": ""1"", ""ref"": ""5"", ""rskip"": ""1"", ""sao"": ""0"", ""scenecut"": ""51"", ""subme"": ""1"", ""tu-inter-depth"": ""3"", ""tu-intra-depth"": ""3"", ""weightb"": ""1"", ""weightp"": ""1"", ""wpp"": ""1""}"
x265,bestconfig,7304,single,3,55.0,5.58,55.0,5.919352769851685,"['Standard', '320p', 30, '10s']",0.0,5.919269800186157,0.0,"{""amp"": ""0"", ""aq-mode"": ""2"", ""aq-strength"": ""1.8"", ""b-adapt"": ""0"", ""bframes"": ""6"", ""crf"": ""22.0"", ""ctu"": ""16"", ""keyint"": ""330"", ""limit-refs"": ""2"", ""limit-tu"": ""4"", ""me"": ""star"", ""merange"": ""41"", ""open-gop"": ""1"", ""psy-rd"": ""1.5"", ""psy-rdoq"": ""2.5"", ""qcomp"": ""0.8"", ""qpmax"": ""29"", ""qpmin"": ""7"", ""rc-lookahead"": ""22"", ""rd"": ""4"", ""rdoq-level"": ""1"", ""rect"": ""0"", ""ref"": ""4"", ""rskip"": ""0"", ""sao"": ""1"", ""scenecut"": ""44"", ""subme"": ""2"", ""tu-inter-depth"": ""2"", ""tu-intra-depth"": ""1"", ""weightb"": ""1"", ""weightp"": ""0"", ""wpp"": ""0""}"
x265,bestconfig,7304,single,4,17.25,17.67,17.25,18.00109338760376,"['Standard', '320p', 30, '10s']",0.0,18.001003980636597,0.0,"{""amp"": ""0"", ""aq-mode"": ""3"", ""aq-strength"": ""0.8"", ""b-adapt"": ""1"", ""bframes"": ""5"", ""crf"": ""25.0"", ""ctu"": ""32"", ""keyint"": ""237"", ""limit-refs"": ""1"", ""limit-tu"": ""1"", ""me"": ""hex"", ""merange"": ""36"", ""open-gop"": ""1"", ""psy-rd"": ""0.0"", ""psy-rdoq"": ""1.0"", ""qcomp"": ""0.6"", ""qpmax"": ""41"", ""qpmin"": ""13"", ""rc-lookahead"": ""49"", ""rd"": ""5"", ""rdoq-level"": ""2"", ""rect"": ""1"", ""ref"": ""5"", ""rskip"": ""1"", ""sao"": ""1"", ""scenecut"": ""28"", ""subme"": ""3"", ""tu-inter-depth"": ""1"", ""tu-intra-depth"": ""2"", ""weightb"": ""0"", ""weightp"": ""0"", ""wpp"": ""1""}"
x265,bestconfig,7304,single,5,8.59,35.43,8.59,35.75487446784973,"['Standard', '320p', 30, '10s']",0.0,35.75478649139404,0.0,"{""amp"": ""1"", ""aq-mode"": ""2"", ""aq-strength"": ""0.0"", ""b-adapt"": ""1"", ""bframes"": ""6"", ""crf"": ""18.0"", ""ctu"": ""32"", ""keyint"": ""192"", ""limit-refs"": ""1"", ""limit-tu"": ""3"", ""me"": ""full"", ""merange"": ""19"", ""open-gop"": ""0"", ""psy-rd"": ""1.0"", ""psy-rdoq"": ""4.5"", ""qcomp"": ""1.0"", ""qpmax"": ""36"", ""qpmin"": ""10"", ""rc-lookahead"": ""11"", ""rd"": ""6"", ""rdoq-level"": ""1"", ""rect"": ""0"", ""ref"": ""2"", ""rskip"": ""1"", ""sao"": ""1"", ""scenecut"": ""8"", ""subme"": ""4"", ""tu-inter-depth"": ""3"", ""tu-intra-depth"": ""2"", ""weightb"": ""0"", ""weightp"": ""0"", ""wpp"": ""1""}"
x265,bestconfig,7304,single,6,13.29,22.94,13.29,23.268007040023804,"['Standard', '320p', 30, '10s']",0.0,23.26790761947632,0.0,"{""amp"": ""0"", ""aq-mode"": ""4"", ""aq-strength"": ""1.5"", ""b-adapt"": ""0"", ""bframes"": ""3"", ""crf"": ""20.0"", ""ctu"": ""16"", ""keyint"": ""139"", ""limit-refs"": ""0"", ""limit-tu"": ""1"", ""me"": ""hex"", ""merange"": ""30"", ""open-gop"": ""1"", ""psy-rd"": ""3.0"", ""psy-rdoq"": ""0.0"", ""qcomp"": ""0.7"", ""qpmax"": ""20"", ""qpmin"": ""4"", ""rc-lookahead"": ""30"", ""rd"": ""5"", ""rdoq-level"": ""0"", ""rect"": ""0"", ""ref"": ""2"", ""rskip"": ""0"", ""sao"": ""0"", ""scenecut"": ""69"", ""subme"": ""2"", ""tu-inter-depth"": ""3"", ""tu-intra-depth"": ""3"", ""weightb"": ""0"", ""weightp"": ""0"", ""wpp"": ""0""}"
x265,bestconfig,7304,single,7,53.34,5.75,53.34,6.089707612991333,"['Standard', '320p', 30, '10s']",0.0,6.089625358581543,0.0,"{""amp"": ""1"", ""aq-mode"": ""1"", ""aq-strength"": ""1.0"", ""b-adapt"": ""1"", ""bframes"": ""1"", ""crf"": ""30.0"", ""ctu"": ""32"", ""keyint"": ""80"", ""limit-refs"": ""2"", ""limit-tu"": ""2"", ""me"": ""dia"", ""merange"": ""60"", ""open-gop"": ""0"", ""psy-rd"": ""2.0"", ""psy-rdoq"": ""2.0"", ""qcomp"": ""0.9"", ""qpmax"": ""27"", ""qpmin"": ""17"", ""rc-lookahead"": ""45"", ""rd"": ""2"", ""rdoq-level"": ""1"", ""rect"": ""0"", ""ref"": ""3"", ""rskip"": ""0"", ""sao"": ""0"", ""scenecut"": ""78"", ""subme"": ""3"", ""tu-inter-depth"": ""4"", ""tu-intra-depth"": ""3"", ""weightb"": ""0"", ""weightp"": ""1"", ""wpp"": ""1""}"
x265,bestconfig,7304,single,8,50.13,6.12,50.13,6.456663370132446,"['Standard', '320p', 30, '10s']",0.0,6.45658278465271,0.0,"{""amp"": ""0"", ""aq-mode"": ""0"", ""aq-strength"": ""2.0"", ""b-adapt"": ""2"", ""bframes"": ""7"", ""crf"": ""28.0"", ""ctu"": ""64"", ""keyint"": ""439"", ""limit-refs"": ""2"", ""limit-tu"": ""2"", ""me"": ""umh"", ""merange"": ""24"", ""open-gop"": ""1"", ""psy-rd"": ""3.5"", ""psy-rdoq"": ""0.5"", ""qcomp"": ""0.5"", ""qpmax"": ""50"", ""qpmin"": ""20"", ""rc-lookahead"": ""58"", ""rd"": ""2"", ""rdoq-level"": ""2"", ""rect"": ""1"", ""ref"": ""1"", ""rskip"": ""0"", ""sao"": ""1"", ""scenecut"": ""16"", ""subme"": ""5"", ""tu-inter-depth"": ""2"", ""tu-intra-depth"": ""3"", ""weightb"": ""1"", ""weightp"": ""1"", ""wpp"": ""0""}"
x265,bestconfig,7304,single,9,37.68,8.12,37.68,8.452414751052856,"['Standard', '320p', 30, '10s']",0.0,8.4523344039917,0.0,"{""amp"": ""0"", ""aq-mode"": ""4"", ""aq-strength"": ""0.0"", ""b-adapt"": ""2"", ""bframes"": ""1"", ""crf"": ""18.0"", ""ctu"": ""32"", ""keyint"": ""449"", ""limit-refs"": ""2"", ""limit-tu"": ""3"", ""me"": ""umh"", ""merange"": ""49"", ""open-gop"": ""1"", ""psy-rd"": ""2.5"", ""psy-rdoq"": ""0.0"", ""qcomp"": ""0.75"", ""qpmax"": ""41"", ""qpmin"": ""0"", ""rc-lookahead"": ""23"", ""rd"": ""2"", ""rdoq-level"": ""0"", ""rect"": ""1"", ""ref"": ""5"", ""rskip"": ""1"", ""sao"": ""1"", ""scenecut"": ""86"", ""subme"": ""4"", ""tu-inter-depth"": ""1"", ""tu-intra-depth"": ""1"", ""weightb"": ""1"", ""weightp"": ""0"", ""wpp"": ""0""}"
x265,bestconfig,7304,single,10,59.94,5.12,59.94,5.453537702560425,"['Standard', '320p', 30, '10s']",0.0,5.453453540802002,0.0,"{""amp"": ""1"", ""aq-mode"": ""3"", ""aq-strength"": ""1.0"", ""b-adapt"": ""2"", ""bframes"": ""2"", ""crf"": ""30.0"", ""ctu"": ""16"", ""keyint"": ""462"", ""limit-refs"": ""3"", ""limit-tu"": ""3"", ""me"": ""star"", ""merange"": ""43"", ""open-gop"": ""1"", ""psy-rd"": ""2.0"", ""psy-rdoq"": ""2.0"", ""qcomp"": ""1.0"", ""qpmax"": ""47"", ""qpmin"": ""3"", ""rc-lookahead"": ""25"", ""rd"": ""3"", ""rdoq-level"": ""1"", ""rect"": ""1"", ""ref"": ""6"", ""rskip"": ""0"", ""sao"": ""1"", ""scenecut"": ""78"", ""subme"": ""3"", ""tu-inter-depth"": ""2"", ""tu-intra-depth"": ""1"", ""weightb"": ""0"", ""weightp"": ""0"", ""wpp"": ""0""}"
x265,bestconfig,7304,single,11,25.76,11.85,25.76,12.182379961013794,"['Standard', '320p', 30, '10s']",0.0,12.182297468185425,0.0,"{""amp"": ""1"", ""aq-mode"": ""2"", ""aq-strength"": ""1.5"", ""b-adapt"": ""1"", ""bframes"": ""2"", ""crf"": ""20.0"", ""ctu"": ""64"", ""keyint"": ""448"", ""limit-refs"": ""3"", ""limit-tu"": ""2"", ""me"": ""star"", ""merange"": ""60"", ""open-gop"": ""0"", ""psy-rd"": ""3.0"", ""psy-rdoq"": ""1.0"", ""qcomp"": ""0.8"", ""qpmax"": ""44"", ""qpmin"": ""4"", ""rc-lookahead"": ""30"", ""rd"": ""2"", ""rdoq-level"": ""1"", ""rect"": ""1"", ""ref"": ""6"", ""rskip"": ""0"", ""sao"": ""1"", ""scenecut"": ""81"", ""subme"": ""5"", ""tu-inter-depth"": ""2"", ""tu-intra-depth"": ""1"", ""weightb"": ""1"", ""weightp"": ""1"", ""wpp"": ""1""}"
x265,bestconfig,7304,single,12,21.41,14.25,21.41,14.580568313598633,"['Standard', '320p', 30, '10s']",0.0,14.58048415184021,0.0,"{""amp"": ""0"", ""aq-mode"": ""3"", ""aq-strength"": ""0.5"", ""b-adapt"": ""1"", ""bframes"": ""2"", ""crf"": ""28.0"", ""ctu"": ""16"", ""keyint"": ""443"", ""limit-refs"": ""3"", ""limit-tu"": ""3"", ""me"": ""full"", ""merange"": ""57"", ""open-gop"": ""0"", ""psy-rd"": ""0.5"", ""psy-rdoq"": ""2.5"", ""qcomp"": ""0.9"", ""qpmax"": ""43"", ""qpmin"": ""3"", ""rc-lookahead"": ""22"", ""rd"": ""4"", ""rdoq-level"": ""1"", ""rect"": ""0"", ""ref"": ""5"", ""rskip"": ""1"", ""sao"": ""0"", ""scenecut"": ""84"", ""subme"": ""4"", ""tu-inter-depth"": ""3"", ""tu-intra-depth"": ""2"", ""weightb"": ""0"", ""weightp"": ""1"", ""wpp"": ""0""}"
x265,bestconfig,7304,single,13,21.98,13.89,21.98,14.21725845336914,"['Standard', '320p', 30, '10s']",0.0,14.217162370681763,0.0,"{""amp"": ""1"", ""aq-mode"": ""2"", ""aq-strength"": ""2.0"", ""b-adapt"": ""1"", ""bframes"": ""2"", ""crf"": ""18.0"", ""ctu"": ""64"", ""keyint"": ""456"", ""limit-refs"": ""2"", ""limit-tu"": ""4"", ""me"": ""hex"", ""merange"": ""51"", ""open-gop"": ""1"", ""psy-rd"": ""0.0"", ""psy-rdoq"": ""3.0"", ""qcomp"": ""0.5"", ""qpmax"": ""48"", ""qpmin"": ""2"", ""rc-lookahead"": ""27"", ""rd"": ""3"", ""rdoq-level"": ""1"", ""rect"": ""1"", ""ref"": ""6"", ""rskip"": ""1"", ""sao"": ""1"", ""scenecut"": ""82"", ""subme"": ""5"", ""tu-inter-depth"": ""2"", ""tu-intra-depth"": ""2"", ""weightb"": ""1"", ""weightp"": ""1"", ""wpp"": ""0""}"
x265,bestconfig,7304,single,14,44.41,6.9,44.41,7.224109649658203,"['Standard', '320p', 30, '10s']",0.0,7.224029064178467,0.0,"{""amp"": ""1"", ""aq-mode"": ""3"", ""aq-strength"": ""1.8"", ""b-adapt"": ""2"", ""bframes"": ""3"", ""crf"": ""22.0"", ""ctu"": ""32"", ""keyint"": ""440"", ""limit-refs"": ""2"", ""limit-tu"": ""2"", ""me"": ""hex"", ""merange"": ""47"", ""open-gop"": ""1"", ""psy-rd"": ""1.0"", ""psy-rdoq"": ""0.5"", ""qcomp"": ""0.5"", ""qpmax"": ""46"", ""qpmin"": ""1"", ""rc-lookahead"": ""28"", ""rd"": ""4"", ""rdoq-level"": ""0"", ""rect"": ""0"", ""ref"": ""6"", ""rskip"": ""0"", ""sao"": ""0"", ""scenecut"": ""88"", ""subme"": ""4"", ""tu-inter-depth"": ""3"", ""tu-intra-depth"": ""1"", ""weightb"": ""0"", ""weightp"": ""0"", ""wpp"": ""1""}"
x265,bestconfig,7304,single,15,74.43,4.13,74.43,4.453062295913696,"['Standard', '320p', 30, '10s']",0.0,4.452981472015381,0.0,"{""amp"": ""0"", ""aq-mode"": ""3"", ""aq-strength"": ""1.2"", ""b-adapt"": ""1"", ""bframes"": ""3"", ""crf"": ""25.0"", ""ctu"": ""32"", ""keyint"": ""452"", ""limit-refs"": ""3"", ""limit-tu"": ""4"", ""me"": ""dia"", ""merange"": ""53"", ""open-gop"": ""0"", ""psy-rd"": ""1.5"", ""psy-rdoq"": ""4.0"", ""qcomp"": ""0.6"", ""qpmax"": ""50"", ""qpmin"": ""1"", ""rc-lookahead"": ""26"", ""rd"": ""3"", ""rdoq-level"": ""0"", ""rect"": ""0"", ""ref"": ""5"", ""rskip"": ""0"", ""sao"": ""0"", ""scenecut"": ""85"", ""subme"": ""3"", ""tu-inter-depth"": ""1"", ""tu-intra-depth"": ""2"", ""weightb"": ""1"", ""weightp"": ""0"", ""wpp"": ""1""}"
x265,bestconfig,7304,single,16,82.45,3.74,82.45,4.147955417633057,"['Standard', '320p', 30, '10s']",0.0,4.147823810577393,0.0,"{""amp"": ""0"", ""aq-mode"": ""4"", ""aq-strength"": ""0.8"", ""b-adapt"": ""2"", ""bframes"": ""1"", ""crf"": ""32.0"", ""ctu"": ""16"", ""keyint"": ""460"", ""limit-refs"": ""2"", ""limit-tu"": ""3"", ""me"": ""dia"", ""merange"": ""45"", ""open-gop"": ""0"", ""psy-rd"": ""3.5"", ""psy-rdoq"": ""4.5"", ""qcomp"": ""0.7"", ""qpmax"": ""45"", ""qpmin"": ""2"", ""rc-lookahead"": ""28"", ""rd"": ""3"", ""rdoq-level"": ""0"", ""rect"": ""0"", ""ref"": ""5"", ""rskip"": ""1"", ""sao"": ""0"", ""scenecut"": ""80"", ""subme"": ""4"", ""tu-inter-depth"": ""2"", ""tu-intra-depth"": ""2"", ""weightb"": ""0"", ""weightp"": ""1"", ""wpp"": ""1""}"
x265,bestconfig,7304,single,17,68.79,4.47,68.79,4.80563497543335,"['Standard', '320p', 30, '10s']",0.0,4.805552244186401,0.0,"{""amp"": ""0"", ""aq-mode"": ""3"", ""aq-strength"": ""1.0"", ""b-adapt"": ""1"", ""bframes"": ""2"", ""crf"": ""30.0"", ""ctu"": ""32"", ""keyint"": ""446"", ""limit-refs"": ""3"", ""limit-tu"": ""3"", ""me"": ""star"", ""merange"": ""48"", ""open-gop"": ""1"", ""psy-rd"": ""2.5"", ""psy-rdoq"": ""3.0"", ""qcomp"": ""0.6"", ""qpmax"": ""42"", ""qpmin"": ""4"", ""rc-lookahead"": ""25"", ""rd"": ""3"", ""rdoq-level"": ""1"", ""rect"": ""1"", ""ref"": ""5"", ""rskip"": ""0"", ""sao"": ""1"", ""scenecut"": ""84"", ""subme"": ""3"", ""tu-inter-depth"": ""2"", ""tu-intra-depth"": ""2"", ""weightb"": ""1"", ""weightp"": ""0"", ""wpp"": ""1""}"
x265,bestconfig,7304,single,18,60.82,5.05,60.82,5.368113040924072,"['Standard', '320p', 30, '10s']",0.0,5.368032693862915,0.0,"{""amp"": ""0"", ""aq-mode"": ""4"", ""aq-strength"": ""2.0"", ""b-adapt"": ""2"", ""bframes"": ""3"", ""crf"": ""22.0"", ""ctu"": ""16"", ""keyint"": ""444"", ""limit-refs"": ""2"", ""limit-tu"": ""4"", ""me"": ""dia"", ""merange"": ""47"", ""open-gop"": ""0"", ""psy-rd"": ""0.5"", ""psy-rdoq"": ""1.0"", ""qcomp"": ""1.0"", ""qpmax"": ""44"", ""qpmin"": ""2"", ""rc-lookahead"": ""24"", ""rd"": ""4"", ""rdoq-level"": ""0"", ""rect"": ""0"", ""ref"": ""5"", ""rskip"": ""1"", ""sao"": ""1"", ""scenecut"": ""79"", ""subme"": ""3"", ""tu-inter-depth"": ""2"", ""tu-intra-depth"": ""1"", ""weightb"": ""0"", ""weightp"": ""1"", ""wpp"": ""1""}"
x265,bestconfig,7304,single,19,66.05,4.66,66.05,4.98885703086853,"['Standard', '320p', 30, '10s']",0.0,4.988776683807373,0.0,"{""amp"": ""1"", ""aq-mode"": ""4"", ""aq-strength"": ""0.8"", ""b-adapt"": ""1"", ""bframes"": ""2"", ""crf"": ""32.0"", ""ctu"": ""64"", ""keyint"": ""449"", ""limit-refs"": ""1"", ""limit-tu"": ""4"", ""me"": ""hex"", ""merange"": ""44"", ""open-gop"": ""1"", ""psy-rd"": ""1.0"", ""psy-rdoq"": ""4.5"", ""qcomp"": ""0.7"", ""qpmax"": ""45"", ""qpmin"": ""3"", ""rc-lookahead"": ""29"", ""rd"": ""4"", ""rdoq-level"": ""0"", ""rect"": ""0"", ""ref"": ""6"", ""rskip"": ""0"", ""sao"": ""0"", ""scenecut"": ""86"", ""subme"": ""4"", ""tu-inter-depth"": ""2"", ""tu-intra-depth"": ""3"", ""weightb"": ""1"", ""weightp"": ""1"", ""wpp"": ""0""}"
x265,bestconfig,7304,single,20,90.36,3.42,90.36,3.747025728225708,"['Standard', '320p', 30, '10s']",0.0,3.7469418048858643,0.0,"{""amp"": ""0"", ""aq-mode"": ""3"", ""aq-strength"": ""1.5"", ""b-adapt"": ""1"", ""bframes"": ""2"", ""crf"": ""28.0"", ""ctu"": ""32"", ""keyint"": ""459"", ""limit-refs"": ""2"", ""limit-tu"": ""3"", ""me"": ""dia"", ""merange"": ""51"", ""open-gop"": ""0"", ""psy-rd"": ""3.0"", ""psy-rdoq"": ""0.0"", ""qcomp"": ""0.8"", ""qpmax"": ""41"", ""qpmin"": ""0"", ""rc-lookahead"": ""23"", ""rd"": ""3"", ""rdoq-level"": ""1"", ""rect"": ""0"", ""ref"": ""4"", ""rskip"": ""1"", ""sao"": ""0"", ""scenecut"": ""85"", ""subme"": ""5"", ""tu-inter-depth"": ""1"", ""tu-intra-depth"": ""2"", ""weightb"": ""0"", ""weightp"": ""1"", ""wpp"": ""0""}"
x265,bestconfig,7304,single,21,37.52,8.15,37.52,8.48073673248291,"['Standard', '320p', 30, '10s']",0.0,8.480656862258911,0.0,"{""amp"": ""0"", ""aq-mode"": ""4"", ""aq-strength"": ""1.2"", ""b-adapt"": ""2"", ""bframes"": ""1"", ""crf"": ""18.0"", ""ctu"": ""16"", ""keyint"": ""454"", ""limit-refs"": ""2"", ""limit-tu"": ""3"", ""me"": ""umh"", ""merange"": ""46"", ""open-gop"": ""1"", ""psy-rd"": ""1.5"", ""psy-rdoq"": ""2.5"", ""qcomp"": ""0.9"", ""qpmax"": ""43"", ""qpmin"": ""3"", ""rc-lookahead"": ""26"", ""rd"": ""3"", ""rdoq-level"": ""0"", ""rect"": ""0"", ""ref"": ""5"", ""rskip"": ""0"", ""sao"": ""1"", ""scenecut"": ""80"", ""subme"": ""4"", ""tu-inter-depth"": ""1"", ""tu-intra-depth"": ""1"", ""weightb"": ""0"", ""weightp"": ""0"", ""wpp"": ""1""}"
x265,bestconfig,7304,single,22,34.71,8.81,34.71,9.143378257751465,"['Standard', '320p', 30, '10s']",0.0,9.143296480178833,0.0,"{""amp"": ""1"", ""aq-mode"": ""3"", ""aq-strength"": ""1.8"", ""b-adapt"": ""2"", ""bframes"": ""3"", ""crf"": ""18.0"", ""ctu"": ""16"", ""keyint"": ""463"", ""limit-refs"": ""3"", ""limit-tu"": ""2"", ""me"": ""hex"", ""merange"": ""42"", ""open-gop"": ""0"", ""psy-rd"": ""3.5"", ""psy-rdoq"": ""0.5"", ""qcomp"": ""0.5"", ""qpmax"": ""43"", ""qpmin"": ""1"", ""rc-lookahead"": ""30"", ""rd"": ""2"", ""rdoq-level"": ""1"", ""rect"": ""1"", ""ref"": ""6"", ""rskip"": ""1"", ""sao"": ""0"", ""scenecut"": ""81"", ""subme"": ""4"", ""tu-inter-depth"": ""3"", ""tu-intra-depth"": ""3"", ""weightb"": ""1"", ""weightp"": ""1"", ""wpp"": ""0""}"
x265,bestconfig,7304,single,23,3.67,82.88,3.67,83.21231198310852,"['Standard', '320p', 30, '10s']",0.0,83.2122220993042,0.0,"{""amp"": ""1"", ""aq-mode"": ""3"", ""aq-strength"": ""0.5"", ""b-adapt"": ""2"", ""bframes"": ""1"", ""crf"": ""20.0"", ""ctu"": ""32"", ""keyint"": ""441"", ""limit-refs"": ""2"", ""limit-tu"": ""2"", ""me"": ""full"", ""merange"": ""44"", ""open-gop"": ""0"", ""psy-rd"": ""2.0"", ""psy-rdoq"": ""2.0"", ""qcomp"": ""0.75"", ""qpmax"": ""46"", ""qpmin"": ""1"", ""rc-lookahead"": ""27"", ""rd"": ""2"", ""rdoq-level"": ""1"", ""rect"": ""1"", ""ref"": ""4"", ""rskip"": ""0"", ""sao"": ""0"", ""scenecut"": ""87"", ""subme"": ""5"", ""tu-inter-depth"": ""2"", ""tu-intra-depth"": ""2"", ""weightb"": ""0"", ""weightp"": ""0"", ""wpp"": ""1""}"
x265,bestconfig,7304,single,24,34.65,8.83,34.65,9.161171674728394,"['Standard', '320p', 30, '10s']",0.0,9.161088466644287,0.0,"{""amp"": ""1"", ""aq-mode"": ""4"", ""aq-strength"": ""0.0"", ""b-adapt"": ""1"", ""bframes"": ""2"", ""crf"": ""25.0"", ""ctu"": ""64"", ""keyint"": ""453"", ""limit-refs"": ""1"", ""limit-tu"": ""3"", ""me"": ""star"", ""merange"": ""51"", ""open-gop"": ""1"", ""psy-rd"": ""0.0"", ""psy-rdoq"": ""4.0"", ""qcomp"": ""0.5"", ""qpmax"": ""45"", ""qpmin"": ""2"", ""rc-lookahead"": ""28"", ""rd"": ""3"", ""rdoq-level"": ""0"", ""rect"": ""1"", ""ref"": ""5"", ""rskip"": ""1"", ""sao"": ""1"", ""scenecut"": ""83"", ""subme"": ""4"", ""tu-inter-depth"": ""3"", ""tu-intra-depth"": ""2"", ""weightb"": ""1"", ""weightp"": ""0"", ""wpp"": ""0""}"
x265,bestconfig,7304,single,25,58.76,5.23,58.76,5.554193019866943,"['Standard', '320p', 30, '10s']",0.0,5.5541090965271,0.0,"{""amp"": ""1"", ""aq-mode"": ""4"", ""aq-strength"": ""1.0"", ""b-adapt"": ""2"", ""bframes"": ""2"", ""crf"": ""32.0"", ""ctu"": ""64"", ""keyint"": ""458"", ""limit-refs"": ""2"", ""limit-tu"": ""4"", ""me"": ""hex"", ""merange"": ""45"", ""open-gop"": ""0"", ""psy-rd"": ""3.0"", ""psy-rdoq"": ""1.0"", ""qcomp"": ""0.5"", ""qpmax"": ""44"", ""qpmin"": ""3"", ""rc-lookahead"": ""23"", ""rd"": ""3"", ""rdoq-level"": ""1"", ""rect"": ""0"", ""ref"": ""3"", ""rskip"": ""0"", ""sao"": ""1"", ""scenecut"": ""85"", ""subme"": ""4"", ""tu-inter-depth"": ""1"", ""tu-intra-depth"": ""1"", ""weightb"": ""1"", ""weightp"": ""1"", ""wpp"": ""1""}"
x265,bestconfig,7304,single,26,85.67,3.6,85.67,3.924161434173584,"['Standard', '320p', 30, '10s']",0.0,3.9240798950195312,0.0,"{""amp"": ""0"", ""aq-mode"": ""3"", ""aq-strength"": ""1.8"", ""b-adapt"": ""1"", ""bframes"": ""2"", ""crf"": ""25.0"", ""ctu"": ""16"", ""keyint"": ""452"", ""limit-refs"": ""3"", ""limit-tu"": ""3"", ""me"": ""dia"", ""merange"": ""49"", ""open-gop"": ""0"", ""psy-rd"": ""2.5"", ""psy-rdoq"": ""0.5"", ""qcomp"": ""0.7"", ""qpmax"": ""41"", ""qpmin"": ""0"", ""rc-lookahead"": ""26"", ""rd"": ""3"", ""rdoq-level"": ""0"", ""rect"": ""0"", ""ref"": ""4"", ""rskip"": ""1"", ""sao"": ""1"", ""scenecut"": ""87"", ""subme"": ""5"", ""tu-inter-depth"": ""1"", ""tu-intra-depth"": ""1"", ""weightb"": ""0"", ""weightp"": ""1"", ""wpp"": ""0""}"
x265,bestconfig,7304,single,27,45.41,6.75,45.41,7.075753688812256,"['Standard', '320p', 30, '10s']",0.0,7.0756731033325195,0.0,"{""amp"": ""1"", ""aq-mode"": ""3"", ""aq-strength"": ""0.8"", ""b-adapt"": ""1"", ""bframes"": ""1"", ""crf"": ""30.0"", ""ctu"": ""32"", ""keyint"": ""447"", ""limit-refs"": ""2"", ""limit-tu"": ""2"", ""me"": ""hex"", ""merange"": ""50"", ""open-gop"": ""1"", ""psy-rd"": ""1.0"", ""psy-rdoq"": ""4.0"", ""qcomp"": ""0.6"", ""qpmax"": ""43"", ""qpmin"": ""2"", ""rc-lookahead"": ""29"", ""rd"": ""4"", ""rdoq-level"": ""2"", ""rect"": ""1"", ""ref"": ""4"", ""rskip"": ""0"", ""sao"": ""1"", ""scenecut"": ""83"", ""subme"": ""5"", ""tu-inter-depth"": ""2"", ""tu-intra-depth"": ""2"", ""weightb"": ""1"", ""weightp"": ""1"", ""wpp"": ""0""}"
x265,bestconfig,7304,single,28,37.87,8.08,37.87,8.407923936843872,"['Standard', '320p', 30, '10s']",0.0,8.40783977508545,0.0,"{""amp"": ""0"", ""aq-mode"": ""2"", ""aq-strength"": ""0.5"", ""b-adapt"": ""0"", ""bframes"": ""2"", ""crf"": ""22.0"", ""ctu"": ""16"", ""keyint"": ""460"", ""limit-refs"": ""3"", ""limit-tu"": ""3"", ""me"": ""dia"", ""merange"": ""41"", ""open-gop"": ""0"", ""psy-rd"": ""0.5"", ""psy-rdoq"": ""4.5"", ""qcomp"": ""1.0"", ""qpmax"": ""36"", ""qpmin"": ""3"", ""rc-lookahead"": ""28"", ""rd"": ""3"", ""rdoq-level"": ""0"", ""rect"": ""1"", ""ref"": ""5"", ""rskip"": ""0"", ""sao"": ""0"", ""scenecut"": ""81"", ""subme"": ""5"", ""tu-inter-depth"": ""2"", ""tu-intra-depth"": ""2"", ""weightb"": ""0"", ""weightp"": ""0"", ""wpp"": ""1""}"
x265,bestconfig,7304,single,29,16.48,18.49,16.48,18.81028461456299,"['Standard', '320p', 30, '10s']",0.0,18.81020498275757,0.0,"{""amp"": ""1"", ""aq-mode"": ""2"", ""aq-strength"": ""2.0"", ""b-adapt"": ""0"", ""bframes"": ""3"", ""crf"": ""28.0"", ""ctu"": ""32"", ""keyint"": ""441"", ""limit-refs"": ""2"", ""limit-tu"": ""4"", ""me"": ""full"", ""merange"": ""47"", ""open-gop"": ""1"", ""psy-rd"": ""3.5"", ""psy-rdoq"": ""2.5"", ""qcomp"": ""0.8"", ""qpmax"": ""42"", ""qpmin"": ""4"", ""rc-lookahead"": ""29"", ""rd"": ""3"", ""rdoq-level"": ""1"", ""rect"": ""0"", ""ref"": ""5"", ""rskip"": ""0"", ""sao"": ""1"", ""scenecut"": ""78"", ""subme"": ""4"", ""tu-inter-depth"": ""2"", ""tu-intra-depth"": ""3"", ""weightb"": ""1"", ""weightp"": ""1"", ""wpp"": ""1""}"
x265,bestconfig,7304,single,30,41.31,7.41,41.31,7.740877389907837,"['Standard', '320p', 30, '10s']",0.0,7.740797996520996,0.0,"{""amp"": ""0"", ""aq-mode"": ""3"", ""aq-strength"": ""1.5"", ""b-adapt"": ""1"", ""bframes"": ""2"", ""crf"": ""18.0"", ""ctu"": ""16"", ""keyint"": ""444"", ""limit-refs"": ""2"", ""limit-tu"": ""2"", ""me"": ""star"", ""merange"": ""44"", ""open-gop"": ""1"", ""psy-rd"": ""1.5"", ""psy-rdoq"": ""3.0"", ""qcomp"": ""0.5"", ""qpmax"": ""37"", ""qpmin"": ""2"", ""rc-lookahead"": ""24"", ""rd"": ""2"", ""rdoq-level"": ""2"", ""rect"": ""1"", ""ref"": ""3"", ""rskip"": ""1"", ""sao"": ""0"", ""scenecut"": ""84"", ""subme"": ""4"", ""tu-inter-depth"": ""1"", ""tu-intra-depth"": ""2"", ""weightb"": ""0"", ""weightp"": ""0"", ""wpp"": ""0""}"
x265,bestconfig,7304,single,31,44.31,6.92,44.31,7.24236273765564,"['Standard', '320p', 30, '10s']",0.0,7.242282390594482,0.0,"{""amp"": ""1"", ""aq-mode"": ""4"", ""aq-strength"": ""1.2"", ""b-adapt"": ""1"", ""bframes"": ""3"", ""crf"": ""20.0"", ""ctu"": ""64"", ""keyint"": ""456"", ""limit-refs"": ""1"", ""limit-tu"": ""3"", ""me"": ""star"", ""merange"": ""51"", ""open-gop"": ""0"", ""psy-rd"": ""2.0"", ""psy-rdoq"": ""2.0"", ""qcomp"": ""0.75"", ""qpmax"": ""39"", ""qpmin"": ""1"", ""rc-lookahead"": ""26"", ""rd"": ""4"", ""rdoq-level"": ""1"", ""rect"": ""0"", ""ref"": ""4"", ""rskip"": ""1"", ""sao"": ""0"", ""scenecut"": ""79"", ""subme"": ""5"", ""tu-inter-depth"": ""1"", ""tu-intra-depth"": ""3"", ""weightb"": ""0"", ""weightp"": ""0"", ""wpp"": ""0""}"
x265,bestconfig,7304,single,32,24.97,12.23,24.97,12.619817733764648,"['Standard', '320p', 30, '10s']",0.0,12.619689464569092,0.0,"{""amp"": ""0"", ""aq-mode"": ""3"", ""aq-strength"": ""0.0"", ""b-adapt"": ""2"", ""bframes"": ""1"", ""crf"": ""18.0"", ""ctu"": ""32"", ""keyint"": ""451"", ""limit-refs"": ""1"", ""limit-tu"": ""3"", ""me"": ""umh"", ""merange"": ""45"", ""open-gop"": ""1"", ""psy-rd"": ""0.0"", ""psy-rdoq"": ""0.0"", ""qcomp"": ""0.9"", ""qpmax"": ""46"", ""qpmin"": ""1"", ""rc-lookahead"": ""22"", ""rd"": ""2"", ""rdoq-level"": ""1"", ""rect"": ""1"", ""ref"": ""4"", ""rskip"": ""1"", ""sao"": ""0"", ""scenecut"": ""86"", ""subme"": ""4"", ""tu-inter-depth"": ""2"", ""tu-intra-depth"": ""2"", ""weightb"": ""1"", ""weightp"": ""0"", ""wpp"": ""1""}"
x265,bestconfig,7304,single,33,28.65,10.66,28.65,10.995812177658081,"['Standard', '320p', 30, '10s']",0.0,10.995730876922607,0.0,"{""amp"": ""0"", ""aq-mode"": ""3"", ""aq-strength"": ""1.5"", ""b-adapt"": ""1"", ""bframes"": ""1"", ""crf"": ""20.0"", ""ctu"": ""16"", ""keyint"": ""441"", ""limit-refs"": ""3"", ""limit-tu"": ""3"", ""me"": ""dia"", ""merange"": ""45"", ""open-gop"": ""1"", ""psy-rd"": ""0.5"", ""psy-rdoq"": ""2.5"", ""qcomp"": ""1.0"", ""qpmax"": ""38"", ""qpmin"": ""0"", ""rc-lookahead"": ""29"", ""rd"": ""3"", ""rdoq-level"": ""1"", ""rect"": ""1"", ""ref"": ""3"", ""rskip"": ""1"", ""sao"": ""1"", ""scenecut"": ""86"", ""subme"": ""5"", ""tu-inter-depth"": ""2"", ""tu-intra-depth"": ""3"", ""weightb"": ""1"", ""weightp"": ""1"", ""wpp"": ""0""}"
x265,bestconfig,7304,single,34,24.22,12.6,24.22,12.935789108276367,"['Standard', '320p', 30, '10s']",0.0,12.935708284378052,0.0,"{""amp"": ""0"", ""aq-mode"": ""3"", ""aq-strength"": ""1.8"", ""b-adapt"": ""1"", ""bframes"": ""3"", ""crf"": ""18.0"", ""ctu"": ""32"", ""keyint"": ""449"", ""limit-refs"": ""2"", ""limit-tu"": ""2"", ""me"": ""hex"", ""merange"": ""48"", ""open-gop"": ""1"", ""psy-rd"": ""1.0"", ""psy-rdoq"": ""4.0"", ""qcomp"": ""0.8"", ""qpmax"": ""42"", ""qpmin"": ""2"", ""rc-lookahead"": ""24"", ""rd"": ""3"", ""rdoq-level"": ""1"", ""rect"": ""0"", ""ref"": ""4"", ""rskip"": ""0"", ""sao"": ""0"", ""scenecut"": ""79"", ""subme"": ""4"", ""tu-inter-depth"": ""2"", ""tu-intra-depth"": ""2"", ""weightb"": ""1"", ""weightp"": ""1"", ""wpp"": ""1""}"
x265,bestconfig,7304,single,35,79.99,3.85,79.99,4.1795408725738525,"['Standard', '320p', 30, '10s']",0.0,4.179458141326904,0.0,"{""amp"": ""1"", ""aq-mode"": ""4"", ""aq-strength"": ""1.0"", ""b-adapt"": ""0"", ""bframes"": ""2"", ""crf"": ""30.0"", ""ctu"": ""16"", ""keyint"": ""445"", ""limit-refs"": ""1"", ""limit-tu"": ""3"", ""me"": ""dia"", ""merange"": ""50"", ""open-gop"": ""0"", ""psy-rd"": ""0.0"", ""psy-rdoq"": ""1.0"", ""qcomp"": ""0.9"", ""qpmax"": ""39"", ""qpmin"": ""2"", ""rc-lookahead"": ""26"", ""rd"": ""4"", ""rdoq-level"": ""0"", ""rect"": ""1"", ""ref"": ""4"", ""rskip"": ""1"", ""sao"": ""0"", ""scenecut"": ""84"", ""subme"": ""4"", ""tu-inter-depth"": ""1"", ""tu-intra-depth"": ""1"", ""weightb"": ""1"", ""weightp"": ""1"", ""wpp"": ""1""}"
x265,bestconfig,7304,single,36,26.34,11.59,26.34,11.923811435699463,"['Standard', '320p', 30, '10s']",0.0,11.923728227615356,0.0,"{""amp"": ""1"", ""aq-mode"": ""2"", ""aq-strength"": ""0.0"", ""b-adapt"": ""2"", ""bframes"": ""2"", ""crf"": ""22.0"", ""ctu"": ""64"", ""keyint"": ""461"", ""limit-refs"": ""1"", ""limit-tu"": ""2"", ""me"": ""star"", ""merange"": ""51"", ""open-gop"": ""0"", ""psy-rd"": ""3.0"", ""psy-rdoq"": ""3.0"", ""qcomp"": ""0.5"", ""qpmax"": ""40"", ""qpmin"": ""1"", ""rc-lookahead"": ""27"", ""rd"": ""2"", ""rdoq-level"": ""1"", ""rect"": ""1"", ""ref"": ""4"", ""rskip"": ""1"", ""sao"": ""1"", ""scenecut"": ""82"", ""subme"": ""5"", ""tu-inter-depth"": ""2"", ""tu-intra-depth"": ""2"", ""weightb"": ""0"", ""weightp"": ""1"", ""wpp"": ""0""}"
x265,bestconfig,7304,single,37,14.71,20.71,14.71,21.03759479522705,"['Standard', '320p', 30, '10s']",0.0,21.03750252723694,0.0,"{""amp"": ""0"", ""aq-mode"": ""3"", ""aq-strength"": ""0.8"", ""b-adapt"": ""0"", ""bframes"": ""2"", ""crf"": ""25.0"", ""ctu"": ""64"", ""keyint"": ""457"", ""limit-refs"": ""2"", ""limit-tu"": ""3"", ""me"": ""full"", ""merange"": ""46"", ""open-gop"": ""0"", ""psy-rd"": ""3.5"", ""psy-rdoq"": ""2.0"", ""qcomp"": ""0.6"", ""qpmax"": ""43"", ""qpmin"": ""3"", ""rc-lookahead"": ""29"", ""rd"": ""3"", ""rdoq-level"": ""0"", ""rect"": ""0"", ""ref"": ""3"", ""rskip"": ""0"", ""sao"": ""0"", ""scenecut"": ""81"", ""subme"": ""5"", ""tu-inter-depth"": ""2"", ""tu-intra-depth"": ""1"", ""weightb"": ""1"", ""weightp"": ""0"", ""wpp"": ""1""}"
x265,bestconfig,7304,single,38,125.8,2.48,125.8,2.7939493656158447,"['Standard', '320p', 30, '10s']",0.0,2.79386830329895,0.0,"{""amp"": ""1"", ""aq-mode"": ""3"", ""aq-strength"": ""0.5"", ""b-adapt"": ""1"", ""bframes"": ""3"", ""crf"": ""32.0"", ""ctu"": ""32"", ""keyint"": ""448"", ""limit-refs"": ""3"", ""limit-tu"": ""4"", ""me"": ""hex"", ""merange"": ""41"", ""open-gop"": ""1"", ""psy-rd"": ""1.5"", ""psy-rdoq"": ""4.5"", ""qcomp"": ""0.75"", ""qpmax"": ""44"", ""qpmin"": ""4"", ""rc-lookahead"": ""27"", ""rd"": ""4"", ""rdoq-level"": ""2"", ""rect"": ""0"", ""ref"": ""4"", ""rskip"": ""1"", ""sao"": ""0"", ""scenecut"": ""85"", ""subme"": ""4"", ""tu-inter-depth"": ""1"", ""tu-intra-depth"": ""2"", ""weightb"": ""0"", ""weightp"": ""0"", ""wpp"": ""0""}"
x265,bestconfig,7304,single,39,51.05,6.01,51.05,6.341617822647095,"['Standard', '320p', 30, '10s']",0.0,6.341538667678833,0.0,"{""amp"": ""1"", ""aq-mode"": ""2"", ""aq-strength"": ""2.0"", ""b-adapt"": ""2"", ""bframes"": ""2"", ""crf"": ""18.0"", ""ctu"": ""16"", ""keyint"": ""452"", ""limit-refs"": ""2"", ""limit-tu"": ""3"", ""me"": ""star"", ""merange"": ""43"", ""open-gop"": ""0"", ""psy-rd"": ""2.5"", ""psy-rdoq"": ""0.0"", ""qcomp"": ""0.5"", ""qpmax"": ""37"", ""qpmin"": ""1"", ""rc-lookahead"": ""24"", ""rd"": ""2"", ""rdoq-level"": ""1"", ""rect"": ""0"", ""ref"": ""5"", ""rskip"": ""0"", ""sao"": ""1"", ""scenecut"": ""79"", ""subme"": ""5"", ""tu-inter-depth"": ""1"", ""tu-intra-depth"": ""2"", ""weightb"": ""0"", ""weightp"": ""0"", ""wpp"": ""1""}"
x265,bestconfig,7304,single,40,46.44,6.6,46.44,6.92704963684082,"['Standard', '320p', 30, '10s']",0.0,6.926968097686768,0.0,"{""amp"": ""0"", ""aq-mode"": ""4"", ""aq-strength"": ""1.2"", ""b-adapt"": ""1"", ""bframes"": ""1"", ""crf"": ""28.0"", ""ctu"": ""32"", ""keyint"": ""458"", ""limit-refs"": ""2"", ""limit-tu"": ""4"", ""me"": ""umh"", ""merange"": ""48"", ""open-gop"": ""1"", ""psy-rd"": ""2.0"", ""psy-rdoq"": ""0.5"", ""qcomp"": ""0.7"", ""qpmax"": ""46"", ""qpmin"": ""3"", ""rc-lookahead"": ""23"", ""rd"": ""3"", ""rdoq-level"": ""2"", ""rect"": ""1"", ""ref"": ""5"", ""rskip"": ""0"", ""sao"": ""1"", ""scenecut"": ""87"", ""subme"": ""4"", ""tu-inter-depth"": ""1"", ""tu-intra-depth"": ""3"", ""weightb"": ""0"", ""weightp"": ""0"", ""wpp"": ""0""}"
x265,bestconfig,7304,single,41,43.85,6.99,43.85,7.322592258453369,"['Standard', '320p', 30, '10s']",0.0,7.322506666183472,0.0,"{""amp"": ""0"", ""aq-mode"": ""3"", ""aq-strength"": ""2.0"", ""b-adapt"": ""1"", ""bframes"": ""2"", ""crf"": ""25.0"", ""ctu"": ""16"", ""keyint"": ""458"", ""limit-refs"": ""2"", ""limit-tu"": ""3"", ""me"": ""hex"", ""merange"": ""45"", ""open-gop"": ""0"", ""psy-rd"": ""1.5"", ""psy-rdoq"": ""0.5"", ""qcomp"": ""0.8"", ""qpmax"": ""45"", ""qpmin"": ""6"", ""rc-lookahead"": ""25"", ""rd"": ""3"", ""rdoq-level"": ""2"", ""rect"": ""1"", ""ref"": ""4"", ""rskip"": ""1"", ""sao"": ""1"", ""scenecut"": ""87"", ""subme"": ""5"", ""tu-inter-depth"": ""1"", ""tu-intra-depth"": ""2"", ""weightb"": ""1"", ""weightp"": ""1"", ""wpp"": ""0""}"
x265,bestconfig,7304,single,42,23.06,13.24,23.06,13.622651100158691,"['Standard', '320p', 30, '10s']",0.0,13.622519254684448,0.0,"{""amp"": ""0"", ""aq-mode"": ""3"", ""aq-strength"": ""0.0"", ""b-adapt"": ""0"", ""bframes"": ""1"", ""crf"": ""32.0"", ""ctu"": ""64"", ""keyint"": ""444"", ""limit-refs"": ""3"", ""limit-tu"": ""4"", ""me"": ""full"", ""merange"": ""37"", ""open-gop"": ""1"", ""psy-rd"": ""3.0"", ""psy-rdoq"": ""1.0"", ""qcomp"": ""0.75"", ""qpmax"": ""46"", ""qpmin"": ""1"", ""rc-lookahead"": ""24"", ""rd"": ""4"", ""rdoq-level"": ""1"", ""rect"": ""1"", ""ref"": ""3"", ""rskip"": ""0"", ""sao"": ""0"", ""scenecut"": ""80"", ""subme"": ""4"", ""tu-inter-depth"": ""2"", ""tu-intra-depth"": ""1"", ""weightb"": ""1"", ""weightp"": ""0"", ""wpp"": ""0""}"
x265,bestconfig,7304,single,43,51.29,5.98,51.29,6.2991321086883545,"['Standard', '320p', 30, '10s']",0.0,6.299051523208618,0.0,"{""amp"": ""1"", ""aq-mode"": ""4"", ""aq-strength"": ""1.5"", ""b-adapt"": ""1"", ""bframes"": ""4"", ""crf"": ""22.0"", ""ctu"": ""32"", ""keyint"": ""445"", ""limit-refs"": ""3"", ""limit-tu"": ""3"", ""me"": ""dia"", ""merange"": ""48"", ""open-gop"": ""0"", ""psy-rd"": ""2.0"", ""psy-rdoq"": ""3.0"", ""qcomp"": ""0.6"", ""qpmax"": ""42"", ""qpmin"": ""5"", ""rc-lookahead"": ""26"", ""rd"": ""4"", ""rdoq-level"": ""2"", ""rect"": ""0"", ""ref"": ""4"", ""rskip"": ""0"", ""sao"": ""0"", ""scenecut"": ""79"", ""subme"": ""3"", ""tu-inter-depth"": ""1"", ""tu-intra-depth"": ""2"", ""weightb"": ""0"", ""weightp"": ""0"", ""wpp"": ""1""}"
x265,bestconfig,7304,single,44,109.47,2.83,109.47,3.160108804702759,"['Standard', '320p', 30, '10s']",0.0,3.1600286960601807,0.0,"{""amp"": ""1"", ""aq-mode"": ""3"", ""aq-strength"": ""1.8"", ""b-adapt"": ""2"", ""bframes"": ""3"", ""crf"": ""30.0"", ""ctu"": ""64"", ""keyint"": ""450"", ""limit-refs"": ""2"", ""limit-tu"": ""3"", ""me"": ""dia"", ""merange"": ""43"", ""open-gop"": ""1"", ""psy-rd"": ""1.0"", ""psy-rdoq"": ""0.0"", ""qcomp"": ""0.5"", ""qpmax"": ""45"", ""qpmin"": ""2"", ""rc-lookahead"": ""29"", ""rd"": ""3"", ""rdoq-level"": ""2"", ""rect"": ""0"", ""ref"": ""3"", ""rskip"": ""1"", ""sao"": ""0"", ""scenecut"": ""84"", ""subme"": ""3"", ""tu-inter-depth"": ""1"", ""tu-intra-depth"": ""2"", ""weightb"": ""0"", ""weightp"": ""1"", ""wpp"": ""1""}"
x265,bestconfig,7304,single,45,41.31,7.41,41.31,7.733522176742554,"['Standard', '320p', 30, '10s']",0.0,7.733438014984131,0.0,"{""amp"": ""0"", ""aq-mode"": ""4"", ""aq-strength"": ""0.8"", ""b-adapt"": ""1"", ""bframes"": ""3"", ""crf"": ""18.0"", ""ctu"": ""16"", ""keyint"": ""462"", ""limit-refs"": ""3"", ""limit-tu"": ""4"", ""me"": ""star"", ""merange"": ""49"", ""open-gop"": ""0"", ""psy-rd"": ""0.0"", ""psy-rdoq"": ""4.5"", ""qcomp"": ""0.5"", ""qpmax"": ""41"", ""qpmin"": ""4"", ""rc-lookahead"": ""28"", ""rd"": ""4"", ""rdoq-level"": ""1"", ""rect"": ""0"", ""ref"": ""5"", ""rskip"": ""1"", ""sao"": ""0"", ""scenecut"": ""81"", ""subme"": ""4"", ""tu-inter-depth"": ""1"", ""tu-intra-depth"": ""3"", ""weightb"": ""1"", ""weightp"": ""1"", ""wpp"": ""1""}"
x265,bestconfig,7304,single,46,5.19,58.61,5.19,58.94899225234985,"['Standard', '320p', 30, '10s']",0.0,58.948904037475586,0.0,"{""amp"": ""1"", ""aq-mode"": ""2"", ""aq-strength"": ""1.0"", ""b-adapt"": ""1"", ""bframes"": ""2"", ""crf"": ""18.0"", ""ctu"": ""32"", ""keyint"": ""451"", ""limit-refs"": ""3"", ""limit-tu"": ""4"", ""me"": ""umh"", ""merange"": ""42"", ""open-gop"": ""1"", ""psy-rd"": ""2.5"", ""psy-rdoq"": ""2.0"", ""qcomp"": ""1.0"", ""qpmax"": ""44"", ""qpmin"": ""1"", ""rc-lookahead"": ""30"", ""rd"": ""5"", ""rdoq-level"": ""2"", ""rect"": ""1"", ""ref"": ""4"", ""rskip"": ""0"", ""sao"": ""1"", ""scenecut"": ""82"", ""subme"": ""4"", ""tu-inter-depth"": ""2"", ""tu-intra-depth"": ""2"", ""weightb"": ""1"", ""weightp"": ""0"", ""wpp"": ""0""}"
x265,bestconfig,7304,single,47,44.56,6.87,44.56,7.198423385620117,"['Standard', '320p', 30, '10s']",0.0,7.198328733444214,0.0,"{""amp"": ""0"", ""aq-mode"": ""2"", ""aq-strength"": ""1.2"", ""b-adapt"": ""2"", ""bframes"": ""4"", ""crf"": ""28.0"", ""ctu"": ""32"", ""keyint"": ""455"", ""limit-refs"": ""2"", ""limit-tu"": ""4"", ""me"": ""hex"", ""merange"": ""40"", ""open-gop"": ""0"", ""psy-rd"": ""3.5"", ""psy-rdoq"": ""4.0"", ""qcomp"": ""0.9"", ""qpmax"": ""42"", ""qpmin"": ""6"", ""rc-lookahead"": ""25"", ""rd"": ""4"", ""rdoq-level"": ""1"", ""rect"": ""1"", ""ref"": ""4"", ""rskip"": ""0"", ""sao"": ""1"", ""scenecut"": ""84"", ""subme"": ""4"", ""tu-inter-depth"": ""2"", ""tu-intra-depth"": ""3"", ""weightb"": ""0"", ""weightp"": ""0"", ""wpp"": ""0""}"
x265,bestconfig,7304,single,48,13.49,22.58,13.49,22.91419553756714,"['Standard', '320p', 30, '10s']",0.0,22.91411280632019,0.0,"{""amp"": ""1"", ""aq-mode"": ""3"", ""aq-strength"": ""0.5"", ""b-adapt"": ""0"", ""bframes"": ""5"", ""crf"": ""20.0"", ""ctu"": ""16"", ""keyint"": ""442"", ""limit-refs"": ""2"", ""limit-tu"": ""3"", ""me"": ""star"", ""merange"": ""51"", ""open-gop"": ""1"", ""psy-rd"": ""0.5"", ""psy-rdoq"": ""2.5"", ""qcomp"": ""0.7"", ""qpmax"": ""43"", ""qpmin"": ""3"", ""rc-lookahead"": ""27"", ""rd"": ""5"", ""rdoq-level"": ""1"", ""rect"": ""0"", ""ref"": ""5"", ""rskip"": ""1"", ""sao"": ""1"", ""scenecut"": ""86"", ""subme"": ""5"", ""tu-inter-depth"": ""2"", ""tu-intra-depth"": ""1"", ""weightb"": ""0"", ""weightp"": ""1"", ""wpp"": ""1""}"
x265,bestconfig,7304,single,49,6.54,46.57,6.54,46.90314769744873,"['Standard', '320p', 30, '10s']",0.0,46.90306210517883,0.0,"{""amp"": ""1"", ""aq-mode"": ""4"", ""aq-strength"": ""1.2"", ""b-adapt"": ""1"", ""bframes"": ""5"", ""crf"": ""18.0"", ""ctu"": ""32"", ""keyint"": ""162"", ""limit-refs"": ""1"", ""limit-tu"": ""1"", ""me"": ""hex"", ""merange"": ""60"", ""open-gop"": ""0"", ""psy-rd"": ""1.5"", ""psy-rdoq"": ""0.5"", ""qcomp"": ""0.6"", ""qpmax"": ""32"", ""qpmin"": ""3"", ""rc-lookahead"": ""37"", ""rd"": ""6"", ""rdoq-level"": ""2"", ""rect"": ""1"", ""ref"": ""4"", ""rskip"": ""1"", ""sao"": ""0"", ""scenecut"": ""55"", ""subme"": ""5"", ""tu-inter-depth"": ""4"", ""tu-intra-depth"": ""2"", ""weightb"": ""0"", ""weightp"": ""0"", ""wpp"": ""1""}"
x265,bestconfig,7304,single,50,47.98,6.39,47.98,6.721578598022461,"['Standard', '320p', 30, '10s']",0.0,6.721499443054199,0.0,"{""amp"": ""1"", ""aq-mode"": ""1"", ""aq-strength"": ""0.5"", ""b-adapt"": ""1"", ""bframes"": ""2"", ""crf"": ""22.0"", ""ctu"": ""32"", ""keyint"": ""361"", ""limit-refs"": ""1"", ""limit-tu"": ""3"", ""me"": ""star"", ""merange"": ""16"", ""open-gop"": ""1"", ""psy-rd"": ""0.0"", ""psy-rdoq"": ""2.5"", ""qcomp"": ""0.9"", ""qpmax"": ""48"", ""qpmin"": ""19"", ""rc-lookahead"": ""44"", ""rd"": ""4"", ""rdoq-level"": ""1"", ""rect"": ""0"", ""ref"": ""3"", ""rskip"": ""0"", ""sao"": ""1"", ""scenecut"": ""37"", ""subme"": ""4"", ""tu-inter-depth"": ""4"", ""tu-intra-depth"": ""3"", ""weightb"": ""0"", ""weightp"": ""0"", ""wpp"": ""0""}"
x265,bestconfig,7304,single,51,56.28,5.46,56.28,5.781301498413086,"['Standard', '320p', 30, '10s']",0.0,5.781209945678711,0.0,"{""amp"": ""0"", ""aq-mode"": ""3"", ""aq-strength"": ""0.8"", ""b-adapt"": ""2"", ""bframes"": ""6"", ""crf"": ""25.0"", ""ctu"": ""32"", ""keyint"": ""307"", ""limit-refs"": ""3"", ""limit-tu"": ""0"", ""me"": ""dia"", ""merange"": ""38"", ""open-gop"": ""1"", ""psy-rd"": ""3.5"", ""psy-rdoq"": ""4.0"", ""qcomp"": ""0.8"", ""qpmax"": ""37"", ""qpmin"": ""17"", ""rc-lookahead"": ""21"", ""rd"": ""2"", ""rdoq-level"": ""2"", ""rect"": ""0"", ""ref"": ""6"", ""rskip"": ""1"", ""sao"": ""1"", ""scenecut"": ""18"", ""subme"": ""2"", ""tu-inter-depth"": ""2"", ""tu-intra-depth"": ""3"", ""weightb"": ""1"", ""weightp"": ""0"", ""wpp"": ""0""}"
x265,bestconfig,7304,single,52,83.35,3.71,83.35,4.0453782081604,"['Standard', '320p', 30, '10s']",0.0,4.045297145843506,0.0,"{""amp"": ""0"", ""aq-mode"": ""2"", ""aq-strength"": ""1.8"", ""b-adapt"": ""0"", ""bframes"": ""3"", ""crf"": ""32.0"", ""ctu"": ""16"", ""keyint"": ""205"", ""limit-refs"": ""1"", ""limit-tu"": ""1"", ""me"": ""full"", ""merange"": ""27"", ""open-gop"": ""0"", ""psy-rd"": ""1.0"", ""psy-rdoq"": ""0.0"", ""qcomp"": ""0.5"", ""qpmax"": ""39"", ""qpmin"": ""12"", ""rc-lookahead"": ""23"", ""rd"": ""1"", ""rdoq-level"": ""1"", ""rect"": ""1"", ""ref"": ""5"", ""rskip"": ""1"", ""sao"": ""0"", ""scenecut"": ""78"", ""subme"": ""4"", ""tu-inter-depth"": ""3"", ""tu-intra-depth"": ""1"", ""weightb"": ""1"", ""weightp"": ""1"", ""wpp"": ""1""}"
x265,bestconfig,7304,single,53,62.37,4.93,62.37,5.27103853225708,"['Standard', '320p', 30, '10s']",0.0,5.270947456359863,0.0,"{""amp"": ""0"", ""aq-mode"": ""3"", ""aq-strength"": ""0.0"", ""b-adapt"": ""0"", ""bframes"": ""8"", ""crf"": ""20.0"", ""ctu"": ""16"", ""keyint"": ""397"", ""limit-refs"": ""2"", ""limit-tu"": ""2"", ""me"": ""dia"", ""merange"": ""56"", ""open-gop"": ""0"", ""psy-rd"": ""0.5"", ""psy-rdoq"": ""1.0"", ""qcomp"": ""0.5"", ""qpmax"": ""29"", ""qpmin"": ""14"", ""rc-lookahead"": ""12"", ""rd"": ""4"", ""rdoq-level"": ""0"", ""rect"": ""0"", ""ref"": ""2"", ""rskip"": ""0"", ""sao"": ""1"", ""scenecut"": ""6"", ""subme"": ""3"", ""tu-inter-depth"": ""2"", ""tu-intra-depth"": ""2"", ""weightb"": ""0"", ""weightp"": ""1"", ""wpp"": ""1""}"
x265,bestconfig,7304,single,54,30.69,9.96,30.69,10.30575442314148,"['Standard', '320p', 30, '10s']",0.0,10.305663585662842,0.0,"{""amp"": ""1"", ""aq-mode"": ""2"", ""aq-strength"": ""1.5"", ""b-adapt"": ""1"", ""bframes"": ""0"", ""crf"": ""28.0"", ""ctu"": ""16"", ""keyint"": ""474"", ""limit-refs"": ""2"", ""limit-tu"": ""2"", ""me"": ""umh"", ""merange"": ""41"", ""open-gop"": ""1"", ""psy-rd"": ""3.0"", ""psy-rdoq"": ""2.0"", ""qcomp"": ""0.7"", ""qpmax"": ""27"", ""qpmin"": ""2"", ""rc-lookahead"": ""53"", ""rd"": ""2"", ""rdoq-level"": ""1"", ""rect"": ""1"", ""ref"": ""4"", ""rskip"": ""0"", ""sao"": ""0"", ""scenecut"": ""91"", ""subme"": ""3"", ""tu-inter-depth"": ""2"", ""tu-intra-depth"": ""2"", ""weightb"": ""1"", ""weightp"": ""1"", ""wpp"": ""0""}"
x265,bestconfig,7304,single,55,24.38,12.53,24.38,12.866884469985962,"['Standard', '320p', 30, '10s']",0.0,12.866800546646118,0.0,"{""amp"": ""0"", ""aq-mode"": ""1"", ""aq-strength"": ""2.0"", ""b-adapt"": ""2"", ""bframes"": ""5"", ""crf"": ""30.0"", ""ctu"": ""64"", ""keyint"": ""78"", ""limit-refs"": ""0"", ""limit-tu"": ""3"", ""me"": ""hex"", ""merange"": ""50"", ""open-gop"": ""1"", ""psy-rd"": ""2.0"", ""psy-rdoq"": ""4.5"", ""qcomp"": ""0.75"", ""qpmax"": ""45"", ""qpmin"": ""6"", ""rc-lookahead"": ""55"", ""rd"": ""5"", ""rdoq-level"": ""1"", ""rect"": ""0"", ""ref"": ""1"", ""rskip"": ""0"", ""sao"": ""1"", ""scenecut"": ""44"", ""subme"": ""2"", ""tu-inter-depth"": ""3"", ""tu-intra-depth"": ""3"", ""weightb"": ""1"", ""weightp"": ""1"", ""wpp"": ""1""}"
x265,bestconfig,7304,single,56,26.71,11.44,26.71,11.770373582839966,"['Standard', '320p', 30, '10s']",0.0,11.770289421081543,0.0,"{""amp"": ""1"", ""aq-mode"": ""0"", ""aq-strength"": ""1.0"", ""b-adapt"": ""1"", ""bframes"": ""4"", ""crf"": ""18.0"", ""ctu"": ""64"", ""keyint"": ""119"", ""limit-refs"": ""2"", ""limit-tu"": ""4"", ""me"": ""star"", ""merange"": ""31"", ""open-gop"": ""0"", ""psy-rd"": ""2.5"", ""psy-rdoq"": ""3.0"", ""qcomp"": ""1.0"", ""qpmax"": ""21"", ""qpmin"": ""8"", ""rc-lookahead"": ""31"", ""rd"": ""3"", ""rdoq-level"": ""0"", ""rect"": ""1"", ""ref"": ""3"", ""rskip"": ""1"", ""sao"": ""0"", ""scenecut"": ""73"", ""subme"": ""1"", ""tu-inter-depth"": ""1"", ""tu-intra-depth"": ""4"", ""weightb"": ""0"", ""weightp"": ""0"", ""wpp"": ""0""}"
x265,bestconfig,7304,single,57,23.53,12.98,23.53,13.301568746566772,"['Standard', '320p', 30, '10s']",0.0,13.301486253738403,0.0,"{""amp"": ""0"", ""aq-mode"": ""4"", ""aq-strength"": ""1.8"", ""b-adapt"": ""1"", ""bframes"": ""3"", ""crf"": ""25.0"", ""ctu"": ""16"", ""keyint"": ""414"", ""limit-refs"": ""3"", ""limit-tu"": ""3"", ""me"": ""full"", ""merange"": ""43"", ""open-gop"": ""1"", ""psy-rd"": ""0.5"", ""psy-rdoq"": ""4.0"", ""qcomp"": ""0.8"", ""qpmax"": ""44"", ""qpmin"": ""4"", ""rc-lookahead"": ""24"", ""rd"": ""4"", ""rdoq-level"": ""1"", ""rect"": ""1"", ""ref"": ""3"", ""rskip"": ""0"", ""sao"": ""0"", ""scenecut"": ""82"", ""subme"": ""4"", ""tu-inter-depth"": ""1"", ""tu-intra-depth"": ""2"", ""weightb"": ""0"", ""weightp"": ""0"", ""wpp"": ""0""}"
x265,bestconfig,7304,single,58,33.56,9.12,33.56,9.427257299423218,"['Standard', '320p', 30, '10s']",0.0,9.427126407623291,0.0,"{""amp"": ""1"", ""aq-mode"": ""2"", ""aq-strength"": ""1.0"", ""b-adapt"": ""0"", ""bframes"": ""3"", ""crf"": ""22.0"", ""ctu"": ""64"", ""keyint"": ""450"", ""limit-refs"": ""3"", ""limit-tu"": ""4"", ""me"": ""star"", ""merange"": ""41"", ""open-gop"": ""0"", ""psy-rd"": ""1.0"", ""psy-rdoq"": ""1.0"", ""qcomp"": ""1.0"", ""qpmax"": ""41"", ""qpmin"": ""4"", ""rc-lookahead"": ""26"", ""rd"": ""4"", ""rdoq-level"": ""1"", ""rect"": ""1"", ""ref"": ""4"", ""rskip"": ""1"", ""sao"": ""1"", ""scenecut"": ""87"", ""subme"": ""3"", ""tu-inter-depth"": ""1"", ""tu-intra-depth"": ""1"", ""weightb"": ""0"", ""weightp"": ""1"", ""wpp"": ""1""}"
x265,bestconfig,7304,single,59,85.15,3.62,85.15,3.952913522720337,"['Standard', '320p', 30, '10s']",0.0,3.952831745147705,0.0,"{""amp"": ""1"", ""aq-mode"": ""3"", ""aq-strength"": ""0.8"", ""b-adapt"": ""1"", ""bframes"": ""4"", ""crf"": ""30.0"", ""ctu"": ""32"", ""keyint"": ""399"", ""limit-refs"": ""3"", ""limit-tu"": ""4"", ""me"": ""umh"", ""merange"": ""38"", ""open-gop"": ""0"", ""psy-rd"": ""3.5"", ""psy-rdoq"": ""3.0"", ""qcomp"": ""0.7"", ""qpmax"": ""42"", ""qpmin"": ""5"", ""rc-lookahead"": ""31"", ""rd"": ""4"", ""rdoq-level"": ""1"", ""rect"": ""0"", ""ref"": ""3"", ""rskip"": ""1"", ""sao"": ""1"", ""scenecut"": ""80"", ""subme"": ""4"", ""tu-inter-depth"": ""2"", ""tu-intra-depth"": ""2"", ""weightb"": ""0"", ""weightp"": ""1"", ""wpp"": ""1""}"
x265,bestconfig,7304,single,60,71.05,4.33,71.05,4.657033443450928,"['Standard', '320p', 30, '10s']",0.0,4.656954050064087,0.0,"{""amp"": ""0"", ""aq-mode"": ""2"", ""aq-strength"": ""2.0"", ""b-adapt"": ""1"", ""bframes"": ""3"", ""crf"": ""28.0"", ""ctu"": ""32"", ""keyint"": ""434"", ""limit-refs"": ""2"", ""limit-tu"": ""3"", ""me"": ""star"", ""merange"": ""47"", ""open-gop"": ""0"", ""psy-rd"": ""2.5"", ""psy-rdoq"": ""0.0"", ""qcomp"": ""0.5"", ""qpmax"": ""40"", ""qpmin"": ""4"", ""rc-lookahead"": ""23"", ""rd"": ""3"", ""rdoq-level"": ""1"", ""rect"": ""1"", ""ref"": ""4"", ""rskip"": ""1"", ""sao"": ""0"", ""scenecut"": ""90"", ""subme"": ""5"", ""tu-inter-depth"": ""1"", ""tu-intra-depth"": ""1"", ""weightb"": ""1"", ""weightp"": ""1"", ""wpp"": ""0""}"
x265,bestconfig,7304,single,61,64.48,4.77,64.48,5.084274530410767,"['Standard', '320p', 30, '10s']",0.0,5.084196329116821,0.0,"{""amp"": ""0"", ""aq-mode"": ""3"", ""aq-strength"": ""1.5"", ""b-adapt"": ""2"", ""bframes"": ""4"", ""crf"": ""32.0"", ""ctu"": ""16"", ""keyint"": ""444"", ""limit-refs"": ""2"", ""limit-tu"": ""4"", ""me"": ""dia"", ""merange"": ""40"", ""open-gop"": ""1"", ""psy-rd"": ""2.0"", ""psy-rdoq"": ""4.5"", ""qcomp"": ""0.9"", ""qpmax"": ""39"", ""qpmin"": ""5"", ""rc-lookahead"": ""28"", ""rd"": ""4"", ""rdoq-level"": ""2"", ""rect"": ""0"", ""ref"": ""4"", ""rskip"": ""0"", ""sao"": ""1"", ""scenecut"": ""88"", ""subme"": ""4"", ""tu-inter-depth"": ""1"", ""tu-intra-depth"": ""2"", ""weightb"": ""1"", ""weightp"": ""0"", ""wpp"": ""1""}"
x265,bestconfig,7304,single,62,8.73,34.88,8.73,35.21644186973572,"['Standard', '320p', 30, '10s']",0.0,35.21634292602539,0.0,"{""amp"": ""0"", ""aq-mode"": ""3"", ""aq-strength"": ""1.2"", ""b-adapt"": ""1"", ""bframes"": ""3"", ""crf"": ""18.0"", ""ctu"": ""64"", ""keyint"": ""457"", ""limit-refs"": ""2"", ""limit-tu"": ""3"", ""me"": ""hex"", ""merange"": ""49"", ""open-gop"": ""0"", ""psy-rd"": ""1.5"", ""psy-rdoq"": ""0.5"", ""qcomp"": ""0.5"", ""qpmax"": ""42"", ""qpmin"": ""6"", ""rc-lookahead"": ""27"", ""rd"": ""5"", ""rdoq-level"": ""2"", ""rect"": ""0"", ""ref"": ""5"", ""rskip"": ""1"", ""sao"": ""0"", ""scenecut"": ""84"", ""subme"": ""3"", ""tu-inter-depth"": ""2"", ""tu-intra-depth"": ""3"", ""weightb"": ""0"", ""weightp"": ""0"", ""wpp"": ""1""}"
x265,bestconfig,7304,single,63,7.73,39.41,7.73,39.90042281150818,"['Standard', '320p', 30, '10s']",0.0,39.90033316612244,0.0,"{""amp"": ""1"", ""aq-mode"": ""3"", ""aq-strength"": ""0.5"", ""b-adapt"": ""2"", ""bframes"": ""2"", ""crf"": ""18.0"", ""ctu"": ""16"", ""keyint"": ""423"", ""limit-refs"": ""2"", ""limit-tu"": ""4"", ""me"": ""dia"", ""merange"": ""48"", ""open-gop"": ""1"", ""psy-rd"": ""3.0"", ""psy-rdoq"": ""2.0"", ""qcomp"": ""0.75"", ""qpmax"": ""43"", ""qpmin"": ""3"", ""rc-lookahead"": ""29"", ""rd"": ""5"", ""rdoq-level"": ""2"", ""rect"": ""1"", ""ref"": ""4"", ""rskip"": ""0"", ""sao"": ""1"", ""scenecut"": ""85"", ""subme"": ""5"", ""tu-inter-depth"": ""2"", ""tu-intra-depth"": ""3"", ""weightb"": ""1"", ""weightp"": ""0"", ""wpp"": ""0""}"
x265,bestconfig,7304,single,64,37.46,8.21,37.46,8.765359878540039,"['Standard', '320p', 30, '10s']",0.0,8.765266180038452,0.0,"{""amp"": ""1"", ""aq-mode"": ""4"", ""aq-strength"": ""0.0"", ""b-adapt"": ""0"", ""bframes"": ""2"", ""crf"": ""20.0"", ""ctu"": ""32"", ""keyint"": ""473"", ""limit-refs"": ""3"", ""limit-tu"": ""3"", ""me"": ""hex"", ""merange"": ""45"", ""open-gop"": ""1"", ""psy-rd"": ""0.0"", ""psy-rdoq"": ""2.5"", ""qcomp"": ""0.6"", ""qpmax"": ""45"", ""qpmin"": ""5"", ""rc-lookahead"": ""27"", ""rd"": ""3"", ""rdoq-level"": ""2"", ""rect"": ""0"", ""ref"": ""5"", ""rskip"": ""0"", ""sao"": ""0"", ""scenecut"": ""79"", ""subme"": ""4"", ""tu-inter-depth"": ""2"", ""tu-intra-depth"": ""2"", ""weightb"": ""1"", ""weightp"": ""1"", ""wpp"": ""0""}"
x265,bestconfig,7304,single,65,77.34,4.0,77.34,4.326422452926636,"['Standard', '320p', 30, '10s']",0.0,4.326339960098267,0.0,"{""amp"": ""0"", ""aq-mode"": ""1"", ""aq-strength"": ""1.5"", ""b-adapt"": ""2"", ""bframes"": ""5"", ""crf"": ""32.0"", ""ctu"": ""32"", ""keyint"": ""278"", ""limit-refs"": ""1"", ""limit-tu"": ""1"", ""me"": ""star"", ""merange"": ""46"", ""open-gop"": ""0"", ""psy-rd"": ""1.0"", ""psy-rdoq"": ""0.0"", ""qcomp"": ""0.7"", ""qpmax"": ""37"", ""qpmin"": ""4"", ""rc-lookahead"": ""57"", ""rd"": ""1"", ""rdoq-level"": ""1"", ""rect"": ""0"", ""ref"": ""3"", ""rskip"": ""0"", ""sao"": ""1"", ""scenecut"": ""78"", ""subme"": ""4"", ""tu-inter-depth"": ""2"", ""tu-intra-depth"": ""2"", ""weightb"": ""0"", ""weightp"": ""1"", ""wpp"": ""1""}"
x265,bestconfig,7304,single,66,8.15,37.36,8.15,37.697049617767334,"['Standard', '320p', 30, '10s']",0.0,37.69696497917175,0.0,"{""amp"": ""1"", ""aq-mode"": ""3"", ""aq-strength"": ""0.5"", ""b-adapt"": ""2"", ""bframes"": ""3"", ""crf"": ""20.0"", ""ctu"": ""16"", ""keyint"": ""435"", ""limit-refs"": ""1"", ""limit-tu"": ""3"", ""me"": ""full"", ""merange"": ""20"", ""open-gop"": ""1"", ""psy-rd"": ""0.0"", ""psy-rdoq"": ""4.5"", ""qcomp"": ""1.0"", ""qpmax"": ""46"", ""qpmin"": ""12"", ""rc-lookahead"": ""23"", ""rd"": ""4"", ""rdoq-level"": ""0"", ""rect"": ""1"", ""ref"": ""5"", ""rskip"": ""0"", ""sao"": ""1"", ""scenecut"": ""33"", ""subme"": ""2"", ""tu-inter-depth"": ""2"", ""tu-intra-depth"": ""2"", ""weightb"": ""0"", ""weightp"": ""0"", ""wpp"": ""1""}"
x265,bestconfig,7304,single,67,39.33,7.78,39.33,8.128357887268066,"['Standard', '320p', 30, '10s']",0.0,8.12827467918396,0.0,"{""amp"": ""0"", ""aq-mode"": ""1"", ""aq-strength"": ""0.8"", ""b-adapt"": ""1"", ""bframes"": ""4"", ""crf"": ""30.0"", ""ctu"": ""32"", ""keyint"": ""177"", ""limit-refs"": ""3"", ""limit-tu"": ""3"", ""me"": ""umh"", ""merange"": ""62"", ""open-gop"": ""0"", ""psy-rd"": ""3.5"", ""psy-rdoq"": ""4.0"", ""qcomp"": ""0.5"", ""qpmax"": ""27"", ""qpmin"": ""19"", ""rc-lookahead"": ""14"", ""rd"": ""3"", ""rdoq-level"": ""1"", ""rect"": ""1"", ""ref"": ""4"", ""rskip"": ""1"", ""sao"": ""1"", ""scenecut"": ""65"", ""subme"": ""2"", ""tu-inter-depth"": ""1"", ""tu-intra-depth"": ""3"", ""weightb"": ""0"", ""weightp"": ""0"", ""wpp"": ""1""}"
x265,bestconfig,7304,single,68,27.37,11.16,27.37,11.563795328140259,"['Standard', '320p', 30, '10s']",0.0,11.563661575317383,0.0,"{""amp"": ""1"", ""aq-mode"": ""3"", ""aq-strength"": ""1.0"", ""b-adapt"": ""1"", ""bframes"": ""7"", ""crf"": ""18.0"", ""ctu"": ""32"", ""keyint"": ""487"", ""limit-refs"": ""1"", ""limit-tu"": ""2"", ""me"": ""hex"", ""merange"": ""41"", ""open-gop"": ""1"", ""psy-rd"": ""2.0"", ""psy-rdoq"": ""3.0"", ""qcomp"": ""0.6"", ""qpmax"": ""29"", ""qpmin"": ""13"", ""rc-lookahead"": ""43"", ""rd"": ""2"", ""rdoq-level"": ""1"", ""rect"": ""1"", ""ref"": ""1"", ""rskip"": ""1"", ""sao"": ""0"", ""scenecut"": ""18"", ""subme"": ""4"", ""tu-inter-depth"": ""4"", ""tu-intra-depth"": ""2"", ""weightb"": ""1"", ""weightp"": ""1"", ""wpp"": ""0""}"
x265,bestconfig,7304,single,69,29.95,10.2,29.95,10.535122394561768,"['Standard', '320p', 30, '10s']",0.0,10.535041332244873,0.0,"{""amp"": ""0"", ""aq-mode"": ""2"", ""aq-strength"": ""2.0"", ""b-adapt"": ""0"", ""bframes"": ""0"", ""crf"": ""22.0"", ""ctu"": ""16"", ""keyint"": ""64"", ""limit-refs"": ""2"", ""limit-tu"": ""1"", ""me"": ""star"", ""merange"": ""32"", ""open-gop"": ""1"", ""psy-rd"": ""2.5"", ""psy-rdoq"": ""0.5"", ""qcomp"": ""0.9"", ""qpmax"": ""32"", ""qpmin"": ""16"", ""rc-lookahead"": ""18"", ""rd"": ""3"", ""rdoq-level"": ""2"", ""rect"": ""0"", ""ref"": ""2"", ""rskip"": ""1"", ""sao"": ""0"", ""scenecut"": ""45"", ""subme"": ""3"", ""tu-inter-depth"": ""3"", ""tu-intra-depth"": ""3"", ""weightb"": ""0"", ""weightp"": ""0"", ""wpp"": ""1""}"
x265,bestconfig,7304,single,70,12.51,24.35,12.51,24.68396019935608,"['Standard', '320p', 30, '10s']",0.0,24.683866500854492,0.0,"{""amp"": ""1"", ""aq-mode"": ""0"", ""aq-strength"": ""1.2"", ""b-adapt"": ""1"", ""bframes"": ""2"", ""crf"": ""18.0"", ""ctu"": ""64"", ""keyint"": ""345"", ""limit-refs"": ""2"", ""limit-tu"": ""4"", ""me"": ""hex"", ""merange"": ""22"", ""open-gop"": ""1"", ""psy-rd"": ""0.5"", ""psy-rdoq"": ""2.0"", ""qcomp"": ""0.75"", ""qpmax"": ""23"", ""qpmin"": ""6"", ""rc-lookahead"": ""40"", ""rd"": ""5"", ""rdoq-level"": ""0"", ""rect"": ""0"", ""ref"": ""4"", ""rskip"": ""0"", ""sao"": ""0"", ""scenecut"": ""60"", ""subme"": ""3"", ""tu-inter-depth"": ""3"", ""tu-intra-depth"": ""4"", ""weightb"": ""1"", ""weightp"": ""0"", ""wpp"": ""0""}"
x265,bestconfig,7304,single,71,35.7,8.57,35.7,8.896766662597656,"['Standard', '320p', 30, '10s']",0.0,8.896684646606445,0.0,"{""amp"": ""1"", ""aq-mode"": ""4"", ""aq-strength"": ""0.0"", ""b-adapt"": ""1"", ""bframes"": ""3"", ""crf"": ""28.0"", ""ctu"": ""16"", ""keyint"": ""259"", ""limit-refs"": ""0"", ""limit-tu"": ""0"", ""me"": ""dia"", ""merange"": ""37"", ""open-gop"": ""0"", ""psy-rd"": ""3.0"", ""psy-rdoq"": ""1.0"", ""qcomp"": ""0.8"", ""qpmax"": ""42"", ""qpmin"": ""8"", ""rc-lookahead"": ""50"", ""rd"": ""4"", ""rdoq-level"": ""2"", ""rect"": ""0"", ""ref"": ""3"", ""rskip"": ""0"", ""sao"": ""0"", ""scenecut"": ""91"", ""subme"": ""5"", ""tu-inter-depth"": ""3"", ""tu-intra-depth"": ""1"", ""weightb"": ""1"", ""weightp"": ""1"", ""wpp"": ""0""}"
x265,bestconfig,7304,single,72,17.42,17.51,17.42,17.89631175994873,"['Standard', '320p', 30, '10s']",0.0,17.89618444442749,0.0,"{""amp"": ""0"", ""aq-mode"": ""2"", ""aq-strength"": ""1.8"", ""b-adapt"": ""0"", ""bframes"": ""7"", ""crf"": ""25.0"", ""ctu"": ""64"", ""keyint"": ""117"", ""limit-refs"": ""2"", ""limit-tu"": ""2"", ""me"": ""dia"", ""merange"": ""55"", ""open-gop"": ""0"", ""psy-rd"": ""1.5"", ""psy-rdoq"": ""2.5"", ""qcomp"": ""0.5"", ""qpmax"": ""48"", ""qpmin"": ""2"", ""rc-lookahead"": ""29"", ""rd"": ""6"", ""rdoq-level"": ""1"", ""rect"": ""1"", ""ref"": ""5"", ""rskip"": ""1"", ""sao"": ""1"", ""scenecut"": ""3"", ""subme"": ""1"", ""tu-inter-depth"": ""2"", ""tu-intra-depth"": ""3"", ""weightb"": ""1"", ""weightp"": ""1"", ""wpp"": ""0""}"
x265,bestconfig,7304,single,73,7.97,38.21,7.97,38.54141688346863,"['Standard', '320p', 30, '10s']",0.0,38.541332483291626,0.0,"{""amp"": ""0"", ""aq-mode"": ""2"", ""aq-strength"": ""1.8"", ""b-adapt"": ""0"", ""bframes"": ""3"", ""crf"": ""18.0"", ""ctu"": ""32"", ""keyint"": ""449"", ""limit-refs"": ""2"", ""limit-tu"": ""3"", ""me"": ""dia"", ""merange"": ""44"", ""open-gop"": ""0"", ""psy-rd"": ""2.5"", ""psy-rdoq"": ""2.5"", ""qcomp"": ""0.5"", ""qpmax"": ""46"", ""qpmin"": ""2"", ""rc-lookahead"": ""24"", ""rd"": ""5"", ""rdoq-level"": ""2"", ""rect"": ""1"", ""ref"": ""5"", ""rskip"": ""1"", ""sao"": ""0"", ""scenecut"": ""79"", ""subme"": ""4"", ""tu-inter-depth"": ""2"", ""tu-intra-depth"": ""3"", ""weightb"": ""0"", ""weightp"": ""0"", ""wpp"": ""0""}"
x265,bestconfig,7304,single,74,49.39,6.25,49.39,6.745253562927246,"['Standard', '320p', 30, '10s']",0.0,6.745171070098877,0.0,"{""amp"": ""1"", ""aq-mode"": ""2"", ""aq-strength"": ""1.5"", ""b-adapt"": ""2"", ""bframes"": ""3"", ""crf"": ""25.0"", ""ctu"": ""32"", ""keyint"": ""444"", ""limit-refs"": ""3"", ""limit-tu"": ""4"", ""me"": ""hex"", ""merange"": ""38"", ""open-gop"": ""1"", ""psy-rd"": ""3.5"", ""psy-rdoq"": ""2.0"", ""qcomp"": ""0.5"", ""qpmax"": ""42"", ""qpmin"": ""6"", ""rc-lookahead"": ""27"", ""rd"": ""4"", ""rdoq-level"": ""1"", ""rect"": ""1"", ""ref"": ""3"", ""rskip"": ""1"", ""sao"": ""1"", ""scenecut"": ""84"", ""subme"": ""4"", ""tu-inter-depth"": ""1"", ""tu-intra-depth"": ""1"", ""weightb"": ""0"", ""weightp"": ""1"", ""wpp"": ""0""}"
x265,bestconfig,7304,single,75,32.59,9.39,32.59,9.78133749961853,"['Standard', '320p', 30, '10s']",0.0,9.781211137771606,0.0,"{""amp"": ""0"", ""aq-mode"": ""4"", ""aq-strength"": ""1.2"", ""b-adapt"": ""2"", ""bframes"": ""4"", ""crf"": ""22.0"", ""ctu"": ""64"", ""keyint"": ""475"", ""limit-refs"": ""3"", ""limit-tu"": ""4"", ""me"": ""star"", ""merange"": ""44"", ""open-gop"": ""0"", ""psy-rd"": ""0.5"", ""psy-rdoq"": ""0.5"", ""qcomp"": ""0.75"", ""qpmax"": ""44"", ""qpmin"": ""3"", ""rc-lookahead"": ""29"", ""rd"": ""3"", ""rdoq-level"": ""2"", ""rect"": ""1"", ""ref"": ""4"", ""rskip"": ""0"", ""sao"": ""1"", ""scenecut"": ""87"", ""subme"": ""3"", ""tu-inter-depth"": ""1"", ""tu-intra-depth"": ""2"", ""weightb"": ""1"", ""weightp"": ""0"", ""wpp"": ""0""}"
x265,bestconfig,7304,single,76,14.46,21.09,14.46,21.42243981361389,"['Standard', '320p', 30, '10s']",0.0,21.422354698181152,0.0,"{""amp"": ""0"", ""aq-mode"": ""3"", ""aq-strength"": ""0.8"", ""b-adapt"": ""1"", ""bframes"": ""4"", ""crf"": ""30.0"", ""ctu"": ""64"", ""keyint"": ""438"", ""limit-refs"": ""3"", ""limit-tu"": ""3"", ""me"": ""full"", ""merange"": ""41"", ""open-gop"": ""1"", ""psy-rd"": ""2.0"", ""psy-rdoq"": ""4.0"", ""qcomp"": ""0.6"", ""qpmax"": ""45"", ""qpmin"": ""4"", ""rc-lookahead"": ""25"", ""rd"": ""4"", ""rdoq-level"": ""2"", ""rect"": ""1"", ""ref"": ""5"", ""rskip"": ""0"", ""sao"": ""0"", ""scenecut"": ""90"", ""subme"": ""5"", ""tu-inter-depth"": ""1"", ""tu-intra-depth"": ""2"", ""weightb"": ""0"", ""weightp"": ""0"", ""wpp"": ""1""}"
x265,bestconfig,7304,single,77,68.93,4.47,68.93,4.797776699066162,"['Standard', '320p', 30, '10s']",0.0,4.79769492149353,0.0,"{""amp"": ""1"", ""aq-mode"": ""3"", ""aq-strength"": ""0.0"", ""b-adapt"": ""1"", ""bframes"": ""3"", ""crf"": ""32.0"", ""ctu"": ""16"", ""keyint"": ""472"", ""limit-refs"": ""2"", ""limit-tu"": ""3"", ""me"": ""star"", ""merange"": ""39"", ""open-gop"": ""1"", ""psy-rd"": ""3.0"", ""psy-rdoq"": ""0.0"", ""qcomp"": ""0.9"", ""qpmax"": ""45"", ""qpmin"": ""3"", ""rc-lookahead"": ""26"", ""rd"": ""3"", ""rdoq-level"": ""1"", ""rect"": ""0"", ""ref"": ""4"", ""rskip"": ""0"", ""sao"": ""1"", ""scenecut"": ""83"", ""subme"": ""5"", ""tu-inter-depth"": ""2"", ""tu-intra-depth"": ""3"", ""weightb"": ""1"", ""weightp"": ""1"", ""wpp"": ""0""}"
x265,bestconfig,7304,single,78,53.4,5.75,53.4,6.0747833251953125,"['Standard', '320p', 30, '10s']",0.0,6.074697732925415,0.0,"{""amp"": ""0"", ""aq-mode"": ""3"", ""aq-strength"": ""0.5"", ""b-adapt"": ""1"", ""bframes"": ""3"", ""crf"": ""28.0"", ""ctu"": ""16"", ""keyint"": ""486"", ""limit-refs"": ""2"", ""limit-tu"": ""3"", ""me"": ""umh"", ""merange"": ""42"", ""open-gop"": ""1"", ""psy-rd"": ""0.0"", ""psy-rdoq"": ""4.5"", ""qcomp"": ""1.0"", ""qpmax"": ""43"", ""qpmin"": ""5"", ""rc-lookahead"": ""23"", ""rd"": ""4"", ""rdoq-level"": ""2"", ""rect"": ""0"", ""ref"": ""4"", ""rskip"": ""0"", ""sao"": ""1"", ""scenecut"": ""80"", ""subme"": ""4"", ""tu-inter-depth"": ""2"", ""tu-intra-depth"": ""1"", ""weightb"": ""1"", ""weightp"": ""1"", ""wpp"": ""1""}"
x265,bestconfig,7304,single,79,41.37,7.4,41.37,7.738108158111572,"['Standard', '320p', 30, '10s']",0.0,7.7380170822143555,0.0,"{""amp"": ""1"", ""aq-mode"": ""3"", ""aq-strength"": ""2.0"", ""b-adapt"": ""1"", ""bframes"": ""2"", ""crf"": ""20.0"", ""ctu"": ""16"", ""keyint"": ""465"", ""limit-refs"": ""2"", ""limit-tu"": ""4"", ""me"": ""hex"", ""merange"": ""40"", ""open-gop"": ""0"", ""psy-rd"": ""1.0"", ""psy-rdoq"": ""1.0"", ""qcomp"": ""0.7"", ""qpmax"": ""43"", ""qpmin"": ""4"", ""rc-lookahead"": ""26"", ""rd"": ""4"", ""rdoq-level"": ""1"", ""rect"": ""0"", ""ref"": ""4"", ""rskip"": ""1"", ""sao"": ""0"", ""scenecut"": ""86"", ""subme"": ""3"", ""tu-inter-depth"": ""1"", ""tu-intra-depth"": ""2"", ""weightb"": ""0"", ""weightp"": ""0"", ""wpp"": ""1""}"
x265,bestconfig,7304,single,80,13.64,22.35,13.64,22.67719078063965,"['Standard', '320p', 30, '10s']",0.0,22.677106618881226,0.0,"{""amp"": ""1"", ""aq-mode"": ""4"", ""aq-strength"": ""1.0"", ""b-adapt"": ""0"", ""bframes"": ""2"", ""crf"": ""18.0"", ""ctu"": ""32"", ""keyint"": ""458"", ""limit-refs"": ""3"", ""limit-tu"": ""4"", ""me"": ""dia"", ""merange"": ""46"", ""open-gop"": ""0"", ""psy-rd"": ""1.5"", ""psy-rdoq"": ""3.0"", ""qcomp"": ""0.8"", ""qpmax"": ""44"", ""qpmin"": ""5"", ""rc-lookahead"": ""28"", ""rd"": ""5"", ""rdoq-level"": ""1"", ""rect"": ""0"", ""ref"": ""3"", ""rskip"": ""1"", ""sao"": ""0"", ""scenecut"": ""89"", ""subme"": ""4"", ""tu-inter-depth"": ""2"", ""tu-intra-depth"": ""2"", ""weightb"": ""1"", ""weightp"": ""1"", ""wpp"": ""1""}"
x265,bestconfig,7304,single,81,9.19,33.13,9.19,33.47101974487305,"['Standard', '320p', 30, '10s']",0.0,33.47093415260315,0.0,"{""amp"": ""0"", ""aq-mode"": ""1"", ""aq-strength"": ""0.8"", ""b-adapt"": ""1"", ""bframes"": ""2"", ""crf"": ""18.0"", ""ctu"": ""64"", ""keyint"": ""363"", ""limit-refs"": ""1"", ""limit-tu"": ""1"", ""me"": ""hex"", ""merange"": ""27"", ""open-gop"": ""1"", ""psy-rd"": ""2.5"", ""psy-rdoq"": ""3.0"", ""qcomp"": ""1.0"", ""qpmax"": ""29"", ""qpmin"": ""11"", ""rc-lookahead"": ""13"", ""rd"": ""5"", ""rdoq-level"": ""0"", ""rect"": ""1"", ""ref"": ""3"", ""rskip"": ""1"", ""sao"": ""1"", ""scenecut"": ""3"", ""subme"": ""4"", ""tu-inter-depth"": ""2"", ""tu-intra-depth"": ""2"", ""weightb"": ""1"", ""weightp"": ""1"", ""wpp"": ""0""}"
x265,bestconfig,7304,single,82,19.33,15.78,19.33,16.11575198173523,"['Standard', '320p', 30, '10s']",0.0,16.11566686630249,0.0,"{""amp"": ""1"", ""aq-mode"": ""3"", ""aq-strength"": ""1.5"", ""b-adapt"": ""2"", ""bframes"": ""6"", ""crf"": ""32.0"", ""ctu"": ""32"", ""keyint"": ""466"", ""limit-refs"": ""0"", ""limit-tu"": ""4"", ""me"": ""star"", ""merange"": ""55"", ""open-gop"": ""0"", ""psy-rd"": ""1.0"", ""psy-rdoq"": ""1.0"", ""qcomp"": ""0.8"", ""qpmax"": ""50"", ""qpmin"": ""16"", ""rc-lookahead"": ""23"", ""rd"": ""5"", ""rdoq-level"": ""1"", ""rect"": ""0"", ""ref"": ""6"", ""rskip"": ""0"", ""sao"": ""0"", ""scenecut"": ""19"", ""subme"": ""1"", ""tu-inter-depth"": ""4"", ""tu-intra-depth"": ""2"", ""weightb"": ""0"", ""weightp"": ""0"", ""wpp"": ""0""}"
x265,bestconfig,7304,single,83,113.02,2.75,113.02,3.0735652446746826,"['Standard', '320p', 30, '10s']",0.0,3.0734801292419434,0.0,"{""amp"": ""0"", ""aq-mode"": ""1"", ""aq-strength"": ""1.8"", ""b-adapt"": ""0"", ""bframes"": ""5"", ""crf"": ""20.0"", ""ctu"": ""64"", ""keyint"": ""404"", ""limit-refs"": ""1"", ""limit-tu"": ""2"", ""me"": ""hex"", ""merange"": ""47"", ""open-gop"": ""0"", ""psy-rd"": ""3.5"", ""psy-rdoq"": ""4.5"", ""qcomp"": ""0.5"", ""qpmax"": ""44"", ""qpmin"": ""2"", ""rc-lookahead"": ""36"", ""rd"": ""1"", ""rdoq-level"": ""2"", ""rect"": ""1"", ""ref"": ""4"", ""rskip"": ""1"", ""sao"": ""1"", ""scenecut"": ""58"", ""subme"": ""4"", ""tu-inter-depth"": ""1"", ""tu-intra-depth"": ""4"", ""weightb"": ""1"", ""weightp"": ""0"", ""wpp"": ""1""}"
x265,bestconfig,7304,single,84,57.06,5.43,57.06,5.782117128372192,"['Standard', '320p', 30, '10s']",0.0,5.782031774520874,0.0,"{""amp"": ""0"", ""aq-mode"": ""2"", ""aq-strength"": ""1.2"", ""b-adapt"": ""1"", ""bframes"": ""8"", ""crf"": ""30.0"", ""ctu"": ""32"", ""keyint"": ""194"", ""limit-refs"": ""2"", ""limit-tu"": ""3"", ""me"": ""dia"", ""merange"": ""30"", ""open-gop"": ""0"", ""psy-rd"": ""2.0"", ""psy-rdoq"": ""4.0"", ""qcomp"": ""0.6"", ""qpmax"": ""36"", ""qpmin"": ""3"", ""rc-lookahead"": ""55"", ""rd"": ""3"", ""rdoq-level"": ""1"", ""rect"": ""1"", ""ref"": ""5"", ""rskip"": ""0"", ""sao"": ""0"", ""scenecut"": ""67"", ""subme"": ""2"", ""tu-inter-depth"": ""1"", ""tu-intra-depth"": ""3"", ""weightb"": ""0"", ""weightp"": ""1"", ""wpp"": ""0""}"
x265,bestconfig,7304,single,85,11.81,25.79,11.81,26.17824411392212,"['Standard', '320p', 30, '10s']",0.0,26.178111791610718,0.0,"{""amp"": ""1"", ""aq-mode"": ""0"", ""aq-strength"": ""1.0"", ""b-adapt"": ""0"", ""bframes"": ""3"", ""crf"": ""18.0"", ""ctu"": ""16"", ""keyint"": ""128"", ""limit-refs"": ""3"", ""limit-tu"": ""2"", ""me"": ""star"", ""merange"": ""39"", ""open-gop"": ""0"", ""psy-rd"": ""1.5"", ""psy-rdoq"": ""2.5"", ""qcomp"": ""0.7"", ""qpmax"": ""42"", ""qpmin"": ""7"", ""rc-lookahead"": ""18"", ""rd"": ""6"", ""rdoq-level"": ""2"", ""rect"": ""0"", ""ref"": ""1"", ""rskip"": ""1"", ""sao"": ""1"", ""scenecut"": ""78"", ""subme"": ""2"", ""tu-inter-depth"": ""3"", ""tu-intra-depth"": ""2"", ""weightb"": ""1"", ""weightp"": ""1"", ""wpp"": ""1""}"
x265,bestconfig,7304,single,86,27.38,11.16,27.38,11.529590606689453,"['Standard', '320p', 30, '10s']",0.0,11.529497146606445,0.0,"{""amp"": ""1"", ""aq-mode"": ""4"", ""aq-strength"": ""0.0"", ""b-adapt"": ""1"", ""bframes"": ""2"", ""crf"": ""28.0"", ""ctu"": ""16"", ""keyint"": ""256"", ""limit-refs"": ""3"", ""limit-tu"": ""1"", ""me"": ""dia"", ""merange"": ""41"", ""open-gop"": ""1"", ""psy-rd"": ""3.0"", ""psy-rdoq"": ""0.5"", ""qcomp"": ""0.9"", ""qpmax"": ""22"", ""qpmin"": ""9"", ""rc-lookahead"": ""48"", ""rd"": ""3"", ""rdoq-level"": ""1"", ""rect"": ""0"", ""ref"": ""5"", ""rskip"": ""0"", ""sao"": ""0"", ""scenecut"": ""43"", ""subme"": ""3"", ""tu-inter-depth"": ""3"", ""tu-intra-depth"": ""1"", ""weightb"": ""1"", ""weightp"": ""0"", ""wpp"": ""0""}"
x265,bestconfig,7304,single,87,12.14,25.1,12.14,25.436633825302124,"['Standard', '320p', 30, '10s']",0.0,25.436511278152466,0.0,"{""amp"": ""1"", ""aq-mode"": ""3"", ""aq-strength"": ""0.5"", ""b-adapt"": ""1"", ""bframes"": ""7"", ""crf"": ""22.0"", ""ctu"": ""16"", ""keyint"": ""62"", ""limit-refs"": ""1"", ""limit-tu"": ""0"", ""me"": ""full"", ""merange"": ""21"", ""open-gop"": ""1"", ""psy-rd"": ""0.0"", ""psy-rdoq"": ""0.0"", ""qcomp"": ""0.75"", ""qpmax"": ""34"", ""qpmin"": ""13"", ""rc-lookahead"": ""46"", ""rd"": ""2"", ""rdoq-level"": ""0"", ""rect"": ""1"", ""ref"": ""3"", ""rskip"": ""1"", ""sao"": ""1"", ""scenecut"": ""98"", ""subme"": ""5"", ""tu-inter-depth"": ""2"", ""tu-intra-depth"": ""3"", ""weightb"": ""0"", ""weightp"": ""1"", ""wpp"": ""1""}"
x265,bestconfig,7304,single,88,33.92,9.01,33.92,9.349612712860107,"['Standard', '320p', 30, '10s']",0.0,9.349527597427368,0.0,"{""amp"": ""0"", ""aq-mode"": ""2"", ""aq-strength"": ""2.0"", ""b-adapt"": ""2"", ""bframes"": ""0"", ""crf"": ""25.0"", ""ctu"": ""32"", ""keyint"": ""312"", ""limit-refs"": ""2"", ""limit-tu"": ""3"", ""me"": ""umh"", ""merange"": ""60"", ""open-gop"": ""1"", ""psy-rd"": ""0.5"", ""psy-rdoq"": ""2.0"", ""qcomp"": ""0.5"", ""qpmax"": ""27"", ""qpmin"": ""18"", ""rc-lookahead"": ""30"", ""rd"": ""4"", ""rdoq-level"": ""1"", ""rect"": ""0"", ""ref"": ""2"", ""rskip"": ""0"", ""sao"": ""0"", ""scenecut"": ""37"", ""subme"": ""3"", ""tu-inter-depth"": ""3"", ""tu-intra-depth"": ""3"", ""weightb"": ""0"", ""weightp"": ""0"", ""wpp"": ""1""}"
x265,bestconfig,7304,single,89,35.7,8.57,35.7,9.000129699707031,"['Standard', '320p', 30, '10s']",0.0,9.000038862228394,0.0,"{""amp"": ""1"", ""aq-mode"": ""4"", ""aq-strength"": ""0.5"", ""b-adapt"": ""0"", ""bframes"": ""3"", ""crf"": ""22.0"", ""ctu"": ""64"", ""keyint"": ""464"", ""limit-refs"": ""2"", ""limit-tu"": ""3"", ""me"": ""dia"", ""merange"": ""41"", ""open-gop"": ""1"", ""psy-rd"": ""3.0"", ""psy-rdoq"": ""1.0"", ""qcomp"": ""0.8"", ""qpmax"": ""46"", ""qpmin"": ""7"", ""rc-lookahead"": ""25"", ""rd"": ""3"", ""rdoq-level"": ""1"", ""rect"": ""0"", ""ref"": ""5"", ""rskip"": ""0"", ""sao"": ""0"", ""scenecut"": ""95"", ""subme"": ""4"", ""tu-inter-depth"": ""2"", ""tu-intra-depth"": ""1"", ""weightb"": ""0"", ""weightp"": ""0"", ""wpp"": ""1""}"
x265,bestconfig,7304,single,90,11.62,26.21,11.62,26.542231559753418,"['Standard', '320p', 30, '10s']",0.0,26.54214358329773,0.0,"{""amp"": ""1"", ""aq-mode"": ""3"", ""aq-strength"": ""0.8"", ""b-adapt"": ""2"", ""bframes"": ""3"", ""crf"": ""32.0"", ""ctu"": ""32"", ""keyint"": ""421"", ""limit-refs"": ""2"", ""limit-tu"": ""4"", ""me"": ""full"", ""merange"": ""46"", ""open-gop"": ""0"", ""psy-rd"": ""0.0"", ""psy-rdoq"": ""0.0"", ""qcomp"": ""1.0"", ""qpmax"": ""48"", ""qpmin"": ""5"", ""rc-lookahead"": ""27"", ""rd"": ""3"", ""rdoq-level"": ""2"", ""rect"": ""1"", ""ref"": ""3"", ""rskip"": ""1"", ""sao"": ""1"", ""scenecut"": ""88"", ""subme"": ""5"", ""tu-inter-depth"": ""1"", ""tu-intra-depth"": ""2"", ""weightb"": ""0"", ""weightp"": ""1"", ""wpp"": ""0""}"
x265,bestconfig,7304,single,91,43.66,7.01,43.66,7.3554277420043945,"['Standard', '320p', 30, '10s']",0.0,7.355346441268921,0.0,"{""amp"": ""1"", ""aq-mode"": ""3"", ""aq-strength"": ""1.2"", ""b-adapt"": ""1"", ""bframes"": ""3"", ""crf"": ""20.0"", ""ctu"": ""16"", ""keyint"": ""417"", ""limit-refs"": ""3"", ""limit-tu"": ""3"", ""me"": ""star"", ""merange"": ""44"", ""open-gop"": ""1"", ""psy-rd"": ""1.5"", ""psy-rdoq"": ""4.0"", ""qcomp"": ""0.5"", ""qpmax"": ""43"", ""qpmin"": ""3"", ""rc-lookahead"": ""26"", ""rd"": ""4"", ""rdoq-level"": ""1"", ""rect"": ""0"", ""ref"": ""4"", ""rskip"": ""1"", ""sao"": ""1"", ""scenecut"": ""92"", ""subme"": ""5"", ""tu-inter-depth"": ""2"", ""tu-intra-depth"": ""3"", ""weightb"": ""1"", ""weightp"": ""1"", ""wpp"": ""1""}"
x265,bestconfig,7304,single,92,33.11,9.24,33.11,9.577309846878052,"['Standard', '320p', 30, '10s']",0.0,9.577226638793945,0.0,"{""amp"": ""0"", ""aq-mode"": ""3"", ""aq-strength"": ""2.0"", ""b-adapt"": ""2"", ""bframes"": ""5"", ""crf"": ""18.0"", ""ctu"": ""32"", ""keyint"": ""434"", ""limit-refs"": ""3"", ""limit-tu"": ""4"", ""me"": ""dia"", ""merange"": ""40"", ""open-gop"": ""1"", ""psy-rd"": ""3.5"", ""psy-rdoq"": ""0.5"", ""qcomp"": ""0.75"", ""qpmax"": ""46"", ""qpmin"": ""4"", ""rc-lookahead"": ""23"", ""rd"": ""4"", ""rdoq-level"": ""1"", ""rect"": ""0"", ""ref"": ""4"", ""rskip"": ""0"", ""sao"": ""0"", ""scenecut"": ""86"", ""subme"": ""4"", ""tu-inter-depth"": ""2"", ""tu-intra-depth"": ""2"", ""weightb"": ""0"", ""weightp"": ""0"", ""wpp"": ""1""}"
x265,bestconfig,7304,single,93,58.94,5.21,58.94,5.541455984115601,"['Standard', '320p', 30, '10s']",0.0,5.541374683380127,0.0,"{""amp"": ""1"", ""aq-mode"": ""2"", ""aq-strength"": ""1.5"", ""b-adapt"": ""0"", ""bframes"": ""4"", ""crf"": ""30.0"", ""ctu"": ""16"", ""keyint"": ""446"", ""limit-refs"": ""3"", ""limit-tu"": ""4"", ""me"": ""hex"", ""merange"": ""42"", ""open-gop"": ""1"", ""psy-rd"": ""2.0"", ""psy-rdoq"": ""2.0"", ""qcomp"": ""0.9"", ""qpmax"": ""43"", ""qpmin"": ""5"", ""rc-lookahead"": ""29"", ""rd"": ""4"", ""rdoq-level"": ""2"", ""rect"": ""1"", ""ref"": ""3"", ""rskip"": ""0"", ""sao"": ""0"", ""scenecut"": ""85"", ""subme"": ""4"", ""tu-inter-depth"": ""1"", ""tu-intra-depth"": ""1"", ""weightb"": ""0"", ""weightp"": ""1"", ""wpp"": ""0""}"
x265,bestconfig,7304,single,94,15.2,20.05,15.2,20.373765230178833,"['Standard', '320p', 30, '10s']",0.0,20.373674631118774,0.0,"{""amp"": ""0"", ""aq-mode"": ""3"", ""aq-strength"": ""1.0"", ""b-adapt"": ""1"", ""bframes"": ""4"", ""crf"": ""25.0"", ""ctu"": ""64"", ""keyint"": ""442"", ""limit-refs"": ""3"", ""limit-tu"": ""3"", ""me"": ""star"", ""merange"": ""40"", ""open-gop"": ""0"", ""psy-rd"": ""1.0"", ""psy-rdoq"": ""4.5"", ""qcomp"": ""0.6"", ""qpmax"": ""50"", ""qpmin"": ""6"", ""rc-lookahead"": ""28"", ""rd"": ""5"", ""rdoq-level"": ""1"", ""rect"": ""1"", ""ref"": ""5"", ""rskip"": ""1"", ""sao"": ""0"", ""scenecut"": ""97"", ""subme"": ""3"", ""tu-inter-depth"": ""1"", ""tu-intra-depth"": ""3"", ""weightb"": ""1"", ""weightp"": ""0"", ""wpp"": ""1""}"
x265,bestconfig,7304,single,95,14.27,21.36,14.27,21.69226336479187,"['Standard', '320p', 30, '10s']",0.0,21.69217562675476,0.0,"{""amp"": ""0"", ""aq-mode"": ""4"", ""aq-strength"": ""1.8"", ""b-adapt"": ""1"", ""bframes"": ""2"", ""crf"": ""18.0"", ""ctu"": ""16"", ""keyint"": ""451"", ""limit-refs"": ""2"", ""limit-tu"": ""3"", ""me"": ""hex"", ""merange"": ""46"", ""open-gop"": ""0"", ""psy-rd"": ""0.5"", ""psy-rdoq"": ""2.5"", ""qcomp"": ""0.7"", ""qpmax"": ""47"", ""qpmin"": ""6"", ""rc-lookahead"": ""30"", ""rd"": ""5"", ""rdoq-level"": ""2"", ""rect"": ""0"", ""ref"": ""4"", ""rskip"": ""0"", ""sao"": ""1"", ""scenecut"": ""83"", ""subme"": ""4"", ""tu-inter-depth"": ""2"", ""tu-intra-depth"": ""2"", ""weightb"": ""1"", ""weightp"": ""0"", ""wpp"": ""0""}"
x265,bestconfig,7304,single,96,51.43,5.97,51.43,6.316197156906128,"['Standard', '320p', 30, '10s']",0.0,6.316109895706177,0.0,"{""amp"": ""0"", ""aq-mode"": ""2"", ""aq-strength"": ""0.0"", ""b-adapt"": ""1"", ""bframes"": ""4"", ""crf"": ""28.0"", ""ctu"": ""32"", ""keyint"": ""410"", ""limit-refs"": ""2"", ""limit-tu"": ""4"", ""me"": ""umh"", ""merange"": ""45"", ""open-gop"": ""0"", ""psy-rd"": ""2.5"", ""psy-rdoq"": ""3.0"", ""qcomp"": ""0.5"", ""qpmax"": ""45"", ""qpmin"": ""4"", ""rc-lookahead"": ""26"", ""rd"": ""4"", ""rdoq-level"": ""2"", ""rect"": ""1"", ""ref"": ""4"", ""rskip"": ""1"", ""sao"": ""1"", ""scenecut"": ""80"", ""subme"": ""3"", ""tu-inter-depth"": ""1"", ""tu-intra-depth"": ""2"", ""weightb"": ""1"", ""weightp"": ""1"", ""wpp"": ""0""}"
x265,bestconfig,7304,single,97,29.59,10.33,29.59,10.715390920639038,"['Standard', '320p', 30, '10s']",0.0,10.715305089950562,0.0,"{""amp"": ""1"", ""aq-mode"": ""3"", ""aq-strength"": ""1.5"", ""b-adapt"": ""1"", ""bframes"": ""3"", ""crf"": ""18.0"", ""ctu"": ""32"", ""keyint"": ""347"", ""limit-refs"": ""0"", ""limit-tu"": ""1"", ""me"": ""star"", ""merange"": ""27"", ""open-gop"": ""1"", ""psy-rd"": ""0.0"", ""psy-rdoq"": ""4.5"", ""qcomp"": ""0.8"", ""qpmax"": ""24"", ""qpmin"": ""15"", ""rc-lookahead"": ""11"", ""rd"": ""1"", ""rdoq-level"": ""1"", ""rect"": ""0"", ""ref"": ""2"", ""rskip"": ""0"", ""sao"": ""0"", ""scenecut"": ""42"", ""subme"": ""4"", ""tu-inter-depth"": ""3"", ""tu-intra-depth"": ""2"", ""weightb"": ""0"", ""weightp"": ""1"", ""wpp"": ""1""}"
x265,bestconfig,7304,single,98,3.01,101.18,3.01,101.5326898097992,"['Standard', '320p', 30, '10s']",0.0,101.53259062767029,0.0,"{""amp"": ""1"", ""aq-mode"": ""1"", ""aq-strength"": ""1.0"", ""b-adapt"": ""1"", ""bframes"": ""5"", ""crf"": ""18.0"", ""ctu"": ""16"", ""keyint"": ""48"", ""limit-refs"": ""1"", ""limit-tu"": ""0"", ""me"": ""full"", ""merange"": ""44"", ""open-gop"": ""0"", ""psy-rd"": ""0.5"", ""psy-rdoq"": ""2.0"", ""qcomp"": ""0.5"", ""qpmax"": ""38"", ""qpmin"": ""8"", ""rc-lookahead"": ""19"", ""rd"": ""5"", ""rdoq-level"": ""1"", ""rect"": ""1"", ""ref"": ""1"", ""rskip"": ""1"", ""sao"": ""0"", ""scenecut"": ""67"", ""subme"": ""2"", ""tu-inter-depth"": ""3"", ""tu-intra-depth"": ""2"", ""weightb"": ""0"", ""weightp"": ""0"", ""wpp"": ""1""}"
x265,bestconfig,7304,single,99,5.52,55.14,5.52,55.499762296676636,"['Standard', '320p', 30, '10s']",0.0,55.49966335296631,0.0,"{""amp"": ""1"", ""aq-mode"": ""3"", ""aq-strength"": ""1.2"", ""b-adapt"": ""1"", ""bframes"": ""1"", ""crf"": ""32.0"", ""ctu"": ""64"", ""keyint"": ""430"", ""limit-refs"": ""3"", ""limit-tu"": ""2"", ""me"": ""dia"", ""merange"": ""33"", ""open-gop"": ""1"", ""psy-rd"": ""3.0"", ""psy-rdoq"": ""4.0"", ""qcomp"": ""1.0"", ""qpmax"": ""22"", ""qpmin"": ""4"", ""rc-lookahead"": ""45"", ""rd"": ""5"", ""rdoq-level"": ""1"", ""rect"": ""0"", ""ref"": ""6"", ""rskip"": ""0"", ""sao"": ""1"", ""scenecut"": ""97"", ""subme"": ""4"", ""tu-inter-depth"": ""3"", ""tu-intra-depth"": ""4"", ""weightb"": ""1"", ""weightp"": ""0"", ""wpp"": ""1""}"
x265,bestconfig,7304,single,100,26.93,11.35,26.93,11.686927080154419,"['Standard', '320p', 30, '10s']",0.0,11.686837196350098,0.0,"{""amp"": ""0"", ""aq-mode"": ""2"", ""aq-strength"": ""2.0"", ""b-adapt"": ""2"", ""bframes"": ""7"", ""crf"": ""28.0"", ""ctu"": ""16"", ""keyint"": ""188"", ""limit-refs"": ""3"", ""limit-tu"": ""3"", ""me"": ""hex"", ""merange"": ""20"", ""open-gop"": ""0"", ""psy-rd"": ""1.0"", ""psy-rdoq"": ""3.0"", ""qcomp"": ""0.9"", ""qpmax"": ""50"", ""qpmin"": ""11"", ""rc-lookahead"": ""29"", ""rd"": ""6"", ""rdoq-level"": ""0"", ""rect"": ""1"", ""ref"": ""3"", ""rskip"": ""0"", ""sao"": ""1"", ""scenecut"": ""21"", ""subme"": ""2"", ""tu-inter-depth"": ""1"", ""tu-intra-depth"": ""3"", ""weightb"": ""0"", ""weightp"": ""0"", ""wpp"": ""0""}"
x265,bestconfig,7304,single,101,80.79,3.83,80.79,4.168848514556885,"['Standard', '320p', 30, '10s']",0.0,4.168762445449829,0.0,"{""amp"": ""0"", ""aq-mode"": ""4"", ""aq-strength"": ""0.0"", ""b-adapt"": ""0"", ""bframes"": ""6"", ""crf"": ""25.0"", ""ctu"": ""64"", ""keyint"": ""468"", ""limit-refs"": ""2"", ""limit-tu"": ""3"", ""me"": ""hex"", ""merange"": ""49"", ""open-gop"": ""1"", ""psy-rd"": ""1.5"", ""psy-rdoq"": ""0.0"", ""qcomp"": ""0.6"", ""qpmax"": ""41"", ""qpmin"": ""16"", ""rc-lookahead"": ""51"", ""rd"": ""2"", ""rdoq-level"": ""0"", ""rect"": ""1"", ""ref"": ""5"", ""rskip"": ""1"", ""sao"": ""0"", ""scenecut"": ""0"", ""subme"": ""3"", ""tu-inter-depth"": ""2"", ""tu-intra-depth"": ""1"", ""weightb"": ""1"", ""weightp"": ""1"", ""wpp"": ""0""}"
x265,bestconfig,7304,single,102,66.61,4.66,66.61,5.012133836746216,"['Standard', '320p', 30, '10s']",0.0,5.012047052383423,0.0,"{""amp"": ""0"", ""aq-mode"": ""2"", ""aq-strength"": ""0.8"", ""b-adapt"": ""2"", ""bframes"": ""7"", ""crf"": ""30.0"", ""ctu"": ""32"", ""keyint"": ""108"", ""limit-refs"": ""2"", ""limit-tu"": ""2"", ""me"": ""dia"", ""merange"": ""56"", ""open-gop"": ""1"", ""psy-rd"": ""2.0"", ""psy-rdoq"": ""0.5"", ""qcomp"": ""0.5"", ""qpmax"": ""45"", ""qpmin"": ""18"", ""rc-lookahead"": ""55"", ""rd"": ""4"", ""rdoq-level"": ""2"", ""rect"": ""0"", ""ref"": ""5"", ""rskip"": ""1"", ""sao"": ""1"", ""scenecut"": ""32"", ""subme"": ""1"", ""tu-inter-depth"": ""1"", ""tu-intra-depth"": ""3"", ""weightb"": ""1"", ""weightp"": ""1"", ""wpp"": ""1""}"
x265,bestconfig,7304,single,103,62.13,4.96,62.13,5.292709589004517,"['Standard', '320p', 30, '10s']",0.0,5.292619943618774,0.0,"{""amp"": ""1"", ""aq-mode"": ""1"", ""aq-strength"": ""1.8"", ""b-adapt"": ""1"", ""bframes"": ""2"", ""crf"": ""22.0"", ""ctu"": ""16"", ""keyint"": ""283"", ""limit-refs"": ""1"", ""limit-tu"": ""1"", ""me"": ""star"", ""merange"": ""62"", ""open-gop"": ""0"", ""psy-rd"": ""2.5"", ""psy-rdoq"": ""1.0"", ""qcomp"": ""0.75"", ""qpmax"": ""31"", ""qpmin"": ""7"", ""rc-lookahead"": ""27"", ""rd"": ""2"", ""rdoq-level"": ""1"", ""rect"": ""0"", ""ref"": ""4"", ""rskip"": ""1"", ""sao"": ""0"", ""scenecut"": ""76"", ""subme"": ""5"", ""tu-inter-depth"": ""2"", ""tu-intra-depth"": ""1"", ""weightb"": ""1"", ""weightp"": ""1"", ""wpp"": ""0""}"
x265,bestconfig,7304,single,104,19.97,15.28,19.97,15.635376691818237,"['Standard', '320p', 30, '10s']",0.0,15.635286331176758,0.0,"{""amp"": ""0"", ""aq-mode"": ""0"", ""aq-strength"": ""0.5"", ""b-adapt"": ""0"", ""bframes"": ""1"", ""crf"": ""20.0"", ""ctu"": ""32"", ""keyint"": ""203"", ""limit-refs"": ""1"", ""limit-tu"": ""4"", ""me"": ""umh"", ""merange"": ""40"", ""open-gop"": ""0"", ""psy-rd"": ""3.5"", ""psy-rdoq"": ""2.5"", ""qcomp"": ""0.7"", ""qpmax"": ""33"", ""qpmin"": ""2"", ""rc-lookahead"": ""39"", ""rd"": ""3"", ""rdoq-level"": ""2"", ""rect"": ""1"", ""ref"": ""2"", ""rskip"": ""0"", ""sao"": ""1"", ""scenecut"": ""51"", ""subme"": ""3"", ""tu-inter-depth"": ""3"", ""tu-intra-depth"": ""3"", ""weightb"": ""0"", ""weightp"": ""0"", ""wpp"": ""0""}"
x265,bestconfig,7304,single,105,38.6,7.93,38.6,8.281903266906738,"['Standard', '320p', 30, '10s']",0.0,8.281806230545044,0.0,"{""amp"": ""0"", ""aq-mode"": ""4"", ""aq-strength"": ""1.8"", ""b-adapt"": ""2"", ""bframes"": ""3"", ""crf"": ""18.0"", ""ctu"": ""32"", ""keyint"": ""459"", ""limit-refs"": ""2"", ""limit-tu"": ""4"", ""me"": ""dia"", ""merange"": ""44"", ""open-gop"": ""1"", ""psy-rd"": ""3.0"", ""psy-rdoq"": ""4.0"", ""qcomp"": ""0.6"", ""qpmax"": ""45"", ""qpmin"": ""5"", ""rc-lookahead"": ""25"", ""rd"": ""4"", ""rdoq-level"": ""2"", ""rect"": ""0"", ""ref"": ""3"", ""rskip"": ""1"", ""sao"": ""1"", ""scenecut"": ""93"", ""subme"": ""3"", ""tu-inter-depth"": ""2"", ""tu-intra-depth"": ""2"", ""weightb"": ""1"", ""weightp"": ""0"", ""wpp"": ""1""}"
x265,bestconfig,7304,single,106,25.41,12.03,25.41,12.358863830566406,"['Standard', '320p', 30, '10s']",0.0,12.358775615692139,0.0,"{""amp"": ""1"", ""aq-mode"": ""3"", ""aq-strength"": ""0.5"", ""b-adapt"": ""2"", ""bframes"": ""2"", ""crf"": ""32.0"", ""ctu"": ""64"", ""keyint"": ""430"", ""limit-refs"": ""3"", ""limit-tu"": ""4"", ""me"": ""hex"", ""merange"": ""42"", ""open-gop"": ""0"", ""psy-rd"": ""0.0"", ""psy-rdoq"": ""2.5"", ""qcomp"": ""0.9"", ""qpmax"": ""43"", ""qpmin"": ""5"", ""rc-lookahead"": ""26"", ""rd"": ""5"", ""rdoq-level"": ""1"", ""rect"": ""1"", ""ref"": ""3"", ""rskip"": ""1"", ""sao"": ""0"", ""scenecut"": ""77"", ""subme"": ""4"", ""tu-inter-depth"": ""1"", ""tu-intra-depth"": ""3"", ""weightb"": ""1"", ""weightp"": ""1"", ""wpp"": ""0""}"
x265,bestconfig,7304,single,107,30.96,9.87,30.96,10.347357511520386,"['Standard', '320p', 30, '10s']",0.0,10.34725570678711,0.0,"{""amp"": ""1"", ""aq-mode"": ""3"", ""aq-strength"": ""1.0"", ""b-adapt"": ""1"", ""bframes"": ""3"", ""crf"": ""18.0"", ""ctu"": ""16"", ""keyint"": ""452"", ""limit-refs"": ""2"", ""limit-tu"": ""3"", ""me"": ""star"", ""merange"": ""40"", ""open-gop"": ""0"", ""psy-rd"": ""0.5"", ""psy-rdoq"": ""2.0"", ""qcomp"": ""0.75"", ""qpmax"": ""43"", ""qpmin"": ""3"", ""rc-lookahead"": ""19"", ""rd"": ""3"", ""rdoq-level"": ""1"", ""rect"": ""0"", ""ref"": ""4"", ""rskip"": ""0"", ""sao"": ""0"", ""scenecut"": ""87"", ""subme"": ""3"", ""tu-inter-depth"": ""2"", ""tu-intra-depth"": ""2"", ""weightb"": ""1"", ""weightp"": ""1"", ""wpp"": ""1""}"
x265,bestconfig,7304,single,108,42.26,7.26,42.26,7.6120569705963135,"['Standard', '320p', 30, '10s']",0.0,7.611968517303467,0.0,"{""amp"": ""0"", ""aq-mode"": ""3"", ""aq-strength"": ""2.0"", ""b-adapt"": ""1"", ""bframes"": ""4"", ""crf"": ""30.0"", ""ctu"": ""64"", ""keyint"": ""447"", ""limit-refs"": ""3"", ""limit-tu"": ""4"", ""me"": ""hex"", ""merange"": ""41"", ""open-gop"": ""1"", ""psy-rd"": ""2.0"", ""psy-rdoq"": ""4.5"", ""qcomp"": ""0.5"", ""qpmax"": ""42"", ""qpmin"": ""6"", ""rc-lookahead"": ""24"", ""rd"": ""3"", ""rdoq-level"": ""2"", ""rect"": ""1"", ""ref"": ""5"", ""rskip"": ""0"", ""sao"": ""1"", ""scenecut"": ""97"", ""subme"": ""5"", ""tu-inter-depth"": ""1"", ""tu-intra-depth"": ""1"", ""weightb"": ""0"", ""weightp"": ""1"", ""wpp"": ""0""}"
x265,bestconfig,7304,single,109,35.56,8.61,35.56,8.949034452438354,"['Standard', '320p', 30, '10s']",0.0,8.948915481567383,0.0,"{""amp"": ""1"", ""aq-mode"": ""2"", ""aq-strength"": ""1.5"", ""b-adapt"": ""1"", ""bframes"": ""5"", ""crf"": ""22.0"", ""ctu"": ""32"", ""keyint"": ""441"", ""limit-refs"": ""3"", ""limit-tu"": ""3"", ""me"": ""dia"", ""merange"": ""43"", ""open-gop"": ""1"", ""psy-rd"": ""3.5"", ""psy-rdoq"": ""0.0"", ""qcomp"": ""1.0"", ""qpmax"": ""41"", ""qpmin"": ""4"", ""rc-lookahead"": ""23"", ""rd"": ""4"", ""rdoq-level"": ""1"", ""rect"": ""0"", ""ref"": ""4"", ""rskip"": ""1"", ""sao"": ""0"", ""scenecut"": ""89"", ""subme"": ""4"", ""tu-inter-depth"": ""2"", ""tu-intra-depth"": ""2"", ""weightb"": ""0"", ""weightp"": ""1"", ""wpp"": ""0""}"
x265,bestconfig,7304,single,110,59.9,5.14,59.9,5.476073980331421,"['Standard', '320p', 30, '10s']",0.0,5.475985765457153,0.0,"{""amp"": ""0"", ""aq-mode"": ""2"", ""aq-strength"": ""1.2"", ""b-adapt"": ""0"", ""bframes"": ""4"", ""crf"": ""28.0"", ""ctu"": ""16"", ""keyint"": ""466"", ""limit-refs"": ""2"", ""limit-tu"": ""4"", ""me"": ""star"", ""merange"": ""43"", ""open-gop"": ""0"", ""psy-rd"": ""2.5"", ""psy-rdoq"": ""1.0"", ""qcomp"": ""0.7"", ""qpmax"": ""42"", ""qpmin"": ""2"", ""rc-lookahead"": ""28"", ""rd"": ""4"", ""rdoq-level"": ""1"", ""rect"": ""0"", ""ref"": ""5"", ""rskip"": ""0"", ""sao"": ""1"", ""scenecut"": ""86"", ""subme"": ""4"", ""tu-inter-depth"": ""1"", ""tu-intra-depth"": ""3"", ""weightb"": ""0"", ""weightp"": ""0"", ""wpp"": ""0""}"
x265,bestconfig,7304,single,111,4.66,65.23,4.66,65.5656156539917,"['Standard', '320p', 30, '10s']",0.0,65.56551885604858,0.0,"{""amp"": ""1"", ""aq-mode"": ""3"", ""aq-strength"": ""0.8"", ""b-adapt"": ""0"", ""bframes"": ""2"", ""crf"": ""20.0"", ""ctu"": ""16"", ""keyint"": ""435"", ""limit-refs"": ""2"", ""limit-tu"": ""3"", ""me"": ""full"", ""merange"": ""42"", ""open-gop"": ""1"", ""psy-rd"": ""1.5"", ""psy-rdoq"": ""0.5"", ""qcomp"": ""0.8"", ""qpmax"": ""44"", ""qpmin"": ""4"", ""rc-lookahead"": ""28"", ""rd"": ""4"", ""rdoq-level"": ""2"", ""rect"": ""1"", ""ref"": ""4"", ""rskip"": ""0"", ""sao"": ""1"", ""scenecut"": ""79"", ""subme"": ""4"", ""tu-inter-depth"": ""2"", ""tu-intra-depth"": ""2"", ""weightb"": ""1"", ""weightp"": ""0"", ""wpp"": ""1""}"
x265,bestconfig,7304,single,112,14.49,21.04,14.49,21.383259534835815,"['Standard', '320p', 30, '10s']",0.0,21.38317084312439,0.0,"{""amp"": ""0"", ""aq-mode"": ""4"", ""aq-strength"": ""0.0"", ""b-adapt"": ""1"", ""bframes"": ""4"", ""crf"": ""25.0"", ""ctu"": ""32"", ""keyint"": ""456"", ""limit-refs"": ""3"", ""limit-tu"": ""3"", ""me"": ""umh"", ""merange"": ""41"", ""open-gop"": ""0"", ""psy-rd"": ""1.0"", ""psy-rdoq"": ""3.0"", ""qcomp"": ""0.5"", ""qpmax"": ""44"", ""qpmin"": ""7"", ""rc-lookahead"": ""20"", ""rd"": ""5"", ""rdoq-level"": ""2"", ""rect"": ""1"", ""ref"": ""4"", ""rskip"": ""1"", ""sao"": ""0"", ""scenecut"": ""82"", ""subme"": ""5"", ""tu-inter-depth"": ""1"", ""tu-intra-depth"": ""1"", ""weightb"": ""0"", ""weightp"": ""0"", ""wpp"": ""1""}"
x265,bestconfig,7304,single,113,82.62,3.74,82.62,4.0809643268585205,"['Standard', '320p', 30, '10s']",0.0,4.08087682723999,0.0,"{""amp"": ""1"", ""aq-mode"": ""2"", ""aq-strength"": ""1.8"", ""b-adapt"": ""2"", ""bframes"": ""7"", ""crf"": ""30.0"", ""ctu"": ""16"", ""keyint"": ""132"", ""limit-refs"": ""3"", ""limit-tu"": ""1"", ""me"": ""star"", ""merange"": ""36"", ""open-gop"": ""0"", ""psy-rd"": ""0.0"", ""psy-rdoq"": ""4.5"", ""qcomp"": ""0.8"", ""qpmax"": ""42"", ""qpmin"": ""13"", ""rc-lookahead"": ""57"", ""rd"": ""2"", ""rdoq-level"": ""0"", ""rect"": ""0"", ""ref"": ""5"", ""rskip"": ""1"", ""sao"": ""1"", ""scenecut"": ""31"", ""subme"": ""4"", ""tu-inter-depth"": ""3"", ""tu-intra-depth"": ""2"", ""weightb"": ""0"", ""weightp"": ""0"", ""wpp"": ""1""}"
x265,bestconfig,7304,single,114,9.3,32.73,9.3,33.06780505180359,"['Standard', '320p', 30, '10s']",0.0,33.06771779060364,0.0,"{""amp"": ""0"", ""aq-mode"": ""1"", ""aq-strength"": ""1.0"", ""b-adapt"": ""0"", ""bframes"": ""0"", ""crf"": ""22.0"", ""ctu"": ""16"", ""keyint"": ""340"", ""limit-refs"": ""0"", ""limit-tu"": ""0"", ""me"": ""hex"", ""merange"": ""51"", ""open-gop"": ""1"", ""psy-rd"": ""2.0"", ""psy-rdoq"": ""2.5"", ""qcomp"": ""0.9"", ""qpmax"": ""49"", ""qpmin"": ""17"", ""rc-lookahead"": ""27"", ""rd"": ""5"", ""rdoq-level"": ""1"", ""rect"": ""1"", ""ref"": ""1"", ""rskip"": ""0"", ""sao"": ""1"", ""scenecut"": ""56"", ""subme"": ""4"", ""tu-inter-depth"": ""2"", ""tu-intra-depth"": ""3"", ""weightb"": ""0"", ""weightp"": ""1"", ""wpp"": ""0""}"
x265,bestconfig,7304,single,115,20.24,15.07,20.24,15.67130994796753,"['Standard', '320p', 30, '10s']",0.0,15.671165943145752,0.0,"{""amp"": ""0"", ""aq-mode"": ""3"", ""aq-strength"": ""1.5"", ""b-adapt"": ""1"", ""bframes"": ""4"", ""crf"": ""18.0"", ""ctu"": ""32"", ""keyint"": ""426"", ""limit-refs"": ""2"", ""limit-tu"": ""1"", ""me"": ""hex"", ""merange"": ""28"", ""open-gop"": ""0"", ""psy-rd"": ""1.0"", ""psy-rdoq"": ""0.5"", ""qcomp"": ""0.7"", ""qpmax"": ""45"", ""qpmin"": ""11"", ""rc-lookahead"": ""18"", ""rd"": ""4"", ""rdoq-level"": ""1"", ""rect"": ""0"", ""ref"": ""5"", ""rskip"": ""1"", ""sao"": ""0"", ""scenecut"": ""66"", ""subme"": ""5"", ""tu-inter-depth"": ""4"", ""tu-intra-depth"": ""3"", ""weightb"": ""1"", ""weightp"": ""1"", ""wpp"": ""1""}"
x265,bestconfig,7304,single,116,1.08,282.82,1.08,283.1707944869995,"['Standard', '320p', 30, '10s']",0.0,283.1706802845001,0.0,"{""amp"": ""1"", ""aq-mode"": ""4"", ""aq-strength"": ""0.0"", ""b-adapt"": ""1"", ""bframes"": ""5"", ""crf"": ""20.0"", ""ctu"": ""32"", ""keyint"": ""492"", ""limit-refs"": ""2"", ""limit-tu"": ""2"", ""me"": ""full"", ""merange"": ""43"", ""open-gop"": ""0"", ""psy-rd"": ""1.5"", ""psy-rdoq"": ""0.0"", ""qcomp"": ""0.6"", ""qpmax"": ""25"", ""qpmin"": ""2"", ""rc-lookahead"": ""39"", ""rd"": ""6"", ""rdoq-level"": ""2"", ""rect"": ""1"", ""ref"": ""6"", ""rskip"": ""0"", ""sao"": ""0"", ""scenecut"": ""89"", ""subme"": ""1"", ""tu-inter-depth"": ""2"", ""tu-intra-depth"": ""1"", ""weightb"": ""0"", ""weightp"": ""0"", ""wpp"": ""1""}"
x265,bestconfig,7304,single,117,29.83,10.26,29.83,10.612860441207886,"['Standard', '320p', 30, '10s']",0.0,10.612764596939087,0.0,"{""amp"": ""0"", ""aq-mode"": ""3"", ""aq-strength"": ""0.8"", ""b-adapt"": ""1"", ""bframes"": ""3"", ""crf"": ""18.0"", ""ctu"": ""64"", ""keyint"": ""75"", ""limit-refs"": ""1"", ""limit-tu"": ""2"", ""me"": ""star"", ""merange"": ""17"", ""open-gop"": ""0"", ""psy-rd"": ""3.0"", ""psy-rdoq"": ""3.0"", ""qcomp"": ""0.75"", ""qpmax"": ""31"", ""qpmin"": ""9"", ""rc-lookahead"": ""50"", ""rd"": ""3"", ""rdoq-level"": ""2"", ""rect"": ""0"", ""ref"": ""4"", ""rskip"": ""1"", ""sao"": ""0"", ""scenecut"": ""19"", ""subme"": ""3"", ""tu-inter-depth"": ""1"", ""tu-intra-depth"": ""2"", ""weightb"": ""1"", ""weightp"": ""0"", ""wpp"": ""1""}"
x265,bestconfig,7304,single,118,62.34,4.93,62.34,5.492721080780029,"['Standard', '320p', 30, '10s']",0.0,5.49260687828064,0.0,"{""amp"": ""1"", ""aq-mode"": ""0"", ""aq-strength"": ""2.0"", ""b-adapt"": ""2"", ""bframes"": ""7"", ""crf"": ""25.0"", ""ctu"": ""32"", ""keyint"": ""316"", ""limit-refs"": ""2"", ""limit-tu"": ""3"", ""me"": ""dia"", ""merange"": ""63"", ""open-gop"": ""1"", ""psy-rd"": ""3.5"", ""psy-rdoq"": ""1.0"", ""qcomp"": ""0.5"", ""qpmax"": ""33"", ""qpmin"": ""6"", ""rc-lookahead"": ""14"", ""rd"": ""4"", ""rdoq-level"": ""0"", ""rect"": ""0"", ""ref"": ""2"", ""rskip"": ""0"", ""sao"": ""1"", ""scenecut"": ""5"", ""subme"": ""3"", ""tu-inter-depth"": ""3"", ""tu-intra-depth"": ""4"", ""weightb"": ""1"", ""weightp"": ""1"", ""wpp"": ""0""}"
x265,bestconfig,7304,single,119,61.1,5.04,61.1,5.393829345703125,"['Standard', '320p', 30, '10s']",0.0,5.3937413692474365,0.0,"{""amp"": ""0"", ""aq-mode"": ""1"", ""aq-strength"": ""0.5"", ""b-adapt"": ""0"", ""bframes"": ""3"", ""crf"": ""32.0"", ""ctu"": ""16"", ""keyint"": ""245"", ""limit-refs"": ""1"", ""limit-tu"": ""3"", ""me"": ""dia"", ""merange"": ""26"", ""open-gop"": ""1"", ""psy-rd"": ""0.5"", ""psy-rdoq"": ""2.0"", ""qcomp"": ""0.5"", ""qpmax"": ""24"", ""qpmin"": ""3"", ""rc-lookahead"": ""42"", ""rd"": ""1"", ""rdoq-level"": ""1"", ""rect"": ""1"", ""ref"": ""3"", ""rskip"": ""1"", ""sao"": ""1"", ""scenecut"": ""38"", ""subme"": ""2"", ""tu-inter-depth"": ""2"", ""tu-intra-depth"": ""3"", ""weightb"": ""1"", ""weightp"": ""0"", ""wpp"": ""0""}"
x265,bestconfig,7304,single,120,30.16,10.14,30.16,10.495439529418945,"['Standard', '320p', 30, '10s']",0.0,10.495348691940308,0.0,"{""amp"": ""1"", ""aq-mode"": ""2"", ""aq-strength"": ""1.2"", ""b-adapt"": ""1"", ""bframes"": ""2"", ""crf"": ""28.0"", ""ctu"": ""64"", ""keyint"": ""189"", ""limit-refs"": ""1"", ""limit-tu"": ""4"", ""me"": ""umh"", ""merange"": ""54"", ""open-gop"": ""1"", ""psy-rd"": ""2.5"", ""psy-rdoq"": ""4.0"", ""qcomp"": ""1.0"", ""qpmax"": ""38"", ""qpmin"": ""18"", ""rc-lookahead"": ""32"", ""rd"": ""3"", ""rdoq-level"": ""1"", ""rect"": ""1"", ""ref"": ""2"", ""rskip"": ""0"", ""sao"": ""0"", ""scenecut"": ""86"", ""subme"": ""2"", ""tu-inter-depth"": ""3"", ""tu-intra-depth"": ""2"", ""weightb"": ""0"", ""weightp"": ""1"", ""wpp"": ""0""}"
x265,bestconfig,7304,single,121,36.93,8.28,36.93,8.627262115478516,"['Standard', '320p', 30, '10s']",0.0,8.6271653175354,0.0,"{""amp"": ""0"", ""aq-mode"": ""2"", ""aq-strength"": ""1.2"", ""b-adapt"": ""2"", ""bframes"": ""4"", ""crf"": ""25.0"", ""ctu"": ""32"", ""keyint"": ""438"", ""limit-refs"": ""3"", ""limit-tu"": ""4"", ""me"": ""hex"", ""merange"": ""39"", ""open-gop"": ""0"", ""psy-rd"": ""1.5"", ""psy-rdoq"": ""1.0"", ""qcomp"": ""0.7"", ""qpmax"": ""44"", ""qpmin"": ""5"", ""rc-lookahead"": ""30"", ""rd"": ""3"", ""rdoq-level"": ""2"", ""rect"": ""1"", ""ref"": ""3"", ""rskip"": ""0"", ""sao"": ""0"", ""scenecut"": ""74"", ""subme"": ""3"", ""tu-inter-depth"": ""2"", ""tu-intra-depth"": ""3"", ""weightb"": ""0"", ""weightp"": ""1"", ""wpp"": ""1""}"
x265,bestconfig,7304,single,122,50.51,6.12,50.51,6.683786153793335,"['Standard', '320p', 30, '10s']",0.0,6.683686256408691,0.0,"{""amp"": ""0"", ""aq-mode"": ""2"", ""aq-strength"": ""0.0"", ""b-adapt"": ""2"", ""bframes"": ""2"", ""crf"": ""28.0"", ""ctu"": ""32"", ""keyint"": ""455"", ""limit-refs"": ""3"", ""limit-tu"": ""4"", ""me"": ""dia"", ""merange"": ""40"", ""open-gop"": ""1"", ""psy-rd"": ""2.0"", ""psy-rdoq"": ""4.5"", ""qcomp"": ""0.75"", ""qpmax"": ""43"", ""qpmin"": ""4"", ""rc-lookahead"": ""23"", ""rd"": ""3"", ""rdoq-level"": ""2"", ""rect"": ""1"", ""ref"": ""4"", ""rskip"": ""1"", ""sao"": ""1"", ""scenecut"": ""83"", ""subme"": ""5"", ""tu-inter-depth"": ""2"", ""tu-intra-depth"": ""2"", ""weightb"": ""0"", ""weightp"": ""1"", ""wpp"": ""0""}"
x265,bestconfig,7304,single,123,31.53,9.7,31.53,10.048147916793823,"['Standard', '320p', 30, '10s']",0.0,10.04806113243103,0.0,"{""amp"": ""1"", ""aq-mode"": ""3"", ""aq-strength"": ""1.0"", ""b-adapt"": ""1"", ""bframes"": ""3"", ""crf"": ""18.0"", ""ctu"": ""16"", ""keyint"": ""428"", ""limit-refs"": ""2"", ""limit-tu"": ""3"", ""me"": ""star"", ""merange"": ""42"", ""open-gop"": ""1"", ""psy-rd"": ""3.5"", ""psy-rdoq"": ""0.5"", ""qcomp"": ""0.8"", ""qpmax"": ""42"", ""qpmin"": ""6"", ""rc-lookahead"": ""31"", ""rd"": ""4"", ""rdoq-level"": ""1"", ""rect"": ""0"", ""ref"": ""4"", ""rskip"": ""1"", ""sao"": ""0"", ""scenecut"": ""78"", ""subme"": ""4"", ""tu-inter-depth"": ""1"", ""tu-intra-depth"": ""1"", ""weightb"": ""0"", ""weightp"": ""1"", ""wpp"": ""1""}"
x265,bestconfig,7304,single,124,58.03,5.29,58.03,5.663411855697632,"['Standard', '320p', 30, '10s']",0.0,5.663319826126099,0.0,"{""amp"": ""0"", ""aq-mode"": ""3"", ""aq-strength"": ""1.5"", ""b-adapt"": ""0"", ""bframes"": ""2"", ""crf"": ""22.0"", ""ctu"": ""32"", ""keyint"": ""487"", ""limit-refs"": ""3"", ""limit-tu"": ""4"", ""me"": ""hex"", ""merange"": ""38"", ""open-gop"": ""0"", ""psy-rd"": ""0.5"", ""psy-rdoq"": ""4.0"", ""qcomp"": ""0.6"", ""qpmax"": ""45"", ""qpmin"": ""5"", ""rc-lookahead"": ""26"", ""rd"": ""4"", ""rdoq-level"": ""1"", ""rect"": ""0"", ""ref"": ""4"", ""rskip"": ""1"", ""sao"": ""1"", ""scenecut"": ""67"", ""subme"": ""4"", ""tu-inter-depth"": ""1"", ""tu-intra-depth"": ""3"", ""weightb"": ""0"", ""weightp"": ""0"", ""wpp"": ""1""}"
x265,bestconfig,7304,single,125,24.97,12.27,24.97,12.735977172851562,"['Standard', '320p', 30, '10s']",0.0,12.735888719558716,0.0,"{""amp"": ""1"", ""aq-mode"": ""4"", ""aq-strength"": ""1.8"", ""b-adapt"": ""1"", ""bframes"": ""3"", ""crf"": ""30.0"", ""ctu"": ""16"", ""keyint"": ""445"", ""limit-refs"": ""2"", ""limit-tu"": ""3"", ""me"": ""star"", ""merange"": ""43"", ""open-gop"": ""0"", ""psy-rd"": ""1.0"", ""psy-rdoq"": ""3.0"", ""qcomp"": ""0.5"", ""qpmax"": ""44"", ""qpmin"": ""4"", ""rc-lookahead"": ""24"", ""rd"": ""5"", ""rdoq-level"": ""1"", ""rect"": ""1"", ""ref"": ""4"", ""rskip"": ""0"", ""sao"": ""1"", ""scenecut"": ""81"", ""subme"": ""3"", ""tu-inter-depth"": ""2"", ""tu-intra-depth"": ""2"", ""weightb"": ""1"", ""weightp"": ""0"", ""wpp"": ""1""}"
x265,bestconfig,7304,single,126,2.47,122.92,2.47,123.31291484832764,"['Standard', '320p', 30, '10s']",0.0,123.31275677680969,0.0,"{""amp"": ""1"", ""aq-mode"": ""3"", ""aq-strength"": ""0.5"", ""b-adapt"": ""1"", ""bframes"": ""3"", ""crf"": ""18.0"", ""ctu"": ""16"", ""keyint"": ""480"", ""limit-refs"": ""2"", ""limit-tu"": ""4"", ""me"": ""full"", ""merange"": ""37"", ""open-gop"": ""1"", ""psy-rd"": ""2.5"", ""psy-rdoq"": ""0.0"", ""qcomp"": ""1.0"", ""qpmax"": ""43"", ""qpmin"": ""5"", ""rc-lookahead"": ""18"", ""rd"": ""5"", ""rdoq-level"": ""2"", ""rect"": ""0"", ""ref"": ""5"", ""rskip"": ""0"", ""sao"": ""0"", ""scenecut"": ""70"", ""subme"": ""5"", ""tu-inter-depth"": ""1"", ""tu-intra-depth"": ""2"", ""weightb"": ""1"", ""weightp"": ""1"", ""wpp"": ""0""}"
x265,bestconfig,7304,single,127,76.04,4.06,76.04,4.392655849456787,"['Standard', '320p', 30, '10s']",0.0,4.392565011978149,0.0,"{""amp"": ""0"", ""aq-mode"": ""3"", ""aq-strength"": ""0.8"", ""b-adapt"": ""1"", ""bframes"": ""3"", ""crf"": ""32.0"", ""ctu"": ""64"", ""keyint"": ""465"", ""limit-refs"": ""3"", ""limit-tu"": ""3"", ""me"": ""dia"", ""merange"": ""41"", ""open-gop"": ""0"", ""psy-rd"": ""3.0"", ""psy-rdoq"": ""2.5"", ""qcomp"": ""0.5"", ""qpmax"": ""43"", ""qpmin"": ""4"", ""rc-lookahead"": ""28"", ""rd"": ""4"", ""rdoq-level"": ""1"", ""rect"": ""0"", ""ref"": ""3"", ""rskip"": ""0"", ""sao"": ""1"", ""scenecut"": ""72"", ""subme"": ""4"", ""tu-inter-depth"": ""1"", ""tu-intra-depth"": ""2"", ""weightb"": ""1"", ""weightp"": ""0"", ""wpp"": ""0""}"
x265,bestconfig,7304,single,128,31.39,9.75,31.39,10.083791255950928,"['Standard', '320p', 30, '10s']",0.0,10.08370041847229,0.0,"{""amp"": ""1"", ""aq-mode"": ""4"", ""aq-strength"": ""2.0"", ""b-adapt"": ""0"", ""bframes"": ""4"", ""crf"": ""20.0"", ""ctu"": ""64"", ""keyint"": ""468"", ""limit-refs"": ""2"", ""limit-tu"": ""3"", ""me"": ""umh"", ""merange"": ""37"", ""open-gop"": ""1"", ""psy-rd"": ""0.0"", ""psy-rdoq"": ""2.0"", ""qcomp"": ""0.9"", ""qpmax"": ""44"", ""qpmin"": ""3"", ""rc-lookahead"": ""21"", ""rd"": ""4"", ""rdoq-level"": ""2"", ""rect"": ""1"", ""ref"": ""5"", ""rskip"": ""1"", ""sao"": ""0"", ""scenecut"": ""85"", ""subme"": ""4"", ""tu-inter-depth"": ""2"", ""tu-intra-depth"": ""1"", ""weightb"": ""1"", ""weightp"": ""0"", ""wpp"": ""0""}"
x265,bestconfig,7304,single,129,8.97,33.96,8.97,34.502286434173584,"['Standard', '320p', 30, '10s']",0.0,34.50218677520752,0.0,"{""amp"": ""0"", ""aq-mode"": ""4"", ""aq-strength"": ""0.8"", ""b-adapt"": ""2"", ""bframes"": ""2"", ""crf"": ""20.0"", ""ctu"": ""16"", ""keyint"": ""194"", ""limit-refs"": ""2"", ""limit-tu"": ""1"", ""me"": ""star"", ""merange"": ""44"", ""open-gop"": ""0"", ""psy-rd"": ""2.0"", ""psy-rdoq"": ""4.0"", ""qcomp"": ""0.7"", ""qpmax"": ""45"", ""qpmin"": ""11"", ""rc-lookahead"": ""27"", ""rd"": ""6"", ""rdoq-level"": ""1"", ""rect"": ""1"", ""ref"": ""6"", ""rskip"": ""0"", ""sao"": ""0"", ""scenecut"": ""8"", ""subme"": ""4"", ""tu-inter-depth"": ""3"", ""tu-intra-depth"": ""2"", ""weightb"": ""1"", ""weightp"": ""1"", ""wpp"": ""0""}"
x265,bestconfig,7304,single,130,67.12,4.59,67.12,5.001668691635132,"['Standard', '320p', 30, '10s']",0.0,5.001538038253784,0.0,"{""amp"": ""0"", ""aq-mode"": ""2"", ""aq-strength"": ""2.0"", ""b-adapt"": ""2"", ""bframes"": ""7"", ""crf"": ""18.0"", ""ctu"": ""32"", ""keyint"": ""435"", ""limit-refs"": ""3"", ""limit-tu"": ""3"", ""me"": ""hex"", ""merange"": ""63"", ""open-gop"": ""0"", ""psy-rd"": ""0.5"", ""psy-rdoq"": ""0.0"", ""qcomp"": ""0.6"", ""qpmax"": ""34"", ""qpmin"": ""14"", ""rc-lookahead"": ""16"", ""rd"": ""2"", ""rdoq-level"": ""0"", ""rect"": ""0"", ""ref"": ""5"", ""rskip"": ""1"", ""sao"": ""1"", ""scenecut"": ""32"", ""subme"": ""2"", ""tu-inter-depth"": ""1"", ""tu-intra-depth"": ""3"", ""weightb"": ""1"", ""weightp"": ""0"", ""wpp"": ""0""}"
x265,bestconfig,7304,single,131,89.57,3.46,89.57,3.816697597503662,"['Standard', '320p', 30, '10s']",0.0,3.8166048526763916,0.0,"{""amp"": ""1"", ""aq-mode"": ""1"", ""aq-strength"": ""1.2"", ""b-adapt"": ""0"", ""bframes"": ""3"", ""crf"": ""25.0"", ""ctu"": ""64"", ""keyint"": ""108"", ""limit-refs"": ""0"", ""limit-tu"": ""3"", ""me"": ""hex"", ""merange"": ""32"", ""open-gop"": ""1"", ""psy-rd"": ""1.5"", ""psy-rdoq"": ""0.5"", ""qcomp"": ""0.75"", ""qpmax"": ""37"", ""qpmin"": ""7"", ""rc-lookahead"": ""37"", ""rd"": ""3"", ""rdoq-level"": ""0"", ""rect"": ""0"", ""ref"": ""3"", ""rskip"": ""1"", ""sao"": ""0"", ""scenecut"": ""56"", ""subme"": ""5"", ""tu-inter-depth"": ""1"", ""tu-intra-depth"": ""2"", ""weightb"": ""0"", ""weightp"": ""0"", ""wpp"": ""0""}"
x265,bestconfig,7304,single,132,2.6,116.78,2.6,117.14295530319214,"['Standard', '320p', 30, '10s']",0.0,117.14285469055176,0.0,"{""amp"": ""1"", ""aq-mode"": ""2"", ""aq-strength"": ""1.8"", ""b-adapt"": ""1"", ""bframes"": ""4"", ""crf"": ""18.0"", ""ctu"": ""16"", ""keyint"": ""465"", ""limit-refs"": ""2"", ""limit-tu"": ""2"", ""me"": ""full"", ""merange"": ""51"", ""open-gop"": ""0"", ""psy-rd"": ""3.0"", ""psy-rdoq"": ""4.5"", ""qcomp"": ""0.9"", ""qpmax"": ""20"", ""qpmin"": ""2"", ""rc-lookahead"": ""47"", ""rd"": ""4"", ""rdoq-level"": ""2"", ""rect"": ""1"", ""ref"": ""2"", ""rskip"": ""0"", ""sao"": ""1"", ""scenecut"": ""98"", ""subme"": ""1"", ""tu-inter-depth"": ""3"", ""tu-intra-depth"": ""3"", ""weightb"": ""0"", ""weightp"": ""0"", ""wpp"": ""0""}"
x265,bestconfig,7304,single,133,21.5,14.2,21.5,14.524407863616943,"['Standard', '320p', 30, '10s']",0.0,14.524315595626831,0.0,"{""amp"": ""0"", ""aq-mode"": ""1"", ""aq-strength"": ""0.0"", ""b-adapt"": ""1"", ""bframes"": ""7"", ""crf"": ""28.0"", ""ctu"": ""32"", ""keyint"": ""271"", ""limit-refs"": ""2"", ""limit-tu"": ""4"", ""me"": ""dia"", ""merange"": ""38"", ""open-gop"": ""1"", ""psy-rd"": ""2.5"", ""psy-rdoq"": ""3.0"", ""qcomp"": ""1.0"", ""qpmax"": ""31"", ""qpmin"": ""17"", ""rc-lookahead"": ""19"", ""rd"": ""5"", ""rdoq-level"": ""1"", ""rect"": ""1"", ""ref"": ""2"", ""rskip"": ""1"", ""sao"": ""0"", ""scenecut"": ""21"", ""subme"": ""2"", ""tu-inter-depth"": ""3"", ""tu-intra-depth"": ""1"", ""weightb"": ""1"", ""weightp"": ""0"", ""wpp"": ""1""}"
x265,bestconfig,7304,single,134,9.72,31.34,9.72,31.6823468208313,"['Standard', '320p', 30, '10s']",0.0,31.682254552841187,0.0,"{""amp"": ""0"", ""aq-mode"": ""3"", ""aq-strength"": ""0.5"", ""b-adapt"": ""0"", ""bframes"": ""6"", ""crf"": ""30.0"", ""ctu"": ""16"", ""keyint"": ""53"", ""limit-refs"": ""1"", ""limit-tu"": ""1"", ""me"": ""star"", ""merange"": ""25"", ""open-gop"": ""1"", ""psy-rd"": ""1.0"", ""psy-rdoq"": ""2.0"", ""qcomp"": ""0.5"", ""qpmax"": ""25"", ""qpmin"": ""18"", ""rc-lookahead"": ""34"", ""rd"": ""5"", ""rdoq-level"": ""1"", ""rect"": ""1"", ""ref"": ""4"", ""rskip"": ""0"", ""sao"": ""1"", ""scenecut"": ""50"", ""subme"": ""3"", ""tu-inter-depth"": ""2"", ""tu-intra-depth"": ""2"", ""weightb"": ""1"", ""weightp"": ""1"", ""wpp"": ""1""}"
x265,bestconfig,7304,single,135,126.65,2.46,126.65,2.812521457672119,"['Standard', '320p', 30, '10s']",0.0,2.8124332427978516,0.0,"{""amp"": ""1"", ""aq-mode"": ""3"", ""aq-strength"": ""1.5"", ""b-adapt"": ""1"", ""bframes"": ""0"", ""crf"": ""32.0"", ""ctu"": ""64"", ""keyint"": ""349"", ""limit-refs"": ""1"", ""limit-tu"": ""2"", ""me"": ""dia"", ""merange"": ""20"", ""open-gop"": ""1"", ""psy-rd"": ""0.0"", ""psy-rdoq"": ""1.0"", ""qcomp"": ""0.5"", ""qpmax"": ""41"", ""qpmin"": ""9"", ""rc-lookahead"": ""52"", ""rd"": ""2"", ""rdoq-level"": ""1"", ""rect"": ""0"", ""ref"": ""3"", ""rskip"": ""1"", ""sao"": ""0"", ""scenecut"": ""76"", ""subme"": ""3"", ""tu-inter-depth"": ""2"", ""tu-intra-depth"": ""3"", ""weightb"": ""0"", ""weightp"": ""1"", ""wpp"": ""1""}"
x265,bestconfig,7304,single,136,25.36,12.05,25.36,12.389485836029053,"['Standard', '320p', 30, '10s']",0.0,12.389386653900146,0.0,"{""amp"": ""1"", ""aq-mode"": ""0"", ""aq-strength"": ""1.0"", ""b-adapt"": ""1"", ""bframes"": ""5"", ""crf"": ""22.0"", ""ctu"": ""32"", ""keyint"": ""213"", ""limit-refs"": ""1"", ""limit-tu"": ""0"", ""me"": ""umh"", ""merange"": ""56"", ""open-gop"": ""0"", ""psy-rd"": ""3.5"", ""psy-rdoq"": ""2.5"", ""qcomp"": ""0.8"", ""qpmax"": ""48"", ""qpmin"": ""3"", ""rc-lookahead"": ""59"", ""rd"": ""1"", ""rdoq-level"": ""2"", ""rect"": ""0"", ""ref"": ""4"", ""rskip"": ""0"", ""sao"": ""1"", ""scenecut"": ""69"", ""subme"": ""4"", ""tu-inter-depth"": ""4"", ""tu-intra-depth"": ""3"", ""weightb"": ""0"", ""weightp"": ""1"", ""wpp"": ""1""}"
x265,bestconfig,7304,single,137,84.79,3.65,84.79,3.9853005409240723,"['Standard', '320p', 30, '10s']",0.0,3.985215663909912,0.0,"{""amp"": ""0"", ""aq-mode"": ""3"", ""aq-strength"": ""0.5"", ""b-adapt"": ""1"", ""bframes"": ""1"", ""crf"": ""32.0"", ""ctu"": ""64"", ""keyint"": ""404"", ""limit-refs"": ""1"", ""limit-tu"": ""1"", ""me"": ""dia"", ""merange"": ""22"", ""open-gop"": ""0"", ""psy-rd"": ""0.5"", ""psy-rdoq"": ""1.0"", ""qcomp"": ""0.9"", ""qpmax"": ""38"", ""qpmin"": ""10"", ""rc-lookahead"": ""57"", ""rd"": ""2"", ""rdoq-level"": ""2"", ""rect"": ""1"", ""ref"": ""3"", ""rskip"": ""1"", ""sao"": ""0"", ""scenecut"": ""97"", ""subme"": ""3"", ""tu-inter-depth"": ""1"", ""tu-intra-depth"": ""3"", ""weightb"": ""0"", ""weightp"": ""0"", ""wpp"": ""0""}"
x265,bestconfig,7304,single,138,53.27,5.76,53.27,6.102938890457153,"['Standard', '320p', 30, '10s']",0.0,6.102848052978516,0.0,"{""amp"": ""0"", ""aq-mode"": ""2"", ""aq-strength"": ""0.0"", ""b-adapt"": ""1"", ""bframes"": ""1"", ""crf"": ""25.0"", ""ctu"": ""16"", ""keyint"": ""363"", ""limit-refs"": ""0"", ""limit-tu"": ""3"", ""me"": ""hex"", ""merange"": ""23"", ""open-gop"": ""1"", ""psy-rd"": ""1.5"", ""psy-rdoq"": ""0.5"", ""qcomp"": ""0.7"", ""qpmax"": ""43"", ""qpmin"": ""11"", ""rc-lookahead"": ""53"", ""rd"": ""2"", ""rdoq-level"": ""1"", ""rect"": ""1"", ""ref"": ""2"", ""rskip"": ""1"", ""sao"": ""1"", ""scenecut"": ""79"", ""subme"": ""3"", ""tu-inter-depth"": ""3"", ""tu-intra-depth"": ""2"", ""weightb"": ""0"", ""weightp"": ""1"", ""wpp"": ""1""}"
x265,bestconfig,7304,single,139,47.0,6.53,47.0,6.884865999221802,"['Standard', '320p', 30, '10s']",0.0,6.88477635383606,0.0,"{""amp"": ""1"", ""aq-mode"": ""3"", ""aq-strength"": ""0.8"", ""b-adapt"": ""0"", ""bframes"": ""2"", ""crf"": ""30.0"", ""ctu"": ""64"", ""keyint"": ""346"", ""limit-refs"": ""1"", ""limit-tu"": ""2"", ""me"": ""full"", ""merange"": ""22"", ""open-gop"": ""0"", ""psy-rd"": ""0.0"", ""psy-rdoq"": ""2.5"", ""qcomp"": ""0.6"", ""qpmax"": ""45"", ""qpmin"": ""7"", ""rc-lookahead"": ""56"", ""rd"": ""1"", ""rdoq-level"": ""1"", ""rect"": ""0"", ""ref"": ""3"", ""rskip"": ""0"", ""sao"": ""1"", ""scenecut"": ""81"", ""subme"": ""3"", ""tu-inter-depth"": ""2"", ""tu-intra-depth"": ""3"", ""weightb"": ""1"", ""weightp"": ""0"", ""wpp"": ""0""}"
x265,bestconfig,7304,single,140,91.37,3.39,91.37,3.7322998046875,"['Standard', '320p', 30, '10s']",0.0,3.7322163581848145,0.0,"{""amp"": ""0"", ""aq-mode"": ""4"", ""aq-strength"": ""2.0"", ""b-adapt"": ""2"", ""bframes"": ""0"", ""crf"": ""28.0"", ""ctu"": ""32"", ""keyint"": ""314"", ""limit-refs"": ""1"", ""limit-tu"": ""2"", ""me"": ""star"", ""merange"": ""21"", ""open-gop"": ""1"", ""psy-rd"": ""2.5"", ""psy-rdoq"": ""0.0"", ""qcomp"": ""0.5"", ""qpmax"": ""42"", ""qpmin"": ""10"", ""rc-lookahead"": ""54"", ""rd"": ""2"", ""rdoq-level"": ""0"", ""rect"": ""0"", ""ref"": ""3"", ""rskip"": ""1"", ""sao"": ""1"", ""scenecut"": ""94"", ""subme"": ""4"", ""tu-inter-depth"": ""2"", ""tu-intra-depth"": ""2"", ""weightb"": ""1"", ""weightp"": ""1"", ""wpp"": ""0""}"
x265,bestconfig,7304,single,141,29.83,10.29,29.83,10.845280170440674,"['Standard', '320p', 30, '10s']",0.0,10.845184326171875,0.0,"{""amp"": ""1"", ""aq-mode"": ""4"", ""aq-strength"": ""1.2"", ""b-adapt"": ""2"", ""bframes"": ""1"", ""crf"": ""18.0"", ""ctu"": ""16"", ""keyint"": ""286"", ""limit-refs"": ""2"", ""limit-tu"": ""2"", ""me"": ""dia"", ""merange"": ""23"", ""open-gop"": ""1"", ""psy-rd"": ""1.0"", ""psy-rdoq"": ""2.0"", ""qcomp"": ""0.5"", ""qpmax"": ""40"", ""qpmin"": ""8"", ""rc-lookahead"": ""49"", ""rd"": ""3"", ""rdoq-level"": ""1"", ""rect"": ""0"", ""ref"": ""4"", ""rskip"": ""0"", ""sao"": ""1"", ""scenecut"": ""84"", ""subme"": ""4"", ""tu-inter-depth"": ""2"", ""tu-intra-depth"": ""3"", ""weightb"": ""1"", ""weightp"": ""0"", ""wpp"": ""1""}"
x265,bestconfig,7304,single,142,16.26,18.76,16.26,19.106821298599243,"['Standard', '320p', 30, '10s']",0.0,19.106712818145752,0.0,"{""amp"": ""1"", ""aq-mode"": ""3"", ""aq-strength"": ""1.0"", ""b-adapt"": ""1"", ""bframes"": ""0"", ""crf"": ""18.0"", ""ctu"": ""32"", ""keyint"": ""434"", ""limit-refs"": ""1"", ""limit-tu"": ""3"", ""me"": ""umh"", ""merange"": ""25"", ""open-gop"": ""0"", ""psy-rd"": ""3.5"", ""psy-rdoq"": ""3.0"", ""qcomp"": ""0.8"", ""qpmax"": ""41"", ""qpmin"": ""8"", ""rc-lookahead"": ""51"", ""rd"": ""2"", ""rdoq-level"": ""2"", ""rect"": ""1"", ""ref"": ""2"", ""rskip"": ""0"", ""sao"": ""0"", ""scenecut"": ""73"", ""subme"": ""3"", ""tu-inter-depth"": ""2"", ""tu-intra-depth"": ""3"", ""weightb"": ""1"", ""weightp"": ""1"", ""wpp"": ""0""}"
x265,bestconfig,7304,single,143,52.8,5.81,52.8,6.16712212562561,"['Standard', '320p', 30, '10s']",0.0,6.167019844055176,0.0,"{""amp"": ""1"", ""aq-mode"": ""2"", ""aq-strength"": ""1.8"", ""b-adapt"": ""0"", ""bframes"": ""1"", ""crf"": ""20.0"", ""ctu"": ""32"", ""keyint"": ""301"", ""limit-refs"": ""0"", ""limit-tu"": ""1"", ""me"": ""hex"", ""merange"": ""24"", ""open-gop"": ""0"", ""psy-rd"": ""3.0"", ""psy-rdoq"": ""4.0"", ""qcomp"": ""1.0"", ""qpmax"": ""43"", ""qpmin"": ""9"", ""rc-lookahead"": ""47"", ""rd"": ""1"", ""rdoq-level"": ""1"", ""rect"": ""0"", ""ref"": ""3"", ""rskip"": ""1"", ""sao"": ""0"", ""scenecut"": ""88"", ""subme"": ""2"", ""tu-inter-depth"": ""1"", ""tu-intra-depth"": ""2"", ""weightb"": ""0"", ""weightp"": ""1"", ""wpp"": ""1""}"
x265,bestconfig,7304,single,144,39.22,7.81,39.22,8.144865274429321,"['Standard', '320p', 30, '10s']",0.0,8.144738674163818,0.0,"{""amp"": ""0"", ""aq-mode"": ""3"", ""aq-strength"": ""1.5"", ""b-adapt"": ""1"", ""bframes"": ""2"", ""crf"": ""22.0"", ""ctu"": ""16"", ""keyint"": ""375"", ""limit-refs"": ""2"", ""limit-tu"": ""2"", ""me"": ""star"", ""merange"": ""20"", ""open-gop"": ""1"", ""psy-rd"": ""2.0"", ""psy-rdoq"": ""4.5"", ""qcomp"": ""0.75"", ""qpmax"": ""39"", ""qpmin"": ""9"", ""rc-lookahead"": ""58"", ""rd"": ""3"", ""rdoq-level"": ""0"", ""rect"": ""1"", ""ref"": ""4"", ""rskip"": ""0"", ""sao"": ""0"", ""scenecut"": ""69"", ""subme"": ""2"", ""tu-inter-depth"": ""3"", ""tu-intra-depth"": ""2"", ""weightb"": ""0"", ""weightp"": ""0"", ""wpp"": ""1""}"
x265,bestconfig,7304,single,145,1.81,167.78,1.81,168.1139862537384,"['Standard', '320p', 30, '10s']",0.0,168.1138834953308,0.0,"{""amp"": ""0"", ""aq-mode"": ""1"", ""aq-strength"": ""0.0"", ""b-adapt"": ""1"", ""bframes"": ""4"", ""crf"": ""22.0"", ""ctu"": ""32"", ""keyint"": ""381"", ""limit-refs"": ""2"", ""limit-tu"": ""0"", ""me"": ""full"", ""merange"": ""53"", ""open-gop"": ""1"", ""psy-rd"": ""2.5"", ""psy-rdoq"": ""0.5"", ""qcomp"": ""0.7"", ""qpmax"": ""32"", ""qpmin"": ""20"", ""rc-lookahead"": ""12"", ""rd"": ""5"", ""rdoq-level"": ""2"", ""rect"": ""0"", ""ref"": ""5"", ""rskip"": ""1"", ""sao"": ""0"", ""scenecut"": ""82"", ""subme"": ""2"", ""tu-inter-depth"": ""2"", ""tu-intra-depth"": ""3"", ""weightb"": ""1"", ""weightp"": ""1"", ""wpp"": ""1""}"
x265,bestconfig,7304,single,146,7.28,41.8,7.28,42.12726330757141,"['Standard', '320p', 30, '10s']",0.0,42.127171993255615,0.0,"{""amp"": ""1"", ""aq-mode"": ""3"", ""aq-strength"": ""0.8"", ""b-adapt"": ""1"", ""bframes"": ""2"", ""crf"": ""18.0"", ""ctu"": ""32"", ""keyint"": ""374"", ""limit-refs"": ""1"", ""limit-tu"": ""1"", ""me"": ""hex"", ""merange"": ""30"", ""open-gop"": ""0"", ""psy-rd"": ""3.5"", ""psy-rdoq"": ""4.5"", ""qcomp"": ""0.75"", ""qpmax"": ""25"", ""qpmin"": ""4"", ""rc-lookahead"": ""45"", ""rd"": ""5"", ""rdoq-level"": ""0"", ""rect"": ""1"", ""ref"": ""3"", ""rskip"": ""0"", ""sao"": ""1"", ""scenecut"": ""39"", ""subme"": ""4"", ""tu-inter-depth"": ""4"", ""tu-intra-depth"": ""3"", ""weightb"": ""0"", ""weightp"": ""0"", ""wpp"": ""1""}"
x265,bestconfig,7304,single,147,32.6,9.39,32.6,9.73177433013916,"['Standard', '320p', 30, '10s']",0.0,9.731688737869263,0.0,"{""amp"": ""0"", ""aq-mode"": ""2"", ""aq-strength"": ""0.5"", ""b-adapt"": ""0"", ""bframes"": ""0"", ""crf"": ""25.0"", ""ctu"": ""16"", ""keyint"": ""270"", ""limit-refs"": ""2"", ""limit-tu"": ""3"", ""me"": ""dia"", ""merange"": ""20"", ""open-gop"": ""0"", ""psy-rd"": ""1.5"", ""psy-rdoq"": ""2.5"", ""qcomp"": ""0.5"", ""qpmax"": ""24"", ""qpmin"": ""1"", ""rc-lookahead"": ""28"", ""rd"": ""2"", ""rdoq-level"": ""1"", ""rect"": ""1"", ""ref"": ""4"", ""rskip"": ""1"", ""sao"": ""0"", ""scenecut"": ""51"", ""subme"": ""3"", ""tu-inter-depth"": ""1"", ""tu-intra-depth"": ""1"", ""weightb"": ""0"", ""weightp"": ""1"", ""wpp"": ""0""}"
x265,bestconfig,7304,single,148,43.34,7.07,43.34,7.423001289367676,"['Standard', '320p', 30, '10s']",0.0,7.42289137840271,0.0,"{""amp"": ""1"", ""aq-mode"": ""1"", ""aq-strength"": ""1.5"", ""b-adapt"": ""1"", ""bframes"": ""1"", ""crf"": ""20.0"", ""ctu"": ""64"", ""keyint"": ""101"", ""limit-refs"": ""1"", ""limit-tu"": ""4"", ""me"": ""hex"", ""merange"": ""61"", ""open-gop"": ""1"", ""psy-rd"": ""1.0"", ""psy-rdoq"": ""2.0"", ""qcomp"": ""0.5"", ""qpmax"": ""50"", ""qpmin"": ""8"", ""rc-lookahead"": ""54"", ""rd"": ""3"", ""rdoq-level"": ""1"", ""rect"": ""0"", ""ref"": ""5"", ""rskip"": ""1"", ""sao"": ""1"", ""scenecut"": ""17"", ""subme"": ""5"", ""tu-inter-depth"": ""2"", ""tu-intra-depth"": ""2"", ""weightb"": ""0"", ""weightp"": ""1"", ""wpp"": ""1""}"
x265,bestconfig,7304,single,149,35.1,8.72,35.1,9.056464195251465,"['Standard', '320p', 30, '10s']",0.0,9.05637812614441,0.0,"{""amp"": ""0"", ""aq-mode"": ""4"", ""aq-strength"": ""1.2"", ""b-adapt"": ""2"", ""bframes"": ""5"", ""crf"": ""18.0"", ""ctu"": ""16"", ""keyint"": ""442"", ""limit-refs"": ""3"", ""limit-tu"": ""2"", ""me"": ""star"", ""merange"": ""51"", ""open-gop"": ""0"", ""psy-rd"": ""3.0"", ""psy-rdoq"": ""1.0"", ""qcomp"": ""1.0"", ""qpmax"": ""29"", ""qpmin"": ""17"", ""rc-lookahead"": ""22"", ""rd"": ""2"", ""rdoq-level"": ""1"", ""rect"": ""0"", ""ref"": ""2"", ""rskip"": ""0"", ""sao"": ""0"", ""scenecut"": ""36"", ""subme"": ""3"", ""tu-inter-depth"": ""2"", ""tu-intra-depth"": ""2"", ""weightb"": ""1"", ""weightp"": ""0"", ""wpp"": ""0""}"
x265,bestconfig,7304,single,150,59.22,5.19,59.22,5.523945093154907,"['Standard', '320p', 30, '10s']",0.0,5.523857355117798,0.0,"{""amp"": ""1"", ""aq-mode"": ""3"", ""aq-strength"": ""1.8"", ""b-adapt"": ""1"", ""bframes"": ""7"", ""crf"": ""28.0"", ""ctu"": ""16"", ""keyint"": ""231"", ""limit-refs"": ""2"", ""limit-tu"": ""1"", ""me"": ""dia"", ""merange"": ""35"", ""open-gop"": ""0"", ""psy-rd"": ""0.5"", ""psy-rdoq"": ""4.0"", ""qcomp"": ""0.6"", ""qpmax"": ""40"", ""qpmin"": ""7"", ""rc-lookahead"": ""48"", ""rd"": ""4"", ""rdoq-level"": ""1"", ""rect"": ""1"", ""ref"": ""2"", ""rskip"": ""1"", ""sao"": ""1"", ""scenecut"": ""73"", ""subme"": ""1"", ""tu-inter-depth"": ""3"", ""tu-intra-depth"": ""3"", ""weightb"": ""0"", ""weightp"": ""0"", ""wpp"": ""1""}"
x265,bestconfig,7304,single,151,71.86,4.29,71.86,4.631275653839111,"['Standard', '320p', 30, '10s']",0.0,4.63118577003479,0.0,"{""amp"": ""1"", ""aq-mode"": ""2"", ""aq-strength"": ""1.0"", ""b-adapt"": ""2"", ""bframes"": ""6"", ""crf"": ""30.0"", ""ctu"": ""64"", ""keyint"": ""70"", ""limit-refs"": ""1"", ""limit-tu"": ""3"", ""me"": ""umh"", ""merange"": ""40"", ""open-gop"": ""1"", ""psy-rd"": ""0.0"", ""psy-rdoq"": ""3.0"", ""qcomp"": ""0.9"", ""qpmax"": ""44"", ""qpmin"": ""10"", ""rc-lookahead"": ""32"", ""rd"": ""2"", ""rdoq-level"": ""0"", ""rect"": ""0"", ""ref"": ""1"", ""rskip"": ""0"", ""sao"": ""1"", ""scenecut"": ""92"", ""subme"": ""2"", ""tu-inter-depth"": ""3"", ""tu-intra-depth"": ""2"", ""weightb"": ""1"", ""weightp"": ""1"", ""wpp"": ""0""}"
x265,bestconfig,7304,single,152,13.1,23.31,13.1,23.911179780960083,"['Standard', '320p', 30, '10s']",0.0,23.911030054092407,0.0,"{""amp"": ""0"", ""aq-mode"": ""0"", ""aq-strength"": ""2.0"", ""b-adapt"": ""0"", ""bframes"": ""7"", ""crf"": ""32.0"", ""ctu"": ""32"", ""keyint"": ""154"", ""limit-refs"": ""0"", ""limit-tu"": ""2"", ""me"": ""star"", ""merange"": ""27"", ""open-gop"": ""1"", ""psy-rd"": ""2.0"", ""psy-rdoq"": ""0.0"", ""qcomp"": ""0.8"", ""qpmax"": ""37"", ""qpmin"": ""13"", ""rc-lookahead"": ""37"", ""rd"": ""5"", ""rdoq-level"": ""2"", ""rect"": ""1"", ""ref"": ""5"", ""rskip"": ""0"", ""sao"": ""0"", ""scenecut"": ""10"", ""subme"": ""4"", ""tu-inter-depth"": ""3"", ""tu-intra-depth"": ""3"", ""weightb"": ""1"", ""weightp"": ""0"", ""wpp"": ""0""}"
x265,bestconfig,7304,single,153,28.91,10.58,28.91,10.919951438903809,"['Standard', '320p', 30, '10s']",0.0,10.919859170913696,0.0,"{""amp"": ""1"", ""aq-mode"": ""3"", ""aq-strength"": ""2.0"", ""b-adapt"": ""2"", ""bframes"": ""0"", ""crf"": ""22.0"", ""ctu"": ""64"", ""keyint"": ""369"", ""limit-refs"": ""0"", ""limit-tu"": ""2"", ""me"": ""dia"", ""merange"": ""23"", ""open-gop"": ""0"", ""psy-rd"": ""0.0"", ""psy-rdoq"": ""0.5"", ""qcomp"": ""0.6"", ""qpmax"": ""44"", ""qpmin"": ""9"", ""rc-lookahead"": ""48"", ""rd"": ""2"", ""rdoq-level"": ""0"", ""rect"": ""1"", ""ref"": ""2"", ""rskip"": ""1"", ""sao"": ""1"", ""scenecut"": ""81"", ""subme"": ""3"", ""tu-inter-depth"": ""3"", ""tu-intra-depth"": ""2"", ""weightb"": ""1"", ""weightp"": ""1"", ""wpp"": ""0""}"
x265,bestconfig,7304,single,154,59.6,5.16,59.6,5.497127532958984,"['Standard', '320p', 30, '10s']",0.0,5.497037649154663,0.0,"{""amp"": ""1"", ""aq-mode"": ""2"", ""aq-strength"": ""0.5"", ""b-adapt"": ""1"", ""bframes"": ""1"", ""crf"": ""28.0"", ""ctu"": ""16"", ""keyint"": ""343"", ""limit-refs"": ""1"", ""limit-tu"": ""2"", ""me"": ""star"", ""merange"": ""26"", ""open-gop"": ""0"", ""psy-rd"": ""2.5"", ""psy-rdoq"": ""4.0"", ""qcomp"": ""1.0"", ""qpmax"": ""43"", ""qpmin"": ""8"", ""rc-lookahead"": ""52"", ""rd"": ""2"", ""rdoq-level"": ""1"", ""rect"": ""0"", ""ref"": ""3"", ""rskip"": ""0"", ""sao"": ""0"", ""scenecut"": ""73"", ""subme"": ""3"", ""tu-inter-depth"": ""2"", ""tu-intra-depth"": ""3"", ""weightb"": ""0"", ""weightp"": ""0"", ""wpp"": ""1""}"
x265,bestconfig,7304,single,155,23.69,12.89,23.69,13.23772144317627,"['Standard', '320p', 30, '10s']",0.0,13.237631797790527,0.0,"{""amp"": ""0"", ""aq-mode"": ""3"", ""aq-strength"": ""1.2"", ""b-adapt"": ""0"", ""bframes"": ""0"", ""crf"": ""25.0"", ""ctu"": ""32"", ""keyint"": ""298"", ""limit-refs"": ""0"", ""limit-tu"": ""1"", ""me"": ""hex"", ""merange"": ""24"", ""open-gop"": ""1"", ""psy-rd"": ""1.5"", ""psy-rdoq"": ""3.0"", ""qcomp"": ""0.5"", ""qpmax"": ""40"", ""qpmin"": ""9"", ""rc-lookahead"": ""54"", ""rd"": ""3"", ""rdoq-level"": ""1"", ""rect"": ""1"", ""ref"": ""4"", ""rskip"": ""1"", ""sao"": ""1"", ""scenecut"": ""75"", ""subme"": ""4"", ""tu-inter-depth"": ""3"", ""tu-intra-depth"": ""3"", ""weightb"": ""1"", ""weightp"": ""1"", ""wpp"": ""1""}"
x265,bestconfig,7304,single,156,32.63,9.42,32.63,9.834417343139648,"['Standard', '320p', 30, '10s']",0.0,9.83432674407959,0.0,"{""amp"": ""0"", ""aq-mode"": ""4"", ""aq-strength"": ""1.8"", ""b-adapt"": ""1"", ""bframes"": ""1"", ""crf"": ""18.0"", ""ctu"": ""32"", ""keyint"": ""314"", ""limit-refs"": ""2"", ""limit-tu"": ""2"", ""me"": ""star"", ""merange"": ""27"", ""open-gop"": ""1"", ""psy-rd"": ""3.0"", ""psy-rdoq"": ""0.0"", ""qcomp"": ""0.8"", ""qpmax"": ""42"", ""qpmin"": ""10"", ""rc-lookahead"": ""52"", ""rd"": ""3"", ""rdoq-level"": ""2"", ""rect"": ""0"", ""ref"": ""3"", ""rskip"": ""1"", ""sao"": ""0"", ""scenecut"": ""79"", ""subme"": ""3"", ""tu-inter-depth"": ""2"", ""tu-intra-depth"": ""2"", ""weightb"": ""1"", ""weightp"": ""1"", ""wpp"": ""0""}"
x265,bestconfig,7304,single,157,28.25,10.83,28.25,11.168675899505615,"['Standard', '320p', 30, '10s']",0.0,11.168591737747192,0.0,"{""amp"": ""0"", ""aq-mode"": ""4"", ""aq-strength"": ""1.0"", ""b-adapt"": ""1"", ""bframes"": ""1"", ""crf"": ""20.0"", ""ctu"": ""16"", ""keyint"": ""294"", ""limit-refs"": ""1"", ""limit-tu"": ""3"", ""me"": ""umh"", ""merange"": ""24"", ""open-gop"": ""0"", ""psy-rd"": ""3.5"", ""psy-rdoq"": ""4.5"", ""qcomp"": ""0.75"", ""qpmax"": ""43"", ""qpmin"": ""9"", ""rc-lookahead"": ""50"", ""rd"": ""3"", ""rdoq-level"": ""1"", ""rect"": ""1"", ""ref"": ""3"", ""rskip"": ""0"", ""sao"": ""1"", ""scenecut"": ""76"", ""subme"": ""2"", ""tu-inter-depth"": ""1"", ""tu-intra-depth"": ""3"", ""weightb"": ""0"", ""weightp"": ""0"", ""wpp"": ""0""}"
x265,bestconfig,7304,single,158,80.21,3.85,80.21,4.195414781570435,"['Standard', '320p', 30, '10s']",0.0,4.195321321487427,0.0,"{""amp"": ""1"", ""aq-mode"": ""2"", ""aq-strength"": ""0.8"", ""b-adapt"": ""2"", ""bframes"": ""0"", ""crf"": ""30.0"", ""ctu"": ""16"", ""keyint"": ""274"", ""limit-refs"": ""2"", ""limit-tu"": ""1"", ""me"": ""hex"", ""merange"": ""22"", ""open-gop"": ""0"", ""psy-rd"": ""1.0"", ""psy-rdoq"": ""2.0"", ""qcomp"": ""0.7"", ""qpmax"": ""41"", ""qpmin"": ""9"", ""rc-lookahead"": ""50"", ""rd"": ""2"", ""rdoq-level"": ""1"", ""rect"": ""0"", ""ref"": ""3"", ""rskip"": ""1"", ""sao"": ""0"", ""scenecut"": ""81"", ""subme"": ""4"", ""tu-inter-depth"": ""2"", ""tu-intra-depth"": ""2"", ""weightb"": ""0"", ""weightp"": ""0"", ""wpp"": ""0""}"
x265,bestconfig,7304,single,159,5.96,51.1,5.96,51.44397306442261,"['Standard', '320p', 30, '10s']",0.0,51.4438841342926,0.0,"{""amp"": ""0"", ""aq-mode"": ""3"", ""aq-strength"": ""1.5"", ""b-adapt"": ""1"", ""bframes"": ""0"", ""crf"": ""18.0"", ""ctu"": ""32"", ""keyint"": ""353"", ""limit-refs"": ""1"", ""limit-tu"": ""2"", ""me"": ""full"", ""merange"": ""21"", ""open-gop"": ""1"", ""psy-rd"": ""0.5"", ""psy-rdoq"": ""2.5"", ""qcomp"": ""0.5"", ""qpmax"": ""41"", ""qpmin"": ""10"", ""rc-lookahead"": ""49"", ""rd"": ""3"", ""rdoq-level"": ""0"", ""rect"": ""1"", ""ref"": ""4"", ""rskip"": ""0"", ""sao"": ""0"", ""scenecut"": ""77"", ""subme"": ""3"", ""tu-inter-depth"": ""1"", ""tu-intra-depth"": ""2"", ""weightb"": ""0"", ""weightp"": ""1"", ""wpp"": ""1""}"
x265,bestconfig,7304,single,160,69.54,4.44,69.54,4.7809507846832275,"['Standard', '320p', 30, '10s']",0.0,4.780863285064697,0.0,"{""amp"": ""1"", ""aq-mode"": ""3"", ""aq-strength"": ""0.0"", ""b-adapt"": ""0"", ""bframes"": ""1"", ""crf"": ""32.0"", ""ctu"": ""64"", ""keyint"": ""325"", ""limit-refs"": ""1"", ""limit-tu"": ""3"", ""me"": ""dia"", ""merange"": ""22"", ""open-gop"": ""1"", ""psy-rd"": ""2.0"", ""psy-rdoq"": ""1.0"", ""qcomp"": ""0.9"", ""qpmax"": ""42"", ""qpmin"": ""8"", ""rc-lookahead"": ""53"", ""rd"": ""2"", ""rdoq-level"": ""2"", ""rect"": ""0"", ""ref"": ""2"", ""rskip"": ""0"", ""sao"": ""1"", ""scenecut"": ""78"", ""subme"": ""2"", ""tu-inter-depth"": ""2"", ""tu-intra-depth"": ""3"", ""weightb"": ""1"", ""weightp"": ""0"", ""wpp"": ""1""}"
x265,bestconfig,7304,single,161,9.43,32.29,9.43,32.614675998687744,"['Standard', '320p', 30, '10s']",0.0,32.61458611488342,0.0,"{""amp"": ""1"", ""aq-mode"": ""3"", ""aq-strength"": ""1.5"", ""b-adapt"": ""1"", ""bframes"": ""1"", ""crf"": ""30.0"", ""ctu"": ""16"", ""keyint"": ""122"", ""limit-refs"": ""1"", ""limit-tu"": ""2"", ""me"": ""hex"", ""merange"": ""45"", ""open-gop"": ""0"", ""psy-rd"": ""1.5"", ""psy-rdoq"": ""1.0"", ""qcomp"": ""0.5"", ""qpmax"": ""22"", ""qpmin"": ""18"", ""rc-lookahead"": ""52"", ""rd"": ""5"", ""rdoq-level"": ""1"", ""rect"": ""0"", ""ref"": ""2"", ""rskip"": ""0"", ""sao"": ""1"", ""scenecut"": ""80"", ""subme"": ""3"", ""tu-inter-depth"": ""2"", ""tu-intra-depth"": ""3"", ""weightb"": ""1"", ""weightp"": ""0"", ""wpp"": ""1""}"
x265,bestconfig,7304,single,162,10.99,27.72,10.99,28.118785619735718,"['Standard', '320p', 30, '10s']",0.0,28.118640184402466,0.0,"{""amp"": ""1"", ""aq-mode"": ""1"", ""aq-strength"": ""2.0"", ""b-adapt"": ""1"", ""bframes"": ""7"", ""crf"": ""18.0"", ""ctu"": ""64"", ""keyint"": ""228"", ""limit-refs"": ""1"", ""limit-tu"": ""3"", ""me"": ""full"", ""merange"": ""53"", ""open-gop"": ""1"", ""psy-rd"": ""2.5"", ""psy-rdoq"": ""3.0"", ""qcomp"": ""0.6"", ""qpmax"": ""28"", ""qpmin"": ""7"", ""rc-lookahead"": ""20"", ""rd"": ""3"", ""rdoq-level"": ""0"", ""rect"": ""0"", ""ref"": ""3"", ""rskip"": ""1"", ""sao"": ""0"", ""scenecut"": ""28"", ""subme"": ""1"", ""tu-inter-depth"": ""4"", ""tu-intra-depth"": ""1"", ""weightb"": ""0"", ""weightp"": ""0"", ""wpp"": ""1""}"
x265,bestconfig,7304,single,163,38.52,7.95,38.52,8.259286165237427,"['Standard', '320p', 30, '10s']",0.0,8.259196043014526,0.0,"{""amp"": ""1"", ""aq-mode"": ""2"", ""aq-strength"": ""1.0"", ""b-adapt"": ""0"", ""bframes"": ""2"", ""crf"": ""22.0"", ""ctu"": ""32"", ""keyint"": ""375"", ""limit-refs"": ""2"", ""limit-tu"": ""1"", ""me"": ""hex"", ""merange"": ""40"", ""open-gop"": ""0"", ""psy-rd"": ""3.0"", ""psy-rdoq"": ""0.0"", ""qcomp"": ""0.5"", ""qpmax"": ""38"", ""qpmin"": ""16"", ""rc-lookahead"": ""31"", ""rd"": ""2"", ""rdoq-level"": ""2"", ""rect"": ""1"", ""ref"": ""3"", ""rskip"": ""1"", ""sao"": ""1"", ""scenecut"": ""3"", ""subme"": ""2"", ""tu-inter-depth"": ""2"", ""tu-intra-depth"": ""4"", ""weightb"": ""0"", ""weightp"": ""1"", ""wpp"": ""0""}"
x265,bestconfig,7304,single,164,55.9,5.49,55.9,5.820600986480713,"['Standard', '320p', 30, '10s']",0.0,5.820514440536499,0.0,"{""amp"": ""0"", ""aq-mode"": ""1"", ""aq-strength"": ""1.8"", ""b-adapt"": ""2"", ""bframes"": ""2"", ""crf"": ""25.0"", ""ctu"": ""32"", ""keyint"": ""47"", ""limit-refs"": ""3"", ""limit-tu"": ""1"", ""me"": ""dia"", ""merange"": ""23"", ""open-gop"": ""1"", ""psy-rd"": ""0.5"", ""psy-rdoq"": ""4.5"", ""qcomp"": ""0.75"", ""qpmax"": ""41"", ""qpmin"": ""10"", ""rc-lookahead"": ""44"", ""rd"": ""4"", ""rdoq-level"": ""0"", ""rect"": ""1"", ""ref"": ""4"", ""rskip"": ""0"", ""sao"": ""0"", ""scenecut"": ""14"", ""subme"": ""3"", ""tu-inter-depth"": ""3"", ""tu-intra-depth"": ""4"", ""weightb"": ""0"", ""weightp"": ""1"", ""wpp"": ""0""}"
x265,bestconfig,7304,single,165,18.37,16.64,18.37,17.190113067626953,"['Standard', '320p', 30, '10s']",0.0,17.190028190612793,0.0,"{""amp"": ""1"", ""aq-mode"": ""2"", ""aq-strength"": ""0.0"", ""b-adapt"": ""1"", ""bframes"": ""4"", ""crf"": ""28.0"", ""ctu"": ""32"", ""keyint"": ""154"", ""limit-refs"": ""0"", ""limit-tu"": ""0"", ""me"": ""umh"", ""merange"": ""16"", ""open-gop"": ""0"", ""psy-rd"": ""1.0"", ""psy-rdoq"": ""0.5"", ""qcomp"": ""0.8"", ""qpmax"": ""47"", ""qpmin"": ""1"", ""rc-lookahead"": ""11"", ""rd"": ""3"", ""rdoq-level"": ""1"", ""rect"": ""1"", ""ref"": ""5"", ""rskip"": ""0"", ""sao"": ""0"", ""scenecut"": ""46"", ""subme"": ""4"", ""tu-inter-depth"": ""3"", ""tu-intra-depth"": ""2"", ""weightb"": ""0"", ""weightp"": ""0"", ""wpp"": ""1""}"
x265,bestconfig,7304,single,166,14.06,21.67,14.06,22.011791706085205,"['Standard', '320p', 30, '10s']",0.0,22.01170015335083,0.0,"{""amp"": ""0"", ""aq-mode"": ""4"", ""aq-strength"": ""1.2"", ""b-adapt"": ""2"", ""bframes"": ""3"", ""crf"": ""18.0"", ""ctu"": ""16"", ""keyint"": ""400"", ""limit-refs"": ""1"", ""limit-tu"": ""3"", ""me"": ""star"", ""merange"": ""60"", ""open-gop"": ""0"", ""psy-rd"": ""3.5"", ""psy-rdoq"": ""4.0"", ""qcomp"": ""0.7"", ""qpmax"": ""50"", ""qpmin"": ""3"", ""rc-lookahead"": ""23"", ""rd"": ""5"", ""rdoq-level"": ""1"", ""rect"": ""0"", ""ref"": ""2"", ""rskip"": ""0"", ""sao"": ""1"", ""scenecut"": ""96"", ""subme"": ""5"", ""tu-inter-depth"": ""1"", ""tu-intra-depth"": ""3"", ""weightb"": ""1"", ""weightp"": ""1"", ""wpp"": ""1""}"
x265,bestconfig,7304,single,167,17.18,17.8,17.18,18.324615478515625,"['Standard', '320p', 30, '10s']",0.0,18.324526071548462,0.0,"{""amp"": ""0"", ""aq-mode"": ""3"", ""aq-strength"": ""0.8"", ""b-adapt"": ""0"", ""bframes"": ""5"", ""crf"": ""32.0"", ""ctu"": ""64"", ""keyint"": ""465"", ""limit-refs"": ""2"", ""limit-tu"": ""4"", ""me"": ""dia"", ""merange"": ""33"", ""open-gop"": ""1"", ""psy-rd"": ""2.0"", ""psy-rdoq"": ""2.5"", ""qcomp"": ""1.0"", ""qpmax"": ""32"", ""qpmin"": ""8"", ""rc-lookahead"": ""55"", ""rd"": ""6"", ""rdoq-level"": ""1"", ""rect"": ""1"", ""ref"": ""6"", ""rskip"": ""1"", ""sao"": ""1"", ""scenecut"": ""71"", ""subme"": ""4"", ""tu-inter-depth"": ""3"", ""tu-intra-depth"": ""2"", ""weightb"": ""1"", ""weightp"": ""1"", ""wpp"": ""0""}"
x265,bestconfig,7304,single,168,53.9,5.7,53.9,6.0941321849823,"['Standard', '320p', 30, '10s']",0.0,6.093998193740845,0.0,"{""amp"": ""0"", ""aq-mode"": ""0"", ""aq-strength"": ""0.5"", ""b-adapt"": ""1"", ""bframes"": ""8"", ""crf"": ""20.0"", ""ctu"": ""16"", ""keyint"": ""296"", ""limit-refs"": ""3"", ""limit-tu"": ""2"", ""me"": ""star"", ""merange"": ""51"", ""open-gop"": ""1"", ""psy-rd"": ""0.0"", ""psy-rdoq"": ""2.0"", ""qcomp"": ""0.9"", ""qpmax"": ""25"", ""qpmin"": ""13"", ""rc-lookahead"": ""39"", ""rd"": ""2"", ""rdoq-level"": ""2"", ""rect"": ""0"", ""ref"": ""5"", ""rskip"": ""1"", ""sao"": ""0"", ""scenecut"": ""61"", ""subme"": ""2"", ""tu-inter-depth"": ""1"", ""tu-intra-depth"": ""1"", ""weightb"": ""1"", ""weightp"": ""0"", ""wpp"": ""0""}"
x265,bestconfig,7304,single,169,24.4,12.51,24.4,12.859471797943115,"['Standard', '320p', 30, '10s']",0.0,12.859386682510376,0.0,"{""amp"": ""1"", ""aq-mode"": ""3"", ""aq-strength"": ""2.0"", ""b-adapt"": ""2"", ""bframes"": ""1"", ""crf"": ""18.0"", ""ctu"": ""32"", ""keyint"": ""335"", ""limit-refs"": ""2"", ""limit-tu"": ""2"", ""me"": ""hex"", ""merange"": ""19"", ""open-gop"": ""0"", ""psy-rd"": ""0.0"", ""psy-rdoq"": ""0.0"", ""qcomp"": ""1.0"", ""qpmax"": ""44"", ""qpmin"": ""9"", ""rc-lookahead"": ""48"", ""rd"": ""3"", ""rdoq-level"": ""1"", ""rect"": ""0"", ""ref"": ""3"", ""rskip"": ""1"", ""sao"": ""0"", ""scenecut"": ""79"", ""subme"": ""4"", ""tu-inter-depth"": ""2"", ""tu-intra-depth"": ""3"", ""weightb"": ""1"", ""weightp"": ""0"", ""wpp"": ""0""}"
x265,bestconfig,7304,single,170,61.16,5.03,61.16,5.370988607406616,"['Standard', '320p', 30, '10s']",0.0,5.370898485183716,0.0,"{""amp"": ""0"", ""aq-mode"": ""3"", ""aq-strength"": ""1.5"", ""b-adapt"": ""0"", ""bframes"": ""1"", ""crf"": ""32.0"", ""ctu"": ""32"", ""keyint"": ""311"", ""limit-refs"": ""0"", ""limit-tu"": ""3"", ""me"": ""dia"", ""merange"": ""20"", ""open-gop"": ""0"", ""psy-rd"": ""1.5"", ""psy-rdoq"": ""3.0"", ""qcomp"": ""0.5"", ""qpmax"": ""42"", ""qpmin"": ""8"", ""rc-lookahead"": ""55"", ""rd"": ""2"", ""rdoq-level"": ""2"", ""rect"": ""1"", ""ref"": ""3"", ""rskip"": ""0"", ""sao"": ""1"", ""scenecut"": ""77"", ""subme"": ""2"", ""tu-inter-depth"": ""3"", ""tu-intra-depth"": ""3"", ""weightb"": ""1"", ""weightp"": ""1"", ""wpp"": ""0""}"
x265,bestconfig,7304,single,171,87.18,3.55,87.18,3.935779571533203,"['Standard', '320p', 30, '10s']",0.0,3.9356491565704346,0.0,"{""amp"": ""0"", ""aq-mode"": ""2"", ""aq-strength"": ""1.8"", ""b-adapt"": ""1"", ""bframes"": ""1"", ""crf"": ""30.0"", ""ctu"": ""64"", ""keyint"": ""354"", ""limit-refs"": ""1"", ""limit-tu"": ""1"", ""me"": ""hex"", ""merange"": ""17"", ""open-gop"": ""1"", ""psy-rd"": ""3.5"", ""psy-rdoq"": ""1.0"", ""qcomp"": ""0.7"", ""qpmax"": ""45"", ""qpmin"": ""10"", ""rc-lookahead"": ""46"", ""rd"": ""2"", ""rdoq-level"": ""0"", ""rect"": ""0"", ""ref"": ""3"", ""rskip"": ""0"", ""sao"": ""0"", ""scenecut"": ""74"", ""subme"": ""3"", ""tu-inter-depth"": ""2"", ""tu-intra-depth"": ""2"", ""weightb"": ""0"", ""weightp"": ""0"", ""wpp"": ""0""}"
x265,bestconfig,7304,single,172,87.33,3.54,87.33,3.891040325164795,"['Standard', '320p', 30, '10s']",0.0,3.8909552097320557,0.0,"{""amp"": ""1"", ""aq-mode"": ""3"", ""aq-strength"": ""1.0"", ""b-adapt"": ""1"", ""bframes"": ""1"", ""crf"": ""28.0"", ""ctu"": ""32"", ""keyint"": ""297"", ""limit-refs"": ""1"", ""limit-tu"": ""1"", ""me"": ""star"", ""merange"": ""16"", ""open-gop"": ""1"", ""psy-rd"": ""0.5"", ""psy-rdoq"": ""2.5"", ""qcomp"": ""0.8"", ""qpmax"": ""39"", ""qpmin"": ""8"", ""rc-lookahead"": ""50"", ""rd"": ""2"", ""rdoq-level"": ""1"", ""rect"": ""0"", ""ref"": ""4"", ""rskip"": ""1"", ""sao"": ""1"", ""scenecut"": ""75"", ""subme"": ""2"", ""tu-inter-depth"": ""2"", ""tu-intra-depth"": ""4"", ""weightb"": ""1"", ""weightp"": ""1"", ""wpp"": ""0""}"
x265,bestconfig,7304,single,173,13.68,22.27,13.68,22.60612463951111,"['Standard', '320p', 30, '10s']",0.0,22.605997562408447,0.0,"{""amp"": ""0"", ""aq-mode"": ""2"", ""aq-strength"": ""0.5"", ""b-adapt"": ""2"", ""bframes"": ""0"", ""crf"": ""25.0"", ""ctu"": ""16"", ""keyint"": ""344"", ""limit-refs"": ""1"", ""limit-tu"": ""2"", ""me"": ""full"", ""merange"": ""22"", ""open-gop"": ""0"", ""psy-rd"": ""2.5"", ""psy-rdoq"": ""0.5"", ""qcomp"": ""0.9"", ""qpmax"": ""43"", ""qpmin"": ""9"", ""rc-lookahead"": ""53"", ""rd"": ""3"", ""rdoq-level"": ""1"", ""rect"": ""1"", ""ref"": ""4"", ""rskip"": ""1"", ""sao"": ""0"", ""scenecut"": ""73"", ""subme"": ""4"", ""tu-inter-depth"": ""1"", ""tu-intra-depth"": ""3"", ""weightb"": ""0"", ""weightp"": ""1"", ""wpp"": ""1""}"
x265,bestconfig,7304,single,174,27.03,11.3,27.03,11.683595657348633,"['Standard', '320p', 30, '10s']",0.0,11.683462619781494,0.0,"{""amp"": ""0"", ""aq-mode"": ""4"", ""aq-strength"": ""1.2"", ""b-adapt"": ""1"", ""bframes"": ""0"", ""crf"": ""18.0"", ""ctu"": ""16"", ""keyint"": ""371"", ""limit-refs"": ""0"", ""limit-tu"": ""2"", ""me"": ""umh"", ""merange"": ""18"", ""open-gop"": ""0"", ""psy-rd"": ""1.0"", ""psy-rdoq"": ""4.5"", ""qcomp"": ""0.6"", ""qpmax"": ""46"", ""qpmin"": ""9"", ""rc-lookahead"": ""52"", ""rd"": ""2"", ""rdoq-level"": ""1"", ""rect"": ""1"", ""ref"": ""3"", ""rskip"": ""1"", ""sao"": ""1"", ""scenecut"": ""76"", ""subme"": ""3"", ""tu-inter-depth"": ""2"", ""tu-intra-depth"": ""2"", ""weightb"": ""0"", ""weightp"": ""1"", ""wpp"": ""1""}"
x265,bestconfig,7304,single,175,49.1,6.25,49.1,6.673375368118286,"['Standard', '320p', 30, '10s']",0.0,6.673273324966431,0.0,"{""amp"": ""1"", ""aq-mode"": ""4"", ""aq-strength"": ""0.8"", ""b-adapt"": ""0"", ""bframes"": ""0"", ""crf"": ""22.0"", ""ctu"": ""16"", ""keyint"": ""362"", ""limit-refs"": ""2"", ""limit-tu"": ""3"", ""me"": ""star"", ""merange"": ""21"", ""open-gop"": ""1"", ""psy-rd"": ""3.0"", ""psy-rdoq"": ""2.0"", ""qcomp"": ""0.75"", ""qpmax"": ""39"", ""qpmin"": ""10"", ""rc-lookahead"": ""44"", ""rd"": ""3"", ""rdoq-level"": ""0"", ""rect"": ""0"", ""ref"": ""2"", ""rskip"": ""0"", ""sao"": ""1"", ""scenecut"": ""80"", ""subme"": ""3"", ""tu-inter-depth"": ""1"", ""tu-intra-depth"": ""3"", ""weightb"": ""0"", ""weightp"": ""0"", ""wpp"": ""1""}"
x265,bestconfig,7304,single,176,16.08,19.01,16.08,19.480879306793213,"['Standard', '320p', 30, '10s']",0.0,19.48078179359436,0.0,"{""amp"": ""1"", ""aq-mode"": ""3"", ""aq-strength"": ""0.0"", ""b-adapt"": ""1"", ""bframes"": ""0"", ""crf"": ""20.0"", ""ctu"": ""64"", ""keyint"": ""317"", ""limit-refs"": ""1"", ""limit-tu"": ""2"", ""me"": ""dia"", ""merange"": ""23"", ""open-gop"": ""1"", ""psy-rd"": ""2.0"", ""psy-rdoq"": ""4.0"", ""qcomp"": ""0.5"", ""qpmax"": ""40"", ""qpmin"": ""9"", ""rc-lookahead"": ""48"", ""rd"": ""3"", ""rdoq-level"": ""2"", ""rect"": ""1"", ""ref"": ""2"", ""rskip"": ""0"", ""sao"": ""0"", ""scenecut"": ""71"", ""subme"": ""3"", ""tu-inter-depth"": ""3"", ""tu-intra-depth"": ""3"", ""weightb"": ""1"", ""weightp"": ""0"", ""wpp"": ""1""}"
x265,bestconfig,7304,single,177,84.29,3.66,84.29,4.010200500488281,"['Standard', '320p', 30, '10s']",0.0,4.010113716125488,0.0,"{""amp"": ""0"", ""aq-mode"": ""1"", ""aq-strength"": ""1.5"", ""b-adapt"": ""2"", ""bframes"": ""5"", ""crf"": ""25.0"", ""ctu"": ""32"", ""keyint"": ""153"", ""limit-refs"": ""0"", ""limit-tu"": ""3"", ""me"": ""star"", ""merange"": ""31"", ""open-gop"": ""1"", ""psy-rd"": ""0.0"", ""psy-rdoq"": ""4.5"", ""qcomp"": ""0.8"", ""qpmax"": ""50"", ""qpmin"": ""12"", ""rc-lookahead"": ""55"", ""rd"": ""2"", ""rdoq-level"": ""2"", ""rect"": ""0"", ""ref"": ""1"", ""rskip"": ""1"", ""sao"": ""0"", ""scenecut"": ""47"", ""subme"": ""2"", ""tu-inter-depth"": ""2"", ""tu-intra-depth"": ""2"", ""weightb"": ""1"", ""weightp"": ""0"", ""wpp"": ""1""}"
x265,bestconfig,7304,single,178,8.84,34.48,8.84,35.033029317855835,"['Standard', '320p', 30, '10s']",0.0,35.03292369842529,0.0,"{""amp"": ""1"", ""aq-mode"": ""1"", ""aq-strength"": ""0.0"", ""b-adapt"": ""1"", ""bframes"": ""3"", ""crf"": ""20.0"", ""ctu"": ""64"", ""keyint"": ""455"", ""limit-refs"": ""3"", ""limit-tu"": ""1"", ""me"": ""dia"", ""merange"": ""63"", ""open-gop"": ""0"", ""psy-rd"": ""2.0"", ""psy-rdoq"": ""1.0"", ""qcomp"": ""0.5"", ""qpmax"": ""24"", ""qpmin"": ""7"", ""rc-lookahead"": ""47"", ""rd"": ""5"", ""rdoq-level"": ""0"", ""rect"": ""1"", ""ref"": ""4"", ""rskip"": ""1"", ""sao"": ""1"", ""scenecut"": ""79"", ""subme"": ""2"", ""tu-inter-depth"": ""2"", ""tu-intra-depth"": ""2"", ""weightb"": ""0"", ""weightp"": ""0"", ""wpp"": ""0""}"
x265,bestconfig,7304,single,179,30.78,9.94,30.78,10.282018184661865,"['Standard', '320p', 30, '10s']",0.0,10.281932353973389,0.0,"{""amp"": ""0"", ""aq-mode"": ""4"", ""aq-strength"": ""0.5"", ""b-adapt"": ""1"", ""bframes"": ""5"", ""crf"": ""22.0"", ""ctu"": ""32"", ""keyint"": ""224"", ""limit-refs"": ""2"", ""limit-tu"": ""2"", ""me"": ""hex"", ""merange"": ""25"", ""open-gop"": ""1"", ""psy-rd"": ""0.5"", ""psy-rdoq"": ""0.0"", ""qcomp"": ""0.9"", ""qpmax"": ""23"", ""qpmin"": ""8"", ""rc-lookahead"": ""19"", ""rd"": ""2"", ""rdoq-level"": ""2"", ""rect"": ""0"", ""ref"": ""4"", ""rskip"": ""0"", ""sao"": ""1"", ""scenecut"": ""8"", ""subme"": ""3"", ""tu-inter-depth"": ""2"", ""tu-intra-depth"": ""1"", ""weightb"": ""1"", ""weightp"": ""1"", ""wpp"": ""1""}"
x265,bestconfig,7304,single,180,33.65,9.09,33.65,9.42277216911316,"['Standard', '320p', 30, '10s']",0.0,9.422688722610474,0.0,"{""amp"": ""0"", ""aq-mode"": ""3"", ""aq-strength"": ""2.0"", ""b-adapt"": ""0"", ""bframes"": ""4"", ""crf"": ""28.0"", ""ctu"": ""32"", ""keyint"": ""369"", ""limit-refs"": ""1"", ""limit-tu"": ""2"", ""me"": ""hex"", ""merange"": ""34"", ""open-gop"": ""0"", ""psy-rd"": ""1.5"", ""psy-rdoq"": ""2.0"", ""qcomp"": ""1.0"", ""qpmax"": ""36"", ""qpmin"": ""13"", ""rc-lookahead"": ""35"", ""rd"": ""3"", ""rdoq-level"": ""1"", ""rect"": ""1"", ""ref"": ""5"", ""rskip"": ""0"", ""sao"": ""0"", ""scenecut"": ""74"", ""subme"": ""4"", ""tu-inter-depth"": ""3"", ""tu-intra-depth"": ""3"", ""weightb"": ""1"", ""weightp"": ""0"", ""wpp"": ""1""}"
x265,bestconfig,7304,single,181,2.64,115.41,2.64,115.9031355381012,"['Standard', '320p', 30, '10s']",0.0,115.90303254127502,0.0,"{""amp"": ""1"", ""aq-mode"": ""0"", ""aq-strength"": ""1.8"", ""b-adapt"": ""1"", ""bframes"": ""8"", ""crf"": ""18.0"", ""ctu"": ""16"", ""keyint"": ""70"", ""limit-refs"": ""2"", ""limit-tu"": ""3"", ""me"": ""full"", ""merange"": ""46"", ""open-gop"": ""0"", ""psy-rd"": ""2.5"", ""psy-rdoq"": ""2.5"", ""qcomp"": ""0.6"", ""qpmax"": ""29"", ""qpmin"": ""18"", ""rc-lookahead"": ""25"", ""rd"": ""6"", ""rdoq-level"": ""1"", ""rect"": ""0"", ""ref"": ""3"", ""rskip"": ""0"", ""sao"": ""1"", ""scenecut"": ""54"", ""subme"": ""1"", ""tu-inter-depth"": ""3"", ""tu-intra-depth"": ""3"", ""weightb"": ""1"", ""weightp"": ""0"", ""wpp"": ""0""}"
x265,bestconfig,7304,single,182,51.98,5.91,51.98,6.245930433273315,"['Standard', '320p', 30, '10s']",0.0,6.2458415031433105,0.0,"{""amp"": ""1"", ""aq-mode"": ""2"", ""aq-strength"": ""0.8"", ""b-adapt"": ""0"", ""bframes"": ""0"", ""crf"": ""30.0"", ""ctu"": ""16"", ""keyint"": ""97"", ""limit-refs"": ""0"", ""limit-tu"": ""1"", ""me"": ""star"", ""merange"": ""17"", ""open-gop"": ""1"", ""psy-rd"": ""3.0"", ""psy-rdoq"": ""4.0"", ""qcomp"": ""0.75"", ""qpmax"": ""46"", ""qpmin"": ""16"", ""rc-lookahead"": ""13"", ""rd"": ""2"", ""rdoq-level"": ""0"", ""rect"": ""1"", ""ref"": ""3"", ""rskip"": ""0"", ""sao"": ""1"", ""scenecut"": ""20"", ""subme"": ""3"", ""tu-inter-depth"": ""3"", ""tu-intra-depth"": ""3"", ""weightb"": ""0"", ""weightp"": ""1"", ""wpp"": ""0""}"
x265,bestconfig,7304,single,183,22.0,13.88,22.0,14.212025880813599,"['Standard', '320p', 30, '10s']",0.0,14.211931943893433,0.0,"{""amp"": ""1"", ""aq-mode"": ""3"", ""aq-strength"": ""1.2"", ""b-adapt"": ""1"", ""bframes"": ""7"", ""crf"": ""18.0"", ""ctu"": ""64"", ""keyint"": ""265"", ""limit-refs"": ""2"", ""limit-tu"": ""4"", ""me"": ""umh"", ""merange"": ""41"", ""open-gop"": ""0"", ""psy-rd"": ""1.0"", ""psy-rdoq"": ""0.5"", ""qcomp"": ""0.5"", ""qpmax"": ""34"", ""qpmin"": ""3"", ""rc-lookahead"": ""52"", ""rd"": ""4"", ""rdoq-level"": ""1"", ""rect"": ""1"", ""ref"": ""2"", ""rskip"": ""1"", ""sao"": ""0"", ""scenecut"": ""98"", ""subme"": ""5"", ""tu-inter-depth"": ""4"", ""tu-intra-depth"": ""2"", ""weightb"": ""0"", ""weightp"": ""1"", ""wpp"": ""1""}"
x265,bestconfig,7304,single,184,102.73,3.02,102.73,3.3505964279174805,"['Standard', '320p', 30, '10s']",0.0,3.350506067276001,0.0,"{""amp"": ""0"", ""aq-mode"": ""2"", ""aq-strength"": ""1.0"", ""b-adapt"": ""2"", ""bframes"": ""2"", ""crf"": ""32.0"", ""ctu"": ""16"", ""keyint"": ""418"", ""limit-refs"": ""1"", ""limit-tu"": ""0"", ""me"": ""dia"", ""merange"": ""57"", ""open-gop"": ""1"", ""psy-rd"": ""3.5"", ""psy-rdoq"": ""3.0"", ""qcomp"": ""0.7"", ""qpmax"": ""41"", ""qpmin"": ""2"", ""rc-lookahead"": ""41"", ""rd"": ""4"", ""rdoq-level"": ""1"", ""rect"": ""0"", ""ref"": ""6"", ""rskip"": ""1"", ""sao"": ""0"", ""scenecut"": ""27"", ""subme"": ""4"", ""tu-inter-depth"": ""1"", ""tu-intra-depth"": ""3"", ""weightb"": ""0"", ""weightp"": ""1"", ""wpp"": ""0""}"
x265,bestconfig,7304,single,185,46.01,6.67,46.01,7.006832122802734,"['Standard', '320p', 30, '10s']",0.0,7.006739377975464,0.0,"{""amp"": ""1"", ""aq-mode"": ""2"", ""aq-strength"": ""1.5"", ""b-adapt"": ""1"", ""bframes"": ""1"", ""crf"": ""32.0"", ""ctu"": ""64"", ""keyint"": ""355"", ""limit-refs"": ""1"", ""limit-tu"": ""1"", ""me"": ""umh"", ""merange"": ""21"", ""open-gop"": ""0"", ""psy-rd"": ""2.5"", ""psy-rdoq"": ""0.5"", ""qcomp"": ""0.7"", ""qpmax"": ""40"", ""qpmin"": ""12"", ""rc-lookahead"": ""54"", ""rd"": ""3"", ""rdoq-level"": ""2"", ""rect"": ""1"", ""ref"": ""2"", ""rskip"": ""0"", ""sao"": ""0"", ""scenecut"": ""79"", ""subme"": ""4"", ""tu-inter-depth"": ""2"", ""tu-intra-depth"": ""3"", ""weightb"": ""0"", ""weightp"": ""1"", ""wpp"": ""1""}"
x265,bestconfig,7304,single,186,37.64,8.13,37.64,8.472948551177979,"['Standard', '320p', 30, '10s']",0.0,8.472847938537598,0.0,"{""amp"": ""0"", ""aq-mode"": ""3"", ""aq-strength"": ""1.2"", ""b-adapt"": ""1"", ""bframes"": ""1"", ""crf"": ""18.0"", ""ctu"": ""32"", ""keyint"": ""285"", ""limit-refs"": ""2"", ""limit-tu"": ""3"", ""me"": ""star"", ""merange"": ""21"", ""open-gop"": ""1"", ""psy-rd"": ""2.0"", ""psy-rdoq"": ""4.5"", ""qcomp"": ""0.5"", ""qpmax"": ""38"", ""qpmin"": ""9"", ""rc-lookahead"": ""48"", ""rd"": ""3"", ""rdoq-level"": ""0"", ""rect"": ""1"", ""ref"": ""2"", ""rskip"": ""1"", ""sao"": ""1"", ""scenecut"": ""76"", ""subme"": ""3"", ""tu-inter-depth"": ""1"", ""tu-intra-depth"": ""3"", ""weightb"": ""1"", ""weightp"": ""0"", ""wpp"": ""0""}"
x265,bestconfig,7304,single,187,56.61,5.43,56.61,5.775690078735352,"['Standard', '320p', 30, '10s']",0.0,5.775598764419556,0.0,"{""amp"": ""0"", ""aq-mode"": ""3"", ""aq-strength"": ""2.0"", ""b-adapt"": ""1"", ""bframes"": ""0"", ""crf"": ""28.0"", ""ctu"": ""16"", ""keyint"": ""313"", ""limit-refs"": ""0"", ""limit-tu"": ""2"", ""me"": ""dia"", ""merange"": ""19"", ""open-gop"": ""0"", ""psy-rd"": ""3.5"", ""psy-rdoq"": ""2.5"", ""qcomp"": ""0.5"", ""qpmax"": ""42"", ""qpmin"": ""9"", ""rc-lookahead"": ""49"", ""rd"": ""2"", ""rdoq-level"": ""0"", ""rect"": ""1"", ""ref"": ""3"", ""rskip"": ""0"", ""sao"": ""1"", ""scenecut"": ""78"", ""subme"": ""2"", ""tu-inter-depth"": ""2"", ""tu-intra-depth"": ""3"", ""weightb"": ""0"", ""weightp"": ""1"", ""wpp"": ""1""}"
x265,bestconfig,7304,single,188,62.82,4.9,62.82,5.24375581741333,"['Standard', '320p', 30, '10s']",0.0,5.243672847747803,0.0,"{""amp"": ""0"", ""aq-mode"": ""3"", ""aq-strength"": ""0.8"", ""b-adapt"": ""2"", ""bframes"": ""2"", ""crf"": ""25.0"", ""ctu"": ""32"", ""keyint"": ""366"", ""limit-refs"": ""2"", ""limit-tu"": ""3"", ""me"": ""hex"", ""merange"": ""18"", ""open-gop"": ""1"", ""psy-rd"": ""1.5"", ""psy-rdoq"": ""1.0"", ""qcomp"": ""0.75"", ""qpmax"": ""43"", ""qpmin"": ""11"", ""rc-lookahead"": ""48"", ""rd"": ""2"", ""rdoq-level"": ""1"", ""rect"": ""0"", ""ref"": ""4"", ""rskip"": ""1"", ""sao"": ""0"", ""scenecut"": ""75"", ""subme"": ""2"", ""tu-inter-depth"": ""3"", ""tu-intra-depth"": ""2"", ""weightb"": ""0"", ""weightp"": ""1"", ""wpp"": ""0""}"
x265,bestconfig,7304,single,189,39.0,7.85,39.0,8.194756269454956,"['Standard', '320p', 30, '10s']",0.0,8.19466257095337,0.0,"{""amp"": ""1"", ""aq-mode"": ""3"", ""aq-strength"": ""0.5"", ""b-adapt"": ""0"", ""bframes"": ""2"", ""crf"": ""18.0"", ""ctu"": ""16"", ""keyint"": ""270"", ""limit-refs"": ""1"", ""limit-tu"": ""2"", ""me"": ""dia"", ""merange"": ""24"", ""open-gop"": ""1"", ""psy-rd"": ""0.5"", ""psy-rdoq"": ""3.0"", ""qcomp"": ""1.0"", ""qpmax"": ""36"", ""qpmin"": ""10"", ""rc-lookahead"": ""52"", ""rd"": ""2"", ""rdoq-level"": ""1"", ""rect"": ""0"", ""ref"": ""3"", ""rskip"": ""1"", ""sao"": ""1"", ""scenecut"": ""76"", ""subme"": ""3"", ""tu-inter-depth"": ""3"", ""tu-intra-depth"": ""2"", ""weightb"": ""0"", ""weightp"": ""0"", ""wpp"": ""0""}"
x265,bestconfig,7304,single,190,80.72,3.82,80.72,4.166498899459839,"['Standard', '320p', 30, '10s']",0.0,4.166414022445679,0.0,"{""amp"": ""1"", ""aq-mode"": ""2"", ""aq-strength"": ""0.0"", ""b-adapt"": ""1"", ""bframes"": ""0"", ""crf"": ""30.0"", ""ctu"": ""16"", ""keyint"": ""339"", ""limit-refs"": ""1"", ""limit-tu"": ""1"", ""me"": ""star"", ""merange"": ""24"", ""open-gop"": ""1"", ""psy-rd"": ""3.0"", ""psy-rdoq"": ""2.0"", ""qcomp"": ""0.6"", ""qpmax"": ""40"", ""qpmin"": ""10"", ""rc-lookahead"": ""55"", ""rd"": ""3"", ""rdoq-level"": ""1"", ""rect"": ""0"", ""ref"": ""3"", ""rskip"": ""1"", ""sao"": ""1"", ""scenecut"": ""78"", ""subme"": ""4"", ""tu-inter-depth"": ""2"", ""tu-intra-depth"": ""3"", ""weightb"": ""1"", ""weightp"": ""0"", ""wpp"": ""0""}"
x265,bestconfig,7304,single,191,12.69,24.01,12.69,24.358204126358032,"['Standard', '320p', 30, '10s']",0.0,24.358111143112183,0.0,"{""amp"": ""0"", ""aq-mode"": ""4"", ""aq-strength"": ""1.0"", ""b-adapt"": ""0"", ""bframes"": ""1"", ""crf"": ""20.0"", ""ctu"": ""64"", ""keyint"": ""328"", ""limit-refs"": ""1"", ""limit-tu"": ""2"", ""me"": ""full"", ""merange"": ""20"", ""open-gop"": ""0"", ""psy-rd"": ""1.0"", ""psy-rdoq"": ""4.0"", ""qcomp"": ""0.9"", ""qpmax"": ""45"", ""qpmin"": ""8"", ""rc-lookahead"": ""50"", ""rd"": ""2"", ""rdoq-level"": ""1"", ""rect"": ""1"", ""ref"": ""3"", ""rskip"": ""0"", ""sao"": ""0"", ""scenecut"": ""77"", ""subme"": ""3"", ""tu-inter-depth"": ""1"", ""tu-intra-depth"": ""2"", ""weightb"": ""1"", ""weightp"": ""1"", ""wpp"": ""1""}"
x265,bestconfig,7304,single,192,34.17,9.0,34.17,9.453453063964844,"['Standard', '320p', 30, '10s']",0.0,9.453351497650146,0.0,"{""amp"": ""1"", ""aq-mode"": ""4"", ""aq-strength"": ""1.8"", ""b-adapt"": ""2"", ""bframes"": ""1"", ""crf"": ""22.0"", ""ctu"": ""32"", ""keyint"": ""302"", ""limit-refs"": ""0"", ""limit-tu"": ""2"", ""me"": ""hex"", ""merange"": ""23"", ""open-gop"": ""0"", ""psy-rd"": ""0.0"", ""psy-rdoq"": ""0.0"", ""qcomp"": ""0.8"", ""qpmax"": ""44"", ""qpmin"": ""11"", ""rc-lookahead"": ""51"", ""rd"": ""3"", ""rdoq-level"": ""2"", ""rect"": ""0"", ""ref"": ""4"", ""rskip"": ""0"", ""sao"": ""0"", ""scenecut"": ""74"", ""subme"": ""3"", ""tu-inter-depth"": ""2"", ""tu-intra-depth"": ""2"", ""weightb"": ""1"", ""weightp"": ""0"", ""wpp"": ""1""}"
x265,bestconfig,7304,single,193,49.94,6.14,49.94,6.547605752944946,"['Standard', '320p', 30, '10s']",0.0,6.547475337982178,0.0,"{""amp"": ""1"", ""aq-mode"": ""3"", ""aq-strength"": ""0.5"", ""b-adapt"": ""0"", ""bframes"": ""1"", ""crf"": ""25.0"", ""ctu"": ""32"", ""keyint"": ""187"", ""limit-refs"": ""2"", ""limit-tu"": ""1"", ""me"": ""dia"", ""merange"": ""22"", ""open-gop"": ""0"", ""psy-rd"": ""1.0"", ""psy-rdoq"": ""0.5"", ""qcomp"": ""0.75"", ""qpmax"": ""34"", ""qpmin"": ""8"", ""rc-lookahead"": ""31"", ""rd"": ""2"", ""rdoq-level"": ""1"", ""rect"": ""1"", ""ref"": ""4"", ""rskip"": ""1"", ""sao"": ""1"", ""scenecut"": ""18"", ""subme"": ""4"", ""tu-inter-depth"": ""2"", ""tu-intra-depth"": ""2"", ""weightb"": ""0"", ""weightp"": ""0"", ""wpp"": ""1""}"
x265,bestconfig,7304,single,194,11.38,26.77,11.38,27.115355968475342,"['Standard', '320p', 30, '10s']",0.0,27.11526656150818,0.0,"{""amp"": ""1"", ""aq-mode"": ""1"", ""aq-strength"": ""1.0"", ""b-adapt"": ""0"", ""bframes"": ""3"", ""crf"": ""18.0"", ""ctu"": ""16"", ""keyint"": ""301"", ""limit-refs"": ""0"", ""limit-tu"": ""0"", ""me"": ""star"", ""merange"": ""43"", ""open-gop"": ""0"", ""psy-rd"": ""2.0"", ""psy-rdoq"": ""0.0"", ""qcomp"": ""0.6"", ""qpmax"": ""20"", ""qpmin"": ""4"", ""rc-lookahead"": ""21"", ""rd"": ""5"", ""rdoq-level"": ""0"", ""rect"": ""0"", ""ref"": ""2"", ""rskip"": ""1"", ""sao"": ""1"", ""scenecut"": ""90"", ""subme"": ""4"", ""tu-inter-depth"": ""3"", ""tu-intra-depth"": ""2"", ""weightb"": ""1"", ""weightp"": ""0"", ""wpp"": ""1""}"
x265,bestconfig,7304,single,195,14.87,20.51,14.87,20.859198331832886,"['Standard', '320p', 30, '10s']",0.0,20.859108209609985,0.0,"{""amp"": ""0"", ""aq-mode"": ""0"", ""aq-strength"": ""2.0"", ""b-adapt"": ""2"", ""bframes"": ""2"", ""crf"": ""28.0"", ""ctu"": ""16"", ""keyint"": ""80"", ""limit-refs"": ""0"", ""limit-tu"": ""3"", ""me"": ""dia"", ""merange"": ""30"", ""open-gop"": ""1"", ""psy-rd"": ""0.0"", ""psy-rdoq"": ""2.0"", ""qcomp"": ""0.5"", ""qpmax"": ""29"", ""qpmin"": ""12"", ""rc-lookahead"": ""57"", ""rd"": ""5"", ""rdoq-level"": ""0"", ""rect"": ""1"", ""ref"": ""4"", ""rskip"": ""1"", ""sao"": ""1"", ""scenecut"": ""43"", ""subme"": ""3"", ""tu-inter-depth"": ""3"", ""tu-intra-depth"": ""3"", ""weightb"": ""1"", ""weightp"": ""0"", ""wpp"": ""0""}"
x265,bestconfig,7304,single,196,57.29,5.37,57.29,5.760826587677002,"['Standard', '320p', 30, '10s']",0.0,5.760697364807129,0.0,"{""amp"": ""0"", ""aq-mode"": ""2"", ""aq-strength"": ""1.2"", ""b-adapt"": ""1"", ""bframes"": ""7"", ""crf"": ""32.0"", ""ctu"": ""16"", ""keyint"": ""475"", ""limit-refs"": ""1"", ""limit-tu"": ""1"", ""me"": ""hex"", ""merange"": ""60"", ""open-gop"": ""0"", ""psy-rd"": ""3.0"", ""psy-rdoq"": ""1.0"", ""qcomp"": ""0.8"", ""qpmax"": ""42"", ""qpmin"": ""14"", ""rc-lookahead"": ""53"", ""rd"": ""4"", ""rdoq-level"": ""2"", ""rect"": ""1"", ""ref"": ""5"", ""rskip"": ""0"", ""sao"": ""0"", ""scenecut"": ""74"", ""subme"": ""2"", ""tu-inter-depth"": ""3"", ""tu-intra-depth"": ""3"", ""weightb"": ""0"", ""weightp"": ""1"", ""wpp"": ""0""}"
x265,bestconfig,7304,single,197,58.79,5.23,58.79,5.552419662475586,"['Standard', '320p', 30, '10s']",0.0,5.552331209182739,0.0,"{""amp"": ""0"", ""aq-mode"": ""1"", ""aq-strength"": ""1.8"", ""b-adapt"": ""2"", ""bframes"": ""5"", ""crf"": ""30.0"", ""ctu"": ""64"", ""keyint"": ""388"", ""limit-refs"": ""2"", ""limit-tu"": ""4"", ""me"": ""umh"", ""merange"": ""47"", ""open-gop"": ""1"", ""psy-rd"": ""1.5"", ""psy-rdoq"": ""4.5"", ""qcomp"": ""0.5"", ""qpmax"": ""38"", ""qpmin"": ""2"", ""rc-lookahead"": ""46"", ""rd"": ""3"", ""rdoq-level"": ""1"", ""rect"": ""1"", ""ref"": ""2"", ""rskip"": ""0"", ""sao"": ""0"", ""scenecut"": ""5"", ""subme"": ""2"", ""tu-inter-depth"": ""1"", ""tu-intra-depth"": ""3"", ""weightb"": ""0"", ""weightp"": ""1"", ""wpp"": ""0""}"
x265,bestconfig,7304,single,198,11.51,26.46,11.51,26.798831701278687,"['Standard', '320p', 30, '10s']",0.0,26.798738956451416,0.0,"{""amp"": ""0"", ""aq-mode"": ""2"", ""aq-strength"": ""1.5"", ""b-adapt"": ""1"", ""bframes"": ""5"", ""crf"": ""20.0"", ""ctu"": ""32"", ""keyint"": ""339"", ""limit-refs"": ""1"", ""limit-tu"": ""3"", ""me"": ""full"", ""merange"": ""56"", ""open-gop"": ""1"", ""psy-rd"": ""2.5"", ""psy-rdoq"": ""4.0"", ""qcomp"": ""0.9"", ""qpmax"": ""46"", ""qpmin"": ""19"", ""rc-lookahead"": ""23"", ""rd"": ""3"", ""rdoq-level"": ""2"", ""rect"": ""0"", ""ref"": ""1"", ""rskip"": ""0"", ""sao"": ""0"", ""scenecut"": ""29"", ""subme"": ""3"", ""tu-inter-depth"": ""2"", ""tu-intra-depth"": ""1"", ""weightb"": ""0"", ""weightp"": ""0"", ""wpp"": ""1""}"
x265,bestconfig,7304,single,199,47.7,6.43,47.7,6.7652952671051025,"['Standard', '320p', 30, '10s']",0.0,6.7652082443237305,0.0,"{""amp"": ""1"", ""aq-mode"": ""4"", ""aq-strength"": ""0.8"", ""b-adapt"": ""1"", ""bframes"": ""7"", ""crf"": ""22.0"", ""ctu"": ""64"", ""keyint"": ""240"", ""limit-refs"": ""3"", ""limit-tu"": ""2"", ""me"": ""hex"", ""merange"": ""36"", ""open-gop"": ""1"", ""psy-rd"": ""3.5"", ""psy-rdoq"": ""3.0"", ""qcomp"": ""1.0"", ""qpmax"": ""50"", ""qpmin"": ""7"", ""rc-lookahead"": ""16"", ""rd"": ""1"", ""rdoq-level"": ""1"", ""rect"": ""0"", ""ref"": ""3"", ""rskip"": ""1"", ""sao"": ""0"", ""scenecut"": ""59"", ""subme"": ""1"", ""tu-inter-depth"": ""3"", ""tu-intra-depth"": ""3"", ""weightb"": ""1"", ""weightp"": ""1"", ""wpp"": ""1""}"
x265,bestconfig,7304,single,200,18.24,16.73,18.24,17.067896127700806,"['Standard', '320p', 30, '10s']",0.0,17.06780219078064,0.0,"{""amp"": ""1"", ""aq-mode"": ""3"", ""aq-strength"": ""0.0"", ""b-adapt"": ""1"", ""bframes"": ""0"", ""crf"": ""18.0"", ""ctu"": ""32"", ""keyint"": ""139"", ""limit-refs"": ""3"", ""limit-tu"": ""2"", ""me"": ""star"", ""merange"": ""16"", ""open-gop"": ""0"", ""psy-rd"": ""0.5"", ""psy-rdoq"": ""2.5"", ""qcomp"": ""0.7"", ""qpmax"": ""24"", ""qpmin"": ""15"", ""rc-lookahead"": ""41"", ""rd"": ""4"", ""rdoq-level"": ""1"", ""rect"": ""0"", ""ref"": ""6"", ""rskip"": ""0"", ""sao"": ""1"", ""scenecut"": ""75"", ""subme"": ""5"", ""tu-inter-depth"": ""2"", ""tu-intra-depth"": ""2"", ""weightb"": ""1"", ""weightp"": ""1"", ""wpp"": ""0""}"
x265,bestconfig,7305,single,1,35.12,8.74,35.12,9.129147052764893,"['Standard', '320p', 30, '10s']",0.0,9.128506183624268,0.0,"{""amp"": ""1"", ""aq-mode"": ""3"", ""aq-strength"": ""0.5"", ""b-adapt"": ""2"", ""bframes"": ""1"", ""crf"": ""32.0"", ""ctu"": ""64"", ""keyint"": ""463"", ""limit-refs"": ""3"", ""limit-tu"": ""3"", ""me"": ""dia"", ""merange"": ""52"", ""open-gop"": ""0"", ""psy-rd"": ""2.5"", ""psy-rdoq"": ""3.0"", ""qcomp"": ""0.75"", ""qpmax"": ""46"", ""qpmin"": ""0"", ""rc-lookahead"": ""23"", ""rd"": ""3"", ""rdoq-level"": ""0"", ""rect"": ""1"", ""ref"": ""6"", ""rskip"": ""1"", ""sao"": ""0"", ""scenecut"": ""88"", ""subme"": ""4"", ""tu-inter-depth"": ""2"", ""tu-intra-depth"": ""1"", ""weightb"": ""1"", ""weightp"": ""1"", ""wpp"": ""0""}"
x265,bestconfig,7305,single,2,24.95,12.26,24.95,12.656859397888184,"['Standard', '320p', 30, '10s']",0.0,12.656772375106812,0.0,"{""amp"": ""1"", ""aq-mode"": ""1"", ""aq-strength"": ""1.2"", ""b-adapt"": ""1"", ""bframes"": ""3"", ""crf"": ""18.0"", ""ctu"": ""16"", ""keyint"": ""320"", ""limit-refs"": ""1"", ""limit-tu"": ""0"", ""me"": ""star"", ""merange"": ""52"", ""open-gop"": ""0"", ""psy-rd"": ""0.5"", ""psy-rdoq"": ""4.0"", ""qcomp"": ""0.5"", ""qpmax"": ""34"", ""qpmin"": ""9"", ""rc-lookahead"": ""37"", ""rd"": ""3"", ""rdoq-level"": ""1"", ""rect"": ""1"", ""ref"": ""5"", ""rskip"": ""1"", ""sao"": ""0"", ""scenecut"": ""51"", ""subme"": ""1"", ""tu-inter-depth"": ""3"", ""tu-intra-depth"": ""3"", ""weightb"": ""1"", ""weightp"": ""1"", ""wpp"": ""1""}"
x265,bestconfig,7305,single,3,44.85,6.86,44.85,7.265256881713867,"['Standard', '320p', 30, '10s']",0.0,7.265166282653809,0.0,"{""amp"": ""0"", ""aq-mode"": ""2"", ""aq-strength"": ""1.8"", ""b-adapt"": ""0"", ""bframes"": ""6"", ""crf"": ""22.0"", ""ctu"": ""16"", ""keyint"": ""330"", ""limit-refs"": ""2"", ""limit-tu"": ""4"", ""me"": ""star"", ""merange"": ""41"", ""open-gop"": ""1"", ""psy-rd"": ""1.5"", ""psy-rdoq"": ""2.5"", ""qcomp"": ""0.8"", ""qpmax"": ""29"", ""qpmin"": ""7"", ""rc-lookahead"": ""22"", ""rd"": ""4"", ""rdoq-level"": ""1"", ""rect"": ""0"", ""ref"": ""4"", ""rskip"": ""0"", ""sao"": ""1"", ""scenecut"": ""44"", ""subme"": ""2"", ""tu-inter-depth"": ""2"", ""tu-intra-depth"": ""1"", ""weightb"": ""1"", ""weightp"": ""0"", ""wpp"": ""0""}"
x265,bestconfig,7305,single,4,13.66,22.34,13.66,22.72575831413269,"['Standard', '320p', 30, '10s']",0.0,22.725672721862793,0.0,"{""amp"": ""0"", ""aq-mode"": ""3"", ""aq-strength"": ""0.8"", ""b-adapt"": ""1"", ""bframes"": ""5"", ""crf"": ""25.0"", ""ctu"": ""32"", ""keyint"": ""237"", ""limit-refs"": ""1"", ""limit-tu"": ""1"", ""me"": ""hex"", ""merange"": ""36"", ""open-gop"": ""1"", ""psy-rd"": ""0.0"", ""psy-rdoq"": ""1.0"", ""qcomp"": ""0.6"", ""qpmax"": ""41"", ""qpmin"": ""13"", ""rc-lookahead"": ""49"", ""rd"": ""5"", ""rdoq-level"": ""2"", ""rect"": ""1"", ""ref"": ""5"", ""rskip"": ""1"", ""sao"": ""1"", ""scenecut"": ""28"", ""subme"": ""3"", ""tu-inter-depth"": ""1"", ""tu-intra-depth"": ""2"", ""weightb"": ""0"", ""weightp"": ""0"", ""wpp"": ""1""}"
x265,bestconfig,7305,single,5,7.55,40.33,7.55,40.73629093170166,"['Standard', '320p', 30, '10s']",0.0,40.736202001571655,0.0,"{""amp"": ""1"", ""aq-mode"": ""2"", ""aq-strength"": ""0.0"", ""b-adapt"": ""1"", ""bframes"": ""6"", ""crf"": ""18.0"", ""ctu"": ""32"", ""keyint"": ""192"", ""limit-refs"": ""1"", ""limit-tu"": ""3"", ""me"": ""full"", ""merange"": ""19"", ""open-gop"": ""0"", ""psy-rd"": ""1.0"", ""psy-rdoq"": ""4.5"", ""qcomp"": ""1.0"", ""qpmax"": ""36"", ""qpmin"": ""10"", ""rc-lookahead"": ""11"", ""rd"": ""6"", ""rdoq-level"": ""1"", ""rect"": ""0"", ""ref"": ""2"", ""rskip"": ""1"", ""sao"": ""1"", ""scenecut"": ""8"", ""subme"": ""4"", ""tu-inter-depth"": ""3"", ""tu-intra-depth"": ""2"", ""weightb"": ""0"", ""weightp"": ""0"", ""wpp"": ""1""}"
x265,bestconfig,7305,single,6,11.69,26.09,11.69,26.496493101119995,"['Standard', '320p', 30, '10s']",0.0,26.496403694152832,0.0,"{""amp"": ""0"", ""aq-mode"": ""4"", ""aq-strength"": ""1.5"", ""b-adapt"": ""0"", ""bframes"": ""3"", ""crf"": ""20.0"", ""ctu"": ""16"", ""keyint"": ""139"", ""limit-refs"": ""0"", ""limit-tu"": ""1"", ""me"": ""hex"", ""merange"": ""30"", ""open-gop"": ""1"", ""psy-rd"": ""3.0"", ""psy-rdoq"": ""0.0"", ""qcomp"": ""0.7"", ""qpmax"": ""20"", ""qpmin"": ""4"", ""rc-lookahead"": ""30"", ""rd"": ""5"", ""rdoq-level"": ""0"", ""rect"": ""0"", ""ref"": ""2"", ""rskip"": ""0"", ""sao"": ""0"", ""scenecut"": ""69"", ""subme"": ""2"", ""tu-inter-depth"": ""3"", ""tu-intra-depth"": ""3"", ""weightb"": ""0"", ""weightp"": ""0"", ""wpp"": ""0""}"
x265,bestconfig,7305,single,7,43.14,7.12,43.14,7.504565000534058,"['Standard', '320p', 30, '10s']",0.0,7.504475355148315,0.0,"{""amp"": ""1"", ""aq-mode"": ""1"", ""aq-strength"": ""1.0"", ""b-adapt"": ""1"", ""bframes"": ""1"", ""crf"": ""30.0"", ""ctu"": ""32"", ""keyint"": ""80"", ""limit-refs"": ""2"", ""limit-tu"": ""2"", ""me"": ""dia"", ""merange"": ""60"", ""open-gop"": ""0"", ""psy-rd"": ""2.0"", ""psy-rdoq"": ""2.0"", ""qcomp"": ""0.9"", ""qpmax"": ""27"", ""qpmin"": ""17"", ""rc-lookahead"": ""45"", ""rd"": ""2"", ""rdoq-level"": ""1"", ""rect"": ""0"", ""ref"": ""3"", ""rskip"": ""0"", ""sao"": ""0"", ""scenecut"": ""78"", ""subme"": ""3"", ""tu-inter-depth"": ""4"", ""tu-intra-depth"": ""3"", ""weightb"": ""0"", ""weightp"": ""1"", ""wpp"": ""1""}"
x265,bestconfig,7305,single,8,31.49,9.74,31.49,10.145007371902466,"['Standard', '320p', 30, '10s']",0.0,10.144925117492676,0.0,"{""amp"": ""0"", ""aq-mode"": ""0"", ""aq-strength"": ""2.0"", ""b-adapt"": ""2"", ""bframes"": ""7"", ""crf"": ""28.0"", ""ctu"": ""64"", ""keyint"": ""439"", ""limit-refs"": ""2"", ""limit-tu"": ""2"", ""me"": ""umh"", ""merange"": ""24"", ""open-gop"": ""1"", ""psy-rd"": ""3.5"", ""psy-rdoq"": ""0.5"", ""qcomp"": ""0.5"", ""qpmax"": ""50"", ""qpmin"": ""20"", ""rc-lookahead"": ""58"", ""rd"": ""2"", ""rdoq-level"": ""2"", ""rect"": ""1"", ""ref"": ""1"", ""rskip"": ""0"", ""sao"": ""1"", ""scenecut"": ""16"", ""subme"": ""5"", ""tu-inter-depth"": ""2"", ""tu-intra-depth"": ""3"", ""weightb"": ""1"", ""weightp"": ""1"", ""wpp"": ""0""}"
x265,bestconfig,7305,single,9,23.76,12.87,23.76,13.267224311828613,"['Standard', '320p', 30, '10s']",0.0,13.267142295837402,0.0,"{""amp"": ""0"", ""aq-mode"": ""3"", ""aq-strength"": ""0.0"", ""b-adapt"": ""1"", ""bframes"": ""5"", ""crf"": ""18.0"", ""ctu"": ""32"", ""keyint"": ""371"", ""limit-refs"": ""2"", ""limit-tu"": ""3"", ""me"": ""umh"", ""merange"": ""43"", ""open-gop"": ""1"", ""psy-rd"": ""2.5"", ""psy-rdoq"": ""0.0"", ""qcomp"": ""0.75"", ""qpmax"": ""27"", ""qpmin"": ""4"", ""rc-lookahead"": ""13"", ""rd"": ""3"", ""rdoq-level"": ""0"", ""rect"": ""1"", ""ref"": ""4"", ""rskip"": ""1"", ""sao"": ""1"", ""scenecut"": ""47"", ""subme"": ""2"", ""tu-inter-depth"": ""1"", ""tu-intra-depth"": ""1"", ""weightb"": ""1"", ""weightp"": ""0"", ""wpp"": ""0""}"
x265,bestconfig,7305,single,10,48.88,6.3,48.88,6.684555530548096,"['Standard', '320p', 30, '10s']",0.0,6.6844751834869385,0.0,"{""amp"": ""1"", ""aq-mode"": ""2"", ""aq-strength"": ""1.0"", ""b-adapt"": ""1"", ""bframes"": ""6"", ""crf"": ""30.0"", ""ctu"": ""16"", ""keyint"": ""432"", ""limit-refs"": ""2"", ""limit-tu"": ""4"", ""me"": ""star"", ""merange"": ""38"", ""open-gop"": ""1"", ""psy-rd"": ""2.0"", ""psy-rdoq"": ""2.0"", ""qcomp"": ""1.0"", ""qpmax"": ""32"", ""qpmin"": ""8"", ""rc-lookahead"": ""15"", ""rd"": ""4"", ""rdoq-level"": ""1"", ""rect"": ""1"", ""ref"": ""5"", ""rskip"": ""0"", ""sao"": ""1"", ""scenecut"": ""29"", ""subme"": ""1"", ""tu-inter-depth"": ""2"", ""tu-intra-depth"": ""1"", ""weightb"": ""0"", ""weightp"": ""0"", ""wpp"": ""0""}"
x265,bestconfig,7305,single,11,25.21,12.14,25.21,12.533348083496094,"['Standard', '320p', 30, '10s']",0.0,12.533260583877563,0.0,"{""amp"": ""1"", ""aq-mode"": ""1"", ""aq-strength"": ""1.5"", ""b-adapt"": ""0"", ""bframes"": ""6"", ""crf"": ""20.0"", ""ctu"": ""64"", ""keyint"": ""364"", ""limit-refs"": ""2"", ""limit-tu"": ""3"", ""me"": ""star"", ""merange"": ""52"", ""open-gop"": ""0"", ""psy-rd"": ""3.0"", ""psy-rdoq"": ""1.0"", ""qcomp"": ""0.8"", ""qpmax"": ""29"", ""qpmin"": ""8"", ""rc-lookahead"": ""23"", ""rd"": ""3"", ""rdoq-level"": ""1"", ""rect"": ""1"", ""ref"": ""5"", ""rskip"": ""0"", ""sao"": ""1"", ""scenecut"": ""34"", ""subme"": ""3"", ""tu-inter-depth"": ""2"", ""tu-intra-depth"": ""1"", ""weightb"": ""1"", ""weightp"": ""1"", ""wpp"": ""1""}"
x265,bestconfig,7305,single,12,2.77,109.76,2.77,110.15389204025269,"['Standard', '320p', 30, '10s']",0.0,110.15380263328552,0.0,"{""amp"": ""0"", ""aq-mode"": ""2"", ""aq-strength"": ""0.5"", ""b-adapt"": ""0"", ""bframes"": ""6"", ""crf"": ""28.0"", ""ctu"": ""16"", ""keyint"": ""339"", ""limit-refs"": ""3"", ""limit-tu"": ""4"", ""me"": ""full"", ""merange"": ""49"", ""open-gop"": ""0"", ""psy-rd"": ""0.5"", ""psy-rdoq"": ""2.5"", ""qcomp"": ""0.9"", ""qpmax"": ""28"", ""qpmin"": ""8"", ""rc-lookahead"": ""12"", ""rd"": ""5"", ""rdoq-level"": ""2"", ""rect"": ""0"", ""ref"": ""3"", ""rskip"": ""1"", ""sao"": ""0"", ""scenecut"": ""41"", ""subme"": ""2"", ""tu-inter-depth"": ""3"", ""tu-intra-depth"": ""2"", ""weightb"": ""0"", ""weightp"": ""1"", ""wpp"": ""0""}"
x265,bestconfig,7305,single,13,26.27,11.66,26.27,12.055317401885986,"['Standard', '320p', 30, '10s']",0.0,12.055227756500244,0.0,"{""amp"": ""1"", ""aq-mode"": ""1"", ""aq-strength"": ""2.0"", ""b-adapt"": ""0"", ""bframes"": ""6"", ""crf"": ""18.0"", ""ctu"": ""64"", ""keyint"": ""405"", ""limit-refs"": ""2"", ""limit-tu"": ""4"", ""me"": ""hex"", ""merange"": ""45"", ""open-gop"": ""1"", ""psy-rd"": ""0.0"", ""psy-rdoq"": ""3.0"", ""qcomp"": ""0.5"", ""qpmax"": ""32"", ""qpmin"": ""7"", ""rc-lookahead"": ""18"", ""rd"": ""4"", ""rdoq-level"": ""2"", ""rect"": ""1"", ""ref"": ""4"", ""rskip"": ""1"", ""sao"": ""1"", ""scenecut"": ""38"", ""subme"": ""3"", ""tu-inter-depth"": ""2"", ""tu-intra-depth"": ""2"", ""weightb"": ""1"", ""weightp"": ""1"", ""wpp"": ""0""}"
x265,bestconfig,7305,single,14,20.66,14.79,20.66,15.18684720993042,"['Standard', '320p', 30, '10s']",0.0,15.186765432357788,0.0,"{""amp"": ""1"", ""aq-mode"": ""2"", ""aq-strength"": ""1.8"", ""b-adapt"": ""1"", ""bframes"": ""7"", ""crf"": ""22.0"", ""ctu"": ""32"", ""keyint"": ""325"", ""limit-refs"": ""1"", ""limit-tu"": ""3"", ""me"": ""hex"", ""merange"": ""41"", ""open-gop"": ""1"", ""psy-rd"": ""1.0"", ""psy-rdoq"": ""0.5"", ""qcomp"": ""0.5"", ""qpmax"": ""31"", ""qpmin"": ""5"", ""rc-lookahead"": ""21"", ""rd"": ""5"", ""rdoq-level"": ""0"", ""rect"": ""0"", ""ref"": ""4"", ""rskip"": ""0"", ""sao"": ""0"", ""scenecut"": ""50"", ""subme"": ""2"", ""tu-inter-depth"": ""3"", ""tu-intra-depth"": ""1"", ""weightb"": ""0"", ""weightp"": ""0"", ""wpp"": ""1""}"
x265,bestconfig,7305,single,15,64.9,4.76,64.9,5.162607192993164,"['Standard', '320p', 30, '10s']",0.0,5.162526607513428,0.0,"{""amp"": ""0"", ""aq-mode"": ""2"", ""aq-strength"": ""1.2"", ""b-adapt"": ""0"", ""bframes"": ""7"", ""crf"": ""25.0"", ""ctu"": ""32"", ""keyint"": ""382"", ""limit-refs"": ""3"", ""limit-tu"": ""4"", ""me"": ""dia"", ""merange"": ""46"", ""open-gop"": ""0"", ""psy-rd"": ""1.5"", ""psy-rdoq"": ""4.0"", ""qcomp"": ""0.6"", ""qpmax"": ""34"", ""qpmin"": ""5"", ""rc-lookahead"": ""17"", ""rd"": ""4"", ""rdoq-level"": ""1"", ""rect"": ""0"", ""ref"": ""4"", ""rskip"": ""0"", ""sao"": ""0"", ""scenecut"": ""45"", ""subme"": ""1"", ""tu-inter-depth"": ""1"", ""tu-intra-depth"": ""2"", ""weightb"": ""1"", ""weightp"": ""0"", ""wpp"": ""1""}"
x265,bestconfig,7305,single,16,69.87,4.43,69.87,4.846758127212524,"['Standard', '320p', 30, '10s']",0.0,4.846677780151367,0.0,"{""amp"": ""0"", ""aq-mode"": ""3"", ""aq-strength"": ""0.8"", ""b-adapt"": ""1"", ""bframes"": ""5"", ""crf"": ""32.0"", ""ctu"": ""16"", ""keyint"": ""422"", ""limit-refs"": ""1"", ""limit-tu"": ""3"", ""me"": ""dia"", ""merange"": ""40"", ""open-gop"": ""0"", ""psy-rd"": ""3.5"", ""psy-rdoq"": ""4.5"", ""qcomp"": ""0.7"", ""qpmax"": ""30"", ""qpmin"": ""6"", ""rc-lookahead"": ""20"", ""rd"": ""4"", ""rdoq-level"": ""1"", ""rect"": ""0"", ""ref"": ""3"", ""rskip"": ""1"", ""sao"": ""0"", ""scenecut"": ""34"", ""subme"": ""2"", ""tu-inter-depth"": ""2"", ""tu-intra-depth"": ""2"", ""weightb"": ""0"", ""weightp"": ""1"", ""wpp"": ""1""}"
x265,bestconfig,7305,single,17,36.55,8.39,36.55,8.798660516738892,"['Standard', '320p', 30, '10s']",0.0,8.798527956008911,0.0,"{""amp"": ""0"", ""aq-mode"": ""3"", ""aq-strength"": ""1.0"", ""b-adapt"": ""0"", ""bframes"": ""5"", ""crf"": ""30.0"", ""ctu"": ""32"", ""keyint"": ""360"", ""limit-refs"": ""2"", ""limit-tu"": ""3"", ""me"": ""star"", ""merange"": ""39"", ""open-gop"": ""1"", ""psy-rd"": ""2.5"", ""psy-rdoq"": ""3.0"", ""qcomp"": ""0.6"", ""qpmax"": ""30"", ""qpmin"": ""7"", ""rc-lookahead"": ""14"", ""rd"": ""4"", ""rdoq-level"": ""2"", ""rect"": ""1"", ""ref"": ""3"", ""rskip"": ""0"", ""sao"": ""1"", ""scenecut"": ""38"", ""subme"": ""1"", ""tu-inter-depth"": ""2"", ""tu-intra-depth"": ""2"", ""weightb"": ""1"", ""weightp"": ""0"", ""wpp"": ""1""}"
x265,bestconfig,7305,single,18,23.02,13.28,23.02,13.675138473510742,"['Standard', '320p', 30, '10s']",0.0,13.67504334449768,0.0,"{""amp"": ""0"", ""aq-mode"": ""3"", ""aq-strength"": ""2.0"", ""b-adapt"": ""2"", ""bframes"": ""6"", ""crf"": ""22.0"", ""ctu"": ""16"", ""keyint"": ""355"", ""limit-refs"": ""1"", ""limit-tu"": ""4"", ""me"": ""dia"", ""merange"": ""39"", ""open-gop"": ""0"", ""psy-rd"": ""0.5"", ""psy-rdoq"": ""1.0"", ""qcomp"": ""1.0"", ""qpmax"": ""32"", ""qpmin"": ""6"", ""rc-lookahead"": ""13"", ""rd"": ""5"", ""rdoq-level"": ""0"", ""rect"": ""0"", ""ref"": ""3"", ""rskip"": ""1"", ""sao"": ""1"", ""scenecut"": ""29"", ""subme"": ""1"", ""tu-inter-depth"": ""2"", ""tu-intra-depth"": ""1"", ""weightb"": ""0"", ""weightp"": ""1"", ""wpp"": ""1""}"
x265,bestconfig,7305,single,19,10.99,27.76,10.99,28.151593446731567,"['Standard', '320p', 30, '10s']",0.0,28.151501893997192,0.0,"{""amp"": ""1"", ""aq-mode"": ""4"", ""aq-strength"": ""0.8"", ""b-adapt"": ""1"", ""bframes"": ""4"", ""crf"": ""32.0"", ""ctu"": ""64"", ""keyint"": ""377"", ""limit-refs"": ""0"", ""limit-tu"": ""4"", ""me"": ""hex"", ""merange"": ""37"", ""open-gop"": ""1"", ""psy-rd"": ""1.0"", ""psy-rdoq"": ""4.5"", ""qcomp"": ""0.7"", ""qpmax"": ""33"", ""qpmin"": ""6"", ""rc-lookahead"": ""20"", ""rd"": ""5"", ""rdoq-level"": ""1"", ""rect"": ""0"", ""ref"": ""4"", ""rskip"": ""0"", ""sao"": ""0"", ""scenecut"": ""40"", ""subme"": ""2"", ""tu-inter-depth"": ""2"", ""tu-intra-depth"": ""3"", ""weightb"": ""1"", ""weightp"": ""1"", ""wpp"": ""0""}"
x265,bestconfig,7305,single,20,57.45,5.42,57.45,5.810441255569458,"['Standard', '320p', 30, '10s']",0.0,5.810359477996826,0.0,"{""amp"": ""0"", ""aq-mode"": ""2"", ""aq-strength"": ""1.5"", ""b-adapt"": ""1"", ""bframes"": ""5"", ""crf"": ""28.0"", ""ctu"": ""32"", ""keyint"": ""420"", ""limit-refs"": ""1"", ""limit-tu"": ""3"", ""me"": ""dia"", ""merange"": ""40"", ""open-gop"": ""0"", ""psy-rd"": ""3.0"", ""psy-rdoq"": ""0.0"", ""qcomp"": ""0.8"", ""qpmax"": ""29"", ""qpmin"": ""4"", ""rc-lookahead"": ""11"", ""rd"": ""4"", ""rdoq-level"": ""1"", ""rect"": ""0"", ""ref"": ""2"", ""rskip"": ""1"", ""sao"": ""0"", ""scenecut"": ""40"", ""subme"": ""3"", ""tu-inter-depth"": ""1"", ""tu-intra-depth"": ""2"", ""weightb"": ""0"", ""weightp"": ""1"", ""wpp"": ""0""}"
x265,bestconfig,7305,single,21,35.05,8.75,35.05,9.144304275512695,"['Standard', '320p', 30, '10s']",0.0,9.14421033859253,0.0,"{""amp"": ""0"", ""aq-mode"": ""4"", ""aq-strength"": ""1.2"", ""b-adapt"": ""1"", ""bframes"": ""3"", ""crf"": ""18.0"", ""ctu"": ""16"", ""keyint"": ""398"", ""limit-refs"": ""1"", ""limit-tu"": ""3"", ""me"": ""umh"", ""merange"": ""38"", ""open-gop"": ""1"", ""psy-rd"": ""1.5"", ""psy-rdoq"": ""2.5"", ""qcomp"": ""0.9"", ""qpmax"": ""31"", ""qpmin"": ""6"", ""rc-lookahead"": ""15"", ""rd"": ""4"", ""rdoq-level"": ""1"", ""rect"": ""0"", ""ref"": ""3"", ""rskip"": ""0"", ""sao"": ""1"", ""scenecut"": ""31"", ""subme"": ""2"", ""tu-inter-depth"": ""1"", ""tu-intra-depth"": ""1"", ""weightb"": ""0"", ""weightp"": ""0"", ""wpp"": ""1""}"
x265,bestconfig,7305,single,22,26.27,11.65,26.27,12.055240154266357,"['Standard', '320p', 30, '10s']",0.0,12.055144548416138,0.0,"{""amp"": ""1"", ""aq-mode"": ""2"", ""aq-strength"": ""1.8"", ""b-adapt"": ""2"", ""bframes"": ""6"", ""crf"": ""18.0"", ""ctu"": ""16"", ""keyint"": ""438"", ""limit-refs"": ""2"", ""limit-tu"": ""2"", ""me"": ""hex"", ""merange"": ""36"", ""open-gop"": ""0"", ""psy-rd"": ""3.5"", ""psy-rdoq"": ""0.5"", ""qcomp"": ""0.5"", ""qpmax"": ""31"", ""qpmin"": ""5"", ""rc-lookahead"": ""22"", ""rd"": ""3"", ""rdoq-level"": ""2"", ""rect"": ""1"", ""ref"": ""4"", ""rskip"": ""1"", ""sao"": ""0"", ""scenecut"": ""32"", ""subme"": ""2"", ""tu-inter-depth"": ""3"", ""tu-intra-depth"": ""3"", ""weightb"": ""1"", ""weightp"": ""1"", ""wpp"": ""0""}"
x265,bestconfig,7305,single,23,5.26,57.92,5.26,58.307921409606934,"['Standard', '320p', 30, '10s']",0.0,58.30782389640808,0.0,"{""amp"": ""1"", ""aq-mode"": ""3"", ""aq-strength"": ""0.5"", ""b-adapt"": ""1"", ""bframes"": ""3"", ""crf"": ""20.0"", ""ctu"": ""32"", ""keyint"": ""337"", ""limit-refs"": ""1"", ""limit-tu"": ""2"", ""me"": ""full"", ""merange"": ""37"", ""open-gop"": ""0"", ""psy-rd"": ""2.0"", ""psy-rdoq"": ""2.0"", ""qcomp"": ""0.75"", ""qpmax"": ""34"", ""qpmin"": ""5"", ""rc-lookahead"": ""17"", ""rd"": ""3"", ""rdoq-level"": ""1"", ""rect"": ""1"", ""ref"": ""2"", ""rskip"": ""0"", ""sao"": ""0"", ""scenecut"": ""42"", ""subme"": ""3"", ""tu-inter-depth"": ""2"", ""tu-intra-depth"": ""2"", ""weightb"": ""0"", ""weightp"": ""0"", ""wpp"": ""1""}"
x265,bestconfig,7305,single,24,25.12,12.19,25.12,12.571652173995972,"['Standard', '320p', 30, '10s']",0.0,12.571568489074707,0.0,"{""amp"": ""1"", ""aq-mode"": ""3"", ""aq-strength"": ""0.0"", ""b-adapt"": ""0"", ""bframes"": ""4"", ""crf"": ""25.0"", ""ctu"": ""64"", ""keyint"": ""393"", ""limit-refs"": ""0"", ""limit-tu"": ""3"", ""me"": ""star"", ""merange"": ""41"", ""open-gop"": ""1"", ""psy-rd"": ""0.0"", ""psy-rdoq"": ""4.0"", ""qcomp"": ""0.5"", ""qpmax"": ""33"", ""qpmin"": ""5"", ""rc-lookahead"": ""18"", ""rd"": ""4"", ""rdoq-level"": ""0"", ""rect"": ""1"", ""ref"": ""3"", ""rskip"": ""1"", ""sao"": ""1"", ""scenecut"": ""35"", ""subme"": ""2"", ""tu-inter-depth"": ""3"", ""tu-intra-depth"": ""2"", ""weightb"": ""1"", ""weightp"": ""0"", ""wpp"": ""0""}"
x265,bestconfig,7305,single,25,42.41,7.25,42.41,7.6365807056427,"['Standard', '320p', 30, '10s']",0.0,7.636495590209961,0.0,"{""amp"": ""1"", ""aq-mode"": ""4"", ""aq-strength"": ""1.0"", ""b-adapt"": ""2"", ""bframes"": ""4"", ""crf"": ""32.0"", ""ctu"": ""64"", ""keyint"": ""417"", ""limit-refs"": ""1"", ""limit-tu"": ""4"", ""me"": ""hex"", ""merange"": ""38"", ""open-gop"": ""0"", ""psy-rd"": ""3.0"", ""psy-rdoq"": ""1.0"", ""qcomp"": ""0.5"", ""qpmax"": ""33"", ""qpmin"": ""6"", ""rc-lookahead"": ""12"", ""rd"": ""4"", ""rdoq-level"": ""1"", ""rect"": ""0"", ""ref"": ""2"", ""rskip"": ""0"", ""sao"": ""1"", ""scenecut"": ""39"", ""subme"": ""2"", ""tu-inter-depth"": ""1"", ""tu-intra-depth"": ""1"", ""weightb"": ""1"", ""weightp"": ""1"", ""wpp"": ""1""}"
x265,bestconfig,7305,single,26,70.57,4.39,70.57,4.7808122634887695,"['Standard', '320p', 30, '10s']",0.0,4.780734300613403,0.0,"{""amp"": ""0"", ""aq-mode"": ""3"", ""aq-strength"": ""1.8"", ""b-adapt"": ""1"", ""bframes"": ""5"", ""crf"": ""25.0"", ""ctu"": ""16"", ""keyint"": ""387"", ""limit-refs"": ""2"", ""limit-tu"": ""3"", ""me"": ""dia"", ""merange"": ""40"", ""open-gop"": ""0"", ""psy-rd"": ""2.5"", ""psy-rdoq"": ""0.5"", ""qcomp"": ""0.7"", ""qpmax"": ""31"", ""qpmin"": ""4"", ""rc-lookahead"": ""16"", ""rd"": ""4"", ""rdoq-level"": ""0"", ""rect"": ""0"", ""ref"": ""3"", ""rskip"": ""1"", ""sao"": ""1"", ""scenecut"": ""42"", ""subme"": ""2"", ""tu-inter-depth"": ""2"", ""tu-intra-depth"": ""1"", ""weightb"": ""0"", ""weightp"": ""1"", ""wpp"": ""0""}"
x265,bestconfig,7305,single,27,9.61,31.72,9.61,32.12014842033386,"['Standard', '320p', 30, '10s']",0.0,32.12006163597107,0.0,"{""amp"": ""1"", ""aq-mode"": ""3"", ""aq-strength"": ""0.8"", ""b-adapt"": ""1"", ""bframes"": ""4"", ""crf"": ""30.0"", ""ctu"": ""32"", ""keyint"": ""368"", ""limit-refs"": ""1"", ""limit-tu"": ""2"", ""me"": ""hex"", ""merange"": ""40"", ""open-gop"": ""1"", ""psy-rd"": ""1.0"", ""psy-rdoq"": ""4.0"", ""qcomp"": ""0.6"", ""qpmax"": ""33"", ""qpmin"": ""6"", ""rc-lookahead"": ""21"", ""rd"": ""5"", ""rdoq-level"": ""2"", ""rect"": ""1"", ""ref"": ""3"", ""rskip"": ""0"", ""sao"": ""1"", ""scenecut"": ""36"", ""subme"": ""2"", ""tu-inter-depth"": ""2"", ""tu-intra-depth"": ""2"", ""weightb"": ""1"", ""weightp"": ""1"", ""wpp"": ""0""}"
x265,bestconfig,7305,single,28,34.43,8.91,34.43,9.2890944480896,"['Standard', '320p', 30, '10s']",0.0,9.28900671005249,0.0,"{""amp"": ""0"", ""aq-mode"": ""2"", ""aq-strength"": ""0.5"", ""b-adapt"": ""0"", ""bframes"": ""4"", ""crf"": ""22.0"", ""ctu"": ""16"", ""keyint"": ""427"", ""limit-refs"": ""2"", ""limit-tu"": ""3"", ""me"": ""dia"", ""merange"": ""36"", ""open-gop"": ""0"", ""psy-rd"": ""0.5"", ""psy-rdoq"": ""4.5"", ""qcomp"": ""1.0"", ""qpmax"": ""29"", ""qpmin"": ""7"", ""rc-lookahead"": ""19"", ""rd"": ""4"", ""rdoq-level"": ""0"", ""rect"": ""1"", ""ref"": ""4"", ""rskip"": ""0"", ""sao"": ""0"", ""scenecut"": ""33"", ""subme"": ""3"", ""tu-inter-depth"": ""3"", ""tu-intra-depth"": ""2"", ""weightb"": ""0"", ""weightp"": ""0"", ""wpp"": ""1""}"
x265,bestconfig,7305,single,29,28.35,10.8,28.35,11.192842245101929,"['Standard', '320p', 30, '10s']",0.0,11.192756175994873,0.0,"{""amp"": ""1"", ""aq-mode"": ""2"", ""aq-strength"": ""2.0"", ""b-adapt"": ""0"", ""bframes"": ""6"", ""crf"": ""28.0"", ""ctu"": ""32"", ""keyint"": ""338"", ""limit-refs"": ""1"", ""limit-tu"": ""4"", ""me"": ""full"", ""merange"": ""39"", ""open-gop"": ""1"", ""psy-rd"": ""3.5"", ""psy-rdoq"": ""2.5"", ""qcomp"": ""0.8"", ""qpmax"": ""32"", ""qpmin"": ""7"", ""rc-lookahead"": ""20"", ""rd"": ""4"", ""rdoq-level"": ""1"", ""rect"": ""0"", ""ref"": ""4"", ""rskip"": ""0"", ""sao"": ""1"", ""scenecut"": ""28"", ""subme"": ""2"", ""tu-inter-depth"": ""3"", ""tu-intra-depth"": ""3"", ""weightb"": ""1"", ""weightp"": ""1"", ""wpp"": ""1""}"
x265,bestconfig,7305,single,30,28.61,10.79,28.61,11.584646701812744,"['Standard', '320p', 30, '10s']",0.0,11.584550380706787,0.0,"{""amp"": ""0"", ""aq-mode"": ""3"", ""aq-strength"": ""1.5"", ""b-adapt"": ""1"", ""bframes"": ""5"", ""crf"": ""18.0"", ""ctu"": ""16"", ""keyint"": ""351"", ""limit-refs"": ""1"", ""limit-tu"": ""2"", ""me"": ""star"", ""merange"": ""37"", ""open-gop"": ""1"", ""psy-rd"": ""1.5"", ""psy-rdoq"": ""3.0"", ""qcomp"": ""0.5"", ""qpmax"": ""30"", ""qpmin"": ""5"", ""rc-lookahead"": ""14"", ""rd"": ""3"", ""rdoq-level"": ""2"", ""rect"": ""1"", ""ref"": ""2"", ""rskip"": ""1"", ""sao"": ""0"", ""scenecut"": ""38"", ""subme"": ""1"", ""tu-inter-depth"": ""1"", ""tu-intra-depth"": ""2"", ""weightb"": ""0"", ""weightp"": ""0"", ""wpp"": ""0""}"
x265,bestconfig,7305,single,31,6.25,48.72,6.25,49.1305193901062,"['Standard', '320p', 30, '10s']",0.0,49.13042950630188,0.0,"{""amp"": ""1"", ""aq-mode"": ""4"", ""aq-strength"": ""1.2"", ""b-adapt"": ""1"", ""bframes"": ""5"", ""crf"": ""20.0"", ""ctu"": ""64"", ""keyint"": ""408"", ""limit-refs"": ""0"", ""limit-tu"": ""3"", ""me"": ""star"", ""merange"": ""41"", ""open-gop"": ""0"", ""psy-rd"": ""2.0"", ""psy-rdoq"": ""2.0"", ""qcomp"": ""0.75"", ""qpmax"": ""31"", ""qpmin"": ""5"", ""rc-lookahead"": ""17"", ""rd"": ""5"", ""rdoq-level"": ""1"", ""rect"": ""0"", ""ref"": ""3"", ""rskip"": ""1"", ""sao"": ""0"", ""scenecut"": ""30"", ""subme"": ""3"", ""tu-inter-depth"": ""2"", ""tu-intra-depth"": ""3"", ""weightb"": ""0"", ""weightp"": ""0"", ""wpp"": ""0""}"
x265,bestconfig,7305,single,32,18.44,16.57,18.44,16.967746257781982,"['Standard', '320p', 30, '10s']",0.0,16.967660427093506,0.0,"{""amp"": ""0"", ""aq-mode"": ""3"", ""aq-strength"": ""0.0"", ""b-adapt"": ""2"", ""bframes"": ""3"", ""crf"": ""18.0"", ""ctu"": ""32"", ""keyint"": ""382"", ""limit-refs"": ""0"", ""limit-tu"": ""3"", ""me"": ""umh"", ""merange"": ""38"", ""open-gop"": ""1"", ""psy-rd"": ""0.0"", ""psy-rdoq"": ""0.0"", ""qcomp"": ""0.9"", ""qpmax"": ""34"", ""qpmin"": ""5"", ""rc-lookahead"": ""12"", ""rd"": ""3"", ""rdoq-level"": ""1"", ""rect"": ""1"", ""ref"": ""3"", ""rskip"": ""1"", ""sao"": ""0"", ""scenecut"": ""41"", ""subme"": ""1"", ""tu-inter-depth"": ""2"", ""tu-intra-depth"": ""2"", ""weightb"": ""1"", ""weightp"": ""0"", ""wpp"": ""1""}"
x265,bestconfig,7305,single,33,28.23,10.85,28.23,11.243591070175171,"['Standard', '320p', 30, '10s']",0.0,11.243504762649536,0.0,"{""amp"": ""0"", ""aq-mode"": ""3"", ""aq-strength"": ""1.5"", ""b-adapt"": ""1"", ""bframes"": ""3"", ""crf"": ""20.0"", ""ctu"": ""16"", ""keyint"": ""340"", ""limit-refs"": ""3"", ""limit-tu"": ""3"", ""me"": ""dia"", ""merange"": ""38"", ""open-gop"": ""1"", ""psy-rd"": ""0.5"", ""psy-rdoq"": ""2.5"", ""qcomp"": ""1.0"", ""qpmax"": ""30"", ""qpmin"": ""1"", ""rc-lookahead"": ""20"", ""rd"": ""4"", ""rdoq-level"": ""1"", ""rect"": ""1"", ""ref"": ""2"", ""rskip"": ""1"", ""sao"": ""1"", ""scenecut"": ""41"", ""subme"": ""2"", ""tu-inter-depth"": ""3"", ""tu-intra-depth"": ""2"", ""weightb"": ""1"", ""weightp"": ""1"", ""wpp"": ""0""}"
x265,bestconfig,7305,single,34,34.47,8.9,34.47,9.300686359405518,"['Standard', '320p', 30, '10s']",0.0,9.30059552192688,0.0,"{""amp"": ""0"", ""aq-mode"": ""3"", ""aq-strength"": ""1.8"", ""b-adapt"": ""1"", ""bframes"": ""6"", ""crf"": ""18.0"", ""ctu"": ""32"", ""keyint"": ""376"", ""limit-refs"": ""2"", ""limit-tu"": ""2"", ""me"": ""hex"", ""merange"": ""39"", ""open-gop"": ""1"", ""psy-rd"": ""1.0"", ""psy-rdoq"": ""4.0"", ""qcomp"": ""0.8"", ""qpmax"": ""32"", ""qpmin"": ""4"", ""rc-lookahead"": ""14"", ""rd"": ""4"", ""rdoq-level"": ""0"", ""rect"": ""0"", ""ref"": ""3"", ""rskip"": ""0"", ""sao"": ""0"", ""scenecut"": ""29"", ""subme"": ""1"", ""tu-inter-depth"": ""3"", ""tu-intra-depth"": ""1"", ""weightb"": ""1"", ""weightp"": ""1"", ""wpp"": ""1""}"
x265,bestconfig,7305,single,35,24.95,12.27,24.95,12.771857023239136,"['Standard', '320p', 30, '10s']",0.0,12.771726846694946,0.0,"{""amp"": ""1"", ""aq-mode"": ""4"", ""aq-strength"": ""1.0"", ""b-adapt"": ""0"", ""bframes"": ""5"", ""crf"": ""30.0"", ""ctu"": ""16"", ""keyint"": ""356"", ""limit-refs"": ""1"", ""limit-tu"": ""3"", ""me"": ""dia"", ""merange"": ""40"", ""open-gop"": ""0"", ""psy-rd"": ""0.0"", ""psy-rdoq"": ""1.0"", ""qcomp"": ""0.9"", ""qpmax"": ""31"", ""qpmin"": ""3"", ""rc-lookahead"": ""16"", ""rd"": ""5"", ""rdoq-level"": ""0"", ""rect"": ""1"", ""ref"": ""3"", ""rskip"": ""1"", ""sao"": ""0"", ""scenecut"": ""38"", ""subme"": ""2"", ""tu-inter-depth"": ""1"", ""tu-intra-depth"": ""1"", ""weightb"": ""1"", ""weightp"": ""1"", ""wpp"": ""1""}"
x265,bestconfig,7305,single,36,20.96,14.59,20.96,15.108247756958008,"['Standard', '320p', 30, '10s']",0.0,15.10811185836792,0.0,"{""amp"": ""1"", ""aq-mode"": ""2"", ""aq-strength"": ""0.0"", ""b-adapt"": ""2"", ""bframes"": ""4"", ""crf"": ""22.0"", ""ctu"": ""64"", ""keyint"": ""429"", ""limit-refs"": ""1"", ""limit-tu"": ""2"", ""me"": ""star"", ""merange"": ""41"", ""open-gop"": ""0"", ""psy-rd"": ""3.0"", ""psy-rdoq"": ""3.0"", ""qcomp"": ""0.5"", ""qpmax"": ""31"", ""qpmin"": ""2"", ""rc-lookahead"": ""17"", ""rd"": ""3"", ""rdoq-level"": ""0"", ""rect"": ""1"", ""ref"": ""3"", ""rskip"": ""1"", ""sao"": ""1"", ""scenecut"": ""35"", ""subme"": ""3"", ""tu-inter-depth"": ""2"", ""tu-intra-depth"": ""2"", ""weightb"": ""0"", ""weightp"": ""1"", ""wpp"": ""0""}"
x265,bestconfig,7305,single,37,25.17,12.16,25.17,12.551327466964722,"['Standard', '320p', 30, '10s']",0.0,12.551244497299194,0.0,"{""amp"": ""0"", ""aq-mode"": ""3"", ""aq-strength"": ""0.8"", ""b-adapt"": ""0"", ""bframes"": ""5"", ""crf"": ""25.0"", ""ctu"": ""64"", ""keyint"": ""410"", ""limit-refs"": ""2"", ""limit-tu"": ""3"", ""me"": ""full"", ""merange"": ""38"", ""open-gop"": ""0"", ""psy-rd"": ""3.5"", ""psy-rdoq"": ""2.0"", ""qcomp"": ""0.6"", ""qpmax"": ""32"", ""qpmin"": ""5"", ""rc-lookahead"": ""21"", ""rd"": ""4"", ""rdoq-level"": ""0"", ""rect"": ""0"", ""ref"": ""2"", ""rskip"": ""0"", ""sao"": ""0"", ""scenecut"": ""32"", ""subme"": ""2"", ""tu-inter-depth"": ""2"", ""tu-intra-depth"": ""1"", ""weightb"": ""1"", ""weightp"": ""0"", ""wpp"": ""1""}"
x265,bestconfig,7305,single,38,22.93,13.34,22.93,13.741059303283691,"['Standard', '320p', 30, '10s']",0.0,13.740975379943848,0.0,"{""amp"": ""1"", ""aq-mode"": ""3"", ""aq-strength"": ""0.5"", ""b-adapt"": ""1"", ""bframes"": ""6"", ""crf"": ""32.0"", ""ctu"": ""32"", ""keyint"": ""369"", ""limit-refs"": ""3"", ""limit-tu"": ""4"", ""me"": ""hex"", ""merange"": ""36"", ""open-gop"": ""1"", ""psy-rd"": ""1.5"", ""psy-rdoq"": ""4.5"", ""qcomp"": ""0.75"", ""qpmax"": ""33"", ""qpmin"": ""7"", ""rc-lookahead"": ""18"", ""rd"": ""5"", ""rdoq-level"": ""1"", ""rect"": ""0"", ""ref"": ""3"", ""rskip"": ""1"", ""sao"": ""0"", ""scenecut"": ""39"", ""subme"": ""1"", ""tu-inter-depth"": ""2"", ""tu-intra-depth"": ""2"", ""weightb"": ""0"", ""weightp"": ""0"", ""wpp"": ""0""}"
x265,bestconfig,7305,single,39,38.22,8.03,38.22,8.43769907951355,"['Standard', '320p', 30, '10s']",0.0,8.437617063522339,0.0,"{""amp"": ""1"", ""aq-mode"": ""2"", ""aq-strength"": ""2.0"", ""b-adapt"": ""2"", ""bframes"": ""4"", ""crf"": ""18.0"", ""ctu"": ""16"", ""keyint"": ""391"", ""limit-refs"": ""2"", ""limit-tu"": ""3"", ""me"": ""star"", ""merange"": ""37"", ""open-gop"": ""0"", ""psy-rd"": ""2.5"", ""psy-rdoq"": ""0.0"", ""qcomp"": ""0.5"", ""qpmax"": ""29"", ""qpmin"": ""1"", ""rc-lookahead"": ""14"", ""rd"": ""3"", ""rdoq-level"": ""1"", ""rect"": ""0"", ""ref"": ""4"", ""rskip"": ""0"", ""sao"": ""1"", ""scenecut"": ""30"", ""subme"": ""3"", ""tu-inter-depth"": ""1"", ""tu-intra-depth"": ""1"", ""weightb"": ""0"", ""weightp"": ""0"", ""wpp"": ""1""}"
x265,bestconfig,7305,single,40,42.48,7.24,42.48,7.638632297515869,"['Standard', '320p', 30, '10s']",0.0,7.638550519943237,0.0,"{""amp"": ""0"", ""aq-mode"": ""4"", ""aq-strength"": ""1.2"", ""b-adapt"": ""1"", ""bframes"": ""3"", ""crf"": ""28.0"", ""ctu"": ""32"", ""keyint"": ""416"", ""limit-refs"": ""2"", ""limit-tu"": ""4"", ""me"": ""umh"", ""merange"": ""39"", ""open-gop"": ""1"", ""psy-rd"": ""2.0"", ""psy-rdoq"": ""0.5"", ""qcomp"": ""0.7"", ""qpmax"": ""34"", ""qpmin"": ""6"", ""rc-lookahead"": ""12"", ""rd"": ""4"", ""rdoq-level"": ""1"", ""rect"": ""1"", ""ref"": ""4"", ""rskip"": ""0"", ""sao"": ""1"", ""scenecut"": ""43"", ""subme"": ""2"", ""tu-inter-depth"": ""2"", ""tu-intra-depth"": ""2"", ""weightb"": ""0"", ""weightp"": ""0"", ""wpp"": ""0""}"
x265,bestconfig,7305,single,41,40.84,7.52,40.84,7.914477825164795,"['Standard', '320p', 30, '10s']",0.0,7.914384841918945,0.0,"{""amp"": ""0"", ""aq-mode"": ""3"", ""aq-strength"": ""2.0"", ""b-adapt"": ""1"", ""bframes"": ""3"", ""crf"": ""25.0"", ""ctu"": ""16"", ""keyint"": ""415"", ""limit-refs"": ""1"", ""limit-tu"": ""3"", ""me"": ""hex"", ""merange"": ""39"", ""open-gop"": ""0"", ""psy-rd"": ""1.5"", ""psy-rdoq"": ""0.5"", ""qcomp"": ""0.8"", ""qpmax"": ""33"", ""qpmin"": ""6"", ""rc-lookahead"": ""14"", ""rd"": ""3"", ""rdoq-level"": ""1"", ""rect"": ""1"", ""ref"": ""3"", ""rskip"": ""1"", ""sao"": ""1"", ""scenecut"": ""42"", ""subme"": ""3"", ""tu-inter-depth"": ""2"", ""tu-intra-depth"": ""2"", ""weightb"": ""1"", ""weightp"": ""1"", ""wpp"": ""0""}"
x265,bestconfig,7305,single,42,12.67,24.07,12.67,24.455549001693726,"['Standard', '320p', 30, '10s']",0.0,24.455464839935303,0.0,"{""amp"": ""0"", ""aq-mode"": ""3"", ""aq-strength"": ""0.0"", ""b-adapt"": ""0"", ""bframes"": ""3"", ""crf"": ""32.0"", ""ctu"": ""64"", ""keyint"": ""351"", ""limit-refs"": ""2"", ""limit-tu"": ""4"", ""me"": ""full"", ""merange"": ""36"", ""open-gop"": ""1"", ""psy-rd"": ""3.0"", ""psy-rdoq"": ""1.0"", ""qcomp"": ""0.75"", ""qpmax"": ""34"", ""qpmin"": ""1"", ""rc-lookahead"": ""12"", ""rd"": ""4"", ""rdoq-level"": ""0"", ""rect"": ""1"", ""ref"": ""2"", ""rskip"": ""0"", ""sao"": ""0"", ""scenecut"": ""31"", ""subme"": ""2"", ""tu-inter-depth"": ""2"", ""tu-intra-depth"": ""1"", ""weightb"": ""1"", ""weightp"": ""0"", ""wpp"": ""0""}"
x265,bestconfig,7305,single,43,42.32,7.27,42.32,7.649032354354858,"['Standard', '320p', 30, '10s']",0.0,7.648951768875122,0.0,"{""amp"": ""1"", ""aq-mode"": ""4"", ""aq-strength"": ""1.5"", ""b-adapt"": ""1"", ""bframes"": ""5"", ""crf"": ""22.0"", ""ctu"": ""32"", ""keyint"": ""358"", ""limit-refs"": ""3"", ""limit-tu"": ""2"", ""me"": ""dia"", ""merange"": ""40"", ""open-gop"": ""0"", ""psy-rd"": ""2.0"", ""psy-rdoq"": ""3.0"", ""qcomp"": ""0.6"", ""qpmax"": ""30"", ""qpmin"": ""5"", ""rc-lookahead"": ""16"", ""rd"": ""4"", ""rdoq-level"": ""1"", ""rect"": ""0"", ""ref"": ""3"", ""rskip"": ""0"", ""sao"": ""0"", ""scenecut"": ""30"", ""subme"": ""1"", ""tu-inter-depth"": ""1"", ""tu-intra-depth"": ""1"", ""weightb"": ""0"", ""weightp"": ""0"", ""wpp"": ""1""}"
x265,bestconfig,7305,single,44,60.99,5.07,60.99,5.457414627075195,"['Standard', '320p', 30, '10s']",0.0,5.457329511642456,0.0,"{""amp"": ""1"", ""aq-mode"": ""3"", ""aq-strength"": ""1.8"", ""b-adapt"": ""2"", ""bframes"": ""5"", ""crf"": ""30.0"", ""ctu"": ""64"", ""keyint"": ""381"", ""limit-refs"": ""2"", ""limit-tu"": ""3"", ""me"": ""dia"", ""merange"": ""38"", ""open-gop"": ""1"", ""psy-rd"": ""1.0"", ""psy-rdoq"": ""0.0"", ""qcomp"": ""0.5"", ""qpmax"": ""33"", ""qpmin"": ""2"", ""rc-lookahead"": ""20"", ""rd"": ""3"", ""rdoq-level"": ""1"", ""rect"": ""0"", ""ref"": ""2"", ""rskip"": ""1"", ""sao"": ""0"", ""scenecut"": ""37"", ""subme"": ""1"", ""tu-inter-depth"": ""1"", ""tu-intra-depth"": ""1"", ""weightb"": ""0"", ""weightp"": ""1"", ""wpp"": ""1""}"
x265,bestconfig,7305,single,45,47.55,6.47,47.55,6.866648435592651,"['Standard', '320p', 30, '10s']",0.0,6.866567373275757,0.0,"{""amp"": ""0"", ""aq-mode"": ""4"", ""aq-strength"": ""0.8"", ""b-adapt"": ""1"", ""bframes"": ""4"", ""crf"": ""18.0"", ""ctu"": ""16"", ""keyint"": ""433"", ""limit-refs"": ""3"", ""limit-tu"": ""4"", ""me"": ""star"", ""merange"": ""40"", ""open-gop"": ""0"", ""psy-rd"": ""0.0"", ""psy-rdoq"": ""4.5"", ""qcomp"": ""0.5"", ""qpmax"": ""29"", ""qpmin"": ""4"", ""rc-lookahead"": ""18"", ""rd"": ""4"", ""rdoq-level"": ""0"", ""rect"": ""0"", ""ref"": ""4"", ""rskip"": ""1"", ""sao"": ""0"", ""scenecut"": ""33"", ""subme"": ""2"", ""tu-inter-depth"": ""2"", ""tu-intra-depth"": ""2"", ""weightb"": ""1"", ""weightp"": ""1"", ""wpp"": ""1""}"
x265,bestconfig,7305,single,46,4.84,62.95,4.84,63.35735321044922,"['Standard', '320p', 30, '10s']",0.0,63.35726070404053,0.0,"{""amp"": ""1"", ""aq-mode"": ""2"", ""aq-strength"": ""1.0"", ""b-adapt"": ""1"", ""bframes"": ""4"", ""crf"": ""18.0"", ""ctu"": ""32"", ""keyint"": ""385"", ""limit-refs"": ""2"", ""limit-tu"": ""3"", ""me"": ""umh"", ""merange"": ""38"", ""open-gop"": ""1"", ""psy-rd"": ""2.5"", ""psy-rdoq"": ""2.0"", ""qcomp"": ""1.0"", ""qpmax"": ""32"", ""qpmin"": ""1"", ""rc-lookahead"": ""22"", ""rd"": ""5"", ""rdoq-level"": ""1"", ""rect"": ""1"", ""ref"": ""3"", ""rskip"": ""0"", ""sao"": ""1"", ""scenecut"": ""35"", ""subme"": ""2"", ""tu-inter-depth"": ""2"", ""tu-intra-depth"": ""2"", ""weightb"": ""1"", ""weightp"": ""0"", ""wpp"": ""0""}"
x265,bestconfig,7305,single,47,43.03,7.15,43.03,7.51723837852478,"['Standard', '320p', 30, '10s']",0.0,7.517156600952148,0.0,"{""amp"": ""0"", ""aq-mode"": ""2"", ""aq-strength"": ""1.2"", ""b-adapt"": ""2"", ""bframes"": ""5"", ""crf"": ""28.0"", ""ctu"": ""32"", ""keyint"": ""400"", ""limit-refs"": ""2"", ""limit-tu"": ""3"", ""me"": ""hex"", ""merange"": ""37"", ""open-gop"": ""0"", ""psy-rd"": ""3.5"", ""psy-rdoq"": ""4.0"", ""qcomp"": ""0.9"", ""qpmax"": ""30"", ""qpmin"": ""6"", ""rc-lookahead"": ""13"", ""rd"": ""4"", ""rdoq-level"": ""0"", ""rect"": ""1"", ""ref"": ""3"", ""rskip"": ""0"", ""sao"": ""1"", ""scenecut"": ""38"", ""subme"": ""2"", ""tu-inter-depth"": ""3"", ""tu-intra-depth"": ""2"", ""weightb"": ""0"", ""weightp"": ""0"", ""wpp"": ""0""}"
x265,bestconfig,7305,single,48,18.8,16.25,18.8,16.639482736587524,"['Standard', '320p', 30, '10s']",0.0,16.63940167427063,0.0,"{""amp"": ""1"", ""aq-mode"": ""3"", ""aq-strength"": ""0.5"", ""b-adapt"": ""0"", ""bframes"": ""6"", ""crf"": ""20.0"", ""ctu"": ""16"", ""keyint"": ""342"", ""limit-refs"": ""1"", ""limit-tu"": ""2"", ""me"": ""star"", ""merange"": ""41"", ""open-gop"": ""1"", ""psy-rd"": ""0.5"", ""psy-rdoq"": ""2.5"", ""qcomp"": ""0.7"", ""qpmax"": ""31"", ""qpmin"": ""3"", ""rc-lookahead"": ""17"", ""rd"": ""5"", ""rdoq-level"": ""0"", ""rect"": ""0"", ""ref"": ""4"", ""rskip"": ""1"", ""sao"": ""1"", ""scenecut"": ""40"", ""subme"": ""3"", ""tu-inter-depth"": ""3"", ""tu-intra-depth"": ""1"", ""weightb"": ""0"", ""weightp"": ""1"", ""wpp"": ""1""}"
x265,bestconfig,7305,single,49,5.69,53.5,5.69,53.89208507537842,"['Standard', '320p', 30, '10s']",0.0,53.89199376106262,0.0,"{""amp"": ""1"", ""aq-mode"": ""4"", ""aq-strength"": ""1.2"", ""b-adapt"": ""1"", ""bframes"": ""5"", ""crf"": ""18.0"", ""ctu"": ""32"", ""keyint"": ""162"", ""limit-refs"": ""1"", ""limit-tu"": ""1"", ""me"": ""hex"", ""merange"": ""60"", ""open-gop"": ""0"", ""psy-rd"": ""1.5"", ""psy-rdoq"": ""0.5"", ""qcomp"": ""0.6"", ""qpmax"": ""32"", ""qpmin"": ""3"", ""rc-lookahead"": ""37"", ""rd"": ""6"", ""rdoq-level"": ""2"", ""rect"": ""1"", ""ref"": ""4"", ""rskip"": ""1"", ""sao"": ""0"", ""scenecut"": ""55"", ""subme"": ""5"", ""tu-inter-depth"": ""4"", ""tu-intra-depth"": ""2"", ""weightb"": ""0"", ""weightp"": ""0"", ""wpp"": ""1""}"
x265,bestconfig,7305,single,50,39.3,7.82,39.3,8.21169638633728,"['Standard', '320p', 30, '10s']",0.0,8.211616277694702,0.0,"{""amp"": ""1"", ""aq-mode"": ""1"", ""aq-strength"": ""0.5"", ""b-adapt"": ""1"", ""bframes"": ""2"", ""crf"": ""22.0"", ""ctu"": ""32"", ""keyint"": ""361"", ""limit-refs"": ""1"", ""limit-tu"": ""3"", ""me"": ""star"", ""merange"": ""16"", ""open-gop"": ""1"", ""psy-rd"": ""0.0"", ""psy-rdoq"": ""2.5"", ""qcomp"": ""0.9"", ""qpmax"": ""48"", ""qpmin"": ""19"", ""rc-lookahead"": ""44"", ""rd"": ""4"", ""rdoq-level"": ""1"", ""rect"": ""0"", ""ref"": ""3"", ""rskip"": ""0"", ""sao"": ""1"", ""scenecut"": ""37"", ""subme"": ""4"", ""tu-inter-depth"": ""4"", ""tu-intra-depth"": ""3"", ""weightb"": ""0"", ""weightp"": ""0"", ""wpp"": ""0""}"
x265,bestconfig,7305,single,51,39.91,7.7,39.91,8.091329097747803,"['Standard', '320p', 30, '10s']",0.0,8.091244220733643,0.0,"{""amp"": ""0"", ""aq-mode"": ""3"", ""aq-strength"": ""0.8"", ""b-adapt"": ""2"", ""bframes"": ""6"", ""crf"": ""25.0"", ""ctu"": ""32"", ""keyint"": ""307"", ""limit-refs"": ""3"", ""limit-tu"": ""0"", ""me"": ""dia"", ""merange"": ""38"", ""open-gop"": ""1"", ""psy-rd"": ""3.5"", ""psy-rdoq"": ""4.0"", ""qcomp"": ""0.8"", ""qpmax"": ""37"", ""qpmin"": ""17"", ""rc-lookahead"": ""21"", ""rd"": ""2"", ""rdoq-level"": ""2"", ""rect"": ""0"", ""ref"": ""6"", ""rskip"": ""1"", ""sao"": ""1"", ""scenecut"": ""18"", ""subme"": ""2"", ""tu-inter-depth"": ""2"", ""tu-intra-depth"": ""3"", ""weightb"": ""1"", ""weightp"": ""0"", ""wpp"": ""0""}"
x265,bestconfig,7305,single,52,89.72,3.47,89.72,3.859461545944214,"['Standard', '320p', 30, '10s']",0.0,3.859379768371582,0.0,"{""amp"": ""0"", ""aq-mode"": ""2"", ""aq-strength"": ""1.8"", ""b-adapt"": ""0"", ""bframes"": ""3"", ""crf"": ""32.0"", ""ctu"": ""16"", ""keyint"": ""205"", ""limit-refs"": ""1"", ""limit-tu"": ""1"", ""me"": ""full"", ""merange"": ""27"", ""open-gop"": ""0"", ""psy-rd"": ""1.0"", ""psy-rdoq"": ""0.0"", ""qcomp"": ""0.5"", ""qpmax"": ""39"", ""qpmin"": ""12"", ""rc-lookahead"": ""23"", ""rd"": ""1"", ""rdoq-level"": ""1"", ""rect"": ""1"", ""ref"": ""5"", ""rskip"": ""1"", ""sao"": ""0"", ""scenecut"": ""78"", ""subme"": ""4"", ""tu-inter-depth"": ""3"", ""tu-intra-depth"": ""1"", ""weightb"": ""1"", ""weightp"": ""1"", ""wpp"": ""1""}"
x265,bestconfig,7305,single,53,57.36,5.38,57.36,5.772180795669556,"['Standard', '320p', 30, '10s']",0.0,5.772097110748291,0.0,"{""amp"": ""0"", ""aq-mode"": ""3"", ""aq-strength"": ""0.0"", ""b-adapt"": ""0"", ""bframes"": ""8"", ""crf"": ""20.0"", ""ctu"": ""16"", ""keyint"": ""397"", ""limit-refs"": ""2"", ""limit-tu"": ""2"", ""me"": ""dia"", ""merange"": ""56"", ""open-gop"": ""0"", ""psy-rd"": ""0.5"", ""psy-rdoq"": ""1.0"", ""qcomp"": ""0.5"", ""qpmax"": ""29"", ""qpmin"": ""14"", ""rc-lookahead"": ""12"", ""rd"": ""4"", ""rdoq-level"": ""0"", ""rect"": ""0"", ""ref"": ""2"", ""rskip"": ""0"", ""sao"": ""1"", ""scenecut"": ""6"", ""subme"": ""3"", ""tu-inter-depth"": ""2"", ""tu-intra-depth"": ""2"", ""weightb"": ""0"", ""weightp"": ""1"", ""wpp"": ""1""}"
x265,bestconfig,7305,single,54,26.79,11.44,26.79,11.81514024734497,"['Standard', '320p', 30, '10s']",0.0,11.81505823135376,0.0,"{""amp"": ""1"", ""aq-mode"": ""2"", ""aq-strength"": ""1.5"", ""b-adapt"": ""1"", ""bframes"": ""0"", ""crf"": ""28.0"", ""ctu"": ""16"", ""keyint"": ""474"", ""limit-refs"": ""2"", ""limit-tu"": ""2"", ""me"": ""umh"", ""merange"": ""41"", ""open-gop"": ""1"", ""psy-rd"": ""3.0"", ""psy-rdoq"": ""2.0"", ""qcomp"": ""0.7"", ""qpmax"": ""27"", ""qpmin"": ""2"", ""rc-lookahead"": ""53"", ""rd"": ""2"", ""rdoq-level"": ""1"", ""rect"": ""1"", ""ref"": ""4"", ""rskip"": ""0"", ""sao"": ""0"", ""scenecut"": ""91"", ""subme"": ""3"", ""tu-inter-depth"": ""2"", ""tu-intra-depth"": ""2"", ""weightb"": ""1"", ""weightp"": ""1"", ""wpp"": ""0""}"
x265,bestconfig,7305,single,55,20.0,15.28,20.0,15.683332204818726,"['Standard', '320p', 30, '10s']",0.0,15.683251857757568,0.0,"{""amp"": ""0"", ""aq-mode"": ""1"", ""aq-strength"": ""2.0"", ""b-adapt"": ""2"", ""bframes"": ""5"", ""crf"": ""30.0"", ""ctu"": ""64"", ""keyint"": ""78"", ""limit-refs"": ""0"", ""limit-tu"": ""3"", ""me"": ""hex"", ""merange"": ""50"", ""open-gop"": ""1"", ""psy-rd"": ""2.0"", ""psy-rdoq"": ""4.5"", ""qcomp"": ""0.75"", ""qpmax"": ""45"", ""qpmin"": ""6"", ""rc-lookahead"": ""55"", ""rd"": ""5"", ""rdoq-level"": ""1"", ""rect"": ""0"", ""ref"": ""1"", ""rskip"": ""0"", ""sao"": ""1"", ""scenecut"": ""44"", ""subme"": ""2"", ""tu-inter-depth"": ""3"", ""tu-intra-depth"": ""3"", ""weightb"": ""1"", ""weightp"": ""1"", ""wpp"": ""1""}"
x265,bestconfig,7305,single,56,16.2,18.85,16.2,19.24056315422058,"['Standard', '320p', 30, '10s']",0.0,19.240474700927734,0.0,"{""amp"": ""1"", ""aq-mode"": ""0"", ""aq-strength"": ""1.0"", ""b-adapt"": ""1"", ""bframes"": ""4"", ""crf"": ""18.0"", ""ctu"": ""64"", ""keyint"": ""119"", ""limit-refs"": ""2"", ""limit-tu"": ""4"", ""me"": ""star"", ""merange"": ""31"", ""open-gop"": ""0"", ""psy-rd"": ""2.5"", ""psy-rdoq"": ""3.0"", ""qcomp"": ""1.0"", ""qpmax"": ""21"", ""qpmin"": ""8"", ""rc-lookahead"": ""31"", ""rd"": ""3"", ""rdoq-level"": ""0"", ""rect"": ""1"", ""ref"": ""3"", ""rskip"": ""1"", ""sao"": ""0"", ""scenecut"": ""73"", ""subme"": ""1"", ""tu-inter-depth"": ""1"", ""tu-intra-depth"": ""4"", ""weightb"": ""0"", ""weightp"": ""0"", ""wpp"": ""0""}"
x265,bestconfig,7305,single,57,23.27,13.15,23.27,13.550002336502075,"['Standard', '320p', 30, '10s']",0.0,13.549919605255127,0.0,"{""amp"": ""0"", ""aq-mode"": ""3"", ""aq-strength"": ""1.8"", ""b-adapt"": ""1"", ""bframes"": ""3"", ""crf"": ""25.0"", ""ctu"": ""16"", ""keyint"": ""195"", ""limit-refs"": ""2"", ""limit-tu"": ""1"", ""me"": ""full"", ""merange"": ""22"", ""open-gop"": ""1"", ""psy-rd"": ""0.5"", ""psy-rdoq"": ""4.0"", ""qcomp"": ""0.8"", ""qpmax"": ""44"", ""qpmin"": ""10"", ""rc-lookahead"": ""22"", ""rd"": ""2"", ""rdoq-level"": ""0"", ""rect"": ""1"", ""ref"": ""4"", ""rskip"": ""0"", ""sao"": ""0"", ""scenecut"": ""79"", ""subme"": ""4"", ""tu-inter-depth"": ""3"", ""tu-intra-depth"": ""1"", ""weightb"": ""0"", ""weightp"": ""0"", ""wpp"": ""0""}"
x265,bestconfig,7305,single,58,48.7,6.33,48.7,6.721473217010498,"['Standard', '320p', 30, '10s']",0.0,6.721352577209473,0.0,"{""amp"": ""1"", ""aq-mode"": ""1"", ""aq-strength"": ""1.0"", ""b-adapt"": ""0"", ""bframes"": ""3"", ""crf"": ""22.0"", ""ctu"": ""64"", ""keyint"": ""262"", ""limit-refs"": ""2"", ""limit-tu"": ""2"", ""me"": ""star"", ""merange"": ""20"", ""open-gop"": ""0"", ""psy-rd"": ""1.0"", ""psy-rdoq"": ""1.0"", ""qcomp"": ""1.0"", ""qpmax"": ""40"", ""qpmin"": ""10"", ""rc-lookahead"": ""25"", ""rd"": ""1"", ""rdoq-level"": ""1"", ""rect"": ""1"", ""ref"": ""5"", ""rskip"": ""1"", ""sao"": ""1"", ""scenecut"": ""86"", ""subme"": ""3"", ""tu-inter-depth"": ""2"", ""tu-intra-depth"": ""1"", ""weightb"": ""0"", ""weightp"": ""1"", ""wpp"": ""1""}"
x265,bestconfig,7305,single,59,118.61,2.64,118.61,3.026503086090088,"['Standard', '320p', 30, '10s']",0.0,3.026418685913086,0.0,"{""amp"": ""1"", ""aq-mode"": ""2"", ""aq-strength"": ""0.8"", ""b-adapt"": ""0"", ""bframes"": ""4"", ""crf"": ""30.0"", ""ctu"": ""32"", ""keyint"": ""166"", ""limit-refs"": ""1"", ""limit-tu"": ""2"", ""me"": ""umh"", ""merange"": ""16"", ""open-gop"": ""0"", ""psy-rd"": ""3.5"", ""psy-rdoq"": ""3.0"", ""qcomp"": ""0.7"", ""qpmax"": ""41"", ""qpmin"": ""11"", ""rc-lookahead"": ""31"", ""rd"": ""1"", ""rdoq-level"": ""1"", ""rect"": ""0"", ""ref"": ""4"", ""rskip"": ""1"", ""sao"": ""1"", ""scenecut"": ""76"", ""subme"": ""4"", ""tu-inter-depth"": ""4"", ""tu-intra-depth"": ""2"", ""weightb"": ""0"", ""weightp"": ""1"", ""wpp"": ""1""}"
x265,bestconfig,7305,single,60,104.99,2.98,104.99,3.3583831787109375,"['Standard', '320p', 30, '10s']",0.0,3.3583030700683594,0.0,"{""amp"": ""0"", ""aq-mode"": ""1"", ""aq-strength"": ""2.0"", ""b-adapt"": ""0"", ""bframes"": ""3"", ""crf"": ""28.0"", ""ctu"": ""32"", ""keyint"": ""233"", ""limit-refs"": ""1"", ""limit-tu"": ""1"", ""me"": ""star"", ""merange"": ""27"", ""open-gop"": ""0"", ""psy-rd"": ""2.5"", ""psy-rdoq"": ""0.0"", ""qcomp"": ""0.5"", ""qpmax"": ""39"", ""qpmin"": ""9"", ""rc-lookahead"": ""21"", ""rd"": ""1"", ""rdoq-level"": ""0"", ""rect"": ""1"", ""ref"": ""5"", ""rskip"": ""1"", ""sao"": ""0"", ""scenecut"": ""89"", ""subme"": ""5"", ""tu-inter-depth"": ""3"", ""tu-intra-depth"": ""1"", ""weightb"": ""1"", ""weightp"": ""1"", ""wpp"": ""0""}"
x265,bestconfig,7305,single,61,70.56,4.39,70.56,4.756513833999634,"['Standard', '320p', 30, '10s']",0.0,4.756417274475098,0.0,"{""amp"": ""0"", ""aq-mode"": ""2"", ""aq-strength"": ""1.5"", ""b-adapt"": ""1"", ""bframes"": ""4"", ""crf"": ""32.0"", ""ctu"": ""16"", ""keyint"": ""251"", ""limit-refs"": ""1"", ""limit-tu"": ""1"", ""me"": ""dia"", ""merange"": ""18"", ""open-gop"": ""1"", ""psy-rd"": ""2.0"", ""psy-rdoq"": ""4.5"", ""qcomp"": ""0.9"", ""qpmax"": ""38"", ""qpmin"": ""13"", ""rc-lookahead"": ""28"", ""rd"": ""2"", ""rdoq-level"": ""2"", ""rect"": ""0"", ""ref"": ""5"", ""rskip"": ""0"", ""sao"": ""1"", ""scenecut"": ""87"", ""subme"": ""4"", ""tu-inter-depth"": ""2"", ""tu-intra-depth"": ""2"", ""weightb"": ""1"", ""weightp"": ""0"", ""wpp"": ""1""}"
x265,bestconfig,7305,single,62,25.52,12.0,25.52,12.403087377548218,"['Standard', '320p', 30, '10s']",0.0,12.40299916267395,0.0,"{""amp"": ""0"", ""aq-mode"": ""2"", ""aq-strength"": ""1.2"", ""b-adapt"": ""1"", ""bframes"": ""3"", ""crf"": ""18.0"", ""ctu"": ""64"", ""keyint"": ""276"", ""limit-refs"": ""0"", ""limit-tu"": ""0"", ""me"": ""hex"", ""merange"": ""29"", ""open-gop"": ""0"", ""psy-rd"": ""1.5"", ""psy-rdoq"": ""0.5"", ""qcomp"": ""0.5"", ""qpmax"": ""40"", ""qpmin"": ""13"", ""rc-lookahead"": ""25"", ""rd"": ""2"", ""rdoq-level"": ""1"", ""rect"": ""0"", ""ref"": ""6"", ""rskip"": ""1"", ""sao"": ""0"", ""scenecut"": ""82"", ""subme"": ""3"", ""tu-inter-depth"": ""3"", ""tu-intra-depth"": ""2"", ""weightb"": ""0"", ""weightp"": ""0"", ""wpp"": ""1""}"
x265,bestconfig,7305,single,63,12.51,24.39,12.51,24.794350624084473,"['Standard', '320p', 30, '10s']",0.0,24.794264554977417,0.0,"{""amp"": ""1"", ""aq-mode"": ""2"", ""aq-strength"": ""0.5"", ""b-adapt"": ""1"", ""bframes"": ""2"", ""crf"": ""18.0"", ""ctu"": ""16"", ""keyint"": ""212"", ""limit-refs"": ""0"", ""limit-tu"": ""1"", ""me"": ""dia"", ""merange"": ""29"", ""open-gop"": ""1"", ""psy-rd"": ""3.0"", ""psy-rdoq"": ""2.0"", ""qcomp"": ""0.75"", ""qpmax"": ""43"", ""qpmin"": ""8"", ""rc-lookahead"": ""29"", ""rd"": ""2"", ""rdoq-level"": ""1"", ""rect"": ""1"", ""ref"": ""5"", ""rskip"": ""0"", ""sao"": ""1"", ""scenecut"": ""83"", ""subme"": ""5"", ""tu-inter-depth"": ""3"", ""tu-intra-depth"": ""2"", ""weightb"": ""1"", ""weightp"": ""0"", ""wpp"": ""0""}"
x265,bestconfig,7305,single,64,24.06,12.72,24.06,13.117342948913574,"['Standard', '320p', 30, '10s']",0.0,13.117258787155151,0.0,"{""amp"": ""1"", ""aq-mode"": ""3"", ""aq-strength"": ""0.0"", ""b-adapt"": ""0"", ""bframes"": ""2"", ""crf"": ""20.0"", ""ctu"": ""32"", ""keyint"": ""305"", ""limit-refs"": ""1"", ""limit-tu"": ""0"", ""me"": ""hex"", ""merange"": ""24"", ""open-gop"": ""1"", ""psy-rd"": ""0.0"", ""psy-rdoq"": ""2.5"", ""qcomp"": ""0.6"", ""qpmax"": ""45"", ""qpmin"": ""12"", ""rc-lookahead"": ""26"", ""rd"": ""1"", ""rdoq-level"": ""2"", ""rect"": ""0"", ""ref"": ""6"", ""rskip"": ""0"", ""sao"": ""0"", ""scenecut"": ""74"", ""subme"": ""4"", ""tu-inter-depth"": ""3"", ""tu-intra-depth"": ""1"", ""weightb"": ""1"", ""weightp"": ""1"", ""wpp"": ""0""}"
x265,bestconfig,7305,single,65,98.21,3.17,98.21,3.5640573501586914,"['Standard', '320p', 30, '10s']",0.0,3.5639753341674805,0.0,"{""amp"": ""0"", ""aq-mode"": ""1"", ""aq-strength"": ""1.5"", ""b-adapt"": ""1"", ""bframes"": ""4"", ""crf"": ""32.0"", ""ctu"": ""32"", ""keyint"": ""185"", ""limit-refs"": ""1"", ""limit-tu"": ""2"", ""me"": ""star"", ""merange"": ""23"", ""open-gop"": ""0"", ""psy-rd"": ""1.0"", ""psy-rdoq"": ""0.0"", ""qcomp"": ""0.7"", ""qpmax"": ""42"", ""qpmin"": ""9"", ""rc-lookahead"": ""36"", ""rd"": ""1"", ""rdoq-level"": ""1"", ""rect"": ""0"", ""ref"": ""4"", ""rskip"": ""0"", ""sao"": ""1"", ""scenecut"": ""77"", ""subme"": ""5"", ""tu-inter-depth"": ""3"", ""tu-intra-depth"": ""2"", ""weightb"": ""0"", ""weightp"": ""1"", ""wpp"": ""1""}"
x265,bestconfig,7305,single,66,10.45,29.17,10.45,29.565939903259277,"['Standard', '320p', 30, '10s']",0.0,29.565850496292114,0.0,"{""amp"": ""1"", ""aq-mode"": ""2"", ""aq-strength"": ""0.5"", ""b-adapt"": ""1"", ""bframes"": ""4"", ""crf"": ""20.0"", ""ctu"": ""16"", ""keyint"": ""199"", ""limit-refs"": ""1"", ""limit-tu"": ""2"", ""me"": ""full"", ""merange"": ""17"", ""open-gop"": ""1"", ""psy-rd"": ""0.0"", ""psy-rdoq"": ""4.5"", ""qcomp"": ""1.0"", ""qpmax"": ""44"", ""qpmin"": ""10"", ""rc-lookahead"": ""27"", ""rd"": ""2"", ""rdoq-level"": ""0"", ""rect"": ""1"", ""ref"": ""5"", ""rskip"": ""0"", ""sao"": ""1"", ""scenecut"": ""75"", ""subme"": ""3"", ""tu-inter-depth"": ""3"", ""tu-intra-depth"": ""2"", ""weightb"": ""0"", ""weightp"": ""0"", ""wpp"": ""1""}"
x265,bestconfig,7305,single,67,112.75,2.77,112.75,3.1682467460632324,"['Standard', '320p', 30, '10s']",0.0,3.168163537979126,0.0,"{""amp"": ""0"", ""aq-mode"": ""2"", ""aq-strength"": ""0.8"", ""b-adapt"": ""1"", ""bframes"": ""4"", ""crf"": ""30.0"", ""ctu"": ""32"", ""keyint"": ""176"", ""limit-refs"": ""2"", ""limit-tu"": ""3"", ""me"": ""umh"", ""merange"": ""26"", ""open-gop"": ""0"", ""psy-rd"": ""3.5"", ""psy-rdoq"": ""4.0"", ""qcomp"": ""0.5"", ""qpmax"": ""40"", ""qpmin"": ""12"", ""rc-lookahead"": ""24"", ""rd"": ""1"", ""rdoq-level"": ""1"", ""rect"": ""1"", ""ref"": ""4"", ""rskip"": ""1"", ""sao"": ""1"", ""scenecut"": ""76"", ""subme"": ""4"", ""tu-inter-depth"": ""3"", ""tu-intra-depth"": ""2"", ""weightb"": ""0"", ""weightp"": ""0"", ""wpp"": ""1""}"
x265,bestconfig,7305,single,68,31.81,9.72,31.81,10.323935747146606,"['Standard', '320p', 30, '10s']",0.0,10.323852777481079,0.0,"{""amp"": ""1"", ""aq-mode"": ""3"", ""aq-strength"": ""1.0"", ""b-adapt"": ""0"", ""bframes"": ""5"", ""crf"": ""18.0"", ""ctu"": ""32"", ""keyint"": ""204"", ""limit-refs"": ""0"", ""limit-tu"": ""2"", ""me"": ""hex"", ""merange"": ""22"", ""open-gop"": ""1"", ""psy-rd"": ""2.0"", ""psy-rdoq"": ""3.0"", ""qcomp"": ""0.6"", ""qpmax"": ""41"", ""qpmin"": ""11"", ""rc-lookahead"": ""32"", ""rd"": ""1"", ""rdoq-level"": ""1"", ""rect"": ""1"", ""ref"": ""3"", ""rskip"": ""1"", ""sao"": ""0"", ""scenecut"": ""74"", ""subme"": ""4"", ""tu-inter-depth"": ""4"", ""tu-intra-depth"": ""1"", ""weightb"": ""1"", ""weightp"": ""1"", ""wpp"": ""0""}"
x265,bestconfig,7305,single,69,50.12,6.14,50.12,6.544488906860352,"['Standard', '320p', 30, '10s']",0.0,6.54440712928772,0.0,"{""amp"": ""0"", ""aq-mode"": ""2"", ""aq-strength"": ""2.0"", ""b-adapt"": ""0"", ""bframes"": ""3"", ""crf"": ""22.0"", ""ctu"": ""16"", ""keyint"": ""166"", ""limit-refs"": ""1"", ""limit-tu"": ""1"", ""me"": ""star"", ""merange"": ""20"", ""open-gop"": ""1"", ""psy-rd"": ""2.5"", ""psy-rdoq"": ""0.5"", ""qcomp"": ""0.9"", ""qpmax"": ""41"", ""qpmin"": ""11"", ""rc-lookahead"": ""25"", ""rd"": ""1"", ""rdoq-level"": ""2"", ""rect"": ""0"", ""ref"": ""3"", ""rskip"": ""1"", ""sao"": ""0"", ""scenecut"": ""75"", ""subme"": ""4"", ""tu-inter-depth"": ""3"", ""tu-intra-depth"": ""3"", ""weightb"": ""0"", ""weightp"": ""0"", ""wpp"": ""1""}"
x265,bestconfig,7305,single,70,43.28,7.11,43.28,7.503630638122559,"['Standard', '320p', 30, '10s']",0.0,7.503546953201294,0.0,"{""amp"": ""1"", ""aq-mode"": ""1"", ""aq-strength"": ""1.2"", ""b-adapt"": ""0"", ""bframes"": ""3"", ""crf"": ""18.0"", ""ctu"": ""64"", ""keyint"": ""191"", ""limit-refs"": ""1"", ""limit-tu"": ""3"", ""me"": ""hex"", ""merange"": ""17"", ""open-gop"": ""1"", ""psy-rd"": ""0.5"", ""psy-rdoq"": ""2.0"", ""qcomp"": ""0.75"", ""qpmax"": ""40"", ""qpmin"": ""9"", ""rc-lookahead"": ""31"", ""rd"": ""2"", ""rdoq-level"": ""0"", ""rect"": ""0"", ""ref"": ""4"", ""rskip"": ""0"", ""sao"": ""0"", ""scenecut"": ""76"", ""subme"": ""4"", ""tu-inter-depth"": ""4"", ""tu-intra-depth"": ""3"", ""weightb"": ""1"", ""weightp"": ""0"", ""wpp"": ""0""}"
x265,bestconfig,7305,single,71,53.35,5.78,53.35,6.185365915298462,"['Standard', '320p', 30, '10s']",0.0,6.185286045074463,0.0,"{""amp"": ""1"", ""aq-mode"": ""3"", ""aq-strength"": ""0.0"", ""b-adapt"": ""1"", ""bframes"": ""4"", ""crf"": ""28.0"", ""ctu"": ""16"", ""keyint"": ""183"", ""limit-refs"": ""0"", ""limit-tu"": ""1"", ""me"": ""dia"", ""merange"": ""21"", ""open-gop"": ""0"", ""psy-rd"": ""3.0"", ""psy-rdoq"": ""1.0"", ""qcomp"": ""0.8"", ""qpmax"": ""43"", ""qpmin"": ""10"", ""rc-lookahead"": ""34"", ""rd"": ""2"", ""rdoq-level"": ""2"", ""rect"": ""0"", ""ref"": ""4"", ""rskip"": ""0"", ""sao"": ""0"", ""scenecut"": ""78"", ""subme"": ""5"", ""tu-inter-depth"": ""3"", ""tu-intra-depth"": ""1"", ""weightb"": ""1"", ""weightp"": ""1"", ""wpp"": ""0""}"
x265,bestconfig,7305,single,72,36.98,8.38,36.98,9.001875162124634,"['Standard', '320p', 30, '10s']",0.0,9.00176453590393,0.0,"{""amp"": ""0"", ""aq-mode"": ""2"", ""aq-strength"": ""1.8"", ""b-adapt"": ""0"", ""bframes"": ""5"", ""crf"": ""25.0"", ""ctu"": ""64"", ""keyint"": ""170"", ""limit-refs"": ""2"", ""limit-tu"": ""2"", ""me"": ""dia"", ""merange"": ""25"", ""open-gop"": ""0"", ""psy-rd"": ""1.5"", ""psy-rdoq"": ""2.5"", ""qcomp"": ""0.5"", ""qpmax"": ""44"", ""qpmin"": ""8"", ""rc-lookahead"": ""28"", ""rd"": ""2"", ""rdoq-level"": ""1"", ""rect"": ""1"", ""ref"": ""5"", ""rskip"": ""1"", ""sao"": ""1"", ""scenecut"": ""73"", ""subme"": ""3"", ""tu-inter-depth"": ""3"", ""tu-intra-depth"": ""2"", ""weightb"": ""1"", ""weightp"": ""1"", ""wpp"": ""0""}"
x265,bestconfig,7305,single,73,23.86,12.82,23.86,13.230203628540039,"['Standard', '320p', 30, '10s']",0.0,13.230103492736816,0.0,"{""amp"": ""0"", ""aq-mode"": ""1"", ""aq-strength"": ""1.8"", ""b-adapt"": ""0"", ""bframes"": ""4"", ""crf"": ""18.0"", ""ctu"": ""32"", ""keyint"": ""174"", ""limit-refs"": ""1"", ""limit-tu"": ""1"", ""me"": ""dia"", ""merange"": ""24"", ""open-gop"": ""0"", ""psy-rd"": ""2.5"", ""psy-rdoq"": ""2.5"", ""qcomp"": ""0.5"", ""qpmax"": ""44"", ""qpmin"": ""8"", ""rc-lookahead"": ""26"", ""rd"": ""2"", ""rdoq-level"": ""1"", ""rect"": ""1"", ""ref"": ""5"", ""rskip"": ""1"", ""sao"": ""0"", ""scenecut"": ""73"", ""subme"": ""4"", ""tu-inter-depth"": ""4"", ""tu-intra-depth"": ""3"", ""weightb"": ""0"", ""weightp"": ""0"", ""wpp"": ""0""}"
x265,bestconfig,7305,single,74,39.25,7.83,39.25,8.208631038665771,"['Standard', '320p', 30, '10s']",0.0,8.208546161651611,0.0,"{""amp"": ""1"", ""aq-mode"": ""1"", ""aq-strength"": ""1.5"", ""b-adapt"": ""1"", ""bframes"": ""4"", ""crf"": ""25.0"", ""ctu"": ""32"", ""keyint"": ""170"", ""limit-refs"": ""1"", ""limit-tu"": ""2"", ""me"": ""hex"", ""merange"": ""17"", ""open-gop"": ""1"", ""psy-rd"": ""3.5"", ""psy-rdoq"": ""2.0"", ""qcomp"": ""0.5"", ""qpmax"": ""39"", ""qpmin"": ""12"", ""rc-lookahead"": ""33"", ""rd"": ""2"", ""rdoq-level"": ""1"", ""rect"": ""1"", ""ref"": ""3"", ""rskip"": ""1"", ""sao"": ""1"", ""scenecut"": ""75"", ""subme"": ""4"", ""tu-inter-depth"": ""3"", ""tu-intra-depth"": ""1"", ""weightb"": ""0"", ""weightp"": ""1"", ""wpp"": ""0""}"
x265,bestconfig,7305,single,75,21.66,14.2,21.66,14.74280333518982,"['Standard', '320p', 30, '10s']",0.0,14.742713689804077,0.0,"{""amp"": ""0"", ""aq-mode"": ""3"", ""aq-strength"": ""1.2"", ""b-adapt"": ""1"", ""bframes"": ""5"", ""crf"": ""22.0"", ""ctu"": ""64"", ""keyint"": ""195"", ""limit-refs"": ""2"", ""limit-tu"": ""2"", ""me"": ""star"", ""merange"": ""25"", ""open-gop"": ""0"", ""psy-rd"": ""0.5"", ""psy-rdoq"": ""0.5"", ""qcomp"": ""0.75"", ""qpmax"": ""42"", ""qpmin"": ""9"", ""rc-lookahead"": ""37"", ""rd"": ""1"", ""rdoq-level"": ""2"", ""rect"": ""1"", ""ref"": ""4"", ""rskip"": ""0"", ""sao"": ""1"", ""scenecut"": ""77"", ""subme"": ""3"", ""tu-inter-depth"": ""3"", ""tu-intra-depth"": ""2"", ""weightb"": ""1"", ""weightp"": ""0"", ""wpp"": ""0""}"
x265,bestconfig,7305,single,76,36.44,8.43,36.44,8.837651014328003,"['Standard', '320p', 30, '10s']",0.0,8.83756160736084,0.0,"{""amp"": ""0"", ""aq-mode"": ""2"", ""aq-strength"": ""0.8"", ""b-adapt"": ""1"", ""bframes"": ""5"", ""crf"": ""30.0"", ""ctu"": ""64"", ""keyint"": ""164"", ""limit-refs"": ""2"", ""limit-tu"": ""2"", ""me"": ""full"", ""merange"": ""21"", ""open-gop"": ""1"", ""psy-rd"": ""2.0"", ""psy-rdoq"": ""4.0"", ""qcomp"": ""0.6"", ""qpmax"": ""43"", ""qpmin"": ""10"", ""rc-lookahead"": ""27"", ""rd"": ""1"", ""rdoq-level"": ""1"", ""rect"": ""1"", ""ref"": ""5"", ""rskip"": ""0"", ""sao"": ""0"", ""scenecut"": ""78"", ""subme"": ""5"", ""tu-inter-depth"": ""3"", ""tu-intra-depth"": ""2"", ""weightb"": ""0"", ""weightp"": ""0"", ""wpp"": ""1""}"
x265,bestconfig,7305,single,77,87.98,3.54,87.98,4.148660659790039,"['Standard', '320p', 30, '10s']",0.0,4.148563385009766,0.0,"{""amp"": ""1"", ""aq-mode"": ""2"", ""aq-strength"": ""0.0"", ""b-adapt"": ""1"", ""bframes"": ""4"", ""crf"": ""32.0"", ""ctu"": ""16"", ""keyint"": ""193"", ""limit-refs"": ""1"", ""limit-tu"": ""1"", ""me"": ""star"", ""merange"": ""19"", ""open-gop"": ""1"", ""psy-rd"": ""3.0"", ""psy-rdoq"": ""0.0"", ""qcomp"": ""0.9"", ""qpmax"": ""44"", ""qpmin"": ""9"", ""rc-lookahead"": ""30"", ""rd"": ""1"", ""rdoq-level"": ""0"", ""rect"": ""0"", ""ref"": ""4"", ""rskip"": ""0"", ""sao"": ""1"", ""scenecut"": ""75"", ""subme"": ""5"", ""tu-inter-depth"": ""3"", ""tu-intra-depth"": ""3"", ""weightb"": ""1"", ""weightp"": ""1"", ""wpp"": ""0""}"
x265,bestconfig,7305,single,78,53.51,5.76,53.51,6.154597520828247,"['Standard', '320p', 30, '10s']",0.0,6.154510259628296,0.0,"{""amp"": ""0"", ""aq-mode"": ""2"", ""aq-strength"": ""0.5"", ""b-adapt"": ""0"", ""bframes"": ""4"", ""crf"": ""28.0"", ""ctu"": ""16"", ""keyint"": ""204"", ""limit-refs"": ""0"", ""limit-tu"": ""2"", ""me"": ""umh"", ""merange"": ""22"", ""open-gop"": ""1"", ""psy-rd"": ""0.0"", ""psy-rdoq"": ""4.5"", ""qcomp"": ""1.0"", ""qpmax"": ""40"", ""qpmin"": ""11"", ""rc-lookahead"": ""23"", ""rd"": ""2"", ""rdoq-level"": ""2"", ""rect"": ""0"", ""ref"": ""4"", ""rskip"": ""0"", ""sao"": ""1"", ""scenecut"": ""74"", ""subme"": ""4"", ""tu-inter-depth"": ""3"", ""tu-intra-depth"": ""1"", ""weightb"": ""1"", ""weightp"": ""1"", ""wpp"": ""1""}"
x265,bestconfig,7305,single,79,75.98,4.08,75.98,4.588255405426025,"['Standard', '320p', 30, '10s']",0.0,4.588124513626099,0.0,"{""amp"": ""1"", ""aq-mode"": ""2"", ""aq-strength"": ""2.0"", ""b-adapt"": ""0"", ""bframes"": ""3"", ""crf"": ""20.0"", ""ctu"": ""16"", ""keyint"": ""187"", ""limit-refs"": ""0"", ""limit-tu"": ""3"", ""me"": ""hex"", ""merange"": ""19"", ""open-gop"": ""0"", ""psy-rd"": ""1.0"", ""psy-rdoq"": ""1.0"", ""qcomp"": ""0.7"", ""qpmax"": ""41"", ""qpmin"": ""10"", ""rc-lookahead"": ""29"", ""rd"": ""1"", ""rdoq-level"": ""0"", ""rect"": ""0"", ""ref"": ""4"", ""rskip"": ""1"", ""sao"": ""0"", ""scenecut"": ""76"", ""subme"": ""3"", ""tu-inter-depth"": ""3"", ""tu-intra-depth"": ""2"", ""weightb"": ""0"", ""weightp"": ""0"", ""wpp"": ""1""}"
x265,bestconfig,7305,single,80,42.88,7.18,42.88,7.704102993011475,"['Standard', '320p', 30, '10s']",0.0,7.703968048095703,0.0,"{""amp"": ""1"", ""aq-mode"": ""3"", ""aq-strength"": ""1.0"", ""b-adapt"": ""0"", ""bframes"": ""3"", ""crf"": ""18.0"", ""ctu"": ""32"", ""keyint"": ""181"", ""limit-refs"": ""1"", ""limit-tu"": ""3"", ""me"": ""dia"", ""merange"": ""26"", ""open-gop"": ""0"", ""psy-rd"": ""1.5"", ""psy-rdoq"": ""3.0"", ""qcomp"": ""0.8"", ""qpmax"": ""42"", ""qpmin"": ""11"", ""rc-lookahead"": ""34"", ""rd"": ""2"", ""rdoq-level"": ""1"", ""rect"": ""0"", ""ref"": ""3"", ""rskip"": ""1"", ""sao"": ""0"", ""scenecut"": ""77"", ""subme"": ""4"", ""tu-inter-depth"": ""4"", ""tu-intra-depth"": ""2"", ""weightb"": ""1"", ""weightp"": ""1"", ""wpp"": ""1""}"
x265,bestconfig,7305,single,81,15.32,19.93,15.32,20.337827682495117,"['Standard', '320p', 30, '10s']",0.0,20.337730884552002,0.0,"{""amp"": ""0"", ""aq-mode"": ""2"", ""aq-strength"": ""0.8"", ""b-adapt"": ""0"", ""bframes"": ""3"", ""crf"": ""18.0"", ""ctu"": ""64"", ""keyint"": ""193"", ""limit-refs"": ""1"", ""limit-tu"": ""1"", ""me"": ""hex"", ""merange"": ""19"", ""open-gop"": ""1"", ""psy-rd"": ""2.5"", ""psy-rdoq"": ""3.0"", ""qcomp"": ""1.0"", ""qpmax"": ""41"", ""qpmin"": ""10"", ""rc-lookahead"": ""24"", ""rd"": ""2"", ""rdoq-level"": ""0"", ""rect"": ""1"", ""ref"": ""4"", ""rskip"": ""1"", ""sao"": ""1"", ""scenecut"": ""73"", ""subme"": ""4"", ""tu-inter-depth"": ""3"", ""tu-intra-depth"": ""2"", ""weightb"": ""1"", ""weightp"": ""1"", ""wpp"": ""0""}"
x265,bestconfig,7305,single,82,62.89,4.92,62.89,5.311386346817017,"['Standard', '320p', 30, '10s']",0.0,5.311300992965698,0.0,"{""amp"": ""1"", ""aq-mode"": ""3"", ""aq-strength"": ""1.5"", ""b-adapt"": ""1"", ""bframes"": ""4"", ""crf"": ""32.0"", ""ctu"": ""32"", ""keyint"": ""202"", ""limit-refs"": ""0"", ""limit-tu"": ""3"", ""me"": ""star"", ""merange"": ""25"", ""open-gop"": ""0"", ""psy-rd"": ""1.0"", ""psy-rdoq"": ""1.0"", ""qcomp"": ""0.8"", ""qpmax"": ""45"", ""qpmin"": ""11"", ""rc-lookahead"": ""27"", ""rd"": ""2"", ""rdoq-level"": ""1"", ""rect"": ""0"", ""ref"": ""5"", ""rskip"": ""0"", ""sao"": ""0"", ""scenecut"": ""74"", ""subme"": ""3"", ""tu-inter-depth"": ""4"", ""tu-intra-depth"": ""2"", ""weightb"": ""0"", ""weightp"": ""0"", ""wpp"": ""0""}"
x265,bestconfig,7305,single,83,60.75,5.09,60.75,5.474639892578125,"['Standard', '320p', 30, '10s']",0.0,5.474549770355225,0.0,"{""amp"": ""0"", ""aq-mode"": ""1"", ""aq-strength"": ""1.8"", ""b-adapt"": ""0"", ""bframes"": ""4"", ""crf"": ""20.0"", ""ctu"": ""64"", ""keyint"": ""196"", ""limit-refs"": ""1"", ""limit-tu"": ""2"", ""me"": ""hex"", ""merange"": ""23"", ""open-gop"": ""0"", ""psy-rd"": ""3.5"", ""psy-rdoq"": ""4.5"", ""qcomp"": ""0.5"", ""qpmax"": ""44"", ""qpmin"": ""8"", ""rc-lookahead"": ""30"", ""rd"": ""1"", ""rdoq-level"": ""2"", ""rect"": ""1"", ""ref"": ""4"", ""rskip"": ""1"", ""sao"": ""1"", ""scenecut"": ""76"", ""subme"": ""5"", ""tu-inter-depth"": ""3"", ""tu-intra-depth"": ""3"", ""weightb"": ""1"", ""weightp"": ""0"", ""wpp"": ""1""}"
x265,bestconfig,7305,single,84,70.29,4.41,70.29,4.8010900020599365,"['Standard', '320p', 30, '10s']",0.0,4.800994396209717,0.0,"{""amp"": ""0"", ""aq-mode"": ""2"", ""aq-strength"": ""1.2"", ""b-adapt"": ""0"", ""bframes"": ""5"", ""crf"": ""30.0"", ""ctu"": ""32"", ""keyint"": ""177"", ""limit-refs"": ""1"", ""limit-tu"": ""2"", ""me"": ""dia"", ""merange"": ""19"", ""open-gop"": ""0"", ""psy-rd"": ""2.0"", ""psy-rdoq"": ""4.0"", ""qcomp"": ""0.6"", ""qpmax"": ""42"", ""qpmin"": ""9"", ""rc-lookahead"": ""36"", ""rd"": ""1"", ""rdoq-level"": ""1"", ""rect"": ""1"", ""ref"": ""4"", ""rskip"": ""0"", ""sao"": ""0"", ""scenecut"": ""76"", ""subme"": ""4"", ""tu-inter-depth"": ""3"", ""tu-intra-depth"": ""2"", ""weightb"": ""0"", ""weightp"": ""1"", ""wpp"": ""0""}"
x265,bestconfig,7305,single,85,49.58,6.21,49.58,6.617567300796509,"['Standard', '320p', 30, '10s']",0.0,6.6174798011779785,0.0,"{""amp"": ""1"", ""aq-mode"": ""1"", ""aq-strength"": ""1.0"", ""b-adapt"": ""0"", ""bframes"": ""4"", ""crf"": ""18.0"", ""ctu"": ""16"", ""keyint"": ""171"", ""limit-refs"": ""2"", ""limit-tu"": ""2"", ""me"": ""star"", ""merange"": ""21"", ""open-gop"": ""0"", ""psy-rd"": ""1.5"", ""psy-rdoq"": ""2.5"", ""qcomp"": ""0.7"", ""qpmax"": ""43"", ""qpmin"": ""9"", ""rc-lookahead"": ""25"", ""rd"": ""2"", ""rdoq-level"": ""2"", ""rect"": ""0"", ""ref"": ""3"", ""rskip"": ""1"", ""sao"": ""1"", ""scenecut"": ""77"", ""subme"": ""3"", ""tu-inter-depth"": ""3"", ""tu-intra-depth"": ""1"", ""weightb"": ""1"", ""weightp"": ""1"", ""wpp"": ""1""}"
x265,bestconfig,7305,single,86,59.0,5.24,59.0,5.633709192276001,"['Standard', '320p', 30, '10s']",0.0,5.633619785308838,0.0,"{""amp"": ""1"", ""aq-mode"": ""3"", ""aq-strength"": ""0.0"", ""b-adapt"": ""1"", ""bframes"": ""4"", ""crf"": ""28.0"", ""ctu"": ""16"", ""keyint"": ""183"", ""limit-refs"": ""2"", ""limit-tu"": ""2"", ""me"": ""dia"", ""merange"": ""22"", ""open-gop"": ""1"", ""psy-rd"": ""3.0"", ""psy-rdoq"": ""0.5"", ""qcomp"": ""0.9"", ""qpmax"": ""39"", ""qpmin"": ""10"", ""rc-lookahead"": ""34"", ""rd"": ""1"", ""rdoq-level"": ""1"", ""rect"": ""0"", ""ref"": ""5"", ""rskip"": ""0"", ""sao"": ""0"", ""scenecut"": ""75"", ""subme"": ""4"", ""tu-inter-depth"": ""3"", ""tu-intra-depth"": ""1"", ""weightb"": ""1"", ""weightp"": ""0"", ""wpp"": ""0""}"
x265,bestconfig,7305,single,87,36.38,8.43,36.38,8.834668397903442,"['Standard', '320p', 30, '10s']",0.0,8.834537982940674,0.0,"{""amp"": ""1"", ""aq-mode"": ""2"", ""aq-strength"": ""0.5"", ""b-adapt"": ""1"", ""bframes"": ""5"", ""crf"": ""22.0"", ""ctu"": ""16"", ""keyint"": ""165"", ""limit-refs"": ""0"", ""limit-tu"": ""1"", ""me"": ""full"", ""merange"": ""17"", ""open-gop"": ""1"", ""psy-rd"": ""0.0"", ""psy-rdoq"": ""0.0"", ""qcomp"": ""0.75"", ""qpmax"": ""42"", ""qpmin"": ""11"", ""rc-lookahead"": ""33"", ""rd"": ""1"", ""rdoq-level"": ""0"", ""rect"": ""1"", ""ref"": ""4"", ""rskip"": ""1"", ""sao"": ""1"", ""scenecut"": ""78"", ""subme"": ""5"", ""tu-inter-depth"": ""3"", ""tu-intra-depth"": ""2"", ""weightb"": ""0"", ""weightp"": ""1"", ""wpp"": ""1""}"
x265,bestconfig,7305,single,88,57.98,5.32,57.98,5.729101896286011,"['Standard', '320p', 30, '10s']",0.0,5.729013204574585,0.0,"{""amp"": ""0"", ""aq-mode"": ""2"", ""aq-strength"": ""2.0"", ""b-adapt"": ""1"", ""bframes"": ""3"", ""crf"": ""25.0"", ""ctu"": ""32"", ""keyint"": ""188"", ""limit-refs"": ""1"", ""limit-tu"": ""3"", ""me"": ""umh"", ""merange"": ""26"", ""open-gop"": ""1"", ""psy-rd"": ""0.5"", ""psy-rdoq"": ""2.0"", ""qcomp"": ""0.5"", ""qpmax"": ""40"", ""qpmin"": ""12"", ""rc-lookahead"": ""29"", ""rd"": ""2"", ""rdoq-level"": ""1"", ""rect"": ""0"", ""ref"": ""3"", ""rskip"": ""0"", ""sao"": ""0"", ""scenecut"": ""75"", ""subme"": ""4"", ""tu-inter-depth"": ""4"", ""tu-intra-depth"": ""3"", ""weightb"": ""0"", ""weightp"": ""0"", ""wpp"": ""1""}"
x265,bestconfig,7305,single,89,46.87,6.57,46.87,6.967365026473999,"['Standard', '320p', 30, '10s']",0.0,6.967276334762573,0.0,"{""amp"": ""1"", ""aq-mode"": ""3"", ""aq-strength"": ""0.5"", ""b-adapt"": ""0"", ""bframes"": ""3"", ""crf"": ""22.0"", ""ctu"": ""64"", ""keyint"": ""203"", ""limit-refs"": ""1"", ""limit-tu"": ""2"", ""me"": ""dia"", ""merange"": ""19"", ""open-gop"": ""1"", ""psy-rd"": ""3.0"", ""psy-rdoq"": ""1.0"", ""qcomp"": ""0.8"", ""qpmax"": ""42"", ""qpmin"": ""12"", ""rc-lookahead"": ""26"", ""rd"": ""1"", ""rdoq-level"": ""0"", ""rect"": ""0"", ""ref"": ""5"", ""rskip"": ""0"", ""sao"": ""0"", ""scenecut"": ""77"", ""subme"": ""4"", ""tu-inter-depth"": ""4"", ""tu-intra-depth"": ""1"", ""weightb"": ""0"", ""weightp"": ""0"", ""wpp"": ""1""}"
x265,bestconfig,7305,single,90,45.33,6.79,45.33,7.184947967529297,"['Standard', '320p', 30, '10s']",0.0,7.18486213684082,0.0,"{""amp"": ""1"", ""aq-mode"": ""2"", ""aq-strength"": ""0.8"", ""b-adapt"": ""1"", ""bframes"": ""4"", ""crf"": ""32.0"", ""ctu"": ""32"", ""keyint"": ""174"", ""limit-refs"": ""0"", ""limit-tu"": ""3"", ""me"": ""full"", ""merange"": ""26"", ""open-gop"": ""0"", ""psy-rd"": ""0.0"", ""psy-rdoq"": ""0.0"", ""qcomp"": ""1.0"", ""qpmax"": ""44"", ""qpmin"": ""10"", ""rc-lookahead"": ""31"", ""rd"": ""1"", ""rdoq-level"": ""2"", ""rect"": ""1"", ""ref"": ""3"", ""rskip"": ""1"", ""sao"": ""1"", ""scenecut"": ""76"", ""subme"": ""5"", ""tu-inter-depth"": ""3"", ""tu-intra-depth"": ""2"", ""weightb"": ""0"", ""weightp"": ""1"", ""wpp"": ""0""}"
x265,bestconfig,7305,single,91,57.71,5.35,57.71,5.759520769119263,"['Standard', '320p', 30, '10s']",0.0,5.7594215869903564,0.0,"{""amp"": ""1"", ""aq-mode"": ""2"", ""aq-strength"": ""1.2"", ""b-adapt"": ""0"", ""bframes"": ""4"", ""crf"": ""20.0"", ""ctu"": ""16"", ""keyint"": ""171"", ""limit-refs"": ""2"", ""limit-tu"": ""1"", ""me"": ""star"", ""merange"": ""22"", ""open-gop"": ""1"", ""psy-rd"": ""1.5"", ""psy-rdoq"": ""4.0"", ""qcomp"": ""0.5"", ""qpmax"": ""40"", ""qpmin"": ""8"", ""rc-lookahead"": ""28"", ""rd"": ""1"", ""rdoq-level"": ""1"", ""rect"": ""0"", ""ref"": ""4"", ""rskip"": ""1"", ""sao"": ""1"", ""scenecut"": ""77"", ""subme"": ""5"", ""tu-inter-depth"": ""3"", ""tu-intra-depth"": ""3"", ""weightb"": ""1"", ""weightp"": ""1"", ""wpp"": ""1""}"
x265,bestconfig,7305,single,92,42.76,7.19,42.76,7.890785455703735,"['Standard', '320p', 30, '10s']",0.0,7.890641450881958,0.0,"{""amp"": ""0"", ""aq-mode"": ""2"", ""aq-strength"": ""2.0"", ""b-adapt"": ""1"", ""bframes"": ""5"", ""crf"": ""18.0"", ""ctu"": ""32"", ""keyint"": ""183"", ""limit-refs"": ""1"", ""limit-tu"": ""3"", ""me"": ""dia"", ""merange"": ""17"", ""open-gop"": ""1"", ""psy-rd"": ""3.5"", ""psy-rdoq"": ""0.5"", ""qcomp"": ""0.75"", ""qpmax"": ""42"", ""qpmin"": ""9"", ""rc-lookahead"": ""24"", ""rd"": ""2"", ""rdoq-level"": ""1"", ""rect"": ""0"", ""ref"": ""4"", ""rskip"": ""0"", ""sao"": ""0"", ""scenecut"": ""75"", ""subme"": ""4"", ""tu-inter-depth"": ""4"", ""tu-intra-depth"": ""2"", ""weightb"": ""0"", ""weightp"": ""0"", ""wpp"": ""1""}"
x265,bestconfig,7305,single,93,89.82,3.47,89.82,3.868101119995117,"['Standard', '320p', 30, '10s']",0.0,3.868014335632324,0.0,"{""amp"": ""1"", ""aq-mode"": ""1"", ""aq-strength"": ""1.5"", ""b-adapt"": ""0"", ""bframes"": ""5"", ""crf"": ""30.0"", ""ctu"": ""16"", ""keyint"": ""191"", ""limit-refs"": ""2"", ""limit-tu"": ""2"", ""me"": ""hex"", ""merange"": ""20"", ""open-gop"": ""1"", ""psy-rd"": ""2.0"", ""psy-rdoq"": ""2.0"", ""qcomp"": ""0.9"", ""qpmax"": ""40"", ""qpmin"": ""10"", ""rc-lookahead"": ""34"", ""rd"": ""1"", ""rdoq-level"": ""2"", ""rect"": ""1"", ""ref"": ""3"", ""rskip"": ""0"", ""sao"": ""0"", ""scenecut"": ""75"", ""subme"": ""4"", ""tu-inter-depth"": ""3"", ""tu-intra-depth"": ""1"", ""weightb"": ""0"", ""weightp"": ""1"", ""wpp"": ""0""}"
x265,bestconfig,7305,single,94,40.74,7.55,40.74,7.941560506820679,"['Standard', '320p', 30, '10s']",0.0,7.941463470458984,0.0,"{""amp"": ""0"", ""aq-mode"": ""2"", ""aq-strength"": ""1.0"", ""b-adapt"": ""1"", ""bframes"": ""4"", ""crf"": ""25.0"", ""ctu"": ""64"", ""keyint"": ""188"", ""limit-refs"": ""1"", ""limit-tu"": ""2"", ""me"": ""star"", ""merange"": ""18"", ""open-gop"": ""0"", ""psy-rd"": ""1.0"", ""psy-rdoq"": ""4.5"", ""qcomp"": ""0.6"", ""qpmax"": ""45"", ""qpmin"": ""11"", ""rc-lookahead"": ""33"", ""rd"": ""2"", ""rdoq-level"": ""0"", ""rect"": ""1"", ""ref"": ""5"", ""rskip"": ""1"", ""sao"": ""0"", ""scenecut"": ""78"", ""subme"": ""3"", ""tu-inter-depth"": ""3"", ""tu-intra-depth"": ""3"", ""weightb"": ""1"", ""weightp"": ""0"", ""wpp"": ""1""}"
x265,bestconfig,7305,single,95,33.96,9.04,33.96,9.439342498779297,"['Standard', '320p', 30, '10s']",0.0,9.4392569065094,0.0,"{""amp"": ""0"", ""aq-mode"": ""3"", ""aq-strength"": ""1.8"", ""b-adapt"": ""0"", ""bframes"": ""3"", ""crf"": ""18.0"", ""ctu"": ""16"", ""keyint"": ""195"", ""limit-refs"": ""1"", ""limit-tu"": ""1"", ""me"": ""hex"", ""merange"": ""26"", ""open-gop"": ""0"", ""psy-rd"": ""0.5"", ""psy-rdoq"": ""2.5"", ""qcomp"": ""0.7"", ""qpmax"": ""43"", ""qpmin"": ""11"", ""rc-lookahead"": ""36"", ""rd"": ""2"", ""rdoq-level"": ""1"", ""rect"": ""0"", ""ref"": ""4"", ""rskip"": ""0"", ""sao"": ""1"", ""scenecut"": ""74"", ""subme"": ""4"", ""tu-inter-depth"": ""3"", ""tu-intra-depth"": ""2"", ""weightb"": ""1"", ""weightp"": ""0"", ""wpp"": ""0""}"
x265,bestconfig,7305,single,96,33.15,9.25,33.15,9.646329402923584,"['Standard', '320p', 30, '10s']",0.0,9.646238088607788,0.0,"{""amp"": ""0"", ""aq-mode"": ""1"", ""aq-strength"": ""0.0"", ""b-adapt"": ""1"", ""bframes"": ""4"", ""crf"": ""28.0"", ""ctu"": ""32"", ""keyint"": ""166"", ""limit-refs"": ""0"", ""limit-tu"": ""2"", ""me"": ""umh"", ""merange"": ""24"", ""open-gop"": ""0"", ""psy-rd"": ""2.5"", ""psy-rdoq"": ""3.0"", ""qcomp"": ""0.5"", ""qpmax"": ""41"", ""qpmin"": ""9"", ""rc-lookahead"": ""30"", ""rd"": ""2"", ""rdoq-level"": ""1"", ""rect"": ""1"", ""ref"": ""4"", ""rskip"": ""1"", ""sao"": ""1"", ""scenecut"": ""73"", ""subme"": ""3"", ""tu-inter-depth"": ""3"", ""tu-intra-depth"": ""2"", ""weightb"": ""1"", ""weightp"": ""1"", ""wpp"": ""0""}"
x265,bestconfig,7305,single,97,29.03,10.55,29.03,10.95470905303955,"['Standard', '320p', 30, '10s']",0.0,10.954606771469116,0.0,"{""amp"": ""1"", ""aq-mode"": ""3"", ""aq-strength"": ""1.5"", ""b-adapt"": ""1"", ""bframes"": ""3"", ""crf"": ""18.0"", ""ctu"": ""32"", ""keyint"": ""347"", ""limit-refs"": ""0"", ""limit-tu"": ""1"", ""me"": ""star"", ""merange"": ""27"", ""open-gop"": ""1"", ""psy-rd"": ""0.0"", ""psy-rdoq"": ""4.5"", ""qcomp"": ""0.8"", ""qpmax"": ""24"", ""qpmin"": ""15"", ""rc-lookahead"": ""11"", ""rd"": ""1"", ""rdoq-level"": ""1"", ""rect"": ""0"", ""ref"": ""2"", ""rskip"": ""0"", ""sao"": ""0"", ""scenecut"": ""42"", ""subme"": ""4"", ""tu-inter-depth"": ""3"", ""tu-intra-depth"": ""2"", ""weightb"": ""0"", ""weightp"": ""1"", ""wpp"": ""1""}"
x265,bestconfig,7305,single,98,3.61,84.33,3.61,84.72867822647095,"['Standard', '320p', 30, '10s']",0.0,84.72857809066772,0.0,"{""amp"": ""1"", ""aq-mode"": ""1"", ""aq-strength"": ""1.0"", ""b-adapt"": ""1"", ""bframes"": ""5"", ""crf"": ""18.0"", ""ctu"": ""16"", ""keyint"": ""48"", ""limit-refs"": ""1"", ""limit-tu"": ""0"", ""me"": ""full"", ""merange"": ""44"", ""open-gop"": ""0"", ""psy-rd"": ""0.5"", ""psy-rdoq"": ""2.0"", ""qcomp"": ""0.5"", ""qpmax"": ""38"", ""qpmin"": ""8"", ""rc-lookahead"": ""19"", ""rd"": ""5"", ""rdoq-level"": ""1"", ""rect"": ""1"", ""ref"": ""1"", ""rskip"": ""1"", ""sao"": ""0"", ""scenecut"": ""67"", ""subme"": ""2"", ""tu-inter-depth"": ""3"", ""tu-intra-depth"": ""2"", ""weightb"": ""0"", ""weightp"": ""0"", ""wpp"": ""1""}"
x265,bestconfig,7305,single,99,5.24,58.1,5.24,58.496007442474365,"['Standard', '320p', 30, '10s']",0.0,58.49591636657715,0.0,"{""amp"": ""1"", ""aq-mode"": ""3"", ""aq-strength"": ""1.2"", ""b-adapt"": ""1"", ""bframes"": ""1"", ""crf"": ""32.0"", ""ctu"": ""64"", ""keyint"": ""430"", ""limit-refs"": ""3"", ""limit-tu"": ""2"", ""me"": ""dia"", ""merange"": ""33"", ""open-gop"": ""1"", ""psy-rd"": ""3.0"", ""psy-rdoq"": ""4.0"", ""qcomp"": ""1.0"", ""qpmax"": ""22"", ""qpmin"": ""4"", ""rc-lookahead"": ""45"", ""rd"": ""5"", ""rdoq-level"": ""1"", ""rect"": ""0"", ""ref"": ""6"", ""rskip"": ""0"", ""sao"": ""1"", ""scenecut"": ""97"", ""subme"": ""4"", ""tu-inter-depth"": ""3"", ""tu-intra-depth"": ""4"", ""weightb"": ""1"", ""weightp"": ""0"", ""wpp"": ""1""}"
x265,bestconfig,7305,single,100,26.37,11.64,26.37,12.144444227218628,"['Standard', '320p', 30, '10s']",0.0,12.144308805465698,0.0,"{""amp"": ""0"", ""aq-mode"": ""2"", ""aq-strength"": ""2.0"", ""b-adapt"": ""2"", ""bframes"": ""7"", ""crf"": ""28.0"", ""ctu"": ""16"", ""keyint"": ""188"", ""limit-refs"": ""3"", ""limit-tu"": ""3"", ""me"": ""hex"", ""merange"": ""20"", ""open-gop"": ""0"", ""psy-rd"": ""1.0"", ""psy-rdoq"": ""3.0"", ""qcomp"": ""0.9"", ""qpmax"": ""50"", ""qpmin"": ""11"", ""rc-lookahead"": ""29"", ""rd"": ""6"", ""rdoq-level"": ""0"", ""rect"": ""1"", ""ref"": ""3"", ""rskip"": ""0"", ""sao"": ""1"", ""scenecut"": ""21"", ""subme"": ""2"", ""tu-inter-depth"": ""1"", ""tu-intra-depth"": ""3"", ""weightb"": ""0"", ""weightp"": ""0"", ""wpp"": ""0""}"
x265,bestconfig,7305,single,101,50.23,6.15,50.23,6.5477283000946045,"['Standard', '320p', 30, '10s']",0.0,6.547638654708862,0.0,"{""amp"": ""0"", ""aq-mode"": ""4"", ""aq-strength"": ""0.0"", ""b-adapt"": ""0"", ""bframes"": ""6"", ""crf"": ""25.0"", ""ctu"": ""64"", ""keyint"": ""468"", ""limit-refs"": ""2"", ""limit-tu"": ""3"", ""me"": ""hex"", ""merange"": ""49"", ""open-gop"": ""1"", ""psy-rd"": ""1.5"", ""psy-rdoq"": ""0.0"", ""qcomp"": ""0.6"", ""qpmax"": ""41"", ""qpmin"": ""16"", ""rc-lookahead"": ""51"", ""rd"": ""2"", ""rdoq-level"": ""0"", ""rect"": ""1"", ""ref"": ""5"", ""rskip"": ""1"", ""sao"": ""0"", ""scenecut"": ""0"", ""subme"": ""3"", ""tu-inter-depth"": ""2"", ""tu-intra-depth"": ""1"", ""weightb"": ""1"", ""weightp"": ""1"", ""wpp"": ""0""}"
x265,bestconfig,7305,single,102,67.25,4.6,67.25,5.148800611495972,"['Standard', '320p', 30, '10s']",0.0,5.148700475692749,0.0,"{""amp"": ""0"", ""aq-mode"": ""2"", ""aq-strength"": ""0.8"", ""b-adapt"": ""2"", ""bframes"": ""7"", ""crf"": ""30.0"", ""ctu"": ""32"", ""keyint"": ""108"", ""limit-refs"": ""2"", ""limit-tu"": ""2"", ""me"": ""dia"", ""merange"": ""56"", ""open-gop"": ""1"", ""psy-rd"": ""2.0"", ""psy-rdoq"": ""0.5"", ""qcomp"": ""0.5"", ""qpmax"": ""45"", ""qpmin"": ""18"", ""rc-lookahead"": ""55"", ""rd"": ""4"", ""rdoq-level"": ""2"", ""rect"": ""0"", ""ref"": ""5"", ""rskip"": ""1"", ""sao"": ""1"", ""scenecut"": ""32"", ""subme"": ""1"", ""tu-inter-depth"": ""1"", ""tu-intra-depth"": ""3"", ""weightb"": ""1"", ""weightp"": ""1"", ""wpp"": ""1""}"
x265,bestconfig,7305,single,103,56.41,5.47,56.41,5.873777627944946,"['Standard', '320p', 30, '10s']",0.0,5.873679876327515,0.0,"{""amp"": ""1"", ""aq-mode"": ""1"", ""aq-strength"": ""1.8"", ""b-adapt"": ""1"", ""bframes"": ""2"", ""crf"": ""22.0"", ""ctu"": ""16"", ""keyint"": ""283"", ""limit-refs"": ""1"", ""limit-tu"": ""1"", ""me"": ""star"", ""merange"": ""62"", ""open-gop"": ""0"", ""psy-rd"": ""2.5"", ""psy-rdoq"": ""1.0"", ""qcomp"": ""0.75"", ""qpmax"": ""31"", ""qpmin"": ""7"", ""rc-lookahead"": ""27"", ""rd"": ""2"", ""rdoq-level"": ""1"", ""rect"": ""0"", ""ref"": ""4"", ""rskip"": ""1"", ""sao"": ""0"", ""scenecut"": ""76"", ""subme"": ""5"", ""tu-inter-depth"": ""2"", ""tu-intra-depth"": ""1"", ""weightb"": ""1"", ""weightp"": ""1"", ""wpp"": ""0""}"
x265,bestconfig,7305,single,104,18.06,16.92,18.06,17.316035985946655,"['Standard', '320p', 30, '10s']",0.0,17.315948247909546,0.0,"{""amp"": ""0"", ""aq-mode"": ""0"", ""aq-strength"": ""0.5"", ""b-adapt"": ""0"", ""bframes"": ""1"", ""crf"": ""20.0"", ""ctu"": ""32"", ""keyint"": ""203"", ""limit-refs"": ""1"", ""limit-tu"": ""4"", ""me"": ""umh"", ""merange"": ""40"", ""open-gop"": ""0"", ""psy-rd"": ""3.5"", ""psy-rdoq"": ""2.5"", ""qcomp"": ""0.7"", ""qpmax"": ""33"", ""qpmin"": ""2"", ""rc-lookahead"": ""39"", ""rd"": ""3"", ""rdoq-level"": ""2"", ""rect"": ""1"", ""ref"": ""2"", ""rskip"": ""0"", ""sao"": ""1"", ""scenecut"": ""51"", ""subme"": ""3"", ""tu-inter-depth"": ""3"", ""tu-intra-depth"": ""3"", ""weightb"": ""0"", ""weightp"": ""0"", ""wpp"": ""0""}"
x265,bestconfig,7305,single,105,31.77,9.66,31.77,10.194782018661499,"['Standard', '320p', 30, '10s']",0.0,10.194649696350098,0.0,"{""amp"": ""0"", ""aq-mode"": ""3"", ""aq-strength"": ""1.8"", ""b-adapt"": ""1"", ""bframes"": ""4"", ""crf"": ""18.0"", ""ctu"": ""32"", ""keyint"": ""169"", ""limit-refs"": ""0"", ""limit-tu"": ""2"", ""me"": ""dia"", ""merange"": ""20"", ""open-gop"": ""1"", ""psy-rd"": ""3.0"", ""psy-rdoq"": ""4.0"", ""qcomp"": ""0.6"", ""qpmax"": ""45"", ""qpmin"": ""12"", ""rc-lookahead"": ""35"", ""rd"": ""2"", ""rdoq-level"": ""2"", ""rect"": ""0"", ""ref"": ""3"", ""rskip"": ""1"", ""sao"": ""1"", ""scenecut"": ""91"", ""subme"": ""3"", ""tu-inter-depth"": ""4"", ""tu-intra-depth"": ""2"", ""weightb"": ""1"", ""weightp"": ""0"", ""wpp"": ""1""}"
x265,bestconfig,7305,single,106,41.59,7.4,41.59,7.8797101974487305,"['Standard', '320p', 30, '10s']",0.0,7.879566192626953,0.0,"{""amp"": ""1"", ""aq-mode"": ""2"", ""aq-strength"": ""0.5"", ""b-adapt"": ""1"", ""bframes"": ""3"", ""crf"": ""32.0"", ""ctu"": ""64"", ""keyint"": ""108"", ""limit-refs"": ""1"", ""limit-tu"": ""3"", ""me"": ""hex"", ""merange"": ""18"", ""open-gop"": ""0"", ""psy-rd"": ""0.0"", ""psy-rdoq"": ""2.5"", ""qcomp"": ""0.9"", ""qpmax"": ""42"", ""qpmin"": ""13"", ""rc-lookahead"": ""36"", ""rd"": ""2"", ""rdoq-level"": ""1"", ""rect"": ""1"", ""ref"": ""3"", ""rskip"": ""1"", ""sao"": ""0"", ""scenecut"": ""69"", ""subme"": ""4"", ""tu-inter-depth"": ""3"", ""tu-intra-depth"": ""3"", ""weightb"": ""1"", ""weightp"": ""1"", ""wpp"": ""0""}"
x265,bestconfig,7305,single,107,39.96,7.69,39.96,8.095813989639282,"['Standard', '320p', 30, '10s']",0.0,8.095723390579224,0.0,"{""amp"": ""1"", ""aq-mode"": ""2"", ""aq-strength"": ""1.0"", ""b-adapt"": ""0"", ""bframes"": ""4"", ""crf"": ""18.0"", ""ctu"": ""16"", ""keyint"": ""155"", ""limit-refs"": ""0"", ""limit-tu"": ""2"", ""me"": ""star"", ""merange"": ""16"", ""open-gop"": ""0"", ""psy-rd"": ""0.5"", ""psy-rdoq"": ""2.0"", ""qcomp"": ""0.75"", ""qpmax"": ""41"", ""qpmin"": ""9"", ""rc-lookahead"": ""29"", ""rd"": ""1"", ""rdoq-level"": ""1"", ""rect"": ""0"", ""ref"": ""4"", ""rskip"": ""0"", ""sao"": ""0"", ""scenecut"": ""83"", ""subme"": ""3"", ""tu-inter-depth"": ""3"", ""tu-intra-depth"": ""2"", ""weightb"": ""1"", ""weightp"": ""1"", ""wpp"": ""1""}"
x265,bestconfig,7305,single,108,37.15,8.27,37.15,8.657311201095581,"['Standard', '320p', 30, '10s']",0.0,8.657222509384155,0.0,"{""amp"": ""0"", ""aq-mode"": ""2"", ""aq-strength"": ""2.0"", ""b-adapt"": ""1"", ""bframes"": ""4"", ""crf"": ""30.0"", ""ctu"": ""64"", ""keyint"": ""143"", ""limit-refs"": ""2"", ""limit-tu"": ""2"", ""me"": ""hex"", ""merange"": ""17"", ""open-gop"": ""1"", ""psy-rd"": ""2.0"", ""psy-rdoq"": ""4.5"", ""qcomp"": ""0.5"", ""qpmax"": ""40"", ""qpmin"": ""14"", ""rc-lookahead"": ""34"", ""rd"": ""1"", ""rdoq-level"": ""2"", ""rect"": ""1"", ""ref"": ""5"", ""rskip"": ""0"", ""sao"": ""1"", ""scenecut"": ""97"", ""subme"": ""5"", ""tu-inter-depth"": ""3"", ""tu-intra-depth"": ""1"", ""weightb"": ""0"", ""weightp"": ""1"", ""wpp"": ""0""}"
x265,bestconfig,7305,single,109,73.85,4.2,73.85,4.595425128936768,"['Standard', '320p', 30, '10s']",0.0,4.59532356262207,0.0,"{""amp"": ""1"", ""aq-mode"": ""1"", ""aq-strength"": ""1.5"", ""b-adapt"": ""0"", ""bframes"": ""5"", ""crf"": ""22.0"", ""ctu"": ""32"", ""keyint"": ""131"", ""limit-refs"": ""2"", ""limit-tu"": ""2"", ""me"": ""dia"", ""merange"": ""19"", ""open-gop"": ""1"", ""psy-rd"": ""3.5"", ""psy-rdoq"": ""0.0"", ""qcomp"": ""1.0"", ""qpmax"": ""38"", ""qpmin"": ""10"", ""rc-lookahead"": ""33"", ""rd"": ""1"", ""rdoq-level"": ""0"", ""rect"": ""0"", ""ref"": ""4"", ""rskip"": ""1"", ""sao"": ""0"", ""scenecut"": ""86"", ""subme"": ""4"", ""tu-inter-depth"": ""4"", ""tu-intra-depth"": ""2"", ""weightb"": ""0"", ""weightp"": ""1"", ""wpp"": ""0""}"
x265,bestconfig,7305,single,110,96.04,3.33,96.04,3.881929397583008,"['Standard', '320p', 30, '10s']",0.0,3.8818328380584717,0.0,"{""amp"": ""0"", ""aq-mode"": ""1"", ""aq-strength"": ""1.2"", ""b-adapt"": ""0"", ""bframes"": ""4"", ""crf"": ""28.0"", ""ctu"": ""16"", ""keyint"": ""183"", ""limit-refs"": ""1"", ""limit-tu"": ""3"", ""me"": ""star"", ""merange"": ""19"", ""open-gop"": ""0"", ""psy-rd"": ""2.5"", ""psy-rdoq"": ""1.0"", ""qcomp"": ""0.7"", ""qpmax"": ""40"", ""qpmin"": ""8"", ""rc-lookahead"": ""38"", ""rd"": ""1"", ""rdoq-level"": ""0"", ""rect"": ""0"", ""ref"": ""5"", ""rskip"": ""0"", ""sao"": ""1"", ""scenecut"": ""81"", ""subme"": ""4"", ""tu-inter-depth"": ""3"", ""tu-intra-depth"": ""3"", ""weightb"": ""0"", ""weightp"": ""0"", ""wpp"": ""0""}"
x265,bestconfig,7305,single,111,12.52,24.37,12.52,24.771953582763672,"['Standard', '320p', 30, '10s']",0.0,24.771862268447876,0.0,"{""amp"": ""1"", ""aq-mode"": ""2"", ""aq-strength"": ""0.8"", ""b-adapt"": ""0"", ""bframes"": ""3"", ""crf"": ""20.0"", ""ctu"": ""16"", ""keyint"": ""120"", ""limit-refs"": ""1"", ""limit-tu"": ""1"", ""me"": ""full"", ""merange"": ""18"", ""open-gop"": ""1"", ""psy-rd"": ""1.5"", ""psy-rdoq"": ""0.5"", ""qcomp"": ""0.8"", ""qpmax"": ""43"", ""qpmin"": ""11"", ""rc-lookahead"": ""38"", ""rd"": ""2"", ""rdoq-level"": ""1"", ""rect"": ""1"", ""ref"": ""4"", ""rskip"": ""0"", ""sao"": ""1"", ""scenecut"": ""71"", ""subme"": ""4"", ""tu-inter-depth"": ""3"", ""tu-intra-depth"": ""2"", ""weightb"": ""1"", ""weightp"": ""0"", ""wpp"": ""1""}"
x265,bestconfig,7305,single,112,36.77,8.35,36.77,8.745609760284424,"['Standard', '320p', 30, '10s']",0.0,8.745518922805786,0.0,"{""amp"": ""0"", ""aq-mode"": ""3"", ""aq-strength"": ""0.0"", ""b-adapt"": ""1"", ""bframes"": ""5"", ""crf"": ""25.0"", ""ctu"": ""32"", ""keyint"": ""162"", ""limit-refs"": ""1"", ""limit-tu"": ""1"", ""me"": ""umh"", ""merange"": ""17"", ""open-gop"": ""0"", ""psy-rd"": ""1.0"", ""psy-rdoq"": ""3.0"", ""qcomp"": ""0.5"", ""qpmax"": ""43"", ""qpmin"": ""14"", ""rc-lookahead"": ""30"", ""rd"": ""2"", ""rdoq-level"": ""1"", ""rect"": ""1"", ""ref"": ""4"", ""rskip"": ""1"", ""sao"": ""0"", ""scenecut"": ""76"", ""subme"": ""5"", ""tu-inter-depth"": ""3"", ""tu-intra-depth"": ""1"", ""weightb"": ""0"", ""weightp"": ""0"", ""wpp"": ""1""}"
x265,bestconfig,7305,single,113,66.65,4.64,66.65,5.041698932647705,"['Standard', '320p', 30, '10s']",0.0,5.0416059494018555,0.0,"{""amp"": ""1"", ""aq-mode"": ""2"", ""aq-strength"": ""1.8"", ""b-adapt"": ""2"", ""bframes"": ""7"", ""crf"": ""30.0"", ""ctu"": ""16"", ""keyint"": ""132"", ""limit-refs"": ""3"", ""limit-tu"": ""1"", ""me"": ""star"", ""merange"": ""36"", ""open-gop"": ""0"", ""psy-rd"": ""0.0"", ""psy-rdoq"": ""4.5"", ""qcomp"": ""0.8"", ""qpmax"": ""42"", ""qpmin"": ""13"", ""rc-lookahead"": ""57"", ""rd"": ""2"", ""rdoq-level"": ""0"", ""rect"": ""0"", ""ref"": ""5"", ""rskip"": ""1"", ""sao"": ""1"", ""scenecut"": ""31"", ""subme"": ""4"", ""tu-inter-depth"": ""3"", ""tu-intra-depth"": ""2"", ""weightb"": ""0"", ""weightp"": ""0"", ""wpp"": ""1""}"
x265,bestconfig,7305,single,114,9.32,32.71,9.32,33.11047577857971,"['Standard', '320p', 30, '10s']",0.0,33.11038136482239,0.0,"{""amp"": ""0"", ""aq-mode"": ""1"", ""aq-strength"": ""1.0"", ""b-adapt"": ""0"", ""bframes"": ""0"", ""crf"": ""22.0"", ""ctu"": ""16"", ""keyint"": ""340"", ""limit-refs"": ""0"", ""limit-tu"": ""0"", ""me"": ""hex"", ""merange"": ""51"", ""open-gop"": ""1"", ""psy-rd"": ""2.0"", ""psy-rdoq"": ""2.5"", ""qcomp"": ""0.9"", ""qpmax"": ""49"", ""qpmin"": ""17"", ""rc-lookahead"": ""27"", ""rd"": ""5"", ""rdoq-level"": ""1"", ""rect"": ""1"", ""ref"": ""1"", ""rskip"": ""0"", ""sao"": ""1"", ""scenecut"": ""56"", ""subme"": ""4"", ""tu-inter-depth"": ""2"", ""tu-intra-depth"": ""3"", ""weightb"": ""0"", ""weightp"": ""1"", ""wpp"": ""0""}"
x265,bestconfig,7305,single,115,18.42,16.58,18.42,16.989904642105103,"['Standard', '320p', 30, '10s']",0.0,16.989813089370728,0.0,"{""amp"": ""0"", ""aq-mode"": ""3"", ""aq-strength"": ""1.5"", ""b-adapt"": ""1"", ""bframes"": ""4"", ""crf"": ""18.0"", ""ctu"": ""32"", ""keyint"": ""426"", ""limit-refs"": ""2"", ""limit-tu"": ""1"", ""me"": ""hex"", ""merange"": ""28"", ""open-gop"": ""0"", ""psy-rd"": ""1.0"", ""psy-rdoq"": ""0.5"", ""qcomp"": ""0.7"", ""qpmax"": ""45"", ""qpmin"": ""11"", ""rc-lookahead"": ""18"", ""rd"": ""4"", ""rdoq-level"": ""1"", ""rect"": ""0"", ""ref"": ""5"", ""rskip"": ""1"", ""sao"": ""0"", ""scenecut"": ""66"", ""subme"": ""5"", ""tu-inter-depth"": ""4"", ""tu-intra-depth"": ""3"", ""weightb"": ""1"", ""weightp"": ""1"", ""wpp"": ""1""}"
x265,bestconfig,7305,single,116,1.3,234.03,1.3,234.4918451309204,"['Standard', '320p', 30, '10s']",0.0,234.49174523353577,0.0,"{""amp"": ""1"", ""aq-mode"": ""4"", ""aq-strength"": ""0.0"", ""b-adapt"": ""1"", ""bframes"": ""5"", ""crf"": ""20.0"", ""ctu"": ""32"", ""keyint"": ""492"", ""limit-refs"": ""2"", ""limit-tu"": ""2"", ""me"": ""full"", ""merange"": ""43"", ""open-gop"": ""0"", ""psy-rd"": ""1.5"", ""psy-rdoq"": ""0.0"", ""qcomp"": ""0.6"", ""qpmax"": ""25"", ""qpmin"": ""2"", ""rc-lookahead"": ""39"", ""rd"": ""6"", ""rdoq-level"": ""2"", ""rect"": ""1"", ""ref"": ""6"", ""rskip"": ""0"", ""sao"": ""0"", ""scenecut"": ""89"", ""subme"": ""1"", ""tu-inter-depth"": ""2"", ""tu-intra-depth"": ""1"", ""weightb"": ""0"", ""weightp"": ""0"", ""wpp"": ""1""}"
x265,bestconfig,7305,single,117,27.96,10.96,27.96,11.372627019882202,"['Standard', '320p', 30, '10s']",0.0,11.372536182403564,0.0,"{""amp"": ""0"", ""aq-mode"": ""3"", ""aq-strength"": ""0.8"", ""b-adapt"": ""1"", ""bframes"": ""3"", ""crf"": ""18.0"", ""ctu"": ""64"", ""keyint"": ""75"", ""limit-refs"": ""1"", ""limit-tu"": ""2"", ""me"": ""star"", ""merange"": ""17"", ""open-gop"": ""0"", ""psy-rd"": ""3.0"", ""psy-rdoq"": ""3.0"", ""qcomp"": ""0.75"", ""qpmax"": ""31"", ""qpmin"": ""9"", ""rc-lookahead"": ""50"", ""rd"": ""3"", ""rdoq-level"": ""2"", ""rect"": ""0"", ""ref"": ""4"", ""rskip"": ""1"", ""sao"": ""0"", ""scenecut"": ""19"", ""subme"": ""3"", ""tu-inter-depth"": ""1"", ""tu-intra-depth"": ""2"", ""weightb"": ""1"", ""weightp"": ""0"", ""wpp"": ""1""}"
x265,bestconfig,7305,single,118,52.8,5.84,52.8,6.236093044281006,"['Standard', '320p', 30, '10s']",0.0,6.236007213592529,0.0,"{""amp"": ""1"", ""aq-mode"": ""0"", ""aq-strength"": ""2.0"", ""b-adapt"": ""2"", ""bframes"": ""7"", ""crf"": ""25.0"", ""ctu"": ""32"", ""keyint"": ""316"", ""limit-refs"": ""2"", ""limit-tu"": ""3"", ""me"": ""dia"", ""merange"": ""63"", ""open-gop"": ""1"", ""psy-rd"": ""3.5"", ""psy-rdoq"": ""1.0"", ""qcomp"": ""0.5"", ""qpmax"": ""33"", ""qpmin"": ""6"", ""rc-lookahead"": ""14"", ""rd"": ""4"", ""rdoq-level"": ""0"", ""rect"": ""0"", ""ref"": ""2"", ""rskip"": ""0"", ""sao"": ""1"", ""scenecut"": ""5"", ""subme"": ""3"", ""tu-inter-depth"": ""3"", ""tu-intra-depth"": ""4"", ""weightb"": ""1"", ""weightp"": ""1"", ""wpp"": ""0""}"
x265,bestconfig,7305,single,119,56.95,5.42,56.95,5.822938442230225,"['Standard', '320p', 30, '10s']",0.0,5.822848558425903,0.0,"{""amp"": ""0"", ""aq-mode"": ""1"", ""aq-strength"": ""0.5"", ""b-adapt"": ""0"", ""bframes"": ""3"", ""crf"": ""32.0"", ""ctu"": ""16"", ""keyint"": ""245"", ""limit-refs"": ""1"", ""limit-tu"": ""3"", ""me"": ""dia"", ""merange"": ""26"", ""open-gop"": ""1"", ""psy-rd"": ""0.5"", ""psy-rdoq"": ""2.0"", ""qcomp"": ""0.5"", ""qpmax"": ""24"", ""qpmin"": ""3"", ""rc-lookahead"": ""42"", ""rd"": ""1"", ""rdoq-level"": ""1"", ""rect"": ""1"", ""ref"": ""3"", ""rskip"": ""1"", ""sao"": ""1"", ""scenecut"": ""38"", ""subme"": ""2"", ""tu-inter-depth"": ""2"", ""tu-intra-depth"": ""3"", ""weightb"": ""1"", ""weightp"": ""0"", ""wpp"": ""0""}"
x265,bestconfig,7305,single,120,21.82,14.02,21.82,14.411053895950317,"['Standard', '320p', 30, '10s']",0.0,14.410959005355835,0.0,"{""amp"": ""1"", ""aq-mode"": ""2"", ""aq-strength"": ""1.2"", ""b-adapt"": ""1"", ""bframes"": ""2"", ""crf"": ""28.0"", ""ctu"": ""64"", ""keyint"": ""189"", ""limit-refs"": ""1"", ""limit-tu"": ""4"", ""me"": ""umh"", ""merange"": ""54"", ""open-gop"": ""1"", ""psy-rd"": ""2.5"", ""psy-rdoq"": ""4.0"", ""qcomp"": ""1.0"", ""qpmax"": ""38"", ""qpmin"": ""18"", ""rc-lookahead"": ""32"", ""rd"": ""3"", ""rdoq-level"": ""1"", ""rect"": ""1"", ""ref"": ""2"", ""rskip"": ""0"", ""sao"": ""0"", ""scenecut"": ""86"", ""subme"": ""2"", ""tu-inter-depth"": ""3"", ""tu-intra-depth"": ""2"", ""weightb"": ""0"", ""weightp"": ""1"", ""wpp"": ""0""}"
x265,bestconfig,7305,single,121,59.6,5.18,59.6,5.564868927001953,"['Standard', '320p', 30, '10s']",0.0,5.564777135848999,0.0,"{""amp"": ""0"", ""aq-mode"": ""1"", ""aq-strength"": ""1.2"", ""b-adapt"": ""1"", ""bframes"": ""5"", ""crf"": ""25.0"", ""ctu"": ""32"", ""keyint"": ""143"", ""limit-refs"": ""1"", ""limit-tu"": ""2"", ""me"": ""hex"", ""merange"": ""16"", ""open-gop"": ""0"", ""psy-rd"": ""1.5"", ""psy-rdoq"": ""1.0"", ""qcomp"": ""0.7"", ""qpmax"": ""41"", ""qpmin"": ""12"", ""rc-lookahead"": ""31"", ""rd"": ""1"", ""rdoq-level"": ""2"", ""rect"": ""1"", ""ref"": ""3"", ""rskip"": ""0"", ""sao"": ""0"", ""scenecut"": ""74"", ""subme"": ""3"", ""tu-inter-depth"": ""4"", ""tu-intra-depth"": ""3"", ""weightb"": ""0"", ""weightp"": ""1"", ""wpp"": ""1""}"
x265,bestconfig,7305,single,122,61.88,5.07,61.88,5.545243263244629,"['Standard', '320p', 30, '10s']",0.0,5.545153856277466,0.0,"{""amp"": ""0"", ""aq-mode"": ""1"", ""aq-strength"": ""0.0"", ""b-adapt"": ""1"", ""bframes"": ""3"", ""crf"": ""28.0"", ""ctu"": ""32"", ""keyint"": ""157"", ""limit-refs"": ""2"", ""limit-tu"": ""2"", ""me"": ""dia"", ""merange"": ""17"", ""open-gop"": ""1"", ""psy-rd"": ""2.0"", ""psy-rdoq"": ""4.5"", ""qcomp"": ""0.75"", ""qpmax"": ""39"", ""qpmin"": ""10"", ""rc-lookahead"": ""29"", ""rd"": ""1"", ""rdoq-level"": ""2"", ""rect"": ""1"", ""ref"": ""4"", ""rskip"": ""1"", ""sao"": ""1"", ""scenecut"": ""83"", ""subme"": ""5"", ""tu-inter-depth"": ""4"", ""tu-intra-depth"": ""2"", ""weightb"": ""0"", ""weightp"": ""1"", ""wpp"": ""0""}"
x265,bestconfig,7305,single,123,37.06,8.28,37.06,8.691098690032959,"['Standard', '320p', 30, '10s']",0.0,8.691012620925903,0.0,"{""amp"": ""1"", ""aq-mode"": ""2"", ""aq-strength"": ""1.0"", ""b-adapt"": ""1"", ""bframes"": ""4"", ""crf"": ""18.0"", ""ctu"": ""16"", ""keyint"": ""133"", ""limit-refs"": ""1"", ""limit-tu"": ""1"", ""me"": ""star"", ""merange"": ""17"", ""open-gop"": ""1"", ""psy-rd"": ""3.5"", ""psy-rdoq"": ""0.5"", ""qcomp"": ""0.8"", ""qpmax"": ""38"", ""qpmin"": ""13"", ""rc-lookahead"": ""32"", ""rd"": ""2"", ""rdoq-level"": ""1"", ""rect"": ""0"", ""ref"": ""4"", ""rskip"": ""1"", ""sao"": ""0"", ""scenecut"": ""78"", ""subme"": ""4"", ""tu-inter-depth"": ""3"", ""tu-intra-depth"": ""1"", ""weightb"": ""0"", ""weightp"": ""1"", ""wpp"": ""1""}"
x265,bestconfig,7305,single,124,58.27,5.3,58.27,5.691359281539917,"['Standard', '320p', 30, '10s']",0.0,5.691259384155273,0.0,"{""amp"": ""0"", ""aq-mode"": ""2"", ""aq-strength"": ""1.5"", ""b-adapt"": ""0"", ""bframes"": ""3"", ""crf"": ""22.0"", ""ctu"": ""32"", ""keyint"": ""185"", ""limit-refs"": ""1"", ""limit-tu"": ""3"", ""me"": ""hex"", ""merange"": ""16"", ""open-gop"": ""0"", ""psy-rd"": ""0.5"", ""psy-rdoq"": ""4.0"", ""qcomp"": ""0.6"", ""qpmax"": ""42"", ""qpmin"": ""12"", ""rc-lookahead"": ""30"", ""rd"": ""2"", ""rdoq-level"": ""1"", ""rect"": ""0"", ""ref"": ""4"", ""rskip"": ""1"", ""sao"": ""1"", ""scenecut"": ""67"", ""subme"": ""4"", ""tu-inter-depth"": ""3"", ""tu-intra-depth"": ""3"", ""weightb"": ""0"", ""weightp"": ""0"", ""wpp"": ""1""}"
x265,bestconfig,7305,single,125,55.85,5.52,55.85,5.914212226867676,"['Standard', '320p', 30, '10s']",0.0,5.914125919342041,0.0,"{""amp"": ""1"", ""aq-mode"": ""3"", ""aq-strength"": ""1.8"", ""b-adapt"": ""0"", ""bframes"": ""4"", ""crf"": ""30.0"", ""ctu"": ""16"", ""keyint"": ""148"", ""limit-refs"": ""0"", ""limit-tu"": ""2"", ""me"": ""star"", ""merange"": ""17"", ""open-gop"": ""0"", ""psy-rd"": ""1.0"", ""psy-rdoq"": ""3.0"", ""qcomp"": ""0.5"", ""qpmax"": ""40"", ""qpmin"": ""11"", ""rc-lookahead"": ""29"", ""rd"": ""2"", ""rdoq-level"": ""0"", ""rect"": ""1"", ""ref"": ""4"", ""rskip"": ""0"", ""sao"": ""1"", ""scenecut"": ""81"", ""subme"": ""3"", ""tu-inter-depth"": ""3"", ""tu-intra-depth"": ""2"", ""weightb"": ""1"", ""weightp"": ""0"", ""wpp"": ""1""}"
x265,bestconfig,7305,single,126,26.87,11.4,26.87,11.806764125823975,"['Standard', '320p', 30, '10s']",0.0,11.80667233467102,0.0,"{""amp"": ""1"", ""aq-mode"": ""2"", ""aq-strength"": ""0.5"", ""b-adapt"": ""1"", ""bframes"": ""4"", ""crf"": ""18.0"", ""ctu"": ""16"", ""keyint"": ""179"", ""limit-refs"": ""1"", ""limit-tu"": ""3"", ""me"": ""full"", ""merange"": ""16"", ""open-gop"": ""1"", ""psy-rd"": ""2.5"", ""psy-rdoq"": ""0.0"", ""qcomp"": ""1.0"", ""qpmax"": ""40"", ""qpmin"": ""11"", ""rc-lookahead"": ""27"", ""rd"": ""2"", ""rdoq-level"": ""1"", ""rect"": ""0"", ""ref"": ""5"", ""rskip"": ""0"", ""sao"": ""0"", ""scenecut"": ""70"", ""subme"": ""5"", ""tu-inter-depth"": ""3"", ""tu-intra-depth"": ""2"", ""weightb"": ""1"", ""weightp"": ""1"", ""wpp"": ""0""}"
x265,bestconfig,7305,single,127,56.46,5.47,56.46,5.856077194213867,"['Standard', '320p', 30, '10s']",0.0,5.855978012084961,0.0,"{""amp"": ""0"", ""aq-mode"": ""2"", ""aq-strength"": ""0.8"", ""b-adapt"": ""0"", ""bframes"": ""4"", ""crf"": ""32.0"", ""ctu"": ""64"", ""keyint"": ""165"", ""limit-refs"": ""2"", ""limit-tu"": ""2"", ""me"": ""dia"", ""merange"": ""17"", ""open-gop"": ""0"", ""psy-rd"": ""3.0"", ""psy-rdoq"": ""2.5"", ""qcomp"": ""0.5"", ""qpmax"": ""39"", ""qpmin"": ""10"", ""rc-lookahead"": ""31"", ""rd"": ""1"", ""rdoq-level"": ""0"", ""rect"": ""0"", ""ref"": ""3"", ""rskip"": ""0"", ""sao"": ""1"", ""scenecut"": ""72"", ""subme"": ""4"", ""tu-inter-depth"": ""3"", ""tu-intra-depth"": ""2"", ""weightb"": ""1"", ""weightp"": ""0"", ""wpp"": ""0""}"
x265,bestconfig,7305,single,128,18.76,16.3,18.76,16.688101530075073,"['Standard', '320p', 30, '10s']",0.0,16.68800973892212,0.0,"{""amp"": ""1"", ""aq-mode"": ""3"", ""aq-strength"": ""2.0"", ""b-adapt"": ""0"", ""bframes"": ""5"", ""crf"": ""20.0"", ""ctu"": ""64"", ""keyint"": ""168"", ""limit-refs"": ""0"", ""limit-tu"": ""1"", ""me"": ""umh"", ""merange"": ""16"", ""open-gop"": ""1"", ""psy-rd"": ""0.0"", ""psy-rdoq"": ""2.0"", ""qcomp"": ""0.9"", ""qpmax"": ""41"", ""qpmin"": ""9"", ""rc-lookahead"": ""28"", ""rd"": ""1"", ""rdoq-level"": ""1"", ""rect"": ""1"", ""ref"": ""5"", ""rskip"": ""1"", ""sao"": ""0"", ""scenecut"": ""85"", ""subme"": ""4"", ""tu-inter-depth"": ""4"", ""tu-intra-depth"": ""1"", ""weightb"": ""1"", ""weightp"": ""0"", ""wpp"": ""0""}"
x265,bestconfig,7305,single,129,8.43,36.17,8.43,36.57791018486023,"['Standard', '320p', 30, '10s']",0.0,36.57781720161438,0.0,"{""amp"": ""0"", ""aq-mode"": ""4"", ""aq-strength"": ""0.8"", ""b-adapt"": ""2"", ""bframes"": ""2"", ""crf"": ""20.0"", ""ctu"": ""16"", ""keyint"": ""194"", ""limit-refs"": ""2"", ""limit-tu"": ""1"", ""me"": ""star"", ""merange"": ""44"", ""open-gop"": ""0"", ""psy-rd"": ""2.0"", ""psy-rdoq"": ""4.0"", ""qcomp"": ""0.7"", ""qpmax"": ""45"", ""qpmin"": ""11"", ""rc-lookahead"": ""27"", ""rd"": ""6"", ""rdoq-level"": ""1"", ""rect"": ""1"", ""ref"": ""6"", ""rskip"": ""0"", ""sao"": ""0"", ""scenecut"": ""8"", ""subme"": ""4"", ""tu-inter-depth"": ""3"", ""tu-intra-depth"": ""2"", ""weightb"": ""1"", ""weightp"": ""1"", ""wpp"": ""0""}"
x265,bestconfig,7305,single,130,53.17,5.8,53.17,6.197570323944092,"['Standard', '320p', 30, '10s']",0.0,6.197481870651245,0.0,"{""amp"": ""0"", ""aq-mode"": ""2"", ""aq-strength"": ""2.0"", ""b-adapt"": ""2"", ""bframes"": ""7"", ""crf"": ""18.0"", ""ctu"": ""32"", ""keyint"": ""435"", ""limit-refs"": ""3"", ""limit-tu"": ""3"", ""me"": ""hex"", ""merange"": ""63"", ""open-gop"": ""0"", ""psy-rd"": ""0.5"", ""psy-rdoq"": ""0.0"", ""qcomp"": ""0.6"", ""qpmax"": ""34"", ""qpmin"": ""14"", ""rc-lookahead"": ""16"", ""rd"": ""2"", ""rdoq-level"": ""0"", ""rect"": ""0"", ""ref"": ""5"", ""rskip"": ""1"", ""sao"": ""1"", ""scenecut"": ""32"", ""subme"": ""2"", ""tu-inter-depth"": ""1"", ""tu-intra-depth"": ""3"", ""weightb"": ""1"", ""weightp"": ""0"", ""wpp"": ""0""}"
x265,bestconfig,7305,single,131,48.2,6.4,48.2,6.798185586929321,"['Standard', '320p', 30, '10s']",0.0,6.79809045791626,0.0,"{""amp"": ""1"", ""aq-mode"": ""1"", ""aq-strength"": ""1.2"", ""b-adapt"": ""0"", ""bframes"": ""3"", ""crf"": ""25.0"", ""ctu"": ""64"", ""keyint"": ""108"", ""limit-refs"": ""0"", ""limit-tu"": ""3"", ""me"": ""hex"", ""merange"": ""32"", ""open-gop"": ""1"", ""psy-rd"": ""1.5"", ""psy-rdoq"": ""0.5"", ""qcomp"": ""0.75"", ""qpmax"": ""37"", ""qpmin"": ""7"", ""rc-lookahead"": ""37"", ""rd"": ""3"", ""rdoq-level"": ""0"", ""rect"": ""0"", ""ref"": ""3"", ""rskip"": ""1"", ""sao"": ""0"", ""scenecut"": ""56"", ""subme"": ""5"", ""tu-inter-depth"": ""1"", ""tu-intra-depth"": ""2"", ""weightb"": ""0"", ""weightp"": ""0"", ""wpp"": ""0""}"
x265,bestconfig,7305,single,132,3.18,95.66,3.18,96.06846141815186,"['Standard', '320p', 30, '10s']",0.0,96.0683581829071,0.0,"{""amp"": ""1"", ""aq-mode"": ""2"", ""aq-strength"": ""1.8"", ""b-adapt"": ""1"", ""bframes"": ""4"", ""crf"": ""18.0"", ""ctu"": ""16"", ""keyint"": ""465"", ""limit-refs"": ""2"", ""limit-tu"": ""2"", ""me"": ""full"", ""merange"": ""51"", ""open-gop"": ""0"", ""psy-rd"": ""3.0"", ""psy-rdoq"": ""4.5"", ""qcomp"": ""0.9"", ""qpmax"": ""20"", ""qpmin"": ""2"", ""rc-lookahead"": ""47"", ""rd"": ""4"", ""rdoq-level"": ""2"", ""rect"": ""1"", ""ref"": ""2"", ""rskip"": ""0"", ""sao"": ""1"", ""scenecut"": ""98"", ""subme"": ""1"", ""tu-inter-depth"": ""3"", ""tu-intra-depth"": ""3"", ""weightb"": ""0"", ""weightp"": ""0"", ""wpp"": ""0""}"
x265,bestconfig,7305,single,133,19.91,15.35,19.91,15.740317821502686,"['Standard', '320p', 30, '10s']",0.0,15.740225791931152,0.0,"{""amp"": ""0"", ""aq-mode"": ""1"", ""aq-strength"": ""0.0"", ""b-adapt"": ""1"", ""bframes"": ""7"", ""crf"": ""28.0"", ""ctu"": ""32"", ""keyint"": ""271"", ""limit-refs"": ""2"", ""limit-tu"": ""4"", ""me"": ""dia"", ""merange"": ""38"", ""open-gop"": ""1"", ""psy-rd"": ""2.5"", ""psy-rdoq"": ""3.0"", ""qcomp"": ""1.0"", ""qpmax"": ""31"", ""qpmin"": ""17"", ""rc-lookahead"": ""19"", ""rd"": ""5"", ""rdoq-level"": ""1"", ""rect"": ""1"", ""ref"": ""2"", ""rskip"": ""1"", ""sao"": ""0"", ""scenecut"": ""21"", ""subme"": ""2"", ""tu-inter-depth"": ""3"", ""tu-intra-depth"": ""1"", ""weightb"": ""1"", ""weightp"": ""0"", ""wpp"": ""1""}"
x265,bestconfig,7305,single,134,10.11,30.16,10.11,30.689358711242676,"['Standard', '320p', 30, '10s']",0.0,30.68921709060669,0.0,"{""amp"": ""0"", ""aq-mode"": ""3"", ""aq-strength"": ""0.5"", ""b-adapt"": ""0"", ""bframes"": ""6"", ""crf"": ""30.0"", ""ctu"": ""16"", ""keyint"": ""53"", ""limit-refs"": ""1"", ""limit-tu"": ""1"", ""me"": ""star"", ""merange"": ""25"", ""open-gop"": ""1"", ""psy-rd"": ""1.0"", ""psy-rdoq"": ""2.0"", ""qcomp"": ""0.5"", ""qpmax"": ""25"", ""qpmin"": ""18"", ""rc-lookahead"": ""34"", ""rd"": ""5"", ""rdoq-level"": ""1"", ""rect"": ""1"", ""ref"": ""4"", ""rskip"": ""0"", ""sao"": ""1"", ""scenecut"": ""50"", ""subme"": ""3"", ""tu-inter-depth"": ""2"", ""tu-intra-depth"": ""2"", ""weightb"": ""1"", ""weightp"": ""1"", ""wpp"": ""1""}"
x265,bestconfig,7305,single,135,101.0,3.09,101.0,3.5058376789093018,"['Standard', '320p', 30, '10s']",0.0,3.5057549476623535,0.0,"{""amp"": ""1"", ""aq-mode"": ""3"", ""aq-strength"": ""1.5"", ""b-adapt"": ""1"", ""bframes"": ""0"", ""crf"": ""32.0"", ""ctu"": ""64"", ""keyint"": ""349"", ""limit-refs"": ""1"", ""limit-tu"": ""2"", ""me"": ""dia"", ""merange"": ""20"", ""open-gop"": ""1"", ""psy-rd"": ""0.0"", ""psy-rdoq"": ""1.0"", ""qcomp"": ""0.5"", ""qpmax"": ""41"", ""qpmin"": ""9"", ""rc-lookahead"": ""52"", ""rd"": ""2"", ""rdoq-level"": ""1"", ""rect"": ""0"", ""ref"": ""3"", ""rskip"": ""1"", ""sao"": ""0"", ""scenecut"": ""76"", ""subme"": ""3"", ""tu-inter-depth"": ""2"", ""tu-intra-depth"": ""3"", ""weightb"": ""0"", ""weightp"": ""1"", ""wpp"": ""1""}"
x265,bestconfig,7305,single,136,26.11,11.73,26.11,12.125903129577637,"['Standard', '320p', 30, '10s']",0.0,12.125815629959106,0.0,"{""amp"": ""1"", ""aq-mode"": ""0"", ""aq-strength"": ""1.0"", ""b-adapt"": ""1"", ""bframes"": ""5"", ""crf"": ""22.0"", ""ctu"": ""32"", ""keyint"": ""213"", ""limit-refs"": ""1"", ""limit-tu"": ""0"", ""me"": ""umh"", ""merange"": ""56"", ""open-gop"": ""0"", ""psy-rd"": ""3.5"", ""psy-rdoq"": ""2.5"", ""qcomp"": ""0.8"", ""qpmax"": ""48"", ""qpmin"": ""3"", ""rc-lookahead"": ""59"", ""rd"": ""1"", ""rdoq-level"": ""2"", ""rect"": ""0"", ""ref"": ""4"", ""rskip"": ""0"", ""sao"": ""1"", ""scenecut"": ""69"", ""subme"": ""4"", ""tu-inter-depth"": ""4"", ""tu-intra-depth"": ""3"", ""weightb"": ""0"", ""weightp"": ""1"", ""wpp"": ""1""}"
x265,bestconfig,7305,single,137,37.02,8.3,37.02,8.67065954208374,"['Standard', '320p', 30, '10s']",0.0,8.670570611953735,0.0,"{""amp"": ""0"", ""aq-mode"": ""2"", ""aq-strength"": ""0.5"", ""b-adapt"": ""1"", ""bframes"": ""4"", ""crf"": ""32.0"", ""ctu"": ""64"", ""keyint"": ""178"", ""limit-refs"": ""1"", ""limit-tu"": ""1"", ""me"": ""dia"", ""merange"": ""18"", ""open-gop"": ""0"", ""psy-rd"": ""0.5"", ""psy-rdoq"": ""1.0"", ""qcomp"": ""0.9"", ""qpmax"": ""38"", ""qpmin"": ""13"", ""rc-lookahead"": ""33"", ""rd"": ""2"", ""rdoq-level"": ""2"", ""rect"": ""1"", ""ref"": ""4"", ""rskip"": ""1"", ""sao"": ""0"", ""scenecut"": ""97"", ""subme"": ""4"", ""tu-inter-depth"": ""3"", ""tu-intra-depth"": ""2"", ""weightb"": ""0"", ""weightp"": ""0"", ""wpp"": ""0""}"
x265,bestconfig,7305,single,138,83.11,3.73,83.11,4.133580923080444,"['Standard', '320p', 30, '10s']",0.0,4.133488178253174,0.0,"{""amp"": ""0"", ""aq-mode"": ""1"", ""aq-strength"": ""0.0"", ""b-adapt"": ""1"", ""bframes"": ""4"", ""crf"": ""25.0"", ""ctu"": ""16"", ""keyint"": ""156"", ""limit-refs"": ""0"", ""limit-tu"": ""3"", ""me"": ""hex"", ""merange"": ""19"", ""open-gop"": ""1"", ""psy-rd"": ""1.5"", ""psy-rdoq"": ""0.5"", ""qcomp"": ""0.7"", ""qpmax"": ""43"", ""qpmin"": ""14"", ""rc-lookahead"": ""30"", ""rd"": ""1"", ""rdoq-level"": ""1"", ""rect"": ""1"", ""ref"": ""3"", ""rskip"": ""1"", ""sao"": ""1"", ""scenecut"": ""79"", ""subme"": ""4"", ""tu-inter-depth"": ""3"", ""tu-intra-depth"": ""1"", ""weightb"": ""0"", ""weightp"": ""1"", ""wpp"": ""1""}"
x265,bestconfig,7305,single,139,38.78,7.93,38.78,8.32165813446045,"['Standard', '320p', 30, '10s']",0.0,8.321571826934814,0.0,"{""amp"": ""1"", ""aq-mode"": ""2"", ""aq-strength"": ""0.8"", ""b-adapt"": ""0"", ""bframes"": ""5"", ""crf"": ""30.0"", ""ctu"": ""64"", ""keyint"": ""147"", ""limit-refs"": ""1"", ""limit-tu"": ""2"", ""me"": ""full"", ""merange"": ""17"", ""open-gop"": ""0"", ""psy-rd"": ""0.0"", ""psy-rdoq"": ""2.5"", ""qcomp"": ""0.6"", ""qpmax"": ""45"", ""qpmin"": ""9"", ""rc-lookahead"": ""32"", ""rd"": ""1"", ""rdoq-level"": ""1"", ""rect"": ""0"", ""ref"": ""4"", ""rskip"": ""0"", ""sao"": ""1"", ""scenecut"": ""81"", ""subme"": ""4"", ""tu-inter-depth"": ""4"", ""tu-intra-depth"": ""2"", ""weightb"": ""1"", ""weightp"": ""0"", ""wpp"": ""0""}"
x265,bestconfig,7305,single,140,85.85,3.69,85.85,4.3133721351623535,"['Standard', '320p', 30, '10s']",0.0,4.313278913497925,0.0,"{""amp"": ""0"", ""aq-mode"": ""3"", ""aq-strength"": ""2.0"", ""b-adapt"": ""1"", ""bframes"": ""3"", ""crf"": ""28.0"", ""ctu"": ""32"", ""keyint"": ""131"", ""limit-refs"": ""1"", ""limit-tu"": ""2"", ""me"": ""star"", ""merange"": ""17"", ""open-gop"": ""1"", ""psy-rd"": ""2.5"", ""psy-rdoq"": ""0.0"", ""qcomp"": ""0.5"", ""qpmax"": ""42"", ""qpmin"": ""12"", ""rc-lookahead"": ""31"", ""rd"": ""1"", ""rdoq-level"": ""0"", ""rect"": ""0"", ""ref"": ""4"", ""rskip"": ""1"", ""sao"": ""1"", ""scenecut"": ""94"", ""subme"": ""5"", ""tu-inter-depth"": ""3"", ""tu-intra-depth"": ""2"", ""weightb"": ""1"", ""weightp"": ""1"", ""wpp"": ""0""}"
x265,bestconfig,7305,single,141,33.52,9.15,33.52,9.552102088928223,"['Standard', '320p', 30, '10s']",0.0,9.552007913589478,0.0,"{""amp"": ""1"", ""aq-mode"": ""3"", ""aq-strength"": ""1.2"", ""b-adapt"": ""1"", ""bframes"": ""4"", ""crf"": ""18.0"", ""ctu"": ""16"", ""keyint"": ""116"", ""limit-refs"": ""2"", ""limit-tu"": ""2"", ""me"": ""dia"", ""merange"": ""18"", ""open-gop"": ""1"", ""psy-rd"": ""1.0"", ""psy-rdoq"": ""2.0"", ""qcomp"": ""0.5"", ""qpmax"": ""40"", ""qpmin"": ""10"", ""rc-lookahead"": ""28"", ""rd"": ""2"", ""rdoq-level"": ""1"", ""rect"": ""0"", ""ref"": ""5"", ""rskip"": ""0"", ""sao"": ""1"", ""scenecut"": ""84"", ""subme"": ""5"", ""tu-inter-depth"": ""3"", ""tu-intra-depth"": ""3"", ""weightb"": ""1"", ""weightp"": ""0"", ""wpp"": ""1""}"
x265,bestconfig,7305,single,142,14.43,21.15,14.43,21.56211495399475,"['Standard', '320p', 30, '10s']",0.0,21.56201410293579,0.0,"{""amp"": ""1"", ""aq-mode"": ""2"", ""aq-strength"": ""1.0"", ""b-adapt"": ""0"", ""bframes"": ""3"", ""crf"": ""18.0"", ""ctu"": ""32"", ""keyint"": ""193"", ""limit-refs"": ""1"", ""limit-tu"": ""3"", ""me"": ""umh"", ""merange"": ""20"", ""open-gop"": ""0"", ""psy-rd"": ""3.5"", ""psy-rdoq"": ""3.0"", ""qcomp"": ""0.8"", ""qpmax"": ""41"", ""qpmin"": ""10"", ""rc-lookahead"": ""29"", ""rd"": ""2"", ""rdoq-level"": ""2"", ""rect"": ""1"", ""ref"": ""3"", ""rskip"": ""0"", ""sao"": ""0"", ""scenecut"": ""73"", ""subme"": ""4"", ""tu-inter-depth"": ""4"", ""tu-intra-depth"": ""3"", ""weightb"": ""1"", ""weightp"": ""1"", ""wpp"": ""0""}"
x265,bestconfig,7305,single,143,51.43,5.99,51.43,6.3933422565460205,"['Standard', '320p', 30, '10s']",0.0,6.393253564834595,0.0,"{""amp"": ""1"", ""aq-mode"": ""1"", ""aq-strength"": ""1.8"", ""b-adapt"": ""0"", ""bframes"": ""4"", ""crf"": ""20.0"", ""ctu"": ""32"", ""keyint"": ""124"", ""limit-refs"": ""0"", ""limit-tu"": ""1"", ""me"": ""hex"", ""merange"": ""19"", ""open-gop"": ""0"", ""psy-rd"": ""3.0"", ""psy-rdoq"": ""4.0"", ""qcomp"": ""1.0"", ""qpmax"": ""43"", ""qpmin"": ""12"", ""rc-lookahead"": ""27"", ""rd"": ""1"", ""rdoq-level"": ""1"", ""rect"": ""0"", ""ref"": ""4"", ""rskip"": ""1"", ""sao"": ""0"", ""scenecut"": ""88"", ""subme"": ""3"", ""tu-inter-depth"": ""3"", ""tu-intra-depth"": ""2"", ""weightb"": ""0"", ""weightp"": ""1"", ""wpp"": ""1""}"
x265,bestconfig,7305,single,144,45.27,6.79,45.27,7.198747634887695,"['Standard', '320p', 30, '10s']",0.0,7.198610544204712,0.0,"{""amp"": ""0"", ""aq-mode"": ""2"", ""aq-strength"": ""1.5"", ""b-adapt"": ""0"", ""bframes"": ""5"", ""crf"": ""22.0"", ""ctu"": ""16"", ""keyint"": ""163"", ""limit-refs"": ""2"", ""limit-tu"": ""2"", ""me"": ""star"", ""merange"": ""16"", ""open-gop"": ""1"", ""psy-rd"": ""2.0"", ""psy-rdoq"": ""4.5"", ""qcomp"": ""0.75"", ""qpmax"": ""39"", ""qpmin"": ""11"", ""rc-lookahead"": ""33"", ""rd"": ""2"", ""rdoq-level"": ""0"", ""rect"": ""1"", ""ref"": ""5"", ""rskip"": ""0"", ""sao"": ""0"", ""scenecut"": ""69"", ""subme"": ""3"", ""tu-inter-depth"": ""3"", ""tu-intra-depth"": ""1"", ""weightb"": ""0"", ""weightp"": ""0"", ""wpp"": ""1""}"
x265,bestconfig,7305,single,145,2.03,149.85,2.03,150.24493408203125,"['Standard', '320p', 30, '10s']",0.0,150.24483132362366,0.0,"{""amp"": ""0"", ""aq-mode"": ""1"", ""aq-strength"": ""0.0"", ""b-adapt"": ""1"", ""bframes"": ""4"", ""crf"": ""22.0"", ""ctu"": ""32"", ""keyint"": ""381"", ""limit-refs"": ""2"", ""limit-tu"": ""0"", ""me"": ""full"", ""merange"": ""53"", ""open-gop"": ""1"", ""psy-rd"": ""2.5"", ""psy-rdoq"": ""0.5"", ""qcomp"": ""0.7"", ""qpmax"": ""32"", ""qpmin"": ""20"", ""rc-lookahead"": ""12"", ""rd"": ""5"", ""rdoq-level"": ""2"", ""rect"": ""0"", ""ref"": ""5"", ""rskip"": ""1"", ""sao"": ""0"", ""scenecut"": ""82"", ""subme"": ""2"", ""tu-inter-depth"": ""2"", ""tu-intra-depth"": ""3"", ""weightb"": ""1"", ""weightp"": ""1"", ""wpp"": ""1""}"
x265,bestconfig,7305,single,146,6.94,43.88,6.94,44.281420946121216,"['Standard', '320p', 30, '10s']",0.0,44.28132748603821,0.0,"{""amp"": ""1"", ""aq-mode"": ""3"", ""aq-strength"": ""0.8"", ""b-adapt"": ""1"", ""bframes"": ""2"", ""crf"": ""18.0"", ""ctu"": ""32"", ""keyint"": ""374"", ""limit-refs"": ""1"", ""limit-tu"": ""1"", ""me"": ""hex"", ""merange"": ""30"", ""open-gop"": ""0"", ""psy-rd"": ""3.5"", ""psy-rdoq"": ""4.5"", ""qcomp"": ""0.75"", ""qpmax"": ""25"", ""qpmin"": ""4"", ""rc-lookahead"": ""45"", ""rd"": ""5"", ""rdoq-level"": ""0"", ""rect"": ""1"", ""ref"": ""3"", ""rskip"": ""0"", ""sao"": ""1"", ""scenecut"": ""39"", ""subme"": ""4"", ""tu-inter-depth"": ""4"", ""tu-intra-depth"": ""3"", ""weightb"": ""0"", ""weightp"": ""0"", ""wpp"": ""1""}"
x265,bestconfig,7305,single,147,29.41,10.42,29.41,10.821023941040039,"['Standard', '320p', 30, '10s']",0.0,10.820935726165771,0.0,"{""amp"": ""0"", ""aq-mode"": ""2"", ""aq-strength"": ""0.5"", ""b-adapt"": ""0"", ""bframes"": ""0"", ""crf"": ""25.0"", ""ctu"": ""16"", ""keyint"": ""270"", ""limit-refs"": ""2"", ""limit-tu"": ""3"", ""me"": ""dia"", ""merange"": ""20"", ""open-gop"": ""0"", ""psy-rd"": ""1.5"", ""psy-rdoq"": ""2.5"", ""qcomp"": ""0.5"", ""qpmax"": ""24"", ""qpmin"": ""1"", ""rc-lookahead"": ""28"", ""rd"": ""2"", ""rdoq-level"": ""1"", ""rect"": ""1"", ""ref"": ""4"", ""rskip"": ""1"", ""sao"": ""0"", ""scenecut"": ""51"", ""subme"": ""3"", ""tu-inter-depth"": ""1"", ""tu-intra-depth"": ""1"", ""weightb"": ""0"", ""weightp"": ""1"", ""wpp"": ""0""}"
x265,bestconfig,7305,single,148,36.4,8.44,36.4,8.833150386810303,"['Standard', '320p', 30, '10s']",0.0,8.83306360244751,0.0,"{""amp"": ""1"", ""aq-mode"": ""1"", ""aq-strength"": ""1.5"", ""b-adapt"": ""1"", ""bframes"": ""1"", ""crf"": ""20.0"", ""ctu"": ""64"", ""keyint"": ""101"", ""limit-refs"": ""1"", ""limit-tu"": ""4"", ""me"": ""hex"", ""merange"": ""61"", ""open-gop"": ""1"", ""psy-rd"": ""1.0"", ""psy-rdoq"": ""2.0"", ""qcomp"": ""0.5"", ""qpmax"": ""50"", ""qpmin"": ""8"", ""rc-lookahead"": ""54"", ""rd"": ""3"", ""rdoq-level"": ""1"", ""rect"": ""0"", ""ref"": ""5"", ""rskip"": ""1"", ""sao"": ""1"", ""scenecut"": ""17"", ""subme"": ""5"", ""tu-inter-depth"": ""2"", ""tu-intra-depth"": ""2"", ""weightb"": ""0"", ""weightp"": ""1"", ""wpp"": ""1""}"
x265,bestconfig,7305,single,149,35.03,8.77,35.03,9.168687105178833,"['Standard', '320p', 30, '10s']",0.0,9.168595552444458,0.0,"{""amp"": ""0"", ""aq-mode"": ""4"", ""aq-strength"": ""1.2"", ""b-adapt"": ""2"", ""bframes"": ""5"", ""crf"": ""18.0"", ""ctu"": ""16"", ""keyint"": ""442"", ""limit-refs"": ""3"", ""limit-tu"": ""2"", ""me"": ""star"", ""merange"": ""51"", ""open-gop"": ""0"", ""psy-rd"": ""3.0"", ""psy-rdoq"": ""1.0"", ""qcomp"": ""1.0"", ""qpmax"": ""29"", ""qpmin"": ""17"", ""rc-lookahead"": ""22"", ""rd"": ""2"", ""rdoq-level"": ""1"", ""rect"": ""0"", ""ref"": ""2"", ""rskip"": ""0"", ""sao"": ""0"", ""scenecut"": ""36"", ""subme"": ""3"", ""tu-inter-depth"": ""2"", ""tu-intra-depth"": ""2"", ""weightb"": ""1"", ""weightp"": ""0"", ""wpp"": ""0""}"
x265,bestconfig,7305,single,150,57.08,5.41,57.08,5.808339357376099,"['Standard', '320p', 30, '10s']",0.0,5.808241128921509,0.0,"{""amp"": ""1"", ""aq-mode"": ""3"", ""aq-strength"": ""1.8"", ""b-adapt"": ""1"", ""bframes"": ""7"", ""crf"": ""28.0"", ""ctu"": ""16"", ""keyint"": ""231"", ""limit-refs"": ""2"", ""limit-tu"": ""1"", ""me"": ""dia"", ""merange"": ""35"", ""open-gop"": ""0"", ""psy-rd"": ""0.5"", ""psy-rdoq"": ""4.0"", ""qcomp"": ""0.6"", ""qpmax"": ""40"", ""qpmin"": ""7"", ""rc-lookahead"": ""48"", ""rd"": ""4"", ""rdoq-level"": ""1"", ""rect"": ""1"", ""ref"": ""2"", ""rskip"": ""1"", ""sao"": ""1"", ""scenecut"": ""73"", ""subme"": ""1"", ""tu-inter-depth"": ""3"", ""tu-intra-depth"": ""3"", ""weightb"": ""0"", ""weightp"": ""0"", ""wpp"": ""1""}"
x265,bestconfig,7305,single,151,55.95,5.52,55.95,5.912241220474243,"['Standard', '320p', 30, '10s']",0.0,5.912150621414185,0.0,"{""amp"": ""1"", ""aq-mode"": ""2"", ""aq-strength"": ""1.0"", ""b-adapt"": ""2"", ""bframes"": ""6"", ""crf"": ""30.0"", ""ctu"": ""64"", ""keyint"": ""70"", ""limit-refs"": ""1"", ""limit-tu"": ""3"", ""me"": ""umh"", ""merange"": ""40"", ""open-gop"": ""1"", ""psy-rd"": ""0.0"", ""psy-rdoq"": ""3.0"", ""qcomp"": ""0.9"", ""qpmax"": ""44"", ""qpmin"": ""10"", ""rc-lookahead"": ""32"", ""rd"": ""2"", ""rdoq-level"": ""0"", ""rect"": ""0"", ""ref"": ""1"", ""rskip"": ""0"", ""sao"": ""1"", ""scenecut"": ""92"", ""subme"": ""2"", ""tu-inter-depth"": ""3"", ""tu-intra-depth"": ""2"", ""weightb"": ""1"", ""weightp"": ""1"", ""wpp"": ""0""}"
x265,bestconfig,7305,single,152,10.21,29.86,10.21,30.256004571914673,"['Standard', '320p', 30, '10s']",0.0,30.25591230392456,0.0,"{""amp"": ""0"", ""aq-mode"": ""0"", ""aq-strength"": ""2.0"", ""b-adapt"": ""0"", ""bframes"": ""7"", ""crf"": ""32.0"", ""ctu"": ""32"", ""keyint"": ""154"", ""limit-refs"": ""0"", ""limit-tu"": ""2"", ""me"": ""star"", ""merange"": ""27"", ""open-gop"": ""1"", ""psy-rd"": ""2.0"", ""psy-rdoq"": ""0.0"", ""qcomp"": ""0.8"", ""qpmax"": ""37"", ""qpmin"": ""13"", ""rc-lookahead"": ""37"", ""rd"": ""5"", ""rdoq-level"": ""2"", ""rect"": ""1"", ""ref"": ""5"", ""rskip"": ""0"", ""sao"": ""0"", ""scenecut"": ""10"", ""subme"": ""4"", ""tu-inter-depth"": ""3"", ""tu-intra-depth"": ""3"", ""weightb"": ""1"", ""weightp"": ""0"", ""wpp"": ""0""}"
x265,bestconfig,7305,single,153,40.91,7.53,40.91,8.165250778198242,"['Standard', '320p', 30, '10s']",0.0,8.165106773376465,0.0,"{""amp"": ""1"", ""aq-mode"": ""2"", ""aq-strength"": ""2.0"", ""b-adapt"": ""1"", ""bframes"": ""2"", ""crf"": ""22.0"", ""ctu"": ""64"", ""keyint"": ""227"", ""limit-refs"": ""0"", ""limit-tu"": ""2"", ""me"": ""dia"", ""merange"": ""18"", ""open-gop"": ""0"", ""psy-rd"": ""0.0"", ""psy-rdoq"": ""0.5"", ""qcomp"": ""0.6"", ""qpmax"": ""44"", ""qpmin"": ""11"", ""rc-lookahead"": ""28"", ""rd"": ""1"", ""rdoq-level"": ""0"", ""rect"": ""1"", ""ref"": ""3"", ""rskip"": ""1"", ""sao"": ""1"", ""scenecut"": ""81"", ""subme"": ""4"", ""tu-inter-depth"": ""4"", ""tu-intra-depth"": ""1"", ""weightb"": ""1"", ""weightp"": ""1"", ""wpp"": ""0""}"
x265,bestconfig,7305,single,154,72.8,4.25,72.8,4.639772891998291,"['Standard', '320p', 30, '10s']",0.0,4.639686107635498,0.0,"{""amp"": ""1"", ""aq-mode"": ""1"", ""aq-strength"": ""0.5"", ""b-adapt"": ""0"", ""bframes"": ""4"", ""crf"": ""28.0"", ""ctu"": ""16"", ""keyint"": ""208"", ""limit-refs"": ""1"", ""limit-tu"": ""2"", ""me"": ""star"", ""merange"": ""19"", ""open-gop"": ""0"", ""psy-rd"": ""2.5"", ""psy-rdoq"": ""4.0"", ""qcomp"": ""1.0"", ""qpmax"": ""43"", ""qpmin"": ""11"", ""rc-lookahead"": ""31"", ""rd"": ""1"", ""rdoq-level"": ""1"", ""rect"": ""0"", ""ref"": ""4"", ""rskip"": ""0"", ""sao"": ""0"", ""scenecut"": ""73"", ""subme"": ""4"", ""tu-inter-depth"": ""3"", ""tu-intra-depth"": ""3"", ""weightb"": ""0"", ""weightp"": ""0"", ""wpp"": ""1""}"
x265,bestconfig,7305,single,155,29.37,10.43,29.37,10.829372882843018,"['Standard', '320p', 30, '10s']",0.0,10.82927656173706,0.0,"{""amp"": ""0"", ""aq-mode"": ""2"", ""aq-strength"": ""1.2"", ""b-adapt"": ""0"", ""bframes"": ""3"", ""crf"": ""25.0"", ""ctu"": ""32"", ""keyint"": ""175"", ""limit-refs"": ""0"", ""limit-tu"": ""1"", ""me"": ""hex"", ""merange"": ""18"", ""open-gop"": ""1"", ""psy-rd"": ""1.5"", ""psy-rdoq"": ""3.0"", ""qcomp"": ""0.5"", ""qpmax"": ""40"", ""qpmin"": ""12"", ""rc-lookahead"": ""32"", ""rd"": ""2"", ""rdoq-level"": ""1"", ""rect"": ""1"", ""ref"": ""5"", ""rskip"": ""1"", ""sao"": ""1"", ""scenecut"": ""75"", ""subme"": ""5"", ""tu-inter-depth"": ""4"", ""tu-intra-depth"": ""2"", ""weightb"": ""1"", ""weightp"": ""1"", ""wpp"": ""1""}"
x265,bestconfig,7305,single,156,29.49,10.39,29.49,10.78812289237976,"['Standard', '320p', 30, '10s']",0.0,10.78802227973938,0.0,"{""amp"": ""0"", ""aq-mode"": ""3"", ""aq-strength"": ""1.8"", ""b-adapt"": ""0"", ""bframes"": ""4"", ""crf"": ""18.0"", ""ctu"": ""32"", ""keyint"": ""187"", ""limit-refs"": ""2"", ""limit-tu"": ""2"", ""me"": ""star"", ""merange"": ""20"", ""open-gop"": ""1"", ""psy-rd"": ""3.0"", ""psy-rdoq"": ""0.0"", ""qcomp"": ""0.8"", ""qpmax"": ""42"", ""qpmin"": ""13"", ""rc-lookahead"": ""30"", ""rd"": ""2"", ""rdoq-level"": ""2"", ""rect"": ""0"", ""ref"": ""4"", ""rskip"": ""1"", ""sao"": ""0"", ""scenecut"": ""79"", ""subme"": ""4"", ""tu-inter-depth"": ""4"", ""tu-intra-depth"": ""2"", ""weightb"": ""1"", ""weightp"": ""1"", ""wpp"": ""0""}"
x265,bestconfig,7305,single,157,25.55,11.99,25.55,12.379342079162598,"['Standard', '320p', 30, '10s']",0.0,12.379251718521118,0.0,"{""amp"": ""0"", ""aq-mode"": ""3"", ""aq-strength"": ""1.0"", ""b-adapt"": ""1"", ""bframes"": ""5"", ""crf"": ""20.0"", ""ctu"": ""16"", ""keyint"": ""171"", ""limit-refs"": ""1"", ""limit-tu"": ""3"", ""me"": ""umh"", ""merange"": ""19"", ""open-gop"": ""0"", ""psy-rd"": ""3.5"", ""psy-rdoq"": ""4.5"", ""qcomp"": ""0.75"", ""qpmax"": ""43"", ""qpmin"": ""12"", ""rc-lookahead"": ""29"", ""rd"": ""2"", ""rdoq-level"": ""1"", ""rect"": ""1"", ""ref"": ""4"", ""rskip"": ""0"", ""sao"": ""1"", ""scenecut"": ""76"", ""subme"": ""3"", ""tu-inter-depth"": ""3"", ""tu-intra-depth"": ""2"", ""weightb"": ""0"", ""weightp"": ""0"", ""wpp"": ""0""}"
x265,bestconfig,7305,single,158,104.71,2.99,104.71,3.3796041011810303,"['Standard', '320p', 30, '10s']",0.0,3.3795180320739746,0.0,"{""amp"": ""1"", ""aq-mode"": ""1"", ""aq-strength"": ""0.8"", ""b-adapt"": ""1"", ""bframes"": ""3"", ""crf"": ""30.0"", ""ctu"": ""16"", ""keyint"": ""157"", ""limit-refs"": ""2"", ""limit-tu"": ""1"", ""me"": ""hex"", ""merange"": ""17"", ""open-gop"": ""0"", ""psy-rd"": ""1.0"", ""psy-rdoq"": ""2.0"", ""qcomp"": ""0.7"", ""qpmax"": ""41"", ""qpmin"": ""11"", ""rc-lookahead"": ""30"", ""rd"": ""1"", ""rdoq-level"": ""1"", ""rect"": ""0"", ""ref"": ""4"", ""rskip"": ""1"", ""sao"": ""0"", ""scenecut"": ""81"", ""subme"": ""5"", ""tu-inter-depth"": ""3"", ""tu-intra-depth"": ""2"", ""weightb"": ""0"", ""weightp"": ""0"", ""wpp"": ""0""}"
x265,bestconfig,7305,single,159,11.72,26.02,11.72,26.422938346862793,"['Standard', '320p', 30, '10s']",0.0,26.42284345626831,0.0,"{""amp"": ""0"", ""aq-mode"": ""2"", ""aq-strength"": ""1.5"", ""b-adapt"": ""1"", ""bframes"": ""2"", ""crf"": ""18.0"", ""ctu"": ""32"", ""keyint"": ""215"", ""limit-refs"": ""1"", ""limit-tu"": ""2"", ""me"": ""full"", ""merange"": ""16"", ""open-gop"": ""1"", ""psy-rd"": ""0.5"", ""psy-rdoq"": ""2.5"", ""qcomp"": ""0.5"", ""qpmax"": ""41"", ""qpmin"": ""12"", ""rc-lookahead"": ""29"", ""rd"": ""2"", ""rdoq-level"": ""0"", ""rect"": ""1"", ""ref"": ""5"", ""rskip"": ""0"", ""sao"": ""0"", ""scenecut"": ""77"", ""subme"": ""4"", ""tu-inter-depth"": ""3"", ""tu-intra-depth"": ""1"", ""weightb"": ""0"", ""weightp"": ""1"", ""wpp"": ""1""}"
x265,bestconfig,7305,single,160,64.37,4.86,64.37,5.496331453323364,"['Standard', '320p', 30, '10s']",0.0,5.496229887008667,0.0,"{""amp"": ""1"", ""aq-mode"": ""2"", ""aq-strength"": ""0.0"", ""b-adapt"": ""0"", ""bframes"": ""4"", ""crf"": ""32.0"", ""ctu"": ""64"", ""keyint"": ""195"", ""limit-refs"": ""1"", ""limit-tu"": ""3"", ""me"": ""dia"", ""merange"": ""17"", ""open-gop"": ""1"", ""psy-rd"": ""2.0"", ""psy-rdoq"": ""1.0"", ""qcomp"": ""0.9"", ""qpmax"": ""42"", ""qpmin"": ""10"", ""rc-lookahead"": ""31"", ""rd"": ""1"", ""rdoq-level"": ""2"", ""rect"": ""0"", ""ref"": ""3"", ""rskip"": ""0"", ""sao"": ""1"", ""scenecut"": ""78"", ""subme"": ""3"", ""tu-inter-depth"": ""4"", ""tu-intra-depth"": ""3"", ""weightb"": ""1"", ""weightp"": ""0"", ""wpp"": ""1""}"
x265,bestconfig,7305,single,161,10.55,28.89,10.55,29.297581672668457,"['Standard', '320p', 30, '10s']",0.0,29.29748845100403,0.0,"{""amp"": ""1"", ""aq-mode"": ""3"", ""aq-strength"": ""1.5"", ""b-adapt"": ""1"", ""bframes"": ""1"", ""crf"": ""30.0"", ""ctu"": ""16"", ""keyint"": ""122"", ""limit-refs"": ""1"", ""limit-tu"": ""2"", ""me"": ""hex"", ""merange"": ""45"", ""open-gop"": ""0"", ""psy-rd"": ""1.5"", ""psy-rdoq"": ""1.0"", ""qcomp"": ""0.5"", ""qpmax"": ""22"", ""qpmin"": ""18"", ""rc-lookahead"": ""52"", ""rd"": ""5"", ""rdoq-level"": ""1"", ""rect"": ""0"", ""ref"": ""2"", ""rskip"": ""0"", ""sao"": ""1"", ""scenecut"": ""80"", ""subme"": ""3"", ""tu-inter-depth"": ""2"", ""tu-intra-depth"": ""3"", ""weightb"": ""1"", ""weightp"": ""0"", ""wpp"": ""1""}"
x265,bestconfig,7305,single,162,11.11,27.44,11.11,27.849069356918335,"['Standard', '320p', 30, '10s']",0.0,27.848973035812378,0.0,"{""amp"": ""1"", ""aq-mode"": ""1"", ""aq-strength"": ""2.0"", ""b-adapt"": ""1"", ""bframes"": ""7"", ""crf"": ""18.0"", ""ctu"": ""64"", ""keyint"": ""228"", ""limit-refs"": ""1"", ""limit-tu"": ""3"", ""me"": ""full"", ""merange"": ""53"", ""open-gop"": ""1"", ""psy-rd"": ""2.5"", ""psy-rdoq"": ""3.0"", ""qcomp"": ""0.6"", ""qpmax"": ""28"", ""qpmin"": ""7"", ""rc-lookahead"": ""20"", ""rd"": ""3"", ""rdoq-level"": ""0"", ""rect"": ""0"", ""ref"": ""3"", ""rskip"": ""1"", ""sao"": ""0"", ""scenecut"": ""28"", ""subme"": ""1"", ""tu-inter-depth"": ""4"", ""tu-intra-depth"": ""1"", ""weightb"": ""0"", ""weightp"": ""0"", ""wpp"": ""1""}"
x265,bestconfig,7305,single,163,24.57,12.54,24.57,13.159790754318237,"['Standard', '320p', 30, '10s']",0.0,13.159687519073486,0.0,"{""amp"": ""1"", ""aq-mode"": ""2"", ""aq-strength"": ""1.0"", ""b-adapt"": ""0"", ""bframes"": ""2"", ""crf"": ""22.0"", ""ctu"": ""32"", ""keyint"": ""375"", ""limit-refs"": ""2"", ""limit-tu"": ""1"", ""me"": ""hex"", ""merange"": ""40"", ""open-gop"": ""0"", ""psy-rd"": ""3.0"", ""psy-rdoq"": ""0.0"", ""qcomp"": ""0.5"", ""qpmax"": ""38"", ""qpmin"": ""16"", ""rc-lookahead"": ""31"", ""rd"": ""2"", ""rdoq-level"": ""2"", ""rect"": ""1"", ""ref"": ""3"", ""rskip"": ""1"", ""sao"": ""1"", ""scenecut"": ""3"", ""subme"": ""2"", ""tu-inter-depth"": ""2"", ""tu-intra-depth"": ""4"", ""weightb"": ""0"", ""weightp"": ""1"", ""wpp"": ""0""}"
x265,bestconfig,7305,single,164,42.46,7.24,42.46,7.64384126663208,"['Standard', '320p', 30, '10s']",0.0,7.6437506675720215,0.0,"{""amp"": ""0"", ""aq-mode"": ""1"", ""aq-strength"": ""1.8"", ""b-adapt"": ""2"", ""bframes"": ""2"", ""crf"": ""25.0"", ""ctu"": ""32"", ""keyint"": ""47"", ""limit-refs"": ""3"", ""limit-tu"": ""1"", ""me"": ""dia"", ""merange"": ""23"", ""open-gop"": ""1"", ""psy-rd"": ""0.5"", ""psy-rdoq"": ""4.5"", ""qcomp"": ""0.75"", ""qpmax"": ""41"", ""qpmin"": ""10"", ""rc-lookahead"": ""44"", ""rd"": ""4"", ""rdoq-level"": ""0"", ""rect"": ""1"", ""ref"": ""4"", ""rskip"": ""0"", ""sao"": ""0"", ""scenecut"": ""14"", ""subme"": ""3"", ""tu-inter-depth"": ""3"", ""tu-intra-depth"": ""4"", ""weightb"": ""0"", ""weightp"": ""1"", ""wpp"": ""0""}"
x265,bestconfig,7305,single,165,17.32,17.63,17.32,18.02017855644226,"['Standard', '320p', 30, '10s']",0.0,18.020081043243408,0.0,"{""amp"": ""1"", ""aq-mode"": ""2"", ""aq-strength"": ""0.0"", ""b-adapt"": ""1"", ""bframes"": ""4"", ""crf"": ""28.0"", ""ctu"": ""32"", ""keyint"": ""154"", ""limit-refs"": ""0"", ""limit-tu"": ""0"", ""me"": ""umh"", ""merange"": ""16"", ""open-gop"": ""0"", ""psy-rd"": ""1.0"", ""psy-rdoq"": ""0.5"", ""qcomp"": ""0.8"", ""qpmax"": ""47"", ""qpmin"": ""1"", ""rc-lookahead"": ""11"", ""rd"": ""3"", ""rdoq-level"": ""1"", ""rect"": ""1"", ""ref"": ""5"", ""rskip"": ""0"", ""sao"": ""0"", ""scenecut"": ""46"", ""subme"": ""4"", ""tu-inter-depth"": ""3"", ""tu-intra-depth"": ""2"", ""weightb"": ""0"", ""weightp"": ""0"", ""wpp"": ""1""}"
x265,bestconfig,7305,single,166,13.91,21.94,13.91,22.474095821380615,"['Standard', '320p', 30, '10s']",0.0,22.473994255065918,0.0,"{""amp"": ""0"", ""aq-mode"": ""4"", ""aq-strength"": ""1.2"", ""b-adapt"": ""2"", ""bframes"": ""3"", ""crf"": ""18.0"", ""ctu"": ""16"", ""keyint"": ""400"", ""limit-refs"": ""1"", ""limit-tu"": ""3"", ""me"": ""star"", ""merange"": ""60"", ""open-gop"": ""0"", ""psy-rd"": ""3.5"", ""psy-rdoq"": ""4.0"", ""qcomp"": ""0.7"", ""qpmax"": ""50"", ""qpmin"": ""3"", ""rc-lookahead"": ""23"", ""rd"": ""5"", ""rdoq-level"": ""1"", ""rect"": ""0"", ""ref"": ""2"", ""rskip"": ""0"", ""sao"": ""1"", ""scenecut"": ""96"", ""subme"": ""5"", ""tu-inter-depth"": ""1"", ""tu-intra-depth"": ""3"", ""weightb"": ""1"", ""weightp"": ""1"", ""wpp"": ""1""}"
x265,bestconfig,7305,single,167,10.41,29.31,10.41,29.70032048225403,"['Standard', '320p', 30, '10s']",0.0,29.70022678375244,0.0,"{""amp"": ""0"", ""aq-mode"": ""3"", ""aq-strength"": ""0.8"", ""b-adapt"": ""0"", ""bframes"": ""5"", ""crf"": ""32.0"", ""ctu"": ""64"", ""keyint"": ""465"", ""limit-refs"": ""2"", ""limit-tu"": ""4"", ""me"": ""dia"", ""merange"": ""33"", ""open-gop"": ""1"", ""psy-rd"": ""2.0"", ""psy-rdoq"": ""2.5"", ""qcomp"": ""1.0"", ""qpmax"": ""32"", ""qpmin"": ""8"", ""rc-lookahead"": ""55"", ""rd"": ""6"", ""rdoq-level"": ""1"", ""rect"": ""1"", ""ref"": ""6"", ""rskip"": ""1"", ""sao"": ""1"", ""scenecut"": ""71"", ""subme"": ""4"", ""tu-inter-depth"": ""3"", ""tu-intra-depth"": ""2"", ""weightb"": ""1"", ""weightp"": ""1"", ""wpp"": ""0""}"
x265,bestconfig,7305,single,168,47.61,6.47,47.61,6.868106365203857,"['Standard', '320p', 30, '10s']",0.0,6.868020057678223,0.0,"{""amp"": ""0"", ""aq-mode"": ""0"", ""aq-strength"": ""0.5"", ""b-adapt"": ""1"", ""bframes"": ""8"", ""crf"": ""20.0"", ""ctu"": ""16"", ""keyint"": ""296"", ""limit-refs"": ""3"", ""limit-tu"": ""2"", ""me"": ""star"", ""merange"": ""51"", ""open-gop"": ""1"", ""psy-rd"": ""0.0"", ""psy-rdoq"": ""2.0"", ""qcomp"": ""0.9"", ""qpmax"": ""25"", ""qpmin"": ""13"", ""rc-lookahead"": ""39"", ""rd"": ""2"", ""rdoq-level"": ""2"", ""rect"": ""0"", ""ref"": ""5"", ""rskip"": ""1"", ""sao"": ""0"", ""scenecut"": ""61"", ""subme"": ""2"", ""tu-inter-depth"": ""1"", ""tu-intra-depth"": ""1"", ""weightb"": ""1"", ""weightp"": ""0"", ""wpp"": ""0""}"
x265,bestconfig,7305,single,169,23.22,13.17,23.22,13.580434322357178,"['Standard', '320p', 30, '10s']",0.0,13.580337762832642,0.0,"{""amp"": ""1"", ""aq-mode"": ""2"", ""aq-strength"": ""2.0"", ""b-adapt"": ""1"", ""bframes"": ""5"", ""crf"": ""18.0"", ""ctu"": ""32"", ""keyint"": ""190"", ""limit-refs"": ""2"", ""limit-tu"": ""2"", ""me"": ""hex"", ""merange"": ""19"", ""open-gop"": ""0"", ""psy-rd"": ""0.0"", ""psy-rdoq"": ""0.0"", ""qcomp"": ""1.0"", ""qpmax"": ""44"", ""qpmin"": ""12"", ""rc-lookahead"": ""29"", ""rd"": ""2"", ""rdoq-level"": ""1"", ""rect"": ""0"", ""ref"": ""4"", ""rskip"": ""1"", ""sao"": ""0"", ""scenecut"": ""79"", ""subme"": ""5"", ""tu-inter-depth"": ""4"", ""tu-intra-depth"": ""2"", ""weightb"": ""1"", ""weightp"": ""0"", ""wpp"": ""0""}"
x265,bestconfig,7305,single,170,79.76,3.89,79.76,4.282487392425537,"['Standard', '320p', 30, '10s']",0.0,4.282396554946899,0.0,"{""amp"": ""0"", ""aq-mode"": ""2"", ""aq-strength"": ""1.5"", ""b-adapt"": ""0"", ""bframes"": ""4"", ""crf"": ""32.0"", ""ctu"": ""32"", ""keyint"": ""168"", ""limit-refs"": ""0"", ""limit-tu"": ""3"", ""me"": ""dia"", ""merange"": ""20"", ""open-gop"": ""0"", ""psy-rd"": ""1.5"", ""psy-rdoq"": ""3.0"", ""qcomp"": ""0.5"", ""qpmax"": ""42"", ""qpmin"": ""11"", ""rc-lookahead"": ""39"", ""rd"": ""1"", ""rdoq-level"": ""2"", ""rect"": ""1"", ""ref"": ""4"", ""rskip"": ""0"", ""sao"": ""1"", ""scenecut"": ""77"", ""subme"": ""3"", ""tu-inter-depth"": ""4"", ""tu-intra-depth"": ""2"", ""weightb"": ""1"", ""weightp"": ""1"", ""wpp"": ""0""}"
x265,bestconfig,7305,single,171,58.26,5.3,58.26,5.693231105804443,"['Standard', '320p', 30, '10s']",0.0,5.693140029907227,0.0,"{""amp"": ""0"", ""aq-mode"": ""1"", ""aq-strength"": ""1.8"", ""b-adapt"": ""0"", ""bframes"": ""4"", ""crf"": ""30.0"", ""ctu"": ""64"", ""keyint"": ""209"", ""limit-refs"": ""1"", ""limit-tu"": ""1"", ""me"": ""hex"", ""merange"": ""17"", ""open-gop"": ""1"", ""psy-rd"": ""3.5"", ""psy-rdoq"": ""1.0"", ""qcomp"": ""0.7"", ""qpmax"": ""45"", ""qpmin"": ""12"", ""rc-lookahead"": ""26"", ""rd"": ""1"", ""rdoq-level"": ""0"", ""rect"": ""0"", ""ref"": ""4"", ""rskip"": ""0"", ""sao"": ""0"", ""scenecut"": ""74"", ""subme"": ""4"", ""tu-inter-depth"": ""3"", ""tu-intra-depth"": ""1"", ""weightb"": ""0"", ""weightp"": ""0"", ""wpp"": ""0""}"
x265,bestconfig,7305,single,172,66.19,4.68,66.19,5.0631630420684814,"['Standard', '320p', 30, '10s']",0.0,5.063061237335205,0.0,"{""amp"": ""1"", ""aq-mode"": ""2"", ""aq-strength"": ""1.0"", ""b-adapt"": ""1"", ""bframes"": ""5"", ""crf"": ""28.0"", ""ctu"": ""32"", ""keyint"": ""155"", ""limit-refs"": ""1"", ""limit-tu"": ""1"", ""me"": ""star"", ""merange"": ""16"", ""open-gop"": ""1"", ""psy-rd"": ""0.5"", ""psy-rdoq"": ""2.5"", ""qcomp"": ""0.8"", ""qpmax"": ""39"", ""qpmin"": ""10"", ""rc-lookahead"": ""32"", ""rd"": ""1"", ""rdoq-level"": ""1"", ""rect"": ""0"", ""ref"": ""5"", ""rskip"": ""1"", ""sao"": ""1"", ""scenecut"": ""75"", ""subme"": ""3"", ""tu-inter-depth"": ""4"", ""tu-intra-depth"": ""3"", ""weightb"": ""1"", ""weightp"": ""1"", ""wpp"": ""0""}"
x265,bestconfig,7305,single,173,20.21,15.13,20.21,15.517031908035278,"['Standard', '320p', 30, '10s']",0.0,15.516904592514038,0.0,"{""amp"": ""0"", ""aq-mode"": ""1"", ""aq-strength"": ""0.5"", ""b-adapt"": ""1"", ""bframes"": ""3"", ""crf"": ""25.0"", ""ctu"": ""16"", ""keyint"": ""199"", ""limit-refs"": ""1"", ""limit-tu"": ""2"", ""me"": ""full"", ""merange"": ""22"", ""open-gop"": ""0"", ""psy-rd"": ""2.5"", ""psy-rdoq"": ""0.5"", ""qcomp"": ""0.9"", ""qpmax"": ""43"", ""qpmin"": ""11"", ""rc-lookahead"": ""36"", ""rd"": ""2"", ""rdoq-level"": ""1"", ""rect"": ""1"", ""ref"": ""5"", ""rskip"": ""1"", ""sao"": ""0"", ""scenecut"": ""73"", ""subme"": ""5"", ""tu-inter-depth"": ""3"", ""tu-intra-depth"": ""3"", ""weightb"": ""0"", ""weightp"": ""1"", ""wpp"": ""1""}"
x265,bestconfig,7305,single,174,47.58,6.47,47.58,6.875986337661743,"['Standard', '320p', 30, '10s']",0.0,6.8758931159973145,0.0,"{""amp"": ""0"", ""aq-mode"": ""3"", ""aq-strength"": ""1.2"", ""b-adapt"": ""0"", ""bframes"": ""4"", ""crf"": ""18.0"", ""ctu"": ""16"", ""keyint"": ""224"", ""limit-refs"": ""0"", ""limit-tu"": ""2"", ""me"": ""umh"", ""merange"": ""18"", ""open-gop"": ""0"", ""psy-rd"": ""1.0"", ""psy-rdoq"": ""4.5"", ""qcomp"": ""0.6"", ""qpmax"": ""46"", ""qpmin"": ""11"", ""rc-lookahead"": ""35"", ""rd"": ""1"", ""rdoq-level"": ""1"", ""rect"": ""1"", ""ref"": ""4"", ""rskip"": ""1"", ""sao"": ""1"", ""scenecut"": ""76"", ""subme"": ""4"", ""tu-inter-depth"": ""3"", ""tu-intra-depth"": ""1"", ""weightb"": ""0"", ""weightp"": ""1"", ""wpp"": ""1""}"
x265,bestconfig,7305,single,175,68.42,4.52,68.42,4.909871578216553,"['Standard', '320p', 30, '10s']",0.0,4.909783601760864,0.0,"{""amp"": ""1"", ""aq-mode"": ""3"", ""aq-strength"": ""0.8"", ""b-adapt"": ""0"", ""bframes"": ""3"", ""crf"": ""22.0"", ""ctu"": ""16"", ""keyint"": ""216"", ""limit-refs"": ""2"", ""limit-tu"": ""3"", ""me"": ""star"", ""merange"": ""21"", ""open-gop"": ""1"", ""psy-rd"": ""3.0"", ""psy-rdoq"": ""2.0"", ""qcomp"": ""0.75"", ""qpmax"": ""39"", ""qpmin"": ""13"", ""rc-lookahead"": ""23"", ""rd"": ""2"", ""rdoq-level"": ""0"", ""rect"": ""0"", ""ref"": ""3"", ""rskip"": ""0"", ""sao"": ""1"", ""scenecut"": ""80"", ""subme"": ""4"", ""tu-inter-depth"": ""3"", ""tu-intra-depth"": ""2"", ""weightb"": ""0"", ""weightp"": ""0"", ""wpp"": ""1""}"
x265,bestconfig,7305,single,176,19.56,15.64,19.56,16.033891677856445,"['Standard', '320p', 30, '10s']",0.0,16.033803939819336,0.0,"{""amp"": ""1"", ""aq-mode"": ""2"", ""aq-strength"": ""0.0"", ""b-adapt"": ""1"", ""bframes"": ""4"", ""crf"": ""20.0"", ""ctu"": ""64"", ""keyint"": ""174"", ""limit-refs"": ""1"", ""limit-tu"": ""2"", ""me"": ""dia"", ""merange"": ""23"", ""open-gop"": ""1"", ""psy-rd"": ""2.0"", ""psy-rdoq"": ""4.0"", ""qcomp"": ""0.5"", ""qpmax"": ""40"", ""qpmin"": ""12"", ""rc-lookahead"": ""29"", ""rd"": ""2"", ""rdoq-level"": ""2"", ""rect"": ""1"", ""ref"": ""3"", ""rskip"": ""0"", ""sao"": ""0"", ""scenecut"": ""71"", ""subme"": ""4"", ""tu-inter-depth"": ""4"", ""tu-intra-depth"": ""2"", ""weightb"": ""1"", ""weightp"": ""0"", ""wpp"": ""1""}"
x265,bestconfig,7305,single,177,77.8,4.06,77.8,4.676296234130859,"['Standard', '320p', 30, '10s']",0.0,4.67619514465332,0.0,"{""amp"": ""0"", ""aq-mode"": ""1"", ""aq-strength"": ""1.5"", ""b-adapt"": ""2"", ""bframes"": ""5"", ""crf"": ""25.0"", ""ctu"": ""32"", ""keyint"": ""153"", ""limit-refs"": ""0"", ""limit-tu"": ""3"", ""me"": ""star"", ""merange"": ""31"", ""open-gop"": ""1"", ""psy-rd"": ""0.0"", ""psy-rdoq"": ""4.5"", ""qcomp"": ""0.8"", ""qpmax"": ""50"", ""qpmin"": ""12"", ""rc-lookahead"": ""55"", ""rd"": ""2"", ""rdoq-level"": ""2"", ""rect"": ""0"", ""ref"": ""1"", ""rskip"": ""1"", ""sao"": ""0"", ""scenecut"": ""47"", ""subme"": ""2"", ""tu-inter-depth"": ""2"", ""tu-intra-depth"": ""2"", ""weightb"": ""1"", ""weightp"": ""0"", ""wpp"": ""1""}"
x265,bestconfig,7305,single,178,5.62,54.16,5.62,54.56159830093384,"['Standard', '320p', 30, '10s']",0.0,54.56150436401367,0.0,"{""amp"": ""1"", ""aq-mode"": ""1"", ""aq-strength"": ""0.0"", ""b-adapt"": ""1"", ""bframes"": ""3"", ""crf"": ""20.0"", ""ctu"": ""64"", ""keyint"": ""455"", ""limit-refs"": ""3"", ""limit-tu"": ""1"", ""me"": ""dia"", ""merange"": ""63"", ""open-gop"": ""0"", ""psy-rd"": ""2.0"", ""psy-rdoq"": ""1.0"", ""qcomp"": ""0.5"", ""qpmax"": ""24"", ""qpmin"": ""7"", ""rc-lookahead"": ""47"", ""rd"": ""5"", ""rdoq-level"": ""0"", ""rect"": ""1"", ""ref"": ""4"", ""rskip"": ""1"", ""sao"": ""1"", ""scenecut"": ""79"", ""subme"": ""2"", ""tu-inter-depth"": ""2"", ""tu-intra-depth"": ""2"", ""weightb"": ""0"", ""weightp"": ""0"", ""wpp"": ""0""}"
x265,bestconfig,7305,single,179,29.54,10.38,29.54,10.774724960327148,"['Standard', '320p', 30, '10s']",0.0,10.774620771408081,0.0,"{""amp"": ""0"", ""aq-mode"": ""4"", ""aq-strength"": ""0.5"", ""b-adapt"": ""1"", ""bframes"": ""5"", ""crf"": ""22.0"", ""ctu"": ""32"", ""keyint"": ""224"", ""limit-refs"": ""2"", ""limit-tu"": ""2"", ""me"": ""hex"", ""merange"": ""25"", ""open-gop"": ""1"", ""psy-rd"": ""0.5"", ""psy-rdoq"": ""0.0"", ""qcomp"": ""0.9"", ""qpmax"": ""23"", ""qpmin"": ""8"", ""rc-lookahead"": ""19"", ""rd"": ""2"", ""rdoq-level"": ""2"", ""rect"": ""0"", ""ref"": ""4"", ""rskip"": ""0"", ""sao"": ""1"", ""scenecut"": ""8"", ""subme"": ""3"", ""tu-inter-depth"": ""2"", ""tu-intra-depth"": ""1"", ""weightb"": ""1"", ""weightp"": ""1"", ""wpp"": ""1""}"
x265,bestconfig,7305,single,180,31.43,9.75,31.43,10.150183916091919,"['Standard', '320p', 30, '10s']",0.0,10.150096654891968,0.0,"{""amp"": ""0"", ""aq-mode"": ""3"", ""aq-strength"": ""2.0"", ""b-adapt"": ""0"", ""bframes"": ""4"", ""crf"": ""28.0"", ""ctu"": ""32"", ""keyint"": ""369"", ""limit-refs"": ""1"", ""limit-tu"": ""2"", ""me"": ""hex"", ""merange"": ""34"", ""open-gop"": ""0"", ""psy-rd"": ""1.5"", ""psy-rdoq"": ""2.0"", ""qcomp"": ""1.0"", ""qpmax"": ""36"", ""qpmin"": ""13"", ""rc-lookahead"": ""35"", ""rd"": ""3"", ""rdoq-level"": ""1"", ""rect"": ""1"", ""ref"": ""5"", ""rskip"": ""0"", ""sao"": ""0"", ""scenecut"": ""74"", ""subme"": ""4"", ""tu-inter-depth"": ""3"", ""tu-intra-depth"": ""3"", ""weightb"": ""1"", ""weightp"": ""0"", ""wpp"": ""1""}"
x265,bestconfig,7305,single,181,3.1,98.09,3.1,98.49764323234558,"['Standard', '320p', 30, '10s']",0.0,98.4975483417511,0.0,"{""amp"": ""1"", ""aq-mode"": ""0"", ""aq-strength"": ""1.8"", ""b-adapt"": ""1"", ""bframes"": ""8"", ""crf"": ""18.0"", ""ctu"": ""16"", ""keyint"": ""70"", ""limit-refs"": ""2"", ""limit-tu"": ""3"", ""me"": ""full"", ""merange"": ""46"", ""open-gop"": ""0"", ""psy-rd"": ""2.5"", ""psy-rdoq"": ""2.5"", ""qcomp"": ""0.6"", ""qpmax"": ""29"", ""qpmin"": ""18"", ""rc-lookahead"": ""25"", ""rd"": ""6"", ""rdoq-level"": ""1"", ""rect"": ""0"", ""ref"": ""3"", ""rskip"": ""0"", ""sao"": ""1"", ""scenecut"": ""54"", ""subme"": ""1"", ""tu-inter-depth"": ""3"", ""tu-intra-depth"": ""3"", ""weightb"": ""1"", ""weightp"": ""0"", ""wpp"": ""0""}"
x265,bestconfig,7305,single,182,47.87,6.43,47.87,6.82974648475647,"['Standard', '320p', 30, '10s']",0.0,6.829654216766357,0.0,"{""amp"": ""1"", ""aq-mode"": ""2"", ""aq-strength"": ""0.8"", ""b-adapt"": ""0"", ""bframes"": ""0"", ""crf"": ""30.0"", ""ctu"": ""16"", ""keyint"": ""97"", ""limit-refs"": ""0"", ""limit-tu"": ""1"", ""me"": ""star"", ""merange"": ""17"", ""open-gop"": ""1"", ""psy-rd"": ""3.0"", ""psy-rdoq"": ""4.0"", ""qcomp"": ""0.75"", ""qpmax"": ""46"", ""qpmin"": ""16"", ""rc-lookahead"": ""13"", ""rd"": ""2"", ""rdoq-level"": ""0"", ""rect"": ""1"", ""ref"": ""3"", ""rskip"": ""0"", ""sao"": ""1"", ""scenecut"": ""20"", ""subme"": ""3"", ""tu-inter-depth"": ""3"", ""tu-intra-depth"": ""3"", ""weightb"": ""0"", ""weightp"": ""1"", ""wpp"": ""0""}"
x265,bestconfig,7305,single,183,18.72,16.33,18.72,16.734010219573975,"['Standard', '320p', 30, '10s']",0.0,16.73391556739807,0.0,"{""amp"": ""1"", ""aq-mode"": ""3"", ""aq-strength"": ""1.2"", ""b-adapt"": ""1"", ""bframes"": ""7"", ""crf"": ""18.0"", ""ctu"": ""64"", ""keyint"": ""265"", ""limit-refs"": ""2"", ""limit-tu"": ""4"", ""me"": ""umh"", ""merange"": ""41"", ""open-gop"": ""0"", ""psy-rd"": ""1.0"", ""psy-rdoq"": ""0.5"", ""qcomp"": ""0.5"", ""qpmax"": ""34"", ""qpmin"": ""3"", ""rc-lookahead"": ""52"", ""rd"": ""4"", ""rdoq-level"": ""1"", ""rect"": ""1"", ""ref"": ""2"", ""rskip"": ""1"", ""sao"": ""0"", ""scenecut"": ""98"", ""subme"": ""5"", ""tu-inter-depth"": ""4"", ""tu-intra-depth"": ""2"", ""weightb"": ""0"", ""weightp"": ""1"", ""wpp"": ""1""}"
x265,bestconfig,7305,single,184,80.57,3.86,80.57,4.2414281368255615,"['Standard', '320p', 30, '10s']",0.0,4.241325855255127,0.0,"{""amp"": ""0"", ""aq-mode"": ""2"", ""aq-strength"": ""1.0"", ""b-adapt"": ""2"", ""bframes"": ""2"", ""crf"": ""32.0"", ""ctu"": ""16"", ""keyint"": ""418"", ""limit-refs"": ""1"", ""limit-tu"": ""0"", ""me"": ""dia"", ""merange"": ""57"", ""open-gop"": ""1"", ""psy-rd"": ""3.5"", ""psy-rdoq"": ""3.0"", ""qcomp"": ""0.7"", ""qpmax"": ""41"", ""qpmin"": ""2"", ""rc-lookahead"": ""41"", ""rd"": ""4"", ""rdoq-level"": ""1"", ""rect"": ""0"", ""ref"": ""6"", ""rskip"": ""1"", ""sao"": ""0"", ""scenecut"": ""27"", ""subme"": ""4"", ""tu-inter-depth"": ""1"", ""tu-intra-depth"": ""3"", ""weightb"": ""0"", ""weightp"": ""1"", ""wpp"": ""0""}"
x265,bestconfig,7305,single,185,41.82,7.35,41.82,7.747867584228516,"['Standard', '320p', 30, '10s']",0.0,7.747778654098511,0.0,"{""amp"": ""1"", ""aq-mode"": ""1"", ""aq-strength"": ""1.5"", ""b-adapt"": ""1"", ""bframes"": ""4"", ""crf"": ""32.0"", ""ctu"": ""64"", ""keyint"": ""214"", ""limit-refs"": ""1"", ""limit-tu"": ""1"", ""me"": ""umh"", ""merange"": ""16"", ""open-gop"": ""0"", ""psy-rd"": ""2.5"", ""psy-rdoq"": ""0.5"", ""qcomp"": ""0.7"", ""qpmax"": ""40"", ""qpmin"": ""12"", ""rc-lookahead"": ""34"", ""rd"": ""2"", ""rdoq-level"": ""2"", ""rect"": ""1"", ""ref"": ""3"", ""rskip"": ""0"", ""sao"": ""0"", ""scenecut"": ""79"", ""subme"": ""5"", ""tu-inter-depth"": ""4"", ""tu-intra-depth"": ""3"", ""weightb"": ""0"", ""weightp"": ""1"", ""wpp"": ""1""}"
x265,bestconfig,7305,single,186,32.81,9.35,32.81,9.744832277297974,"['Standard', '320p', 30, '10s']",0.0,9.744744777679443,0.0,"{""amp"": ""0"", ""aq-mode"": ""2"", ""aq-strength"": ""1.2"", ""b-adapt"": ""1"", ""bframes"": ""4"", ""crf"": ""18.0"", ""ctu"": ""32"", ""keyint"": ""167"", ""limit-refs"": ""2"", ""limit-tu"": ""3"", ""me"": ""star"", ""merange"": ""17"", ""open-gop"": ""1"", ""psy-rd"": ""2.0"", ""psy-rdoq"": ""4.5"", ""qcomp"": ""0.5"", ""qpmax"": ""38"", ""qpmin"": ""9"", ""rc-lookahead"": ""27"", ""rd"": ""2"", ""rdoq-level"": ""0"", ""rect"": ""1"", ""ref"": ""3"", ""rskip"": ""1"", ""sao"": ""1"", ""scenecut"": ""76"", ""subme"": ""4"", ""tu-inter-depth"": ""3"", ""tu-intra-depth"": ""2"", ""weightb"": ""1"", ""weightp"": ""0"", ""wpp"": ""0""}"
x265,bestconfig,7305,single,187,92.33,3.37,92.33,3.7508857250213623,"['Standard', '320p', 30, '10s']",0.0,3.7507805824279785,0.0,"{""amp"": ""0"", ""aq-mode"": ""2"", ""aq-strength"": ""2.0"", ""b-adapt"": ""0"", ""bframes"": ""3"", ""crf"": ""28.0"", ""ctu"": ""16"", ""keyint"": ""186"", ""limit-refs"": ""0"", ""limit-tu"": ""2"", ""me"": ""dia"", ""merange"": ""16"", ""open-gop"": ""0"", ""psy-rd"": ""3.5"", ""psy-rdoq"": ""2.5"", ""qcomp"": ""0.5"", ""qpmax"": ""42"", ""qpmin"": ""9"", ""rc-lookahead"": ""28"", ""rd"": ""1"", ""rdoq-level"": ""0"", ""rect"": ""1"", ""ref"": ""4"", ""rskip"": ""0"", ""sao"": ""1"", ""scenecut"": ""78"", ""subme"": ""3"", ""tu-inter-depth"": ""3"", ""tu-intra-depth"": ""2"", ""weightb"": ""0"", ""weightp"": ""1"", ""wpp"": ""1""}"
x265,bestconfig,7305,single,188,60.78,5.16,60.78,5.793581962585449,"['Standard', '320p', 30, '10s']",0.0,5.793492794036865,0.0,"{""amp"": ""0"", ""aq-mode"": ""2"", ""aq-strength"": ""0.8"", ""b-adapt"": ""1"", ""bframes"": ""5"", ""crf"": ""25.0"", ""ctu"": ""32"", ""keyint"": ""222"", ""limit-refs"": ""2"", ""limit-tu"": ""3"", ""me"": ""hex"", ""merange"": ""16"", ""open-gop"": ""1"", ""psy-rd"": ""1.5"", ""psy-rdoq"": ""1.0"", ""qcomp"": ""0.75"", ""qpmax"": ""43"", ""qpmin"": ""11"", ""rc-lookahead"": ""26"", ""rd"": ""1"", ""rdoq-level"": ""1"", ""rect"": ""0"", ""ref"": ""5"", ""rskip"": ""1"", ""sao"": ""0"", ""scenecut"": ""75"", ""subme"": ""3"", ""tu-inter-depth"": ""4"", ""tu-intra-depth"": ""2"", ""weightb"": ""0"", ""weightp"": ""1"", ""wpp"": ""0""}"
x265,bestconfig,7305,single,189,41.47,7.42,41.47,7.821348667144775,"['Standard', '320p', 30, '10s']",0.0,7.821262359619141,0.0,"{""amp"": ""1"", ""aq-mode"": ""2"", ""aq-strength"": ""0.5"", ""b-adapt"": ""0"", ""bframes"": ""5"", ""crf"": ""18.0"", ""ctu"": ""16"", ""keyint"": ""157"", ""limit-refs"": ""1"", ""limit-tu"": ""2"", ""me"": ""dia"", ""merange"": ""17"", ""open-gop"": ""1"", ""psy-rd"": ""0.5"", ""psy-rdoq"": ""3.0"", ""qcomp"": ""1.0"", ""qpmax"": ""36"", ""qpmin"": ""10"", ""rc-lookahead"": ""31"", ""rd"": ""1"", ""rdoq-level"": ""1"", ""rect"": ""0"", ""ref"": ""4"", ""rskip"": ""1"", ""sao"": ""1"", ""scenecut"": ""76"", ""subme"": ""4"", ""tu-inter-depth"": ""3"", ""tu-intra-depth"": ""2"", ""weightb"": ""0"", ""weightp"": ""0"", ""wpp"": ""0""}"
x265,bestconfig,7305,single,190,81.39,3.82,81.39,4.209074020385742,"['Standard', '320p', 30, '10s']",0.0,4.208987236022949,0.0,"{""amp"": ""1"", ""aq-mode"": ""1"", ""aq-strength"": ""0.0"", ""b-adapt"": ""0"", ""bframes"": ""3"", ""crf"": ""30.0"", ""ctu"": ""16"", ""keyint"": ""204"", ""limit-refs"": ""1"", ""limit-tu"": ""1"", ""me"": ""star"", ""merange"": ""17"", ""open-gop"": ""1"", ""psy-rd"": ""3.0"", ""psy-rdoq"": ""2.0"", ""qcomp"": ""0.6"", ""qpmax"": ""40"", ""qpmin"": ""10"", ""rc-lookahead"": ""35"", ""rd"": ""2"", ""rdoq-level"": ""1"", ""rect"": ""0"", ""ref"": ""4"", ""rskip"": ""1"", ""sao"": ""1"", ""scenecut"": ""78"", ""subme"": ""5"", ""tu-inter-depth"": ""3"", ""tu-intra-depth"": ""3"", ""weightb"": ""1"", ""weightp"": ""0"", ""wpp"": ""0""}"
x265,bestconfig,7305,single,191,21.79,14.04,21.79,14.440783262252808,"['Standard', '320p', 30, '10s']",0.0,14.440694570541382,0.0,"{""amp"": ""0"", ""aq-mode"": ""3"", ""aq-strength"": ""1.0"", ""b-adapt"": ""0"", ""bframes"": ""4"", ""crf"": ""20.0"", ""ctu"": ""64"", ""keyint"": ""196"", ""limit-refs"": ""1"", ""limit-tu"": ""2"", ""me"": ""full"", ""merange"": ""16"", ""open-gop"": ""0"", ""psy-rd"": ""1.0"", ""psy-rdoq"": ""4.0"", ""qcomp"": ""0.9"", ""qpmax"": ""45"", ""qpmin"": ""8"", ""rc-lookahead"": ""29"", ""rd"": ""1"", ""rdoq-level"": ""1"", ""rect"": ""1"", ""ref"": ""4"", ""rskip"": ""0"", ""sao"": ""0"", ""scenecut"": ""77"", ""subme"": ""4"", ""tu-inter-depth"": ""3"", ""tu-intra-depth"": ""1"", ""weightb"": ""1"", ""weightp"": ""1"", ""wpp"": ""1""}"
x265,bestconfig,7305,single,192,32.38,9.47,32.38,9.876381635665894,"['Standard', '320p', 30, '10s']",0.0,9.876291275024414,0.0,"{""amp"": ""1"", ""aq-mode"": ""3"", ""aq-strength"": ""1.8"", ""b-adapt"": ""1"", ""bframes"": ""4"", ""crf"": ""22.0"", ""ctu"": ""32"", ""keyint"": ""178"", ""limit-refs"": ""0"", ""limit-tu"": ""2"", ""me"": ""hex"", ""merange"": ""17"", ""open-gop"": ""0"", ""psy-rd"": ""0.0"", ""psy-rdoq"": ""0.0"", ""qcomp"": ""0.8"", ""qpmax"": ""44"", ""qpmin"": ""11"", ""rc-lookahead"": ""30"", ""rd"": ""2"", ""rdoq-level"": ""2"", ""rect"": ""0"", ""ref"": ""5"", ""rskip"": ""0"", ""sao"": ""0"", ""scenecut"": ""74"", ""subme"": ""4"", ""tu-inter-depth"": ""4"", ""tu-intra-depth"": ""1"", ""weightb"": ""1"", ""weightp"": ""0"", ""wpp"": ""1""}"
x265,bestconfig,7305,single,193,39.8,7.72,39.8,8.116807699203491,"['Standard', '320p', 30, '10s']",0.0,8.116721868515015,0.0,"{""amp"": ""1"", ""aq-mode"": ""3"", ""aq-strength"": ""0.5"", ""b-adapt"": ""0"", ""bframes"": ""1"", ""crf"": ""25.0"", ""ctu"": ""32"", ""keyint"": ""187"", ""limit-refs"": ""2"", ""limit-tu"": ""1"", ""me"": ""dia"", ""merange"": ""22"", ""open-gop"": ""0"", ""psy-rd"": ""1.0"", ""psy-rdoq"": ""0.5"", ""qcomp"": ""0.75"", ""qpmax"": ""34"", ""qpmin"": ""8"", ""rc-lookahead"": ""31"", ""rd"": ""2"", ""rdoq-level"": ""1"", ""rect"": ""1"", ""ref"": ""4"", ""rskip"": ""1"", ""sao"": ""1"", ""scenecut"": ""18"", ""subme"": ""4"", ""tu-inter-depth"": ""2"", ""tu-intra-depth"": ""2"", ""weightb"": ""0"", ""weightp"": ""0"", ""wpp"": ""1""}"
x265,bestconfig,7305,single,194,11.69,26.08,11.69,26.49239993095398,"['Standard', '320p', 30, '10s']",0.0,26.492307424545288,0.0,"{""amp"": ""1"", ""aq-mode"": ""1"", ""aq-strength"": ""1.0"", ""b-adapt"": ""0"", ""bframes"": ""3"", ""crf"": ""18.0"", ""ctu"": ""16"", ""keyint"": ""301"", ""limit-refs"": ""0"", ""limit-tu"": ""0"", ""me"": ""star"", ""merange"": ""43"", ""open-gop"": ""0"", ""psy-rd"": ""2.0"", ""psy-rdoq"": ""0.0"", ""qcomp"": ""0.6"", ""qpmax"": ""20"", ""qpmin"": ""4"", ""rc-lookahead"": ""21"", ""rd"": ""5"", ""rdoq-level"": ""0"", ""rect"": ""0"", ""ref"": ""2"", ""rskip"": ""1"", ""sao"": ""1"", ""scenecut"": ""90"", ""subme"": ""4"", ""tu-inter-depth"": ""3"", ""tu-intra-depth"": ""2"", ""weightb"": ""1"", ""weightp"": ""0"", ""wpp"": ""1""}"
x265,bestconfig,7305,single,195,13.77,22.24,13.77,22.756670475006104,"['Standard', '320p', 30, '10s']",0.0,22.75657844543457,0.0,"{""amp"": ""0"", ""aq-mode"": ""0"", ""aq-strength"": ""2.0"", ""b-adapt"": ""2"", ""bframes"": ""2"", ""crf"": ""28.0"", ""ctu"": ""16"", ""keyint"": ""80"", ""limit-refs"": ""0"", ""limit-tu"": ""3"", ""me"": ""dia"", ""merange"": ""30"", ""open-gop"": ""1"", ""psy-rd"": ""0.0"", ""psy-rdoq"": ""2.0"", ""qcomp"": ""0.5"", ""qpmax"": ""29"", ""qpmin"": ""12"", ""rc-lookahead"": ""57"", ""rd"": ""5"", ""rdoq-level"": ""0"", ""rect"": ""1"", ""ref"": ""4"", ""rskip"": ""1"", ""sao"": ""1"", ""scenecut"": ""43"", ""subme"": ""3"", ""tu-inter-depth"": ""3"", ""tu-intra-depth"": ""3"", ""weightb"": ""1"", ""weightp"": ""0"", ""wpp"": ""0""}"
x265,bestconfig,7305,single,196,50.46,6.11,50.46,6.49959135055542,"['Standard', '320p', 30, '10s']",0.0,6.499496936798096,0.0,"{""amp"": ""0"", ""aq-mode"": ""2"", ""aq-strength"": ""1.2"", ""b-adapt"": ""1"", ""bframes"": ""7"", ""crf"": ""32.0"", ""ctu"": ""16"", ""keyint"": ""475"", ""limit-refs"": ""1"", ""limit-tu"": ""1"", ""me"": ""hex"", ""merange"": ""60"", ""open-gop"": ""0"", ""psy-rd"": ""3.0"", ""psy-rdoq"": ""1.0"", ""qcomp"": ""0.8"", ""qpmax"": ""42"", ""qpmin"": ""14"", ""rc-lookahead"": ""53"", ""rd"": ""4"", ""rdoq-level"": ""2"", ""rect"": ""1"", ""ref"": ""5"", ""rskip"": ""0"", ""sao"": ""0"", ""scenecut"": ""74"", ""subme"": ""2"", ""tu-inter-depth"": ""3"", ""tu-intra-depth"": ""3"", ""weightb"": ""0"", ""weightp"": ""1"", ""wpp"": ""0""}"
x265,bestconfig,7305,single,197,42.68,7.21,42.68,7.60203218460083,"['Standard', '320p', 30, '10s']",0.0,7.601930618286133,0.0,"{""amp"": ""0"", ""aq-mode"": ""1"", ""aq-strength"": ""1.8"", ""b-adapt"": ""2"", ""bframes"": ""5"", ""crf"": ""30.0"", ""ctu"": ""64"", ""keyint"": ""388"", ""limit-refs"": ""2"", ""limit-tu"": ""4"", ""me"": ""umh"", ""merange"": ""47"", ""open-gop"": ""1"", ""psy-rd"": ""1.5"", ""psy-rdoq"": ""4.5"", ""qcomp"": ""0.5"", ""qpmax"": ""38"", ""qpmin"": ""2"", ""rc-lookahead"": ""46"", ""rd"": ""3"", ""rdoq-level"": ""1"", ""rect"": ""1"", ""ref"": ""2"", ""rskip"": ""0"", ""sao"": ""0"", ""scenecut"": ""5"", ""subme"": ""2"", ""tu-inter-depth"": ""1"", ""tu-intra-depth"": ""3"", ""weightb"": ""0"", ""weightp"": ""1"", ""wpp"": ""0""}"
x265,bestconfig,7305,single,198,13.02,23.42,13.02,23.82733702659607,"['Standard', '320p', 30, '10s']",0.0,23.827245235443115,0.0,"{""amp"": ""0"", ""aq-mode"": ""2"", ""aq-strength"": ""1.5"", ""b-adapt"": ""1"", ""bframes"": ""5"", ""crf"": ""20.0"", ""ctu"": ""32"", ""keyint"": ""339"", ""limit-refs"": ""1"", ""limit-tu"": ""3"", ""me"": ""full"", ""merange"": ""56"", ""open-gop"": ""1"", ""psy-rd"": ""2.5"", ""psy-rdoq"": ""4.0"", ""qcomp"": ""0.9"", ""qpmax"": ""46"", ""qpmin"": ""19"", ""rc-lookahead"": ""23"", ""rd"": ""3"", ""rdoq-level"": ""2"", ""rect"": ""0"", ""ref"": ""1"", ""rskip"": ""0"", ""sao"": ""0"", ""scenecut"": ""29"", ""subme"": ""3"", ""tu-inter-depth"": ""2"", ""tu-intra-depth"": ""1"", ""weightb"": ""0"", ""weightp"": ""0"", ""wpp"": ""1""}"
x265,bestconfig,7305,single,199,43.35,7.1,43.35,7.503744125366211,"['Standard', '320p', 30, '10s']",0.0,7.503655672073364,0.0,"{""amp"": ""1"", ""aq-mode"": ""4"", ""aq-strength"": ""0.8"", ""b-adapt"": ""1"", ""bframes"": ""7"", ""crf"": ""22.0"", ""ctu"": ""64"", ""keyint"": ""240"", ""limit-refs"": ""3"", ""limit-tu"": ""2"", ""me"": ""hex"", ""merange"": ""36"", ""open-gop"": ""1"", ""psy-rd"": ""3.5"", ""psy-rdoq"": ""3.0"", ""qcomp"": ""1.0"", ""qpmax"": ""50"", ""qpmin"": ""7"", ""rc-lookahead"": ""16"", ""rd"": ""1"", ""rdoq-level"": ""1"", ""rect"": ""0"", ""ref"": ""3"", ""rskip"": ""1"", ""sao"": ""0"", ""scenecut"": ""59"", ""subme"": ""1"", ""tu-inter-depth"": ""3"", ""tu-intra-depth"": ""3"", ""weightb"": ""1"", ""weightp"": ""1"", ""wpp"": ""1""}"
x265,bestconfig,7305,single,200,15.22,20.05,15.22,20.45380449295044,"['Standard', '320p', 30, '10s']",0.0,20.453709602355957,0.0,"{""amp"": ""1"", ""aq-mode"": ""3"", ""aq-strength"": ""0.0"", ""b-adapt"": ""1"", ""bframes"": ""0"", ""crf"": ""18.0"", ""ctu"": ""32"", ""keyint"": ""139"", ""limit-refs"": ""3"", ""limit-tu"": ""2"", ""me"": ""star"", ""merange"": ""16"", ""open-gop"": ""0"", ""psy-rd"": ""0.5"", ""psy-rdoq"": ""2.5"", ""qcomp"": ""0.7"", ""qpmax"": ""24"", ""qpmin"": ""15"", ""rc-lookahead"": ""41"", ""rd"": ""4"", ""rdoq-level"": ""1"", ""rect"": ""0"", ""ref"": ""6"", ""rskip"": ""0"", ""sao"": ""1"", ""scenecut"": ""75"", ""subme"": ""5"", ""tu-inter-depth"": ""2"", ""tu-intra-depth"": ""2"", ""weightb"": ""1"", ""weightp"": ""1"", ""wpp"": ""0""}"
