system,method,method_label,run_id,source_group,iteration,throughput,latency,qps,cost,fidelity,prepare_time,run_time,clean_time,config_json
x265,lf09_hard01,"lambda_f=0.9, hard=0.1",16031,RQ3,1,71.57,4.31,71.57,4.686341047286987,"['Standard', '320p', 30, '10s']",0.0,4.685685396194458,0.0,"{""amp"": ""1"", ""aq-mode"": ""2"", ""aq-strength"": ""1.0"", ""b-adapt"": ""2"", ""bframes"": ""4"", ""crf"": ""28.0"", ""ctu"": ""64"", ""keyint"": ""250"", ""limit-refs"": ""3"", ""limit-tu"": ""0"", ""me"": ""hex"", ""merange"": ""57"", ""open-gop"": ""1"", ""psy-rd"": ""2.0"", ""psy-rdoq"": ""1.0"", ""qcomp"": ""0.6"", ""qpmax"": ""51"", ""qpmin"": ""0"", ""rc-lookahead"": ""20"", ""rd"": ""3"", ""rdoq-level"": ""1"", ""rect"": ""1"", ""ref"": ""3"", ""rskip"": ""1"", ""sao"": ""1"", ""scenecut"": ""40"", ""subme"": ""2"", ""tu-inter-depth"": ""1"", ""tu-intra-depth"": ""1"", ""weightb"": ""0"", ""weightp"": ""1"", ""wpp"": ""1""}"
x265,lf09_hard01,"lambda_f=0.9, hard=0.1",16031,RQ3,2,63.25,4.86,63.25,5.192759990692139,"['Standard', '320p', 30, '10s']",0.0,5.192673444747925,0.0,"{""amp"": ""1"", ""aq-mode"": ""2"", ""aq-strength"": ""1.0"", ""b-adapt"": ""2"", ""bframes"": ""4"", ""crf"": ""28.0"", ""ctu"": ""16"", ""keyint"": ""250"", ""limit-refs"": ""3"", ""limit-tu"": ""0"", ""me"": ""hex"", ""merange"": ""57"", ""open-gop"": ""1"", ""psy-rd"": ""2.0"", ""psy-rdoq"": ""1.0"", ""qcomp"": ""0.6"", ""qpmax"": ""51"", ""qpmin"": ""0"", ""rc-lookahead"": ""20"", ""rd"": ""3"", ""rdoq-level"": ""1"", ""rect"": ""1"", ""ref"": ""3"", ""rskip"": ""0"", ""sao"": ""1"", ""scenecut"": ""40"", ""subme"": ""2"", ""tu-inter-depth"": ""1"", ""tu-intra-depth"": ""1"", ""weightb"": ""0"", ""weightp"": ""1"", ""wpp"": ""1""}"
x265,lf09_hard01,"lambda_f=0.9, hard=0.1",16031,RQ3,3,99.72,3.1,99.72,3.442415952682495,"['Standard', '320p', 30, '10s']",0.0,3.4423272609710693,0.0,"{""amp"": ""1"", ""aq-mode"": ""2"", ""aq-strength"": ""1.0"", ""b-adapt"": ""2"", ""bframes"": ""4"", ""crf"": ""28.0"", ""ctu"": ""64"", ""keyint"": ""250"", ""limit-refs"": ""3"", ""limit-tu"": ""0"", ""me"": ""hex"", ""merange"": ""57"", ""open-gop"": ""1"", ""psy-rd"": ""0.5"", ""psy-rdoq"": ""1.0"", ""qcomp"": ""0.6"", ""qpmax"": ""51"", ""qpmin"": ""0"", ""rc-lookahead"": ""20"", ""rd"": ""1"", ""rdoq-level"": ""1"", ""rect"": ""1"", ""ref"": ""3"", ""rskip"": ""1"", ""sao"": ""1"", ""scenecut"": ""40"", ""subme"": ""2"", ""tu-inter-depth"": ""1"", ""tu-intra-depth"": ""1"", ""weightb"": ""0"", ""weightp"": ""1"", ""wpp"": ""1""}"
x265,lf09_hard01,"lambda_f=0.9, hard=0.1",16031,RQ3,4,116.19,2.67,116.19,3.0160858631134033,"['Standard', '320p', 30, '10s']",0.0,3.0159904956817627,0.0,"{""amp"": ""1"", ""aq-mode"": ""2"", ""aq-strength"": ""1.0"", ""b-adapt"": ""2"", ""bframes"": ""4"", ""crf"": ""28.0"", ""ctu"": ""64"", ""keyint"": ""250"", ""limit-refs"": ""3"", ""limit-tu"": ""0"", ""me"": ""hex"", ""merange"": ""57"", ""open-gop"": ""1"", ""psy-rd"": ""1.0"", ""psy-rdoq"": ""1.0"", ""qcomp"": ""0.6"", ""qpmax"": ""51"", ""qpmin"": ""0"", ""rc-lookahead"": ""20"", ""rd"": ""1"", ""rdoq-level"": ""1"", ""rect"": ""1"", ""ref"": ""3"", ""rskip"": ""1"", ""sao"": ""1"", ""scenecut"": ""40"", ""subme"": ""2"", ""tu-inter-depth"": ""1"", ""tu-intra-depth"": ""1"", ""weightb"": ""0"", ""weightp"": ""1"", ""wpp"": ""1""}"
x265,lf09_hard01,"lambda_f=0.9, hard=0.1",16031,RQ3,5,99.27,3.12,99.27,3.448298692703247,"['Standard', '320p', 30, '10s']",0.0,3.4482085704803467,0.0,"{""amp"": ""1"", ""aq-mode"": ""2"", ""aq-strength"": ""1.0"", ""b-adapt"": ""2"", ""bframes"": ""4"", ""crf"": ""28.0"", ""ctu"": ""64"", ""keyint"": ""250"", ""limit-refs"": ""3"", ""limit-tu"": ""0"", ""me"": ""hex"", ""merange"": ""57"", ""open-gop"": ""1"", ""psy-rd"": ""1.5"", ""psy-rdoq"": ""1.0"", ""qcomp"": ""0.6"", ""qpmax"": ""51"", ""qpmin"": ""0"", ""rc-lookahead"": ""20"", ""rd"": ""1"", ""rdoq-level"": ""1"", ""rect"": ""1"", ""ref"": ""3"", ""rskip"": ""1"", ""sao"": ""1"", ""scenecut"": ""40"", ""subme"": ""2"", ""tu-inter-depth"": ""1"", ""tu-intra-depth"": ""1"", ""weightb"": ""0"", ""weightp"": ""1"", ""wpp"": ""1""}"
x265,lf09_hard01,"lambda_f=0.9, hard=0.1",16031,RQ3,6,28.49,10.72,28.49,11.066316366195679,"['Standard', '320p', 30, '10s']",0.0,11.066226720809937,0.0,"{""amp"": ""1"", ""aq-mode"": ""2"", ""aq-strength"": ""1.0"", ""b-adapt"": ""2"", ""bframes"": ""4"", ""crf"": ""28.0"", ""ctu"": ""64"", ""keyint"": ""250"", ""limit-refs"": ""3"", ""limit-tu"": ""0"", ""me"": ""hex"", ""merange"": ""57"", ""open-gop"": ""1"", ""psy-rd"": ""2.0"", ""psy-rdoq"": ""1.0"", ""qcomp"": ""0.6"", ""qpmax"": ""51"", ""qpmin"": ""0"", ""rc-lookahead"": ""20"", ""rd"": ""6"", ""rdoq-level"": ""1"", ""rect"": ""1"", ""ref"": ""3"", ""rskip"": ""1"", ""sao"": ""1"", ""scenecut"": ""40"", ""subme"": ""2"", ""tu-inter-depth"": ""1"", ""tu-intra-depth"": ""1"", ""weightb"": ""0"", ""weightp"": ""1"", ""wpp"": ""1""}"
x265,lf09_hard01,"lambda_f=0.9, hard=0.1",16031,RQ3,7,46.64,6.62,46.64,7.169058561325073,"['Standard', '320p', 30, '10s']",0.0,7.168961524963379,0.0,"{""amp"": ""1"", ""aq-mode"": ""2"", ""aq-strength"": ""1.0"", ""b-adapt"": ""2"", ""bframes"": ""4"", ""crf"": ""28.0"", ""ctu"": ""64"", ""keyint"": ""250"", ""limit-refs"": ""0"", ""limit-tu"": ""0"", ""me"": ""hex"", ""merange"": ""57"", ""open-gop"": ""1"", ""psy-rd"": ""2.0"", ""psy-rdoq"": ""1.0"", ""qcomp"": ""0.6"", ""qpmax"": ""51"", ""qpmin"": ""0"", ""rc-lookahead"": ""20"", ""rd"": ""3"", ""rdoq-level"": ""1"", ""rect"": ""1"", ""ref"": ""6"", ""rskip"": ""1"", ""sao"": ""1"", ""scenecut"": ""40"", ""subme"": ""2"", ""tu-inter-depth"": ""1"", ""tu-intra-depth"": ""1"", ""weightb"": ""0"", ""weightp"": ""1"", ""wpp"": ""1""}"
x265,lf09_hard01,"lambda_f=0.9, hard=0.1",16031,RQ3,8,8.87,34.37,8.87,34.717227935791016,"['Standard', '320p', 30, '10s']",0.0,34.717121839523315,0.0,"{""amp"": ""1"", ""aq-mode"": ""2"", ""aq-strength"": ""1.0"", ""b-adapt"": ""2"", ""bframes"": ""4"", ""crf"": ""28.0"", ""ctu"": ""64"", ""keyint"": ""250"", ""limit-refs"": ""3"", ""limit-tu"": ""0"", ""me"": ""full"", ""merange"": ""57"", ""open-gop"": ""1"", ""psy-rd"": ""2.0"", ""psy-rdoq"": ""1.0"", ""qcomp"": ""0.6"", ""qpmax"": ""51"", ""qpmin"": ""0"", ""rc-lookahead"": ""20"", ""rd"": ""3"", ""rdoq-level"": ""1"", ""rect"": ""1"", ""ref"": ""3"", ""rskip"": ""1"", ""sao"": ""1"", ""scenecut"": ""40"", ""subme"": ""3"", ""tu-inter-depth"": ""1"", ""tu-intra-depth"": ""1"", ""weightb"": ""0"", ""weightp"": ""1"", ""wpp"": ""1""}"
x265,lf09_hard01,"lambda_f=0.9, hard=0.1",16031,RQ3,9,8.63,35.28,8.63,35.61125302314758,"['Standard', '320p', 30, '10s']",0.0,35.61116051673889,0.0,"{""amp"": ""1"", ""aq-mode"": ""2"", ""aq-strength"": ""1.0"", ""b-adapt"": ""2"", ""bframes"": ""4"", ""crf"": ""28.0"", ""ctu"": ""64"", ""keyint"": ""250"", ""limit-refs"": ""3"", ""limit-tu"": ""0"", ""me"": ""full"", ""merange"": ""57"", ""open-gop"": ""1"", ""psy-rd"": ""2.0"", ""psy-rdoq"": ""1.0"", ""qcomp"": ""0.6"", ""qpmax"": ""51"", ""qpmin"": ""0"", ""rc-lookahead"": ""20"", ""rd"": ""3"", ""rdoq-level"": ""1"", ""rect"": ""1"", ""ref"": ""3"", ""rskip"": ""1"", ""sao"": ""1"", ""scenecut"": ""40"", ""subme"": ""4"", ""tu-inter-depth"": ""1"", ""tu-intra-depth"": ""1"", ""weightb"": ""0"", ""weightp"": ""1"", ""wpp"": ""1""}"
x265,lf09_hard01,"lambda_f=0.9, hard=0.1",16031,RQ3,10,8.61,35.36,8.61,35.68665885925293,"['Standard', '320p', 30, '10s']",0.0,35.68656826019287,0.0,"{""amp"": ""1"", ""aq-mode"": ""2"", ""aq-strength"": ""1.0"", ""b-adapt"": ""2"", ""bframes"": ""4"", ""crf"": ""28.0"", ""ctu"": ""64"", ""keyint"": ""250"", ""limit-refs"": ""3"", ""limit-tu"": ""0"", ""me"": ""full"", ""merange"": ""57"", ""open-gop"": ""1"", ""psy-rd"": ""2.0"", ""psy-rdoq"": ""1.0"", ""qcomp"": ""0.6"", ""qpmax"": ""51"", ""qpmin"": ""0"", ""rc-lookahead"": ""20"", ""rd"": ""3"", ""rdoq-level"": ""1"", ""rect"": ""1"", ""ref"": ""3"", ""rskip"": ""1"", ""sao"": ""1"", ""scenecut"": ""40"", ""subme"": ""5"", ""tu-inter-depth"": ""1"", ""tu-intra-depth"": ""1"", ""weightb"": ""0"", ""weightp"": ""1"", ""wpp"": ""1""}"
x265,lf09_hard01,"lambda_f=0.9, hard=0.1",16031,RQ3,11,9.14,33.36,9.14,33.931933879852295,"['Standard', '320p', 30, '10s']",0.0,33.93182992935181,0.0,"{""amp"": ""0"", ""aq-mode"": ""2"", ""aq-strength"": ""1.5"", ""b-adapt"": ""1"", ""bframes"": ""7"", ""crf"": ""30.0"", ""ctu"": ""64"", ""keyint"": ""130"", ""limit-refs"": ""2"", ""limit-tu"": ""0"", ""me"": ""full"", ""merange"": ""32"", ""open-gop"": ""1"", ""psy-rd"": ""0.5"", ""psy-rdoq"": ""2.5"", ""qcomp"": ""0.7"", ""qpmax"": ""28"", ""qpmin"": ""14"", ""rc-lookahead"": ""27"", ""rd"": ""3"", ""rdoq-level"": ""2"", ""rect"": ""1"", ""ref"": ""2"", ""rskip"": ""0"", ""sao"": ""0"", ""scenecut"": ""78"", ""subme"": ""2"", ""tu-inter-depth"": ""2"", ""tu-intra-depth"": ""3"", ""weightb"": ""1"", ""weightp"": ""0"", ""wpp"": ""0""}"
x265,lf09_hard01,"lambda_f=0.9, hard=0.1",16031,RQ3,12,27.78,11.0,27.78,11.337822675704956,"['Standard', '320p', 30, '10s']",0.0,11.337732553482056,0.0,"{""amp"": ""0"", ""aq-mode"": ""0"", ""aq-strength"": ""1.2"", ""b-adapt"": ""1"", ""bframes"": ""0"", ""crf"": ""30.0"", ""ctu"": ""32"", ""keyint"": ""239"", ""limit-refs"": ""1"", ""limit-tu"": ""2"", ""me"": ""star"", ""merange"": ""61"", ""open-gop"": ""1"", ""psy-rd"": ""0.0"", ""psy-rdoq"": ""4.0"", ""qcomp"": ""0.5"", ""qpmax"": ""29"", ""qpmin"": ""3"", ""rc-lookahead"": ""24"", ""rd"": ""3"", ""rdoq-level"": ""1"", ""rect"": ""0"", ""ref"": ""3"", ""rskip"": ""0"", ""sao"": ""1"", ""scenecut"": ""29"", ""subme"": ""1"", ""tu-inter-depth"": ""4"", ""tu-intra-depth"": ""2"", ""weightb"": ""0"", ""weightp"": ""1"", ""wpp"": ""0""}"
x265,lf09_hard01,"lambda_f=0.9, hard=0.1",16031,RQ3,13,30.06,10.17,30.06,10.511777639389038,"['Standard', '320p', 30, '10s']",0.0,10.511677265167236,0.0,"{""amp"": ""1"", ""aq-mode"": ""2"", ""aq-strength"": ""0.5"", ""b-adapt"": ""2"", ""bframes"": ""8"", ""crf"": ""18.0"", ""ctu"": ""32"", ""keyint"": ""210"", ""limit-refs"": ""3"", ""limit-tu"": ""3"", ""me"": ""star"", ""merange"": ""20"", ""open-gop"": ""1"", ""psy-rd"": ""4.0"", ""psy-rdoq"": ""3.5"", ""qcomp"": ""0.7"", ""qpmax"": ""41"", ""qpmin"": ""6"", ""rc-lookahead"": ""58"", ""rd"": ""4"", ""rdoq-level"": ""2"", ""rect"": ""0"", ""ref"": ""3"", ""rskip"": ""0"", ""sao"": ""0"", ""scenecut"": ""4"", ""subme"": ""4"", ""tu-inter-depth"": ""4"", ""tu-intra-depth"": ""2"", ""weightb"": ""1"", ""weightp"": ""1"", ""wpp"": ""0""}"
x265,lf09_hard01,"lambda_f=0.9, hard=0.1",16031,RQ3,14,67.15,4.58,67.15,4.918529748916626,"['Standard', '320p', 30, '10s']",0.0,4.918437480926514,0.0,"{""amp"": ""0"", ""aq-mode"": ""1"", ""aq-strength"": ""1.5"", ""b-adapt"": ""2"", ""bframes"": ""6"", ""crf"": ""30.0"", ""ctu"": ""16"", ""keyint"": ""400"", ""limit-refs"": ""3"", ""limit-tu"": ""3"", ""me"": ""hex"", ""merange"": ""30"", ""open-gop"": ""0"", ""psy-rd"": ""1.0"", ""psy-rdoq"": ""1.5"", ""qcomp"": ""0.8"", ""qpmax"": ""31"", ""qpmin"": ""2"", ""rc-lookahead"": ""17"", ""rd"": ""3"", ""rdoq-level"": ""2"", ""rect"": ""0"", ""ref"": ""4"", ""rskip"": ""1"", ""sao"": ""0"", ""scenecut"": ""17"", ""subme"": ""2"", ""tu-inter-depth"": ""3"", ""tu-intra-depth"": ""1"", ""weightb"": ""1"", ""weightp"": ""1"", ""wpp"": ""1""}"
x265,lf09_hard01,"lambda_f=0.9, hard=0.1",16031,RQ3,15,56.57,5.43,56.57,5.768676042556763,"['Standard', '320p', 30, '10s']",0.0,5.768591403961182,0.0,"{""amp"": ""0"", ""aq-mode"": ""0"", ""aq-strength"": ""0.5"", ""b-adapt"": ""1"", ""bframes"": ""7"", ""crf"": ""22.0"", ""ctu"": ""32"", ""keyint"": ""67"", ""limit-refs"": ""3"", ""limit-tu"": ""3"", ""me"": ""star"", ""merange"": ""17"", ""open-gop"": ""0"", ""psy-rd"": ""0.0"", ""psy-rdoq"": ""4.0"", ""qcomp"": ""0.8"", ""qpmax"": ""42"", ""qpmin"": ""2"", ""rc-lookahead"": ""57"", ""rd"": ""3"", ""rdoq-level"": ""0"", ""rect"": ""0"", ""ref"": ""5"", ""rskip"": ""1"", ""sao"": ""1"", ""scenecut"": ""74"", ""subme"": ""4"", ""tu-inter-depth"": ""2"", ""tu-intra-depth"": ""4"", ""weightb"": ""0"", ""weightp"": ""0"", ""wpp"": ""1""}"
x265,lf09_hard01,"lambda_f=0.9, hard=0.1",16031,RQ3,16,66.06,4.66,66.06,5.001200199127197,"['Standard', '320p', 30, '10s']",0.0,5.001110792160034,0.0,"{""amp"": ""1"", ""aq-mode"": ""3"", ""aq-strength"": ""1.5"", ""b-adapt"": ""1"", ""bframes"": ""5"", ""crf"": ""25.0"", ""ctu"": ""64"", ""keyint"": ""380"", ""limit-refs"": ""3"", ""limit-tu"": ""3"", ""me"": ""hex"", ""merange"": ""33"", ""open-gop"": ""1"", ""psy-rd"": ""3.0"", ""psy-rdoq"": ""1.0"", ""qcomp"": ""0.7"", ""qpmax"": ""29"", ""qpmin"": ""6"", ""rc-lookahead"": ""22"", ""rd"": ""4"", ""rdoq-level"": ""0"", ""rect"": ""0"", ""ref"": ""3"", ""rskip"": ""0"", ""sao"": ""1"", ""scenecut"": ""62"", ""subme"": ""2"", ""tu-inter-depth"": ""1"", ""tu-intra-depth"": ""3"", ""weightb"": ""0"", ""weightp"": ""0"", ""wpp"": ""0""}"
x265,lf09_hard01,"lambda_f=0.9, hard=0.1",16031,RQ3,17,51.27,5.99,51.27,6.323735237121582,"['Standard', '320p', 30, '10s']",0.0,6.32365083694458,0.0,"{""amp"": ""0"", ""aq-mode"": ""1"", ""aq-strength"": ""0.0"", ""b-adapt"": ""2"", ""bframes"": ""3"", ""crf"": ""25.0"", ""ctu"": ""64"", ""keyint"": ""350"", ""limit-refs"": ""1"", ""limit-tu"": ""4"", ""me"": ""hex"", ""merange"": ""47"", ""open-gop"": ""1"", ""psy-rd"": ""1.0"", ""psy-rdoq"": ""1.5"", ""qcomp"": ""0.5"", ""qpmax"": ""40"", ""qpmin"": ""3"", ""rc-lookahead"": ""36"", ""rd"": ""3"", ""rdoq-level"": ""1"", ""rect"": ""0"", ""ref"": ""3"", ""rskip"": ""0"", ""sao"": ""0"", ""scenecut"": ""86"", ""subme"": ""3"", ""tu-inter-depth"": ""2"", ""tu-intra-depth"": ""3"", ""weightb"": ""1"", ""weightp"": ""0"", ""wpp"": ""0""}"
x265,lf09_hard01,"lambda_f=0.9, hard=0.1",16031,RQ3,18,47.49,6.45,47.49,6.801053285598755,"['Standard', '320p', 30, '10s']",0.0,6.800959587097168,0.0,"{""amp"": ""0"", ""aq-mode"": ""1"", ""aq-strength"": ""0.5"", ""b-adapt"": ""0"", ""bframes"": ""4"", ""crf"": ""22.0"", ""ctu"": ""32"", ""keyint"": ""448"", ""limit-refs"": ""2"", ""limit-tu"": ""2"", ""me"": ""umh"", ""merange"": ""21"", ""open-gop"": ""1"", ""psy-rd"": ""0.5"", ""psy-rdoq"": ""0.5"", ""qcomp"": ""0.7"", ""qpmax"": ""40"", ""qpmin"": ""13"", ""rc-lookahead"": ""39"", ""rd"": ""3"", ""rdoq-level"": ""0"", ""rect"": ""1"", ""ref"": ""1"", ""rskip"": ""0"", ""sao"": ""1"", ""scenecut"": ""32"", ""subme"": ""4"", ""tu-inter-depth"": ""3"", ""tu-intra-depth"": ""2"", ""weightb"": ""0"", ""weightp"": ""1"", ""wpp"": ""0""}"
x265,lf09_hard01,"lambda_f=0.9, hard=0.1",16031,RQ3,19,55.33,5.55,55.33,5.873316764831543,"['Standard', '320p', 30, '10s']",0.0,5.873232841491699,0.0,"{""amp"": ""1"", ""aq-mode"": ""2"", ""aq-strength"": ""2.0"", ""b-adapt"": ""1"", ""bframes"": ""1"", ""crf"": ""25.0"", ""ctu"": ""32"", ""keyint"": ""232"", ""limit-refs"": ""1"", ""limit-tu"": ""4"", ""me"": ""hex"", ""merange"": ""20"", ""open-gop"": ""0"", ""psy-rd"": ""2.0"", ""psy-rdoq"": ""0.5"", ""qcomp"": ""0.5"", ""qpmax"": ""42"", ""qpmin"": ""19"", ""rc-lookahead"": ""17"", ""rd"": ""3"", ""rdoq-level"": ""1"", ""rect"": ""0"", ""ref"": ""5"", ""rskip"": ""0"", ""sao"": ""1"", ""scenecut"": ""49"", ""subme"": ""3"", ""tu-inter-depth"": ""2"", ""tu-intra-depth"": ""2"", ""weightb"": ""0"", ""weightp"": ""1"", ""wpp"": ""1""}"
x265,lf09_hard01,"lambda_f=0.9, hard=0.1",16031,RQ3,20,38.25,8.01,38.25,8.344684600830078,"['Standard', '320p', 30, '10s']",0.0,8.344590187072754,0.0,"{""amp"": ""0"", ""aq-mode"": ""3"", ""aq-strength"": ""1.0"", ""b-adapt"": ""1"", ""bframes"": ""3"", ""crf"": ""22.0"", ""ctu"": ""64"", ""keyint"": ""393"", ""limit-refs"": ""1"", ""limit-tu"": ""4"", ""me"": ""star"", ""merange"": ""30"", ""open-gop"": ""1"", ""psy-rd"": ""1.0"", ""psy-rdoq"": ""4.5"", ""qcomp"": ""1.0"", ""qpmax"": ""30"", ""qpmin"": ""15"", ""rc-lookahead"": ""58"", ""rd"": ""4"", ""rdoq-level"": ""1"", ""rect"": ""0"", ""ref"": ""1"", ""rskip"": ""1"", ""sao"": ""1"", ""scenecut"": ""37"", ""subme"": ""5"", ""tu-inter-depth"": ""2"", ""tu-intra-depth"": ""1"", ""weightb"": ""0"", ""weightp"": ""1"", ""wpp"": ""0""}"
x265,lf09_hard01,"lambda_f=0.9, hard=0.1",16031,RQ3,21,9.15,33.28,9.15,33.6139440536499,"['Standard', '320p', 30, '10s']",0.0,33.61385488510132,0.0,"{""amp"": ""0"", ""aq-mode"": ""2"", ""aq-strength"": ""1.2"", ""b-adapt"": ""1"", ""bframes"": ""3"", ""crf"": ""20.0"", ""ctu"": ""32"", ""keyint"": ""160"", ""limit-refs"": ""2"", ""limit-tu"": ""2"", ""me"": ""hex"", ""merange"": ""26"", ""open-gop"": ""1"", ""psy-rd"": ""4.0"", ""psy-rdoq"": ""5.0"", ""qcomp"": ""0.9"", ""qpmax"": ""46"", ""qpmin"": ""6"", ""rc-lookahead"": ""54"", ""rd"": ""6"", ""rdoq-level"": ""1"", ""rect"": ""0"", ""ref"": ""6"", ""rskip"": ""1"", ""sao"": ""0"", ""scenecut"": ""25"", ""subme"": ""4"", ""tu-inter-depth"": ""2"", ""tu-intra-depth"": ""3"", ""weightb"": ""0"", ""weightp"": ""1"", ""wpp"": ""1""}"
x265,lf09_hard01,"lambda_f=0.9, hard=0.1",16031,RQ3,22,4.72,64.43,4.72,64.76820158958435,"['Standard', '320p', 30, '10s']",0.0,64.7681028842926,0.0,"{""amp"": ""0"", ""aq-mode"": ""0"", ""aq-strength"": ""1.5"", ""b-adapt"": ""1"", ""bframes"": ""4"", ""crf"": ""18.0"", ""ctu"": ""64"", ""keyint"": ""32"", ""limit-refs"": ""1"", ""limit-tu"": ""0"", ""me"": ""dia"", ""merange"": ""43"", ""open-gop"": ""1"", ""psy-rd"": ""3.5"", ""psy-rdoq"": ""3.5"", ""qcomp"": ""0.8"", ""qpmax"": ""47"", ""qpmin"": ""17"", ""rc-lookahead"": ""51"", ""rd"": ""5"", ""rdoq-level"": ""2"", ""rect"": ""1"", ""ref"": ""4"", ""rskip"": ""1"", ""sao"": ""1"", ""scenecut"": ""80"", ""subme"": ""3"", ""tu-inter-depth"": ""3"", ""tu-intra-depth"": ""1"", ""weightb"": ""1"", ""weightp"": ""0"", ""wpp"": ""1""}"
x265,lf09_hard01,"lambda_f=0.9, hard=0.1",16031,RQ3,23,16.9,18.08,16.9,18.639265298843384,"['Standard', '320p', 30, '10s']",0.0,18.63914918899536,0.0,"{""amp"": ""0"", ""aq-mode"": ""1"", ""aq-strength"": ""0.5"", ""b-adapt"": ""2"", ""bframes"": ""7"", ""crf"": ""28.0"", ""ctu"": ""32"", ""keyint"": ""439"", ""limit-refs"": ""1"", ""limit-tu"": ""2"", ""me"": ""umh"", ""merange"": ""52"", ""open-gop"": ""1"", ""psy-rd"": ""3.5"", ""psy-rdoq"": ""0.5"", ""qcomp"": ""0.8"", ""qpmax"": ""27"", ""qpmin"": ""17"", ""rc-lookahead"": ""10"", ""rd"": ""6"", ""rdoq-level"": ""0"", ""rect"": ""1"", ""ref"": ""4"", ""rskip"": ""1"", ""sao"": ""0"", ""scenecut"": ""36"", ""subme"": ""1"", ""tu-inter-depth"": ""2"", ""tu-intra-depth"": ""4"", ""weightb"": ""0"", ""weightp"": ""1"", ""wpp"": ""1""}"
x265,lf09_hard01,"lambda_f=0.9, hard=0.1",16031,RQ3,24,15.67,19.46,15.67,19.791894674301147,"['Standard', '320p', 30, '10s']",0.0,19.79179358482361,0.0,"{""amp"": ""0"", ""aq-mode"": ""1"", ""aq-strength"": ""0.5"", ""b-adapt"": ""0"", ""bframes"": ""0"", ""crf"": ""28.0"", ""ctu"": ""64"", ""keyint"": ""300"", ""limit-refs"": ""2"", ""limit-tu"": ""4"", ""me"": ""star"", ""merange"": ""39"", ""open-gop"": ""1"", ""psy-rd"": ""3.0"", ""psy-rdoq"": ""2.0"", ""qcomp"": ""1.0"", ""qpmax"": ""26"", ""qpmin"": ""7"", ""rc-lookahead"": ""14"", ""rd"": ""5"", ""rdoq-level"": ""1"", ""rect"": ""0"", ""ref"": ""5"", ""rskip"": ""1"", ""sao"": ""1"", ""scenecut"": ""84"", ""subme"": ""2"", ""tu-inter-depth"": ""4"", ""tu-intra-depth"": ""2"", ""weightb"": ""1"", ""weightp"": ""0"", ""wpp"": ""1""}"
x265,lf09_hard01,"lambda_f=0.9, hard=0.1",16031,RQ3,25,67.76,4.54,67.76,4.8786680698394775,"['Standard', '320p', 30, '10s']",0.0,4.878576993942261,0.0,"{""amp"": ""0"", ""aq-mode"": ""4"", ""aq-strength"": ""1.8"", ""b-adapt"": ""2"", ""bframes"": ""2"", ""crf"": ""30.0"", ""ctu"": ""32"", ""keyint"": ""74"", ""limit-refs"": ""1"", ""limit-tu"": ""2"", ""me"": ""hex"", ""merange"": ""17"", ""open-gop"": ""1"", ""psy-rd"": ""2.0"", ""psy-rdoq"": ""2.5"", ""qcomp"": ""1.0"", ""qpmax"": ""41"", ""qpmin"": ""15"", ""rc-lookahead"": ""21"", ""rd"": ""4"", ""rdoq-level"": ""1"", ""rect"": ""0"", ""ref"": ""2"", ""rskip"": ""1"", ""sao"": ""0"", ""scenecut"": ""80"", ""subme"": ""3"", ""tu-inter-depth"": ""3"", ""tu-intra-depth"": ""3"", ""weightb"": ""1"", ""weightp"": ""0"", ""wpp"": ""0""}"
x265,lf09_hard01,"lambda_f=0.9, hard=0.1",16031,RQ3,26,20.0,15.25,20.0,15.595508337020874,"['Standard', '320p', 30, '10s']",0.0,15.595417976379395,0.0,"{""amp"": ""0"", ""aq-mode"": ""2"", ""aq-strength"": ""0.5"", ""b-adapt"": ""1"", ""bframes"": ""6"", ""crf"": ""25.0"", ""ctu"": ""32"", ""keyint"": ""110"", ""limit-refs"": ""1"", ""limit-tu"": ""3"", ""me"": ""hex"", ""merange"": ""58"", ""open-gop"": ""0"", ""psy-rd"": ""4.0"", ""psy-rdoq"": ""5.0"", ""qcomp"": ""0.7"", ""qpmax"": ""25"", ""qpmin"": ""8"", ""rc-lookahead"": ""34"", ""rd"": ""5"", ""rdoq-level"": ""0"", ""rect"": ""0"", ""ref"": ""1"", ""rskip"": ""0"", ""sao"": ""0"", ""scenecut"": ""72"", ""subme"": ""3"", ""tu-inter-depth"": ""4"", ""tu-intra-depth"": ""2"", ""weightb"": ""0"", ""weightp"": ""0"", ""wpp"": ""0""}"
x265,lf09_hard01,"lambda_f=0.9, hard=0.1",16031,RQ3,27,33.71,9.07,33.71,9.41672158241272,"['Standard', '320p', 30, '10s']",0.0,9.416632413864136,0.0,"{""amp"": ""0"", ""aq-mode"": ""4"", ""aq-strength"": ""1.2"", ""b-adapt"": ""1"", ""bframes"": ""6"", ""crf"": ""20.0"", ""ctu"": ""32"", ""keyint"": ""475"", ""limit-refs"": ""2"", ""limit-tu"": ""3"", ""me"": ""dia"", ""merange"": ""22"", ""open-gop"": ""0"", ""psy-rd"": ""0.5"", ""psy-rdoq"": ""0.0"", ""qcomp"": ""0.8"", ""qpmax"": ""50"", ""qpmin"": ""6"", ""rc-lookahead"": ""35"", ""rd"": ""3"", ""rdoq-level"": ""1"", ""rect"": ""1"", ""ref"": ""2"", ""rskip"": ""0"", ""sao"": ""1"", ""scenecut"": ""3"", ""subme"": ""3"", ""tu-inter-depth"": ""3"", ""tu-intra-depth"": ""3"", ""weightb"": ""0"", ""weightp"": ""1"", ""wpp"": ""1""}"
x265,lf09_hard01,"lambda_f=0.9, hard=0.1",16031,RQ3,28,20.59,14.82,20.59,15.167517900466919,"['Standard', '320p', 30, '10s']",0.0,15.167428255081177,0.0,"{""amp"": ""1"", ""aq-mode"": ""1"", ""aq-strength"": ""0.0"", ""b-adapt"": ""1"", ""bframes"": ""4"", ""crf"": ""32.0"", ""ctu"": ""16"", ""keyint"": ""195"", ""limit-refs"": ""2"", ""limit-tu"": ""3"", ""me"": ""umh"", ""merange"": ""39"", ""open-gop"": ""1"", ""psy-rd"": ""3.5"", ""psy-rdoq"": ""5.0"", ""qcomp"": ""0.7"", ""qpmax"": ""21"", ""qpmin"": ""2"", ""rc-lookahead"": ""43"", ""rd"": ""4"", ""rdoq-level"": ""1"", ""rect"": ""1"", ""ref"": ""6"", ""rskip"": ""1"", ""sao"": ""1"", ""scenecut"": ""14"", ""subme"": ""1"", ""tu-inter-depth"": ""3"", ""tu-intra-depth"": ""3"", ""weightb"": ""0"", ""weightp"": ""1"", ""wpp"": ""0""}"
x265,lf09_hard01,"lambda_f=0.9, hard=0.1",16031,RQ3,29,23.97,12.74,23.97,13.090972900390625,"['Standard', '320p', 30, '10s']",0.0,13.090843200683594,0.0,"{""amp"": ""0"", ""aq-mode"": ""1"", ""aq-strength"": ""0.5"", ""b-adapt"": ""0"", ""bframes"": ""6"", ""crf"": ""30.0"", ""ctu"": ""32"", ""keyint"": ""235"", ""limit-refs"": ""0"", ""limit-tu"": ""3"", ""me"": ""umh"", ""merange"": ""55"", ""open-gop"": ""0"", ""psy-rd"": ""2.0"", ""psy-rdoq"": ""0.5"", ""qcomp"": ""0.9"", ""qpmax"": ""46"", ""qpmin"": ""5"", ""rc-lookahead"": ""56"", ""rd"": ""6"", ""rdoq-level"": ""2"", ""rect"": ""0"", ""ref"": ""3"", ""rskip"": ""1"", ""sao"": ""0"", ""scenecut"": ""90"", ""subme"": ""3"", ""tu-inter-depth"": ""3"", ""tu-intra-depth"": ""2"", ""weightb"": ""1"", ""weightp"": ""0"", ""wpp"": ""0""}"
x265,lf09_hard01,"lambda_f=0.9, hard=0.1",16031,RQ3,30,14.49,21.03,14.49,21.36504817008972,"['Standard', '320p', 30, '10s']",0.0,21.364956617355347,0.0,"{""amp"": ""1"", ""aq-mode"": ""2"", ""aq-strength"": ""0.5"", ""b-adapt"": ""2"", ""bframes"": ""2"", ""crf"": ""30.0"", ""ctu"": ""32"", ""keyint"": ""445"", ""limit-refs"": ""0"", ""limit-tu"": ""4"", ""me"": ""umh"", ""merange"": ""57"", ""open-gop"": ""0"", ""psy-rd"": ""3.5"", ""psy-rdoq"": ""2.0"", ""qcomp"": ""1.0"", ""qpmax"": ""23"", ""qpmin"": ""3"", ""rc-lookahead"": ""48"", ""rd"": ""4"", ""rdoq-level"": ""2"", ""rect"": ""1"", ""ref"": ""2"", ""rskip"": ""0"", ""sao"": ""0"", ""scenecut"": ""27"", ""subme"": ""2"", ""tu-inter-depth"": ""3"", ""tu-intra-depth"": ""3"", ""weightb"": ""1"", ""weightp"": ""1"", ""wpp"": ""1""}"
x265,lf09_hard01,"lambda_f=0.9, hard=0.1",16031,RQ3,31,7.68,39.63,7.68,40.11792612075806,"['Standard', '320p', 30, '10s']",0.0,40.11775827407837,0.0,"{""amp"": ""0"", ""aq-mode"": ""3"", ""aq-strength"": ""0.0"", ""b-adapt"": ""1"", ""bframes"": ""0"", ""crf"": ""28.0"", ""ctu"": ""16"", ""keyint"": ""78"", ""limit-refs"": ""2"", ""limit-tu"": ""3"", ""me"": ""full"", ""merange"": ""26"", ""open-gop"": ""0"", ""psy-rd"": ""0.5"", ""psy-rdoq"": ""0.5"", ""qcomp"": ""1.0"", ""qpmax"": ""35"", ""qpmin"": ""8"", ""rc-lookahead"": ""56"", ""rd"": ""6"", ""rdoq-level"": ""0"", ""rect"": ""1"", ""ref"": ""3"", ""rskip"": ""1"", ""sao"": ""0"", ""scenecut"": ""43"", ""subme"": ""1"", ""tu-inter-depth"": ""1"", ""tu-intra-depth"": ""3"", ""weightb"": ""0"", ""weightp"": ""0"", ""wpp"": ""1""}"
x265,lf09_hard01,"lambda_f=0.9, hard=0.1",16031,RQ3,32,34.07,8.98,34.07,9.328702449798584,"['Standard', '320p', 30, '10s']",0.0,9.328607320785522,0.0,"{""amp"": ""0"", ""aq-mode"": ""2"", ""aq-strength"": ""0.5"", ""b-adapt"": ""1"", ""bframes"": ""8"", ""crf"": ""28.0"", ""ctu"": ""16"", ""keyint"": ""433"", ""limit-refs"": ""3"", ""limit-tu"": ""0"", ""me"": ""hex"", ""merange"": ""37"", ""open-gop"": ""1"", ""psy-rd"": ""0.0"", ""psy-rdoq"": ""1.5"", ""qcomp"": ""0.7"", ""qpmax"": ""22"", ""qpmin"": ""20"", ""rc-lookahead"": ""49"", ""rd"": ""2"", ""rdoq-level"": ""1"", ""rect"": ""0"", ""ref"": ""5"", ""rskip"": ""1"", ""sao"": ""0"", ""scenecut"": ""49"", ""subme"": ""3"", ""tu-inter-depth"": ""3"", ""tu-intra-depth"": ""3"", ""weightb"": ""1"", ""weightp"": ""1"", ""wpp"": ""0""}"
x265,lf09_hard01,"lambda_f=0.9, hard=0.1",16031,RQ3,33,40.64,7.54,40.64,7.874241590499878,"['Standard', '320p', 30, '10s']",0.0,7.874146223068237,0.0,"{""amp"": ""0"", ""aq-mode"": ""4"", ""aq-strength"": ""1.0"", ""b-adapt"": ""2"", ""bframes"": ""1"", ""crf"": ""20.0"", ""ctu"": ""64"", ""keyint"": ""311"", ""limit-refs"": ""1"", ""limit-tu"": ""4"", ""me"": ""dia"", ""merange"": ""33"", ""open-gop"": ""1"", ""psy-rd"": ""1.0"", ""psy-rdoq"": ""0.0"", ""qcomp"": ""0.75"", ""qpmax"": ""42"", ""qpmin"": ""12"", ""rc-lookahead"": ""29"", ""rd"": ""4"", ""rdoq-level"": ""1"", ""rect"": ""0"", ""ref"": ""3"", ""rskip"": ""0"", ""sao"": ""1"", ""scenecut"": ""6"", ""subme"": ""1"", ""tu-inter-depth"": ""2"", ""tu-intra-depth"": ""1"", ""weightb"": ""1"", ""weightp"": ""1"", ""wpp"": ""0""}"
x265,lf09_hard01,"lambda_f=0.9, hard=0.1",16031,RQ3,34,28.24,10.82,28.24,11.149577140808105,"['Standard', '320p', 30, '10s']",0.0,11.149484157562256,0.0,"{""amp"": ""1"", ""aq-mode"": ""3"", ""aq-strength"": ""0.0"", ""b-adapt"": ""2"", ""bframes"": ""7"", ""crf"": ""25.0"", ""ctu"": ""32"", ""keyint"": ""458"", ""limit-refs"": ""0"", ""limit-tu"": ""4"", ""me"": ""star"", ""merange"": ""56"", ""open-gop"": ""1"", ""psy-rd"": ""0.5"", ""psy-rdoq"": ""1.5"", ""qcomp"": ""0.7"", ""qpmax"": ""48"", ""qpmin"": ""17"", ""rc-lookahead"": ""20"", ""rd"": ""4"", ""rdoq-level"": ""2"", ""rect"": ""1"", ""ref"": ""4"", ""rskip"": ""0"", ""sao"": ""1"", ""scenecut"": ""97"", ""subme"": ""2"", ""tu-inter-depth"": ""4"", ""tu-intra-depth"": ""4"", ""weightb"": ""1"", ""weightp"": ""1"", ""wpp"": ""1""}"
x265,lf09_hard01,"lambda_f=0.9, hard=0.1",16031,RQ3,35,19.26,15.84,19.26,16.17498755455017,"['Standard', '320p', 30, '10s']",0.0,16.17489528656006,0.0,"{""amp"": ""0"", ""aq-mode"": ""2"", ""aq-strength"": ""1.2"", ""b-adapt"": ""1"", ""bframes"": ""5"", ""crf"": ""22.0"", ""ctu"": ""16"", ""keyint"": ""348"", ""limit-refs"": ""0"", ""limit-tu"": ""3"", ""me"": ""dia"", ""merange"": ""41"", ""open-gop"": ""0"", ""psy-rd"": ""3.0"", ""psy-rdoq"": ""2.5"", ""qcomp"": ""0.9"", ""qpmax"": ""26"", ""qpmin"": ""6"", ""rc-lookahead"": ""17"", ""rd"": ""5"", ""rdoq-level"": ""0"", ""rect"": ""0"", ""ref"": ""3"", ""rskip"": ""1"", ""sao"": ""1"", ""scenecut"": ""45"", ""subme"": ""1"", ""tu-inter-depth"": ""2"", ""tu-intra-depth"": ""3"", ""weightb"": ""0"", ""weightp"": ""1"", ""wpp"": ""0""}"
x265,lf09_hard01,"lambda_f=0.9, hard=0.1",16031,RQ3,36,81.48,3.78,81.48,4.109894275665283,"['Standard', '320p', 30, '10s']",0.0,4.109800815582275,0.0,"{""amp"": ""1"", ""aq-mode"": ""0"", ""aq-strength"": ""0.0"", ""b-adapt"": ""0"", ""bframes"": ""0"", ""crf"": ""25.0"", ""ctu"": ""16"", ""keyint"": ""354"", ""limit-refs"": ""0"", ""limit-tu"": ""1"", ""me"": ""star"", ""merange"": ""45"", ""open-gop"": ""1"", ""psy-rd"": ""1.5"", ""psy-rdoq"": ""1.0"", ""qcomp"": ""0.5"", ""qpmax"": ""38"", ""qpmin"": ""0"", ""rc-lookahead"": ""21"", ""rd"": ""3"", ""rdoq-level"": ""0"", ""rect"": ""0"", ""ref"": ""1"", ""rskip"": ""1"", ""sao"": ""0"", ""scenecut"": ""37"", ""subme"": ""5"", ""tu-inter-depth"": ""1"", ""tu-intra-depth"": ""3"", ""weightb"": ""1"", ""weightp"": ""1"", ""wpp"": ""1""}"
x265,lf09_hard01,"lambda_f=0.9, hard=0.1",16031,RQ3,37,41.18,7.43,41.18,7.776012897491455,"['Standard', '320p', 30, '10s']",0.0,7.775918245315552,0.0,"{""amp"": ""0"", ""aq-mode"": ""3"", ""aq-strength"": ""0.5"", ""b-adapt"": ""0"", ""bframes"": ""2"", ""crf"": ""25.0"", ""ctu"": ""32"", ""keyint"": ""214"", ""limit-refs"": ""1"", ""limit-tu"": ""1"", ""me"": ""star"", ""merange"": ""56"", ""open-gop"": ""0"", ""psy-rd"": ""1.0"", ""psy-rdoq"": ""4.0"", ""qcomp"": ""1.0"", ""qpmax"": ""23"", ""qpmin"": ""15"", ""rc-lookahead"": ""42"", ""rd"": ""3"", ""rdoq-level"": ""0"", ""rect"": ""0"", ""ref"": ""3"", ""rskip"": ""0"", ""sao"": ""1"", ""scenecut"": ""12"", ""subme"": ""2"", ""tu-inter-depth"": ""4"", ""tu-intra-depth"": ""3"", ""weightb"": ""0"", ""weightp"": ""1"", ""wpp"": ""1""}"
x265,lf09_hard01,"lambda_f=0.9, hard=0.1",16031,RQ3,38,5.23,58.18,5.23,58.52759408950806,"['Standard', '320p', 30, '10s']",0.0,58.5274817943573,0.0,"{""amp"": ""0"", ""aq-mode"": ""1"", ""aq-strength"": ""1.2"", ""b-adapt"": ""0"", ""bframes"": ""1"", ""crf"": ""22.0"", ""ctu"": ""32"", ""keyint"": ""63"", ""limit-refs"": ""2"", ""limit-tu"": ""2"", ""me"": ""full"", ""merange"": ""23"", ""open-gop"": ""1"", ""psy-rd"": ""2.0"", ""psy-rdoq"": ""0.5"", ""qcomp"": ""0.7"", ""qpmax"": ""25"", ""qpmin"": ""10"", ""rc-lookahead"": ""25"", ""rd"": ""5"", ""rdoq-level"": ""1"", ""rect"": ""0"", ""ref"": ""4"", ""rskip"": ""0"", ""sao"": ""0"", ""scenecut"": ""8"", ""subme"": ""2"", ""tu-inter-depth"": ""2"", ""tu-intra-depth"": ""4"", ""weightb"": ""1"", ""weightp"": ""1"", ""wpp"": ""1""}"
x265,lf09_hard01,"lambda_f=0.9, hard=0.1",16031,RQ3,39,29.94,10.21,29.94,10.54126787185669,"['Standard', '320p', 30, '10s']",0.0,10.541175127029419,0.0,"{""amp"": ""1"", ""aq-mode"": ""3"", ""aq-strength"": ""2.0"", ""b-adapt"": ""2"", ""bframes"": ""5"", ""crf"": ""20.0"", ""ctu"": ""32"", ""keyint"": ""342"", ""limit-refs"": ""1"", ""limit-tu"": ""2"", ""me"": ""star"", ""merange"": ""43"", ""open-gop"": ""0"", ""psy-rd"": ""2.5"", ""psy-rdoq"": ""3.5"", ""qcomp"": ""0.5"", ""qpmax"": ""45"", ""qpmin"": ""6"", ""rc-lookahead"": ""48"", ""rd"": ""4"", ""rdoq-level"": ""1"", ""rect"": ""1"", ""ref"": ""2"", ""rskip"": ""1"", ""sao"": ""1"", ""scenecut"": ""2"", ""subme"": ""2"", ""tu-inter-depth"": ""3"", ""tu-intra-depth"": ""2"", ""weightb"": ""1"", ""weightp"": ""0"", ""wpp"": ""1""}"
x265,lf09_hard01,"lambda_f=0.9, hard=0.1",16031,RQ3,40,4.76,63.99,4.76,64.33793568611145,"['Standard', '320p', 30, '10s']",0.0,64.33783388137817,0.0,"{""amp"": ""0"", ""aq-mode"": ""2"", ""aq-strength"": ""0.8"", ""b-adapt"": ""2"", ""bframes"": ""7"", ""crf"": ""25.0"", ""ctu"": ""64"", ""keyint"": ""275"", ""limit-refs"": ""2"", ""limit-tu"": ""2"", ""me"": ""full"", ""merange"": ""54"", ""open-gop"": ""0"", ""psy-rd"": ""3.5"", ""psy-rdoq"": ""0.0"", ""qcomp"": ""0.75"", ""qpmax"": ""24"", ""qpmin"": ""10"", ""rc-lookahead"": ""35"", ""rd"": ""4"", ""rdoq-level"": ""0"", ""rect"": ""0"", ""ref"": ""4"", ""rskip"": ""0"", ""sao"": ""1"", ""scenecut"": ""45"", ""subme"": ""1"", ""tu-inter-depth"": ""3"", ""tu-intra-depth"": ""3"", ""weightb"": ""0"", ""weightp"": ""1"", ""wpp"": ""0""}"
x265,lf09_hard01,"lambda_f=0.9, hard=0.1",16031,RQ3,41,17.81,17.12,17.81,17.4567391872406,"['Standard', '320p', 30, '10s']",0.0,17.45664405822754,0.0,"{""amp"": ""0"", ""aq-mode"": ""3"", ""aq-strength"": ""1.2"", ""b-adapt"": ""2"", ""bframes"": ""8"", ""crf"": ""32.0"", ""ctu"": ""32"", ""keyint"": ""136"", ""limit-refs"": ""0"", ""limit-tu"": ""2"", ""me"": ""hex"", ""merange"": ""59"", ""open-gop"": ""1"", ""psy-rd"": ""3.0"", ""psy-rdoq"": ""4.5"", ""qcomp"": ""0.8"", ""qpmax"": ""34"", ""qpmin"": ""11"", ""rc-lookahead"": ""39"", ""rd"": ""5"", ""rdoq-level"": ""1"", ""rect"": ""0"", ""ref"": ""2"", ""rskip"": ""0"", ""sao"": ""0"", ""scenecut"": ""88"", ""subme"": ""2"", ""tu-inter-depth"": ""4"", ""tu-intra-depth"": ""3"", ""weightb"": ""0"", ""weightp"": ""0"", ""wpp"": ""1""}"
x265,lf09_hard01,"lambda_f=0.9, hard=0.1",16031,RQ3,42,73.54,4.18,73.54,4.5198845863342285,"['Standard', '320p', 30, '10s']",0.0,4.519793748855591,0.0,"{""amp"": ""0"", ""aq-mode"": ""0"", ""aq-strength"": ""1.2"", ""b-adapt"": ""0"", ""bframes"": ""4"", ""crf"": ""30.0"", ""ctu"": ""32"", ""keyint"": ""464"", ""limit-refs"": ""2"", ""limit-tu"": ""1"", ""me"": ""hex"", ""merange"": ""18"", ""open-gop"": ""1"", ""psy-rd"": ""0.0"", ""psy-rdoq"": ""4.0"", ""qcomp"": ""1.0"", ""qpmax"": ""48"", ""qpmin"": ""13"", ""rc-lookahead"": ""32"", ""rd"": ""4"", ""rdoq-level"": ""0"", ""rect"": ""0"", ""ref"": ""4"", ""rskip"": ""0"", ""sao"": ""1"", ""scenecut"": ""29"", ""subme"": ""3"", ""tu-inter-depth"": ""4"", ""tu-intra-depth"": ""4"", ""weightb"": ""0"", ""weightp"": ""1"", ""wpp"": ""1""}"
x265,lf09_hard01,"lambda_f=0.9, hard=0.1",16031,RQ3,43,36.09,8.48,36.09,8.824131727218628,"['Standard', '320p', 30, '10s']",0.0,8.824038982391357,0.0,"{""amp"": ""0"", ""aq-mode"": ""3"", ""aq-strength"": ""1.8"", ""b-adapt"": ""2"", ""bframes"": ""1"", ""crf"": ""25.0"", ""ctu"": ""64"", ""keyint"": ""265"", ""limit-refs"": ""3"", ""limit-tu"": ""3"", ""me"": ""hex"", ""merange"": ""32"", ""open-gop"": ""0"", ""psy-rd"": ""3.5"", ""psy-rdoq"": ""4.5"", ""qcomp"": ""0.5"", ""qpmax"": ""26"", ""qpmin"": ""6"", ""rc-lookahead"": ""50"", ""rd"": ""3"", ""rdoq-level"": ""0"", ""rect"": ""0"", ""ref"": ""6"", ""rskip"": ""0"", ""sao"": ""1"", ""scenecut"": ""39"", ""subme"": ""4"", ""tu-inter-depth"": ""2"", ""tu-intra-depth"": ""4"", ""weightb"": ""0"", ""weightp"": ""0"", ""wpp"": ""0""}"
x265,lf09_hard01,"lambda_f=0.9, hard=0.1",16031,RQ3,44,40.05,7.65,40.05,7.982366323471069,"['Standard', '320p', 30, '10s']",0.0,7.982274293899536,0.0,"{""amp"": ""0"", ""aq-mode"": ""2"", ""aq-strength"": ""0.8"", ""b-adapt"": ""1"", ""bframes"": ""5"", ""crf"": ""22.0"", ""ctu"": ""64"", ""keyint"": ""155"", ""limit-refs"": ""3"", ""limit-tu"": ""3"", ""me"": ""dia"", ""merange"": ""52"", ""open-gop"": ""0"", ""psy-rd"": ""4.0"", ""psy-rdoq"": ""3.0"", ""qcomp"": ""0.7"", ""qpmax"": ""49"", ""qpmin"": ""16"", ""rc-lookahead"": ""50"", ""rd"": ""3"", ""rdoq-level"": ""2"", ""rect"": ""0"", ""ref"": ""1"", ""rskip"": ""0"", ""sao"": ""1"", ""scenecut"": ""61"", ""subme"": ""5"", ""tu-inter-depth"": ""4"", ""tu-intra-depth"": ""3"", ""weightb"": ""0"", ""weightp"": ""1"", ""wpp"": ""1""}"
x265,lf09_hard01,"lambda_f=0.9, hard=0.1",16031,RQ3,45,54.32,5.66,54.32,6.023759365081787,"['Standard', '320p', 30, '10s']",0.0,6.023664474487305,0.0,"{""amp"": ""0"", ""aq-mode"": ""4"", ""aq-strength"": ""1.0"", ""b-adapt"": ""0"", ""bframes"": ""2"", ""crf"": ""32.0"", ""ctu"": ""32"", ""keyint"": ""174"", ""limit-refs"": ""3"", ""limit-tu"": ""2"", ""me"": ""umh"", ""merange"": ""18"", ""open-gop"": ""0"", ""psy-rd"": ""1.0"", ""psy-rdoq"": ""3.0"", ""qcomp"": ""0.6"", ""qpmax"": ""37"", ""qpmin"": ""10"", ""rc-lookahead"": ""53"", ""rd"": ""4"", ""rdoq-level"": ""2"", ""rect"": ""0"", ""ref"": ""1"", ""rskip"": ""0"", ""sao"": ""1"", ""scenecut"": ""56"", ""subme"": ""3"", ""tu-inter-depth"": ""2"", ""tu-intra-depth"": ""3"", ""weightb"": ""1"", ""weightp"": ""1"", ""wpp"": ""0""}"
x265,lf09_hard01,"lambda_f=0.9, hard=0.1",16031,RQ3,46,39.96,7.67,39.96,8.011175870895386,"['Standard', '320p', 30, '10s']",0.0,8.011081218719482,0.0,"{""amp"": ""0"", ""aq-mode"": ""4"", ""aq-strength"": ""2.0"", ""b-adapt"": ""0"", ""bframes"": ""3"", ""crf"": ""28.0"", ""ctu"": ""64"", ""keyint"": ""38"", ""limit-refs"": ""1"", ""limit-tu"": ""1"", ""me"": ""dia"", ""merange"": ""30"", ""open-gop"": ""0"", ""psy-rd"": ""1.5"", ""psy-rdoq"": ""4.5"", ""qcomp"": ""0.7"", ""qpmax"": ""24"", ""qpmin"": ""2"", ""rc-lookahead"": ""27"", ""rd"": ""3"", ""rdoq-level"": ""0"", ""rect"": ""0"", ""ref"": ""3"", ""rskip"": ""0"", ""sao"": ""0"", ""scenecut"": ""12"", ""subme"": ""1"", ""tu-inter-depth"": ""1"", ""tu-intra-depth"": ""1"", ""weightb"": ""0"", ""weightp"": ""0"", ""wpp"": ""1""}"
x265,lf09_hard01,"lambda_f=0.9, hard=0.1",16031,RQ3,47,55.65,5.52,55.65,5.858551502227783,"['Standard', '320p', 30, '10s']",0.0,5.858442306518555,0.0,"{""amp"": ""0"", ""aq-mode"": ""3"", ""aq-strength"": ""1.0"", ""b-adapt"": ""1"", ""bframes"": ""3"", ""crf"": ""25.0"", ""ctu"": ""16"", ""keyint"": ""438"", ""limit-refs"": ""2"", ""limit-tu"": ""3"", ""me"": ""hex"", ""merange"": ""19"", ""open-gop"": ""0"", ""psy-rd"": ""0.0"", ""psy-rdoq"": ""2.0"", ""qcomp"": ""0.9"", ""qpmax"": ""35"", ""qpmin"": ""5"", ""rc-lookahead"": ""45"", ""rd"": ""3"", ""rdoq-level"": ""1"", ""rect"": ""0"", ""ref"": ""6"", ""rskip"": ""1"", ""sao"": ""1"", ""scenecut"": ""22"", ""subme"": ""4"", ""tu-inter-depth"": ""3"", ""tu-intra-depth"": ""3"", ""weightb"": ""0"", ""weightp"": ""0"", ""wpp"": ""1""}"
x265,lf09_hard01,"lambda_f=0.9, hard=0.1",16031,RQ3,48,49.0,6.27,49.0,6.615832567214966,"['Standard', '320p', 30, '10s']",0.0,6.615736484527588,0.0,"{""amp"": ""1"", ""aq-mode"": ""2"", ""aq-strength"": ""1.2"", ""b-adapt"": ""0"", ""bframes"": ""8"", ""crf"": ""18.0"", ""ctu"": ""32"", ""keyint"": ""117"", ""limit-refs"": ""1"", ""limit-tu"": ""1"", ""me"": ""umh"", ""merange"": ""35"", ""open-gop"": ""1"", ""psy-rd"": ""4.0"", ""psy-rdoq"": ""4.0"", ""qcomp"": ""0.5"", ""qpmax"": ""28"", ""qpmin"": ""10"", ""rc-lookahead"": ""50"", ""rd"": ""3"", ""rdoq-level"": ""1"", ""rect"": ""0"", ""ref"": ""6"", ""rskip"": ""1"", ""sao"": ""0"", ""scenecut"": ""41"", ""subme"": ""2"", ""tu-inter-depth"": ""1"", ""tu-intra-depth"": ""2"", ""weightb"": ""0"", ""weightp"": ""0"", ""wpp"": ""0""}"
x265,lf09_hard01,"lambda_f=0.9, hard=0.1",16031,RQ3,49,13.29,22.94,13.29,23.274243593215942,"['Standard', '320p', 30, '10s']",0.0,23.274144649505615,0.0,"{""amp"": ""0"", ""aq-mode"": ""3"", ""aq-strength"": ""0.0"", ""b-adapt"": ""0"", ""bframes"": ""6"", ""crf"": ""25.0"", ""ctu"": ""64"", ""keyint"": ""65"", ""limit-refs"": ""1"", ""limit-tu"": ""3"", ""me"": ""umh"", ""merange"": ""50"", ""open-gop"": ""0"", ""psy-rd"": ""3.5"", ""psy-rdoq"": ""3.0"", ""qcomp"": ""0.7"", ""qpmax"": ""36"", ""qpmin"": ""5"", ""rc-lookahead"": ""17"", ""rd"": ""5"", ""rdoq-level"": ""1"", ""rect"": ""1"", ""ref"": ""4"", ""rskip"": ""1"", ""sao"": ""1"", ""scenecut"": ""60"", ""subme"": ""4"", ""tu-inter-depth"": ""3"", ""tu-intra-depth"": ""4"", ""weightb"": ""1"", ""weightp"": ""0"", ""wpp"": ""0""}"
x265,lf09_hard01,"lambda_f=0.9, hard=0.1",16031,RQ3,50,106.53,2.91,106.53,3.2492377758026123,"['Standard', '320p', 30, '10s']",0.0,3.2491471767425537,0.0,"{""amp"": ""0"", ""aq-mode"": ""4"", ""aq-strength"": ""0.0"", ""b-adapt"": ""0"", ""bframes"": ""2"", ""crf"": ""28.0"", ""ctu"": ""16"", ""keyint"": ""245"", ""limit-refs"": ""3"", ""limit-tu"": ""3"", ""me"": ""hex"", ""merange"": ""56"", ""open-gop"": ""0"", ""psy-rd"": ""1.0"", ""psy-rdoq"": ""5.0"", ""qcomp"": ""0.5"", ""qpmax"": ""41"", ""qpmin"": ""12"", ""rc-lookahead"": ""36"", ""rd"": ""4"", ""rdoq-level"": ""0"", ""rect"": ""0"", ""ref"": ""5"", ""rskip"": ""1"", ""sao"": ""1"", ""scenecut"": ""68"", ""subme"": ""4"", ""tu-inter-depth"": ""3"", ""tu-intra-depth"": ""1"", ""weightb"": ""1"", ""weightp"": ""1"", ""wpp"": ""1""}"
x265,lf09_hard01,"lambda_f=0.9, hard=0.1",16031,RQ3,51,25.82,11.83,25.82,12.17507290840149,"['Standard', '320p', 30, '10s']",0.0,12.174944639205933,0.0,"{""amp"": ""0"", ""aq-mode"": ""4"", ""aq-strength"": ""1.2"", ""b-adapt"": ""1"", ""bframes"": ""7"", ""crf"": ""22.0"", ""ctu"": ""32"", ""keyint"": ""152"", ""limit-refs"": ""0"", ""limit-tu"": ""1"", ""me"": ""umh"", ""merange"": ""38"", ""open-gop"": ""0"", ""psy-rd"": ""0.0"", ""psy-rdoq"": ""3.5"", ""qcomp"": ""1.0"", ""qpmax"": ""25"", ""qpmin"": ""4"", ""rc-lookahead"": ""51"", ""rd"": ""4"", ""rdoq-level"": ""1"", ""rect"": ""0"", ""ref"": ""1"", ""rskip"": ""0"", ""sao"": ""1"", ""scenecut"": ""87"", ""subme"": ""2"", ""tu-inter-depth"": ""3"", ""tu-intra-depth"": ""4"", ""weightb"": ""1"", ""weightp"": ""1"", ""wpp"": ""1""}"
x265,lf09_hard01,"lambda_f=0.9, hard=0.1",16031,RQ3,52,19.87,15.35,19.87,15.787064552307129,"['Standard', '320p', 30, '10s']",0.0,15.786960124969482,0.0,"{""amp"": ""1"", ""aq-mode"": ""1"", ""aq-strength"": ""0.8"", ""b-adapt"": ""0"", ""bframes"": ""5"", ""crf"": ""18.0"", ""ctu"": ""32"", ""keyint"": ""441"", ""limit-refs"": ""1"", ""limit-tu"": ""1"", ""me"": ""umh"", ""merange"": ""51"", ""open-gop"": ""1"", ""psy-rd"": ""3.5"", ""psy-rdoq"": ""1.5"", ""qcomp"": ""0.75"", ""qpmax"": ""33"", ""qpmin"": ""12"", ""rc-lookahead"": ""47"", ""rd"": ""4"", ""rdoq-level"": ""0"", ""rect"": ""1"", ""ref"": ""3"", ""rskip"": ""0"", ""sao"": ""1"", ""scenecut"": ""0"", ""subme"": ""5"", ""tu-inter-depth"": ""3"", ""tu-intra-depth"": ""3"", ""weightb"": ""0"", ""weightp"": ""0"", ""wpp"": ""0""}"
x265,lf09_hard01,"lambda_f=0.9, hard=0.1",16031,RQ3,53,28.05,10.9,28.05,11.2452073097229,"['Standard', '320p', 30, '10s']",0.0,11.24510145187378,0.0,"{""amp"": ""0"", ""aq-mode"": ""3"", ""aq-strength"": ""1.2"", ""b-adapt"": ""2"", ""bframes"": ""4"", ""crf"": ""22.0"", ""ctu"": ""32"", ""keyint"": ""363"", ""limit-refs"": ""1"", ""limit-tu"": ""4"", ""me"": ""hex"", ""merange"": ""36"", ""open-gop"": ""1"", ""psy-rd"": ""0.5"", ""psy-rdoq"": ""2.0"", ""qcomp"": ""0.5"", ""qpmax"": ""26"", ""qpmin"": ""12"", ""rc-lookahead"": ""43"", ""rd"": ""4"", ""rdoq-level"": ""1"", ""rect"": ""1"", ""ref"": ""4"", ""rskip"": ""1"", ""sao"": ""1"", ""scenecut"": ""19"", ""subme"": ""2"", ""tu-inter-depth"": ""2"", ""tu-intra-depth"": ""2"", ""weightb"": ""1"", ""weightp"": ""0"", ""wpp"": ""0""}"
x265,lf09_hard01,"lambda_f=0.9, hard=0.1",16031,RQ3,54,39.9,7.67,39.9,8.012121200561523,"['Standard', '320p', 30, '10s']",0.0,8.012010335922241,0.0,"{""amp"": ""1"", ""aq-mode"": ""2"", ""aq-strength"": ""1.5"", ""b-adapt"": ""0"", ""bframes"": ""4"", ""crf"": ""20.0"", ""ctu"": ""32"", ""keyint"": ""455"", ""limit-refs"": ""1"", ""limit-tu"": ""4"", ""me"": ""dia"", ""merange"": ""60"", ""open-gop"": ""0"", ""psy-rd"": ""3.0"", ""psy-rdoq"": ""3.5"", ""qcomp"": ""0.5"", ""qpmax"": ""47"", ""qpmin"": ""13"", ""rc-lookahead"": ""47"", ""rd"": ""4"", ""rdoq-level"": ""2"", ""rect"": ""0"", ""ref"": ""6"", ""rskip"": ""0"", ""sao"": ""1"", ""scenecut"": ""98"", ""subme"": ""4"", ""tu-inter-depth"": ""1"", ""tu-intra-depth"": ""4"", ""weightb"": ""1"", ""weightp"": ""0"", ""wpp"": ""1""}"
x265,lf09_hard01,"lambda_f=0.9, hard=0.1",16031,RQ3,55,27.7,11.03,27.7,11.379022598266602,"['Standard', '320p', 30, '10s']",0.0,11.37893295288086,0.0,"{""amp"": ""0"", ""aq-mode"": ""1"", ""aq-strength"": ""1.0"", ""b-adapt"": ""1"", ""bframes"": ""2"", ""crf"": ""25.0"", ""ctu"": ""32"", ""keyint"": ""366"", ""limit-refs"": ""1"", ""limit-tu"": ""3"", ""me"": ""hex"", ""merange"": ""48"", ""open-gop"": ""1"", ""psy-rd"": ""3.0"", ""psy-rdoq"": ""3.0"", ""qcomp"": ""0.9"", ""qpmax"": ""46"", ""qpmin"": ""4"", ""rc-lookahead"": ""54"", ""rd"": ""5"", ""rdoq-level"": ""0"", ""rect"": ""1"", ""ref"": ""2"", ""rskip"": ""1"", ""sao"": ""0"", ""scenecut"": ""89"", ""subme"": ""2"", ""tu-inter-depth"": ""3"", ""tu-intra-depth"": ""3"", ""weightb"": ""0"", ""weightp"": ""0"", ""wpp"": ""0""}"
x265,lf09_hard01,"lambda_f=0.9, hard=0.1",16031,RQ3,56,24.75,12.34,24.75,12.686136245727539,"['Standard', '320p', 30, '10s']",0.0,12.686043977737427,0.0,"{""amp"": ""0"", ""aq-mode"": ""1"", ""aq-strength"": ""1.0"", ""b-adapt"": ""2"", ""bframes"": ""3"", ""crf"": ""28.0"", ""ctu"": ""64"", ""keyint"": ""206"", ""limit-refs"": ""3"", ""limit-tu"": ""4"", ""me"": ""hex"", ""merange"": ""50"", ""open-gop"": ""1"", ""psy-rd"": ""3.0"", ""psy-rdoq"": ""1.0"", ""qcomp"": ""0.9"", ""qpmax"": ""40"", ""qpmin"": ""20"", ""rc-lookahead"": ""30"", ""rd"": ""6"", ""rdoq-level"": ""2"", ""rect"": ""1"", ""ref"": ""2"", ""rskip"": ""1"", ""sao"": ""0"", ""scenecut"": ""79"", ""subme"": ""2"", ""tu-inter-depth"": ""1"", ""tu-intra-depth"": ""2"", ""weightb"": ""0"", ""weightp"": ""1"", ""wpp"": ""0""}"
x265,lf09_hard01,"lambda_f=0.9, hard=0.1",16031,RQ3,57,20.02,15.24,20.02,15.585466384887695,"['Standard', '320p', 30, '10s']",0.0,15.585368633270264,0.0,"{""amp"": ""1"", ""aq-mode"": ""2"", ""aq-strength"": ""1.0"", ""b-adapt"": ""0"", ""bframes"": ""2"", ""crf"": ""20.0"", ""ctu"": ""32"", ""keyint"": ""217"", ""limit-refs"": ""2"", ""limit-tu"": ""0"", ""me"": ""hex"", ""merange"": ""34"", ""open-gop"": ""0"", ""psy-rd"": ""4.0"", ""psy-rdoq"": ""4.5"", ""qcomp"": ""1.0"", ""qpmax"": ""42"", ""qpmin"": ""5"", ""rc-lookahead"": ""23"", ""rd"": ""4"", ""rdoq-level"": ""2"", ""rect"": ""0"", ""ref"": ""5"", ""rskip"": ""0"", ""sao"": ""0"", ""scenecut"": ""22"", ""subme"": ""2"", ""tu-inter-depth"": ""2"", ""tu-intra-depth"": ""2"", ""weightb"": ""0"", ""weightp"": ""1"", ""wpp"": ""1""}"
x265,lf09_hard01,"lambda_f=0.9, hard=0.1",16031,RQ3,58,53.9,5.69,53.9,6.026788234710693,"['Standard', '320p', 30, '10s']",0.0,6.026689291000366,0.0,"{""amp"": ""0"", ""aq-mode"": ""2"", ""aq-strength"": ""1.8"", ""b-adapt"": ""0"", ""bframes"": ""6"", ""crf"": ""25.0"", ""ctu"": ""32"", ""keyint"": ""347"", ""limit-refs"": ""2"", ""limit-tu"": ""3"", ""me"": ""umh"", ""merange"": ""55"", ""open-gop"": ""1"", ""psy-rd"": ""2.0"", ""psy-rdoq"": ""4.0"", ""qcomp"": ""0.6"", ""qpmax"": ""34"", ""qpmin"": ""13"", ""rc-lookahead"": ""11"", ""rd"": ""4"", ""rdoq-level"": ""1"", ""rect"": ""1"", ""ref"": ""4"", ""rskip"": ""0"", ""sao"": ""1"", ""scenecut"": ""16"", ""subme"": ""5"", ""tu-inter-depth"": ""1"", ""tu-intra-depth"": ""2"", ""weightb"": ""1"", ""weightp"": ""0"", ""wpp"": ""1""}"
x265,lf09_hard01,"lambda_f=0.9, hard=0.1",16031,RQ3,59,76.42,4.03,76.42,4.363799333572388,"['Standard', '320p', 30, '10s']",0.0,4.363708972930908,0.0,"{""amp"": ""1"", ""aq-mode"": ""1"", ""aq-strength"": ""0.8"", ""b-adapt"": ""0"", ""bframes"": ""2"", ""crf"": ""25.0"", ""ctu"": ""32"", ""keyint"": ""133"", ""limit-refs"": ""1"", ""limit-tu"": ""1"", ""me"": ""dia"", ""merange"": ""18"", ""open-gop"": ""1"", ""psy-rd"": ""1.0"", ""psy-rdoq"": ""4.5"", ""qcomp"": ""0.8"", ""qpmax"": ""45"", ""qpmin"": ""2"", ""rc-lookahead"": ""36"", ""rd"": ""3"", ""rdoq-level"": ""0"", ""rect"": ""0"", ""ref"": ""2"", ""rskip"": ""0"", ""sao"": ""0"", ""scenecut"": ""4"", ""subme"": ""1"", ""tu-inter-depth"": ""2"", ""tu-intra-depth"": ""2"", ""weightb"": ""0"", ""weightp"": ""0"", ""wpp"": ""0""}"
x265,lf09_hard01,"lambda_f=0.9, hard=0.1",16031,RQ3,60,27.01,11.3,27.01,11.636017560958862,"['Standard', '320p', 30, '10s']",0.0,11.635921716690063,0.0,"{""amp"": ""0"", ""aq-mode"": ""4"", ""aq-strength"": ""0.0"", ""b-adapt"": ""1"", ""bframes"": ""2"", ""crf"": ""30.0"", ""ctu"": ""32"", ""keyint"": ""311"", ""limit-refs"": ""3"", ""limit-tu"": ""2"", ""me"": ""umh"", ""merange"": ""18"", ""open-gop"": ""0"", ""psy-rd"": ""4.0"", ""psy-rdoq"": ""1.5"", ""qcomp"": ""0.8"", ""qpmax"": ""49"", ""qpmin"": ""9"", ""rc-lookahead"": ""23"", ""rd"": ""5"", ""rdoq-level"": ""0"", ""rect"": ""1"", ""ref"": ""4"", ""rskip"": ""1"", ""sao"": ""1"", ""scenecut"": ""33"", ""subme"": ""5"", ""tu-inter-depth"": ""2"", ""tu-intra-depth"": ""3"", ""weightb"": ""0"", ""weightp"": ""0"", ""wpp"": ""1""}"
x265,lf09_hard01,"lambda_f=0.9, hard=0.1",16031,RQ3,61,27.16,11.25,27.16,11.576989889144897,"['Standard', '320p', 30, '10s']",0.0,11.57689094543457,0.0,"{""amp"": ""1"", ""aq-mode"": ""1"", ""aq-strength"": ""0.5"", ""b-adapt"": ""1"", ""bframes"": ""2"", ""crf"": ""20.0"", ""ctu"": ""32"", ""keyint"": ""293"", ""limit-refs"": ""2"", ""limit-tu"": ""3"", ""me"": ""hex"", ""merange"": ""42"", ""open-gop"": ""0"", ""psy-rd"": ""3.0"", ""psy-rdoq"": ""2.5"", ""qcomp"": ""0.6"", ""qpmax"": ""43"", ""qpmin"": ""11"", ""rc-lookahead"": ""15"", ""rd"": ""3"", ""rdoq-level"": ""2"", ""rect"": ""1"", ""ref"": ""3"", ""rskip"": ""0"", ""sao"": ""1"", ""scenecut"": ""86"", ""subme"": ""3"", ""tu-inter-depth"": ""3"", ""tu-intra-depth"": ""2"", ""weightb"": ""0"", ""weightp"": ""0"", ""wpp"": ""0""}"
x265,lf09_hard01,"lambda_f=0.9, hard=0.1",16031,RQ3,62,7.52,40.5,7.52,40.879682540893555,"['Standard', '320p', 30, '10s']",0.0,40.87951588630676,0.0,"{""amp"": ""0"", ""aq-mode"": ""1"", ""aq-strength"": ""2.0"", ""b-adapt"": ""0"", ""bframes"": ""2"", ""crf"": ""22.0"", ""ctu"": ""32"", ""keyint"": ""302"", ""limit-refs"": ""1"", ""limit-tu"": ""0"", ""me"": ""star"", ""merange"": ""24"", ""open-gop"": ""0"", ""psy-rd"": ""1.5"", ""psy-rdoq"": ""0.5"", ""qcomp"": ""0.75"", ""qpmax"": ""20"", ""qpmin"": ""1"", ""rc-lookahead"": ""22"", ""rd"": ""5"", ""rdoq-level"": ""2"", ""rect"": ""0"", ""ref"": ""1"", ""rskip"": ""0"", ""sao"": ""0"", ""scenecut"": ""13"", ""subme"": ""1"", ""tu-inter-depth"": ""2"", ""tu-intra-depth"": ""3"", ""weightb"": ""1"", ""weightp"": ""0"", ""wpp"": ""0""}"
x265,lf09_hard01,"lambda_f=0.9, hard=0.1",16031,RQ3,63,16.48,18.5,16.48,18.843223810195923,"['Standard', '320p', 30, '10s']",0.0,18.84312605857849,0.0,"{""amp"": ""0"", ""aq-mode"": ""3"", ""aq-strength"": ""0.0"", ""b-adapt"": ""2"", ""bframes"": ""8"", ""crf"": ""32.0"", ""ctu"": ""16"", ""keyint"": ""426"", ""limit-refs"": ""3"", ""limit-tu"": ""3"", ""me"": ""umh"", ""merange"": ""40"", ""open-gop"": ""1"", ""psy-rd"": ""1.0"", ""psy-rdoq"": ""3.5"", ""qcomp"": ""0.6"", ""qpmax"": ""37"", ""qpmin"": ""16"", ""rc-lookahead"": ""58"", ""rd"": ""5"", ""rdoq-level"": ""2"", ""rect"": ""1"", ""ref"": ""6"", ""rskip"": ""1"", ""sao"": ""1"", ""scenecut"": ""61"", ""subme"": ""4"", ""tu-inter-depth"": ""1"", ""tu-intra-depth"": ""2"", ""weightb"": ""1"", ""weightp"": ""1"", ""wpp"": ""1""}"
x265,lf09_hard01,"lambda_f=0.9, hard=0.1",16031,RQ3,64,31.01,9.86,31.01,10.24897027015686,"['Standard', '320p', 30, '10s']",0.0,10.248878717422485,0.0,"{""amp"": ""1"", ""aq-mode"": ""2"", ""aq-strength"": ""0.0"", ""b-adapt"": ""2"", ""bframes"": ""7"", ""crf"": ""30.0"", ""ctu"": ""32"", ""keyint"": ""492"", ""limit-refs"": ""2"", ""limit-tu"": ""0"", ""me"": ""star"", ""merange"": ""16"", ""open-gop"": ""1"", ""psy-rd"": ""3.0"", ""psy-rdoq"": ""4.5"", ""qcomp"": ""0.7"", ""qpmax"": ""25"", ""qpmin"": ""13"", ""rc-lookahead"": ""14"", ""rd"": ""4"", ""rdoq-level"": ""0"", ""rect"": ""1"", ""ref"": ""3"", ""rskip"": ""1"", ""sao"": ""1"", ""scenecut"": ""10"", ""subme"": ""2"", ""tu-inter-depth"": ""4"", ""tu-intra-depth"": ""4"", ""weightb"": ""0"", ""weightp"": ""0"", ""wpp"": ""1""}"
x265,lf09_hard01,"lambda_f=0.9, hard=0.1",16031,RQ3,65,11.46,26.57,11.46,26.920549154281616,"['Standard', '320p', 30, '10s']",0.0,26.92039179801941,0.0,"{""amp"": ""0"", ""aq-mode"": ""0"", ""aq-strength"": ""0.8"", ""b-adapt"": ""2"", ""bframes"": ""8"", ""crf"": ""22.0"", ""ctu"": ""16"", ""keyint"": ""311"", ""limit-refs"": ""3"", ""limit-tu"": ""4"", ""me"": ""dia"", ""merange"": ""61"", ""open-gop"": ""1"", ""psy-rd"": ""2.0"", ""psy-rdoq"": ""5.0"", ""qcomp"": ""0.9"", ""qpmax"": ""51"", ""qpmin"": ""0"", ""rc-lookahead"": ""45"", ""rd"": ""5"", ""rdoq-level"": ""2"", ""rect"": ""1"", ""ref"": ""4"", ""rskip"": ""1"", ""sao"": ""1"", ""scenecut"": ""80"", ""subme"": ""4"", ""tu-inter-depth"": ""3"", ""tu-intra-depth"": ""2"", ""weightb"": ""1"", ""weightp"": ""1"", ""wpp"": ""0""}"
x265,lf09_hard01,"lambda_f=0.9, hard=0.1",16031,RQ3,66,37.86,8.08,37.86,8.419596672058105,"['Standard', '320p', 30, '10s']",0.0,8.419492959976196,0.0,"{""amp"": ""0"", ""aq-mode"": ""3"", ""aq-strength"": ""0.5"", ""b-adapt"": ""2"", ""bframes"": ""4"", ""crf"": ""22.0"", ""ctu"": ""64"", ""keyint"": ""349"", ""limit-refs"": ""1"", ""limit-tu"": ""1"", ""me"": ""dia"", ""merange"": ""22"", ""open-gop"": ""1"", ""psy-rd"": ""0.5"", ""psy-rdoq"": ""2.0"", ""qcomp"": ""0.75"", ""qpmax"": ""41"", ""qpmin"": ""7"", ""rc-lookahead"": ""14"", ""rd"": ""4"", ""rdoq-level"": ""1"", ""rect"": ""0"", ""ref"": ""6"", ""rskip"": ""1"", ""sao"": ""1"", ""scenecut"": ""90"", ""subme"": ""4"", ""tu-inter-depth"": ""3"", ""tu-intra-depth"": ""1"", ""weightb"": ""0"", ""weightp"": ""0"", ""wpp"": ""1""}"
x265,lf09_hard01,"lambda_f=0.9, hard=0.1",16031,RQ3,67,40.23,7.61,40.23,7.952209949493408,"['Standard', '320p', 30, '10s']",0.0,7.952117681503296,0.0,"{""amp"": ""1"", ""aq-mode"": ""3"", ""aq-strength"": ""1.8"", ""b-adapt"": ""2"", ""bframes"": ""6"", ""crf"": ""30.0"", ""ctu"": ""32"", ""keyint"": ""103"", ""limit-refs"": ""3"", ""limit-tu"": ""0"", ""me"": ""hex"", ""merange"": ""57"", ""open-gop"": ""1"", ""psy-rd"": ""2.5"", ""psy-rdoq"": ""2.5"", ""qcomp"": ""0.6"", ""qpmax"": ""35"", ""qpmin"": ""5"", ""rc-lookahead"": ""30"", ""rd"": ""3"", ""rdoq-level"": ""1"", ""rect"": ""0"", ""ref"": ""5"", ""rskip"": ""0"", ""sao"": ""0"", ""scenecut"": ""44"", ""subme"": ""3"", ""tu-inter-depth"": ""2"", ""tu-intra-depth"": ""1"", ""weightb"": ""0"", ""weightp"": ""0"", ""wpp"": ""1""}"
x265,lf09_hard01,"lambda_f=0.9, hard=0.1",16031,RQ3,68,54.65,5.62,54.65,5.970608472824097,"['Standard', '320p', 30, '10s']",0.0,5.970508098602295,0.0,"{""amp"": ""0"", ""aq-mode"": ""1"", ""aq-strength"": ""0.5"", ""b-adapt"": ""2"", ""bframes"": ""8"", ""crf"": ""25.0"", ""ctu"": ""16"", ""keyint"": ""483"", ""limit-refs"": ""1"", ""limit-tu"": ""4"", ""me"": ""star"", ""merange"": ""63"", ""open-gop"": ""1"", ""psy-rd"": ""2.0"", ""psy-rdoq"": ""2.5"", ""qcomp"": ""0.9"", ""qpmax"": ""31"", ""qpmin"": ""19"", ""rc-lookahead"": ""59"", ""rd"": ""3"", ""rdoq-level"": ""1"", ""rect"": ""0"", ""ref"": ""4"", ""rskip"": ""1"", ""sao"": ""1"", ""scenecut"": ""99"", ""subme"": ""5"", ""tu-inter-depth"": ""3"", ""tu-intra-depth"": ""1"", ""weightb"": ""1"", ""weightp"": ""0"", ""wpp"": ""0""}"
x265,lf09_hard01,"lambda_f=0.9, hard=0.1",16031,RQ3,69,101.19,3.06,101.19,3.3937630653381348,"['Standard', '320p', 30, '10s']",0.0,3.393665075302124,0.0,"{""amp"": ""0"", ""aq-mode"": ""0"", ""aq-strength"": ""1.0"", ""b-adapt"": ""2"", ""bframes"": ""0"", ""crf"": ""30.0"", ""ctu"": ""32"", ""keyint"": ""304"", ""limit-refs"": ""1"", ""limit-tu"": ""0"", ""me"": ""umh"", ""merange"": ""33"", ""open-gop"": ""1"", ""psy-rd"": ""0.0"", ""psy-rdoq"": ""0.5"", ""qcomp"": ""0.6"", ""qpmax"": ""46"", ""qpmin"": ""9"", ""rc-lookahead"": ""57"", ""rd"": ""1"", ""rdoq-level"": ""1"", ""rect"": ""0"", ""ref"": ""3"", ""rskip"": ""1"", ""sao"": ""0"", ""scenecut"": ""48"", ""subme"": ""1"", ""tu-inter-depth"": ""2"", ""tu-intra-depth"": ""4"", ""weightb"": ""1"", ""weightp"": ""0"", ""wpp"": ""1""}"
x265,lf09_hard01,"lambda_f=0.9, hard=0.1",16031,RQ3,70,39.74,7.7,39.74,8.040717840194702,"['Standard', '320p', 30, '10s']",0.0,8.04062294960022,0.0,"{""amp"": ""1"", ""aq-mode"": ""1"", ""aq-strength"": ""1.5"", ""b-adapt"": ""1"", ""bframes"": ""5"", ""crf"": ""25.0"", ""ctu"": ""32"", ""keyint"": ""480"", ""limit-refs"": ""1"", ""limit-tu"": ""2"", ""me"": ""hex"", ""merange"": ""34"", ""open-gop"": ""1"", ""psy-rd"": ""3.0"", ""psy-rdoq"": ""2.5"", ""qcomp"": ""0.75"", ""qpmax"": ""28"", ""qpmin"": ""15"", ""rc-lookahead"": ""46"", ""rd"": ""3"", ""rdoq-level"": ""1"", ""rect"": ""1"", ""ref"": ""4"", ""rskip"": ""1"", ""sao"": ""1"", ""scenecut"": ""16"", ""subme"": ""2"", ""tu-inter-depth"": ""2"", ""tu-intra-depth"": ""4"", ""weightb"": ""0"", ""weightp"": ""1"", ""wpp"": ""1""}"
x265,lf09_hard01,"lambda_f=0.9, hard=0.1",16031,RQ3,71,26.45,11.54,26.45,11.885873079299927,"['Standard', '320p', 30, '10s']",0.0,11.88577938079834,0.0,"{""amp"": ""1"", ""aq-mode"": ""2"", ""aq-strength"": ""0.0"", ""b-adapt"": ""0"", ""bframes"": ""0"", ""crf"": ""25.0"", ""ctu"": ""16"", ""keyint"": ""473"", ""limit-refs"": ""0"", ""limit-tu"": ""4"", ""me"": ""hex"", ""merange"": ""47"", ""open-gop"": ""1"", ""psy-rd"": ""2.0"", ""psy-rdoq"": ""5.0"", ""qcomp"": ""0.7"", ""qpmax"": ""21"", ""qpmin"": ""9"", ""rc-lookahead"": ""43"", ""rd"": ""3"", ""rdoq-level"": ""1"", ""rect"": ""0"", ""ref"": ""2"", ""rskip"": ""1"", ""sao"": ""0"", ""scenecut"": ""82"", ""subme"": ""4"", ""tu-inter-depth"": ""1"", ""tu-intra-depth"": ""2"", ""weightb"": ""0"", ""weightp"": ""0"", ""wpp"": ""1""}"
x265,lf09_hard01,"lambda_f=0.9, hard=0.1",16031,RQ3,72,57.5,5.35,57.5,5.681166648864746,"['Standard', '320p', 30, '10s']",0.0,5.681069850921631,0.0,"{""amp"": ""1"", ""aq-mode"": ""4"", ""aq-strength"": ""2.0"", ""b-adapt"": ""1"", ""bframes"": ""5"", ""crf"": ""25.0"", ""ctu"": ""64"", ""keyint"": ""439"", ""limit-refs"": ""2"", ""limit-tu"": ""1"", ""me"": ""umh"", ""merange"": ""63"", ""open-gop"": ""1"", ""psy-rd"": ""0.5"", ""psy-rdoq"": ""4.5"", ""qcomp"": ""0.7"", ""qpmax"": ""31"", ""qpmin"": ""2"", ""rc-lookahead"": ""48"", ""rd"": ""3"", ""rdoq-level"": ""1"", ""rect"": ""0"", ""ref"": ""1"", ""rskip"": ""1"", ""sao"": ""1"", ""scenecut"": ""98"", ""subme"": ""2"", ""tu-inter-depth"": ""2"", ""tu-intra-depth"": ""2"", ""weightb"": ""1"", ""weightp"": ""1"", ""wpp"": ""0""}"
x265,lf09_hard01,"lambda_f=0.9, hard=0.1",16031,RQ3,73,34.4,8.89,34.4,9.239345788955688,"['Standard', '320p', 30, '10s']",0.0,9.23923921585083,0.0,"{""amp"": ""1"", ""aq-mode"": ""0"", ""aq-strength"": ""1.8"", ""b-adapt"": ""0"", ""bframes"": ""4"", ""crf"": ""18.0"", ""ctu"": ""16"", ""keyint"": ""41"", ""limit-refs"": ""2"", ""limit-tu"": ""0"", ""me"": ""umh"", ""merange"": ""45"", ""open-gop"": ""0"", ""psy-rd"": ""3.5"", ""psy-rdoq"": ""0.5"", ""qcomp"": ""1.0"", ""qpmax"": ""46"", ""qpmin"": ""7"", ""rc-lookahead"": ""19"", ""rd"": ""4"", ""rdoq-level"": ""1"", ""rect"": ""0"", ""ref"": ""1"", ""rskip"": ""1"", ""sao"": ""0"", ""scenecut"": ""74"", ""subme"": ""2"", ""tu-inter-depth"": ""1"", ""tu-intra-depth"": ""2"", ""weightb"": ""0"", ""weightp"": ""0"", ""wpp"": ""1""}"
x265,lf09_hard01,"lambda_f=0.9, hard=0.1",16031,RQ3,74,8.71,35.01,8.71,35.55098342895508,"['Standard', '320p', 30, '10s']",0.0,35.550878286361694,0.0,"{""amp"": ""0"", ""aq-mode"": ""1"", ""aq-strength"": ""1.5"", ""b-adapt"": ""2"", ""bframes"": ""1"", ""crf"": ""32.0"", ""ctu"": ""32"", ""keyint"": ""88"", ""limit-refs"": ""2"", ""limit-tu"": ""2"", ""me"": ""full"", ""merange"": ""28"", ""open-gop"": ""0"", ""psy-rd"": ""2.5"", ""psy-rdoq"": ""2.0"", ""qcomp"": ""0.5"", ""qpmax"": ""28"", ""qpmin"": ""1"", ""rc-lookahead"": ""23"", ""rd"": ""6"", ""rdoq-level"": ""1"", ""rect"": ""0"", ""ref"": ""2"", ""rskip"": ""1"", ""sao"": ""1"", ""scenecut"": ""74"", ""subme"": ""2"", ""tu-inter-depth"": ""3"", ""tu-intra-depth"": ""3"", ""weightb"": ""1"", ""weightp"": ""1"", ""wpp"": ""1""}"
x265,lf09_hard01,"lambda_f=0.9, hard=0.1",16031,RQ3,75,45.84,6.69,45.84,7.02815842628479,"['Standard', '320p', 30, '10s']",0.0,7.028067350387573,0.0,"{""amp"": ""0"", ""aq-mode"": ""2"", ""aq-strength"": ""0.5"", ""b-adapt"": ""1"", ""bframes"": ""2"", ""crf"": ""30.0"", ""ctu"": ""64"", ""keyint"": ""239"", ""limit-refs"": ""3"", ""limit-tu"": ""2"", ""me"": ""dia"", ""merange"": ""64"", ""open-gop"": ""0"", ""psy-rd"": ""1.0"", ""psy-rdoq"": ""2.5"", ""qcomp"": ""0.8"", ""qpmax"": ""48"", ""qpmin"": ""2"", ""rc-lookahead"": ""46"", ""rd"": ""4"", ""rdoq-level"": ""1"", ""rect"": ""1"", ""ref"": ""6"", ""rskip"": ""0"", ""sao"": ""1"", ""scenecut"": ""98"", ""subme"": ""4"", ""tu-inter-depth"": ""4"", ""tu-intra-depth"": ""4"", ""weightb"": ""1"", ""weightp"": ""0"", ""wpp"": ""0""}"
x265,lf09_hard01,"lambda_f=0.9, hard=0.1",16031,RQ3,76,41.82,7.32,41.82,7.647958993911743,"['Standard', '320p', 30, '10s']",0.0,7.647868871688843,0.0,"{""amp"": ""0"", ""aq-mode"": ""1"", ""aq-strength"": ""1.0"", ""b-adapt"": ""0"", ""bframes"": ""0"", ""crf"": ""30.0"", ""ctu"": ""64"", ""keyint"": ""132"", ""limit-refs"": ""3"", ""limit-tu"": ""1"", ""me"": ""umh"", ""merange"": ""26"", ""open-gop"": ""0"", ""psy-rd"": ""3.0"", ""psy-rdoq"": ""3.0"", ""qcomp"": ""1.0"", ""qpmax"": ""27"", ""qpmin"": ""9"", ""rc-lookahead"": ""28"", ""rd"": ""4"", ""rdoq-level"": ""1"", ""rect"": ""1"", ""ref"": ""1"", ""rskip"": ""1"", ""sao"": ""0"", ""scenecut"": ""75"", ""subme"": ""2"", ""tu-inter-depth"": ""2"", ""tu-intra-depth"": ""2"", ""weightb"": ""1"", ""weightp"": ""0"", ""wpp"": ""1""}"
x265,lf09_hard01,"lambda_f=0.9, hard=0.1",16031,RQ3,77,9.91,30.78,9.91,31.33409357070923,"['Standard', '320p', 30, '10s']",0.0,31.333979845046997,0.0,"{""amp"": ""0"", ""aq-mode"": ""1"", ""aq-strength"": ""0.0"", ""b-adapt"": ""2"", ""bframes"": ""5"", ""crf"": ""20.0"", ""ctu"": ""32"", ""keyint"": ""81"", ""limit-refs"": ""2"", ""limit-tu"": ""2"", ""me"": ""umh"", ""merange"": ""25"", ""open-gop"": ""1"", ""psy-rd"": ""2.0"", ""psy-rdoq"": ""4.0"", ""qcomp"": ""0.7"", ""qpmax"": ""29"", ""qpmin"": ""12"", ""rc-lookahead"": ""15"", ""rd"": ""5"", ""rdoq-level"": ""2"", ""rect"": ""0"", ""ref"": ""2"", ""rskip"": ""0"", ""sao"": ""0"", ""scenecut"": ""14"", ""subme"": ""3"", ""tu-inter-depth"": ""4"", ""tu-intra-depth"": ""3"", ""weightb"": ""1"", ""weightp"": ""1"", ""wpp"": ""0""}"
x265,lf09_hard01,"lambda_f=0.9, hard=0.1",16031,RQ3,78,17.05,17.88,17.05,18.213747262954712,"['Standard', '320p', 30, '10s']",0.0,18.213627099990845,0.0,"{""amp"": ""0"", ""aq-mode"": ""2"", ""aq-strength"": ""1.5"", ""b-adapt"": ""1"", ""bframes"": ""5"", ""crf"": ""22.0"", ""ctu"": ""16"", ""keyint"": ""334"", ""limit-refs"": ""3"", ""limit-tu"": ""2"", ""me"": ""hex"", ""merange"": ""26"", ""open-gop"": ""1"", ""psy-rd"": ""4.0"", ""psy-rdoq"": ""5.0"", ""qcomp"": ""0.9"", ""qpmax"": ""33"", ""qpmin"": ""20"", ""rc-lookahead"": ""22"", ""rd"": ""6"", ""rdoq-level"": ""0"", ""rect"": ""1"", ""ref"": ""5"", ""rskip"": ""1"", ""sao"": ""0"", ""scenecut"": ""89"", ""subme"": ""1"", ""tu-inter-depth"": ""3"", ""tu-intra-depth"": ""2"", ""weightb"": ""1"", ""weightp"": ""1"", ""wpp"": ""0""}"
x265,lf09_hard01,"lambda_f=0.9, hard=0.1",16031,RQ3,79,37.17,8.23,37.17,8.574171781539917,"['Standard', '320p', 30, '10s']",0.0,8.574068546295166,0.0,"{""amp"": ""0"", ""aq-mode"": ""2"", ""aq-strength"": ""0.5"", ""b-adapt"": ""1"", ""bframes"": ""7"", ""crf"": ""32.0"", ""ctu"": ""32"", ""keyint"": ""302"", ""limit-refs"": ""3"", ""limit-tu"": ""2"", ""me"": ""star"", ""merange"": ""22"", ""open-gop"": ""1"", ""psy-rd"": ""3.0"", ""psy-rdoq"": ""4.0"", ""qcomp"": ""1.0"", ""qpmax"": ""23"", ""qpmin"": ""13"", ""rc-lookahead"": ""57"", ""rd"": ""3"", ""rdoq-level"": ""0"", ""rect"": ""1"", ""ref"": ""1"", ""rskip"": ""1"", ""sao"": ""0"", ""scenecut"": ""98"", ""subme"": ""3"", ""tu-inter-depth"": ""4"", ""tu-intra-depth"": ""3"", ""weightb"": ""1"", ""weightp"": ""0"", ""wpp"": ""1""}"
x265,lf09_hard01,"lambda_f=0.9, hard=0.1",16031,RQ3,80,37.08,8.25,37.08,8.600523233413696,"['Standard', '320p', 30, '10s']",0.0,8.600422382354736,0.0,"{""amp"": ""1"", ""aq-mode"": ""2"", ""aq-strength"": ""0.5"", ""b-adapt"": ""1"", ""bframes"": ""0"", ""crf"": ""32.0"", ""ctu"": ""32"", ""keyint"": ""478"", ""limit-refs"": ""0"", ""limit-tu"": ""3"", ""me"": ""star"", ""merange"": ""29"", ""open-gop"": ""0"", ""psy-rd"": ""0.5"", ""psy-rdoq"": ""3.5"", ""qcomp"": ""0.6"", ""qpmax"": ""28"", ""qpmin"": ""11"", ""rc-lookahead"": ""58"", ""rd"": ""4"", ""rdoq-level"": ""1"", ""rect"": ""0"", ""ref"": ""5"", ""rskip"": ""1"", ""sao"": ""0"", ""scenecut"": ""34"", ""subme"": ""2"", ""tu-inter-depth"": ""1"", ""tu-intra-depth"": ""2"", ""weightb"": ""1"", ""weightp"": ""1"", ""wpp"": ""1""}"
x265,lf09_hard01,"lambda_f=0.9, hard=0.1",16031,RQ3,81,57.83,5.31,57.83,5.6514732837677,"['Standard', '320p', 30, '10s']",0.0,5.651381492614746,0.0,"{""amp"": ""0"", ""aq-mode"": ""0"", ""aq-strength"": ""1.8"", ""b-adapt"": ""0"", ""bframes"": ""2"", ""crf"": ""30.0"", ""ctu"": ""64"", ""keyint"": ""174"", ""limit-refs"": ""3"", ""limit-tu"": ""3"", ""me"": ""hex"", ""merange"": ""28"", ""open-gop"": ""1"", ""psy-rd"": ""2.0"", ""psy-rdoq"": ""1.0"", ""qcomp"": ""0.6"", ""qpmax"": ""40"", ""qpmin"": ""6"", ""rc-lookahead"": ""47"", ""rd"": ""3"", ""rdoq-level"": ""2"", ""rect"": ""1"", ""ref"": ""5"", ""rskip"": ""0"", ""sao"": ""0"", ""scenecut"": ""49"", ""subme"": ""3"", ""tu-inter-depth"": ""3"", ""tu-intra-depth"": ""3"", ""weightb"": ""1"", ""weightp"": ""1"", ""wpp"": ""1""}"
x265,lf09_hard01,"lambda_f=0.9, hard=0.1",16031,RQ3,82,19.99,15.26,19.99,15.602068901062012,"['Standard', '320p', 30, '10s']",0.0,15.601969480514526,0.0,"{""amp"": ""1"", ""aq-mode"": ""2"", ""aq-strength"": ""1.2"", ""b-adapt"": ""1"", ""bframes"": ""2"", ""crf"": ""20.0"", ""ctu"": ""32"", ""keyint"": ""340"", ""limit-refs"": ""1"", ""limit-tu"": ""3"", ""me"": ""umh"", ""merange"": ""58"", ""open-gop"": ""1"", ""psy-rd"": ""3.0"", ""psy-rdoq"": ""1.5"", ""qcomp"": ""0.9"", ""qpmax"": ""37"", ""qpmin"": ""14"", ""rc-lookahead"": ""39"", ""rd"": ""4"", ""rdoq-level"": ""0"", ""rect"": ""1"", ""ref"": ""5"", ""rskip"": ""0"", ""sao"": ""1"", ""scenecut"": ""7"", ""subme"": ""2"", ""tu-inter-depth"": ""1"", ""tu-intra-depth"": ""3"", ""weightb"": ""1"", ""weightp"": ""1"", ""wpp"": ""1""}"
x265,lf09_hard01,"lambda_f=0.9, hard=0.1",16031,RQ3,83,16.6,18.37,16.6,18.71623992919922,"['Standard', '320p', 30, '10s']",0.0,18.716145753860474,0.0,"{""amp"": ""1"", ""aq-mode"": ""4"", ""aq-strength"": ""0.0"", ""b-adapt"": ""0"", ""bframes"": ""7"", ""crf"": ""18.0"", ""ctu"": ""64"", ""keyint"": ""238"", ""limit-refs"": ""1"", ""limit-tu"": ""0"", ""me"": ""hex"", ""merange"": ""54"", ""open-gop"": ""1"", ""psy-rd"": ""0.5"", ""psy-rdoq"": ""1.0"", ""qcomp"": ""0.75"", ""qpmax"": ""25"", ""qpmin"": ""9"", ""rc-lookahead"": ""29"", ""rd"": ""3"", ""rdoq-level"": ""2"", ""rect"": ""1"", ""ref"": ""5"", ""rskip"": ""1"", ""sao"": ""1"", ""scenecut"": ""13"", ""subme"": ""2"", ""tu-inter-depth"": ""2"", ""tu-intra-depth"": ""4"", ""weightb"": ""1"", ""weightp"": ""0"", ""wpp"": ""0""}"
x265,lf09_hard01,"lambda_f=0.9, hard=0.1",16031,RQ3,84,50.62,6.06,50.62,6.39275050163269,"['Standard', '320p', 30, '10s']",0.0,6.392654180526733,0.0,"{""amp"": ""1"", ""aq-mode"": ""4"", ""aq-strength"": ""1.5"", ""b-adapt"": ""2"", ""bframes"": ""0"", ""crf"": ""25.0"", ""ctu"": ""32"", ""keyint"": ""389"", ""limit-refs"": ""1"", ""limit-tu"": ""2"", ""me"": ""umh"", ""merange"": ""29"", ""open-gop"": ""0"", ""psy-rd"": ""0.0"", ""psy-rdoq"": ""1.5"", ""qcomp"": ""0.6"", ""qpmax"": ""48"", ""qpmin"": ""10"", ""rc-lookahead"": ""13"", ""rd"": ""3"", ""rdoq-level"": ""0"", ""rect"": ""1"", ""ref"": ""3"", ""rskip"": ""0"", ""sao"": ""0"", ""scenecut"": ""81"", ""subme"": ""2"", ""tu-inter-depth"": ""1"", ""tu-intra-depth"": ""1"", ""weightb"": ""0"", ""weightp"": ""0"", ""wpp"": ""1""}"
x265,lf09_hard01,"lambda_f=0.9, hard=0.1",16031,RQ3,85,18.81,16.22,18.81,16.562713861465454,"['Standard', '320p', 30, '10s']",0.0,16.562607526779175,0.0,"{""amp"": ""1"", ""aq-mode"": ""3"", ""aq-strength"": ""1.0"", ""b-adapt"": ""0"", ""bframes"": ""4"", ""crf"": ""18.0"", ""ctu"": ""32"", ""keyint"": ""489"", ""limit-refs"": ""3"", ""limit-tu"": ""3"", ""me"": ""star"", ""merange"": ""34"", ""open-gop"": ""0"", ""psy-rd"": ""3.0"", ""psy-rdoq"": ""4.0"", ""qcomp"": ""0.9"", ""qpmax"": ""31"", ""qpmin"": ""2"", ""rc-lookahead"": ""32"", ""rd"": ""4"", ""rdoq-level"": ""2"", ""rect"": ""1"", ""ref"": ""1"", ""rskip"": ""1"", ""sao"": ""0"", ""scenecut"": ""36"", ""subme"": ""5"", ""tu-inter-depth"": ""4"", ""tu-intra-depth"": ""3"", ""weightb"": ""1"", ""weightp"": ""1"", ""wpp"": ""0""}"
x265,lf09_hard01,"lambda_f=0.9, hard=0.1",16031,RQ3,86,41.41,7.39,41.41,7.749720811843872,"['Standard', '320p', 30, '10s']",0.0,7.749626398086548,0.0,"{""amp"": ""1"", ""aq-mode"": ""3"", ""aq-strength"": ""2.0"", ""b-adapt"": ""2"", ""bframes"": ""8"", ""crf"": ""22.0"", ""ctu"": ""16"", ""keyint"": ""414"", ""limit-refs"": ""2"", ""limit-tu"": ""2"", ""me"": ""hex"", ""merange"": ""63"", ""open-gop"": ""1"", ""psy-rd"": ""1.5"", ""psy-rdoq"": ""1.5"", ""qcomp"": ""1.0"", ""qpmax"": ""42"", ""qpmin"": ""20"", ""rc-lookahead"": ""42"", ""rd"": ""4"", ""rdoq-level"": ""0"", ""rect"": ""0"", ""ref"": ""5"", ""rskip"": ""1"", ""sao"": ""0"", ""scenecut"": ""37"", ""subme"": ""3"", ""tu-inter-depth"": ""3"", ""tu-intra-depth"": ""3"", ""weightb"": ""0"", ""weightp"": ""0"", ""wpp"": ""1""}"
x265,lf09_hard01,"lambda_f=0.9, hard=0.1",16031,RQ3,87,8.23,36.97,8.23,37.30862498283386,"['Standard', '320p', 30, '10s']",0.0,37.30852293968201,0.0,"{""amp"": ""0"", ""aq-mode"": ""1"", ""aq-strength"": ""0.0"", ""b-adapt"": ""2"", ""bframes"": ""8"", ""crf"": ""22.0"", ""ctu"": ""32"", ""keyint"": ""157"", ""limit-refs"": ""0"", ""limit-tu"": ""3"", ""me"": ""umh"", ""merange"": ""56"", ""open-gop"": ""1"", ""psy-rd"": ""2.5"", ""psy-rdoq"": ""2.0"", ""qcomp"": ""0.8"", ""qpmax"": ""43"", ""qpmin"": ""4"", ""rc-lookahead"": ""55"", ""rd"": ""5"", ""rdoq-level"": ""2"", ""rect"": ""0"", ""ref"": ""4"", ""rskip"": ""0"", ""sao"": ""1"", ""scenecut"": ""30"", ""subme"": ""3"", ""tu-inter-depth"": ""2"", ""tu-intra-depth"": ""2"", ""weightb"": ""1"", ""weightp"": ""0"", ""wpp"": ""0""}"
x265,lf09_hard01,"lambda_f=0.9, hard=0.1",16031,RQ3,88,127.83,2.44,127.83,2.76774001121521,"['Standard', '320p', 30, '10s']",0.0,2.7676451206207275,0.0,"{""amp"": ""0"", ""aq-mode"": ""1"", ""aq-strength"": ""1.8"", ""b-adapt"": ""1"", ""bframes"": ""4"", ""crf"": ""30.0"", ""ctu"": ""32"", ""keyint"": ""459"", ""limit-refs"": ""1"", ""limit-tu"": ""4"", ""me"": ""star"", ""merange"": ""45"", ""open-gop"": ""0"", ""psy-rd"": ""1.0"", ""psy-rdoq"": ""3.0"", ""qcomp"": ""0.75"", ""qpmax"": ""43"", ""qpmin"": ""9"", ""rc-lookahead"": ""51"", ""rd"": ""3"", ""rdoq-level"": ""1"", ""rect"": ""1"", ""ref"": ""1"", ""rskip"": ""1"", ""sao"": ""1"", ""scenecut"": ""12"", ""subme"": ""2"", ""tu-inter-depth"": ""3"", ""tu-intra-depth"": ""4"", ""weightb"": ""0"", ""weightp"": ""1"", ""wpp"": ""0""}"
x265,lf09_hard01,"lambda_f=0.9, hard=0.1",16031,RQ3,89,15.96,19.11,15.96,19.441341638565063,"['Standard', '320p', 30, '10s']",0.0,19.441248893737793,0.0,"{""amp"": ""0"", ""aq-mode"": ""3"", ""aq-strength"": ""1.0"", ""b-adapt"": ""0"", ""bframes"": ""1"", ""crf"": ""28.0"", ""ctu"": ""64"", ""keyint"": ""432"", ""limit-refs"": ""1"", ""limit-tu"": ""4"", ""me"": ""star"", ""merange"": ""19"", ""open-gop"": ""1"", ""psy-rd"": ""4.0"", ""psy-rdoq"": ""0.5"", ""qcomp"": ""0.7"", ""qpmax"": ""43"", ""qpmin"": ""9"", ""rc-lookahead"": ""52"", ""rd"": ""6"", ""rdoq-level"": ""1"", ""rect"": ""1"", ""ref"": ""4"", ""rskip"": ""1"", ""sao"": ""0"", ""scenecut"": ""12"", ""subme"": ""2"", ""tu-inter-depth"": ""3"", ""tu-intra-depth"": ""2"", ""weightb"": ""1"", ""weightp"": ""1"", ""wpp"": ""0""}"
x265,lf09_hard01,"lambda_f=0.9, hard=0.1",16031,RQ3,90,99.78,3.14,99.78,3.518134593963623,"['Standard', '320p', 30, '10s']",0.0,3.5180206298828125,0.0,"{""amp"": ""1"", ""aq-mode"": ""2"", ""aq-strength"": ""0.5"", ""b-adapt"": ""0"", ""bframes"": ""8"", ""crf"": ""28.0"", ""ctu"": ""32"", ""keyint"": ""168"", ""limit-refs"": ""0"", ""limit-tu"": ""2"", ""me"": ""hex"", ""merange"": ""32"", ""open-gop"": ""1"", ""psy-rd"": ""2.5"", ""psy-rdoq"": ""1.5"", ""qcomp"": ""0.5"", ""qpmax"": ""50"", ""qpmin"": ""16"", ""rc-lookahead"": ""47"", ""rd"": ""3"", ""rdoq-level"": ""0"", ""rect"": ""0"", ""ref"": ""3"", ""rskip"": ""1"", ""sao"": ""1"", ""scenecut"": ""76"", ""subme"": ""5"", ""tu-inter-depth"": ""3"", ""tu-intra-depth"": ""3"", ""weightb"": ""1"", ""weightp"": ""0"", ""wpp"": ""1""}"
x265,lf09_hard01,"lambda_f=0.9, hard=0.1",16031,RQ3,91,61.26,5.02,61.26,5.353698015213013,"['Standard', '320p', 30, '10s']",0.0,5.353600025177002,0.0,"{""amp"": ""0"", ""aq-mode"": ""4"", ""aq-strength"": ""1.2"", ""b-adapt"": ""1"", ""bframes"": ""1"", ""crf"": ""28.0"", ""ctu"": ""64"", ""keyint"": ""291"", ""limit-refs"": ""1"", ""limit-tu"": ""1"", ""me"": ""hex"", ""merange"": ""40"", ""open-gop"": ""1"", ""psy-rd"": ""0.5"", ""psy-rdoq"": ""1.0"", ""qcomp"": ""0.75"", ""qpmax"": ""39"", ""qpmin"": ""14"", ""rc-lookahead"": ""30"", ""rd"": ""3"", ""rdoq-level"": ""2"", ""rect"": ""0"", ""ref"": ""4"", ""rskip"": ""1"", ""sao"": ""1"", ""scenecut"": ""15"", ""subme"": ""4"", ""tu-inter-depth"": ""4"", ""tu-intra-depth"": ""2"", ""weightb"": ""1"", ""weightp"": ""0"", ""wpp"": ""1""}"
x265,lf09_hard01,"lambda_f=0.9, hard=0.1",16031,RQ3,92,18.61,16.39,18.61,16.73685884475708,"['Standard', '320p', 30, '10s']",0.0,16.736758708953857,0.0,"{""amp"": ""1"", ""aq-mode"": ""2"", ""aq-strength"": ""0.8"", ""b-adapt"": ""1"", ""bframes"": ""6"", ""crf"": ""20.0"", ""ctu"": ""64"", ""keyint"": ""144"", ""limit-refs"": ""1"", ""limit-tu"": ""4"", ""me"": ""hex"", ""merange"": ""53"", ""open-gop"": ""1"", ""psy-rd"": ""2.0"", ""psy-rdoq"": ""2.0"", ""qcomp"": ""0.75"", ""qpmax"": ""28"", ""qpmin"": ""3"", ""rc-lookahead"": ""11"", ""rd"": ""4"", ""rdoq-level"": ""1"", ""rect"": ""1"", ""ref"": ""5"", ""rskip"": ""0"", ""sao"": ""1"", ""scenecut"": ""24"", ""subme"": ""4"", ""tu-inter-depth"": ""4"", ""tu-intra-depth"": ""3"", ""weightb"": ""0"", ""weightp"": ""1"", ""wpp"": ""1""}"
x265,lf09_hard01,"lambda_f=0.9, hard=0.1",16031,RQ3,93,8.88,34.28,8.88,34.62450456619263,"['Standard', '320p', 30, '10s']",0.0,34.62440085411072,0.0,"{""amp"": ""0"", ""aq-mode"": ""1"", ""aq-strength"": ""1.2"", ""b-adapt"": ""0"", ""bframes"": ""6"", ""crf"": ""25.0"", ""ctu"": ""64"", ""keyint"": ""449"", ""limit-refs"": ""1"", ""limit-tu"": ""2"", ""me"": ""star"", ""merange"": ""18"", ""open-gop"": ""0"", ""psy-rd"": ""1.5"", ""psy-rdoq"": ""3.5"", ""qcomp"": ""1.0"", ""qpmax"": ""21"", ""qpmin"": ""12"", ""rc-lookahead"": ""31"", ""rd"": ""5"", ""rdoq-level"": ""0"", ""rect"": ""0"", ""ref"": ""4"", ""rskip"": ""0"", ""sao"": ""1"", ""scenecut"": ""88"", ""subme"": ""3"", ""tu-inter-depth"": ""3"", ""tu-intra-depth"": ""3"", ""weightb"": ""1"", ""weightp"": ""0"", ""wpp"": ""0""}"
x265,lf09_hard01,"lambda_f=0.9, hard=0.1",16031,RQ3,94,71.01,4.33,71.01,4.662860870361328,"['Standard', '320p', 30, '10s']",0.0,4.662767648696899,0.0,"{""amp"": ""0"", ""aq-mode"": ""2"", ""aq-strength"": ""1.5"", ""b-adapt"": ""1"", ""bframes"": ""8"", ""crf"": ""28.0"", ""ctu"": ""32"", ""keyint"": ""390"", ""limit-refs"": ""2"", ""limit-tu"": ""3"", ""me"": ""dia"", ""merange"": ""27"", ""open-gop"": ""1"", ""psy-rd"": ""0.0"", ""psy-rdoq"": ""2.5"", ""qcomp"": ""0.9"", ""qpmax"": ""38"", ""qpmin"": ""5"", ""rc-lookahead"": ""33"", ""rd"": ""3"", ""rdoq-level"": ""1"", ""rect"": ""1"", ""ref"": ""6"", ""rskip"": ""1"", ""sao"": ""0"", ""scenecut"": ""66"", ""subme"": ""3"", ""tu-inter-depth"": ""2"", ""tu-intra-depth"": ""3"", ""weightb"": ""0"", ""weightp"": ""1"", ""wpp"": ""1""}"
x265,lf09_hard01,"lambda_f=0.9, hard=0.1",16031,RQ3,95,16.62,18.35,16.62,18.74121594429016,"['Standard', '320p', 30, '10s']",0.0,18.74106788635254,0.0,"{""amp"": ""0"", ""aq-mode"": ""4"", ""aq-strength"": ""1.8"", ""b-adapt"": ""2"", ""bframes"": ""1"", ""crf"": ""18.0"", ""ctu"": ""32"", ""keyint"": ""267"", ""limit-refs"": ""0"", ""limit-tu"": ""1"", ""me"": ""hex"", ""merange"": ""19"", ""open-gop"": ""1"", ""psy-rd"": ""1.0"", ""psy-rdoq"": ""1.0"", ""qcomp"": ""1.0"", ""qpmax"": ""25"", ""qpmin"": ""7"", ""rc-lookahead"": ""54"", ""rd"": ""4"", ""rdoq-level"": ""1"", ""rect"": ""1"", ""ref"": ""2"", ""rskip"": ""0"", ""sao"": ""1"", ""scenecut"": ""86"", ""subme"": ""5"", ""tu-inter-depth"": ""3"", ""tu-intra-depth"": ""2"", ""weightb"": ""0"", ""weightp"": ""1"", ""wpp"": ""1""}"
x265,lf09_hard01,"lambda_f=0.9, hard=0.1",16031,RQ3,96,47.88,6.4,47.88,6.750663757324219,"['Standard', '320p', 30, '10s']",0.0,6.750568151473999,0.0,"{""amp"": ""1"", ""aq-mode"": ""1"", ""aq-strength"": ""0.8"", ""b-adapt"": ""0"", ""bframes"": ""2"", ""crf"": ""25.0"", ""ctu"": ""16"", ""keyint"": ""273"", ""limit-refs"": ""1"", ""limit-tu"": ""2"", ""me"": ""star"", ""merange"": ""29"", ""open-gop"": ""1"", ""psy-rd"": ""2.5"", ""psy-rdoq"": ""5.0"", ""qcomp"": ""0.7"", ""qpmax"": ""27"", ""qpmin"": ""12"", ""rc-lookahead"": ""55"", ""rd"": ""3"", ""rdoq-level"": ""1"", ""rect"": ""0"", ""ref"": ""2"", ""rskip"": ""1"", ""sao"": ""1"", ""scenecut"": ""27"", ""subme"": ""5"", ""tu-inter-depth"": ""2"", ""tu-intra-depth"": ""3"", ""weightb"": ""1"", ""weightp"": ""0"", ""wpp"": ""1""}"
x265,lf09_hard01,"lambda_f=0.9, hard=0.1",16031,RQ3,97,24.94,12.25,24.94,12.616660594940186,"['Standard', '320p', 30, '10s']",0.0,12.61656665802002,0.0,"{""amp"": ""0"", ""aq-mode"": ""3"", ""aq-strength"": ""1.0"", ""b-adapt"": ""1"", ""bframes"": ""8"", ""crf"": ""22.0"", ""ctu"": ""32"", ""keyint"": ""126"", ""limit-refs"": ""3"", ""limit-tu"": ""4"", ""me"": ""umh"", ""merange"": ""35"", ""open-gop"": ""0"", ""psy-rd"": ""2.5"", ""psy-rdoq"": ""1.5"", ""qcomp"": ""0.7"", ""qpmax"": ""34"", ""qpmin"": ""6"", ""rc-lookahead"": ""52"", ""rd"": ""5"", ""rdoq-level"": ""0"", ""rect"": ""0"", ""ref"": ""2"", ""rskip"": ""1"", ""sao"": ""0"", ""scenecut"": ""68"", ""subme"": ""4"", ""tu-inter-depth"": ""3"", ""tu-intra-depth"": ""1"", ""weightb"": ""0"", ""weightp"": ""0"", ""wpp"": ""1""}"
x265,lf09_hard01,"lambda_f=0.9, hard=0.1",16031,RQ3,98,19.48,15.66,19.48,15.993077039718628,"['Standard', '320p', 30, '10s']",0.0,15.992976903915405,0.0,"{""amp"": ""1"", ""aq-mode"": ""1"", ""aq-strength"": ""0.5"", ""b-adapt"": ""1"", ""bframes"": ""4"", ""crf"": ""20.0"", ""ctu"": ""32"", ""keyint"": ""279"", ""limit-refs"": ""0"", ""limit-tu"": ""4"", ""me"": ""star"", ""merange"": ""56"", ""open-gop"": ""1"", ""psy-rd"": ""2.0"", ""psy-rdoq"": ""5.0"", ""qcomp"": ""0.5"", ""qpmax"": ""37"", ""qpmin"": ""10"", ""rc-lookahead"": ""29"", ""rd"": ""4"", ""rdoq-level"": ""0"", ""rect"": ""1"", ""ref"": ""4"", ""rskip"": ""0"", ""sao"": ""1"", ""scenecut"": ""72"", ""subme"": ""4"", ""tu-inter-depth"": ""1"", ""tu-intra-depth"": ""3"", ""weightb"": ""0"", ""weightp"": ""1"", ""wpp"": ""1""}"
x265,lf09_hard01,"lambda_f=0.9, hard=0.1",16031,RQ3,99,50.32,6.1,50.32,6.436795473098755,"['Standard', '320p', 30, '10s']",0.0,6.436699628829956,0.0,"{""amp"": ""0"", ""aq-mode"": ""4"", ""aq-strength"": ""1.5"", ""b-adapt"": ""2"", ""bframes"": ""6"", ""crf"": ""30.0"", ""ctu"": ""32"", ""keyint"": ""384"", ""limit-refs"": ""3"", ""limit-tu"": ""0"", ""me"": ""umh"", ""merange"": ""60"", ""open-gop"": ""1"", ""psy-rd"": ""1.5"", ""psy-rdoq"": ""0.0"", ""qcomp"": ""1.0"", ""qpmax"": ""46"", ""qpmin"": ""12"", ""rc-lookahead"": ""20"", ""rd"": ""4"", ""rdoq-level"": ""1"", ""rect"": ""0"", ""ref"": ""3"", ""rskip"": ""1"", ""sao"": ""1"", ""scenecut"": ""13"", ""subme"": ""1"", ""tu-inter-depth"": ""3"", ""tu-intra-depth"": ""1"", ""weightb"": ""1"", ""weightp"": ""0"", ""wpp"": ""1""}"
x265,lf09_hard01,"lambda_f=0.9, hard=0.1",16031,RQ3,100,100.03,3.1,100.03,3.4249820709228516,"['Standard', '320p', 30, '10s']",0.0,3.4248874187469482,0.0,"{""amp"": ""0"", ""aq-mode"": ""2"", ""aq-strength"": ""1.0"", ""b-adapt"": ""1"", ""bframes"": ""6"", ""crf"": ""28.0"", ""ctu"": ""32"", ""keyint"": ""384"", ""limit-refs"": ""1"", ""limit-tu"": ""2"", ""me"": ""dia"", ""merange"": ""45"", ""open-gop"": ""0"", ""psy-rd"": ""3.5"", ""psy-rdoq"": ""3.5"", ""qcomp"": ""0.75"", ""qpmax"": ""42"", ""qpmin"": ""5"", ""rc-lookahead"": ""17"", ""rd"": ""3"", ""rdoq-level"": ""0"", ""rect"": ""0"", ""ref"": ""6"", ""rskip"": ""1"", ""sao"": ""0"", ""scenecut"": ""43"", ""subme"": ""1"", ""tu-inter-depth"": ""2"", ""tu-intra-depth"": ""2"", ""weightb"": ""0"", ""weightp"": ""1"", ""wpp"": ""0""}"
x265,lf09_hard01,"lambda_f=0.9, hard=0.1",16031,RQ3,101,32.43,9.43,32.43,9.772459030151367,"['Standard', '320p', 30, '10s']",0.0,9.772347688674927,0.0,"{""amp"": ""1"", ""aq-mode"": ""2"", ""aq-strength"": ""0.5"", ""b-adapt"": ""2"", ""bframes"": ""1"", ""crf"": ""18.0"", ""ctu"": ""32"", ""keyint"": ""252"", ""limit-refs"": ""1"", ""limit-tu"": ""1"", ""me"": ""umh"", ""merange"": ""55"", ""open-gop"": ""0"", ""psy-rd"": ""2.5"", ""psy-rdoq"": ""0.5"", ""qcomp"": ""1.0"", ""qpmax"": ""39"", ""qpmin"": ""16"", ""rc-lookahead"": ""17"", ""rd"": ""4"", ""rdoq-level"": ""0"", ""rect"": ""0"", ""ref"": ""2"", ""rskip"": ""1"", ""sao"": ""1"", ""scenecut"": ""33"", ""subme"": ""4"", ""tu-inter-depth"": ""3"", ""tu-intra-depth"": ""1"", ""weightb"": ""0"", ""weightp"": ""0"", ""wpp"": ""0""}"
x265,lf09_hard01,"lambda_f=0.9, hard=0.1",16031,RQ3,102,30.04,10.18,30.04,10.523901462554932,"['Standard', '320p', 30, '10s']",0.0,10.523802995681763,0.0,"{""amp"": ""0"", ""aq-mode"": ""0"", ""aq-strength"": ""1.8"", ""b-adapt"": ""0"", ""bframes"": ""8"", ""crf"": ""28.0"", ""ctu"": ""32"", ""keyint"": ""362"", ""limit-refs"": ""1"", ""limit-tu"": ""4"", ""me"": ""dia"", ""merange"": ""42"", ""open-gop"": ""0"", ""psy-rd"": ""1.0"", ""psy-rdoq"": ""1.5"", ""qcomp"": ""0.5"", ""qpmax"": ""28"", ""qpmin"": ""7"", ""rc-lookahead"": ""24"", ""rd"": ""3"", ""rdoq-level"": ""1"", ""rect"": ""1"", ""ref"": ""3"", ""rskip"": ""0"", ""sao"": ""1"", ""scenecut"": ""30"", ""subme"": ""4"", ""tu-inter-depth"": ""3"", ""tu-intra-depth"": ""4"", ""weightb"": ""1"", ""weightp"": ""1"", ""wpp"": ""0""}"
x265,lf09_hard01,"lambda_f=0.9, hard=0.1",16031,RQ3,103,12.17,25.03,12.17,25.369466304779053,"['Standard', '320p', 30, '10s']",0.0,25.369373083114624,0.0,"{""amp"": ""0"", ""aq-mode"": ""3"", ""aq-strength"": ""1.2"", ""b-adapt"": ""2"", ""bframes"": ""3"", ""crf"": ""30.0"", ""ctu"": ""64"", ""keyint"": ""418"", ""limit-refs"": ""1"", ""limit-tu"": ""1"", ""me"": ""full"", ""merange"": ""44"", ""open-gop"": ""1"", ""psy-rd"": ""1.5"", ""psy-rdoq"": ""4.5"", ""qcomp"": ""0.5"", ""qpmax"": ""32"", ""qpmin"": ""12"", ""rc-lookahead"": ""57"", ""rd"": ""3"", ""rdoq-level"": ""0"", ""rect"": ""0"", ""ref"": ""6"", ""rskip"": ""0"", ""sao"": ""1"", ""scenecut"": ""47"", ""subme"": ""2"", ""tu-inter-depth"": ""3"", ""tu-intra-depth"": ""2"", ""weightb"": ""0"", ""weightp"": ""0"", ""wpp"": ""1""}"
x265,lf09_hard01,"lambda_f=0.9, hard=0.1",16031,RQ3,104,65.68,4.68,65.68,5.023738384246826,"['Standard', '320p', 30, '10s']",0.0,5.023637771606445,0.0,"{""amp"": ""0"", ""aq-mode"": ""2"", ""aq-strength"": ""1.0"", ""b-adapt"": ""0"", ""bframes"": ""7"", ""crf"": ""32.0"", ""ctu"": ""32"", ""keyint"": ""161"", ""limit-refs"": ""2"", ""limit-tu"": ""3"", ""me"": ""hex"", ""merange"": ""62"", ""open-gop"": ""1"", ""psy-rd"": ""1.5"", ""psy-rdoq"": ""0.0"", ""qcomp"": ""0.6"", ""qpmax"": ""27"", ""qpmin"": ""19"", ""rc-lookahead"": ""40"", ""rd"": ""4"", ""rdoq-level"": ""0"", ""rect"": ""0"", ""ref"": ""1"", ""rskip"": ""1"", ""sao"": ""1"", ""scenecut"": ""58"", ""subme"": ""4"", ""tu-inter-depth"": ""3"", ""tu-intra-depth"": ""2"", ""weightb"": ""1"", ""weightp"": ""1"", ""wpp"": ""1""}"
x265,lf09_hard01,"lambda_f=0.9, hard=0.1",16031,RQ3,105,28.75,10.63,28.75,11.168792963027954,"['Standard', '320p', 30, '10s']",0.0,11.168686628341675,0.0,"{""amp"": ""1"", ""aq-mode"": ""0"", ""aq-strength"": ""1.8"", ""b-adapt"": ""1"", ""bframes"": ""0"", ""crf"": ""32.0"", ""ctu"": ""64"", ""keyint"": ""219"", ""limit-refs"": ""0"", ""limit-tu"": ""0"", ""me"": ""dia"", ""merange"": ""20"", ""open-gop"": ""0"", ""psy-rd"": ""0.5"", ""psy-rdoq"": ""2.0"", ""qcomp"": ""0.7"", ""qpmax"": ""22"", ""qpmin"": ""1"", ""rc-lookahead"": ""16"", ""rd"": ""3"", ""rdoq-level"": ""0"", ""rect"": ""0"", ""ref"": ""1"", ""rskip"": ""1"", ""sao"": ""0"", ""scenecut"": ""0"", ""subme"": ""2"", ""tu-inter-depth"": ""3"", ""tu-intra-depth"": ""1"", ""weightb"": ""0"", ""weightp"": ""0"", ""wpp"": ""1""}"
x265,lf09_hard01,"lambda_f=0.9, hard=0.1",16031,RQ3,106,62.63,4.91,62.63,5.24377703666687,"['Standard', '320p', 30, '10s']",0.0,5.243682384490967,0.0,"{""amp"": ""1"", ""aq-mode"": ""1"", ""aq-strength"": ""2.0"", ""b-adapt"": ""0"", ""bframes"": ""5"", ""crf"": ""20.0"", ""ctu"": ""64"", ""keyint"": ""442"", ""limit-refs"": ""3"", ""limit-tu"": ""3"", ""me"": ""star"", ""merange"": ""48"", ""open-gop"": ""0"", ""psy-rd"": ""2.5"", ""psy-rdoq"": ""5.0"", ""qcomp"": ""0.9"", ""qpmax"": ""44"", ""qpmin"": ""13"", ""rc-lookahead"": ""23"", ""rd"": ""3"", ""rdoq-level"": ""0"", ""rect"": ""0"", ""ref"": ""5"", ""rskip"": ""0"", ""sao"": ""1"", ""scenecut"": ""69"", ""subme"": ""2"", ""tu-inter-depth"": ""3"", ""tu-intra-depth"": ""2"", ""weightb"": ""1"", ""weightp"": ""1"", ""wpp"": ""0""}"
x265,lf09_hard01,"lambda_f=0.9, hard=0.1",16031,RQ3,107,9.4,32.41,9.4,32.75250744819641,"['Standard', '320p', 30, '10s']",0.0,32.752399921417236,0.0,"{""amp"": ""0"", ""aq-mode"": ""4"", ""aq-strength"": ""0.8"", ""b-adapt"": ""2"", ""bframes"": ""2"", ""crf"": ""20.0"", ""ctu"": ""64"", ""keyint"": ""405"", ""limit-refs"": ""1"", ""limit-tu"": ""3"", ""me"": ""hex"", ""merange"": ""57"", ""open-gop"": ""0"", ""psy-rd"": ""2.0"", ""psy-rdoq"": ""4.0"", ""qcomp"": ""0.7"", ""qpmax"": ""45"", ""qpmin"": ""19"", ""rc-lookahead"": ""30"", ""rd"": ""5"", ""rdoq-level"": ""2"", ""rect"": ""1"", ""ref"": ""4"", ""rskip"": ""1"", ""sao"": ""0"", ""scenecut"": ""94"", ""subme"": ""4"", ""tu-inter-depth"": ""4"", ""tu-intra-depth"": ""4"", ""weightb"": ""0"", ""weightp"": ""1"", ""wpp"": ""1""}"
x265,lf09_hard01,"lambda_f=0.9, hard=0.1",16031,RQ3,108,32.23,9.49,32.23,9.829021453857422,"['Standard', '320p', 30, '10s']",0.0,9.828924655914307,0.0,"{""amp"": ""1"", ""aq-mode"": ""3"", ""aq-strength"": ""1.2"", ""b-adapt"": ""1"", ""bframes"": ""3"", ""crf"": ""22.0"", ""ctu"": ""32"", ""keyint"": ""242"", ""limit-refs"": ""2"", ""limit-tu"": ""3"", ""me"": ""umh"", ""merange"": ""49"", ""open-gop"": ""0"", ""psy-rd"": ""3.5"", ""psy-rdoq"": ""3.5"", ""qcomp"": ""0.6"", ""qpmax"": ""50"", ""qpmin"": ""17"", ""rc-lookahead"": ""38"", ""rd"": ""3"", ""rdoq-level"": ""1"", ""rect"": ""0"", ""ref"": ""6"", ""rskip"": ""1"", ""sao"": ""1"", ""scenecut"": ""40"", ""subme"": ""4"", ""tu-inter-depth"": ""2"", ""tu-intra-depth"": ""1"", ""weightb"": ""0"", ""weightp"": ""1"", ""wpp"": ""0""}"
x265,lf09_hard01,"lambda_f=0.9, hard=0.1",16031,RQ3,109,48.91,6.27,48.91,6.609588623046875,"['Standard', '320p', 30, '10s']",0.0,6.609491348266602,0.0,"{""amp"": ""0"", ""aq-mode"": ""3"", ""aq-strength"": ""0.5"", ""b-adapt"": ""2"", ""bframes"": ""6"", ""crf"": ""25.0"", ""ctu"": ""16"", ""keyint"": ""364"", ""limit-refs"": ""3"", ""limit-tu"": ""0"", ""me"": ""umh"", ""merange"": ""39"", ""open-gop"": ""0"", ""psy-rd"": ""1.5"", ""psy-rdoq"": ""4.5"", ""qcomp"": ""0.8"", ""qpmax"": ""39"", ""qpmin"": ""13"", ""rc-lookahead"": ""27"", ""rd"": ""3"", ""rdoq-level"": ""1"", ""rect"": ""0"", ""ref"": ""1"", ""rskip"": ""1"", ""sao"": ""1"", ""scenecut"": ""51"", ""subme"": ""3"", ""tu-inter-depth"": ""2"", ""tu-intra-depth"": ""3"", ""weightb"": ""0"", ""weightp"": ""1"", ""wpp"": ""0""}"
x265,lf09_hard01,"lambda_f=0.9, hard=0.1",16031,RQ3,110,30.06,10.17,30.06,10.505890369415283,"['Standard', '320p', 30, '10s']",0.0,10.5057954788208,0.0,"{""amp"": ""0"", ""aq-mode"": ""2"", ""aq-strength"": ""1.0"", ""b-adapt"": ""2"", ""bframes"": ""6"", ""crf"": ""20.0"", ""ctu"": ""64"", ""keyint"": ""313"", ""limit-refs"": ""1"", ""limit-tu"": ""1"", ""me"": ""hex"", ""merange"": ""57"", ""open-gop"": ""1"", ""psy-rd"": ""0.5"", ""psy-rdoq"": ""0.0"", ""qcomp"": ""0.9"", ""qpmax"": ""42"", ""qpmin"": ""19"", ""rc-lookahead"": ""58"", ""rd"": ""3"", ""rdoq-level"": ""1"", ""rect"": ""0"", ""ref"": ""6"", ""rskip"": ""1"", ""sao"": ""0"", ""scenecut"": ""21"", ""subme"": ""2"", ""tu-inter-depth"": ""3"", ""tu-intra-depth"": ""3"", ""weightb"": ""0"", ""weightp"": ""1"", ""wpp"": ""1""}"
x265,lf09_hard01,"lambda_f=0.9, hard=0.1",16031,RQ3,111,17.38,17.55,17.38,17.886306285858154,"['Standard', '320p', 30, '10s']",0.0,17.88620924949646,0.0,"{""amp"": ""1"", ""aq-mode"": ""2"", ""aq-strength"": ""0.8"", ""b-adapt"": ""0"", ""bframes"": ""5"", ""crf"": ""18.0"", ""ctu"": ""16"", ""keyint"": ""106"", ""limit-refs"": ""1"", ""limit-tu"": ""4"", ""me"": ""umh"", ""merange"": ""51"", ""open-gop"": ""0"", ""psy-rd"": ""4.0"", ""psy-rdoq"": ""4.5"", ""qcomp"": ""0.8"", ""qpmax"": ""43"", ""qpmin"": ""9"", ""rc-lookahead"": ""50"", ""rd"": ""4"", ""rdoq-level"": ""1"", ""rect"": ""1"", ""ref"": ""4"", ""rskip"": ""1"", ""sao"": ""1"", ""scenecut"": ""45"", ""subme"": ""5"", ""tu-inter-depth"": ""3"", ""tu-intra-depth"": ""1"", ""weightb"": ""1"", ""weightp"": ""1"", ""wpp"": ""0""}"
x265,lf09_hard01,"lambda_f=0.9, hard=0.1",16031,RQ3,112,29.46,10.37,29.46,10.710686206817627,"['Standard', '320p', 30, '10s']",0.0,10.710593223571777,0.0,"{""amp"": ""1"", ""aq-mode"": ""0"", ""aq-strength"": ""0.5"", ""b-adapt"": ""0"", ""bframes"": ""4"", ""crf"": ""22.0"", ""ctu"": ""32"", ""keyint"": ""260"", ""limit-refs"": ""2"", ""limit-tu"": ""1"", ""me"": ""hex"", ""merange"": ""22"", ""open-gop"": ""1"", ""psy-rd"": ""2.0"", ""psy-rdoq"": ""0.5"", ""qcomp"": ""0.75"", ""qpmax"": ""22"", ""qpmin"": ""13"", ""rc-lookahead"": ""55"", ""rd"": ""4"", ""rdoq-level"": ""1"", ""rect"": ""1"", ""ref"": ""1"", ""rskip"": ""1"", ""sao"": ""1"", ""scenecut"": ""34"", ""subme"": ""2"", ""tu-inter-depth"": ""1"", ""tu-intra-depth"": ""3"", ""weightb"": ""0"", ""weightp"": ""0"", ""wpp"": ""0""}"
x265,lf09_hard01,"lambda_f=0.9, hard=0.1",16031,RQ3,113,12.04,25.31,12.04,25.64846181869507,"['Standard', '320p', 30, '10s']",0.0,25.64835810661316,0.0,"{""amp"": ""0"", ""aq-mode"": ""1"", ""aq-strength"": ""1.0"", ""b-adapt"": ""1"", ""bframes"": ""3"", ""crf"": ""25.0"", ""ctu"": ""32"", ""keyint"": ""300"", ""limit-refs"": ""0"", ""limit-tu"": ""2"", ""me"": ""hex"", ""merange"": ""24"", ""open-gop"": ""0"", ""psy-rd"": ""0.0"", ""psy-rdoq"": ""0.5"", ""qcomp"": ""0.5"", ""qpmax"": ""34"", ""qpmin"": ""14"", ""rc-lookahead"": ""20"", ""rd"": ""5"", ""rdoq-level"": ""2"", ""rect"": ""1"", ""ref"": ""1"", ""rskip"": ""0"", ""sao"": ""1"", ""scenecut"": ""55"", ""subme"": ""4"", ""tu-inter-depth"": ""3"", ""tu-intra-depth"": ""3"", ""weightb"": ""0"", ""weightp"": ""1"", ""wpp"": ""0""}"
x265,lf09_hard01,"lambda_f=0.9, hard=0.1",16031,RQ3,114,33.98,9.0,33.98,9.351603269577026,"['Standard', '320p', 30, '10s']",0.0,9.35150957107544,0.0,"{""amp"": ""1"", ""aq-mode"": ""1"", ""aq-strength"": ""1.8"", ""b-adapt"": ""0"", ""bframes"": ""3"", ""crf"": ""22.0"", ""ctu"": ""32"", ""keyint"": ""79"", ""limit-refs"": ""2"", ""limit-tu"": ""3"", ""me"": ""dia"", ""merange"": ""29"", ""open-gop"": ""0"", ""psy-rd"": ""2.5"", ""psy-rdoq"": ""0.0"", ""qcomp"": ""0.9"", ""qpmax"": ""22"", ""qpmin"": ""6"", ""rc-lookahead"": ""60"", ""rd"": ""4"", ""rdoq-level"": ""1"", ""rect"": ""0"", ""ref"": ""4"", ""rskip"": ""0"", ""sao"": ""0"", ""scenecut"": ""90"", ""subme"": ""4"", ""tu-inter-depth"": ""2"", ""tu-intra-depth"": ""3"", ""weightb"": ""1"", ""weightp"": ""0"", ""wpp"": ""0""}"
x265,lf09_hard01,"lambda_f=0.9, hard=0.1",16031,RQ3,115,4.08,74.55,4.08,74.89446449279785,"['Standard', '320p', 30, '10s']",0.0,74.89436364173889,0.0,"{""amp"": ""0"", ""aq-mode"": ""3"", ""aq-strength"": ""0.8"", ""b-adapt"": ""0"", ""bframes"": ""1"", ""crf"": ""32.0"", ""ctu"": ""32"", ""keyint"": ""395"", ""limit-refs"": ""1"", ""limit-tu"": ""1"", ""me"": ""full"", ""merange"": ""39"", ""open-gop"": ""0"", ""psy-rd"": ""0.5"", ""psy-rdoq"": ""3.5"", ""qcomp"": ""0.5"", ""qpmax"": ""26"", ""qpmin"": ""10"", ""rc-lookahead"": ""12"", ""rd"": ""5"", ""rdoq-level"": ""2"", ""rect"": ""0"", ""ref"": ""3"", ""rskip"": ""1"", ""sao"": ""0"", ""scenecut"": ""26"", ""subme"": ""2"", ""tu-inter-depth"": ""2"", ""tu-intra-depth"": ""2"", ""weightb"": ""1"", ""weightp"": ""1"", ""wpp"": ""1""}"
x265,lf09_hard01,"lambda_f=0.9, hard=0.1",16031,RQ3,116,48.29,6.35,48.29,6.6888041496276855,"['Standard', '320p', 30, '10s']",0.0,6.688711166381836,0.0,"{""amp"": ""1"", ""aq-mode"": ""0"", ""aq-strength"": ""1.5"", ""b-adapt"": ""0"", ""bframes"": ""6"", ""crf"": ""25.0"", ""ctu"": ""16"", ""keyint"": ""39"", ""limit-refs"": ""0"", ""limit-tu"": ""1"", ""me"": ""umh"", ""merange"": ""53"", ""open-gop"": ""1"", ""psy-rd"": ""0.5"", ""psy-rdoq"": ""5.0"", ""qcomp"": ""0.9"", ""qpmax"": ""33"", ""qpmin"": ""17"", ""rc-lookahead"": ""40"", ""rd"": ""4"", ""rdoq-level"": ""1"", ""rect"": ""0"", ""ref"": ""4"", ""rskip"": ""1"", ""sao"": ""0"", ""scenecut"": ""10"", ""subme"": ""4"", ""tu-inter-depth"": ""3"", ""tu-intra-depth"": ""3"", ""weightb"": ""1"", ""weightp"": ""0"", ""wpp"": ""0""}"
x265,lf09_hard01,"lambda_f=0.9, hard=0.1",16031,RQ3,117,16.58,18.39,16.58,18.729756832122803,"['Standard', '320p', 30, '10s']",0.0,18.72965955734253,0.0,"{""amp"": ""0"", ""aq-mode"": ""1"", ""aq-strength"": ""1.8"", ""b-adapt"": ""1"", ""bframes"": ""1"", ""crf"": ""22.0"", ""ctu"": ""64"", ""keyint"": ""128"", ""limit-refs"": ""0"", ""limit-tu"": ""3"", ""me"": ""dia"", ""merange"": ""62"", ""open-gop"": ""1"", ""psy-rd"": ""4.0"", ""psy-rdoq"": ""4.5"", ""qcomp"": ""0.7"", ""qpmax"": ""43"", ""qpmin"": ""2"", ""rc-lookahead"": ""46"", ""rd"": ""5"", ""rdoq-level"": ""0"", ""rect"": ""1"", ""ref"": ""1"", ""rskip"": ""0"", ""sao"": ""1"", ""scenecut"": ""16"", ""subme"": ""2"", ""tu-inter-depth"": ""2"", ""tu-intra-depth"": ""1"", ""weightb"": ""0"", ""weightp"": ""1"", ""wpp"": ""0""}"
x265,lf09_hard01,"lambda_f=0.9, hard=0.1",16031,RQ3,118,48.87,6.28,48.87,6.629683256149292,"['Standard', '320p', 30, '10s']",0.0,6.629581451416016,0.0,"{""amp"": ""1"", ""aq-mode"": ""3"", ""aq-strength"": ""1.2"", ""b-adapt"": ""1"", ""bframes"": ""5"", ""crf"": ""18.0"", ""ctu"": ""64"", ""keyint"": ""280"", ""limit-refs"": ""3"", ""limit-tu"": ""3"", ""me"": ""hex"", ""merange"": ""29"", ""open-gop"": ""0"", ""psy-rd"": ""3.5"", ""psy-rdoq"": ""1.5"", ""qcomp"": ""0.6"", ""qpmax"": ""24"", ""qpmin"": ""5"", ""rc-lookahead"": ""19"", ""rd"": ""4"", ""rdoq-level"": ""0"", ""rect"": ""0"", ""ref"": ""5"", ""rskip"": ""1"", ""sao"": ""0"", ""scenecut"": ""19"", ""subme"": ""2"", ""tu-inter-depth"": ""4"", ""tu-intra-depth"": ""3"", ""weightb"": ""0"", ""weightp"": ""0"", ""wpp"": ""0""}"
x265,lf09_hard01,"lambda_f=0.9, hard=0.1",16031,RQ3,119,12.28,24.81,12.28,25.153932571411133,"['Standard', '320p', 30, '10s']",0.0,25.153834342956543,0.0,"{""amp"": ""0"", ""aq-mode"": ""3"", ""aq-strength"": ""1.5"", ""b-adapt"": ""2"", ""bframes"": ""3"", ""crf"": ""20.0"", ""ctu"": ""64"", ""keyint"": ""384"", ""limit-refs"": ""3"", ""limit-tu"": ""3"", ""me"": ""full"", ""merange"": ""31"", ""open-gop"": ""1"", ""psy-rd"": ""1.0"", ""psy-rdoq"": ""1.0"", ""qcomp"": ""0.6"", ""qpmax"": ""42"", ""qpmin"": ""5"", ""rc-lookahead"": ""26"", ""rd"": ""3"", ""rdoq-level"": ""1"", ""rect"": ""1"", ""ref"": ""5"", ""rskip"": ""1"", ""sao"": ""0"", ""scenecut"": ""64"", ""subme"": ""2"", ""tu-inter-depth"": ""3"", ""tu-intra-depth"": ""4"", ""weightb"": ""0"", ""weightp"": ""1"", ""wpp"": ""1""}"
x265,lf09_hard01,"lambda_f=0.9, hard=0.1",16031,RQ3,120,30.43,10.04,30.43,10.39279055595398,"['Standard', '320p', 30, '10s']",0.0,10.392691135406494,0.0,"{""amp"": ""1"", ""aq-mode"": ""0"", ""aq-strength"": ""1.2"", ""b-adapt"": ""2"", ""bframes"": ""0"", ""crf"": ""30.0"", ""ctu"": ""64"", ""keyint"": ""446"", ""limit-refs"": ""2"", ""limit-tu"": ""0"", ""me"": ""star"", ""merange"": ""54"", ""open-gop"": ""1"", ""psy-rd"": ""2.5"", ""psy-rdoq"": ""4.0"", ""qcomp"": ""0.7"", ""qpmax"": ""42"", ""qpmin"": ""2"", ""rc-lookahead"": ""22"", ""rd"": ""3"", ""rdoq-level"": ""2"", ""rect"": ""0"", ""ref"": ""4"", ""rskip"": ""0"", ""sao"": ""0"", ""scenecut"": ""96"", ""subme"": ""3"", ""tu-inter-depth"": ""3"", ""tu-intra-depth"": ""1"", ""weightb"": ""0"", ""weightp"": ""0"", ""wpp"": ""1""}"
x265,lf09_hard01,"lambda_f=0.9, hard=0.1",16031,RQ3,121,51.4,5.97,51.4,6.3043458461761475,"['Standard', '320p', 30, '10s']",0.0,6.304246425628662,0.0,"{""amp"": ""1"", ""aq-mode"": ""3"", ""aq-strength"": ""1.8"", ""b-adapt"": ""0"", ""bframes"": ""5"", ""crf"": ""28.0"", ""ctu"": ""32"", ""keyint"": ""270"", ""limit-refs"": ""2"", ""limit-tu"": ""3"", ""me"": ""hex"", ""merange"": ""55"", ""open-gop"": ""0"", ""psy-rd"": ""4.0"", ""psy-rdoq"": ""1.5"", ""qcomp"": ""0.7"", ""qpmax"": ""38"", ""qpmin"": ""17"", ""rc-lookahead"": ""37"", ""rd"": ""3"", ""rdoq-level"": ""1"", ""rect"": ""1"", ""ref"": ""1"", ""rskip"": ""0"", ""sao"": ""0"", ""scenecut"": ""81"", ""subme"": ""1"", ""tu-inter-depth"": ""3"", ""tu-intra-depth"": ""3"", ""weightb"": ""1"", ""weightp"": ""1"", ""wpp"": ""0""}"
x265,lf09_hard01,"lambda_f=0.9, hard=0.1",16031,RQ3,122,30.22,10.11,30.22,10.455013036727905,"['Standard', '320p', 30, '10s']",0.0,10.454917669296265,0.0,"{""amp"": ""0"", ""aq-mode"": ""2"", ""aq-strength"": ""1.5"", ""b-adapt"": ""1"", ""bframes"": ""3"", ""crf"": ""30.0"", ""ctu"": ""32"", ""keyint"": ""82"", ""limit-refs"": ""2"", ""limit-tu"": ""0"", ""me"": ""hex"", ""merange"": ""25"", ""open-gop"": ""1"", ""psy-rd"": ""3.5"", ""psy-rdoq"": ""2.0"", ""qcomp"": ""0.75"", ""qpmax"": ""25"", ""qpmin"": ""2"", ""rc-lookahead"": ""19"", ""rd"": ""4"", ""rdoq-level"": ""0"", ""rect"": ""0"", ""ref"": ""5"", ""rskip"": ""1"", ""sao"": ""0"", ""scenecut"": ""61"", ""subme"": ""5"", ""tu-inter-depth"": ""4"", ""tu-intra-depth"": ""2"", ""weightb"": ""1"", ""weightp"": ""1"", ""wpp"": ""1""}"
x265,lf09_hard01,"lambda_f=0.9, hard=0.1",16031,RQ3,123,13.68,22.28,13.68,22.6708402633667,"['Standard', '320p', 30, '10s']",0.0,22.67068648338318,0.0,"{""amp"": ""0"", ""aq-mode"": ""2"", ""aq-strength"": ""1.5"", ""b-adapt"": ""1"", ""bframes"": ""4"", ""crf"": ""25.0"", ""ctu"": ""32"", ""keyint"": ""374"", ""limit-refs"": ""0"", ""limit-tu"": ""0"", ""me"": ""umh"", ""merange"": ""33"", ""open-gop"": ""0"", ""psy-rd"": ""0.0"", ""psy-rdoq"": ""1.0"", ""qcomp"": ""0.75"", ""qpmax"": ""29"", ""qpmin"": ""16"", ""rc-lookahead"": ""54"", ""rd"": ""6"", ""rdoq-level"": ""0"", ""rect"": ""0"", ""ref"": ""3"", ""rskip"": ""0"", ""sao"": ""1"", ""scenecut"": ""50"", ""subme"": ""2"", ""tu-inter-depth"": ""3"", ""tu-intra-depth"": ""4"", ""weightb"": ""0"", ""weightp"": ""1"", ""wpp"": ""0""}"
x265,lf09_hard01,"lambda_f=0.9, hard=0.1",16031,RQ3,124,6.75,45.07,6.75,45.405635595321655,"['Standard', '320p', 30, '10s']",0.0,45.40553522109985,0.0,"{""amp"": ""0"", ""aq-mode"": ""0"", ""aq-strength"": ""2.0"", ""b-adapt"": ""2"", ""bframes"": ""0"", ""crf"": ""32.0"", ""ctu"": ""64"", ""keyint"": ""342"", ""limit-refs"": ""1"", ""limit-tu"": ""4"", ""me"": ""umh"", ""merange"": ""41"", ""open-gop"": ""0"", ""psy-rd"": ""1.5"", ""psy-rdoq"": ""5.0"", ""qcomp"": ""0.8"", ""qpmax"": ""26"", ""qpmin"": ""19"", ""rc-lookahead"": ""16"", ""rd"": ""5"", ""rdoq-level"": ""1"", ""rect"": ""1"", ""ref"": ""4"", ""rskip"": ""0"", ""sao"": ""1"", ""scenecut"": ""80"", ""subme"": ""1"", ""tu-inter-depth"": ""3"", ""tu-intra-depth"": ""3"", ""weightb"": ""0"", ""weightp"": ""0"", ""wpp"": ""0""}"
x265,lf09_hard01,"lambda_f=0.9, hard=0.1",16031,RQ3,125,41.18,7.44,41.18,7.78341007232666,"['Standard', '320p', 30, '10s']",0.0,7.783300399780273,0.0,"{""amp"": ""1"", ""aq-mode"": ""3"", ""aq-strength"": ""1.5"", ""b-adapt"": ""1"", ""bframes"": ""6"", ""crf"": ""20.0"", ""ctu"": ""32"", ""keyint"": ""462"", ""limit-refs"": ""3"", ""limit-tu"": ""4"", ""me"": ""umh"", ""merange"": ""50"", ""open-gop"": ""0"", ""psy-rd"": ""0.5"", ""psy-rdoq"": ""1.0"", ""qcomp"": ""0.5"", ""qpmax"": ""38"", ""qpmin"": ""11"", ""rc-lookahead"": ""52"", ""rd"": ""3"", ""rdoq-level"": ""1"", ""rect"": ""0"", ""ref"": ""5"", ""rskip"": ""1"", ""sao"": ""1"", ""scenecut"": ""7"", ""subme"": ""1"", ""tu-inter-depth"": ""3"", ""tu-intra-depth"": ""2"", ""weightb"": ""0"", ""weightp"": ""1"", ""wpp"": ""1""}"
x265,lf09_hard01,"lambda_f=0.9, hard=0.1",16031,RQ3,126,102.23,3.03,102.23,3.359008550643921,"['Standard', '320p', 30, '10s']",0.0,3.3589181900024414,0.0,"{""amp"": ""0"", ""aq-mode"": ""1"", ""aq-strength"": ""1.5"", ""b-adapt"": ""1"", ""bframes"": ""6"", ""crf"": ""30.0"", ""ctu"": ""32"", ""keyint"": ""472"", ""limit-refs"": ""2"", ""limit-tu"": ""3"", ""me"": ""hex"", ""merange"": ""53"", ""open-gop"": ""1"", ""psy-rd"": ""0.0"", ""psy-rdoq"": ""1.0"", ""qcomp"": ""0.8"", ""qpmax"": ""37"", ""qpmin"": ""11"", ""rc-lookahead"": ""39"", ""rd"": ""4"", ""rdoq-level"": ""1"", ""rect"": ""1"", ""ref"": ""6"", ""rskip"": ""1"", ""sao"": ""1"", ""scenecut"": ""48"", ""subme"": ""1"", ""tu-inter-depth"": ""2"", ""tu-intra-depth"": ""1"", ""weightb"": ""0"", ""weightp"": ""0"", ""wpp"": ""1""}"
x265,lf09_hard01,"lambda_f=0.9, hard=0.1",16031,RQ3,127,60.53,5.08,60.53,5.40936279296875,"['Standard', '320p', 30, '10s']",0.0,5.409270286560059,0.0,"{""amp"": ""1"", ""aq-mode"": ""2"", ""aq-strength"": ""0.8"", ""b-adapt"": ""1"", ""bframes"": ""0"", ""crf"": ""32.0"", ""ctu"": ""64"", ""keyint"": ""385"", ""limit-refs"": ""2"", ""limit-tu"": ""3"", ""me"": ""umh"", ""merange"": ""18"", ""open-gop"": ""0"", ""psy-rd"": ""2.5"", ""psy-rdoq"": ""3.0"", ""qcomp"": ""0.9"", ""qpmax"": ""50"", ""qpmin"": ""6"", ""rc-lookahead"": ""20"", ""rd"": ""4"", ""rdoq-level"": ""1"", ""rect"": ""0"", ""ref"": ""4"", ""rskip"": ""0"", ""sao"": ""1"", ""scenecut"": ""44"", ""subme"": ""2"", ""tu-inter-depth"": ""3"", ""tu-intra-depth"": ""2"", ""weightb"": ""0"", ""weightp"": ""1"", ""wpp"": ""0""}"
x265,lf09_hard01,"lambda_f=0.9, hard=0.1",16031,RQ3,128,32.42,9.44,32.42,9.840857744216919,"['Standard', '320p', 30, '10s']",0.0,9.84071397781372,0.0,"{""amp"": ""1"", ""aq-mode"": ""0"", ""aq-strength"": ""0.5"", ""b-adapt"": ""2"", ""bframes"": ""7"", ""crf"": ""22.0"", ""ctu"": ""16"", ""keyint"": ""277"", ""limit-refs"": ""0"", ""limit-tu"": ""1"", ""me"": ""star"", ""merange"": ""23"", ""open-gop"": ""0"", ""psy-rd"": ""2.5"", ""psy-rdoq"": ""4.0"", ""qcomp"": ""1.0"", ""qpmax"": ""29"", ""qpmin"": ""3"", ""rc-lookahead"": ""40"", ""rd"": ""3"", ""rdoq-level"": ""1"", ""rect"": ""0"", ""ref"": ""3"", ""rskip"": ""1"", ""sao"": ""0"", ""scenecut"": ""1"", ""subme"": ""2"", ""tu-inter-depth"": ""2"", ""tu-intra-depth"": ""3"", ""weightb"": ""0"", ""weightp"": ""1"", ""wpp"": ""0""}"
x265,lf09_hard01,"lambda_f=0.9, hard=0.1",16031,RQ3,129,12.62,24.14,12.62,24.475783824920654,"['Standard', '320p', 30, '10s']",0.0,24.47567915916443,0.0,"{""amp"": ""0"", ""aq-mode"": ""1"", ""aq-strength"": ""0.8"", ""b-adapt"": ""1"", ""bframes"": ""8"", ""crf"": ""32.0"", ""ctu"": ""16"", ""keyint"": ""178"", ""limit-refs"": ""2"", ""limit-tu"": ""2"", ""me"": ""umh"", ""merange"": ""21"", ""open-gop"": ""0"", ""psy-rd"": ""4.0"", ""psy-rdoq"": ""4.5"", ""qcomp"": ""0.9"", ""qpmax"": ""28"", ""qpmin"": ""4"", ""rc-lookahead"": ""16"", ""rd"": ""6"", ""rdoq-level"": ""1"", ""rect"": ""1"", ""ref"": ""5"", ""rskip"": ""1"", ""sao"": ""1"", ""scenecut"": ""82"", ""subme"": ""5"", ""tu-inter-depth"": ""3"", ""tu-intra-depth"": ""3"", ""weightb"": ""0"", ""weightp"": ""0"", ""wpp"": ""1""}"
x265,lf09_hard01,"lambda_f=0.9, hard=0.1",16031,RQ3,130,82.5,3.74,82.5,4.079017162322998,"['Standard', '320p', 30, '10s']",0.0,4.078921556472778,0.0,"{""amp"": ""1"", ""aq-mode"": ""3"", ""aq-strength"": ""2.0"", ""b-adapt"": ""0"", ""bframes"": ""0"", ""crf"": ""28.0"", ""ctu"": ""64"", ""keyint"": ""188"", ""limit-refs"": ""1"", ""limit-tu"": ""3"", ""me"": ""star"", ""merange"": ""44"", ""open-gop"": ""1"", ""psy-rd"": ""0.0"", ""psy-rdoq"": ""4.0"", ""qcomp"": ""0.6"", ""qpmax"": ""29"", ""qpmin"": ""5"", ""rc-lookahead"": ""19"", ""rd"": ""1"", ""rdoq-level"": ""0"", ""rect"": ""0"", ""ref"": ""1"", ""rskip"": ""0"", ""sao"": ""0"", ""scenecut"": ""97"", ""subme"": ""4"", ""tu-inter-depth"": ""2"", ""tu-intra-depth"": ""2"", ""weightb"": ""0"", ""weightp"": ""0"", ""wpp"": ""1""}"
x265,lf09_hard01,"lambda_f=0.9, hard=0.1",16031,RQ3,131,28.3,10.8,28.3,11.135568141937256,"['Standard', '320p', 30, '10s']",0.0,11.135464668273926,0.0,"{""amp"": ""1"", ""aq-mode"": ""3"", ""aq-strength"": ""1.0"", ""b-adapt"": ""2"", ""bframes"": ""5"", ""crf"": ""18.0"", ""ctu"": ""64"", ""keyint"": ""341"", ""limit-refs"": ""3"", ""limit-tu"": ""2"", ""me"": ""dia"", ""merange"": ""40"", ""open-gop"": ""1"", ""psy-rd"": ""3.5"", ""psy-rdoq"": ""0.0"", ""qcomp"": ""0.8"", ""qpmax"": ""32"", ""qpmin"": ""9"", ""rc-lookahead"": ""22"", ""rd"": ""3"", ""rdoq-level"": ""1"", ""rect"": ""0"", ""ref"": ""4"", ""rskip"": ""1"", ""sao"": ""1"", ""scenecut"": ""71"", ""subme"": ""5"", ""tu-inter-depth"": ""3"", ""tu-intra-depth"": ""4"", ""weightb"": ""0"", ""weightp"": ""1"", ""wpp"": ""1""}"
x265,lf09_hard01,"lambda_f=0.9, hard=0.1",16031,RQ3,132,11.4,26.73,11.4,27.131263256072998,"['Standard', '320p', 30, '10s']",0.0,27.13110327720642,0.0,"{""amp"": ""0"", ""aq-mode"": ""4"", ""aq-strength"": ""1.5"", ""b-adapt"": ""0"", ""bframes"": ""0"", ""crf"": ""28.0"", ""ctu"": ""16"", ""keyint"": ""469"", ""limit-refs"": ""3"", ""limit-tu"": ""0"", ""me"": ""star"", ""merange"": ""47"", ""open-gop"": ""0"", ""psy-rd"": ""3.5"", ""psy-rdoq"": ""3.5"", ""qcomp"": ""0.75"", ""qpmax"": ""31"", ""qpmin"": ""8"", ""rc-lookahead"": ""35"", ""rd"": ""5"", ""rdoq-level"": ""1"", ""rect"": ""1"", ""ref"": ""6"", ""rskip"": ""1"", ""sao"": ""1"", ""scenecut"": ""65"", ""subme"": ""4"", ""tu-inter-depth"": ""3"", ""tu-intra-depth"": ""2"", ""weightb"": ""1"", ""weightp"": ""0"", ""wpp"": ""0""}"
x265,lf09_hard01,"lambda_f=0.9, hard=0.1",16031,RQ3,133,32.82,9.32,32.82,9.660947322845459,"['Standard', '320p', 30, '10s']",0.0,9.66084098815918,0.0,"{""amp"": ""0"", ""aq-mode"": ""2"", ""aq-strength"": ""0.8"", ""b-adapt"": ""2"", ""bframes"": ""6"", ""crf"": ""22.0"", ""ctu"": ""32"", ""keyint"": ""422"", ""limit-refs"": ""2"", ""limit-tu"": ""1"", ""me"": ""star"", ""merange"": ""61"", ""open-gop"": ""1"", ""psy-rd"": ""1.0"", ""psy-rdoq"": ""1.0"", ""qcomp"": ""0.8"", ""qpmax"": ""33"", ""qpmin"": ""7"", ""rc-lookahead"": ""34"", ""rd"": ""3"", ""rdoq-level"": ""1"", ""rect"": ""0"", ""ref"": ""3"", ""rskip"": ""1"", ""sao"": ""1"", ""scenecut"": ""14"", ""subme"": ""5"", ""tu-inter-depth"": ""3"", ""tu-intra-depth"": ""4"", ""weightb"": ""1"", ""weightp"": ""1"", ""wpp"": ""0""}"
x265,lf09_hard01,"lambda_f=0.9, hard=0.1",16031,RQ3,134,24.99,12.22,24.99,12.55352783203125,"['Standard', '320p', 30, '10s']",0.0,12.55343246459961,0.0,"{""amp"": ""0"", ""aq-mode"": ""3"", ""aq-strength"": ""1.0"", ""b-adapt"": ""0"", ""bframes"": ""1"", ""crf"": ""20.0"", ""ctu"": ""64"", ""keyint"": ""358"", ""limit-refs"": ""3"", ""limit-tu"": ""2"", ""me"": ""hex"", ""merange"": ""62"", ""open-gop"": ""0"", ""psy-rd"": ""0.5"", ""psy-rdoq"": ""3.5"", ""qcomp"": ""0.8"", ""qpmax"": ""30"", ""qpmin"": ""12"", ""rc-lookahead"": ""50"", ""rd"": ""3"", ""rdoq-level"": ""2"", ""rect"": ""1"", ""ref"": ""6"", ""rskip"": ""1"", ""sao"": ""1"", ""scenecut"": ""12"", ""subme"": ""3"", ""tu-inter-depth"": ""3"", ""tu-intra-depth"": ""2"", ""weightb"": ""0"", ""weightp"": ""0"", ""wpp"": ""1""}"
x265,lf09_hard01,"lambda_f=0.9, hard=0.1",16031,RQ3,135,36.97,8.28,36.97,8.611016273498535,"['Standard', '320p', 30, '10s']",0.0,8.610915184020996,0.0,"{""amp"": ""0"", ""aq-mode"": ""0"", ""aq-strength"": ""0.5"", ""b-adapt"": ""0"", ""bframes"": ""3"", ""crf"": ""22.0"", ""ctu"": ""16"", ""keyint"": ""320"", ""limit-refs"": ""1"", ""limit-tu"": ""3"", ""me"": ""umh"", ""merange"": ""32"", ""open-gop"": ""1"", ""psy-rd"": ""1.5"", ""psy-rdoq"": ""2.0"", ""qcomp"": ""0.9"", ""qpmax"": ""32"", ""qpmin"": ""17"", ""rc-lookahead"": ""30"", ""rd"": ""3"", ""rdoq-level"": ""2"", ""rect"": ""1"", ""ref"": ""1"", ""rskip"": ""1"", ""sao"": ""0"", ""scenecut"": ""66"", ""subme"": ""4"", ""tu-inter-depth"": ""1"", ""tu-intra-depth"": ""1"", ""weightb"": ""0"", ""weightp"": ""0"", ""wpp"": ""0""}"
x265,lf09_hard01,"lambda_f=0.9, hard=0.1",16031,RQ3,136,34.86,8.78,34.86,9.1026611328125,"['Standard', '320p', 30, '10s']",0.0,9.102566957473755,0.0,"{""amp"": ""0"", ""aq-mode"": ""1"", ""aq-strength"": ""1.8"", ""b-adapt"": ""0"", ""bframes"": ""4"", ""crf"": ""30.0"", ""ctu"": ""64"", ""keyint"": ""386"", ""limit-refs"": ""1"", ""limit-tu"": ""1"", ""me"": ""dia"", ""merange"": ""17"", ""open-gop"": ""1"", ""psy-rd"": ""2.5"", ""psy-rdoq"": ""2.5"", ""qcomp"": ""0.6"", ""qpmax"": ""34"", ""qpmin"": ""4"", ""rc-lookahead"": ""17"", ""rd"": ""6"", ""rdoq-level"": ""1"", ""rect"": ""1"", ""ref"": ""1"", ""rskip"": ""1"", ""sao"": ""0"", ""scenecut"": ""7"", ""subme"": ""1"", ""tu-inter-depth"": ""1"", ""tu-intra-depth"": ""1"", ""weightb"": ""1"", ""weightp"": ""0"", ""wpp"": ""1""}"
x265,lf09_hard01,"lambda_f=0.9, hard=0.1",16031,RQ3,137,17.98,16.96,17.98,17.350335836410522,"['Standard', '320p', 30, '10s']",0.0,17.350234031677246,0.0,"{""amp"": ""0"", ""aq-mode"": ""1"", ""aq-strength"": ""1.5"", ""b-adapt"": ""1"", ""bframes"": ""7"", ""crf"": ""32.0"", ""ctu"": ""16"", ""keyint"": ""285"", ""limit-refs"": ""2"", ""limit-tu"": ""0"", ""me"": ""umh"", ""merange"": ""59"", ""open-gop"": ""1"", ""psy-rd"": ""0.0"", ""psy-rdoq"": ""3.0"", ""qcomp"": ""0.75"", ""qpmax"": ""49"", ""qpmin"": ""15"", ""rc-lookahead"": ""13"", ""rd"": ""5"", ""rdoq-level"": ""0"", ""rect"": ""1"", ""ref"": ""6"", ""rskip"": ""1"", ""sao"": ""1"", ""scenecut"": ""80"", ""subme"": ""4"", ""tu-inter-depth"": ""3"", ""tu-intra-depth"": ""3"", ""weightb"": ""0"", ""weightp"": ""1"", ""wpp"": ""1""}"
x265,lf09_hard01,"lambda_f=0.9, hard=0.1",16031,RQ3,138,84.77,3.64,84.77,3.9761927127838135,"['Standard', '320p', 30, '10s']",0.0,3.9760499000549316,0.0,"{""amp"": ""0"", ""aq-mode"": ""1"", ""aq-strength"": ""2.0"", ""b-adapt"": ""1"", ""bframes"": ""4"", ""crf"": ""25.0"", ""ctu"": ""64"", ""keyint"": ""459"", ""limit-refs"": ""1"", ""limit-tu"": ""4"", ""me"": ""star"", ""merange"": ""45"", ""open-gop"": ""0"", ""psy-rd"": ""1.0"", ""psy-rdoq"": ""4.0"", ""qcomp"": ""0.75"", ""qpmax"": ""43"", ""qpmin"": ""9"", ""rc-lookahead"": ""51"", ""rd"": ""3"", ""rdoq-level"": ""1"", ""rect"": ""1"", ""ref"": ""1"", ""rskip"": ""1"", ""sao"": ""1"", ""scenecut"": ""12"", ""subme"": ""2"", ""tu-inter-depth"": ""3"", ""tu-intra-depth"": ""4"", ""weightb"": ""0"", ""weightp"": ""1"", ""wpp"": ""0""}"
x265,lf09_hard01,"lambda_f=0.9, hard=0.1",16031,RQ3,139,100.31,3.08,100.31,3.4186432361602783,"['Standard', '320p', 30, '10s']",0.0,3.418551445007324,0.0,"{""amp"": ""0"", ""aq-mode"": ""1"", ""aq-strength"": ""0.8"", ""b-adapt"": ""2"", ""bframes"": ""2"", ""crf"": ""32.0"", ""ctu"": ""32"", ""keyint"": ""206"", ""limit-refs"": ""0"", ""limit-tu"": ""2"", ""me"": ""hex"", ""merange"": ""57"", ""open-gop"": ""0"", ""psy-rd"": ""1.5"", ""psy-rdoq"": ""3.5"", ""qcomp"": ""0.7"", ""qpmax"": ""44"", ""qpmin"": ""11"", ""rc-lookahead"": ""43"", ""rd"": ""4"", ""rdoq-level"": ""1"", ""rect"": ""1"", ""ref"": ""2"", ""rskip"": ""1"", ""sao"": ""0"", ""scenecut"": ""73"", ""subme"": ""5"", ""tu-inter-depth"": ""3"", ""tu-intra-depth"": ""3"", ""weightb"": ""1"", ""weightp"": ""0"", ""wpp"": ""1""}"
x265,lf09_hard01,"lambda_f=0.9, hard=0.1",16031,RQ3,140,21.65,14.1,21.65,14.449695587158203,"['Standard', '320p', 30, '10s']",0.0,14.449587106704712,0.0,"{""amp"": ""0"", ""aq-mode"": ""0"", ""aq-strength"": ""1.8"", ""b-adapt"": ""1"", ""bframes"": ""5"", ""crf"": ""25.0"", ""ctu"": ""16"", ""keyint"": ""459"", ""limit-refs"": ""3"", ""limit-tu"": ""3"", ""me"": ""umh"", ""merange"": ""24"", ""open-gop"": ""0"", ""psy-rd"": ""1.0"", ""psy-rdoq"": ""0.5"", ""qcomp"": ""0.6"", ""qpmax"": ""31"", ""qpmin"": ""14"", ""rc-lookahead"": ""58"", ""rd"": ""5"", ""rdoq-level"": ""1"", ""rect"": ""0"", ""ref"": ""2"", ""rskip"": ""1"", ""sao"": ""1"", ""scenecut"": ""19"", ""subme"": ""2"", ""tu-inter-depth"": ""3"", ""tu-intra-depth"": ""3"", ""weightb"": ""0"", ""weightp"": ""1"", ""wpp"": ""0""}"
x265,lf09_hard01,"lambda_f=0.9, hard=0.1",16031,RQ3,141,45.32,6.76,45.32,7.094370365142822,"['Standard', '320p', 30, '10s']",0.0,7.094268560409546,0.0,"{""amp"": ""1"", ""aq-mode"": ""1"", ""aq-strength"": ""1.8"", ""b-adapt"": ""0"", ""bframes"": ""6"", ""crf"": ""22.0"", ""ctu"": ""32"", ""keyint"": ""490"", ""limit-refs"": ""2"", ""limit-tu"": ""3"", ""me"": ""hex"", ""merange"": ""53"", ""open-gop"": ""0"", ""psy-rd"": ""0.5"", ""psy-rdoq"": ""0.0"", ""qcomp"": ""0.75"", ""qpmax"": ""34"", ""qpmin"": ""13"", ""rc-lookahead"": ""45"", ""rd"": ""4"", ""rdoq-level"": ""0"", ""rect"": ""1"", ""ref"": ""6"", ""rskip"": ""0"", ""sao"": ""0"", ""scenecut"": ""68"", ""subme"": ""5"", ""tu-inter-depth"": ""1"", ""tu-intra-depth"": ""4"", ""weightb"": ""0"", ""weightp"": ""0"", ""wpp"": ""1""}"
x265,lf09_hard01,"lambda_f=0.9, hard=0.1",16031,RQ3,142,91.3,3.38,91.3,3.7198522090911865,"['Standard', '320p', 30, '10s']",0.0,3.7197625637054443,0.0,"{""amp"": ""0"", ""aq-mode"": ""2"", ""aq-strength"": ""0.0"", ""b-adapt"": ""0"", ""bframes"": ""5"", ""crf"": ""25.0"", ""ctu"": ""64"", ""keyint"": ""39"", ""limit-refs"": ""1"", ""limit-tu"": ""3"", ""me"": ""star"", ""merange"": ""53"", ""open-gop"": ""1"", ""psy-rd"": ""0.0"", ""psy-rdoq"": ""1.0"", ""qcomp"": ""0.75"", ""qpmax"": ""47"", ""qpmin"": ""6"", ""rc-lookahead"": ""16"", ""rd"": ""4"", ""rdoq-level"": ""0"", ""rect"": ""0"", ""ref"": ""4"", ""rskip"": ""1"", ""sao"": ""0"", ""scenecut"": ""51"", ""subme"": ""3"", ""tu-inter-depth"": ""4"", ""tu-intra-depth"": ""1"", ""weightb"": ""0"", ""weightp"": ""1"", ""wpp"": ""0""}"
x265,lf09_hard01,"lambda_f=0.9, hard=0.1",16031,RQ3,143,104.46,2.97,104.46,3.3242626190185547,"['Standard', '320p', 30, '10s']",0.0,3.3241679668426514,0.0,"{""amp"": ""0"", ""aq-mode"": ""1"", ""aq-strength"": ""0.8"", ""b-adapt"": ""1"", ""bframes"": ""4"", ""crf"": ""32.0"", ""ctu"": ""32"", ""keyint"": ""459"", ""limit-refs"": ""1"", ""limit-tu"": ""4"", ""me"": ""star"", ""merange"": ""45"", ""open-gop"": ""0"", ""psy-rd"": ""2.0"", ""psy-rdoq"": ""0.5"", ""qcomp"": ""1.0"", ""qpmax"": ""43"", ""qpmin"": ""9"", ""rc-lookahead"": ""51"", ""rd"": ""3"", ""rdoq-level"": ""1"", ""rect"": ""1"", ""ref"": ""1"", ""rskip"": ""1"", ""sao"": ""1"", ""scenecut"": ""12"", ""subme"": ""2"", ""tu-inter-depth"": ""3"", ""tu-intra-depth"": ""4"", ""weightb"": ""0"", ""weightp"": ""1"", ""wpp"": ""0""}"
x265,lf09_hard01,"lambda_f=0.9, hard=0.1",16031,RQ3,144,13.38,22.77,13.38,23.126089572906494,"['Standard', '320p', 30, '10s']",0.0,23.125990629196167,0.0,"{""amp"": ""0"", ""aq-mode"": ""2"", ""aq-strength"": ""0.5"", ""b-adapt"": ""2"", ""bframes"": ""2"", ""crf"": ""20.0"", ""ctu"": ""32"", ""keyint"": ""383"", ""limit-refs"": ""2"", ""limit-tu"": ""3"", ""me"": ""umh"", ""merange"": ""62"", ""open-gop"": ""1"", ""psy-rd"": ""4.0"", ""psy-rdoq"": ""4.5"", ""qcomp"": ""0.75"", ""qpmax"": ""41"", ""qpmin"": ""17"", ""rc-lookahead"": ""21"", ""rd"": ""5"", ""rdoq-level"": ""1"", ""rect"": ""0"", ""ref"": ""3"", ""rskip"": ""0"", ""sao"": ""0"", ""scenecut"": ""86"", ""subme"": ""2"", ""tu-inter-depth"": ""3"", ""tu-intra-depth"": ""1"", ""weightb"": ""0"", ""weightp"": ""0"", ""wpp"": ""1""}"
x265,lf09_hard01,"lambda_f=0.9, hard=0.1",16031,RQ3,145,12.06,25.26,12.06,25.588565826416016,"['Standard', '320p', 30, '10s']",0.0,25.588473558425903,0.0,"{""amp"": ""0"", ""aq-mode"": ""0"", ""aq-strength"": ""1.5"", ""b-adapt"": ""0"", ""bframes"": ""4"", ""crf"": ""30.0"", ""ctu"": ""64"", ""keyint"": ""492"", ""limit-refs"": ""2"", ""limit-tu"": ""4"", ""me"": ""full"", ""merange"": ""52"", ""open-gop"": ""0"", ""psy-rd"": ""1.5"", ""psy-rdoq"": ""2.0"", ""qcomp"": ""0.7"", ""qpmax"": ""39"", ""qpmin"": ""18"", ""rc-lookahead"": ""50"", ""rd"": ""3"", ""rdoq-level"": ""1"", ""rect"": ""1"", ""ref"": ""5"", ""rskip"": ""0"", ""sao"": ""0"", ""scenecut"": ""37"", ""subme"": ""1"", ""tu-inter-depth"": ""4"", ""tu-intra-depth"": ""3"", ""weightb"": ""0"", ""weightp"": ""1"", ""wpp"": ""1""}"
x265,lf09_hard01,"lambda_f=0.9, hard=0.1",16031,RQ3,146,37.36,8.19,37.36,8.529925107955933,"['Standard', '320p', 30, '10s']",0.0,8.529833316802979,0.0,"{""amp"": ""0"", ""aq-mode"": ""1"", ""aq-strength"": ""0.5"", ""b-adapt"": ""1"", ""bframes"": ""5"", ""crf"": ""28.0"", ""ctu"": ""32"", ""keyint"": ""89"", ""limit-refs"": ""1"", ""limit-tu"": ""0"", ""me"": ""dia"", ""merange"": ""45"", ""open-gop"": ""1"", ""psy-rd"": ""1.0"", ""psy-rdoq"": ""2.0"", ""qcomp"": ""0.6"", ""qpmax"": ""31"", ""qpmin"": ""6"", ""rc-lookahead"": ""49"", ""rd"": ""4"", ""rdoq-level"": ""2"", ""rect"": ""1"", ""ref"": ""1"", ""rskip"": ""1"", ""sao"": ""1"", ""scenecut"": ""77"", ""subme"": ""2"", ""tu-inter-depth"": ""4"", ""tu-intra-depth"": ""1"", ""weightb"": ""0"", ""weightp"": ""1"", ""wpp"": ""1""}"
x265,lf09_hard01,"lambda_f=0.9, hard=0.1",16031,RQ3,147,12.1,25.21,12.1,25.541512966156006,"['Standard', '320p', 30, '10s']",0.0,25.54141139984131,0.0,"{""amp"": ""0"", ""aq-mode"": ""1"", ""aq-strength"": ""0.8"", ""b-adapt"": ""2"", ""bframes"": ""2"", ""crf"": ""22.0"", ""ctu"": ""32"", ""keyint"": ""464"", ""limit-refs"": ""1"", ""limit-tu"": ""4"", ""me"": ""hex"", ""merange"": ""32"", ""open-gop"": ""0"", ""psy-rd"": ""3.0"", ""psy-rdoq"": ""1.0"", ""qcomp"": ""0.9"", ""qpmax"": ""36"", ""qpmin"": ""12"", ""rc-lookahead"": ""39"", ""rd"": ""6"", ""rdoq-level"": ""1"", ""rect"": ""0"", ""ref"": ""4"", ""rskip"": ""0"", ""sao"": ""1"", ""scenecut"": ""42"", ""subme"": ""5"", ""tu-inter-depth"": ""2"", ""tu-intra-depth"": ""2"", ""weightb"": ""0"", ""weightp"": ""0"", ""wpp"": ""0""}"
x265,lf09_hard01,"lambda_f=0.9, hard=0.1",16031,RQ3,148,34.98,8.74,34.98,9.081602573394775,"['Standard', '320p', 30, '10s']",0.0,9.081506252288818,0.0,"{""amp"": ""1"", ""aq-mode"": ""3"", ""aq-strength"": ""1.8"", ""b-adapt"": ""2"", ""bframes"": ""5"", ""crf"": ""25.0"", ""ctu"": ""32"", ""keyint"": ""452"", ""limit-refs"": ""1"", ""limit-tu"": ""0"", ""me"": ""hex"", ""merange"": ""37"", ""open-gop"": ""0"", ""psy-rd"": ""1.5"", ""psy-rdoq"": ""2.5"", ""qcomp"": ""0.6"", ""qpmax"": ""47"", ""qpmin"": ""18"", ""rc-lookahead"": ""46"", ""rd"": ""3"", ""rdoq-level"": ""2"", ""rect"": ""0"", ""ref"": ""4"", ""rskip"": ""1"", ""sao"": ""0"", ""scenecut"": ""61"", ""subme"": ""5"", ""tu-inter-depth"": ""4"", ""tu-intra-depth"": ""4"", ""weightb"": ""1"", ""weightp"": ""1"", ""wpp"": ""1""}"
x265,lf09_hard01,"lambda_f=0.9, hard=0.1",16031,RQ3,149,30.04,10.18,30.04,10.588663101196289,"['Standard', '320p', 30, '10s']",0.0,10.58850908279419,0.0,"{""amp"": ""1"", ""aq-mode"": ""1"", ""aq-strength"": ""1.8"", ""b-adapt"": ""1"", ""bframes"": ""1"", ""crf"": ""25.0"", ""ctu"": ""64"", ""keyint"": ""309"", ""limit-refs"": ""2"", ""limit-tu"": ""1"", ""me"": ""umh"", ""merange"": ""23"", ""open-gop"": ""0"", ""psy-rd"": ""1.5"", ""psy-rdoq"": ""3.5"", ""qcomp"": ""1.0"", ""qpmax"": ""21"", ""qpmin"": ""7"", ""rc-lookahead"": ""26"", ""rd"": ""4"", ""rdoq-level"": ""0"", ""rect"": ""0"", ""ref"": ""5"", ""rskip"": ""0"", ""sao"": ""0"", ""scenecut"": ""73"", ""subme"": ""4"", ""tu-inter-depth"": ""1"", ""tu-intra-depth"": ""3"", ""weightb"": ""1"", ""weightp"": ""1"", ""wpp"": ""0""}"
x265,lf09_hard01,"lambda_f=0.9, hard=0.1",16031,RQ3,150,58.89,5.22,58.89,5.5560808181762695,"['Standard', '320p', 30, '10s']",0.0,5.555982828140259,0.0,"{""amp"": ""1"", ""aq-mode"": ""4"", ""aq-strength"": ""1.0"", ""b-adapt"": ""2"", ""bframes"": ""5"", ""crf"": ""28.0"", ""ctu"": ""16"", ""keyint"": ""347"", ""limit-refs"": ""2"", ""limit-tu"": ""1"", ""me"": ""star"", ""merange"": ""37"", ""open-gop"": ""0"", ""psy-rd"": ""2.5"", ""psy-rdoq"": ""1.5"", ""qcomp"": ""0.6"", ""qpmax"": ""43"", ""qpmin"": ""18"", ""rc-lookahead"": ""53"", ""rd"": ""3"", ""rdoq-level"": ""2"", ""rect"": ""1"", ""ref"": ""2"", ""rskip"": ""1"", ""sao"": ""0"", ""scenecut"": ""43"", ""subme"": ""4"", ""tu-inter-depth"": ""1"", ""tu-intra-depth"": ""2"", ""weightb"": ""1"", ""weightp"": ""1"", ""wpp"": ""1""}"
x265,lf09_hard01,"lambda_f=0.9, hard=0.1",16031,RQ3,151,71.19,4.32,71.19,4.666127920150757,"['Standard', '320p', 30, '10s']",0.0,4.666038274765015,0.0,"{""amp"": ""0"", ""aq-mode"": ""2"", ""aq-strength"": ""1.8"", ""b-adapt"": ""1"", ""bframes"": ""2"", ""crf"": ""28.0"", ""ctu"": ""32"", ""keyint"": ""233"", ""limit-refs"": ""3"", ""limit-tu"": ""4"", ""me"": ""star"", ""merange"": ""51"", ""open-gop"": ""0"", ""psy-rd"": ""0.5"", ""psy-rdoq"": ""0.5"", ""qcomp"": ""0.8"", ""qpmax"": ""41"", ""qpmin"": ""11"", ""rc-lookahead"": ""10"", ""rd"": ""3"", ""rdoq-level"": ""0"", ""rect"": ""1"", ""ref"": ""5"", ""rskip"": ""1"", ""sao"": ""0"", ""scenecut"": ""54"", ""subme"": ""5"", ""tu-inter-depth"": ""2"", ""tu-intra-depth"": ""3"", ""weightb"": ""1"", ""weightp"": ""1"", ""wpp"": ""1""}"
x265,lf09_hard01,"lambda_f=0.9, hard=0.1",16031,RQ3,152,35.51,8.61,35.51,8.943018198013306,"['Standard', '320p', 30, '10s']",0.0,8.942921161651611,0.0,"{""amp"": ""1"", ""aq-mode"": ""2"", ""aq-strength"": ""0.5"", ""b-adapt"": ""0"", ""bframes"": ""2"", ""crf"": ""22.0"", ""ctu"": ""32"", ""keyint"": ""158"", ""limit-refs"": ""0"", ""limit-tu"": ""0"", ""me"": ""umh"", ""merange"": ""61"", ""open-gop"": ""0"", ""psy-rd"": ""0.0"", ""psy-rdoq"": ""0.0"", ""qcomp"": ""0.6"", ""qpmax"": ""29"", ""qpmin"": ""2"", ""rc-lookahead"": ""32"", ""rd"": ""2"", ""rdoq-level"": ""1"", ""rect"": ""0"", ""ref"": ""3"", ""rskip"": ""0"", ""sao"": ""1"", ""scenecut"": ""5"", ""subme"": ""2"", ""tu-inter-depth"": ""3"", ""tu-intra-depth"": ""2"", ""weightb"": ""0"", ""weightp"": ""0"", ""wpp"": ""1""}"
x265,lf09_hard01,"lambda_f=0.9, hard=0.1",16031,RQ3,153,18.17,16.78,18.17,17.11453938484192,"['Standard', '320p', 30, '10s']",0.0,17.114442586898804,0.0,"{""amp"": ""0"", ""aq-mode"": ""0"", ""aq-strength"": ""1.8"", ""b-adapt"": ""1"", ""bframes"": ""5"", ""crf"": ""20.0"", ""ctu"": ""32"", ""keyint"": ""144"", ""limit-refs"": ""1"", ""limit-tu"": ""0"", ""me"": ""dia"", ""merange"": ""39"", ""open-gop"": ""0"", ""psy-rd"": ""1.5"", ""psy-rdoq"": ""4.0"", ""qcomp"": ""0.7"", ""qpmax"": ""49"", ""qpmin"": ""8"", ""rc-lookahead"": ""52"", ""rd"": ""3"", ""rdoq-level"": ""2"", ""rect"": ""1"", ""ref"": ""3"", ""rskip"": ""1"", ""sao"": ""0"", ""scenecut"": ""48"", ""subme"": ""5"", ""tu-inter-depth"": ""3"", ""tu-intra-depth"": ""4"", ""weightb"": ""0"", ""weightp"": ""0"", ""wpp"": ""1""}"
x265,lf09_hard01,"lambda_f=0.9, hard=0.1",16031,RQ3,154,22.31,13.68,22.31,14.025218963623047,"['Standard', '320p', 30, '10s']",0.0,14.025118827819824,0.0,"{""amp"": ""1"", ""aq-mode"": ""3"", ""aq-strength"": ""0.8"", ""b-adapt"": ""2"", ""bframes"": ""7"", ""crf"": ""25.0"", ""ctu"": ""32"", ""keyint"": ""449"", ""limit-refs"": ""0"", ""limit-tu"": ""2"", ""me"": ""full"", ""merange"": ""50"", ""open-gop"": ""1"", ""psy-rd"": ""2.0"", ""psy-rdoq"": ""0.5"", ""qcomp"": ""0.9"", ""qpmax"": ""42"", ""qpmin"": ""17"", ""rc-lookahead"": ""46"", ""rd"": ""3"", ""rdoq-level"": ""1"", ""rect"": ""0"", ""ref"": ""1"", ""rskip"": ""1"", ""sao"": ""0"", ""scenecut"": ""66"", ""subme"": ""2"", ""tu-inter-depth"": ""3"", ""tu-intra-depth"": ""3"", ""weightb"": ""1"", ""weightp"": ""1"", ""wpp"": ""0""}"
x265,lf09_hard01,"lambda_f=0.9, hard=0.1",16031,RQ3,155,10.53,28.91,10.53,29.26449942588806,"['Standard', '320p', 30, '10s']",0.0,29.264397859573364,0.0,"{""amp"": ""1"", ""aq-mode"": ""3"", ""aq-strength"": ""1.0"", ""b-adapt"": ""1"", ""bframes"": ""7"", ""crf"": ""30.0"", ""ctu"": ""64"", ""keyint"": ""459"", ""limit-refs"": ""1"", ""limit-tu"": ""0"", ""me"": ""umh"", ""merange"": ""23"", ""open-gop"": ""1"", ""psy-rd"": ""2.5"", ""psy-rdoq"": ""1.0"", ""qcomp"": ""0.75"", ""qpmax"": ""22"", ""qpmin"": ""4"", ""rc-lookahead"": ""13"", ""rd"": ""4"", ""rdoq-level"": ""2"", ""rect"": ""1"", ""ref"": ""4"", ""rskip"": ""0"", ""sao"": ""0"", ""scenecut"": ""35"", ""subme"": ""3"", ""tu-inter-depth"": ""3"", ""tu-intra-depth"": ""3"", ""weightb"": ""0"", ""weightp"": ""0"", ""wpp"": ""0""}"
x265,lf09_hard01,"lambda_f=0.9, hard=0.1",16031,RQ3,156,43.37,7.06,43.37,7.404707908630371,"['Standard', '320p', 30, '10s']",0.0,7.404610633850098,0.0,"{""amp"": ""1"", ""aq-mode"": ""1"", ""aq-strength"": ""1.8"", ""b-adapt"": ""2"", ""bframes"": ""0"", ""crf"": ""30.0"", ""ctu"": ""32"", ""keyint"": ""108"", ""limit-refs"": ""2"", ""limit-tu"": ""1"", ""me"": ""star"", ""merange"": ""45"", ""open-gop"": ""0"", ""psy-rd"": ""1.0"", ""psy-rdoq"": ""2.5"", ""qcomp"": ""0.6"", ""qpmax"": ""29"", ""qpmin"": ""12"", ""rc-lookahead"": ""43"", ""rd"": ""4"", ""rdoq-level"": ""0"", ""rect"": ""1"", ""ref"": ""4"", ""rskip"": ""1"", ""sao"": ""1"", ""scenecut"": ""48"", ""subme"": ""2"", ""tu-inter-depth"": ""3"", ""tu-intra-depth"": ""3"", ""weightb"": ""0"", ""weightp"": ""1"", ""wpp"": ""0""}"
x265,lf09_hard01,"lambda_f=0.9, hard=0.1",16031,RQ3,157,83.82,3.68,83.82,4.022848844528198,"['Standard', '320p', 30, '10s']",0.0,4.022754669189453,0.0,"{""amp"": ""1"", ""aq-mode"": ""1"", ""aq-strength"": ""1.8"", ""b-adapt"": ""2"", ""bframes"": ""6"", ""crf"": ""28.0"", ""ctu"": ""16"", ""keyint"": ""244"", ""limit-refs"": ""3"", ""limit-tu"": ""3"", ""me"": ""hex"", ""merange"": ""28"", ""open-gop"": ""1"", ""psy-rd"": ""0.0"", ""psy-rdoq"": ""5.0"", ""qcomp"": ""0.5"", ""qpmax"": ""43"", ""qpmin"": ""17"", ""rc-lookahead"": ""30"", ""rd"": ""4"", ""rdoq-level"": ""2"", ""rect"": ""0"", ""ref"": ""3"", ""rskip"": ""1"", ""sao"": ""1"", ""scenecut"": ""88"", ""subme"": ""1"", ""tu-inter-depth"": ""3"", ""tu-intra-depth"": ""2"", ""weightb"": ""1"", ""weightp"": ""0"", ""wpp"": ""1""}"
x265,lf09_hard01,"lambda_f=0.9, hard=0.1",16031,RQ3,158,13.88,21.96,13.88,22.30220675468445,"['Standard', '320p', 30, '10s']",0.0,22.30211329460144,0.0,"{""amp"": ""0"", ""aq-mode"": ""0"", ""aq-strength"": ""0.5"", ""b-adapt"": ""0"", ""bframes"": ""7"", ""crf"": ""25.0"", ""ctu"": ""32"", ""keyint"": ""468"", ""limit-refs"": ""0"", ""limit-tu"": ""1"", ""me"": ""hex"", ""merange"": ""26"", ""open-gop"": ""1"", ""psy-rd"": ""3.0"", ""psy-rdoq"": ""0.5"", ""qcomp"": ""0.7"", ""qpmax"": ""50"", ""qpmin"": ""3"", ""rc-lookahead"": ""57"", ""rd"": ""5"", ""rdoq-level"": ""1"", ""rect"": ""0"", ""ref"": ""5"", ""rskip"": ""0"", ""sao"": ""0"", ""scenecut"": ""19"", ""subme"": ""2"", ""tu-inter-depth"": ""2"", ""tu-intra-depth"": ""2"", ""weightb"": ""1"", ""weightp"": ""1"", ""wpp"": ""1""}"
x265,lf09_hard01,"lambda_f=0.9, hard=0.1",16031,RQ3,159,21.14,14.44,21.14,14.787737369537354,"['Standard', '320p', 30, '10s']",0.0,14.787626266479492,0.0,"{""amp"": ""1"", ""aq-mode"": ""2"", ""aq-strength"": ""1.0"", ""b-adapt"": ""2"", ""bframes"": ""3"", ""crf"": ""30.0"", ""ctu"": ""32"", ""keyint"": ""174"", ""limit-refs"": ""3"", ""limit-tu"": ""1"", ""me"": ""umh"", ""merange"": ""41"", ""open-gop"": ""0"", ""psy-rd"": ""2.5"", ""psy-rdoq"": ""3.5"", ""qcomp"": ""0.6"", ""qpmax"": ""23"", ""qpmin"": ""1"", ""rc-lookahead"": ""30"", ""rd"": ""4"", ""rdoq-level"": ""1"", ""rect"": ""1"", ""ref"": ""3"", ""rskip"": ""1"", ""sao"": ""1"", ""scenecut"": ""22"", ""subme"": ""2"", ""tu-inter-depth"": ""3"", ""tu-intra-depth"": ""4"", ""weightb"": ""1"", ""weightp"": ""0"", ""wpp"": ""1""}"
x265,lf09_hard01,"lambda_f=0.9, hard=0.1",16031,RQ3,160,18.23,16.73,18.23,17.07415771484375,"['Standard', '320p', 30, '10s']",0.0,17.07406258583069,0.0,"{""amp"": ""0"", ""aq-mode"": ""3"", ""aq-strength"": ""0.8"", ""b-adapt"": ""1"", ""bframes"": ""0"", ""crf"": ""30.0"", ""ctu"": ""32"", ""keyint"": ""41"", ""limit-refs"": ""0"", ""limit-tu"": ""2"", ""me"": ""star"", ""merange"": ""26"", ""open-gop"": ""0"", ""psy-rd"": ""0.5"", ""psy-rdoq"": ""0.0"", ""qcomp"": ""0.75"", ""qpmax"": ""25"", ""qpmin"": ""2"", ""rc-lookahead"": ""53"", ""rd"": ""3"", ""rdoq-level"": ""1"", ""rect"": ""1"", ""ref"": ""3"", ""rskip"": ""0"", ""sao"": ""1"", ""scenecut"": ""23"", ""subme"": ""3"", ""tu-inter-depth"": ""3"", ""tu-intra-depth"": ""2"", ""weightb"": ""0"", ""weightp"": ""1"", ""wpp"": ""1""}"
x265,lf09_hard01,"lambda_f=0.9, hard=0.1",16031,RQ3,161,47.76,6.42,47.76,6.751341819763184,"['Standard', '320p', 30, '10s']",0.0,6.75124979019165,0.0,"{""amp"": ""0"", ""aq-mode"": ""0"", ""aq-strength"": ""1.5"", ""b-adapt"": ""1"", ""bframes"": ""7"", ""crf"": ""28.0"", ""ctu"": ""32"", ""keyint"": ""118"", ""limit-refs"": ""1"", ""limit-tu"": ""4"", ""me"": ""hex"", ""merange"": ""21"", ""open-gop"": ""1"", ""psy-rd"": ""1.5"", ""psy-rdoq"": ""5.0"", ""qcomp"": ""0.9"", ""qpmax"": ""28"", ""qpmin"": ""2"", ""rc-lookahead"": ""60"", ""rd"": ""4"", ""rdoq-level"": ""2"", ""rect"": ""0"", ""ref"": ""1"", ""rskip"": ""0"", ""sao"": ""1"", ""scenecut"": ""77"", ""subme"": ""3"", ""tu-inter-depth"": ""4"", ""tu-intra-depth"": ""3"", ""weightb"": ""1"", ""weightp"": ""1"", ""wpp"": ""0""}"
x265,lf09_hard01,"lambda_f=0.9, hard=0.1",16031,RQ3,162,42.45,7.22,42.45,7.5466461181640625,"['Standard', '320p', 30, '10s']",0.0,7.546552896499634,0.0,"{""amp"": ""0"", ""aq-mode"": ""4"", ""aq-strength"": ""1.5"", ""b-adapt"": ""0"", ""bframes"": ""1"", ""crf"": ""20.0"", ""ctu"": ""64"", ""keyint"": ""259"", ""limit-refs"": ""2"", ""limit-tu"": ""0"", ""me"": ""star"", ""merange"": ""33"", ""open-gop"": ""0"", ""psy-rd"": ""2.5"", ""psy-rdoq"": ""4.5"", ""qcomp"": ""0.9"", ""qpmax"": ""50"", ""qpmin"": ""18"", ""rc-lookahead"": ""57"", ""rd"": ""3"", ""rdoq-level"": ""0"", ""rect"": ""0"", ""ref"": ""2"", ""rskip"": ""1"", ""sao"": ""1"", ""scenecut"": ""70"", ""subme"": ""5"", ""tu-inter-depth"": ""4"", ""tu-intra-depth"": ""4"", ""weightb"": ""1"", ""weightp"": ""0"", ""wpp"": ""1""}"
x265,lf09_hard01,"lambda_f=0.9, hard=0.1",16031,RQ3,163,21.25,14.36,21.25,14.704625844955444,"['Standard', '320p', 30, '10s']",0.0,14.704523801803589,0.0,"{""amp"": ""1"", ""aq-mode"": ""0"", ""aq-strength"": ""1.5"", ""b-adapt"": ""1"", ""bframes"": ""2"", ""crf"": ""20.0"", ""ctu"": ""64"", ""keyint"": ""324"", ""limit-refs"": ""1"", ""limit-tu"": ""2"", ""me"": ""hex"", ""merange"": ""37"", ""open-gop"": ""1"", ""psy-rd"": ""3.5"", ""psy-rdoq"": ""5.0"", ""qcomp"": ""0.7"", ""qpmax"": ""46"", ""qpmin"": ""5"", ""rc-lookahead"": ""13"", ""rd"": ""4"", ""rdoq-level"": ""1"", ""rect"": ""1"", ""ref"": ""4"", ""rskip"": ""1"", ""sao"": ""1"", ""scenecut"": ""9"", ""subme"": ""1"", ""tu-inter-depth"": ""3"", ""tu-intra-depth"": ""2"", ""weightb"": ""0"", ""weightp"": ""1"", ""wpp"": ""0""}"
x265,lf09_hard01,"lambda_f=0.9, hard=0.1",16031,RQ3,164,45.53,6.73,45.53,7.078364372253418,"['Standard', '320p', 30, '10s']",0.0,7.078267335891724,0.0,"{""amp"": ""1"", ""aq-mode"": ""3"", ""aq-strength"": ""2.0"", ""b-adapt"": ""0"", ""bframes"": ""4"", ""crf"": ""32.0"", ""ctu"": ""64"", ""keyint"": ""27"", ""limit-refs"": ""1"", ""limit-tu"": ""4"", ""me"": ""star"", ""merange"": ""22"", ""open-gop"": ""1"", ""psy-rd"": ""2.5"", ""psy-rdoq"": ""4.0"", ""qcomp"": ""0.75"", ""qpmax"": ""31"", ""qpmin"": ""14"", ""rc-lookahead"": ""29"", ""rd"": ""4"", ""rdoq-level"": ""2"", ""rect"": ""0"", ""ref"": ""6"", ""rskip"": ""1"", ""sao"": ""1"", ""scenecut"": ""33"", ""subme"": ""2"", ""tu-inter-depth"": ""3"", ""tu-intra-depth"": ""3"", ""weightb"": ""0"", ""weightp"": ""0"", ""wpp"": ""1""}"
x265,lf09_hard01,"lambda_f=0.9, hard=0.1",16031,RQ3,165,7.26,41.95,7.26,42.29547882080078,"['Standard', '320p', 30, '10s']",0.0,42.29537296295166,0.0,"{""amp"": ""0"", ""aq-mode"": ""3"", ""aq-strength"": ""1.0"", ""b-adapt"": ""2"", ""bframes"": ""2"", ""crf"": ""22.0"", ""ctu"": ""64"", ""keyint"": ""36"", ""limit-refs"": ""1"", ""limit-tu"": ""0"", ""me"": ""star"", ""merange"": ""47"", ""open-gop"": ""0"", ""psy-rd"": ""0.0"", ""psy-rdoq"": ""0.0"", ""qcomp"": ""0.9"", ""qpmax"": ""38"", ""qpmin"": ""19"", ""rc-lookahead"": ""29"", ""rd"": ""5"", ""rdoq-level"": ""2"", ""rect"": ""0"", ""ref"": ""5"", ""rskip"": ""1"", ""sao"": ""1"", ""scenecut"": ""77"", ""subme"": ""4"", ""tu-inter-depth"": ""4"", ""tu-intra-depth"": ""1"", ""weightb"": ""1"", ""weightp"": ""0"", ""wpp"": ""1""}"
x265,lf09_hard01,"lambda_f=0.9, hard=0.1",16031,RQ3,166,8.23,37.0,8.23,37.39639949798584,"['Standard', '320p', 30, '10s']",0.0,37.396241426467896,0.0,"{""amp"": ""0"", ""aq-mode"": ""2"", ""aq-strength"": ""1.8"", ""b-adapt"": ""1"", ""bframes"": ""6"", ""crf"": ""22.0"", ""ctu"": ""64"", ""keyint"": ""84"", ""limit-refs"": ""2"", ""limit-tu"": ""2"", ""me"": ""dia"", ""merange"": ""57"", ""open-gop"": ""0"", ""psy-rd"": ""3.0"", ""psy-rdoq"": ""1.5"", ""qcomp"": ""0.5"", ""qpmax"": ""27"", ""qpmin"": ""9"", ""rc-lookahead"": ""36"", ""rd"": ""5"", ""rdoq-level"": ""1"", ""rect"": ""0"", ""ref"": ""1"", ""rskip"": ""0"", ""sao"": ""0"", ""scenecut"": ""6"", ""subme"": ""3"", ""tu-inter-depth"": ""2"", ""tu-intra-depth"": ""4"", ""weightb"": ""0"", ""weightp"": ""0"", ""wpp"": ""0""}"
x265,lf09_hard01,"lambda_f=0.9, hard=0.1",16031,RQ3,167,46.42,6.6,46.42,6.947539567947388,"['Standard', '320p', 30, '10s']",0.0,6.9474403858184814,0.0,"{""amp"": ""0"", ""aq-mode"": ""1"", ""aq-strength"": ""0.8"", ""b-adapt"": ""0"", ""bframes"": ""1"", ""crf"": ""25.0"", ""ctu"": ""32"", ""keyint"": ""425"", ""limit-refs"": ""2"", ""limit-tu"": ""4"", ""me"": ""star"", ""merange"": ""43"", ""open-gop"": ""0"", ""psy-rd"": ""1.0"", ""psy-rdoq"": ""0.0"", ""qcomp"": ""0.6"", ""qpmax"": ""24"", ""qpmin"": ""18"", ""rc-lookahead"": ""11"", ""rd"": ""3"", ""rdoq-level"": ""1"", ""rect"": ""0"", ""ref"": ""2"", ""rskip"": ""1"", ""sao"": ""0"", ""scenecut"": ""38"", ""subme"": ""2"", ""tu-inter-depth"": ""3"", ""tu-intra-depth"": ""4"", ""weightb"": ""0"", ""weightp"": ""0"", ""wpp"": ""1""}"
x265,lf09_hard01,"lambda_f=0.9, hard=0.1",16031,RQ3,168,26.0,11.74,26.0,12.071910381317139,"['Standard', '320p', 30, '10s']",0.0,12.071812868118286,0.0,"{""amp"": ""0"", ""aq-mode"": ""0"", ""aq-strength"": ""1.0"", ""b-adapt"": ""0"", ""bframes"": ""0"", ""crf"": ""32.0"", ""ctu"": ""32"", ""keyint"": ""27"", ""limit-refs"": ""2"", ""limit-tu"": ""2"", ""me"": ""umh"", ""merange"": ""56"", ""open-gop"": ""1"", ""psy-rd"": ""1.5"", ""psy-rdoq"": ""1.0"", ""qcomp"": ""0.8"", ""qpmax"": ""26"", ""qpmin"": ""0"", ""rc-lookahead"": ""29"", ""rd"": ""6"", ""rdoq-level"": ""0"", ""rect"": ""0"", ""ref"": ""1"", ""rskip"": ""0"", ""sao"": ""0"", ""scenecut"": ""5"", ""subme"": ""2"", ""tu-inter-depth"": ""1"", ""tu-intra-depth"": ""1"", ""weightb"": ""0"", ""weightp"": ""1"", ""wpp"": ""1""}"
x265,lf09_hard01,"lambda_f=0.9, hard=0.1",16031,RQ3,169,30.03,10.18,30.03,10.529934644699097,"['Standard', '320p', 30, '10s']",0.0,10.529837608337402,0.0,"{""amp"": ""1"", ""aq-mode"": ""0"", ""aq-strength"": ""1.0"", ""b-adapt"": ""0"", ""bframes"": ""2"", ""crf"": ""25.0"", ""ctu"": ""64"", ""keyint"": ""26"", ""limit-refs"": ""0"", ""limit-tu"": ""3"", ""me"": ""star"", ""merange"": ""49"", ""open-gop"": ""0"", ""psy-rd"": ""3.0"", ""psy-rdoq"": ""3.0"", ""qcomp"": ""0.7"", ""qpmax"": ""22"", ""qpmin"": ""9"", ""rc-lookahead"": ""20"", ""rd"": ""3"", ""rdoq-level"": ""0"", ""rect"": ""0"", ""ref"": ""5"", ""rskip"": ""1"", ""sao"": ""0"", ""scenecut"": ""15"", ""subme"": ""3"", ""tu-inter-depth"": ""2"", ""tu-intra-depth"": ""2"", ""weightb"": ""0"", ""weightp"": ""0"", ""wpp"": ""0""}"
x265,lf09_hard01,"lambda_f=0.9, hard=0.1",16031,RQ3,170,14.56,20.93,14.56,21.291527032852173,"['Standard', '320p', 30, '10s']",0.0,21.29142475128174,0.0,"{""amp"": ""0"", ""aq-mode"": ""2"", ""aq-strength"": ""1.2"", ""b-adapt"": ""2"", ""bframes"": ""1"", ""crf"": ""25.0"", ""ctu"": ""32"", ""keyint"": ""95"", ""limit-refs"": ""2"", ""limit-tu"": ""3"", ""me"": ""hex"", ""merange"": ""56"", ""open-gop"": ""1"", ""psy-rd"": ""3.5"", ""psy-rdoq"": ""1.0"", ""qcomp"": ""0.75"", ""qpmax"": ""48"", ""qpmin"": ""11"", ""rc-lookahead"": ""43"", ""rd"": ""6"", ""rdoq-level"": ""2"", ""rect"": ""1"", ""ref"": ""6"", ""rskip"": ""1"", ""sao"": ""0"", ""scenecut"": ""40"", ""subme"": ""1"", ""tu-inter-depth"": ""2"", ""tu-intra-depth"": ""2"", ""weightb"": ""0"", ""weightp"": ""1"", ""wpp"": ""1""}"
x265,lf09_hard01,"lambda_f=0.9, hard=0.1",16031,RQ3,171,2.54,119.85,2.54,120.18111276626587,"['Standard', '320p', 30, '10s']",0.0,120.18100428581238,0.0,"{""amp"": ""0"", ""aq-mode"": ""3"", ""aq-strength"": ""1.5"", ""b-adapt"": ""2"", ""bframes"": ""8"", ""crf"": ""32.0"", ""ctu"": ""16"", ""keyint"": ""188"", ""limit-refs"": ""2"", ""limit-tu"": ""4"", ""me"": ""full"", ""merange"": ""39"", ""open-gop"": ""0"", ""psy-rd"": ""2.5"", ""psy-rdoq"": ""2.0"", ""qcomp"": ""1.0"", ""qpmax"": ""47"", ""qpmin"": ""17"", ""rc-lookahead"": ""60"", ""rd"": ""6"", ""rdoq-level"": ""1"", ""rect"": ""0"", ""ref"": ""6"", ""rskip"": ""1"", ""sao"": ""1"", ""scenecut"": ""17"", ""subme"": ""1"", ""tu-inter-depth"": ""2"", ""tu-intra-depth"": ""3"", ""weightb"": ""1"", ""weightp"": ""0"", ""wpp"": ""0""}"
x265,lf09_hard01,"lambda_f=0.9, hard=0.1",16031,RQ3,172,90.8,3.4,90.8,3.7362618446350098,"['Standard', '320p', 30, '10s']",0.0,3.7361690998077393,0.0,"{""amp"": ""1"", ""aq-mode"": ""2"", ""aq-strength"": ""0.0"", ""b-adapt"": ""2"", ""bframes"": ""4"", ""crf"": ""28.0"", ""ctu"": ""32"", ""keyint"": ""145"", ""limit-refs"": ""1"", ""limit-tu"": ""4"", ""me"": ""star"", ""merange"": ""64"", ""open-gop"": ""1"", ""psy-rd"": ""0.5"", ""psy-rdoq"": ""2.0"", ""qcomp"": ""0.6"", ""qpmax"": ""46"", ""qpmin"": ""17"", ""rc-lookahead"": ""14"", ""rd"": ""4"", ""rdoq-level"": ""0"", ""rect"": ""0"", ""ref"": ""3"", ""rskip"": ""1"", ""sao"": ""1"", ""scenecut"": ""76"", ""subme"": ""5"", ""tu-inter-depth"": ""2"", ""tu-intra-depth"": ""1"", ""weightb"": ""0"", ""weightp"": ""0"", ""wpp"": ""0""}"
x265,lf09_hard01,"lambda_f=0.9, hard=0.1",16031,RQ3,173,28.4,10.76,28.4,11.25842571258545,"['Standard', '320p', 30, '10s']",0.0,11.25832200050354,0.0,"{""amp"": ""1"", ""aq-mode"": ""1"", ""aq-strength"": ""0.5"", ""b-adapt"": ""0"", ""bframes"": ""5"", ""crf"": ""22.0"", ""ctu"": ""64"", ""keyint"": ""391"", ""limit-refs"": ""1"", ""limit-tu"": ""2"", ""me"": ""dia"", ""merange"": ""40"", ""open-gop"": ""1"", ""psy-rd"": ""1.0"", ""psy-rdoq"": ""2.0"", ""qcomp"": ""0.6"", ""qpmax"": ""36"", ""qpmin"": ""4"", ""rc-lookahead"": ""30"", ""rd"": ""3"", ""rdoq-level"": ""1"", ""rect"": ""1"", ""ref"": ""5"", ""rskip"": ""0"", ""sao"": ""0"", ""scenecut"": ""65"", ""subme"": ""4"", ""tu-inter-depth"": ""4"", ""tu-intra-depth"": ""4"", ""weightb"": ""1"", ""weightp"": ""1"", ""wpp"": ""1""}"
x265,lf09_hard01,"lambda_f=0.9, hard=0.1",16031,RQ3,174,62.43,4.93,62.43,5.258708715438843,"['Standard', '320p', 30, '10s']",0.0,5.2586119174957275,0.0,"{""amp"": ""1"", ""aq-mode"": ""0"", ""aq-strength"": ""0.0"", ""b-adapt"": ""2"", ""bframes"": ""7"", ""crf"": ""32.0"", ""ctu"": ""64"", ""keyint"": ""316"", ""limit-refs"": ""1"", ""limit-tu"": ""4"", ""me"": ""umh"", ""merange"": ""20"", ""open-gop"": ""0"", ""psy-rd"": ""0.0"", ""psy-rdoq"": ""3.5"", ""qcomp"": ""0.7"", ""qpmax"": ""44"", ""qpmin"": ""2"", ""rc-lookahead"": ""52"", ""rd"": ""2"", ""rdoq-level"": ""2"", ""rect"": ""0"", ""ref"": ""2"", ""rskip"": ""0"", ""sao"": ""1"", ""scenecut"": ""15"", ""subme"": ""5"", ""tu-inter-depth"": ""2"", ""tu-intra-depth"": ""2"", ""weightb"": ""0"", ""weightp"": ""0"", ""wpp"": ""1""}"
x265,lf09_hard01,"lambda_f=0.9, hard=0.1",16031,RQ3,175,11.28,27.01,11.28,27.352118015289307,"['Standard', '320p', 30, '10s']",0.0,27.35201597213745,0.0,"{""amp"": ""0"", ""aq-mode"": ""4"", ""aq-strength"": ""0.8"", ""b-adapt"": ""1"", ""bframes"": ""5"", ""crf"": ""20.0"", ""ctu"": ""32"", ""keyint"": ""59"", ""limit-refs"": ""2"", ""limit-tu"": ""2"", ""me"": ""hex"", ""merange"": ""18"", ""open-gop"": ""0"", ""psy-rd"": ""1.5"", ""psy-rdoq"": ""3.0"", ""qcomp"": ""0.6"", ""qpmax"": ""32"", ""qpmin"": ""7"", ""rc-lookahead"": ""55"", ""rd"": ""5"", ""rdoq-level"": ""1"", ""rect"": ""1"", ""ref"": ""5"", ""rskip"": ""0"", ""sao"": ""0"", ""scenecut"": ""11"", ""subme"": ""1"", ""tu-inter-depth"": ""2"", ""tu-intra-depth"": ""4"", ""weightb"": ""1"", ""weightp"": ""1"", ""wpp"": ""1""}"
x265,lf09_hard01,"lambda_f=0.9, hard=0.1",16031,RQ3,176,80.94,3.82,80.94,4.218780755996704,"['Standard', '320p', 30, '10s']",0.0,4.218637943267822,0.0,"{""amp"": ""1"", ""aq-mode"": ""2"", ""aq-strength"": ""1.5"", ""b-adapt"": ""1"", ""bframes"": ""5"", ""crf"": ""30.0"", ""ctu"": ""16"", ""keyint"": ""364"", ""limit-refs"": ""0"", ""limit-tu"": ""1"", ""me"": ""hex"", ""merange"": ""50"", ""open-gop"": ""1"", ""psy-rd"": ""4.0"", ""psy-rdoq"": ""2.0"", ""qcomp"": ""0.75"", ""qpmax"": ""36"", ""qpmin"": ""18"", ""rc-lookahead"": ""38"", ""rd"": ""4"", ""rdoq-level"": ""0"", ""rect"": ""1"", ""ref"": ""2"", ""rskip"": ""1"", ""sao"": ""0"", ""scenecut"": ""99"", ""subme"": ""2"", ""tu-inter-depth"": ""1"", ""tu-intra-depth"": ""1"", ""weightb"": ""1"", ""weightp"": ""0"", ""wpp"": ""0""}"
x265,lf09_hard01,"lambda_f=0.9, hard=0.1",16031,RQ3,177,68.89,4.47,68.89,4.797685861587524,"['Standard', '320p', 30, '10s']",0.0,4.797590017318726,0.0,"{""amp"": ""0"", ""aq-mode"": ""3"", ""aq-strength"": ""0.5"", ""b-adapt"": ""1"", ""bframes"": ""1"", ""crf"": ""28.0"", ""ctu"": ""32"", ""keyint"": ""334"", ""limit-refs"": ""1"", ""limit-tu"": ""3"", ""me"": ""star"", ""merange"": ""28"", ""open-gop"": ""1"", ""psy-rd"": ""2.0"", ""psy-rdoq"": ""1.0"", ""qcomp"": ""0.9"", ""qpmax"": ""45"", ""qpmin"": ""11"", ""rc-lookahead"": ""20"", ""rd"": ""3"", ""rdoq-level"": ""1"", ""rect"": ""0"", ""ref"": ""4"", ""rskip"": ""0"", ""sao"": ""1"", ""scenecut"": ""52"", ""subme"": ""1"", ""tu-inter-depth"": ""2"", ""tu-intra-depth"": ""3"", ""weightb"": ""1"", ""weightp"": ""0"", ""wpp"": ""0""}"
x265,lf09_hard01,"lambda_f=0.9, hard=0.1",16031,RQ3,178,49.91,6.19,49.91,6.674289703369141,"['Standard', '320p', 30, '10s']",0.0,6.674196243286133,0.0,"{""amp"": ""0"", ""aq-mode"": ""2"", ""aq-strength"": ""2.0"", ""b-adapt"": ""0"", ""bframes"": ""3"", ""crf"": ""28.0"", ""ctu"": ""64"", ""keyint"": ""212"", ""limit-refs"": ""1"", ""limit-tu"": ""0"", ""me"": ""dia"", ""merange"": ""38"", ""open-gop"": ""1"", ""psy-rd"": ""4.0"", ""psy-rdoq"": ""4.0"", ""qcomp"": ""1.0"", ""qpmax"": ""35"", ""qpmin"": ""6"", ""rc-lookahead"": ""19"", ""rd"": ""4"", ""rdoq-level"": ""0"", ""rect"": ""1"", ""ref"": ""5"", ""rskip"": ""1"", ""sao"": ""1"", ""scenecut"": ""5"", ""subme"": ""1"", ""tu-inter-depth"": ""3"", ""tu-intra-depth"": ""2"", ""weightb"": ""1"", ""weightp"": ""1"", ""wpp"": ""0""}"
x265,lf09_hard01,"lambda_f=0.9, hard=0.1",16031,RQ3,179,15.84,19.25,15.84,19.63412618637085,"['Standard', '320p', 30, '10s']",0.0,19.634027242660522,0.0,"{""amp"": ""1"", ""aq-mode"": ""1"", ""aq-strength"": ""1.8"", ""b-adapt"": ""0"", ""bframes"": ""6"", ""crf"": ""18.0"", ""ctu"": ""64"", ""keyint"": ""410"", ""limit-refs"": ""3"", ""limit-tu"": ""4"", ""me"": ""umh"", ""merange"": ""45"", ""open-gop"": ""1"", ""psy-rd"": ""3.0"", ""psy-rdoq"": ""1.0"", ""qcomp"": ""0.8"", ""qpmax"": ""22"", ""qpmin"": ""3"", ""rc-lookahead"": ""52"", ""rd"": ""4"", ""rdoq-level"": ""2"", ""rect"": ""1"", ""ref"": ""5"", ""rskip"": ""1"", ""sao"": ""1"", ""scenecut"": ""43"", ""subme"": ""5"", ""tu-inter-depth"": ""2"", ""tu-intra-depth"": ""4"", ""weightb"": ""1"", ""weightp"": ""1"", ""wpp"": ""1""}"
x265,lf09_hard01,"lambda_f=0.9, hard=0.1",16031,RQ3,180,15.33,19.89,15.33,20.29818892478943,"['Standard', '320p', 30, '10s']",0.0,20.298040866851807,0.0,"{""amp"": ""1"", ""aq-mode"": ""3"", ""aq-strength"": ""1.8"", ""b-adapt"": ""1"", ""bframes"": ""8"", ""crf"": ""20.0"", ""ctu"": ""32"", ""keyint"": ""221"", ""limit-refs"": ""1"", ""limit-tu"": ""2"", ""me"": ""star"", ""merange"": ""39"", ""open-gop"": ""1"", ""psy-rd"": ""3.5"", ""psy-rdoq"": ""2.0"", ""qcomp"": ""0.6"", ""qpmax"": ""23"", ""qpmin"": ""2"", ""rc-lookahead"": ""27"", ""rd"": ""4"", ""rdoq-level"": ""2"", ""rect"": ""1"", ""ref"": ""5"", ""rskip"": ""1"", ""sao"": ""1"", ""scenecut"": ""62"", ""subme"": ""1"", ""tu-inter-depth"": ""2"", ""tu-intra-depth"": ""2"", ""weightb"": ""0"", ""weightp"": ""1"", ""wpp"": ""0""}"
x265,lf09_hard01,"lambda_f=0.9, hard=0.1",16031,RQ3,181,42.69,7.17,42.69,7.520350933074951,"['Standard', '320p', 30, '10s']",0.0,7.520257472991943,0.0,"{""amp"": ""1"", ""aq-mode"": ""0"", ""aq-strength"": ""2.0"", ""b-adapt"": ""1"", ""bframes"": ""8"", ""crf"": ""30.0"", ""ctu"": ""32"", ""keyint"": ""476"", ""limit-refs"": ""2"", ""limit-tu"": ""1"", ""me"": ""hex"", ""merange"": ""44"", ""open-gop"": ""0"", ""psy-rd"": ""4.0"", ""psy-rdoq"": ""0.0"", ""qcomp"": ""1.0"", ""qpmax"": ""29"", ""qpmin"": ""10"", ""rc-lookahead"": ""42"", ""rd"": ""4"", ""rdoq-level"": ""0"", ""rect"": ""0"", ""ref"": ""6"", ""rskip"": ""0"", ""sao"": ""0"", ""scenecut"": ""1"", ""subme"": ""5"", ""tu-inter-depth"": ""4"", ""tu-intra-depth"": ""3"", ""weightb"": ""0"", ""weightp"": ""0"", ""wpp"": ""1""}"
x265,lf09_hard01,"lambda_f=0.9, hard=0.1",16031,RQ3,182,13.95,21.85,13.95,22.183695316314697,"['Standard', '320p', 30, '10s']",0.0,22.183598279953003,0.0,"{""amp"": ""0"", ""aq-mode"": ""1"", ""aq-strength"": ""0.0"", ""b-adapt"": ""0"", ""bframes"": ""1"", ""crf"": ""25.0"", ""ctu"": ""32"", ""keyint"": ""181"", ""limit-refs"": ""2"", ""limit-tu"": ""1"", ""me"": ""full"", ""merange"": ""26"", ""open-gop"": ""0"", ""psy-rd"": ""2.0"", ""psy-rdoq"": ""4.0"", ""qcomp"": ""0.75"", ""qpmax"": ""47"", ""qpmin"": ""16"", ""rc-lookahead"": ""30"", ""rd"": ""3"", ""rdoq-level"": ""2"", ""rect"": ""1"", ""ref"": ""3"", ""rskip"": ""0"", ""sao"": ""0"", ""scenecut"": ""53"", ""subme"": ""1"", ""tu-inter-depth"": ""3"", ""tu-intra-depth"": ""2"", ""weightb"": ""1"", ""weightp"": ""0"", ""wpp"": ""0""}"
x265,lf09_hard01,"lambda_f=0.9, hard=0.1",16031,RQ3,183,35.37,8.65,35.37,8.99246096611023,"['Standard', '320p', 30, '10s']",0.0,8.992365598678589,0.0,"{""amp"": ""1"", ""aq-mode"": ""0"", ""aq-strength"": ""1.8"", ""b-adapt"": ""2"", ""bframes"": ""1"", ""crf"": ""18.0"", ""ctu"": ""16"", ""keyint"": ""275"", ""limit-refs"": ""2"", ""limit-tu"": ""3"", ""me"": ""umh"", ""merange"": ""62"", ""open-gop"": ""1"", ""psy-rd"": ""3.5"", ""psy-rdoq"": ""5.0"", ""qcomp"": ""0.7"", ""qpmax"": ""43"", ""qpmin"": ""15"", ""rc-lookahead"": ""51"", ""rd"": ""3"", ""rdoq-level"": ""2"", ""rect"": ""0"", ""ref"": ""3"", ""rskip"": ""1"", ""sao"": ""1"", ""scenecut"": ""72"", ""subme"": ""4"", ""tu-inter-depth"": ""2"", ""tu-intra-depth"": ""2"", ""weightb"": ""1"", ""weightp"": ""1"", ""wpp"": ""1""}"
x265,lf09_hard01,"lambda_f=0.9, hard=0.1",16031,RQ3,184,87.06,3.57,87.06,4.12104344367981,"['Standard', '320p', 30, '10s']",0.0,4.120936393737793,0.0,"{""amp"": ""0"", ""aq-mode"": ""1"", ""aq-strength"": ""1.2"", ""b-adapt"": ""1"", ""bframes"": ""0"", ""crf"": ""30.0"", ""ctu"": ""32"", ""keyint"": ""193"", ""limit-refs"": ""3"", ""limit-tu"": ""4"", ""me"": ""umh"", ""merange"": ""28"", ""open-gop"": ""0"", ""psy-rd"": ""0.5"", ""psy-rdoq"": ""2.5"", ""qcomp"": ""0.9"", ""qpmax"": ""41"", ""qpmin"": ""3"", ""rc-lookahead"": ""55"", ""rd"": ""4"", ""rdoq-level"": ""2"", ""rect"": ""1"", ""ref"": ""5"", ""rskip"": ""1"", ""sao"": ""1"", ""scenecut"": ""35"", ""subme"": ""3"", ""tu-inter-depth"": ""2"", ""tu-intra-depth"": ""1"", ""weightb"": ""1"", ""weightp"": ""0"", ""wpp"": ""1""}"
x265,lf09_hard01,"lambda_f=0.9, hard=0.1",16031,RQ3,185,48.78,6.28,48.78,6.6276490688323975,"['Standard', '320p', 30, '10s']",0.0,6.627548933029175,0.0,"{""amp"": ""1"", ""aq-mode"": ""1"", ""aq-strength"": ""2.0"", ""b-adapt"": ""2"", ""bframes"": ""1"", ""crf"": ""25.0"", ""ctu"": ""32"", ""keyint"": ""292"", ""limit-refs"": ""1"", ""limit-tu"": ""1"", ""me"": ""umh"", ""merange"": ""34"", ""open-gop"": ""1"", ""psy-rd"": ""3.0"", ""psy-rdoq"": ""4.0"", ""qcomp"": ""0.75"", ""qpmax"": ""50"", ""qpmin"": ""8"", ""rc-lookahead"": ""55"", ""rd"": ""3"", ""rdoq-level"": ""0"", ""rect"": ""1"", ""ref"": ""2"", ""rskip"": ""0"", ""sao"": ""1"", ""scenecut"": ""35"", ""subme"": ""4"", ""tu-inter-depth"": ""2"", ""tu-intra-depth"": ""4"", ""weightb"": ""0"", ""weightp"": ""1"", ""wpp"": ""1""}"
x265,lf09_hard01,"lambda_f=0.9, hard=0.1",16031,RQ3,186,55.77,5.51,55.77,5.848745346069336,"['Standard', '320p', 30, '10s']",0.0,5.848641872406006,0.0,"{""amp"": ""0"", ""aq-mode"": ""0"", ""aq-strength"": ""1.2"", ""b-adapt"": ""2"", ""bframes"": ""3"", ""crf"": ""30.0"", ""ctu"": ""32"", ""keyint"": ""337"", ""limit-refs"": ""2"", ""limit-tu"": ""1"", ""me"": ""hex"", ""merange"": ""33"", ""open-gop"": ""1"", ""psy-rd"": ""0.0"", ""psy-rdoq"": ""3.5"", ""qcomp"": ""0.6"", ""qpmax"": ""40"", ""qpmin"": ""11"", ""rc-lookahead"": ""41"", ""rd"": ""4"", ""rdoq-level"": ""2"", ""rect"": ""0"", ""ref"": ""3"", ""rskip"": ""0"", ""sao"": ""1"", ""scenecut"": ""71"", ""subme"": ""1"", ""tu-inter-depth"": ""4"", ""tu-intra-depth"": ""3"", ""weightb"": ""1"", ""weightp"": ""1"", ""wpp"": ""0""}"
x265,lf09_hard01,"lambda_f=0.9, hard=0.1",16031,RQ3,187,20.47,14.91,20.47,15.23767375946045,"['Standard', '320p', 30, '10s']",0.0,15.237571001052856,0.0,"{""amp"": ""1"", ""aq-mode"": ""1"", ""aq-strength"": ""1.2"", ""b-adapt"": ""0"", ""bframes"": ""0"", ""crf"": ""18.0"", ""ctu"": ""64"", ""keyint"": ""223"", ""limit-refs"": ""2"", ""limit-tu"": ""4"", ""me"": ""umh"", ""merange"": ""41"", ""open-gop"": ""0"", ""psy-rd"": ""1.0"", ""psy-rdoq"": ""5.0"", ""qcomp"": ""0.75"", ""qpmax"": ""47"", ""qpmin"": ""9"", ""rc-lookahead"": ""49"", ""rd"": ""3"", ""rdoq-level"": ""1"", ""rect"": ""1"", ""ref"": ""5"", ""rskip"": ""1"", ""sao"": ""0"", ""scenecut"": ""61"", ""subme"": ""2"", ""tu-inter-depth"": ""3"", ""tu-intra-depth"": ""1"", ""weightb"": ""1"", ""weightp"": ""1"", ""wpp"": ""0""}"
x265,lf09_hard01,"lambda_f=0.9, hard=0.1",16031,RQ3,188,109.55,2.84,109.55,3.165707588195801,"['Standard', '320p', 30, '10s']",0.0,3.1656033992767334,0.0,"{""amp"": ""0"", ""aq-mode"": ""1"", ""aq-strength"": ""2.0"", ""b-adapt"": ""1"", ""bframes"": ""2"", ""crf"": ""32.0"", ""ctu"": ""64"", ""keyint"": ""459"", ""limit-refs"": ""1"", ""limit-tu"": ""4"", ""me"": ""star"", ""merange"": ""36"", ""open-gop"": ""0"", ""psy-rd"": ""4.0"", ""psy-rdoq"": ""5.0"", ""qcomp"": ""1.0"", ""qpmax"": ""47"", ""qpmin"": ""8"", ""rc-lookahead"": ""51"", ""rd"": ""3"", ""rdoq-level"": ""1"", ""rect"": ""0"", ""ref"": ""1"", ""rskip"": ""1"", ""sao"": ""1"", ""scenecut"": ""12"", ""subme"": ""2"", ""tu-inter-depth"": ""3"", ""tu-intra-depth"": ""4"", ""weightb"": ""0"", ""weightp"": ""0"", ""wpp"": ""0""}"
x265,lf09_hard01,"lambda_f=0.9, hard=0.1",16031,RQ3,189,13.13,23.2,13.13,23.53703498840332,"['Standard', '320p', 30, '10s']",0.0,23.536938667297363,0.0,"{""amp"": ""0"", ""aq-mode"": ""4"", ""aq-strength"": ""1.2"", ""b-adapt"": ""0"", ""bframes"": ""1"", ""crf"": ""20.0"", ""ctu"": ""32"", ""keyint"": ""146"", ""limit-refs"": ""0"", ""limit-tu"": ""3"", ""me"": ""umh"", ""merange"": ""58"", ""open-gop"": ""0"", ""psy-rd"": ""2.0"", ""psy-rdoq"": ""0.0"", ""qcomp"": ""0.7"", ""qpmax"": ""26"", ""qpmin"": ""8"", ""rc-lookahead"": ""38"", ""rd"": ""5"", ""rdoq-level"": ""1"", ""rect"": ""0"", ""ref"": ""2"", ""rskip"": ""1"", ""sao"": ""0"", ""scenecut"": ""2"", ""subme"": ""2"", ""tu-inter-depth"": ""1"", ""tu-intra-depth"": ""3"", ""weightb"": ""0"", ""weightp"": ""0"", ""wpp"": ""1""}"
x265,lf09_hard01,"lambda_f=0.9, hard=0.1",16031,RQ3,190,15.11,20.17,15.11,20.50298261642456,"['Standard', '320p', 30, '10s']",0.0,20.502886056900024,0.0,"{""amp"": ""0"", ""aq-mode"": ""2"", ""aq-strength"": ""1.5"", ""b-adapt"": ""2"", ""bframes"": ""0"", ""crf"": ""25.0"", ""ctu"": ""16"", ""keyint"": ""477"", ""limit-refs"": ""1"", ""limit-tu"": ""0"", ""me"": ""dia"", ""merange"": ""47"", ""open-gop"": ""0"", ""psy-rd"": ""1.0"", ""psy-rdoq"": ""5.0"", ""qcomp"": ""0.75"", ""qpmax"": ""45"", ""qpmin"": ""4"", ""rc-lookahead"": ""38"", ""rd"": ""6"", ""rdoq-level"": ""2"", ""rect"": ""1"", ""ref"": ""4"", ""rskip"": ""1"", ""sao"": ""1"", ""scenecut"": ""53"", ""subme"": ""2"", ""tu-inter-depth"": ""1"", ""tu-intra-depth"": ""2"", ""weightb"": ""1"", ""weightp"": ""1"", ""wpp"": ""1""}"
x265,lf09_hard01,"lambda_f=0.9, hard=0.1",16031,RQ3,191,63.45,4.89,63.45,5.4561989307403564,"['Standard', '320p', 30, '10s']",0.0,5.456095218658447,0.0,"{""amp"": ""0"", ""aq-mode"": ""1"", ""aq-strength"": ""1.8"", ""b-adapt"": ""0"", ""bframes"": ""6"", ""crf"": ""20.0"", ""ctu"": ""32"", ""keyint"": ""341"", ""limit-refs"": ""2"", ""limit-tu"": ""2"", ""me"": ""hex"", ""merange"": ""27"", ""open-gop"": ""0"", ""psy-rd"": ""0.0"", ""psy-rdoq"": ""2.5"", ""qcomp"": ""0.8"", ""qpmax"": ""46"", ""qpmin"": ""4"", ""rc-lookahead"": ""54"", ""rd"": ""4"", ""rdoq-level"": ""0"", ""rect"": ""0"", ""ref"": ""2"", ""rskip"": ""0"", ""sao"": ""0"", ""scenecut"": ""95"", ""subme"": ""4"", ""tu-inter-depth"": ""3"", ""tu-intra-depth"": ""3"", ""weightb"": ""0"", ""weightp"": ""0"", ""wpp"": ""1""}"
x265,lf09_hard01,"lambda_f=0.9, hard=0.1",16031,RQ3,192,14.77,20.63,14.77,20.967507123947144,"['Standard', '320p', 30, '10s']",0.0,20.96741509437561,0.0,"{""amp"": ""0"", ""aq-mode"": ""1"", ""aq-strength"": ""1.0"", ""b-adapt"": ""2"", ""bframes"": ""6"", ""crf"": ""30.0"", ""ctu"": ""16"", ""keyint"": ""271"", ""limit-refs"": ""2"", ""limit-tu"": ""3"", ""me"": ""umh"", ""merange"": ""62"", ""open-gop"": ""0"", ""psy-rd"": ""0.5"", ""psy-rdoq"": ""3.5"", ""qcomp"": ""0.6"", ""qpmax"": ""51"", ""qpmin"": ""13"", ""rc-lookahead"": ""51"", ""rd"": ""6"", ""rdoq-level"": ""1"", ""rect"": ""1"", ""ref"": ""6"", ""rskip"": ""1"", ""sao"": ""1"", ""scenecut"": ""84"", ""subme"": ""5"", ""tu-inter-depth"": ""3"", ""tu-intra-depth"": ""3"", ""weightb"": ""1"", ""weightp"": ""1"", ""wpp"": ""1""}"
x265,lf09_hard01,"lambda_f=0.9, hard=0.1",16031,RQ3,193,23.49,13.0,23.49,13.325949668884277,"['Standard', '320p', 30, '10s']",0.0,13.325851202011108,0.0,"{""amp"": ""0"", ""aq-mode"": ""2"", ""aq-strength"": ""1.8"", ""b-adapt"": ""1"", ""bframes"": ""4"", ""crf"": ""30.0"", ""ctu"": ""16"", ""keyint"": ""282"", ""limit-refs"": ""1"", ""limit-tu"": ""3"", ""me"": ""full"", ""merange"": ""19"", ""open-gop"": ""1"", ""psy-rd"": ""1.5"", ""psy-rdoq"": ""1.5"", ""qcomp"": ""0.75"", ""qpmax"": ""29"", ""qpmin"": ""11"", ""rc-lookahead"": ""60"", ""rd"": ""3"", ""rdoq-level"": ""1"", ""rect"": ""1"", ""ref"": ""3"", ""rskip"": ""1"", ""sao"": ""1"", ""scenecut"": ""73"", ""subme"": ""2"", ""tu-inter-depth"": ""2"", ""tu-intra-depth"": ""3"", ""weightb"": ""1"", ""weightp"": ""1"", ""wpp"": ""0""}"
x265,lf09_hard01,"lambda_f=0.9, hard=0.1",16031,RQ3,194,9.54,31.93,9.54,32.2665798664093,"['Standard', '320p', 30, '10s']",0.0,32.26647162437439,0.0,"{""amp"": ""0"", ""aq-mode"": ""4"", ""aq-strength"": ""1.5"", ""b-adapt"": ""2"", ""bframes"": ""3"", ""crf"": ""22.0"", ""ctu"": ""64"", ""keyint"": ""405"", ""limit-refs"": ""3"", ""limit-tu"": ""1"", ""me"": ""star"", ""merange"": ""23"", ""open-gop"": ""1"", ""psy-rd"": ""1.5"", ""psy-rdoq"": ""0.5"", ""qcomp"": ""0.8"", ""qpmax"": ""50"", ""qpmin"": ""19"", ""rc-lookahead"": ""27"", ""rd"": ""5"", ""rdoq-level"": ""1"", ""rect"": ""1"", ""ref"": ""4"", ""rskip"": ""0"", ""sao"": ""0"", ""scenecut"": ""79"", ""subme"": ""2"", ""tu-inter-depth"": ""4"", ""tu-intra-depth"": ""1"", ""weightb"": ""1"", ""weightp"": ""1"", ""wpp"": ""0""}"
x265,lf09_hard01,"lambda_f=0.9, hard=0.1",16031,RQ3,195,39.78,7.7,39.78,8.04456090927124,"['Standard', '320p', 30, '10s']",0.0,8.044466257095337,0.0,"{""amp"": ""0"", ""aq-mode"": ""1"", ""aq-strength"": ""1.2"", ""b-adapt"": ""2"", ""bframes"": ""4"", ""crf"": ""18.0"", ""ctu"": ""64"", ""keyint"": ""469"", ""limit-refs"": ""3"", ""limit-tu"": ""3"", ""me"": ""hex"", ""merange"": ""43"", ""open-gop"": ""1"", ""psy-rd"": ""0.0"", ""psy-rdoq"": ""0.0"", ""qcomp"": ""1.0"", ""qpmax"": ""42"", ""qpmin"": ""9"", ""rc-lookahead"": ""51"", ""rd"": ""2"", ""rdoq-level"": ""1"", ""rect"": ""1"", ""ref"": ""5"", ""rskip"": ""1"", ""sao"": ""1"", ""scenecut"": ""12"", ""subme"": ""5"", ""tu-inter-depth"": ""3"", ""tu-intra-depth"": ""4"", ""weightb"": ""1"", ""weightp"": ""1"", ""wpp"": ""1""}"
x265,lf09_hard01,"lambda_f=0.9, hard=0.1",16031,RQ3,196,17.57,17.36,17.57,17.70769190788269,"['Standard', '320p', 30, '10s']",0.0,17.70759892463684,0.0,"{""amp"": ""0"", ""aq-mode"": ""3"", ""aq-strength"": ""1.5"", ""b-adapt"": ""1"", ""bframes"": ""6"", ""crf"": ""32.0"", ""ctu"": ""64"", ""keyint"": ""172"", ""limit-refs"": ""3"", ""limit-tu"": ""0"", ""me"": ""star"", ""merange"": ""45"", ""open-gop"": ""1"", ""psy-rd"": ""2.5"", ""psy-rdoq"": ""2.0"", ""qcomp"": ""0.6"", ""qpmax"": ""49"", ""qpmin"": ""10"", ""rc-lookahead"": ""48"", ""rd"": ""6"", ""rdoq-level"": ""1"", ""rect"": ""0"", ""ref"": ""6"", ""rskip"": ""1"", ""sao"": ""1"", ""scenecut"": ""30"", ""subme"": ""5"", ""tu-inter-depth"": ""3"", ""tu-intra-depth"": ""2"", ""weightb"": ""0"", ""weightp"": ""1"", ""wpp"": ""1""}"
x265,lf09_hard01,"lambda_f=0.9, hard=0.1",16031,RQ3,197,26.38,11.58,26.38,11.928619623184204,"['Standard', '320p', 30, '10s']",0.0,11.928519487380981,0.0,"{""amp"": ""0"", ""aq-mode"": ""3"", ""aq-strength"": ""1.8"", ""b-adapt"": ""1"", ""bframes"": ""3"", ""crf"": ""32.0"", ""ctu"": ""16"", ""keyint"": ""128"", ""limit-refs"": ""3"", ""limit-tu"": ""1"", ""me"": ""star"", ""merange"": ""55"", ""open-gop"": ""1"", ""psy-rd"": ""2.5"", ""psy-rdoq"": ""3.0"", ""qcomp"": ""0.9"", ""qpmax"": ""47"", ""qpmin"": ""9"", ""rc-lookahead"": ""51"", ""rd"": ""6"", ""rdoq-level"": ""1"", ""rect"": ""1"", ""ref"": ""3"", ""rskip"": ""1"", ""sao"": ""0"", ""scenecut"": ""81"", ""subme"": ""2"", ""tu-inter-depth"": ""3"", ""tu-intra-depth"": ""3"", ""weightb"": ""1"", ""weightp"": ""1"", ""wpp"": ""0""}"
x265,lf09_hard01,"lambda_f=0.9, hard=0.1",16031,RQ3,198,36.54,8.43,36.54,9.007680177688599,"['Standard', '320p', 30, '10s']",0.0,9.007576704025269,0.0,"{""amp"": ""1"", ""aq-mode"": ""4"", ""aq-strength"": ""0.0"", ""b-adapt"": ""2"", ""bframes"": ""1"", ""crf"": ""28.0"", ""ctu"": ""64"", ""keyint"": ""222"", ""limit-refs"": ""2"", ""limit-tu"": ""1"", ""me"": ""star"", ""merange"": ""45"", ""open-gop"": ""1"", ""psy-rd"": ""2.0"", ""psy-rdoq"": ""5.0"", ""qcomp"": ""0.5"", ""qpmax"": ""24"", ""qpmin"": ""19"", ""rc-lookahead"": ""32"", ""rd"": ""3"", ""rdoq-level"": ""0"", ""rect"": ""0"", ""ref"": ""2"", ""rskip"": ""0"", ""sao"": ""1"", ""scenecut"": ""15"", ""subme"": ""1"", ""tu-inter-depth"": ""2"", ""tu-intra-depth"": ""3"", ""weightb"": ""0"", ""weightp"": ""1"", ""wpp"": ""0""}"
x265,lf09_hard01,"lambda_f=0.9, hard=0.1",16031,RQ3,199,11.06,27.53,11.06,27.869277954101562,"['Standard', '320p', 30, '10s']",0.0,27.869175672531128,0.0,"{""amp"": ""0"", ""aq-mode"": ""1"", ""aq-strength"": ""1.0"", ""b-adapt"": ""2"", ""bframes"": ""4"", ""crf"": ""20.0"", ""ctu"": ""64"", ""keyint"": ""44"", ""limit-refs"": ""3"", ""limit-tu"": ""3"", ""me"": ""umh"", ""merange"": ""59"", ""open-gop"": ""1"", ""psy-rd"": ""4.0"", ""psy-rdoq"": ""1.5"", ""qcomp"": ""1.0"", ""qpmax"": ""32"", ""qpmin"": ""11"", ""rc-lookahead"": ""31"", ""rd"": ""5"", ""rdoq-level"": ""2"", ""rect"": ""0"", ""ref"": ""2"", ""rskip"": ""0"", ""sao"": ""0"", ""scenecut"": ""35"", ""subme"": ""2"", ""tu-inter-depth"": ""1"", ""tu-intra-depth"": ""1"", ""weightb"": ""0"", ""weightp"": ""0"", ""wpp"": ""1""}"
x265,lf09_hard01,"lambda_f=0.9, hard=0.1",16031,RQ3,200,16.39,18.6,16.39,18.949114561080933,"['Standard', '320p', 30, '10s']",0.0,18.949013233184814,0.0,"{""amp"": ""0"", ""aq-mode"": ""0"", ""aq-strength"": ""1.2"", ""b-adapt"": ""0"", ""bframes"": ""1"", ""crf"": ""28.0"", ""ctu"": ""64"", ""keyint"": ""127"", ""limit-refs"": ""2"", ""limit-tu"": ""2"", ""me"": ""dia"", ""merange"": ""42"", ""open-gop"": ""1"", ""psy-rd"": ""4.0"", ""psy-rdoq"": ""4.0"", ""qcomp"": ""1.0"", ""qpmax"": ""34"", ""qpmin"": ""1"", ""rc-lookahead"": ""31"", ""rd"": ""5"", ""rdoq-level"": ""1"", ""rect"": ""0"", ""ref"": ""6"", ""rskip"": ""1"", ""sao"": ""0"", ""scenecut"": ""85"", ""subme"": ""3"", ""tu-inter-depth"": ""2"", ""tu-intra-depth"": ""4"", ""weightb"": ""0"", ""weightp"": ""1"", ""wpp"": ""0""}"
x265,lf09_hard01,"lambda_f=0.9, hard=0.1",16032,RQ3,1,81.24,3.79,81.24,4.137770414352417,"['Standard', '320p', 30, '10s']",0.0,4.137099027633667,0.0,"{""amp"": ""1"", ""aq-mode"": ""2"", ""aq-strength"": ""1.0"", ""b-adapt"": ""2"", ""bframes"": ""4"", ""crf"": ""28.0"", ""ctu"": ""64"", ""keyint"": ""250"", ""limit-refs"": ""3"", ""limit-tu"": ""0"", ""me"": ""hex"", ""merange"": ""57"", ""open-gop"": ""1"", ""psy-rd"": ""2.0"", ""psy-rdoq"": ""1.0"", ""qcomp"": ""0.6"", ""qpmax"": ""51"", ""qpmin"": ""0"", ""rc-lookahead"": ""20"", ""rd"": ""3"", ""rdoq-level"": ""1"", ""rect"": ""1"", ""ref"": ""3"", ""rskip"": ""1"", ""sao"": ""1"", ""scenecut"": ""40"", ""subme"": ""2"", ""tu-inter-depth"": ""1"", ""tu-intra-depth"": ""1"", ""weightb"": ""0"", ""weightp"": ""1"", ""wpp"": ""1""}"
x265,lf09_hard01,"lambda_f=0.9, hard=0.1",16032,RQ3,2,58.47,5.25,58.47,5.580228090286255,"['Standard', '320p', 30, '10s']",0.0,5.580143213272095,0.0,"{""amp"": ""1"", ""aq-mode"": ""2"", ""aq-strength"": ""1.0"", ""b-adapt"": ""2"", ""bframes"": ""4"", ""crf"": ""28.0"", ""ctu"": ""16"", ""keyint"": ""250"", ""limit-refs"": ""3"", ""limit-tu"": ""0"", ""me"": ""hex"", ""merange"": ""57"", ""open-gop"": ""1"", ""psy-rd"": ""2.0"", ""psy-rdoq"": ""1.0"", ""qcomp"": ""0.6"", ""qpmax"": ""51"", ""qpmin"": ""0"", ""rc-lookahead"": ""20"", ""rd"": ""3"", ""rdoq-level"": ""1"", ""rect"": ""1"", ""ref"": ""3"", ""rskip"": ""0"", ""sao"": ""1"", ""scenecut"": ""40"", ""subme"": ""2"", ""tu-inter-depth"": ""1"", ""tu-intra-depth"": ""1"", ""weightb"": ""0"", ""weightp"": ""1"", ""wpp"": ""1""}"
x265,lf09_hard01,"lambda_f=0.9, hard=0.1",16032,RQ3,3,114.59,2.71,114.59,3.1109466552734375,"['Standard', '320p', 30, '10s']",0.0,3.110799789428711,0.0,"{""amp"": ""1"", ""aq-mode"": ""2"", ""aq-strength"": ""1.0"", ""b-adapt"": ""2"", ""bframes"": ""4"", ""crf"": ""28.0"", ""ctu"": ""64"", ""keyint"": ""250"", ""limit-refs"": ""3"", ""limit-tu"": ""0"", ""me"": ""hex"", ""merange"": ""57"", ""open-gop"": ""1"", ""psy-rd"": ""0.5"", ""psy-rdoq"": ""1.0"", ""qcomp"": ""0.6"", ""qpmax"": ""51"", ""qpmin"": ""0"", ""rc-lookahead"": ""20"", ""rd"": ""1"", ""rdoq-level"": ""1"", ""rect"": ""1"", ""ref"": ""3"", ""rskip"": ""1"", ""sao"": ""1"", ""scenecut"": ""40"", ""subme"": ""2"", ""tu-inter-depth"": ""1"", ""tu-intra-depth"": ""1"", ""weightb"": ""0"", ""weightp"": ""1"", ""wpp"": ""1""}"
x265,lf09_hard01,"lambda_f=0.9, hard=0.1",16032,RQ3,4,117.36,2.64,117.36,2.979584217071533,"['Standard', '320p', 30, '10s']",0.0,2.979498863220215,0.0,"{""amp"": ""1"", ""aq-mode"": ""2"", ""aq-strength"": ""1.0"", ""b-adapt"": ""2"", ""bframes"": ""4"", ""crf"": ""28.0"", ""ctu"": ""64"", ""keyint"": ""250"", ""limit-refs"": ""3"", ""limit-tu"": ""0"", ""me"": ""hex"", ""merange"": ""57"", ""open-gop"": ""1"", ""psy-rd"": ""1.0"", ""psy-rdoq"": ""1.0"", ""qcomp"": ""0.6"", ""qpmax"": ""51"", ""qpmin"": ""0"", ""rc-lookahead"": ""20"", ""rd"": ""1"", ""rdoq-level"": ""1"", ""rect"": ""1"", ""ref"": ""3"", ""rskip"": ""1"", ""sao"": ""1"", ""scenecut"": ""40"", ""subme"": ""2"", ""tu-inter-depth"": ""1"", ""tu-intra-depth"": ""1"", ""weightb"": ""0"", ""weightp"": ""1"", ""wpp"": ""1""}"
x265,lf09_hard01,"lambda_f=0.9, hard=0.1",16032,RQ3,5,121.72,2.55,121.72,2.8901031017303467,"['Standard', '320p', 30, '10s']",0.0,2.890021562576294,0.0,"{""amp"": ""1"", ""aq-mode"": ""2"", ""aq-strength"": ""1.0"", ""b-adapt"": ""2"", ""bframes"": ""4"", ""crf"": ""28.0"", ""ctu"": ""64"", ""keyint"": ""250"", ""limit-refs"": ""3"", ""limit-tu"": ""0"", ""me"": ""hex"", ""merange"": ""57"", ""open-gop"": ""1"", ""psy-rd"": ""1.5"", ""psy-rdoq"": ""1.0"", ""qcomp"": ""0.6"", ""qpmax"": ""51"", ""qpmin"": ""0"", ""rc-lookahead"": ""20"", ""rd"": ""1"", ""rdoq-level"": ""1"", ""rect"": ""1"", ""ref"": ""3"", ""rskip"": ""1"", ""sao"": ""1"", ""scenecut"": ""40"", ""subme"": ""2"", ""tu-inter-depth"": ""1"", ""tu-intra-depth"": ""1"", ""weightb"": ""0"", ""weightp"": ""1"", ""wpp"": ""1""}"
x265,lf09_hard01,"lambda_f=0.9, hard=0.1",16032,RQ3,6,25.86,11.81,25.86,12.140324592590332,"['Standard', '320p', 30, '10s']",0.0,12.140241622924805,0.0,"{""amp"": ""1"", ""aq-mode"": ""2"", ""aq-strength"": ""1.0"", ""b-adapt"": ""2"", ""bframes"": ""4"", ""crf"": ""28.0"", ""ctu"": ""64"", ""keyint"": ""250"", ""limit-refs"": ""3"", ""limit-tu"": ""0"", ""me"": ""hex"", ""merange"": ""57"", ""open-gop"": ""1"", ""psy-rd"": ""2.0"", ""psy-rdoq"": ""1.0"", ""qcomp"": ""0.6"", ""qpmax"": ""51"", ""qpmin"": ""0"", ""rc-lookahead"": ""20"", ""rd"": ""6"", ""rdoq-level"": ""1"", ""rect"": ""1"", ""ref"": ""3"", ""rskip"": ""1"", ""sao"": ""1"", ""scenecut"": ""40"", ""subme"": ""2"", ""tu-inter-depth"": ""1"", ""tu-intra-depth"": ""1"", ""weightb"": ""0"", ""weightp"": ""1"", ""wpp"": ""1""}"
x265,lf09_hard01,"lambda_f=0.9, hard=0.1",16032,RQ3,7,44.14,6.94,44.14,7.281266450881958,"['Standard', '320p', 30, '10s']",0.0,7.28117823600769,0.0,"{""amp"": ""1"", ""aq-mode"": ""2"", ""aq-strength"": ""1.0"", ""b-adapt"": ""2"", ""bframes"": ""4"", ""crf"": ""28.0"", ""ctu"": ""64"", ""keyint"": ""250"", ""limit-refs"": ""0"", ""limit-tu"": ""0"", ""me"": ""hex"", ""merange"": ""57"", ""open-gop"": ""1"", ""psy-rd"": ""2.0"", ""psy-rdoq"": ""1.0"", ""qcomp"": ""0.6"", ""qpmax"": ""51"", ""qpmin"": ""0"", ""rc-lookahead"": ""20"", ""rd"": ""3"", ""rdoq-level"": ""1"", ""rect"": ""1"", ""ref"": ""6"", ""rskip"": ""1"", ""sao"": ""1"", ""scenecut"": ""40"", ""subme"": ""2"", ""tu-inter-depth"": ""1"", ""tu-intra-depth"": ""1"", ""weightb"": ""0"", ""weightp"": ""1"", ""wpp"": ""1""}"
x265,lf09_hard01,"lambda_f=0.9, hard=0.1",16032,RQ3,8,8.88,34.28,8.88,34.6043426990509,"['Standard', '320p', 30, '10s']",0.0,34.60424757003784,0.0,"{""amp"": ""1"", ""aq-mode"": ""2"", ""aq-strength"": ""1.0"", ""b-adapt"": ""2"", ""bframes"": ""4"", ""crf"": ""28.0"", ""ctu"": ""64"", ""keyint"": ""250"", ""limit-refs"": ""3"", ""limit-tu"": ""0"", ""me"": ""full"", ""merange"": ""57"", ""open-gop"": ""1"", ""psy-rd"": ""2.0"", ""psy-rdoq"": ""1.0"", ""qcomp"": ""0.6"", ""qpmax"": ""51"", ""qpmin"": ""0"", ""rc-lookahead"": ""20"", ""rd"": ""3"", ""rdoq-level"": ""1"", ""rect"": ""1"", ""ref"": ""3"", ""rskip"": ""1"", ""sao"": ""1"", ""scenecut"": ""40"", ""subme"": ""3"", ""tu-inter-depth"": ""1"", ""tu-intra-depth"": ""1"", ""weightb"": ""0"", ""weightp"": ""1"", ""wpp"": ""1""}"
x265,lf09_hard01,"lambda_f=0.9, hard=0.1",16032,RQ3,9,8.74,34.84,8.74,35.18245077133179,"['Standard', '320p', 30, '10s']",0.0,35.1823525428772,0.0,"{""amp"": ""1"", ""aq-mode"": ""2"", ""aq-strength"": ""1.0"", ""b-adapt"": ""2"", ""bframes"": ""4"", ""crf"": ""28.0"", ""ctu"": ""64"", ""keyint"": ""250"", ""limit-refs"": ""3"", ""limit-tu"": ""0"", ""me"": ""full"", ""merange"": ""57"", ""open-gop"": ""1"", ""psy-rd"": ""2.0"", ""psy-rdoq"": ""1.0"", ""qcomp"": ""0.6"", ""qpmax"": ""51"", ""qpmin"": ""0"", ""rc-lookahead"": ""20"", ""rd"": ""3"", ""rdoq-level"": ""1"", ""rect"": ""1"", ""ref"": ""3"", ""rskip"": ""1"", ""sao"": ""1"", ""scenecut"": ""40"", ""subme"": ""4"", ""tu-inter-depth"": ""1"", ""tu-intra-depth"": ""1"", ""weightb"": ""0"", ""weightp"": ""1"", ""wpp"": ""1""}"
x265,lf09_hard01,"lambda_f=0.9, hard=0.1",16032,RQ3,10,8.46,36.04,8.46,36.594160318374634,"['Standard', '320p', 30, '10s']",0.0,36.594059228897095,0.0,"{""amp"": ""1"", ""aq-mode"": ""2"", ""aq-strength"": ""1.0"", ""b-adapt"": ""2"", ""bframes"": ""4"", ""crf"": ""28.0"", ""ctu"": ""64"", ""keyint"": ""250"", ""limit-refs"": ""3"", ""limit-tu"": ""0"", ""me"": ""full"", ""merange"": ""57"", ""open-gop"": ""1"", ""psy-rd"": ""2.0"", ""psy-rdoq"": ""1.0"", ""qcomp"": ""0.6"", ""qpmax"": ""51"", ""qpmin"": ""0"", ""rc-lookahead"": ""20"", ""rd"": ""3"", ""rdoq-level"": ""1"", ""rect"": ""1"", ""ref"": ""3"", ""rskip"": ""1"", ""sao"": ""1"", ""scenecut"": ""40"", ""subme"": ""5"", ""tu-inter-depth"": ""1"", ""tu-intra-depth"": ""1"", ""weightb"": ""0"", ""weightp"": ""1"", ""wpp"": ""1""}"
x265,lf09_hard01,"lambda_f=0.9, hard=0.1",16032,RQ3,11,32.17,9.51,32.17,9.84332537651062,"['Standard', '320p', 30, '10s']",0.0,9.843235731124878,0.0,"{""amp"": ""1"", ""aq-mode"": ""1"", ""aq-strength"": ""1.0"", ""b-adapt"": ""1"", ""bframes"": ""1"", ""crf"": ""22.0"", ""ctu"": ""64"", ""keyint"": ""465"", ""limit-refs"": ""2"", ""limit-tu"": ""1"", ""me"": ""star"", ""merange"": ""58"", ""open-gop"": ""1"", ""psy-rd"": ""3.0"", ""psy-rdoq"": ""4.0"", ""qcomp"": ""0.5"", ""qpmax"": ""35"", ""qpmin"": ""1"", ""rc-lookahead"": ""28"", ""rd"": ""4"", ""rdoq-level"": ""1"", ""rect"": ""1"", ""ref"": ""6"", ""rskip"": ""0"", ""sao"": ""0"", ""scenecut"": ""66"", ""subme"": ""2"", ""tu-inter-depth"": ""1"", ""tu-intra-depth"": ""3"", ""weightb"": ""0"", ""weightp"": ""0"", ""wpp"": ""0""}"
x265,lf09_hard01,"lambda_f=0.9, hard=0.1",16032,RQ3,12,60.43,5.08,60.43,5.417635202407837,"['Standard', '320p', 30, '10s']",0.0,5.41754674911499,0.0,"{""amp"": ""0"", ""aq-mode"": ""4"", ""aq-strength"": ""1.2"", ""b-adapt"": ""1"", ""bframes"": ""2"", ""crf"": ""28.0"", ""ctu"": ""32"", ""keyint"": ""36"", ""limit-refs"": ""2"", ""limit-tu"": ""1"", ""me"": ""hex"", ""merange"": ""40"", ""open-gop"": ""0"", ""psy-rd"": ""2.0"", ""psy-rdoq"": ""0.0"", ""qcomp"": ""0.9"", ""qpmax"": ""37"", ""qpmin"": ""9"", ""rc-lookahead"": ""43"", ""rd"": ""3"", ""rdoq-level"": ""1"", ""rect"": ""1"", ""ref"": ""3"", ""rskip"": ""1"", ""sao"": ""0"", ""scenecut"": ""54"", ""subme"": ""4"", ""tu-inter-depth"": ""1"", ""tu-intra-depth"": ""4"", ""weightb"": ""0"", ""weightp"": ""0"", ""wpp"": ""1""}"
x265,lf09_hard01,"lambda_f=0.9, hard=0.1",16032,RQ3,13,29.37,10.4,29.37,10.733759880065918,"['Standard', '320p', 30, '10s']",0.0,10.733673334121704,0.0,"{""amp"": ""1"", ""aq-mode"": ""0"", ""aq-strength"": ""0.8"", ""b-adapt"": ""1"", ""bframes"": ""8"", ""crf"": ""22.0"", ""ctu"": ""32"", ""keyint"": ""59"", ""limit-refs"": ""1"", ""limit-tu"": ""2"", ""me"": ""hex"", ""merange"": ""30"", ""open-gop"": ""0"", ""psy-rd"": ""3.5"", ""psy-rdoq"": ""2.0"", ""qcomp"": ""0.8"", ""qpmax"": ""33"", ""qpmin"": ""4"", ""rc-lookahead"": ""22"", ""rd"": ""4"", ""rdoq-level"": ""2"", ""rect"": ""1"", ""ref"": ""3"", ""rskip"": ""1"", ""sao"": ""1"", ""scenecut"": ""97"", ""subme"": ""1"", ""tu-inter-depth"": ""1"", ""tu-intra-depth"": ""4"", ""weightb"": ""1"", ""weightp"": ""0"", ""wpp"": ""1""}"
x265,lf09_hard01,"lambda_f=0.9, hard=0.1",16032,RQ3,14,55.42,5.53,55.42,5.867540121078491,"['Standard', '320p', 30, '10s']",0.0,5.86745285987854,0.0,"{""amp"": ""1"", ""aq-mode"": ""2"", ""aq-strength"": ""1.0"", ""b-adapt"": ""2"", ""bframes"": ""3"", ""crf"": ""22.0"", ""ctu"": ""16"", ""keyint"": ""164"", ""limit-refs"": ""3"", ""limit-tu"": ""4"", ""me"": ""dia"", ""merange"": ""55"", ""open-gop"": ""0"", ""psy-rd"": ""3.5"", ""psy-rdoq"": ""1.0"", ""qcomp"": ""0.9"", ""qpmax"": ""32"", ""qpmin"": ""14"", ""rc-lookahead"": ""17"", ""rd"": ""4"", ""rdoq-level"": ""1"", ""rect"": ""0"", ""ref"": ""1"", ""rskip"": ""1"", ""sao"": ""0"", ""scenecut"": ""28"", ""subme"": ""2"", ""tu-inter-depth"": ""3"", ""tu-intra-depth"": ""1"", ""weightb"": ""0"", ""weightp"": ""1"", ""wpp"": ""1""}"
x265,lf09_hard01,"lambda_f=0.9, hard=0.1",16032,RQ3,15,123.42,2.51,123.42,2.8382930755615234,"['Standard', '320p', 30, '10s']",0.0,2.8382084369659424,0.0,"{""amp"": ""1"", ""aq-mode"": ""1"", ""aq-strength"": ""1.2"", ""b-adapt"": ""0"", ""bframes"": ""1"", ""crf"": ""30.0"", ""ctu"": ""32"", ""keyint"": ""429"", ""limit-refs"": ""3"", ""limit-tu"": ""2"", ""me"": ""umh"", ""merange"": ""43"", ""open-gop"": ""0"", ""psy-rd"": ""4.0"", ""psy-rdoq"": ""2.5"", ""qcomp"": ""0.9"", ""qpmax"": ""39"", ""qpmin"": ""14"", ""rc-lookahead"": ""48"", ""rd"": ""4"", ""rdoq-level"": ""1"", ""rect"": ""0"", ""ref"": ""2"", ""rskip"": ""1"", ""sao"": ""1"", ""scenecut"": ""88"", ""subme"": ""4"", ""tu-inter-depth"": ""2"", ""tu-intra-depth"": ""3"", ""weightb"": ""1"", ""weightp"": ""0"", ""wpp"": ""1""}"
x265,lf09_hard01,"lambda_f=0.9, hard=0.1",16032,RQ3,16,14.59,20.9,14.59,21.23570156097412,"['Standard', '320p', 30, '10s']",0.0,21.235604286193848,0.0,"{""amp"": ""0"", ""aq-mode"": ""2"", ""aq-strength"": ""1.2"", ""b-adapt"": ""1"", ""bframes"": ""5"", ""crf"": ""30.0"", ""ctu"": ""32"", ""keyint"": ""66"", ""limit-refs"": ""3"", ""limit-tu"": ""3"", ""me"": ""umh"", ""merange"": ""44"", ""open-gop"": ""0"", ""psy-rd"": ""2.5"", ""psy-rdoq"": ""5.0"", ""qcomp"": ""0.9"", ""qpmax"": ""30"", ""qpmin"": ""18"", ""rc-lookahead"": ""57"", ""rd"": ""6"", ""rdoq-level"": ""1"", ""rect"": ""1"", ""ref"": ""2"", ""rskip"": ""0"", ""sao"": ""1"", ""scenecut"": ""44"", ""subme"": ""3"", ""tu-inter-depth"": ""2"", ""tu-intra-depth"": ""2"", ""weightb"": ""1"", ""weightp"": ""1"", ""wpp"": ""0""}"
x265,lf09_hard01,"lambda_f=0.9, hard=0.1",16032,RQ3,17,53.74,5.71,53.74,6.039682865142822,"['Standard', '320p', 30, '10s']",0.0,6.039597511291504,0.0,"{""amp"": ""1"", ""aq-mode"": ""2"", ""aq-strength"": ""1.5"", ""b-adapt"": ""2"", ""bframes"": ""6"", ""crf"": ""30.0"", ""ctu"": ""64"", ""keyint"": ""96"", ""limit-refs"": ""0"", ""limit-tu"": ""3"", ""me"": ""umh"", ""merange"": ""21"", ""open-gop"": ""1"", ""psy-rd"": ""3.5"", ""psy-rdoq"": ""1.0"", ""qcomp"": ""0.75"", ""qpmax"": ""37"", ""qpmin"": ""12"", ""rc-lookahead"": ""43"", ""rd"": ""4"", ""rdoq-level"": ""0"", ""rect"": ""0"", ""ref"": ""4"", ""rskip"": ""0"", ""sao"": ""0"", ""scenecut"": ""74"", ""subme"": ""3"", ""tu-inter-depth"": ""2"", ""tu-intra-depth"": ""3"", ""weightb"": ""0"", ""weightp"": ""0"", ""wpp"": ""0""}"
x265,lf09_hard01,"lambda_f=0.9, hard=0.1",16032,RQ3,18,40.83,7.5,40.83,7.826310634613037,"['Standard', '320p', 30, '10s']",0.0,7.826220273971558,0.0,"{""amp"": ""1"", ""aq-mode"": ""0"", ""aq-strength"": ""1.2"", ""b-adapt"": ""1"", ""bframes"": ""3"", ""crf"": ""30.0"", ""ctu"": ""32"", ""keyint"": ""259"", ""limit-refs"": ""2"", ""limit-tu"": ""1"", ""me"": ""hex"", ""merange"": ""45"", ""open-gop"": ""1"", ""psy-rd"": ""3.5"", ""psy-rdoq"": ""2.0"", ""qcomp"": ""0.5"", ""qpmax"": ""36"", ""qpmin"": ""1"", ""rc-lookahead"": ""47"", ""rd"": ""4"", ""rdoq-level"": ""1"", ""rect"": ""1"", ""ref"": ""5"", ""rskip"": ""0"", ""sao"": ""1"", ""scenecut"": ""1"", ""subme"": ""4"", ""tu-inter-depth"": ""3"", ""tu-intra-depth"": ""2"", ""weightb"": ""1"", ""weightp"": ""1"", ""wpp"": ""0""}"
x265,lf09_hard01,"lambda_f=0.9, hard=0.1",16032,RQ3,19,57.85,5.31,57.85,5.63856840133667,"['Standard', '320p', 30, '10s']",0.0,5.6384782791137695,0.0,"{""amp"": ""0"", ""aq-mode"": ""1"", ""aq-strength"": ""0.5"", ""b-adapt"": ""0"", ""bframes"": ""5"", ""crf"": ""18.0"", ""ctu"": ""32"", ""keyint"": ""340"", ""limit-refs"": ""1"", ""limit-tu"": ""3"", ""me"": ""umh"", ""merange"": ""44"", ""open-gop"": ""0"", ""psy-rd"": ""0.0"", ""psy-rdoq"": ""2.0"", ""qcomp"": ""0.75"", ""qpmax"": ""38"", ""qpmin"": ""8"", ""rc-lookahead"": ""17"", ""rd"": ""4"", ""rdoq-level"": ""0"", ""rect"": ""0"", ""ref"": ""3"", ""rskip"": ""0"", ""sao"": ""1"", ""scenecut"": ""18"", ""subme"": ""1"", ""tu-inter-depth"": ""1"", ""tu-intra-depth"": ""2"", ""weightb"": ""1"", ""weightp"": ""1"", ""wpp"": ""1""}"
x265,lf09_hard01,"lambda_f=0.9, hard=0.1",16032,RQ3,20,13.17,23.13,13.17,23.474379777908325,"['Standard', '320p', 30, '10s']",0.0,23.474289417266846,0.0,"{""amp"": ""0"", ""aq-mode"": ""3"", ""aq-strength"": ""1.2"", ""b-adapt"": ""1"", ""bframes"": ""4"", ""crf"": ""22.0"", ""ctu"": ""32"", ""keyint"": ""270"", ""limit-refs"": ""1"", ""limit-tu"": ""4"", ""me"": ""umh"", ""merange"": ""38"", ""open-gop"": ""1"", ""psy-rd"": ""4.0"", ""psy-rdoq"": ""4.0"", ""qcomp"": ""0.9"", ""qpmax"": ""25"", ""qpmin"": ""11"", ""rc-lookahead"": ""30"", ""rd"": ""5"", ""rdoq-level"": ""1"", ""rect"": ""0"", ""ref"": ""3"", ""rskip"": ""1"", ""sao"": ""1"", ""scenecut"": ""38"", ""subme"": ""1"", ""tu-inter-depth"": ""2"", ""tu-intra-depth"": ""3"", ""weightb"": ""0"", ""weightp"": ""1"", ""wpp"": ""1""}"
x265,lf09_hard01,"lambda_f=0.9, hard=0.1",16032,RQ3,21,36.89,8.3,36.89,8.646275043487549,"['Standard', '320p', 30, '10s']",0.0,8.646183252334595,0.0,"{""amp"": ""0"", ""aq-mode"": ""0"", ""aq-strength"": ""0.5"", ""b-adapt"": ""2"", ""bframes"": ""2"", ""crf"": ""20.0"", ""ctu"": ""64"", ""keyint"": ""185"", ""limit-refs"": ""3"", ""limit-tu"": ""2"", ""me"": ""umh"", ""merange"": ""17"", ""open-gop"": ""1"", ""psy-rd"": ""0.5"", ""psy-rdoq"": ""4.0"", ""qcomp"": ""0.9"", ""qpmax"": ""37"", ""qpmin"": ""6"", ""rc-lookahead"": ""23"", ""rd"": ""4"", ""rdoq-level"": ""1"", ""rect"": ""0"", ""ref"": ""5"", ""rskip"": ""1"", ""sao"": ""0"", ""scenecut"": ""45"", ""subme"": ""2"", ""tu-inter-depth"": ""1"", ""tu-intra-depth"": ""2"", ""weightb"": ""0"", ""weightp"": ""1"", ""wpp"": ""0""}"
x265,lf09_hard01,"lambda_f=0.9, hard=0.1",16032,RQ3,22,8.55,35.63,8.55,35.9631872177124,"['Standard', '320p', 30, '10s']",0.0,35.963093280792236,0.0,"{""amp"": ""0"", ""aq-mode"": ""2"", ""aq-strength"": ""0.5"", ""b-adapt"": ""1"", ""bframes"": ""7"", ""crf"": ""18.0"", ""ctu"": ""32"", ""keyint"": ""51"", ""limit-refs"": ""1"", ""limit-tu"": ""0"", ""me"": ""star"", ""merange"": ""40"", ""open-gop"": ""1"", ""psy-rd"": ""0.5"", ""psy-rdoq"": ""2.5"", ""qcomp"": ""0.8"", ""qpmax"": ""36"", ""qpmin"": ""17"", ""rc-lookahead"": ""28"", ""rd"": ""5"", ""rdoq-level"": ""0"", ""rect"": ""1"", ""ref"": ""4"", ""rskip"": ""1"", ""sao"": ""1"", ""scenecut"": ""80"", ""subme"": ""3"", ""tu-inter-depth"": ""4"", ""tu-intra-depth"": ""4"", ""weightb"": ""1"", ""weightp"": ""0"", ""wpp"": ""0""}"
x265,lf09_hard01,"lambda_f=0.9, hard=0.1",16032,RQ3,23,49.84,6.16,49.84,6.4882423877716064,"['Standard', '320p', 30, '10s']",0.0,6.488146066665649,0.0,"{""amp"": ""0"", ""aq-mode"": ""1"", ""aq-strength"": ""2.0"", ""b-adapt"": ""1"", ""bframes"": ""5"", ""crf"": ""25.0"", ""ctu"": ""64"", ""keyint"": ""317"", ""limit-refs"": ""1"", ""limit-tu"": ""2"", ""me"": ""hex"", ""merange"": ""53"", ""open-gop"": ""1"", ""psy-rd"": ""1.0"", ""psy-rdoq"": ""1.0"", ""qcomp"": ""0.8"", ""qpmax"": ""35"", ""qpmin"": ""16"", ""rc-lookahead"": ""47"", ""rd"": ""4"", ""rdoq-level"": ""2"", ""rect"": ""1"", ""ref"": ""4"", ""rskip"": ""1"", ""sao"": ""0"", ""scenecut"": ""40"", ""subme"": ""3"", ""tu-inter-depth"": ""2"", ""tu-intra-depth"": ""1"", ""weightb"": ""0"", ""weightp"": ""1"", ""wpp"": ""0""}"
x265,lf09_hard01,"lambda_f=0.9, hard=0.1",16032,RQ3,24,78.97,3.9,78.97,4.248754024505615,"['Standard', '320p', 30, '10s']",0.0,4.248668909072876,0.0,"{""amp"": ""0"", ""aq-mode"": ""1"", ""aq-strength"": ""1.5"", ""b-adapt"": ""0"", ""bframes"": ""0"", ""crf"": ""28.0"", ""ctu"": ""32"", ""keyint"": ""391"", ""limit-refs"": ""2"", ""limit-tu"": ""4"", ""me"": ""dia"", ""merange"": ""29"", ""open-gop"": ""1"", ""psy-rd"": ""0.0"", ""psy-rdoq"": ""2.0"", ""qcomp"": ""0.9"", ""qpmax"": ""34"", ""qpmin"": ""6"", ""rc-lookahead"": ""42"", ""rd"": ""4"", ""rdoq-level"": ""1"", ""rect"": ""0"", ""ref"": ""5"", ""rskip"": ""1"", ""sao"": ""1"", ""scenecut"": ""85"", ""subme"": ""4"", ""tu-inter-depth"": ""3"", ""tu-intra-depth"": ""3"", ""weightb"": ""1"", ""weightp"": ""0"", ""wpp"": ""0""}"
x265,lf09_hard01,"lambda_f=0.9, hard=0.1",16032,RQ3,25,41.51,7.38,41.51,7.715770244598389,"['Standard', '320p', 30, '10s']",0.0,7.71567964553833,0.0,"{""amp"": ""0"", ""aq-mode"": ""2"", ""aq-strength"": ""1.5"", ""b-adapt"": ""1"", ""bframes"": ""4"", ""crf"": ""28.0"", ""ctu"": ""32"", ""keyint"": ""208"", ""limit-refs"": ""2"", ""limit-tu"": ""1"", ""me"": ""star"", ""merange"": ""32"", ""open-gop"": ""0"", ""psy-rd"": ""0.5"", ""psy-rdoq"": ""2.5"", ""qcomp"": ""0.5"", ""qpmax"": ""33"", ""qpmin"": ""19"", ""rc-lookahead"": ""52"", ""rd"": ""4"", ""rdoq-level"": ""1"", ""rect"": ""1"", ""ref"": ""2"", ""rskip"": ""0"", ""sao"": ""1"", ""scenecut"": ""22"", ""subme"": ""4"", ""tu-inter-depth"": ""2"", ""tu-intra-depth"": ""2"", ""weightb"": ""1"", ""weightp"": ""1"", ""wpp"": ""1""}"
x265,lf09_hard01,"lambda_f=0.9, hard=0.1",16032,RQ3,26,36.56,8.37,36.56,8.692711114883423,"['Standard', '320p', 30, '10s']",0.0,8.692622184753418,0.0,"{""amp"": ""1"", ""aq-mode"": ""3"", ""aq-strength"": ""0.8"", ""b-adapt"": ""1"", ""bframes"": ""1"", ""crf"": ""25.0"", ""ctu"": ""64"", ""keyint"": ""282"", ""limit-refs"": ""2"", ""limit-tu"": ""1"", ""me"": ""hex"", ""merange"": ""18"", ""open-gop"": ""1"", ""psy-rd"": ""2.5"", ""psy-rdoq"": ""1.5"", ""qcomp"": ""0.9"", ""qpmax"": ""36"", ""qpmin"": ""11"", ""rc-lookahead"": ""19"", ""rd"": ""3"", ""rdoq-level"": ""1"", ""rect"": ""1"", ""ref"": ""5"", ""rskip"": ""1"", ""sao"": ""1"", ""scenecut"": ""11"", ""subme"": ""2"", ""tu-inter-depth"": ""2"", ""tu-intra-depth"": ""1"", ""weightb"": ""1"", ""weightp"": ""1"", ""wpp"": ""0""}"
x265,lf09_hard01,"lambda_f=0.9, hard=0.1",16032,RQ3,27,22.23,13.73,22.23,14.065672874450684,"['Standard', '320p', 30, '10s']",0.0,14.065582036972046,0.0,"{""amp"": ""0"", ""aq-mode"": ""2"", ""aq-strength"": ""1.2"", ""b-adapt"": ""1"", ""bframes"": ""6"", ""crf"": ""22.0"", ""ctu"": ""32"", ""keyint"": ""438"", ""limit-refs"": ""1"", ""limit-tu"": ""0"", ""me"": ""umh"", ""merange"": ""40"", ""open-gop"": ""1"", ""psy-rd"": ""1.0"", ""psy-rdoq"": ""4.5"", ""qcomp"": ""0.7"", ""qpmax"": ""20"", ""qpmin"": ""3"", ""rc-lookahead"": ""39"", ""rd"": ""3"", ""rdoq-level"": ""1"", ""rect"": ""0"", ""ref"": ""1"", ""rskip"": ""1"", ""sao"": ""0"", ""scenecut"": ""97"", ""subme"": ""2"", ""tu-inter-depth"": ""2"", ""tu-intra-depth"": ""1"", ""weightb"": ""0"", ""weightp"": ""0"", ""wpp"": ""0""}"
x265,lf09_hard01,"lambda_f=0.9, hard=0.1",16032,RQ3,28,19.08,15.99,19.08,16.334901332855225,"['Standard', '320p', 30, '10s']",0.0,16.33481192588806,0.0,"{""amp"": ""0"", ""aq-mode"": ""0"", ""aq-strength"": ""1.5"", ""b-adapt"": ""0"", ""bframes"": ""3"", ""crf"": ""22.0"", ""ctu"": ""16"", ""keyint"": ""275"", ""limit-refs"": ""2"", ""limit-tu"": ""2"", ""me"": ""star"", ""merange"": ""63"", ""open-gop"": ""1"", ""psy-rd"": ""2.0"", ""psy-rdoq"": ""3.5"", ""qcomp"": ""0.5"", ""qpmax"": ""21"", ""qpmin"": ""14"", ""rc-lookahead"": ""37"", ""rd"": ""3"", ""rdoq-level"": ""2"", ""rect"": ""1"", ""ref"": ""3"", ""rskip"": ""1"", ""sao"": ""1"", ""scenecut"": ""28"", ""subme"": ""3"", ""tu-inter-depth"": ""3"", ""tu-intra-depth"": ""3"", ""weightb"": ""1"", ""weightp"": ""1"", ""wpp"": ""0""}"
x265,lf09_hard01,"lambda_f=0.9, hard=0.1",16032,RQ3,29,21.17,14.42,21.17,14.752658605575562,"['Standard', '320p', 30, '10s']",0.0,14.752538442611694,0.0,"{""amp"": ""0"", ""aq-mode"": ""1"", ""aq-strength"": ""1.5"", ""b-adapt"": ""1"", ""bframes"": ""1"", ""crf"": ""25.0"", ""ctu"": ""64"", ""keyint"": ""87"", ""limit-refs"": ""2"", ""limit-tu"": ""1"", ""me"": ""umh"", ""merange"": ""60"", ""open-gop"": ""0"", ""psy-rd"": ""1.5"", ""psy-rdoq"": ""1.5"", ""qcomp"": ""0.9"", ""qpmax"": ""22"", ""qpmin"": ""1"", ""rc-lookahead"": ""58"", ""rd"": ""3"", ""rdoq-level"": ""2"", ""rect"": ""0"", ""ref"": ""4"", ""rskip"": ""0"", ""sao"": ""1"", ""scenecut"": ""65"", ""subme"": ""1"", ""tu-inter-depth"": ""2"", ""tu-intra-depth"": ""2"", ""weightb"": ""1"", ""weightp"": ""0"", ""wpp"": ""1""}"
x265,lf09_hard01,"lambda_f=0.9, hard=0.1",16032,RQ3,30,22.33,13.67,22.33,14.00608229637146,"['Standard', '320p', 30, '10s']",0.0,14.00599479675293,0.0,"{""amp"": ""0"", ""aq-mode"": ""1"", ""aq-strength"": ""1.2"", ""b-adapt"": ""2"", ""bframes"": ""6"", ""crf"": ""22.0"", ""ctu"": ""32"", ""keyint"": ""250"", ""limit-refs"": ""1"", ""limit-tu"": ""3"", ""me"": ""hex"", ""merange"": ""36"", ""open-gop"": ""0"", ""psy-rd"": ""1.5"", ""psy-rdoq"": ""0.5"", ""qcomp"": ""0.8"", ""qpmax"": ""23"", ""qpmin"": ""12"", ""rc-lookahead"": ""56"", ""rd"": ""3"", ""rdoq-level"": ""1"", ""rect"": ""1"", ""ref"": ""6"", ""rskip"": ""0"", ""sao"": ""0"", ""scenecut"": ""10"", ""subme"": ""2"", ""tu-inter-depth"": ""3"", ""tu-intra-depth"": ""3"", ""weightb"": ""0"", ""weightp"": ""1"", ""wpp"": ""1""}"
x265,lf09_hard01,"lambda_f=0.9, hard=0.1",16032,RQ3,31,39.34,7.79,39.34,8.124966144561768,"['Standard', '320p', 30, '10s']",0.0,8.124869346618652,0.0,"{""amp"": ""1"", ""aq-mode"": ""3"", ""aq-strength"": ""2.0"", ""b-adapt"": ""2"", ""bframes"": ""5"", ""crf"": ""28.0"", ""ctu"": ""64"", ""keyint"": ""40"", ""limit-refs"": ""0"", ""limit-tu"": ""3"", ""me"": ""hex"", ""merange"": ""55"", ""open-gop"": ""1"", ""psy-rd"": ""3.5"", ""psy-rdoq"": ""2.5"", ""qcomp"": ""0.6"", ""qpmax"": ""39"", ""qpmin"": ""3"", ""rc-lookahead"": ""31"", ""rd"": ""3"", ""rdoq-level"": ""2"", ""rect"": ""0"", ""ref"": ""4"", ""rskip"": ""0"", ""sao"": ""1"", ""scenecut"": ""43"", ""subme"": ""3"", ""tu-inter-depth"": ""2"", ""tu-intra-depth"": ""1"", ""weightb"": ""0"", ""weightp"": ""1"", ""wpp"": ""0""}"
x265,lf09_hard01,"lambda_f=0.9, hard=0.1",16032,RQ3,32,16.6,18.36,16.6,18.706655025482178,"['Standard', '320p', 30, '10s']",0.0,18.706563711166382,0.0,"{""amp"": ""0"", ""aq-mode"": ""3"", ""aq-strength"": ""0.0"", ""b-adapt"": ""2"", ""bframes"": ""0"", ""crf"": ""20.0"", ""ctu"": ""16"", ""keyint"": ""339"", ""limit-refs"": ""3"", ""limit-tu"": ""2"", ""me"": ""umh"", ""merange"": ""17"", ""open-gop"": ""0"", ""psy-rd"": ""3.5"", ""psy-rdoq"": ""5.0"", ""qcomp"": ""0.8"", ""qpmax"": ""29"", ""qpmin"": ""0"", ""rc-lookahead"": ""49"", ""rd"": ""5"", ""rdoq-level"": ""0"", ""rect"": ""0"", ""ref"": ""3"", ""rskip"": ""1"", ""sao"": ""0"", ""scenecut"": ""69"", ""subme"": ""3"", ""tu-inter-depth"": ""3"", ""tu-intra-depth"": ""1"", ""weightb"": ""1"", ""weightp"": ""1"", ""wpp"": ""1""}"
x265,lf09_hard01,"lambda_f=0.9, hard=0.1",16032,RQ3,33,72.63,4.24,72.63,4.577583074569702,"['Standard', '320p', 30, '10s']",0.0,4.577490568161011,0.0,"{""amp"": ""1"", ""aq-mode"": ""2"", ""aq-strength"": ""1.8"", ""b-adapt"": ""1"", ""bframes"": ""2"", ""crf"": ""30.0"", ""ctu"": ""32"", ""keyint"": ""189"", ""limit-refs"": ""1"", ""limit-tu"": ""2"", ""me"": ""star"", ""merange"": ""49"", ""open-gop"": ""1"", ""psy-rd"": ""4.0"", ""psy-rdoq"": ""4.5"", ""qcomp"": ""0.8"", ""qpmax"": ""34"", ""qpmin"": ""6"", ""rc-lookahead"": ""52"", ""rd"": ""3"", ""rdoq-level"": ""1"", ""rect"": ""0"", ""ref"": ""6"", ""rskip"": ""1"", ""sao"": ""0"", ""scenecut"": ""47"", ""subme"": ""4"", ""tu-inter-depth"": ""4"", ""tu-intra-depth"": ""1"", ""weightb"": ""0"", ""weightp"": ""0"", ""wpp"": ""1""}"
x265,lf09_hard01,"lambda_f=0.9, hard=0.1",16032,RQ3,34,18.36,16.62,18.36,16.956263065338135,"['Standard', '320p', 30, '10s']",0.0,16.956157684326172,0.0,"{""amp"": ""1"", ""aq-mode"": ""3"", ""aq-strength"": ""1.2"", ""b-adapt"": ""0"", ""bframes"": ""5"", ""crf"": ""18.0"", ""ctu"": ""32"", ""keyint"": ""30"", ""limit-refs"": ""1"", ""limit-tu"": ""3"", ""me"": ""hex"", ""merange"": ""37"", ""open-gop"": ""1"", ""psy-rd"": ""3.0"", ""psy-rdoq"": ""2.5"", ""qcomp"": ""0.75"", ""qpmax"": ""21"", ""qpmin"": ""18"", ""rc-lookahead"": ""59"", ""rd"": ""4"", ""rdoq-level"": ""1"", ""rect"": ""1"", ""ref"": ""3"", ""rskip"": ""1"", ""sao"": ""1"", ""scenecut"": ""56"", ""subme"": ""2"", ""tu-inter-depth"": ""2"", ""tu-intra-depth"": ""1"", ""weightb"": ""1"", ""weightp"": ""0"", ""wpp"": ""0""}"
x265,lf09_hard01,"lambda_f=0.9, hard=0.1",16032,RQ3,35,15.96,19.11,15.96,19.447760581970215,"['Standard', '320p', 30, '10s']",0.0,19.447654962539673,0.0,"{""amp"": ""0"", ""aq-mode"": ""1"", ""aq-strength"": ""1.8"", ""b-adapt"": ""1"", ""bframes"": ""4"", ""crf"": ""22.0"", ""ctu"": ""32"", ""keyint"": ""492"", ""limit-refs"": ""2"", ""limit-tu"": ""3"", ""me"": ""umh"", ""merange"": ""63"", ""open-gop"": ""0"", ""psy-rd"": ""3.5"", ""psy-rdoq"": ""4.5"", ""qcomp"": ""0.6"", ""qpmax"": ""50"", ""qpmin"": ""16"", ""rc-lookahead"": ""26"", ""rd"": ""5"", ""rdoq-level"": ""1"", ""rect"": ""0"", ""ref"": ""4"", ""rskip"": ""0"", ""sao"": ""0"", ""scenecut"": ""54"", ""subme"": ""2"", ""tu-inter-depth"": ""4"", ""tu-intra-depth"": ""3"", ""weightb"": ""1"", ""weightp"": ""1"", ""wpp"": ""0""}"
x265,lf09_hard01,"lambda_f=0.9, hard=0.1",16032,RQ3,36,28.1,10.88,28.1,11.221083641052246,"['Standard', '320p', 30, '10s']",0.0,11.22093391418457,0.0,"{""amp"": ""1"", ""aq-mode"": ""4"", ""aq-strength"": ""2.0"", ""b-adapt"": ""2"", ""bframes"": ""2"", ""crf"": ""18.0"", ""ctu"": ""64"", ""keyint"": ""257"", ""limit-refs"": ""3"", ""limit-tu"": ""3"", ""me"": ""dia"", ""merange"": ""60"", ""open-gop"": ""1"", ""psy-rd"": ""2.0"", ""psy-rdoq"": ""0.0"", ""qcomp"": ""0.9"", ""qpmax"": ""37"", ""qpmin"": ""6"", ""rc-lookahead"": ""53"", ""rd"": ""4"", ""rdoq-level"": ""2"", ""rect"": ""1"", ""ref"": ""4"", ""rskip"": ""1"", ""sao"": ""1"", ""scenecut"": ""33"", ""subme"": ""5"", ""tu-inter-depth"": ""3"", ""tu-intra-depth"": ""4"", ""weightb"": ""0"", ""weightp"": ""0"", ""wpp"": ""1""}"
x265,lf09_hard01,"lambda_f=0.9, hard=0.1",16032,RQ3,37,80.15,3.85,80.15,4.185750722885132,"['Standard', '320p', 30, '10s']",0.0,4.185658693313599,0.0,"{""amp"": ""1"", ""aq-mode"": ""2"", ""aq-strength"": ""1.0"", ""b-adapt"": ""0"", ""bframes"": ""6"", ""crf"": ""28.0"", ""ctu"": ""16"", ""keyint"": ""127"", ""limit-refs"": ""0"", ""limit-tu"": ""1"", ""me"": ""umh"", ""merange"": ""17"", ""open-gop"": ""0"", ""psy-rd"": ""0.0"", ""psy-rdoq"": ""2.5"", ""qcomp"": ""0.7"", ""qpmax"": ""38"", ""qpmin"": ""2"", ""rc-lookahead"": ""38"", ""rd"": ""2"", ""rdoq-level"": ""0"", ""rect"": ""1"", ""ref"": ""2"", ""rskip"": ""1"", ""sao"": ""0"", ""scenecut"": ""34"", ""subme"": ""3"", ""tu-inter-depth"": ""1"", ""tu-intra-depth"": ""1"", ""weightb"": ""1"", ""weightp"": ""0"", ""wpp"": ""0""}"
x265,lf09_hard01,"lambda_f=0.9, hard=0.1",16032,RQ3,38,43.2,7.09,43.2,7.429455041885376,"['Standard', '320p', 30, '10s']",0.0,7.429362058639526,0.0,"{""amp"": ""0"", ""aq-mode"": ""0"", ""aq-strength"": ""1.0"", ""b-adapt"": ""0"", ""bframes"": ""1"", ""crf"": ""20.0"", ""ctu"": ""64"", ""keyint"": ""303"", ""limit-refs"": ""0"", ""limit-tu"": ""1"", ""me"": ""star"", ""merange"": ""34"", ""open-gop"": ""0"", ""psy-rd"": ""2.5"", ""psy-rdoq"": ""5.0"", ""qcomp"": ""0.9"", ""qpmax"": ""22"", ""qpmin"": ""14"", ""rc-lookahead"": ""16"", ""rd"": ""4"", ""rdoq-level"": ""0"", ""rect"": ""0"", ""ref"": ""3"", ""rskip"": ""1"", ""sao"": ""1"", ""scenecut"": ""18"", ""subme"": ""4"", ""tu-inter-depth"": ""1"", ""tu-intra-depth"": ""1"", ""weightb"": ""0"", ""weightp"": ""1"", ""wpp"": ""1""}"
x265,lf09_hard01,"lambda_f=0.9, hard=0.1",16032,RQ3,39,67.94,4.53,67.94,4.872327566146851,"['Standard', '320p', 30, '10s']",0.0,4.872238397598267,0.0,"{""amp"": ""1"", ""aq-mode"": ""3"", ""aq-strength"": ""1.8"", ""b-adapt"": ""2"", ""bframes"": ""8"", ""crf"": ""32.0"", ""ctu"": ""16"", ""keyint"": ""133"", ""limit-refs"": ""2"", ""limit-tu"": ""4"", ""me"": ""star"", ""merange"": ""64"", ""open-gop"": ""1"", ""psy-rd"": ""3.0"", ""psy-rdoq"": ""3.0"", ""qcomp"": ""0.9"", ""qpmax"": ""48"", ""qpmin"": ""19"", ""rc-lookahead"": ""28"", ""rd"": ""3"", ""rdoq-level"": ""0"", ""rect"": ""1"", ""ref"": ""6"", ""rskip"": ""1"", ""sao"": ""1"", ""scenecut"": ""50"", ""subme"": ""5"", ""tu-inter-depth"": ""2"", ""tu-intra-depth"": ""3"", ""weightb"": ""1"", ""weightp"": ""0"", ""wpp"": ""0""}"
x265,lf09_hard01,"lambda_f=0.9, hard=0.1",16032,RQ3,40,49.74,6.16,49.74,6.503596544265747,"['Standard', '320p', 30, '10s']",0.0,6.503486394882202,0.0,"{""amp"": ""0"", ""aq-mode"": ""3"", ""aq-strength"": ""1.2"", ""b-adapt"": ""1"", ""bframes"": ""7"", ""crf"": ""32.0"", ""ctu"": ""32"", ""keyint"": ""210"", ""limit-refs"": ""0"", ""limit-tu"": ""1"", ""me"": ""hex"", ""merange"": ""22"", ""open-gop"": ""0"", ""psy-rd"": ""0.0"", ""psy-rdoq"": ""0.0"", ""qcomp"": ""0.6"", ""qpmax"": ""30"", ""qpmin"": ""2"", ""rc-lookahead"": ""41"", ""rd"": ""4"", ""rdoq-level"": ""1"", ""rect"": ""0"", ""ref"": ""3"", ""rskip"": ""0"", ""sao"": ""0"", ""scenecut"": ""11"", ""subme"": ""4"", ""tu-inter-depth"": ""1"", ""tu-intra-depth"": ""2"", ""weightb"": ""0"", ""weightp"": ""0"", ""wpp"": ""1""}"
x265,lf09_hard01,"lambda_f=0.9, hard=0.1",16032,RQ3,41,30.58,9.99,30.58,10.335855722427368,"['Standard', '320p', 30, '10s']",0.0,10.335762023925781,0.0,"{""amp"": ""0"", ""aq-mode"": ""1"", ""aq-strength"": ""1.0"", ""b-adapt"": ""2"", ""bframes"": ""3"", ""crf"": ""28.0"", ""ctu"": ""64"", ""keyint"": ""30"", ""limit-refs"": ""1"", ""limit-tu"": ""4"", ""me"": ""hex"", ""merange"": ""18"", ""open-gop"": ""0"", ""psy-rd"": ""0.0"", ""psy-rdoq"": ""4.5"", ""qcomp"": ""0.6"", ""qpmax"": ""49"", ""qpmin"": ""20"", ""rc-lookahead"": ""23"", ""rd"": ""5"", ""rdoq-level"": ""0"", ""rect"": ""0"", ""ref"": ""6"", ""rskip"": ""0"", ""sao"": ""0"", ""scenecut"": ""83"", ""subme"": ""1"", ""tu-inter-depth"": ""3"", ""tu-intra-depth"": ""2"", ""weightb"": ""1"", ""weightp"": ""1"", ""wpp"": ""1""}"
x265,lf09_hard01,"lambda_f=0.9, hard=0.1",16032,RQ3,42,40.45,7.57,40.45,7.926679372787476,"['Standard', '320p', 30, '10s']",0.0,7.926565408706665,0.0,"{""amp"": ""0"", ""aq-mode"": ""3"", ""aq-strength"": ""1.0"", ""b-adapt"": ""2"", ""bframes"": ""1"", ""crf"": ""22.0"", ""ctu"": ""64"", ""keyint"": ""248"", ""limit-refs"": ""3"", ""limit-tu"": ""2"", ""me"": ""star"", ""merange"": ""55"", ""open-gop"": ""1"", ""psy-rd"": ""0.5"", ""psy-rdoq"": ""3.0"", ""qcomp"": ""0.8"", ""qpmax"": ""38"", ""qpmin"": ""19"", ""rc-lookahead"": ""38"", ""rd"": ""3"", ""rdoq-level"": ""1"", ""rect"": ""0"", ""ref"": ""5"", ""rskip"": ""1"", ""sao"": ""1"", ""scenecut"": ""64"", ""subme"": ""4"", ""tu-inter-depth"": ""1"", ""tu-intra-depth"": ""3"", ""weightb"": ""0"", ""weightp"": ""0"", ""wpp"": ""0""}"
x265,lf09_hard01,"lambda_f=0.9, hard=0.1",16032,RQ3,43,28.4,10.76,28.4,11.092751741409302,"['Standard', '320p', 30, '10s']",0.0,11.09265661239624,0.0,"{""amp"": ""1"", ""aq-mode"": ""0"", ""aq-strength"": ""1.5"", ""b-adapt"": ""1"", ""bframes"": ""7"", ""crf"": ""20.0"", ""ctu"": ""32"", ""keyint"": ""385"", ""limit-refs"": ""0"", ""limit-tu"": ""2"", ""me"": ""dia"", ""merange"": ""50"", ""open-gop"": ""0"", ""psy-rd"": ""3.0"", ""psy-rdoq"": ""0.5"", ""qcomp"": ""0.75"", ""qpmax"": ""49"", ""qpmin"": ""16"", ""rc-lookahead"": ""58"", ""rd"": ""3"", ""rdoq-level"": ""1"", ""rect"": ""0"", ""ref"": ""5"", ""rskip"": ""1"", ""sao"": ""0"", ""scenecut"": ""76"", ""subme"": ""2"", ""tu-inter-depth"": ""3"", ""tu-intra-depth"": ""1"", ""weightb"": ""0"", ""weightp"": ""0"", ""wpp"": ""1""}"
x265,lf09_hard01,"lambda_f=0.9, hard=0.1",16032,RQ3,44,40.28,7.6,40.28,7.9325947761535645,"['Standard', '320p', 30, '10s']",0.0,7.932504177093506,0.0,"{""amp"": ""0"", ""aq-mode"": ""0"", ""aq-strength"": ""1.0"", ""b-adapt"": ""1"", ""bframes"": ""7"", ""crf"": ""28.0"", ""ctu"": ""64"", ""keyint"": ""77"", ""limit-refs"": ""2"", ""limit-tu"": ""1"", ""me"": ""hex"", ""merange"": ""39"", ""open-gop"": ""0"", ""psy-rd"": ""1.0"", ""psy-rdoq"": ""0.5"", ""qcomp"": ""0.9"", ""qpmax"": ""27"", ""qpmin"": ""16"", ""rc-lookahead"": ""36"", ""rd"": ""4"", ""rdoq-level"": ""1"", ""rect"": ""0"", ""ref"": ""5"", ""rskip"": ""0"", ""sao"": ""1"", ""scenecut"": ""42"", ""subme"": ""1"", ""tu-inter-depth"": ""2"", ""tu-intra-depth"": ""2"", ""weightb"": ""0"", ""weightp"": ""0"", ""wpp"": ""1""}"
x265,lf09_hard01,"lambda_f=0.9, hard=0.1",16032,RQ3,45,8.97,33.95,8.97,34.28264880180359,"['Standard', '320p', 30, '10s']",0.0,34.282554388046265,0.0,"{""amp"": ""0"", ""aq-mode"": ""1"", ""aq-strength"": ""0.0"", ""b-adapt"": ""0"", ""bframes"": ""7"", ""crf"": ""25.0"", ""ctu"": ""16"", ""keyint"": ""79"", ""limit-refs"": ""1"", ""limit-tu"": ""3"", ""me"": ""hex"", ""merange"": ""24"", ""open-gop"": ""0"", ""psy-rd"": ""4.0"", ""psy-rdoq"": ""4.5"", ""qcomp"": ""0.9"", ""qpmax"": ""22"", ""qpmin"": ""11"", ""rc-lookahead"": ""48"", ""rd"": ""5"", ""rdoq-level"": ""1"", ""rect"": ""1"", ""ref"": ""4"", ""rskip"": ""1"", ""sao"": ""1"", ""scenecut"": ""16"", ""subme"": ""3"", ""tu-inter-depth"": ""1"", ""tu-intra-depth"": ""2"", ""weightb"": ""1"", ""weightp"": ""0"", ""wpp"": ""0""}"
x265,lf09_hard01,"lambda_f=0.9, hard=0.1",16032,RQ3,46,52.13,5.89,52.13,6.223913669586182,"['Standard', '320p', 30, '10s']",0.0,6.223816394805908,0.0,"{""amp"": ""1"", ""aq-mode"": ""0"", ""aq-strength"": ""0.8"", ""b-adapt"": ""1"", ""bframes"": ""6"", ""crf"": ""25.0"", ""ctu"": ""64"", ""keyint"": ""424"", ""limit-refs"": ""0"", ""limit-tu"": ""0"", ""me"": ""star"", ""merange"": ""31"", ""open-gop"": ""0"", ""psy-rd"": ""0.0"", ""psy-rdoq"": ""0.5"", ""qcomp"": ""0.6"", ""qpmax"": ""34"", ""qpmin"": ""18"", ""rc-lookahead"": ""31"", ""rd"": ""1"", ""rdoq-level"": ""2"", ""rect"": ""1"", ""ref"": ""1"", ""rskip"": ""1"", ""sao"": ""0"", ""scenecut"": ""41"", ""subme"": ""1"", ""tu-inter-depth"": ""3"", ""tu-intra-depth"": ""2"", ""weightb"": ""1"", ""weightp"": ""1"", ""wpp"": ""0""}"
x265,lf09_hard01,"lambda_f=0.9, hard=0.1",16032,RQ3,47,40.48,7.57,40.48,7.911845922470093,"['Standard', '320p', 30, '10s']",0.0,7.911750316619873,0.0,"{""amp"": ""1"", ""aq-mode"": ""1"", ""aq-strength"": ""0.8"", ""b-adapt"": ""2"", ""bframes"": ""2"", ""crf"": ""25.0"", ""ctu"": ""64"", ""keyint"": ""245"", ""limit-refs"": ""1"", ""limit-tu"": ""1"", ""me"": ""umh"", ""merange"": ""43"", ""open-gop"": ""0"", ""psy-rd"": ""2.5"", ""psy-rdoq"": ""1.0"", ""qcomp"": ""0.9"", ""qpmax"": ""42"", ""qpmin"": ""16"", ""rc-lookahead"": ""18"", ""rd"": ""4"", ""rdoq-level"": ""1"", ""rect"": ""1"", ""ref"": ""3"", ""rskip"": ""1"", ""sao"": ""1"", ""scenecut"": ""68"", ""subme"": ""1"", ""tu-inter-depth"": ""2"", ""tu-intra-depth"": ""2"", ""weightb"": ""1"", ""weightp"": ""0"", ""wpp"": ""1""}"
x265,lf09_hard01,"lambda_f=0.9, hard=0.1",16032,RQ3,48,45.58,6.73,45.58,7.05942964553833,"['Standard', '320p', 30, '10s']",0.0,7.059331655502319,0.0,"{""amp"": ""1"", ""aq-mode"": ""4"", ""aq-strength"": ""1.5"", ""b-adapt"": ""1"", ""bframes"": ""3"", ""crf"": ""22.0"", ""ctu"": ""64"", ""keyint"": ""46"", ""limit-refs"": ""1"", ""limit-tu"": ""2"", ""me"": ""hex"", ""merange"": ""49"", ""open-gop"": ""0"", ""psy-rd"": ""3.5"", ""psy-rdoq"": ""1.5"", ""qcomp"": ""0.8"", ""qpmax"": ""45"", ""qpmin"": ""12"", ""rc-lookahead"": ""14"", ""rd"": ""3"", ""rdoq-level"": ""0"", ""rect"": ""0"", ""ref"": ""5"", ""rskip"": ""0"", ""sao"": ""0"", ""scenecut"": ""9"", ""subme"": ""4"", ""tu-inter-depth"": ""2"", ""tu-intra-depth"": ""1"", ""weightb"": ""1"", ""weightp"": ""0"", ""wpp"": ""1""}"
x265,lf09_hard01,"lambda_f=0.9, hard=0.1",16032,RQ3,49,55.99,5.49,55.99,5.822653293609619,"['Standard', '320p', 30, '10s']",0.0,5.8225603103637695,0.0,"{""amp"": ""1"", ""aq-mode"": ""2"", ""aq-strength"": ""0.5"", ""b-adapt"": ""2"", ""bframes"": ""2"", ""crf"": ""32.0"", ""ctu"": ""64"", ""keyint"": ""29"", ""limit-refs"": ""1"", ""limit-tu"": ""1"", ""me"": ""hex"", ""merange"": ""46"", ""open-gop"": ""1"", ""psy-rd"": ""0.5"", ""psy-rdoq"": ""0.5"", ""qcomp"": ""0.6"", ""qpmax"": ""39"", ""qpmin"": ""17"", ""rc-lookahead"": ""40"", ""rd"": ""4"", ""rdoq-level"": ""1"", ""rect"": ""1"", ""ref"": ""3"", ""rskip"": ""1"", ""sao"": ""1"", ""scenecut"": ""2"", ""subme"": ""4"", ""tu-inter-depth"": ""2"", ""tu-intra-depth"": ""4"", ""weightb"": ""0"", ""weightp"": ""0"", ""wpp"": ""0""}"
x265,lf09_hard01,"lambda_f=0.9, hard=0.1",16032,RQ3,50,31.09,9.83,31.09,10.175551652908325,"['Standard', '320p', 30, '10s']",0.0,10.175438642501831,0.0,"{""amp"": ""1"", ""aq-mode"": ""2"", ""aq-strength"": ""0.8"", ""b-adapt"": ""1"", ""bframes"": ""5"", ""crf"": ""22.0"", ""ctu"": ""64"", ""keyint"": ""278"", ""limit-refs"": ""3"", ""limit-tu"": ""0"", ""me"": ""dia"", ""merange"": ""42"", ""open-gop"": ""0"", ""psy-rd"": ""2.0"", ""psy-rdoq"": ""1.0"", ""qcomp"": ""0.75"", ""qpmax"": ""22"", ""qpmin"": ""11"", ""rc-lookahead"": ""17"", ""rd"": ""4"", ""rdoq-level"": ""0"", ""rect"": ""0"", ""ref"": ""6"", ""rskip"": ""0"", ""sao"": ""0"", ""scenecut"": ""13"", ""subme"": ""1"", ""tu-inter-depth"": ""3"", ""tu-intra-depth"": ""3"", ""weightb"": ""0"", ""weightp"": ""0"", ""wpp"": ""1""}"
x265,lf09_hard01,"lambda_f=0.9, hard=0.1",16032,RQ3,51,52.03,5.89,52.03,6.2397074699401855,"['Standard', '320p', 30, '10s']",0.0,6.2395994663238525,0.0,"{""amp"": ""0"", ""aq-mode"": ""3"", ""aq-strength"": ""1.8"", ""b-adapt"": ""0"", ""bframes"": ""4"", ""crf"": ""25.0"", ""ctu"": ""32"", ""keyint"": ""81"", ""limit-refs"": ""1"", ""limit-tu"": ""3"", ""me"": ""star"", ""merange"": ""51"", ""open-gop"": ""0"", ""psy-rd"": ""1.0"", ""psy-rdoq"": ""3.0"", ""qcomp"": ""0.7"", ""qpmax"": ""47"", ""qpmin"": ""2"", ""rc-lookahead"": ""41"", ""rd"": ""4"", ""rdoq-level"": ""1"", ""rect"": ""1"", ""ref"": ""5"", ""rskip"": ""1"", ""sao"": ""1"", ""scenecut"": ""67"", ""subme"": ""2"", ""tu-inter-depth"": ""3"", ""tu-intra-depth"": ""1"", ""weightb"": ""1"", ""weightp"": ""0"", ""wpp"": ""1""}"
x265,lf09_hard01,"lambda_f=0.9, hard=0.1",16032,RQ3,52,36.81,8.32,36.81,8.651203632354736,"['Standard', '320p', 30, '10s']",0.0,8.651113748550415,0.0,"{""amp"": ""1"", ""aq-mode"": ""2"", ""aq-strength"": ""0.8"", ""b-adapt"": ""2"", ""bframes"": ""7"", ""crf"": ""20.0"", ""ctu"": ""32"", ""keyint"": ""493"", ""limit-refs"": ""1"", ""limit-tu"": ""3"", ""me"": ""hex"", ""merange"": ""29"", ""open-gop"": ""1"", ""psy-rd"": ""2.5"", ""psy-rdoq"": ""1.5"", ""qcomp"": ""1.0"", ""qpmax"": ""39"", ""qpmin"": ""14"", ""rc-lookahead"": ""59"", ""rd"": ""4"", ""rdoq-level"": ""0"", ""rect"": ""0"", ""ref"": ""6"", ""rskip"": ""1"", ""sao"": ""1"", ""scenecut"": ""46"", ""subme"": ""5"", ""tu-inter-depth"": ""3"", ""tu-intra-depth"": ""2"", ""weightb"": ""0"", ""weightp"": ""1"", ""wpp"": ""0""}"
x265,lf09_hard01,"lambda_f=0.9, hard=0.1",16032,RQ3,53,17.82,17.11,17.82,17.458285808563232,"['Standard', '320p', 30, '10s']",0.0,17.45818281173706,0.0,"{""amp"": ""0"", ""aq-mode"": ""1"", ""aq-strength"": ""0.8"", ""b-adapt"": ""1"", ""bframes"": ""4"", ""crf"": ""20.0"", ""ctu"": ""16"", ""keyint"": ""386"", ""limit-refs"": ""1"", ""limit-tu"": ""1"", ""me"": ""hex"", ""merange"": ""34"", ""open-gop"": ""0"", ""psy-rd"": ""2.0"", ""psy-rdoq"": ""1.5"", ""qcomp"": ""0.8"", ""qpmax"": ""23"", ""qpmin"": ""16"", ""rc-lookahead"": ""28"", ""rd"": ""6"", ""rdoq-level"": ""0"", ""rect"": ""1"", ""ref"": ""1"", ""rskip"": ""1"", ""sao"": ""0"", ""scenecut"": ""34"", ""subme"": ""1"", ""tu-inter-depth"": ""2"", ""tu-intra-depth"": ""3"", ""weightb"": ""0"", ""weightp"": ""1"", ""wpp"": ""0""}"
x265,lf09_hard01,"lambda_f=0.9, hard=0.1",16032,RQ3,54,43.55,7.08,43.55,7.636537551879883,"['Standard', '320p', 30, '10s']",0.0,7.6364264488220215,0.0,"{""amp"": ""0"", ""aq-mode"": ""2"", ""aq-strength"": ""2.0"", ""b-adapt"": ""2"", ""bframes"": ""7"", ""crf"": ""28.0"", ""ctu"": ""64"", ""keyint"": ""88"", ""limit-refs"": ""2"", ""limit-tu"": ""4"", ""me"": ""umh"", ""merange"": ""42"", ""open-gop"": ""1"", ""psy-rd"": ""1.5"", ""psy-rdoq"": ""2.5"", ""qcomp"": ""0.7"", ""qpmax"": ""29"", ""qpmin"": ""14"", ""rc-lookahead"": ""38"", ""rd"": ""3"", ""rdoq-level"": ""0"", ""rect"": ""0"", ""ref"": ""5"", ""rskip"": ""0"", ""sao"": ""0"", ""scenecut"": ""86"", ""subme"": ""4"", ""tu-inter-depth"": ""2"", ""tu-intra-depth"": ""2"", ""weightb"": ""0"", ""weightp"": ""1"", ""wpp"": ""0""}"
x265,lf09_hard01,"lambda_f=0.9, hard=0.1",16032,RQ3,55,42.91,7.14,42.91,7.4728004932403564,"['Standard', '320p', 30, '10s']",0.0,7.472702980041504,0.0,"{""amp"": ""0"", ""aq-mode"": ""2"", ""aq-strength"": ""1.2"", ""b-adapt"": ""0"", ""bframes"": ""7"", ""crf"": ""20.0"", ""ctu"": ""32"", ""keyint"": ""101"", ""limit-refs"": ""2"", ""limit-tu"": ""2"", ""me"": ""dia"", ""merange"": ""24"", ""open-gop"": ""1"", ""psy-rd"": ""2.0"", ""psy-rdoq"": ""2.5"", ""qcomp"": ""0.5"", ""qpmax"": ""46"", ""qpmin"": ""10"", ""rc-lookahead"": ""16"", ""rd"": ""4"", ""rdoq-level"": ""1"", ""rect"": ""1"", ""ref"": ""2"", ""rskip"": ""1"", ""sao"": ""0"", ""scenecut"": ""13"", ""subme"": ""3"", ""tu-inter-depth"": ""2"", ""tu-intra-depth"": ""2"", ""weightb"": ""1"", ""weightp"": ""0"", ""wpp"": ""0""}"
x265,lf09_hard01,"lambda_f=0.9, hard=0.1",16032,RQ3,56,34.2,8.95,34.2,9.268201351165771,"['Standard', '320p', 30, '10s']",0.0,9.26810884475708,0.0,"{""amp"": ""1"", ""aq-mode"": ""1"", ""aq-strength"": ""0.5"", ""b-adapt"": ""2"", ""bframes"": ""4"", ""crf"": ""22.0"", ""ctu"": ""64"", ""keyint"": ""407"", ""limit-refs"": ""3"", ""limit-tu"": ""4"", ""me"": ""umh"", ""merange"": ""38"", ""open-gop"": ""1"", ""psy-rd"": ""2.5"", ""psy-rdoq"": ""2.5"", ""qcomp"": ""0.8"", ""qpmax"": ""46"", ""qpmin"": ""17"", ""rc-lookahead"": ""46"", ""rd"": ""3"", ""rdoq-level"": ""2"", ""rect"": ""1"", ""ref"": ""2"", ""rskip"": ""1"", ""sao"": ""0"", ""scenecut"": ""1"", ""subme"": ""4"", ""tu-inter-depth"": ""3"", ""tu-intra-depth"": ""2"", ""weightb"": ""0"", ""weightp"": ""1"", ""wpp"": ""1""}"
x265,lf09_hard01,"lambda_f=0.9, hard=0.1",16032,RQ3,57,37.47,8.17,37.47,8.491565227508545,"['Standard', '320p', 30, '10s']",0.0,8.491468906402588,0.0,"{""amp"": ""1"", ""aq-mode"": ""2"", ""aq-strength"": ""1.8"", ""b-adapt"": ""1"", ""bframes"": ""7"", ""crf"": ""32.0"", ""ctu"": ""32"", ""keyint"": ""181"", ""limit-refs"": ""0"", ""limit-tu"": ""0"", ""me"": ""full"", ""merange"": ""32"", ""open-gop"": ""0"", ""psy-rd"": ""2.5"", ""psy-rdoq"": ""0.5"", ""qcomp"": ""0.5"", ""qpmax"": ""37"", ""qpmin"": ""8"", ""rc-lookahead"": ""42"", ""rd"": ""4"", ""rdoq-level"": ""0"", ""rect"": ""0"", ""ref"": ""3"", ""rskip"": ""0"", ""sao"": ""1"", ""scenecut"": ""81"", ""subme"": ""1"", ""tu-inter-depth"": ""1"", ""tu-intra-depth"": ""3"", ""weightb"": ""0"", ""weightp"": ""0"", ""wpp"": ""1""}"
x265,lf09_hard01,"lambda_f=0.9, hard=0.1",16032,RQ3,58,42.72,7.22,42.72,7.572559595108032,"['Standard', '320p', 30, '10s']",0.0,7.572460651397705,0.0,"{""amp"": ""1"", ""aq-mode"": ""4"", ""aq-strength"": ""0.0"", ""b-adapt"": ""1"", ""bframes"": ""8"", ""crf"": ""25.0"", ""ctu"": ""32"", ""keyint"": ""228"", ""limit-refs"": ""3"", ""limit-tu"": ""1"", ""me"": ""hex"", ""merange"": ""53"", ""open-gop"": ""1"", ""psy-rd"": ""3.0"", ""psy-rdoq"": ""1.5"", ""qcomp"": ""0.7"", ""qpmax"": ""42"", ""qpmin"": ""9"", ""rc-lookahead"": ""11"", ""rd"": ""4"", ""rdoq-level"": ""0"", ""rect"": ""1"", ""ref"": ""4"", ""rskip"": ""0"", ""sao"": ""0"", ""scenecut"": ""12"", ""subme"": ""2"", ""tu-inter-depth"": ""3"", ""tu-intra-depth"": ""3"", ""weightb"": ""0"", ""weightp"": ""0"", ""wpp"": ""0""}"
x265,lf09_hard01,"lambda_f=0.9, hard=0.1",16032,RQ3,59,45.66,6.72,45.66,7.055363178253174,"['Standard', '320p', 30, '10s']",0.0,7.055268049240112,0.0,"{""amp"": ""0"", ""aq-mode"": ""4"", ""aq-strength"": ""1.8"", ""b-adapt"": ""1"", ""bframes"": ""8"", ""crf"": ""22.0"", ""ctu"": ""32"", ""keyint"": ""370"", ""limit-refs"": ""0"", ""limit-tu"": ""0"", ""me"": ""dia"", ""merange"": ""48"", ""open-gop"": ""1"", ""psy-rd"": ""0.5"", ""psy-rdoq"": ""2.0"", ""qcomp"": ""0.8"", ""qpmax"": ""50"", ""qpmin"": ""13"", ""rc-lookahead"": ""54"", ""rd"": ""4"", ""rdoq-level"": ""1"", ""rect"": ""0"", ""ref"": ""2"", ""rskip"": ""0"", ""sao"": ""1"", ""scenecut"": ""29"", ""subme"": ""2"", ""tu-inter-depth"": ""1"", ""tu-intra-depth"": ""3"", ""weightb"": ""1"", ""weightp"": ""1"", ""wpp"": ""0""}"
x265,lf09_hard01,"lambda_f=0.9, hard=0.1",16032,RQ3,60,21.15,14.47,21.15,14.951143264770508,"['Standard', '320p', 30, '10s']",0.0,14.951046228408813,0.0,"{""amp"": ""0"", ""aq-mode"": ""3"", ""aq-strength"": ""0.0"", ""b-adapt"": ""0"", ""bframes"": ""2"", ""crf"": ""25.0"", ""ctu"": ""32"", ""keyint"": ""327"", ""limit-refs"": ""2"", ""limit-tu"": ""2"", ""me"": ""star"", ""merange"": ""58"", ""open-gop"": ""1"", ""psy-rd"": ""2.5"", ""psy-rdoq"": ""1.0"", ""qcomp"": ""0.75"", ""qpmax"": ""35"", ""qpmin"": ""4"", ""rc-lookahead"": ""19"", ""rd"": ""6"", ""rdoq-level"": ""0"", ""rect"": ""0"", ""ref"": ""5"", ""rskip"": ""1"", ""sao"": ""0"", ""scenecut"": ""55"", ""subme"": ""5"", ""tu-inter-depth"": ""3"", ""tu-intra-depth"": ""2"", ""weightb"": ""0"", ""weightp"": ""1"", ""wpp"": ""1""}"
x265,lf09_hard01,"lambda_f=0.9, hard=0.1",16032,RQ3,61,31.31,9.77,31.31,10.105788707733154,"['Standard', '320p', 30, '10s']",0.0,10.105695009231567,0.0,"{""amp"": ""0"", ""aq-mode"": ""2"", ""aq-strength"": ""1.0"", ""b-adapt"": ""0"", ""bframes"": ""3"", ""crf"": ""30.0"", ""ctu"": ""64"", ""keyint"": ""250"", ""limit-refs"": ""1"", ""limit-tu"": ""0"", ""me"": ""star"", ""merange"": ""40"", ""open-gop"": ""0"", ""psy-rd"": ""0.0"", ""psy-rdoq"": ""1.0"", ""qcomp"": ""0.7"", ""qpmax"": ""29"", ""qpmin"": ""4"", ""rc-lookahead"": ""51"", ""rd"": ""1"", ""rdoq-level"": ""2"", ""rect"": ""0"", ""ref"": ""4"", ""rskip"": ""0"", ""sao"": ""1"", ""scenecut"": ""35"", ""subme"": ""1"", ""tu-inter-depth"": ""3"", ""tu-intra-depth"": ""3"", ""weightb"": ""0"", ""weightp"": ""1"", ""wpp"": ""0""}"
x265,lf09_hard01,"lambda_f=0.9, hard=0.1",16032,RQ3,62,5.45,55.84,5.45,56.183966398239136,"['Standard', '320p', 30, '10s']",0.0,56.18386459350586,0.0,"{""amp"": ""0"", ""aq-mode"": ""0"", ""aq-strength"": ""1.8"", ""b-adapt"": ""2"", ""bframes"": ""5"", ""crf"": ""18.0"", ""ctu"": ""64"", ""keyint"": ""53"", ""limit-refs"": ""2"", ""limit-tu"": ""3"", ""me"": ""hex"", ""merange"": ""57"", ""open-gop"": ""0"", ""psy-rd"": ""1.5"", ""psy-rdoq"": ""3.5"", ""qcomp"": ""1.0"", ""qpmax"": ""45"", ""qpmin"": ""14"", ""rc-lookahead"": ""23"", ""rd"": ""5"", ""rdoq-level"": ""2"", ""rect"": ""1"", ""ref"": ""2"", ""rskip"": ""0"", ""sao"": ""0"", ""scenecut"": ""38"", ""subme"": ""5"", ""tu-inter-depth"": ""1"", ""tu-intra-depth"": ""4"", ""weightb"": ""1"", ""weightp"": ""0"", ""wpp"": ""0""}"
x265,lf09_hard01,"lambda_f=0.9, hard=0.1",16032,RQ3,63,99.33,3.11,99.33,3.439906120300293,"['Standard', '320p', 30, '10s']",0.0,3.439804792404175,0.0,"{""amp"": ""1"", ""aq-mode"": ""3"", ""aq-strength"": ""1.5"", ""b-adapt"": ""1"", ""bframes"": ""6"", ""crf"": ""30.0"", ""ctu"": ""16"", ""keyint"": ""290"", ""limit-refs"": ""1"", ""limit-tu"": ""1"", ""me"": ""hex"", ""merange"": ""64"", ""open-gop"": ""0"", ""psy-rd"": ""3.0"", ""psy-rdoq"": ""2.5"", ""qcomp"": ""0.6"", ""qpmax"": ""49"", ""qpmin"": ""1"", ""rc-lookahead"": ""14"", ""rd"": ""3"", ""rdoq-level"": ""0"", ""rect"": ""0"", ""ref"": ""2"", ""rskip"": ""1"", ""sao"": ""0"", ""scenecut"": ""91"", ""subme"": ""5"", ""tu-inter-depth"": ""3"", ""tu-intra-depth"": ""3"", ""weightb"": ""0"", ""weightp"": ""0"", ""wpp"": ""1""}"
x265,lf09_hard01,"lambda_f=0.9, hard=0.1",16032,RQ3,64,69.46,4.43,69.46,4.7680768966674805,"['Standard', '320p', 30, '10s']",0.0,4.767981290817261,0.0,"{""amp"": ""0"", ""aq-mode"": ""1"", ""aq-strength"": ""1.8"", ""b-adapt"": ""2"", ""bframes"": ""0"", ""crf"": ""28.0"", ""ctu"": ""32"", ""keyint"": ""235"", ""limit-refs"": ""1"", ""limit-tu"": ""3"", ""me"": ""dia"", ""merange"": ""58"", ""open-gop"": ""0"", ""psy-rd"": ""1.5"", ""psy-rdoq"": ""1.0"", ""qcomp"": ""0.7"", ""qpmax"": ""48"", ""qpmin"": ""10"", ""rc-lookahead"": ""55"", ""rd"": ""3"", ""rdoq-level"": ""0"", ""rect"": ""1"", ""ref"": ""5"", ""rskip"": ""0"", ""sao"": ""0"", ""scenecut"": ""18"", ""subme"": ""1"", ""tu-inter-depth"": ""3"", ""tu-intra-depth"": ""3"", ""weightb"": ""1"", ""weightp"": ""0"", ""wpp"": ""0""}"
x265,lf09_hard01,"lambda_f=0.9, hard=0.1",16032,RQ3,65,68.9,4.47,68.9,4.809738397598267,"['Standard', '320p', 30, '10s']",0.0,4.809636831283569,0.0,"{""amp"": ""1"", ""aq-mode"": ""4"", ""aq-strength"": ""2.0"", ""b-adapt"": ""2"", ""bframes"": ""3"", ""crf"": ""30.0"", ""ctu"": ""32"", ""keyint"": ""114"", ""limit-refs"": ""1"", ""limit-tu"": ""0"", ""me"": ""umh"", ""merange"": ""62"", ""open-gop"": ""0"", ""psy-rd"": ""0.0"", ""psy-rdoq"": ""2.0"", ""qcomp"": ""0.8"", ""qpmax"": ""38"", ""qpmin"": ""19"", ""rc-lookahead"": ""53"", ""rd"": ""2"", ""rdoq-level"": ""1"", ""rect"": ""0"", ""ref"": ""6"", ""rskip"": ""1"", ""sao"": ""1"", ""scenecut"": ""78"", ""subme"": ""4"", ""tu-inter-depth"": ""2"", ""tu-intra-depth"": ""3"", ""weightb"": ""0"", ""weightp"": ""1"", ""wpp"": ""1""}"
x265,lf09_hard01,"lambda_f=0.9, hard=0.1",16032,RQ3,66,17.23,17.7,17.23,18.045156478881836,"['Standard', '320p', 30, '10s']",0.0,18.045048475265503,0.0,"{""amp"": ""0"", ""aq-mode"": ""1"", ""aq-strength"": ""1.2"", ""b-adapt"": ""0"", ""bframes"": ""5"", ""crf"": ""25.0"", ""ctu"": ""64"", ""keyint"": ""114"", ""limit-refs"": ""1"", ""limit-tu"": ""4"", ""me"": ""star"", ""merange"": ""59"", ""open-gop"": ""1"", ""psy-rd"": ""0.0"", ""psy-rdoq"": ""3.5"", ""qcomp"": ""0.7"", ""qpmax"": ""23"", ""qpmin"": ""10"", ""rc-lookahead"": ""37"", ""rd"": ""3"", ""rdoq-level"": ""2"", ""rect"": ""1"", ""ref"": ""6"", ""rskip"": ""0"", ""sao"": ""0"", ""scenecut"": ""39"", ""subme"": ""1"", ""tu-inter-depth"": ""3"", ""tu-intra-depth"": ""4"", ""weightb"": ""1"", ""weightp"": ""1"", ""wpp"": ""0""}"
x265,lf09_hard01,"lambda_f=0.9, hard=0.1",16032,RQ3,67,82.29,3.75,82.29,4.130417108535767,"['Standard', '320p', 30, '10s']",0.0,4.130324363708496,0.0,"{""amp"": ""1"", ""aq-mode"": ""2"", ""aq-strength"": ""2.0"", ""b-adapt"": ""1"", ""bframes"": ""3"", ""crf"": ""30.0"", ""ctu"": ""64"", ""keyint"": ""270"", ""limit-refs"": ""0"", ""limit-tu"": ""2"", ""me"": ""hex"", ""merange"": ""54"", ""open-gop"": ""0"", ""psy-rd"": ""0.5"", ""psy-rdoq"": ""5.0"", ""qcomp"": ""0.7"", ""qpmax"": ""38"", ""qpmin"": ""11"", ""rc-lookahead"": ""17"", ""rd"": ""4"", ""rdoq-level"": ""1"", ""rect"": ""0"", ""ref"": ""3"", ""rskip"": ""1"", ""sao"": ""1"", ""scenecut"": ""90"", ""subme"": ""3"", ""tu-inter-depth"": ""2"", ""tu-intra-depth"": ""2"", ""weightb"": ""1"", ""weightp"": ""1"", ""wpp"": ""1""}"
x265,lf09_hard01,"lambda_f=0.9, hard=0.1",16032,RQ3,68,44.6,6.87,44.6,7.206394672393799,"['Standard', '320p', 30, '10s']",0.0,7.206292629241943,0.0,"{""amp"": ""0"", ""aq-mode"": ""0"", ""aq-strength"": ""1.5"", ""b-adapt"": ""1"", ""bframes"": ""7"", ""crf"": ""28.0"", ""ctu"": ""32"", ""keyint"": ""33"", ""limit-refs"": ""3"", ""limit-tu"": ""2"", ""me"": ""dia"", ""merange"": ""28"", ""open-gop"": ""0"", ""psy-rd"": ""1.0"", ""psy-rdoq"": ""0.0"", ""qcomp"": ""0.7"", ""qpmax"": ""38"", ""qpmin"": ""4"", ""rc-lookahead"": ""13"", ""rd"": ""4"", ""rdoq-level"": ""1"", ""rect"": ""1"", ""ref"": ""4"", ""rskip"": ""0"", ""sao"": ""1"", ""scenecut"": ""74"", ""subme"": ""3"", ""tu-inter-depth"": ""3"", ""tu-intra-depth"": ""2"", ""weightb"": ""1"", ""weightp"": ""0"", ""wpp"": ""0""}"
x265,lf09_hard01,"lambda_f=0.9, hard=0.1",16032,RQ3,69,32.25,9.48,32.25,9.810599565505981,"['Standard', '320p', 30, '10s']",0.0,9.81050157546997,0.0,"{""amp"": ""1"", ""aq-mode"": ""2"", ""aq-strength"": ""1.0"", ""b-adapt"": ""2"", ""bframes"": ""2"", ""crf"": ""22.0"", ""ctu"": ""32"", ""keyint"": ""194"", ""limit-refs"": ""2"", ""limit-tu"": ""3"", ""me"": ""hex"", ""merange"": ""64"", ""open-gop"": ""0"", ""psy-rd"": ""2.5"", ""psy-rdoq"": ""1.5"", ""qcomp"": ""0.9"", ""qpmax"": ""25"", ""qpmin"": ""0"", ""rc-lookahead"": ""31"", ""rd"": ""4"", ""rdoq-level"": ""2"", ""rect"": ""1"", ""ref"": ""1"", ""rskip"": ""1"", ""sao"": ""1"", ""scenecut"": ""82"", ""subme"": ""2"", ""tu-inter-depth"": ""1"", ""tu-intra-depth"": ""1"", ""weightb"": ""0"", ""weightp"": ""0"", ""wpp"": ""0""}"
x265,lf09_hard01,"lambda_f=0.9, hard=0.1",16032,RQ3,70,36.94,8.29,36.94,8.640220403671265,"['Standard', '320p', 30, '10s']",0.0,8.640124082565308,0.0,"{""amp"": ""1"", ""aq-mode"": ""3"", ""aq-strength"": ""1.0"", ""b-adapt"": ""1"", ""bframes"": ""4"", ""crf"": ""25.0"", ""ctu"": ""64"", ""keyint"": ""465"", ""limit-refs"": ""2"", ""limit-tu"": ""2"", ""me"": ""umh"", ""merange"": ""34"", ""open-gop"": ""1"", ""psy-rd"": ""4.0"", ""psy-rdoq"": ""4.5"", ""qcomp"": ""0.8"", ""qpmax"": ""35"", ""qpmin"": ""6"", ""rc-lookahead"": ""54"", ""rd"": ""3"", ""rdoq-level"": ""1"", ""rect"": ""1"", ""ref"": ""2"", ""rskip"": ""1"", ""sao"": ""1"", ""scenecut"": ""62"", ""subme"": ""3"", ""tu-inter-depth"": ""3"", ""tu-intra-depth"": ""1"", ""weightb"": ""1"", ""weightp"": ""0"", ""wpp"": ""1""}"
x265,lf09_hard01,"lambda_f=0.9, hard=0.1",16032,RQ3,71,34.32,8.92,34.32,9.258707284927368,"['Standard', '320p', 30, '10s']",0.0,9.258609294891357,0.0,"{""amp"": ""0"", ""aq-mode"": ""0"", ""aq-strength"": ""1.5"", ""b-adapt"": ""1"", ""bframes"": ""7"", ""crf"": ""20.0"", ""ctu"": ""64"", ""keyint"": ""52"", ""limit-refs"": ""2"", ""limit-tu"": ""4"", ""me"": ""umh"", ""merange"": ""46"", ""open-gop"": ""0"", ""psy-rd"": ""1.5"", ""psy-rdoq"": ""0.0"", ""qcomp"": ""0.6"", ""qpmax"": ""21"", ""qpmin"": ""19"", ""rc-lookahead"": ""36"", ""rd"": ""3"", ""rdoq-level"": ""0"", ""rect"": ""0"", ""ref"": ""3"", ""rskip"": ""1"", ""sao"": ""1"", ""scenecut"": ""25"", ""subme"": ""4"", ""tu-inter-depth"": ""4"", ""tu-intra-depth"": ""2"", ""weightb"": ""0"", ""weightp"": ""1"", ""wpp"": ""0""}"
x265,lf09_hard01,"lambda_f=0.9, hard=0.1",16032,RQ3,72,22.18,13.76,22.18,14.093212366104126,"['Standard', '320p', 30, '10s']",0.0,14.093116760253906,0.0,"{""amp"": ""1"", ""aq-mode"": ""2"", ""aq-strength"": ""0.5"", ""b-adapt"": ""0"", ""bframes"": ""4"", ""crf"": ""18.0"", ""ctu"": ""32"", ""keyint"": ""267"", ""limit-refs"": ""3"", ""limit-tu"": ""1"", ""me"": ""umh"", ""merange"": ""38"", ""open-gop"": ""0"", ""psy-rd"": ""2.0"", ""psy-rdoq"": ""2.0"", ""qcomp"": ""0.75"", ""qpmax"": ""28"", ""qpmin"": ""15"", ""rc-lookahead"": ""34"", ""rd"": ""3"", ""rdoq-level"": ""2"", ""rect"": ""0"", ""ref"": ""6"", ""rskip"": ""1"", ""sao"": ""1"", ""scenecut"": ""67"", ""subme"": ""3"", ""tu-inter-depth"": ""3"", ""tu-intra-depth"": ""3"", ""weightb"": ""0"", ""weightp"": ""1"", ""wpp"": ""0""}"
x265,lf09_hard01,"lambda_f=0.9, hard=0.1",16032,RQ3,73,31.38,9.75,31.38,10.122215986251831,"['Standard', '320p', 30, '10s']",0.0,10.122122287750244,0.0,"{""amp"": ""0"", ""aq-mode"": ""3"", ""aq-strength"": ""0.0"", ""b-adapt"": ""1"", ""bframes"": ""4"", ""crf"": ""30.0"", ""ctu"": ""32"", ""keyint"": ""441"", ""limit-refs"": ""3"", ""limit-tu"": ""4"", ""me"": ""star"", ""merange"": ""51"", ""open-gop"": ""1"", ""psy-rd"": ""3.5"", ""psy-rdoq"": ""1.0"", ""qcomp"": ""1.0"", ""qpmax"": ""38"", ""qpmin"": ""20"", ""rc-lookahead"": ""39"", ""rd"": ""6"", ""rdoq-level"": ""0"", ""rect"": ""0"", ""ref"": ""2"", ""rskip"": ""0"", ""sao"": ""1"", ""scenecut"": ""78"", ""subme"": ""2"", ""tu-inter-depth"": ""1"", ""tu-intra-depth"": ""1"", ""weightb"": ""1"", ""weightp"": ""1"", ""wpp"": ""0""}"
x265,lf09_hard01,"lambda_f=0.9, hard=0.1",16032,RQ3,74,16.19,18.83,16.19,19.15631890296936,"['Standard', '320p', 30, '10s']",0.0,19.15621542930603,0.0,"{""amp"": ""0"", ""aq-mode"": ""4"", ""aq-strength"": ""1.0"", ""b-adapt"": ""2"", ""bframes"": ""6"", ""crf"": ""30.0"", ""ctu"": ""32"", ""keyint"": ""159"", ""limit-refs"": ""0"", ""limit-tu"": ""0"", ""me"": ""dia"", ""merange"": ""17"", ""open-gop"": ""0"", ""psy-rd"": ""2.5"", ""psy-rdoq"": ""1.0"", ""qcomp"": ""1.0"", ""qpmax"": ""45"", ""qpmin"": ""15"", ""rc-lookahead"": ""23"", ""rd"": ""5"", ""rdoq-level"": ""2"", ""rect"": ""0"", ""ref"": ""3"", ""rskip"": ""1"", ""sao"": ""1"", ""scenecut"": ""74"", ""subme"": ""4"", ""tu-inter-depth"": ""3"", ""tu-intra-depth"": ""1"", ""weightb"": ""0"", ""weightp"": ""1"", ""wpp"": ""1""}"
x265,lf09_hard01,"lambda_f=0.9, hard=0.1",16032,RQ3,75,22.48,13.57,22.48,13.920727968215942,"['Standard', '320p', 30, '10s']",0.0,13.920629978179932,0.0,"{""amp"": ""0"", ""aq-mode"": ""1"", ""aq-strength"": ""1.0"", ""b-adapt"": ""2"", ""bframes"": ""1"", ""crf"": ""28.0"", ""ctu"": ""32"", ""keyint"": ""347"", ""limit-refs"": ""1"", ""limit-tu"": ""4"", ""me"": ""umh"", ""merange"": ""20"", ""open-gop"": ""0"", ""psy-rd"": ""0.5"", ""psy-rdoq"": ""5.0"", ""qcomp"": ""0.6"", ""qpmax"": ""31"", ""qpmin"": ""19"", ""rc-lookahead"": ""36"", ""rd"": ""5"", ""rdoq-level"": ""2"", ""rect"": ""0"", ""ref"": ""4"", ""rskip"": ""1"", ""sao"": ""1"", ""scenecut"": ""32"", ""subme"": ""1"", ""tu-inter-depth"": ""3"", ""tu-intra-depth"": ""4"", ""weightb"": ""0"", ""weightp"": ""0"", ""wpp"": ""0""}"
x265,lf09_hard01,"lambda_f=0.9, hard=0.1",16032,RQ3,76,50.56,6.07,50.56,6.420185565948486,"['Standard', '320p', 30, '10s']",0.0,6.420085430145264,0.0,"{""amp"": ""1"", ""aq-mode"": ""0"", ""aq-strength"": ""0.0"", ""b-adapt"": ""1"", ""bframes"": ""1"", ""crf"": ""28.0"", ""ctu"": ""32"", ""keyint"": ""331"", ""limit-refs"": ""3"", ""limit-tu"": ""2"", ""me"": ""umh"", ""merange"": ""43"", ""open-gop"": ""1"", ""psy-rd"": ""4.0"", ""psy-rdoq"": ""1.5"", ""qcomp"": ""0.5"", ""qpmax"": ""39"", ""qpmin"": ""19"", ""rc-lookahead"": ""40"", ""rd"": ""3"", ""rdoq-level"": ""2"", ""rect"": ""0"", ""ref"": ""2"", ""rskip"": ""0"", ""sao"": ""0"", ""scenecut"": ""89"", ""subme"": ""4"", ""tu-inter-depth"": ""2"", ""tu-intra-depth"": ""3"", ""weightb"": ""1"", ""weightp"": ""0"", ""wpp"": ""0""}"
x265,lf09_hard01,"lambda_f=0.9, hard=0.1",16032,RQ3,77,48.34,6.34,48.34,6.675790786743164,"['Standard', '320p', 30, '10s']",0.0,6.675690174102783,0.0,"{""amp"": ""0"", ""aq-mode"": ""2"", ""aq-strength"": ""0.5"", ""b-adapt"": ""2"", ""bframes"": ""3"", ""crf"": ""22.0"", ""ctu"": ""32"", ""keyint"": ""488"", ""limit-refs"": ""3"", ""limit-tu"": ""1"", ""me"": ""umh"", ""merange"": ""36"", ""open-gop"": ""1"", ""psy-rd"": ""0.5"", ""psy-rdoq"": ""0.0"", ""qcomp"": ""0.7"", ""qpmax"": ""30"", ""qpmin"": ""15"", ""rc-lookahead"": ""31"", ""rd"": ""4"", ""rdoq-level"": ""0"", ""rect"": ""0"", ""ref"": ""3"", ""rskip"": ""0"", ""sao"": ""0"", ""scenecut"": ""14"", ""subme"": ""3"", ""tu-inter-depth"": ""2"", ""tu-intra-depth"": ""1"", ""weightb"": ""1"", ""weightp"": ""0"", ""wpp"": ""1""}"
x265,lf09_hard01,"lambda_f=0.9, hard=0.1",16032,RQ3,78,18.68,16.33,18.68,16.653775215148926,"['Standard', '320p', 30, '10s']",0.0,16.653680324554443,0.0,"{""amp"": ""0"", ""aq-mode"": ""4"", ""aq-strength"": ""0.8"", ""b-adapt"": ""2"", ""bframes"": ""1"", ""crf"": ""32.0"", ""ctu"": ""32"", ""keyint"": ""87"", ""limit-refs"": ""2"", ""limit-tu"": ""2"", ""me"": ""dia"", ""merange"": ""45"", ""open-gop"": ""0"", ""psy-rd"": ""3.5"", ""psy-rdoq"": ""3.0"", ""qcomp"": ""0.7"", ""qpmax"": ""32"", ""qpmin"": ""5"", ""rc-lookahead"": ""36"", ""rd"": ""5"", ""rdoq-level"": ""2"", ""rect"": ""1"", ""ref"": ""1"", ""rskip"": ""1"", ""sao"": ""0"", ""scenecut"": ""54"", ""subme"": ""5"", ""tu-inter-depth"": ""4"", ""tu-intra-depth"": ""4"", ""weightb"": ""0"", ""weightp"": ""1"", ""wpp"": ""1""}"
x265,lf09_hard01,"lambda_f=0.9, hard=0.1",16032,RQ3,79,14.14,21.61,14.14,22.15111494064331,"['Standard', '320p', 30, '10s']",0.0,22.150953769683838,0.0,"{""amp"": ""1"", ""aq-mode"": ""3"", ""aq-strength"": ""1.8"", ""b-adapt"": ""2"", ""bframes"": ""4"", ""crf"": ""25.0"", ""ctu"": ""64"", ""keyint"": ""416"", ""limit-refs"": ""3"", ""limit-tu"": ""1"", ""me"": ""star"", ""merange"": ""43"", ""open-gop"": ""0"", ""psy-rd"": ""3.5"", ""psy-rdoq"": ""3.0"", ""qcomp"": ""0.5"", ""qpmax"": ""22"", ""qpmin"": ""4"", ""rc-lookahead"": ""55"", ""rd"": ""4"", ""rdoq-level"": ""2"", ""rect"": ""1"", ""ref"": ""1"", ""rskip"": ""1"", ""sao"": ""0"", ""scenecut"": ""16"", ""subme"": ""4"", ""tu-inter-depth"": ""3"", ""tu-intra-depth"": ""2"", ""weightb"": ""1"", ""weightp"": ""1"", ""wpp"": ""0""}"
x265,lf09_hard01,"lambda_f=0.9, hard=0.1",16032,RQ3,80,34.6,8.85,34.6,9.176553726196289,"['Standard', '320p', 30, '10s']",0.0,9.176455974578857,0.0,"{""amp"": ""0"", ""aq-mode"": ""3"", ""aq-strength"": ""0.5"", ""b-adapt"": ""1"", ""bframes"": ""1"", ""crf"": ""22.0"", ""ctu"": ""32"", ""keyint"": ""200"", ""limit-refs"": ""2"", ""limit-tu"": ""4"", ""me"": ""star"", ""merange"": ""39"", ""open-gop"": ""0"", ""psy-rd"": ""0.0"", ""psy-rdoq"": ""4.5"", ""qcomp"": ""0.8"", ""qpmax"": ""29"", ""qpmin"": ""10"", ""rc-lookahead"": ""14"", ""rd"": ""4"", ""rdoq-level"": ""0"", ""rect"": ""1"", ""ref"": ""4"", ""rskip"": ""1"", ""sao"": ""0"", ""scenecut"": ""76"", ""subme"": ""5"", ""tu-inter-depth"": ""4"", ""tu-intra-depth"": ""3"", ""weightb"": ""1"", ""weightp"": ""1"", ""wpp"": ""0""}"
x265,lf09_hard01,"lambda_f=0.9, hard=0.1",16032,RQ3,81,22.0,13.87,22.0,14.217298746109009,"['Standard', '320p', 30, '10s']",0.0,14.21719765663147,0.0,"{""amp"": ""1"", ""aq-mode"": ""2"", ""aq-strength"": ""1.2"", ""b-adapt"": ""2"", ""bframes"": ""7"", ""crf"": ""20.0"", ""ctu"": ""16"", ""keyint"": ""449"", ""limit-refs"": ""1"", ""limit-tu"": ""0"", ""me"": ""umh"", ""merange"": ""17"", ""open-gop"": ""1"", ""psy-rd"": ""2.5"", ""psy-rdoq"": ""2.0"", ""qcomp"": ""0.75"", ""qpmax"": ""27"", ""qpmin"": ""7"", ""rc-lookahead"": ""31"", ""rd"": ""4"", ""rdoq-level"": ""2"", ""rect"": ""1"", ""ref"": ""4"", ""rskip"": ""1"", ""sao"": ""1"", ""scenecut"": ""64"", ""subme"": ""3"", ""tu-inter-depth"": ""2"", ""tu-intra-depth"": ""1"", ""weightb"": ""1"", ""weightp"": ""1"", ""wpp"": ""1""}"
x265,lf09_hard01,"lambda_f=0.9, hard=0.1",16032,RQ3,82,23.85,12.8,23.85,13.141927719116211,"['Standard', '320p', 30, '10s']",0.0,13.141826868057251,0.0,"{""amp"": ""0"", ""aq-mode"": ""0"", ""aq-strength"": ""0.5"", ""b-adapt"": ""1"", ""bframes"": ""0"", ""crf"": ""20.0"", ""ctu"": ""32"", ""keyint"": ""137"", ""limit-refs"": ""1"", ""limit-tu"": ""3"", ""me"": ""dia"", ""merange"": ""23"", ""open-gop"": ""0"", ""psy-rd"": ""1.5"", ""psy-rdoq"": ""0.5"", ""qcomp"": ""0.8"", ""qpmax"": ""37"", ""qpmin"": ""2"", ""rc-lookahead"": ""10"", ""rd"": ""3"", ""rdoq-level"": ""0"", ""rect"": ""1"", ""ref"": ""6"", ""rskip"": ""0"", ""sao"": ""0"", ""scenecut"": ""2"", ""subme"": ""1"", ""tu-inter-depth"": ""1"", ""tu-intra-depth"": ""1"", ""weightb"": ""0"", ""weightp"": ""0"", ""wpp"": ""0""}"
x265,lf09_hard01,"lambda_f=0.9, hard=0.1",16032,RQ3,83,19.59,15.58,19.59,15.922276735305786,"['Standard', '320p', 30, '10s']",0.0,15.92217493057251,0.0,"{""amp"": ""1"", ""aq-mode"": ""0"", ""aq-strength"": ""1.5"", ""b-adapt"": ""1"", ""bframes"": ""8"", ""crf"": ""25.0"", ""ctu"": ""64"", ""keyint"": ""310"", ""limit-refs"": ""0"", ""limit-tu"": ""4"", ""me"": ""star"", ""merange"": ""19"", ""open-gop"": ""1"", ""psy-rd"": ""0.0"", ""psy-rdoq"": ""0.0"", ""qcomp"": ""1.0"", ""qpmax"": ""50"", ""qpmin"": ""2"", ""rc-lookahead"": ""48"", ""rd"": ""2"", ""rdoq-level"": ""2"", ""rect"": ""1"", ""ref"": ""4"", ""rskip"": ""1"", ""sao"": ""0"", ""scenecut"": ""96"", ""subme"": ""5"", ""tu-inter-depth"": ""4"", ""tu-intra-depth"": ""3"", ""weightb"": ""1"", ""weightp"": ""1"", ""wpp"": ""1""}"
x265,lf09_hard01,"lambda_f=0.9, hard=0.1",16032,RQ3,84,12.24,24.92,12.24,25.305013418197632,"['Standard', '320p', 30, '10s']",0.0,25.304917097091675,0.0,"{""amp"": ""0"", ""aq-mode"": ""2"", ""aq-strength"": ""0.8"", ""b-adapt"": ""1"", ""bframes"": ""4"", ""crf"": ""28.0"", ""ctu"": ""16"", ""keyint"": ""35"", ""limit-refs"": ""1"", ""limit-tu"": ""3"", ""me"": ""umh"", ""merange"": ""46"", ""open-gop"": ""1"", ""psy-rd"": ""1.0"", ""psy-rdoq"": ""2.5"", ""qcomp"": ""0.7"", ""qpmax"": ""23"", ""qpmin"": ""6"", ""rc-lookahead"": ""32"", ""rd"": ""5"", ""rdoq-level"": ""1"", ""rect"": ""0"", ""ref"": ""5"", ""rskip"": ""1"", ""sao"": ""0"", ""scenecut"": ""3"", ""subme"": ""1"", ""tu-inter-depth"": ""1"", ""tu-intra-depth"": ""2"", ""weightb"": ""1"", ""weightp"": ""1"", ""wpp"": ""1""}"
x265,lf09_hard01,"lambda_f=0.9, hard=0.1",16032,RQ3,85,41.28,7.42,41.28,7.776100397109985,"['Standard', '320p', 30, '10s']",0.0,7.775988578796387,0.0,"{""amp"": ""0"", ""aq-mode"": ""3"", ""aq-strength"": ""0.5"", ""b-adapt"": ""1"", ""bframes"": ""5"", ""crf"": ""20.0"", ""ctu"": ""16"", ""keyint"": ""471"", ""limit-refs"": ""3"", ""limit-tu"": ""4"", ""me"": ""dia"", ""merange"": ""48"", ""open-gop"": ""0"", ""psy-rd"": ""0.0"", ""psy-rdoq"": ""1.0"", ""qcomp"": ""0.75"", ""qpmax"": ""38"", ""qpmin"": ""14"", ""rc-lookahead"": ""36"", ""rd"": ""2"", ""rdoq-level"": ""1"", ""rect"": ""1"", ""ref"": ""6"", ""rskip"": ""1"", ""sao"": ""1"", ""scenecut"": ""64"", ""subme"": ""1"", ""tu-inter-depth"": ""2"", ""tu-intra-depth"": ""1"", ""weightb"": ""1"", ""weightp"": ""0"", ""wpp"": ""0""}"
x265,lf09_hard01,"lambda_f=0.9, hard=0.1",16032,RQ3,86,31.16,9.81,31.16,10.15009880065918,"['Standard', '320p', 30, '10s']",0.0,10.150003671646118,0.0,"{""amp"": ""1"", ""aq-mode"": ""2"", ""aq-strength"": ""1.0"", ""b-adapt"": ""2"", ""bframes"": ""4"", ""crf"": ""25.0"", ""ctu"": ""32"", ""keyint"": ""104"", ""limit-refs"": ""1"", ""limit-tu"": ""4"", ""me"": ""hex"", ""merange"": ""43"", ""open-gop"": ""0"", ""psy-rd"": ""0.0"", ""psy-rdoq"": ""3.5"", ""qcomp"": ""1.0"", ""qpmax"": ""45"", ""qpmin"": ""4"", ""rc-lookahead"": ""43"", ""rd"": ""4"", ""rdoq-level"": ""0"", ""rect"": ""1"", ""ref"": ""4"", ""rskip"": ""1"", ""sao"": ""0"", ""scenecut"": ""62"", ""subme"": ""5"", ""tu-inter-depth"": ""3"", ""tu-intra-depth"": ""1"", ""weightb"": ""1"", ""weightp"": ""1"", ""wpp"": ""0""}"
x265,lf09_hard01,"lambda_f=0.9, hard=0.1",16032,RQ3,87,32.21,9.49,32.21,9.830819606781006,"['Standard', '320p', 30, '10s']",0.0,9.830713033676147,0.0,"{""amp"": ""0"", ""aq-mode"": ""2"", ""aq-strength"": ""0.8"", ""b-adapt"": ""1"", ""bframes"": ""8"", ""crf"": ""30.0"", ""ctu"": ""32"", ""keyint"": ""404"", ""limit-refs"": ""0"", ""limit-tu"": ""3"", ""me"": ""star"", ""merange"": ""45"", ""open-gop"": ""1"", ""psy-rd"": ""1.5"", ""psy-rdoq"": ""4.5"", ""qcomp"": ""0.8"", ""qpmax"": ""26"", ""qpmin"": ""2"", ""rc-lookahead"": ""39"", ""rd"": ""4"", ""rdoq-level"": ""2"", ""rect"": ""0"", ""ref"": ""4"", ""rskip"": ""0"", ""sao"": ""0"", ""scenecut"": ""83"", ""subme"": ""3"", ""tu-inter-depth"": ""4"", ""tu-intra-depth"": ""2"", ""weightb"": ""0"", ""weightp"": ""1"", ""wpp"": ""1""}"
x265,lf09_hard01,"lambda_f=0.9, hard=0.1",16032,RQ3,88,110.72,2.81,110.72,3.2045414447784424,"['Standard', '320p', 30, '10s']",0.0,3.2043755054473877,0.0,"{""amp"": ""0"", ""aq-mode"": ""1"", ""aq-strength"": ""1.8"", ""b-adapt"": ""0"", ""bframes"": ""1"", ""crf"": ""32.0"", ""ctu"": ""64"", ""keyint"": ""115"", ""limit-refs"": ""3"", ""limit-tu"": ""0"", ""me"": ""umh"", ""merange"": ""19"", ""open-gop"": ""1"", ""psy-rd"": ""0.5"", ""psy-rdoq"": ""5.0"", ""qcomp"": ""1.0"", ""qpmax"": ""41"", ""qpmin"": ""10"", ""rc-lookahead"": ""45"", ""rd"": ""4"", ""rdoq-level"": ""1"", ""rect"": ""0"", ""ref"": ""6"", ""rskip"": ""1"", ""sao"": ""0"", ""scenecut"": ""88"", ""subme"": ""5"", ""tu-inter-depth"": ""1"", ""tu-intra-depth"": ""2"", ""weightb"": ""0"", ""weightp"": ""1"", ""wpp"": ""0""}"
x265,lf09_hard01,"lambda_f=0.9, hard=0.1",16032,RQ3,89,27.68,11.03,27.68,11.377744436264038,"['Standard', '320p', 30, '10s']",0.0,11.377647161483765,0.0,"{""amp"": ""0"", ""aq-mode"": ""2"", ""aq-strength"": ""0.8"", ""b-adapt"": ""1"", ""bframes"": ""6"", ""crf"": ""22.0"", ""ctu"": ""64"", ""keyint"": ""394"", ""limit-refs"": ""1"", ""limit-tu"": ""3"", ""me"": ""star"", ""merange"": ""27"", ""open-gop"": ""1"", ""psy-rd"": ""1.0"", ""psy-rdoq"": ""4.0"", ""qcomp"": ""1.0"", ""qpmax"": ""39"", ""qpmin"": ""17"", ""rc-lookahead"": ""11"", ""rd"": ""3"", ""rdoq-level"": ""1"", ""rect"": ""1"", ""ref"": ""3"", ""rskip"": ""1"", ""sao"": ""0"", ""scenecut"": ""18"", ""subme"": ""4"", ""tu-inter-depth"": ""3"", ""tu-intra-depth"": ""2"", ""weightb"": ""1"", ""weightp"": ""0"", ""wpp"": ""1""}"
x265,lf09_hard01,"lambda_f=0.9, hard=0.1",16032,RQ3,90,11.1,27.48,11.1,27.84141445159912,"['Standard', '320p', 30, '10s']",0.0,27.84131669998169,0.0,"{""amp"": ""0"", ""aq-mode"": ""0"", ""aq-strength"": ""0.8"", ""b-adapt"": ""1"", ""bframes"": ""5"", ""crf"": ""22.0"", ""ctu"": ""32"", ""keyint"": ""78"", ""limit-refs"": ""1"", ""limit-tu"": ""1"", ""me"": ""star"", ""merange"": ""24"", ""open-gop"": ""1"", ""psy-rd"": ""4.0"", ""psy-rdoq"": ""2.5"", ""qcomp"": ""0.5"", ""qpmax"": ""28"", ""qpmin"": ""1"", ""rc-lookahead"": ""42"", ""rd"": ""5"", ""rdoq-level"": ""2"", ""rect"": ""1"", ""ref"": ""2"", ""rskip"": ""1"", ""sao"": ""1"", ""scenecut"": ""1"", ""subme"": ""3"", ""tu-inter-depth"": ""1"", ""tu-intra-depth"": ""3"", ""weightb"": ""1"", ""weightp"": ""1"", ""wpp"": ""0""}"
x265,lf09_hard01,"lambda_f=0.9, hard=0.1",16032,RQ3,91,7.1,42.85,7.1,43.18127131462097,"['Standard', '320p', 30, '10s']",0.0,43.18117165565491,0.0,"{""amp"": ""0"", ""aq-mode"": ""1"", ""aq-strength"": ""1.0"", ""b-adapt"": ""2"", ""bframes"": ""3"", ""crf"": ""32.0"", ""ctu"": ""64"", ""keyint"": ""173"", ""limit-refs"": ""2"", ""limit-tu"": ""0"", ""me"": ""dia"", ""merange"": ""42"", ""open-gop"": ""0"", ""psy-rd"": ""2.5"", ""psy-rdoq"": ""2.5"", ""qcomp"": ""0.6"", ""qpmax"": ""22"", ""qpmin"": ""20"", ""rc-lookahead"": ""34"", ""rd"": ""5"", ""rdoq-level"": ""1"", ""rect"": ""0"", ""ref"": ""4"", ""rskip"": ""0"", ""sao"": ""0"", ""scenecut"": ""14"", ""subme"": ""2"", ""tu-inter-depth"": ""2"", ""tu-intra-depth"": ""1"", ""weightb"": ""0"", ""weightp"": ""0"", ""wpp"": ""0""}"
x265,lf09_hard01,"lambda_f=0.9, hard=0.1",16032,RQ3,92,7.69,39.6,7.69,39.9371542930603,"['Standard', '320p', 30, '10s']",0.0,39.93705368041992,0.0,"{""amp"": ""0"", ""aq-mode"": ""4"", ""aq-strength"": ""1.2"", ""b-adapt"": ""1"", ""bframes"": ""5"", ""crf"": ""20.0"", ""ctu"": ""64"", ""keyint"": ""418"", ""limit-refs"": ""3"", ""limit-tu"": ""3"", ""me"": ""star"", ""merange"": ""54"", ""open-gop"": ""1"", ""psy-rd"": ""0.0"", ""psy-rdoq"": ""4.0"", ""qcomp"": ""0.6"", ""qpmax"": ""51"", ""qpmin"": ""20"", ""rc-lookahead"": ""46"", ""rd"": ""6"", ""rdoq-level"": ""2"", ""rect"": ""1"", ""ref"": ""5"", ""rskip"": ""0"", ""sao"": ""1"", ""scenecut"": ""77"", ""subme"": ""4"", ""tu-inter-depth"": ""3"", ""tu-intra-depth"": ""4"", ""weightb"": ""0"", ""weightp"": ""0"", ""wpp"": ""0""}"
x265,lf09_hard01,"lambda_f=0.9, hard=0.1",16032,RQ3,93,81.89,3.77,81.89,4.098016023635864,"['Standard', '320p', 30, '10s']",0.0,4.097921848297119,0.0,"{""amp"": ""1"", ""aq-mode"": ""1"", ""aq-strength"": ""2.0"", ""b-adapt"": ""0"", ""bframes"": ""1"", ""crf"": ""32.0"", ""ctu"": ""32"", ""keyint"": ""441"", ""limit-refs"": ""3"", ""limit-tu"": ""3"", ""me"": ""hex"", ""merange"": ""47"", ""open-gop"": ""0"", ""psy-rd"": ""4.0"", ""psy-rdoq"": ""2.5"", ""qcomp"": ""1.0"", ""qpmax"": ""42"", ""qpmin"": ""8"", ""rc-lookahead"": ""35"", ""rd"": ""3"", ""rdoq-level"": ""1"", ""rect"": ""1"", ""ref"": ""4"", ""rskip"": ""0"", ""sao"": ""1"", ""scenecut"": ""10"", ""subme"": ""3"", ""tu-inter-depth"": ""4"", ""tu-intra-depth"": ""3"", ""weightb"": ""0"", ""weightp"": ""0"", ""wpp"": ""1""}"
x265,lf09_hard01,"lambda_f=0.9, hard=0.1",16032,RQ3,94,24.81,12.31,24.81,12.711640119552612,"['Standard', '320p', 30, '10s']",0.0,12.711488008499146,0.0,"{""amp"": ""1"", ""aq-mode"": ""0"", ""aq-strength"": ""1.0"", ""b-adapt"": ""2"", ""bframes"": ""8"", ""crf"": ""30.0"", ""ctu"": ""32"", ""keyint"": ""97"", ""limit-refs"": ""2"", ""limit-tu"": ""1"", ""me"": ""star"", ""merange"": ""17"", ""open-gop"": ""0"", ""psy-rd"": ""2.5"", ""psy-rdoq"": ""3.5"", ""qcomp"": ""0.9"", ""qpmax"": ""22"", ""qpmin"": ""14"", ""rc-lookahead"": ""35"", ""rd"": ""3"", ""rdoq-level"": ""0"", ""rect"": ""1"", ""ref"": ""3"", ""rskip"": ""0"", ""sao"": ""0"", ""scenecut"": ""19"", ""subme"": ""2"", ""tu-inter-depth"": ""2"", ""tu-intra-depth"": ""2"", ""weightb"": ""1"", ""weightp"": ""1"", ""wpp"": ""0""}"
x265,lf09_hard01,"lambda_f=0.9, hard=0.1",16032,RQ3,95,7.3,41.72,7.3,42.075355768203735,"['Standard', '320p', 30, '10s']",0.0,42.07523512840271,0.0,"{""amp"": ""0"", ""aq-mode"": ""0"", ""aq-strength"": ""0.5"", ""b-adapt"": ""0"", ""bframes"": ""8"", ""crf"": ""32.0"", ""ctu"": ""64"", ""keyint"": ""86"", ""limit-refs"": ""0"", ""limit-tu"": ""1"", ""me"": ""star"", ""merange"": ""63"", ""open-gop"": ""1"", ""psy-rd"": ""3.5"", ""psy-rdoq"": ""0.5"", ""qcomp"": ""0.8"", ""qpmax"": ""21"", ""qpmin"": ""16"", ""rc-lookahead"": ""34"", ""rd"": ""6"", ""rdoq-level"": ""0"", ""rect"": ""0"", ""ref"": ""3"", ""rskip"": ""0"", ""sao"": ""0"", ""scenecut"": ""99"", ""subme"": ""5"", ""tu-inter-depth"": ""2"", ""tu-intra-depth"": ""4"", ""weightb"": ""1"", ""weightp"": ""1"", ""wpp"": ""1""}"
x265,lf09_hard01,"lambda_f=0.9, hard=0.1",16032,RQ3,96,22.63,13.49,22.63,13.832756280899048,"['Standard', '320p', 30, '10s']",0.0,13.832666873931885,0.0,"{""amp"": ""0"", ""aq-mode"": ""0"", ""aq-strength"": ""0.0"", ""b-adapt"": ""0"", ""bframes"": ""2"", ""crf"": ""18.0"", ""ctu"": ""16"", ""keyint"": ""115"", ""limit-refs"": ""0"", ""limit-tu"": ""1"", ""me"": ""hex"", ""merange"": ""32"", ""open-gop"": ""0"", ""psy-rd"": ""0.5"", ""psy-rdoq"": ""0.0"", ""qcomp"": ""0.8"", ""qpmax"": ""41"", ""qpmin"": ""1"", ""rc-lookahead"": ""21"", ""rd"": ""3"", ""rdoq-level"": ""1"", ""rect"": ""1"", ""ref"": ""3"", ""rskip"": ""1"", ""sao"": ""0"", ""scenecut"": ""17"", ""subme"": ""2"", ""tu-inter-depth"": ""3"", ""tu-intra-depth"": ""3"", ""weightb"": ""1"", ""weightp"": ""1"", ""wpp"": ""0""}"
x265,lf09_hard01,"lambda_f=0.9, hard=0.1",16032,RQ3,97,39.02,7.84,39.02,8.184054613113403,"['Standard', '320p', 30, '10s']",0.0,8.183955669403076,0.0,"{""amp"": ""0"", ""aq-mode"": ""3"", ""aq-strength"": ""1.2"", ""b-adapt"": ""2"", ""bframes"": ""5"", ""crf"": ""18.0"", ""ctu"": ""16"", ""keyint"": ""408"", ""limit-refs"": ""2"", ""limit-tu"": ""1"", ""me"": ""hex"", ""merange"": ""33"", ""open-gop"": ""1"", ""psy-rd"": ""0.5"", ""psy-rdoq"": ""2.0"", ""qcomp"": ""0.5"", ""qpmax"": ""48"", ""qpmin"": ""16"", ""rc-lookahead"": ""38"", ""rd"": ""4"", ""rdoq-level"": ""0"", ""rect"": ""1"", ""ref"": ""5"", ""rskip"": ""1"", ""sao"": ""0"", ""scenecut"": ""7"", ""subme"": ""4"", ""tu-inter-depth"": ""2"", ""tu-intra-depth"": ""2"", ""weightb"": ""1"", ""weightp"": ""1"", ""wpp"": ""1""}"
x265,lf09_hard01,"lambda_f=0.9, hard=0.1",16032,RQ3,98,22.54,13.55,22.54,14.011293888092041,"['Standard', '320p', 30, '10s']",0.0,14.011190176010132,0.0,"{""amp"": ""0"", ""aq-mode"": ""3"", ""aq-strength"": ""1.5"", ""b-adapt"": ""2"", ""bframes"": ""1"", ""crf"": ""25.0"", ""ctu"": ""32"", ""keyint"": ""249"", ""limit-refs"": ""0"", ""limit-tu"": ""2"", ""me"": ""dia"", ""merange"": ""55"", ""open-gop"": ""0"", ""psy-rd"": ""1.5"", ""psy-rdoq"": ""0.5"", ""qcomp"": ""0.6"", ""qpmax"": ""24"", ""qpmin"": ""17"", ""rc-lookahead"": ""26"", ""rd"": ""4"", ""rdoq-level"": ""1"", ""rect"": ""1"", ""ref"": ""2"", ""rskip"": ""1"", ""sao"": ""1"", ""scenecut"": ""18"", ""subme"": ""1"", ""tu-inter-depth"": ""1"", ""tu-intra-depth"": ""1"", ""weightb"": ""1"", ""weightp"": ""1"", ""wpp"": ""0""}"
x265,lf09_hard01,"lambda_f=0.9, hard=0.1",16032,RQ3,99,56.42,5.44,56.42,5.786870241165161,"['Standard', '320p', 30, '10s']",0.0,5.786761522293091,0.0,"{""amp"": ""0"", ""aq-mode"": ""3"", ""aq-strength"": ""1.8"", ""b-adapt"": ""1"", ""bframes"": ""4"", ""crf"": ""30.0"", ""ctu"": ""32"", ""keyint"": ""103"", ""limit-refs"": ""3"", ""limit-tu"": ""2"", ""me"": ""hex"", ""merange"": ""62"", ""open-gop"": ""0"", ""psy-rd"": ""1.0"", ""psy-rdoq"": ""1.5"", ""qcomp"": ""0.6"", ""qpmax"": ""36"", ""qpmin"": ""11"", ""rc-lookahead"": ""53"", ""rd"": ""3"", ""rdoq-level"": ""1"", ""rect"": ""1"", ""ref"": ""4"", ""rskip"": ""0"", ""sao"": ""0"", ""scenecut"": ""43"", ""subme"": ""3"", ""tu-inter-depth"": ""3"", ""tu-intra-depth"": ""4"", ""weightb"": ""1"", ""weightp"": ""1"", ""wpp"": ""0""}"
x265,lf09_hard01,"lambda_f=0.9, hard=0.1",16032,RQ3,100,10.31,29.53,10.31,29.859209775924683,"['Standard', '320p', 30, '10s']",0.0,29.859108686447144,0.0,"{""amp"": ""0"", ""aq-mode"": ""1"", ""aq-strength"": ""0.8"", ""b-adapt"": ""1"", ""bframes"": ""4"", ""crf"": ""30.0"", ""ctu"": ""64"", ""keyint"": ""370"", ""limit-refs"": ""3"", ""limit-tu"": ""3"", ""me"": ""dia"", ""merange"": ""24"", ""open-gop"": ""0"", ""psy-rd"": ""1.0"", ""psy-rdoq"": ""3.5"", ""qcomp"": ""0.9"", ""qpmax"": ""23"", ""qpmin"": ""10"", ""rc-lookahead"": ""57"", ""rd"": ""6"", ""rdoq-level"": ""2"", ""rect"": ""0"", ""ref"": ""3"", ""rskip"": ""1"", ""sao"": ""1"", ""scenecut"": ""80"", ""subme"": ""1"", ""tu-inter-depth"": ""4"", ""tu-intra-depth"": ""4"", ""weightb"": ""0"", ""weightp"": ""1"", ""wpp"": ""1""}"
x265,lf09_hard01,"lambda_f=0.9, hard=0.1",16032,RQ3,101,17.42,17.51,17.42,17.856133460998535,"['Standard', '320p', 30, '10s']",0.0,17.856037139892578,0.0,"{""amp"": ""0"", ""aq-mode"": ""1"", ""aq-strength"": ""0.5"", ""b-adapt"": ""1"", ""bframes"": ""8"", ""crf"": ""20.0"", ""ctu"": ""32"", ""keyint"": ""183"", ""limit-refs"": ""1"", ""limit-tu"": ""1"", ""me"": ""dia"", ""merange"": ""26"", ""open-gop"": ""1"", ""psy-rd"": ""2.5"", ""psy-rdoq"": ""3.5"", ""qcomp"": ""0.75"", ""qpmax"": ""41"", ""qpmin"": ""4"", ""rc-lookahead"": ""15"", ""rd"": ""5"", ""rdoq-level"": ""0"", ""rect"": ""1"", ""ref"": ""1"", ""rskip"": ""0"", ""sao"": ""1"", ""scenecut"": ""39"", ""subme"": ""1"", ""tu-inter-depth"": ""2"", ""tu-intra-depth"": ""3"", ""weightb"": ""0"", ""weightp"": ""1"", ""wpp"": ""0""}"
x265,lf09_hard01,"lambda_f=0.9, hard=0.1",16032,RQ3,102,41.67,7.39,41.67,7.982830762863159,"['Standard', '320p', 30, '10s']",0.0,7.982674598693848,0.0,"{""amp"": ""1"", ""aq-mode"": ""2"", ""aq-strength"": ""0.8"", ""b-adapt"": ""2"", ""bframes"": ""0"", ""crf"": ""32.0"", ""ctu"": ""64"", ""keyint"": ""321"", ""limit-refs"": ""1"", ""limit-tu"": ""3"", ""me"": ""dia"", ""merange"": ""42"", ""open-gop"": ""1"", ""psy-rd"": ""2.5"", ""psy-rdoq"": ""3.0"", ""qcomp"": ""1.0"", ""qpmax"": ""26"", ""qpmin"": ""5"", ""rc-lookahead"": ""30"", ""rd"": ""4"", ""rdoq-level"": ""2"", ""rect"": ""0"", ""ref"": ""5"", ""rskip"": ""1"", ""sao"": ""0"", ""scenecut"": ""56"", ""subme"": ""2"", ""tu-inter-depth"": ""3"", ""tu-intra-depth"": ""1"", ""weightb"": ""1"", ""weightp"": ""1"", ""wpp"": ""1""}"
x265,lf09_hard01,"lambda_f=0.9, hard=0.1",16032,RQ3,103,9.94,30.64,9.94,30.98674726486206,"['Standard', '320p', 30, '10s']",0.0,30.986650466918945,0.0,"{""amp"": ""0"", ""aq-mode"": ""0"", ""aq-strength"": ""0.8"", ""b-adapt"": ""2"", ""bframes"": ""6"", ""crf"": ""20.0"", ""ctu"": ""16"", ""keyint"": ""105"", ""limit-refs"": ""3"", ""limit-tu"": ""2"", ""me"": ""hex"", ""merange"": ""40"", ""open-gop"": ""0"", ""psy-rd"": ""3.0"", ""psy-rdoq"": ""1.0"", ""qcomp"": ""0.9"", ""qpmax"": ""39"", ""qpmin"": ""15"", ""rc-lookahead"": ""57"", ""rd"": ""6"", ""rdoq-level"": ""1"", ""rect"": ""1"", ""ref"": ""4"", ""rskip"": ""1"", ""sao"": ""0"", ""scenecut"": ""44"", ""subme"": ""4"", ""tu-inter-depth"": ""3"", ""tu-intra-depth"": ""2"", ""weightb"": ""0"", ""weightp"": ""0"", ""wpp"": ""0""}"
x265,lf09_hard01,"lambda_f=0.9, hard=0.1",16032,RQ3,104,50.61,6.06,50.61,6.385633707046509,"['Standard', '320p', 30, '10s']",0.0,6.385534048080444,0.0,"{""amp"": ""1"", ""aq-mode"": ""3"", ""aq-strength"": ""1.8"", ""b-adapt"": ""1"", ""bframes"": ""2"", ""crf"": ""30.0"", ""ctu"": ""32"", ""keyint"": ""148"", ""limit-refs"": ""2"", ""limit-tu"": ""0"", ""me"": ""umh"", ""merange"": ""64"", ""open-gop"": ""1"", ""psy-rd"": ""0.0"", ""psy-rdoq"": ""4.0"", ""qcomp"": ""0.9"", ""qpmax"": ""30"", ""qpmin"": ""8"", ""rc-lookahead"": ""38"", ""rd"": ""1"", ""rdoq-level"": ""1"", ""rect"": ""1"", ""ref"": ""1"", ""rskip"": ""0"", ""sao"": ""0"", ""scenecut"": ""12"", ""subme"": ""4"", ""tu-inter-depth"": ""2"", ""tu-intra-depth"": ""3"", ""weightb"": ""1"", ""weightp"": ""1"", ""wpp"": ""0""}"
x265,lf09_hard01,"lambda_f=0.9, hard=0.1",16032,RQ3,105,100.51,3.08,100.51,3.4238245487213135,"['Standard', '320p', 30, '10s']",0.0,3.423731803894043,0.0,"{""amp"": ""1"", ""aq-mode"": ""1"", ""aq-strength"": ""2.0"", ""b-adapt"": ""0"", ""bframes"": ""1"", ""crf"": ""32.0"", ""ctu"": ""64"", ""keyint"": ""488"", ""limit-refs"": ""2"", ""limit-tu"": ""2"", ""me"": ""hex"", ""merange"": ""43"", ""open-gop"": ""0"", ""psy-rd"": ""4.0"", ""psy-rdoq"": ""5.0"", ""qcomp"": ""1.0"", ""qpmax"": ""39"", ""qpmin"": ""14"", ""rc-lookahead"": ""48"", ""rd"": ""4"", ""rdoq-level"": ""1"", ""rect"": ""0"", ""ref"": ""2"", ""rskip"": ""1"", ""sao"": ""1"", ""scenecut"": ""86"", ""subme"": ""3"", ""tu-inter-depth"": ""2"", ""tu-intra-depth"": ""3"", ""weightb"": ""1"", ""weightp"": ""0"", ""wpp"": ""1""}"
x265,lf09_hard01,"lambda_f=0.9, hard=0.1",16032,RQ3,106,19.86,15.36,19.86,15.691242456436157,"['Standard', '320p', 30, '10s']",0.0,15.691137552261353,0.0,"{""amp"": ""0"", ""aq-mode"": ""1"", ""aq-strength"": ""0.0"", ""b-adapt"": ""2"", ""bframes"": ""7"", ""crf"": ""25.0"", ""ctu"": ""32"", ""keyint"": ""132"", ""limit-refs"": ""1"", ""limit-tu"": ""2"", ""me"": ""hex"", ""merange"": ""39"", ""open-gop"": ""1"", ""psy-rd"": ""3.5"", ""psy-rdoq"": ""0.5"", ""qcomp"": ""0.6"", ""qpmax"": ""44"", ""qpmin"": ""7"", ""rc-lookahead"": ""49"", ""rd"": ""5"", ""rdoq-level"": ""1"", ""rect"": ""0"", ""ref"": ""3"", ""rskip"": ""0"", ""sao"": ""0"", ""scenecut"": ""79"", ""subme"": ""1"", ""tu-inter-depth"": ""1"", ""tu-intra-depth"": ""1"", ""weightb"": ""1"", ""weightp"": ""0"", ""wpp"": ""0""}"
x265,lf09_hard01,"lambda_f=0.9, hard=0.1",16032,RQ3,107,8.33,36.56,8.33,36.898274421691895,"['Standard', '320p', 30, '10s']",0.0,36.898173809051514,0.0,"{""amp"": ""0"", ""aq-mode"": ""1"", ""aq-strength"": ""0.0"", ""b-adapt"": ""0"", ""bframes"": ""0"", ""crf"": ""20.0"", ""ctu"": ""64"", ""keyint"": ""249"", ""limit-refs"": ""1"", ""limit-tu"": ""2"", ""me"": ""dia"", ""merange"": ""16"", ""open-gop"": ""0"", ""psy-rd"": ""1.5"", ""psy-rdoq"": ""2.5"", ""qcomp"": ""0.5"", ""qpmax"": ""45"", ""qpmin"": ""2"", ""rc-lookahead"": ""35"", ""rd"": ""6"", ""rdoq-level"": ""1"", ""rect"": ""0"", ""ref"": ""4"", ""rskip"": ""0"", ""sao"": ""0"", ""scenecut"": ""19"", ""subme"": ""3"", ""tu-inter-depth"": ""1"", ""tu-intra-depth"": ""1"", ""weightb"": ""0"", ""weightp"": ""1"", ""wpp"": ""0""}"
x265,lf09_hard01,"lambda_f=0.9, hard=0.1",16032,RQ3,108,28.43,10.75,28.43,11.085600137710571,"['Standard', '320p', 30, '10s']",0.0,11.085501670837402,0.0,"{""amp"": ""0"", ""aq-mode"": ""0"", ""aq-strength"": ""0.8"", ""b-adapt"": ""0"", ""bframes"": ""0"", ""crf"": ""30.0"", ""ctu"": ""64"", ""keyint"": ""208"", ""limit-refs"": ""2"", ""limit-tu"": ""3"", ""me"": ""dia"", ""merange"": ""17"", ""open-gop"": ""0"", ""psy-rd"": ""1.5"", ""psy-rdoq"": ""4.5"", ""qcomp"": ""1.0"", ""qpmax"": ""31"", ""qpmin"": ""4"", ""rc-lookahead"": ""33"", ""rd"": ""5"", ""rdoq-level"": ""0"", ""rect"": ""0"", ""ref"": ""2"", ""rskip"": ""0"", ""sao"": ""0"", ""scenecut"": ""13"", ""subme"": ""3"", ""tu-inter-depth"": ""1"", ""tu-intra-depth"": ""3"", ""weightb"": ""1"", ""weightp"": ""0"", ""wpp"": ""1""}"
x265,lf09_hard01,"lambda_f=0.9, hard=0.1",16032,RQ3,109,37.12,8.25,37.12,8.583375453948975,"['Standard', '320p', 30, '10s']",0.0,8.58327317237854,0.0,"{""amp"": ""0"", ""aq-mode"": ""4"", ""aq-strength"": ""0.5"", ""b-adapt"": ""2"", ""bframes"": ""7"", ""crf"": ""22.0"", ""ctu"": ""64"", ""keyint"": ""290"", ""limit-refs"": ""1"", ""limit-tu"": ""1"", ""me"": ""star"", ""merange"": ""17"", ""open-gop"": ""1"", ""psy-rd"": ""3.0"", ""psy-rdoq"": ""1.5"", ""qcomp"": ""0.5"", ""qpmax"": ""50"", ""qpmin"": ""2"", ""rc-lookahead"": ""37"", ""rd"": ""4"", ""rdoq-level"": ""0"", ""rect"": ""1"", ""ref"": ""5"", ""rskip"": ""1"", ""sao"": ""1"", ""scenecut"": ""28"", ""subme"": ""3"", ""tu-inter-depth"": ""2"", ""tu-intra-depth"": ""1"", ""weightb"": ""1"", ""weightp"": ""1"", ""wpp"": ""1""}"
x265,lf09_hard01,"lambda_f=0.9, hard=0.1",16032,RQ3,110,20.78,14.69,20.78,15.02198314666748,"['Standard', '320p', 30, '10s']",0.0,15.02189016342163,0.0,"{""amp"": ""1"", ""aq-mode"": ""4"", ""aq-strength"": ""0.8"", ""b-adapt"": ""2"", ""bframes"": ""6"", ""crf"": ""22.0"", ""ctu"": ""64"", ""keyint"": ""180"", ""limit-refs"": ""0"", ""limit-tu"": ""0"", ""me"": ""star"", ""merange"": ""24"", ""open-gop"": ""1"", ""psy-rd"": ""2.5"", ""psy-rdoq"": ""3.0"", ""qcomp"": ""0.7"", ""qpmax"": ""28"", ""qpmin"": ""3"", ""rc-lookahead"": ""51"", ""rd"": ""4"", ""rdoq-level"": ""1"", ""rect"": ""0"", ""ref"": ""3"", ""rskip"": ""0"", ""sao"": ""1"", ""scenecut"": ""15"", ""subme"": ""2"", ""tu-inter-depth"": ""3"", ""tu-intra-depth"": ""2"", ""weightb"": ""1"", ""weightp"": ""0"", ""wpp"": ""1""}"
x265,lf09_hard01,"lambda_f=0.9, hard=0.1",16032,RQ3,111,13.11,23.24,13.11,23.58448886871338,"['Standard', '320p', 30, '10s']",0.0,23.58438730239868,0.0,"{""amp"": ""0"", ""aq-mode"": ""3"", ""aq-strength"": ""2.0"", ""b-adapt"": ""1"", ""bframes"": ""4"", ""crf"": ""18.0"", ""ctu"": ""32"", ""keyint"": ""39"", ""limit-refs"": ""3"", ""limit-tu"": ""3"", ""me"": ""full"", ""merange"": ""35"", ""open-gop"": ""0"", ""psy-rd"": ""3.5"", ""psy-rdoq"": ""2.0"", ""qcomp"": ""0.8"", ""qpmax"": ""23"", ""qpmin"": ""7"", ""rc-lookahead"": ""14"", ""rd"": ""4"", ""rdoq-level"": ""0"", ""rect"": ""0"", ""ref"": ""4"", ""rskip"": ""1"", ""sao"": ""0"", ""scenecut"": ""9"", ""subme"": ""1"", ""tu-inter-depth"": ""4"", ""tu-intra-depth"": ""1"", ""weightb"": ""0"", ""weightp"": ""0"", ""wpp"": ""1""}"
x265,lf09_hard01,"lambda_f=0.9, hard=0.1",16032,RQ3,112,72.61,4.24,72.61,4.637866258621216,"['Standard', '320p', 30, '10s']",0.0,4.637721538543701,0.0,"{""amp"": ""0"", ""aq-mode"": ""3"", ""aq-strength"": ""1.0"", ""b-adapt"": ""0"", ""bframes"": ""7"", ""crf"": ""28.0"", ""ctu"": ""64"", ""keyint"": ""498"", ""limit-refs"": ""0"", ""limit-tu"": ""3"", ""me"": ""star"", ""merange"": ""45"", ""open-gop"": ""0"", ""psy-rd"": ""3.5"", ""psy-rdoq"": ""5.0"", ""qcomp"": ""0.8"", ""qpmax"": ""48"", ""qpmin"": ""3"", ""rc-lookahead"": ""10"", ""rd"": ""4"", ""rdoq-level"": ""0"", ""rect"": ""0"", ""ref"": ""3"", ""rskip"": ""0"", ""sao"": ""1"", ""scenecut"": ""90"", ""subme"": ""1"", ""tu-inter-depth"": ""2"", ""tu-intra-depth"": ""3"", ""weightb"": ""0"", ""weightp"": ""0"", ""wpp"": ""0""}"
x265,lf09_hard01,"lambda_f=0.9, hard=0.1",16032,RQ3,113,3.81,79.75,3.81,80.08933568000793,"['Standard', '320p', 30, '10s']",0.0,80.08923316001892,0.0,"{""amp"": ""0"", ""aq-mode"": ""2"", ""aq-strength"": ""1.0"", ""b-adapt"": ""1"", ""bframes"": ""2"", ""crf"": ""20.0"", ""ctu"": ""32"", ""keyint"": ""233"", ""limit-refs"": ""2"", ""limit-tu"": ""4"", ""me"": ""full"", ""merange"": ""49"", ""open-gop"": ""0"", ""psy-rd"": ""0.0"", ""psy-rdoq"": ""3.5"", ""qcomp"": ""0.9"", ""qpmax"": ""31"", ""qpmin"": ""15"", ""rc-lookahead"": ""54"", ""rd"": ""3"", ""rdoq-level"": ""2"", ""rect"": ""1"", ""ref"": ""4"", ""rskip"": ""1"", ""sao"": ""1"", ""scenecut"": ""8"", ""subme"": ""1"", ""tu-inter-depth"": ""4"", ""tu-intra-depth"": ""1"", ""weightb"": ""1"", ""weightp"": ""0"", ""wpp"": ""0""}"
x265,lf09_hard01,"lambda_f=0.9, hard=0.1",16032,RQ3,114,39.82,7.69,39.82,8.027155637741089,"['Standard', '320p', 30, '10s']",0.0,8.027057409286499,0.0,"{""amp"": ""0"", ""aq-mode"": ""0"", ""aq-strength"": ""0.8"", ""b-adapt"": ""0"", ""bframes"": ""7"", ""crf"": ""20.0"", ""ctu"": ""16"", ""keyint"": ""100"", ""limit-refs"": ""0"", ""limit-tu"": ""2"", ""me"": ""star"", ""merange"": ""26"", ""open-gop"": ""0"", ""psy-rd"": ""1.0"", ""psy-rdoq"": ""5.0"", ""qcomp"": ""0.8"", ""qpmax"": ""30"", ""qpmin"": ""7"", ""rc-lookahead"": ""49"", ""rd"": ""3"", ""rdoq-level"": ""1"", ""rect"": ""0"", ""ref"": ""5"", ""rskip"": ""1"", ""sao"": ""0"", ""scenecut"": ""67"", ""subme"": ""2"", ""tu-inter-depth"": ""1"", ""tu-intra-depth"": ""3"", ""weightb"": ""0"", ""weightp"": ""1"", ""wpp"": ""0""}"
x265,lf09_hard01,"lambda_f=0.9, hard=0.1",16032,RQ3,115,5.9,51.54,5.9,51.87319564819336,"['Standard', '320p', 30, '10s']",0.0,51.87309455871582,0.0,"{""amp"": ""0"", ""aq-mode"": ""0"", ""aq-strength"": ""0.5"", ""b-adapt"": ""1"", ""bframes"": ""0"", ""crf"": ""20.0"", ""ctu"": ""64"", ""keyint"": ""493"", ""limit-refs"": ""0"", ""limit-tu"": ""4"", ""me"": ""star"", ""merange"": ""33"", ""open-gop"": ""0"", ""psy-rd"": ""4.0"", ""psy-rdoq"": ""2.0"", ""qcomp"": ""1.0"", ""qpmax"": ""22"", ""qpmin"": ""7"", ""rc-lookahead"": ""32"", ""rd"": ""6"", ""rdoq-level"": ""1"", ""rect"": ""0"", ""ref"": ""2"", ""rskip"": ""0"", ""sao"": ""1"", ""scenecut"": ""4"", ""subme"": ""1"", ""tu-inter-depth"": ""3"", ""tu-intra-depth"": ""1"", ""weightb"": ""0"", ""weightp"": ""0"", ""wpp"": ""0""}"
x265,lf09_hard01,"lambda_f=0.9, hard=0.1",16032,RQ3,116,11.59,26.28,11.59,26.623429775238037,"['Standard', '320p', 30, '10s']",0.0,26.623331785202026,0.0,"{""amp"": ""1"", ""aq-mode"": ""1"", ""aq-strength"": ""1.2"", ""b-adapt"": ""0"", ""bframes"": ""2"", ""crf"": ""20.0"", ""ctu"": ""32"", ""keyint"": ""31"", ""limit-refs"": ""0"", ""limit-tu"": ""0"", ""me"": ""dia"", ""merange"": ""54"", ""open-gop"": ""1"", ""psy-rd"": ""4.0"", ""psy-rdoq"": ""2.5"", ""qcomp"": ""1.0"", ""qpmax"": ""22"", ""qpmin"": ""14"", ""rc-lookahead"": ""23"", ""rd"": ""3"", ""rdoq-level"": ""1"", ""rect"": ""1"", ""ref"": ""5"", ""rskip"": ""0"", ""sao"": ""0"", ""scenecut"": ""65"", ""subme"": ""1"", ""tu-inter-depth"": ""3"", ""tu-intra-depth"": ""3"", ""weightb"": ""0"", ""weightp"": ""0"", ""wpp"": ""1""}"
x265,lf09_hard01,"lambda_f=0.9, hard=0.1",16032,RQ3,117,14.97,20.37,14.97,20.710494995117188,"['Standard', '320p', 30, '10s']",0.0,20.710397720336914,0.0,"{""amp"": ""0"", ""aq-mode"": ""2"", ""aq-strength"": ""2.0"", ""b-adapt"": ""2"", ""bframes"": ""1"", ""crf"": ""25.0"", ""ctu"": ""32"", ""keyint"": ""319"", ""limit-refs"": ""3"", ""limit-tu"": ""3"", ""me"": ""star"", ""merange"": ""61"", ""open-gop"": ""1"", ""psy-rd"": ""2.0"", ""psy-rdoq"": ""1.5"", ""qcomp"": ""1.0"", ""qpmax"": ""31"", ""qpmin"": ""13"", ""rc-lookahead"": ""55"", ""rd"": ""5"", ""rdoq-level"": ""1"", ""rect"": ""0"", ""ref"": ""3"", ""rskip"": ""0"", ""sao"": ""1"", ""scenecut"": ""47"", ""subme"": ""4"", ""tu-inter-depth"": ""1"", ""tu-intra-depth"": ""3"", ""weightb"": ""0"", ""weightp"": ""1"", ""wpp"": ""0""}"
x265,lf09_hard01,"lambda_f=0.9, hard=0.1",16032,RQ3,118,128.39,2.42,128.39,2.7654972076416016,"['Standard', '320p', 30, '10s']",0.0,2.765399694442749,0.0,"{""amp"": ""0"", ""aq-mode"": ""1"", ""aq-strength"": ""0.5"", ""b-adapt"": ""1"", ""bframes"": ""5"", ""crf"": ""28.0"", ""ctu"": ""32"", ""keyint"": ""272"", ""limit-refs"": ""1"", ""limit-tu"": ""3"", ""me"": ""umh"", ""merange"": ""41"", ""open-gop"": ""1"", ""psy-rd"": ""1.0"", ""psy-rdoq"": ""0.5"", ""qcomp"": ""0.6"", ""qpmax"": ""46"", ""qpmin"": ""3"", ""rc-lookahead"": ""18"", ""rd"": ""4"", ""rdoq-level"": ""0"", ""rect"": ""0"", ""ref"": ""5"", ""rskip"": ""1"", ""sao"": ""0"", ""scenecut"": ""69"", ""subme"": ""1"", ""tu-inter-depth"": ""3"", ""tu-intra-depth"": ""2"", ""weightb"": ""1"", ""weightp"": ""1"", ""wpp"": ""1""}"
x265,lf09_hard01,"lambda_f=0.9, hard=0.1",16032,RQ3,119,14.26,21.38,14.26,21.73095989227295,"['Standard', '320p', 30, '10s']",0.0,21.730865240097046,0.0,"{""amp"": ""0"", ""aq-mode"": ""1"", ""aq-strength"": ""1.2"", ""b-adapt"": ""2"", ""bframes"": ""2"", ""crf"": ""20.0"", ""ctu"": ""16"", ""keyint"": ""345"", ""limit-refs"": ""2"", ""limit-tu"": ""3"", ""me"": ""hex"", ""merange"": ""50"", ""open-gop"": ""1"", ""psy-rd"": ""2.5"", ""psy-rdoq"": ""2.5"", ""qcomp"": ""0.5"", ""qpmax"": ""22"", ""qpmin"": ""5"", ""rc-lookahead"": ""59"", ""rd"": ""6"", ""rdoq-level"": ""0"", ""rect"": ""1"", ""ref"": ""2"", ""rskip"": ""1"", ""sao"": ""1"", ""scenecut"": ""76"", ""subme"": ""4"", ""tu-inter-depth"": ""2"", ""tu-intra-depth"": ""1"", ""weightb"": ""0"", ""weightp"": ""1"", ""wpp"": ""0""}"
x265,lf09_hard01,"lambda_f=0.9, hard=0.1",16032,RQ3,120,57.59,5.33,57.59,5.657479763031006,"['Standard', '320p', 30, '10s']",0.0,5.657387733459473,0.0,"{""amp"": ""1"", ""aq-mode"": ""3"", ""aq-strength"": ""1.8"", ""b-adapt"": ""1"", ""bframes"": ""5"", ""crf"": ""20.0"", ""ctu"": ""16"", ""keyint"": ""137"", ""limit-refs"": ""2"", ""limit-tu"": ""2"", ""me"": ""star"", ""merange"": ""45"", ""open-gop"": ""1"", ""psy-rd"": ""2.5"", ""psy-rdoq"": ""3.0"", ""qcomp"": ""0.7"", ""qpmax"": ""51"", ""qpmin"": ""14"", ""rc-lookahead"": ""18"", ""rd"": ""4"", ""rdoq-level"": ""0"", ""rect"": ""0"", ""ref"": ""4"", ""rskip"": ""1"", ""sao"": ""0"", ""scenecut"": ""67"", ""subme"": ""2"", ""tu-inter-depth"": ""1"", ""tu-intra-depth"": ""3"", ""weightb"": ""0"", ""weightp"": ""0"", ""wpp"": ""1""}"
x265,lf09_hard01,"lambda_f=0.9, hard=0.1",16032,RQ3,121,35.68,8.58,35.68,8.97134804725647,"['Standard', '320p', 30, '10s']",0.0,8.971200466156006,0.0,"{""amp"": ""1"", ""aq-mode"": ""2"", ""aq-strength"": ""1.5"", ""b-adapt"": ""2"", ""bframes"": ""3"", ""crf"": ""22.0"", ""ctu"": ""32"", ""keyint"": ""179"", ""limit-refs"": ""2"", ""limit-tu"": ""1"", ""me"": ""hex"", ""merange"": ""42"", ""open-gop"": ""0"", ""psy-rd"": ""3.5"", ""psy-rdoq"": ""0.5"", ""qcomp"": ""0.7"", ""qpmax"": ""44"", ""qpmin"": ""5"", ""rc-lookahead"": ""44"", ""rd"": ""4"", ""rdoq-level"": ""1"", ""rect"": ""1"", ""ref"": ""3"", ""rskip"": ""1"", ""sao"": ""0"", ""scenecut"": ""62"", ""subme"": ""4"", ""tu-inter-depth"": ""1"", ""tu-intra-depth"": ""2"", ""weightb"": ""1"", ""weightp"": ""1"", ""wpp"": ""0""}"
x265,lf09_hard01,"lambda_f=0.9, hard=0.1",16032,RQ3,122,25.12,12.15,25.12,12.495798587799072,"['Standard', '320p', 30, '10s']",0.0,12.495701551437378,0.0,"{""amp"": ""1"", ""aq-mode"": ""0"", ""aq-strength"": ""0.5"", ""b-adapt"": ""0"", ""bframes"": ""0"", ""crf"": ""22.0"", ""ctu"": ""16"", ""keyint"": ""182"", ""limit-refs"": ""1"", ""limit-tu"": ""3"", ""me"": ""hex"", ""merange"": ""38"", ""open-gop"": ""1"", ""psy-rd"": ""4.0"", ""psy-rdoq"": ""3.5"", ""qcomp"": ""0.7"", ""qpmax"": ""42"", ""qpmin"": ""6"", ""rc-lookahead"": ""11"", ""rd"": ""3"", ""rdoq-level"": ""1"", ""rect"": ""1"", ""ref"": ""6"", ""rskip"": ""1"", ""sao"": ""1"", ""scenecut"": ""51"", ""subme"": ""4"", ""tu-inter-depth"": ""3"", ""tu-intra-depth"": ""1"", ""weightb"": ""0"", ""weightp"": ""1"", ""wpp"": ""1""}"
x265,lf09_hard01,"lambda_f=0.9, hard=0.1",16032,RQ3,123,9.25,32.92,9.25,33.32778716087341,"['Standard', '320p', 30, '10s']",0.0,33.32763361930847,0.0,"{""amp"": ""0"", ""aq-mode"": ""4"", ""aq-strength"": ""1.5"", ""b-adapt"": ""2"", ""bframes"": ""1"", ""crf"": ""20.0"", ""ctu"": ""64"", ""keyint"": ""477"", ""limit-refs"": ""2"", ""limit-tu"": ""3"", ""me"": ""hex"", ""merange"": ""41"", ""open-gop"": ""1"", ""psy-rd"": ""4.0"", ""psy-rdoq"": ""4.5"", ""qcomp"": ""0.75"", ""qpmax"": ""26"", ""qpmin"": ""18"", ""rc-lookahead"": ""11"", ""rd"": ""6"", ""rdoq-level"": ""0"", ""rect"": ""1"", ""ref"": ""5"", ""rskip"": ""0"", ""sao"": ""0"", ""scenecut"": ""22"", ""subme"": ""5"", ""tu-inter-depth"": ""2"", ""tu-intra-depth"": ""1"", ""weightb"": ""0"", ""weightp"": ""1"", ""wpp"": ""0""}"
x265,lf09_hard01,"lambda_f=0.9, hard=0.1",16032,RQ3,124,97.52,3.17,97.52,3.5037217140197754,"['Standard', '320p', 30, '10s']",0.0,3.5036280155181885,0.0,"{""amp"": ""1"", ""aq-mode"": ""4"", ""aq-strength"": ""1.0"", ""b-adapt"": ""2"", ""bframes"": ""1"", ""crf"": ""28.0"", ""ctu"": ""32"", ""keyint"": ""110"", ""limit-refs"": ""1"", ""limit-tu"": ""2"", ""me"": ""dia"", ""merange"": ""30"", ""open-gop"": ""1"", ""psy-rd"": ""0.0"", ""psy-rdoq"": ""4.5"", ""qcomp"": ""0.9"", ""qpmax"": ""48"", ""qpmin"": ""19"", ""rc-lookahead"": ""33"", ""rd"": ""1"", ""rdoq-level"": ""0"", ""rect"": ""1"", ""ref"": ""5"", ""rskip"": ""1"", ""sao"": ""1"", ""scenecut"": ""57"", ""subme"": ""4"", ""tu-inter-depth"": ""3"", ""tu-intra-depth"": ""2"", ""weightb"": ""0"", ""weightp"": ""1"", ""wpp"": ""0""}"
x265,lf09_hard01,"lambda_f=0.9, hard=0.1",16032,RQ3,125,14.66,20.78,14.66,21.1209499835968,"['Standard', '320p', 30, '10s']",0.0,21.120846033096313,0.0,"{""amp"": ""0"", ""aq-mode"": ""3"", ""aq-strength"": ""1.5"", ""b-adapt"": ""1"", ""bframes"": ""3"", ""crf"": ""20.0"", ""ctu"": ""16"", ""keyint"": ""181"", ""limit-refs"": ""3"", ""limit-tu"": ""0"", ""me"": ""umh"", ""merange"": ""44"", ""open-gop"": ""0"", ""psy-rd"": ""3.5"", ""psy-rdoq"": ""1.0"", ""qcomp"": ""0.8"", ""qpmax"": ""26"", ""qpmin"": ""7"", ""rc-lookahead"": ""34"", ""rd"": ""5"", ""rdoq-level"": ""0"", ""rect"": ""0"", ""ref"": ""2"", ""rskip"": ""1"", ""sao"": ""0"", ""scenecut"": ""85"", ""subme"": ""3"", ""tu-inter-depth"": ""3"", ""tu-intra-depth"": ""3"", ""weightb"": ""0"", ""weightp"": ""0"", ""wpp"": ""1""}"
x265,lf09_hard01,"lambda_f=0.9, hard=0.1",16032,RQ3,126,38.2,8.01,38.2,8.341630220413208,"['Standard', '320p', 30, '10s']",0.0,8.34153437614441,0.0,"{""amp"": ""0"", ""aq-mode"": ""4"", ""aq-strength"": ""1.0"", ""b-adapt"": ""1"", ""bframes"": ""0"", ""crf"": ""32.0"", ""ctu"": ""32"", ""keyint"": ""448"", ""limit-refs"": ""1"", ""limit-tu"": ""3"", ""me"": ""hex"", ""merange"": ""60"", ""open-gop"": ""0"", ""psy-rd"": ""0.0"", ""psy-rdoq"": ""4.5"", ""qcomp"": ""0.6"", ""qpmax"": ""46"", ""qpmin"": ""11"", ""rc-lookahead"": ""50"", ""rd"": ""6"", ""rdoq-level"": ""1"", ""rect"": ""1"", ""ref"": ""2"", ""rskip"": ""1"", ""sao"": ""1"", ""scenecut"": ""36"", ""subme"": ""5"", ""tu-inter-depth"": ""1"", ""tu-intra-depth"": ""1"", ""weightb"": ""1"", ""weightp"": ""1"", ""wpp"": ""1""}"
x265,lf09_hard01,"lambda_f=0.9, hard=0.1",16032,RQ3,127,10.27,29.65,10.27,29.989760637283325,"['Standard', '320p', 30, '10s']",0.0,29.98966121673584,0.0,"{""amp"": ""1"", ""aq-mode"": ""2"", ""aq-strength"": ""1.2"", ""b-adapt"": ""1"", ""bframes"": ""3"", ""crf"": ""18.0"", ""ctu"": ""64"", ""keyint"": ""221"", ""limit-refs"": ""1"", ""limit-tu"": ""0"", ""me"": ""umh"", ""merange"": ""56"", ""open-gop"": ""1"", ""psy-rd"": ""2.5"", ""psy-rdoq"": ""3.0"", ""qcomp"": ""0.8"", ""qpmax"": ""46"", ""qpmin"": ""19"", ""rc-lookahead"": ""50"", ""rd"": ""3"", ""rdoq-level"": ""2"", ""rect"": ""1"", ""ref"": ""6"", ""rskip"": ""1"", ""sao"": ""1"", ""scenecut"": ""9"", ""subme"": ""1"", ""tu-inter-depth"": ""4"", ""tu-intra-depth"": ""1"", ""weightb"": ""1"", ""weightp"": ""0"", ""wpp"": ""0""}"
x265,lf09_hard01,"lambda_f=0.9, hard=0.1",16032,RQ3,128,6.16,49.38,6.16,49.716691970825195,"['Standard', '320p', 30, '10s']",0.0,49.71659541130066,0.0,"{""amp"": ""0"", ""aq-mode"": ""3"", ""aq-strength"": ""2.0"", ""b-adapt"": ""0"", ""bframes"": ""6"", ""crf"": ""18.0"", ""ctu"": ""32"", ""keyint"": ""47"", ""limit-refs"": ""1"", ""limit-tu"": ""2"", ""me"": ""star"", ""merange"": ""19"", ""open-gop"": ""0"", ""psy-rd"": ""3.5"", ""psy-rdoq"": ""2.0"", ""qcomp"": ""0.9"", ""qpmax"": ""24"", ""qpmin"": ""15"", ""rc-lookahead"": ""29"", ""rd"": ""6"", ""rdoq-level"": ""1"", ""rect"": ""1"", ""ref"": ""3"", ""rskip"": ""1"", ""sao"": ""1"", ""scenecut"": ""40"", ""subme"": ""4"", ""tu-inter-depth"": ""2"", ""tu-intra-depth"": ""2"", ""weightb"": ""1"", ""weightp"": ""1"", ""wpp"": ""1""}"
x265,lf09_hard01,"lambda_f=0.9, hard=0.1",16032,RQ3,129,18.76,16.26,18.76,16.59503674507141,"['Standard', '320p', 30, '10s']",0.0,16.594928979873657,0.0,"{""amp"": ""0"", ""aq-mode"": ""2"", ""aq-strength"": ""1.8"", ""b-adapt"": ""0"", ""bframes"": ""1"", ""crf"": ""20.0"", ""ctu"": ""32"", ""keyint"": ""190"", ""limit-refs"": ""2"", ""limit-tu"": ""0"", ""me"": ""hex"", ""merange"": ""54"", ""open-gop"": ""0"", ""psy-rd"": ""0.0"", ""psy-rdoq"": ""5.0"", ""qcomp"": ""0.6"", ""qpmax"": ""27"", ""qpmin"": ""7"", ""rc-lookahead"": ""16"", ""rd"": ""6"", ""rdoq-level"": ""0"", ""rect"": ""0"", ""ref"": ""2"", ""rskip"": ""0"", ""sao"": ""1"", ""scenecut"": ""3"", ""subme"": ""5"", ""tu-inter-depth"": ""1"", ""tu-intra-depth"": ""1"", ""weightb"": ""0"", ""weightp"": ""1"", ""wpp"": ""1""}"
x265,lf09_hard01,"lambda_f=0.9, hard=0.1",16032,RQ3,130,18.1,16.89,18.1,17.37265658378601,"['Standard', '320p', 30, '10s']",0.0,17.37255835533142,0.0,"{""amp"": ""0"", ""aq-mode"": ""4"", ""aq-strength"": ""0.5"", ""b-adapt"": ""2"", ""bframes"": ""4"", ""crf"": ""25.0"", ""ctu"": ""16"", ""keyint"": ""321"", ""limit-refs"": ""1"", ""limit-tu"": ""4"", ""me"": ""hex"", ""merange"": ""32"", ""open-gop"": ""0"", ""psy-rd"": ""4.0"", ""psy-rdoq"": ""4.5"", ""qcomp"": ""0.9"", ""qpmax"": ""47"", ""qpmin"": ""15"", ""rc-lookahead"": ""36"", ""rd"": ""5"", ""rdoq-level"": ""1"", ""rect"": ""1"", ""ref"": ""2"", ""rskip"": ""1"", ""sao"": ""0"", ""scenecut"": ""80"", ""subme"": ""2"", ""tu-inter-depth"": ""3"", ""tu-intra-depth"": ""3"", ""weightb"": ""0"", ""weightp"": ""0"", ""wpp"": ""1""}"
x265,lf09_hard01,"lambda_f=0.9, hard=0.1",16032,RQ3,131,125.85,2.47,125.85,2.802185535430908,"['Standard', '320p', 30, '10s']",0.0,2.802076816558838,0.0,"{""amp"": ""0"", ""aq-mode"": ""1"", ""aq-strength"": ""1.2"", ""b-adapt"": ""1"", ""bframes"": ""5"", ""crf"": ""32.0"", ""ctu"": ""64"", ""keyint"": ""280"", ""limit-refs"": ""1"", ""limit-tu"": ""3"", ""me"": ""hex"", ""merange"": ""41"", ""open-gop"": ""1"", ""psy-rd"": ""4.0"", ""psy-rdoq"": ""2.5"", ""qcomp"": ""1.0"", ""qpmax"": ""46"", ""qpmin"": ""3"", ""rc-lookahead"": ""18"", ""rd"": ""4"", ""rdoq-level"": ""0"", ""rect"": ""0"", ""ref"": ""5"", ""rskip"": ""1"", ""sao"": ""0"", ""scenecut"": ""69"", ""subme"": ""1"", ""tu-inter-depth"": ""3"", ""tu-intra-depth"": ""2"", ""weightb"": ""1"", ""weightp"": ""0"", ""wpp"": ""1""}"
x265,lf09_hard01,"lambda_f=0.9, hard=0.1",16032,RQ3,132,30.71,9.95,30.71,10.424755334854126,"['Standard', '320p', 30, '10s']",0.0,10.424644947052002,0.0,"{""amp"": ""1"", ""aq-mode"": ""3"", ""aq-strength"": ""0.8"", ""b-adapt"": ""0"", ""bframes"": ""5"", ""crf"": ""20.0"", ""ctu"": ""16"", ""keyint"": ""29"", ""limit-refs"": ""2"", ""limit-tu"": ""1"", ""me"": ""umh"", ""merange"": ""37"", ""open-gop"": ""0"", ""psy-rd"": ""2.0"", ""psy-rdoq"": ""5.0"", ""qcomp"": ""0.9"", ""qpmax"": ""37"", ""qpmin"": ""16"", ""rc-lookahead"": ""17"", ""rd"": ""3"", ""rdoq-level"": ""1"", ""rect"": ""0"", ""ref"": ""4"", ""rskip"": ""1"", ""sao"": ""1"", ""scenecut"": ""12"", ""subme"": ""3"", ""tu-inter-depth"": ""2"", ""tu-intra-depth"": ""3"", ""weightb"": ""0"", ""weightp"": ""1"", ""wpp"": ""0""}"
x265,lf09_hard01,"lambda_f=0.9, hard=0.1",16032,RQ3,133,35.18,8.7,35.18,9.046041250228882,"['Standard', '320p', 30, '10s']",0.0,9.04594111442566,0.0,"{""amp"": ""1"", ""aq-mode"": ""4"", ""aq-strength"": ""0.5"", ""b-adapt"": ""1"", ""bframes"": ""5"", ""crf"": ""20.0"", ""ctu"": ""64"", ""keyint"": ""113"", ""limit-refs"": ""1"", ""limit-tu"": ""0"", ""me"": ""star"", ""merange"": ""38"", ""open-gop"": ""0"", ""psy-rd"": ""1.5"", ""psy-rdoq"": ""5.0"", ""qcomp"": ""1.0"", ""qpmax"": ""26"", ""qpmin"": ""3"", ""rc-lookahead"": ""51"", ""rd"": ""3"", ""rdoq-level"": ""0"", ""rect"": ""0"", ""ref"": ""6"", ""rskip"": ""1"", ""sao"": ""0"", ""scenecut"": ""69"", ""subme"": ""1"", ""tu-inter-depth"": ""3"", ""tu-intra-depth"": ""2"", ""weightb"": ""0"", ""weightp"": ""1"", ""wpp"": ""1""}"
x265,lf09_hard01,"lambda_f=0.9, hard=0.1",16032,RQ3,134,15.58,19.56,15.58,19.89537811279297,"['Standard', '320p', 30, '10s']",0.0,19.895276069641113,0.0,"{""amp"": ""0"", ""aq-mode"": ""1"", ""aq-strength"": ""0.0"", ""b-adapt"": ""1"", ""bframes"": ""1"", ""crf"": ""25.0"", ""ctu"": ""16"", ""keyint"": ""272"", ""limit-refs"": ""1"", ""limit-tu"": ""3"", ""me"": ""full"", ""merange"": ""41"", ""open-gop"": ""0"", ""psy-rd"": ""4.0"", ""psy-rdoq"": ""5.0"", ""qcomp"": ""1.0"", ""qpmax"": ""47"", ""qpmin"": ""3"", ""rc-lookahead"": ""18"", ""rd"": ""4"", ""rdoq-level"": ""2"", ""rect"": ""0"", ""ref"": ""5"", ""rskip"": ""1"", ""sao"": ""0"", ""scenecut"": ""69"", ""subme"": ""1"", ""tu-inter-depth"": ""3"", ""tu-intra-depth"": ""3"", ""weightb"": ""1"", ""weightp"": ""1"", ""wpp"": ""1""}"
x265,lf09_hard01,"lambda_f=0.9, hard=0.1",16032,RQ3,135,53.22,5.77,53.22,6.087352275848389,"['Standard', '320p', 30, '10s']",0.0,6.087258577346802,0.0,"{""amp"": ""0"", ""aq-mode"": ""2"", ""aq-strength"": ""1.5"", ""b-adapt"": ""2"", ""bframes"": ""8"", ""crf"": ""25.0"", ""ctu"": ""32"", ""keyint"": ""304"", ""limit-refs"": ""3"", ""limit-tu"": ""1"", ""me"": ""umh"", ""merange"": ""35"", ""open-gop"": ""1"", ""psy-rd"": ""0.0"", ""psy-rdoq"": ""0.0"", ""qcomp"": ""0.6"", ""qpmax"": ""46"", ""qpmin"": ""12"", ""rc-lookahead"": ""38"", ""rd"": ""4"", ""rdoq-level"": ""0"", ""rect"": ""0"", ""ref"": ""1"", ""rskip"": ""0"", ""sao"": ""1"", ""scenecut"": ""2"", ""subme"": ""4"", ""tu-inter-depth"": ""2"", ""tu-intra-depth"": ""2"", ""weightb"": ""0"", ""weightp"": ""0"", ""wpp"": ""1""}"
x265,lf09_hard01,"lambda_f=0.9, hard=0.1",16032,RQ3,136,18.68,16.32,18.68,16.660434246063232,"['Standard', '320p', 30, '10s']",0.0,16.66032099723816,0.0,"{""amp"": ""0"", ""aq-mode"": ""2"", ""aq-strength"": ""1.5"", ""b-adapt"": ""0"", ""bframes"": ""4"", ""crf"": ""18.0"", ""ctu"": ""32"", ""keyint"": ""101"", ""limit-refs"": ""2"", ""limit-tu"": ""1"", ""me"": ""hex"", ""merange"": ""44"", ""open-gop"": ""1"", ""psy-rd"": ""1.0"", ""psy-rdoq"": ""2.5"", ""qcomp"": ""0.75"", ""qpmax"": ""45"", ""qpmin"": ""5"", ""rc-lookahead"": ""42"", ""rd"": ""3"", ""rdoq-level"": ""1"", ""rect"": ""1"", ""ref"": ""6"", ""rskip"": ""0"", ""sao"": ""1"", ""scenecut"": ""9"", ""subme"": ""4"", ""tu-inter-depth"": ""3"", ""tu-intra-depth"": ""4"", ""weightb"": ""0"", ""weightp"": ""0"", ""wpp"": ""1""}"
x265,lf09_hard01,"lambda_f=0.9, hard=0.1",16032,RQ3,137,11.92,25.56,11.92,25.90223526954651,"['Standard', '320p', 30, '10s']",0.0,25.902130126953125,0.0,"{""amp"": ""0"", ""aq-mode"": ""3"", ""aq-strength"": ""1.8"", ""b-adapt"": ""1"", ""bframes"": ""2"", ""crf"": ""32.0"", ""ctu"": ""64"", ""keyint"": ""417"", ""limit-refs"": ""1"", ""limit-tu"": ""1"", ""me"": ""hex"", ""merange"": ""32"", ""open-gop"": ""1"", ""psy-rd"": ""0.0"", ""psy-rdoq"": ""3.0"", ""qcomp"": ""0.7"", ""qpmax"": ""26"", ""qpmin"": ""9"", ""rc-lookahead"": ""37"", ""rd"": ""5"", ""rdoq-level"": ""0"", ""rect"": ""0"", ""ref"": ""4"", ""rskip"": ""0"", ""sao"": ""1"", ""scenecut"": ""26"", ""subme"": ""1"", ""tu-inter-depth"": ""4"", ""tu-intra-depth"": ""4"", ""weightb"": ""0"", ""weightp"": ""0"", ""wpp"": ""0""}"
x265,lf09_hard01,"lambda_f=0.9, hard=0.1",16032,RQ3,138,45.45,6.74,45.45,7.075247287750244,"['Standard', '320p', 30, '10s']",0.0,7.075148582458496,0.0,"{""amp"": ""1"", ""aq-mode"": ""1"", ""aq-strength"": ""0.8"", ""b-adapt"": ""1"", ""bframes"": ""8"", ""crf"": ""18.0"", ""ctu"": ""32"", ""keyint"": ""423"", ""limit-refs"": ""0"", ""limit-tu"": ""3"", ""me"": ""hex"", ""merange"": ""31"", ""open-gop"": ""1"", ""psy-rd"": ""1.0"", ""psy-rdoq"": ""1.5"", ""qcomp"": ""0.7"", ""qpmax"": ""25"", ""qpmin"": ""3"", ""rc-lookahead"": ""17"", ""rd"": ""4"", ""rdoq-level"": ""0"", ""rect"": ""0"", ""ref"": ""3"", ""rskip"": ""0"", ""sao"": ""0"", ""scenecut"": ""13"", ""subme"": ""1"", ""tu-inter-depth"": ""4"", ""tu-intra-depth"": ""4"", ""weightb"": ""0"", ""weightp"": ""0"", ""wpp"": ""0""}"
x265,lf09_hard01,"lambda_f=0.9, hard=0.1",16032,RQ3,139,53.53,5.73,53.53,6.058794975280762,"['Standard', '320p', 30, '10s']",0.0,6.058689117431641,0.0,"{""amp"": ""1"", ""aq-mode"": ""2"", ""aq-strength"": ""1.0"", ""b-adapt"": ""2"", ""bframes"": ""4"", ""crf"": ""20.0"", ""ctu"": ""32"", ""keyint"": ""496"", ""limit-refs"": ""1"", ""limit-tu"": ""0"", ""me"": ""umh"", ""merange"": ""63"", ""open-gop"": ""1"", ""psy-rd"": ""2.5"", ""psy-rdoq"": ""1.5"", ""qcomp"": ""0.75"", ""qpmax"": ""39"", ""qpmin"": ""19"", ""rc-lookahead"": ""24"", ""rd"": ""3"", ""rdoq-level"": ""0"", ""rect"": ""0"", ""ref"": ""2"", ""rskip"": ""0"", ""sao"": ""0"", ""scenecut"": ""26"", ""subme"": ""4"", ""tu-inter-depth"": ""1"", ""tu-intra-depth"": ""4"", ""weightb"": ""1"", ""weightp"": ""1"", ""wpp"": ""1""}"
x265,lf09_hard01,"lambda_f=0.9, hard=0.1",16032,RQ3,140,28.85,10.59,28.85,10.92573094367981,"['Standard', '320p', 30, '10s']",0.0,10.925617218017578,0.0,"{""amp"": ""1"", ""aq-mode"": ""1"", ""aq-strength"": ""1.0"", ""b-adapt"": ""0"", ""bframes"": ""1"", ""crf"": ""30.0"", ""ctu"": ""64"", ""keyint"": ""384"", ""limit-refs"": ""2"", ""limit-tu"": ""1"", ""me"": ""star"", ""merange"": ""54"", ""open-gop"": ""0"", ""psy-rd"": ""4.0"", ""psy-rdoq"": ""3.5"", ""qcomp"": ""0.7"", ""qpmax"": ""27"", ""qpmin"": ""5"", ""rc-lookahead"": ""27"", ""rd"": ""4"", ""rdoq-level"": ""1"", ""rect"": ""1"", ""ref"": ""3"", ""rskip"": ""1"", ""sao"": ""1"", ""scenecut"": ""20"", ""subme"": ""2"", ""tu-inter-depth"": ""3"", ""tu-intra-depth"": ""3"", ""weightb"": ""0"", ""weightp"": ""0"", ""wpp"": ""0""}"
x265,lf09_hard01,"lambda_f=0.9, hard=0.1",16032,RQ3,141,80.41,3.84,80.41,4.16835355758667,"['Standard', '320p', 30, '10s']",0.0,4.168262481689453,0.0,"{""amp"": ""0"", ""aq-mode"": ""1"", ""aq-strength"": ""0.8"", ""b-adapt"": ""2"", ""bframes"": ""2"", ""crf"": ""28.0"", ""ctu"": ""16"", ""keyint"": ""120"", ""limit-refs"": ""3"", ""limit-tu"": ""0"", ""me"": ""umh"", ""merange"": ""28"", ""open-gop"": ""0"", ""psy-rd"": ""3.0"", ""psy-rdoq"": ""1.0"", ""qcomp"": ""0.5"", ""qpmax"": ""48"", ""qpmin"": ""19"", ""rc-lookahead"": ""24"", ""rd"": ""3"", ""rdoq-level"": ""0"", ""rect"": ""0"", ""ref"": ""4"", ""rskip"": ""1"", ""sao"": ""1"", ""scenecut"": ""76"", ""subme"": ""2"", ""tu-inter-depth"": ""3"", ""tu-intra-depth"": ""3"", ""weightb"": ""1"", ""weightp"": ""0"", ""wpp"": ""0""}"
x265,lf09_hard01,"lambda_f=0.9, hard=0.1",16032,RQ3,142,58.83,5.22,58.83,5.565012693405151,"['Standard', '320p', 30, '10s']",0.0,5.564915180206299,0.0,"{""amp"": ""1"", ""aq-mode"": ""2"", ""aq-strength"": ""1.8"", ""b-adapt"": ""1"", ""bframes"": ""5"", ""crf"": ""28.0"", ""ctu"": ""64"", ""keyint"": ""133"", ""limit-refs"": ""3"", ""limit-tu"": ""3"", ""me"": ""umh"", ""merange"": ""30"", ""open-gop"": ""0"", ""psy-rd"": ""3.0"", ""psy-rdoq"": ""5.0"", ""qcomp"": ""0.9"", ""qpmax"": ""34"", ""qpmin"": ""3"", ""rc-lookahead"": ""55"", ""rd"": ""4"", ""rdoq-level"": ""1"", ""rect"": ""1"", ""ref"": ""2"", ""rskip"": ""1"", ""sao"": ""1"", ""scenecut"": ""45"", ""subme"": ""1"", ""tu-inter-depth"": ""3"", ""tu-intra-depth"": ""2"", ""weightb"": ""1"", ""weightp"": ""0"", ""wpp"": ""1""}"
x265,lf09_hard01,"lambda_f=0.9, hard=0.1",16032,RQ3,143,21.35,14.3,21.35,14.621195077896118,"['Standard', '320p', 30, '10s']",0.0,14.621092796325684,0.0,"{""amp"": ""0"", ""aq-mode"": ""4"", ""aq-strength"": ""1.0"", ""b-adapt"": ""0"", ""bframes"": ""8"", ""crf"": ""30.0"", ""ctu"": ""16"", ""keyint"": ""427"", ""limit-refs"": ""2"", ""limit-tu"": ""2"", ""me"": ""umh"", ""merange"": ""57"", ""open-gop"": ""0"", ""psy-rd"": ""2.5"", ""psy-rdoq"": ""1.5"", ""qcomp"": ""0.5"", ""qpmax"": ""49"", ""qpmin"": ""15"", ""rc-lookahead"": ""53"", ""rd"": ""5"", ""rdoq-level"": ""2"", ""rect"": ""1"", ""ref"": ""3"", ""rskip"": ""1"", ""sao"": ""1"", ""scenecut"": ""35"", ""subme"": ""4"", ""tu-inter-depth"": ""1"", ""tu-intra-depth"": ""3"", ""weightb"": ""0"", ""weightp"": ""1"", ""wpp"": ""1""}"
x265,lf09_hard01,"lambda_f=0.9, hard=0.1",16032,RQ3,144,46.7,6.56,46.7,6.903212070465088,"['Standard', '320p', 30, '10s']",0.0,6.903110504150391,0.0,"{""amp"": ""0"", ""aq-mode"": ""2"", ""aq-strength"": ""2.0"", ""b-adapt"": ""2"", ""bframes"": ""6"", ""crf"": ""20.0"", ""ctu"": ""16"", ""keyint"": ""484"", ""limit-refs"": ""3"", ""limit-tu"": ""4"", ""me"": ""hex"", ""merange"": ""60"", ""open-gop"": ""0"", ""psy-rd"": ""2.5"", ""psy-rdoq"": ""4.5"", ""qcomp"": ""0.8"", ""qpmax"": ""42"", ""qpmin"": ""19"", ""rc-lookahead"": ""11"", ""rd"": ""4"", ""rdoq-level"": ""1"", ""rect"": ""0"", ""ref"": ""3"", ""rskip"": ""1"", ""sao"": ""1"", ""scenecut"": ""61"", ""subme"": ""3"", ""tu-inter-depth"": ""3"", ""tu-intra-depth"": ""3"", ""weightb"": ""1"", ""weightp"": ""0"", ""wpp"": ""0""}"
x265,lf09_hard01,"lambda_f=0.9, hard=0.1",16032,RQ3,145,51.82,5.92,51.82,6.260035991668701,"['Standard', '320p', 30, '10s']",0.0,6.259942054748535,0.0,"{""amp"": ""1"", ""aq-mode"": ""0"", ""aq-strength"": ""2.0"", ""b-adapt"": ""0"", ""bframes"": ""0"", ""crf"": ""28.0"", ""ctu"": ""64"", ""keyint"": ""66"", ""limit-refs"": ""3"", ""limit-tu"": ""0"", ""me"": ""hex"", ""merange"": ""36"", ""open-gop"": ""0"", ""psy-rd"": ""0.5"", ""psy-rdoq"": ""4.0"", ""qcomp"": ""0.75"", ""qpmax"": ""34"", ""qpmin"": ""3"", ""rc-lookahead"": ""34"", ""rd"": ""3"", ""rdoq-level"": ""1"", ""rect"": ""0"", ""ref"": ""1"", ""rskip"": ""0"", ""sao"": ""0"", ""scenecut"": ""1"", ""subme"": ""1"", ""tu-inter-depth"": ""1"", ""tu-intra-depth"": ""2"", ""weightb"": ""0"", ""weightp"": ""0"", ""wpp"": ""0""}"
x265,lf09_hard01,"lambda_f=0.9, hard=0.1",16032,RQ3,146,29.38,10.4,29.38,10.727629899978638,"['Standard', '320p', 30, '10s']",0.0,10.727526664733887,0.0,"{""amp"": ""1"", ""aq-mode"": ""2"", ""aq-strength"": ""2.0"", ""b-adapt"": ""1"", ""bframes"": ""6"", ""crf"": ""18.0"", ""ctu"": ""64"", ""keyint"": ""250"", ""limit-refs"": ""3"", ""limit-tu"": ""4"", ""me"": ""umh"", ""merange"": ""64"", ""open-gop"": ""0"", ""psy-rd"": ""4.0"", ""psy-rdoq"": ""3.0"", ""qcomp"": ""0.8"", ""qpmax"": ""23"", ""qpmin"": ""6"", ""rc-lookahead"": ""11"", ""rd"": ""4"", ""rdoq-level"": ""2"", ""rect"": ""0"", ""ref"": ""6"", ""rskip"": ""1"", ""sao"": ""0"", ""scenecut"": ""58"", ""subme"": ""2"", ""tu-inter-depth"": ""1"", ""tu-intra-depth"": ""2"", ""weightb"": ""0"", ""weightp"": ""0"", ""wpp"": ""0""}"
x265,lf09_hard01,"lambda_f=0.9, hard=0.1",16032,RQ3,147,26.33,11.6,26.33,11.936529397964478,"['Standard', '320p', 30, '10s']",0.0,11.936434745788574,0.0,"{""amp"": ""0"", ""aq-mode"": ""1"", ""aq-strength"": ""1.5"", ""b-adapt"": ""1"", ""bframes"": ""2"", ""crf"": ""30.0"", ""ctu"": ""16"", ""keyint"": ""212"", ""limit-refs"": ""0"", ""limit-tu"": ""2"", ""me"": ""umh"", ""merange"": ""56"", ""open-gop"": ""0"", ""psy-rd"": ""3.0"", ""psy-rdoq"": ""2.5"", ""qcomp"": ""0.7"", ""qpmax"": ""38"", ""qpmin"": ""13"", ""rc-lookahead"": ""20"", ""rd"": ""6"", ""rdoq-level"": ""1"", ""rect"": ""1"", ""ref"": ""3"", ""rskip"": ""1"", ""sao"": ""0"", ""scenecut"": ""54"", ""subme"": ""1"", ""tu-inter-depth"": ""3"", ""tu-intra-depth"": ""2"", ""weightb"": ""1"", ""weightp"": ""0"", ""wpp"": ""0""}"
x265,lf09_hard01,"lambda_f=0.9, hard=0.1",16032,RQ3,148,30.94,9.88,30.94,10.215761661529541,"['Standard', '320p', 30, '10s']",0.0,10.21566653251648,0.0,"{""amp"": ""1"", ""aq-mode"": ""2"", ""aq-strength"": ""1.2"", ""b-adapt"": ""1"", ""bframes"": ""1"", ""crf"": ""30.0"", ""ctu"": ""32"", ""keyint"": ""476"", ""limit-refs"": ""2"", ""limit-tu"": ""3"", ""me"": ""hex"", ""merange"": ""30"", ""open-gop"": ""0"", ""psy-rd"": ""2.5"", ""psy-rdoq"": ""3.5"", ""qcomp"": ""0.5"", ""qpmax"": ""30"", ""qpmin"": ""8"", ""rc-lookahead"": ""11"", ""rd"": ""4"", ""rdoq-level"": ""2"", ""rect"": ""1"", ""ref"": ""3"", ""rskip"": ""0"", ""sao"": ""1"", ""scenecut"": ""65"", ""subme"": ""3"", ""tu-inter-depth"": ""2"", ""tu-intra-depth"": ""2"", ""weightb"": ""0"", ""weightp"": ""0"", ""wpp"": ""1""}"
x265,lf09_hard01,"lambda_f=0.9, hard=0.1",16032,RQ3,149,17.63,17.3,17.63,17.646406412124634,"['Standard', '320p', 30, '10s']",0.0,17.646302938461304,0.0,"{""amp"": ""0"", ""aq-mode"": ""1"", ""aq-strength"": ""1.2"", ""b-adapt"": ""1"", ""bframes"": ""5"", ""crf"": ""20.0"", ""ctu"": ""64"", ""keyint"": ""136"", ""limit-refs"": ""2"", ""limit-tu"": ""0"", ""me"": ""star"", ""merange"": ""22"", ""open-gop"": ""1"", ""psy-rd"": ""0.0"", ""psy-rdoq"": ""2.0"", ""qcomp"": ""1.0"", ""qpmax"": ""29"", ""qpmin"": ""13"", ""rc-lookahead"": ""58"", ""rd"": ""5"", ""rdoq-level"": ""0"", ""rect"": ""0"", ""ref"": ""5"", ""rskip"": ""0"", ""sao"": ""0"", ""scenecut"": ""94"", ""subme"": ""2"", ""tu-inter-depth"": ""1"", ""tu-intra-depth"": ""4"", ""weightb"": ""0"", ""weightp"": ""1"", ""wpp"": ""1""}"
x265,lf09_hard01,"lambda_f=0.9, hard=0.1",16032,RQ3,150,5.56,54.75,5.56,55.09105658531189,"['Standard', '320p', 30, '10s']",0.0,55.09095907211304,0.0,"{""amp"": ""0"", ""aq-mode"": ""0"", ""aq-strength"": ""0.0"", ""b-adapt"": ""0"", ""bframes"": ""1"", ""crf"": ""20.0"", ""ctu"": ""32"", ""keyint"": ""274"", ""limit-refs"": ""1"", ""limit-tu"": ""4"", ""me"": ""full"", ""merange"": ""49"", ""open-gop"": ""1"", ""psy-rd"": ""2.0"", ""psy-rdoq"": ""0.5"", ""qcomp"": ""1.0"", ""qpmax"": ""45"", ""qpmin"": ""5"", ""rc-lookahead"": ""54"", ""rd"": ""4"", ""rdoq-level"": ""0"", ""rect"": ""0"", ""ref"": ""6"", ""rskip"": ""0"", ""sao"": ""0"", ""scenecut"": ""5"", ""subme"": ""2"", ""tu-inter-depth"": ""3"", ""tu-intra-depth"": ""1"", ""weightb"": ""1"", ""weightp"": ""0"", ""wpp"": ""0""}"
x265,lf09_hard01,"lambda_f=0.9, hard=0.1",16032,RQ3,151,42.87,7.14,42.87,7.476561069488525,"['Standard', '320p', 30, '10s']",0.0,7.476464033126831,0.0,"{""amp"": ""0"", ""aq-mode"": ""1"", ""aq-strength"": ""1.2"", ""b-adapt"": ""0"", ""bframes"": ""6"", ""crf"": ""22.0"", ""ctu"": ""32"", ""keyint"": ""464"", ""limit-refs"": ""3"", ""limit-tu"": ""2"", ""me"": ""star"", ""merange"": ""58"", ""open-gop"": ""0"", ""psy-rd"": ""1.5"", ""psy-rdoq"": ""2.5"", ""qcomp"": ""0.75"", ""qpmax"": ""48"", ""qpmin"": ""3"", ""rc-lookahead"": ""16"", ""rd"": ""4"", ""rdoq-level"": ""2"", ""rect"": ""1"", ""ref"": ""5"", ""rskip"": ""0"", ""sao"": ""0"", ""scenecut"": ""90"", ""subme"": ""2"", ""tu-inter-depth"": ""3"", ""tu-intra-depth"": ""2"", ""weightb"": ""1"", ""weightp"": ""1"", ""wpp"": ""1""}"
x265,lf09_hard01,"lambda_f=0.9, hard=0.1",16032,RQ3,152,11.5,26.49,11.5,27.024157762527466,"['Standard', '320p', 30, '10s']",0.0,27.024046659469604,0.0,"{""amp"": ""0"", ""aq-mode"": ""4"", ""aq-strength"": ""0.0"", ""b-adapt"": ""0"", ""bframes"": ""7"", ""crf"": ""20.0"", ""ctu"": ""32"", ""keyint"": ""253"", ""limit-refs"": ""2"", ""limit-tu"": ""4"", ""me"": ""star"", ""merange"": ""43"", ""open-gop"": ""1"", ""psy-rd"": ""1.0"", ""psy-rdoq"": ""4.5"", ""qcomp"": ""0.6"", ""qpmax"": ""51"", ""qpmin"": ""19"", ""rc-lookahead"": ""31"", ""rd"": ""6"", ""rdoq-level"": ""1"", ""rect"": ""1"", ""ref"": ""6"", ""rskip"": ""1"", ""sao"": ""0"", ""scenecut"": ""45"", ""subme"": ""5"", ""tu-inter-depth"": ""1"", ""tu-intra-depth"": ""2"", ""weightb"": ""0"", ""weightp"": ""0"", ""wpp"": ""0""}"
x265,lf09_hard01,"lambda_f=0.9, hard=0.1",16032,RQ3,153,1.87,162.64,1.87,162.99418663978577,"['Standard', '320p', 30, '10s']",0.0,162.99407505989075,0.0,"{""amp"": ""0"", ""aq-mode"": ""4"", ""aq-strength"": ""0.0"", ""b-adapt"": ""1"", ""bframes"": ""5"", ""crf"": ""32.0"", ""ctu"": ""32"", ""keyint"": ""440"", ""limit-refs"": ""0"", ""limit-tu"": ""4"", ""me"": ""full"", ""merange"": ""57"", ""open-gop"": ""0"", ""psy-rd"": ""3.5"", ""psy-rdoq"": ""1.5"", ""qcomp"": ""0.8"", ""qpmax"": ""40"", ""qpmin"": ""0"", ""rc-lookahead"": ""26"", ""rd"": ""6"", ""rdoq-level"": ""2"", ""rect"": ""1"", ""ref"": ""4"", ""rskip"": ""1"", ""sao"": ""0"", ""scenecut"": ""89"", ""subme"": ""1"", ""tu-inter-depth"": ""2"", ""tu-intra-depth"": ""1"", ""weightb"": ""0"", ""weightp"": ""1"", ""wpp"": ""0""}"
x265,lf09_hard01,"lambda_f=0.9, hard=0.1",16032,RQ3,154,23.18,13.17,23.18,13.512778520584106,"['Standard', '320p', 30, '10s']",0.0,13.512680768966675,0.0,"{""amp"": ""0"", ""aq-mode"": ""0"", ""aq-strength"": ""0.0"", ""b-adapt"": ""0"", ""bframes"": ""3"", ""crf"": ""32.0"", ""ctu"": ""64"", ""keyint"": ""37"", ""limit-refs"": ""0"", ""limit-tu"": ""2"", ""me"": ""dia"", ""merange"": ""32"", ""open-gop"": ""0"", ""psy-rd"": ""3.5"", ""psy-rdoq"": ""1.0"", ""qcomp"": ""0.5"", ""qpmax"": ""24"", ""qpmin"": ""10"", ""rc-lookahead"": ""17"", ""rd"": ""4"", ""rdoq-level"": ""1"", ""rect"": ""0"", ""ref"": ""2"", ""rskip"": ""0"", ""sao"": ""0"", ""scenecut"": ""53"", ""subme"": ""1"", ""tu-inter-depth"": ""1"", ""tu-intra-depth"": ""3"", ""weightb"": ""0"", ""weightp"": ""1"", ""wpp"": ""0""}"
x265,lf09_hard01,"lambda_f=0.9, hard=0.1",16032,RQ3,155,69.41,4.43,69.41,4.834570646286011,"['Standard', '320p', 30, '10s']",0.0,4.834420919418335,0.0,"{""amp"": ""0"", ""aq-mode"": ""0"", ""aq-strength"": ""1.2"", ""b-adapt"": ""1"", ""bframes"": ""3"", ""crf"": ""22.0"", ""ctu"": ""32"", ""keyint"": ""87"", ""limit-refs"": ""1"", ""limit-tu"": ""4"", ""me"": ""umh"", ""merange"": ""32"", ""open-gop"": ""0"", ""psy-rd"": ""0.5"", ""psy-rdoq"": ""4.0"", ""qcomp"": ""0.7"", ""qpmax"": ""29"", ""qpmin"": ""9"", ""rc-lookahead"": ""27"", ""rd"": ""3"", ""rdoq-level"": ""0"", ""rect"": ""0"", ""ref"": ""2"", ""rskip"": ""0"", ""sao"": ""1"", ""scenecut"": ""11"", ""subme"": ""1"", ""tu-inter-depth"": ""1"", ""tu-intra-depth"": ""2"", ""weightb"": ""0"", ""weightp"": ""1"", ""wpp"": ""1""}"
x265,lf09_hard01,"lambda_f=0.9, hard=0.1",16032,RQ3,156,30.7,9.96,30.7,10.28811001777649,"['Standard', '320p', 30, '10s']",0.0,10.288015365600586,0.0,"{""amp"": ""0"", ""aq-mode"": ""3"", ""aq-strength"": ""1.8"", ""b-adapt"": ""1"", ""bframes"": ""7"", ""crf"": ""20.0"", ""ctu"": ""32"", ""keyint"": ""259"", ""limit-refs"": ""0"", ""limit-tu"": ""4"", ""me"": ""star"", ""merange"": ""34"", ""open-gop"": ""0"", ""psy-rd"": ""0.0"", ""psy-rdoq"": ""2.5"", ""qcomp"": ""0.6"", ""qpmax"": ""44"", ""qpmin"": ""20"", ""rc-lookahead"": ""54"", ""rd"": ""4"", ""rdoq-level"": ""2"", ""rect"": ""0"", ""ref"": ""4"", ""rskip"": ""1"", ""sao"": ""1"", ""scenecut"": ""55"", ""subme"": ""3"", ""tu-inter-depth"": ""3"", ""tu-intra-depth"": ""3"", ""weightb"": ""1"", ""weightp"": ""0"", ""wpp"": ""1""}"
x265,lf09_hard01,"lambda_f=0.9, hard=0.1",16032,RQ3,157,17.59,17.34,17.59,17.6710102558136,"['Standard', '320p', 30, '10s']",0.0,17.670918703079224,0.0,"{""amp"": ""0"", ""aq-mode"": ""1"", ""aq-strength"": ""0.5"", ""b-adapt"": ""2"", ""bframes"": ""7"", ""crf"": ""25.0"", ""ctu"": ""32"", ""keyint"": ""260"", ""limit-refs"": ""3"", ""limit-tu"": ""0"", ""me"": ""star"", ""merange"": ""61"", ""open-gop"": ""0"", ""psy-rd"": ""0.5"", ""psy-rdoq"": ""3.5"", ""qcomp"": ""0.7"", ""qpmax"": ""36"", ""qpmin"": ""0"", ""rc-lookahead"": ""52"", ""rd"": ""6"", ""rdoq-level"": ""1"", ""rect"": ""0"", ""ref"": ""3"", ""rskip"": ""0"", ""sao"": ""0"", ""scenecut"": ""94"", ""subme"": ""4"", ""tu-inter-depth"": ""1"", ""tu-intra-depth"": ""2"", ""weightb"": ""0"", ""weightp"": ""1"", ""wpp"": ""1""}"
x265,lf09_hard01,"lambda_f=0.9, hard=0.1",16032,RQ3,158,170.71,1.84,170.71,2.172030210494995,"['Standard', '320p', 30, '10s']",0.0,2.17193603515625,0.0,"{""amp"": ""0"", ""aq-mode"": ""1"", ""aq-strength"": ""2.0"", ""b-adapt"": ""1"", ""bframes"": ""3"", ""crf"": ""32.0"", ""ctu"": ""64"", ""keyint"": ""383"", ""limit-refs"": ""1"", ""limit-tu"": ""4"", ""me"": ""hex"", ""merange"": ""41"", ""open-gop"": ""1"", ""psy-rd"": ""4.0"", ""psy-rdoq"": ""5.0"", ""qcomp"": ""1.0"", ""qpmax"": ""46"", ""qpmin"": ""3"", ""rc-lookahead"": ""18"", ""rd"": ""4"", ""rdoq-level"": ""0"", ""rect"": ""0"", ""ref"": ""5"", ""rskip"": ""1"", ""sao"": ""0"", ""scenecut"": ""69"", ""subme"": ""1"", ""tu-inter-depth"": ""3"", ""tu-intra-depth"": ""2"", ""weightb"": ""1"", ""weightp"": ""1"", ""wpp"": ""1""}"
x265,lf09_hard01,"lambda_f=0.9, hard=0.1",16032,RQ3,159,75.44,4.09,75.44,4.41912841796875,"['Standard', '320p', 30, '10s']",0.0,4.419035911560059,0.0,"{""amp"": ""1"", ""aq-mode"": ""1"", ""aq-strength"": ""0.8"", ""b-adapt"": ""2"", ""bframes"": ""7"", ""crf"": ""32.0"", ""ctu"": ""16"", ""keyint"": ""344"", ""limit-refs"": ""2"", ""limit-tu"": ""3"", ""me"": ""dia"", ""merange"": ""41"", ""open-gop"": ""1"", ""psy-rd"": ""2.5"", ""psy-rdoq"": ""1.0"", ""qcomp"": ""0.6"", ""qpmax"": ""47"", ""qpmin"": ""17"", ""rc-lookahead"": ""59"", ""rd"": ""4"", ""rdoq-level"": ""1"", ""rect"": ""1"", ""ref"": ""4"", ""rskip"": ""1"", ""sao"": ""1"", ""scenecut"": ""38"", ""subme"": ""5"", ""tu-inter-depth"": ""3"", ""tu-intra-depth"": ""3"", ""weightb"": ""1"", ""weightp"": ""0"", ""wpp"": ""0""}"
x265,lf09_hard01,"lambda_f=0.9, hard=0.1",16032,RQ3,160,20.77,14.69,20.77,15.025775671005249,"['Standard', '320p', 30, '10s']",0.0,15.025672674179077,0.0,"{""amp"": ""0"", ""aq-mode"": ""1"", ""aq-strength"": ""1.8"", ""b-adapt"": ""0"", ""bframes"": ""0"", ""crf"": ""18.0"", ""ctu"": ""32"", ""keyint"": ""473"", ""limit-refs"": ""1"", ""limit-tu"": ""4"", ""me"": ""star"", ""merange"": ""36"", ""open-gop"": ""0"", ""psy-rd"": ""0.5"", ""psy-rdoq"": ""2.0"", ""qcomp"": ""0.9"", ""qpmax"": ""27"", ""qpmin"": ""16"", ""rc-lookahead"": ""33"", ""rd"": ""3"", ""rdoq-level"": ""2"", ""rect"": ""1"", ""ref"": ""6"", ""rskip"": ""0"", ""sao"": ""0"", ""scenecut"": ""23"", ""subme"": ""1"", ""tu-inter-depth"": ""1"", ""tu-intra-depth"": ""1"", ""weightb"": ""1"", ""weightp"": ""0"", ""wpp"": ""0""}"
x265,lf09_hard01,"lambda_f=0.9, hard=0.1",16032,RQ3,161,66.81,4.6,66.81,4.9435930252075195,"['Standard', '320p', 30, '10s']",0.0,4.943499326705933,0.0,"{""amp"": ""0"", ""aq-mode"": ""0"", ""aq-strength"": ""1.8"", ""b-adapt"": ""0"", ""bframes"": ""1"", ""crf"": ""30.0"", ""ctu"": ""32"", ""keyint"": ""72"", ""limit-refs"": ""1"", ""limit-tu"": ""1"", ""me"": ""hex"", ""merange"": ""56"", ""open-gop"": ""1"", ""psy-rd"": ""1.5"", ""psy-rdoq"": ""4.0"", ""qcomp"": ""0.7"", ""qpmax"": ""33"", ""qpmin"": ""16"", ""rc-lookahead"": ""55"", ""rd"": ""3"", ""rdoq-level"": ""0"", ""rect"": ""0"", ""ref"": ""4"", ""rskip"": ""0"", ""sao"": ""1"", ""scenecut"": ""27"", ""subme"": ""2"", ""tu-inter-depth"": ""4"", ""tu-intra-depth"": ""2"", ""weightb"": ""1"", ""weightp"": ""0"", ""wpp"": ""0""}"
x265,lf09_hard01,"lambda_f=0.9, hard=0.1",16032,RQ3,162,23.49,12.99,23.49,13.328944683074951,"['Standard', '320p', 30, '10s']",0.0,13.328847169876099,0.0,"{""amp"": ""1"", ""aq-mode"": ""3"", ""aq-strength"": ""0.5"", ""b-adapt"": ""0"", ""bframes"": ""5"", ""crf"": ""25.0"", ""ctu"": ""16"", ""keyint"": ""113"", ""limit-refs"": ""0"", ""limit-tu"": ""2"", ""me"": ""umh"", ""merange"": ""51"", ""open-gop"": ""0"", ""psy-rd"": ""0.5"", ""psy-rdoq"": ""4.0"", ""qcomp"": ""0.8"", ""qpmax"": ""22"", ""qpmin"": ""11"", ""rc-lookahead"": ""25"", ""rd"": ""4"", ""rdoq-level"": ""2"", ""rect"": ""0"", ""ref"": ""5"", ""rskip"": ""1"", ""sao"": ""1"", ""scenecut"": ""31"", ""subme"": ""2"", ""tu-inter-depth"": ""3"", ""tu-intra-depth"": ""1"", ""weightb"": ""1"", ""weightp"": ""1"", ""wpp"": ""1""}"
x265,lf09_hard01,"lambda_f=0.9, hard=0.1",16032,RQ3,163,14.01,21.75,14.01,22.082578420639038,"['Standard', '320p', 30, '10s']",0.0,22.082478523254395,0.0,"{""amp"": ""0"", ""aq-mode"": ""3"", ""aq-strength"": ""1.0"", ""b-adapt"": ""1"", ""bframes"": ""4"", ""crf"": ""25.0"", ""ctu"": ""64"", ""keyint"": ""454"", ""limit-refs"": ""2"", ""limit-tu"": ""3"", ""me"": ""hex"", ""merange"": ""45"", ""open-gop"": ""1"", ""psy-rd"": ""3.5"", ""psy-rdoq"": ""0.0"", ""qcomp"": ""0.5"", ""qpmax"": ""49"", ""qpmin"": ""18"", ""rc-lookahead"": ""45"", ""rd"": ""5"", ""rdoq-level"": ""2"", ""rect"": ""1"", ""ref"": ""2"", ""rskip"": ""1"", ""sao"": ""1"", ""scenecut"": ""61"", ""subme"": ""4"", ""tu-inter-depth"": ""4"", ""tu-intra-depth"": ""3"", ""weightb"": ""1"", ""weightp"": ""1"", ""wpp"": ""1""}"
x265,lf09_hard01,"lambda_f=0.9, hard=0.1",16032,RQ3,164,6.16,49.41,6.16,49.74990916252136,"['Standard', '320p', 30, '10s']",0.0,49.749812602996826,0.0,"{""amp"": ""0"", ""aq-mode"": ""4"", ""aq-strength"": ""1.0"", ""b-adapt"": ""2"", ""bframes"": ""3"", ""crf"": ""20.0"", ""ctu"": ""32"", ""keyint"": ""441"", ""limit-refs"": ""0"", ""limit-tu"": ""0"", ""me"": ""star"", ""merange"": ""62"", ""open-gop"": ""1"", ""psy-rd"": ""4.0"", ""psy-rdoq"": ""5.0"", ""qcomp"": ""0.9"", ""qpmax"": ""50"", ""qpmin"": ""18"", ""rc-lookahead"": ""56"", ""rd"": ""6"", ""rdoq-level"": ""2"", ""rect"": ""1"", ""ref"": ""3"", ""rskip"": ""1"", ""sao"": ""1"", ""scenecut"": ""41"", ""subme"": ""1"", ""tu-inter-depth"": ""4"", ""tu-intra-depth"": ""1"", ""weightb"": ""1"", ""weightp"": ""1"", ""wpp"": ""1""}"
x265,lf09_hard01,"lambda_f=0.9, hard=0.1",16032,RQ3,165,33.98,9.0,33.98,9.332782506942749,"['Standard', '320p', 30, '10s']",0.0,9.332686424255371,0.0,"{""amp"": ""0"", ""aq-mode"": ""1"", ""aq-strength"": ""1.2"", ""b-adapt"": ""1"", ""bframes"": ""7"", ""crf"": ""20.0"", ""ctu"": ""32"", ""keyint"": ""74"", ""limit-refs"": ""1"", ""limit-tu"": ""4"", ""me"": ""hex"", ""merange"": ""50"", ""open-gop"": ""0"", ""psy-rd"": ""1.5"", ""psy-rdoq"": ""5.0"", ""qcomp"": ""1.0"", ""qpmax"": ""28"", ""qpmin"": ""10"", ""rc-lookahead"": ""38"", ""rd"": ""3"", ""rdoq-level"": ""2"", ""rect"": ""0"", ""ref"": ""6"", ""rskip"": ""0"", ""sao"": ""0"", ""scenecut"": ""24"", ""subme"": ""5"", ""tu-inter-depth"": ""3"", ""tu-intra-depth"": ""1"", ""weightb"": ""0"", ""weightp"": ""1"", ""wpp"": ""1""}"
x265,lf09_hard01,"lambda_f=0.9, hard=0.1",16032,RQ3,166,41.45,7.39,41.45,7.718323230743408,"['Standard', '320p', 30, '10s']",0.0,7.718226671218872,0.0,"{""amp"": ""0"", ""aq-mode"": ""1"", ""aq-strength"": ""1.8"", ""b-adapt"": ""2"", ""bframes"": ""2"", ""crf"": ""28.0"", ""ctu"": ""32"", ""keyint"": ""159"", ""limit-refs"": ""3"", ""limit-tu"": ""0"", ""me"": ""dia"", ""merange"": ""44"", ""open-gop"": ""0"", ""psy-rd"": ""1.0"", ""psy-rdoq"": ""3.5"", ""qcomp"": ""0.9"", ""qpmax"": ""40"", ""qpmin"": ""3"", ""rc-lookahead"": ""15"", ""rd"": ""5"", ""rdoq-level"": ""0"", ""rect"": ""0"", ""ref"": ""3"", ""rskip"": ""1"", ""sao"": ""1"", ""scenecut"": ""49"", ""subme"": ""3"", ""tu-inter-depth"": ""2"", ""tu-intra-depth"": ""4"", ""weightb"": ""0"", ""weightp"": ""1"", ""wpp"": ""1""}"
x265,lf09_hard01,"lambda_f=0.9, hard=0.1",16032,RQ3,167,17.74,17.19,17.74,17.520387172698975,"['Standard', '320p', 30, '10s']",0.0,17.520288944244385,0.0,"{""amp"": ""1"", ""aq-mode"": ""4"", ""aq-strength"": ""0.0"", ""b-adapt"": ""2"", ""bframes"": ""8"", ""crf"": ""20.0"", ""ctu"": ""32"", ""keyint"": ""466"", ""limit-refs"": ""2"", ""limit-tu"": ""1"", ""me"": ""umh"", ""merange"": ""62"", ""open-gop"": ""0"", ""psy-rd"": ""2.0"", ""psy-rdoq"": ""4.0"", ""qcomp"": ""0.7"", ""qpmax"": ""31"", ""qpmin"": ""16"", ""rc-lookahead"": ""43"", ""rd"": ""4"", ""rdoq-level"": ""2"", ""rect"": ""1"", ""ref"": ""4"", ""rskip"": ""0"", ""sao"": ""1"", ""scenecut"": ""71"", ""subme"": ""4"", ""tu-inter-depth"": ""3"", ""tu-intra-depth"": ""2"", ""weightb"": ""0"", ""weightp"": ""1"", ""wpp"": ""0""}"
x265,lf09_hard01,"lambda_f=0.9, hard=0.1",16032,RQ3,168,62.43,4.92,62.43,5.278509616851807,"['Standard', '320p', 30, '10s']",0.0,5.2784082889556885,0.0,"{""amp"": ""1"", ""aq-mode"": ""1"", ""aq-strength"": ""1.8"", ""b-adapt"": ""2"", ""bframes"": ""2"", ""crf"": ""28.0"", ""ctu"": ""64"", ""keyint"": ""449"", ""limit-refs"": ""2"", ""limit-tu"": ""1"", ""me"": ""star"", ""merange"": ""60"", ""open-gop"": ""1"", ""psy-rd"": ""2.0"", ""psy-rdoq"": ""0.0"", ""qcomp"": ""1.0"", ""qpmax"": ""35"", ""qpmin"": ""20"", ""rc-lookahead"": ""24"", ""rd"": ""4"", ""rdoq-level"": ""2"", ""rect"": ""0"", ""ref"": ""1"", ""rskip"": ""0"", ""sao"": ""1"", ""scenecut"": ""96"", ""subme"": ""5"", ""tu-inter-depth"": ""1"", ""tu-intra-depth"": ""1"", ""weightb"": ""0"", ""weightp"": ""1"", ""wpp"": ""0""}"
x265,lf09_hard01,"lambda_f=0.9, hard=0.1",16032,RQ3,169,19.26,15.85,19.26,16.185757637023926,"['Standard', '320p', 30, '10s']",0.0,16.18566107749939,0.0,"{""amp"": ""1"", ""aq-mode"": ""0"", ""aq-strength"": ""2.0"", ""b-adapt"": ""2"", ""bframes"": ""0"", ""crf"": ""20.0"", ""ctu"": ""32"", ""keyint"": ""477"", ""limit-refs"": ""2"", ""limit-tu"": ""1"", ""me"": ""umh"", ""merange"": ""28"", ""open-gop"": ""0"", ""psy-rd"": ""2.0"", ""psy-rdoq"": ""0.0"", ""qcomp"": ""0.8"", ""qpmax"": ""46"", ""qpmin"": ""18"", ""rc-lookahead"": ""45"", ""rd"": ""4"", ""rdoq-level"": ""1"", ""rect"": ""1"", ""ref"": ""1"", ""rskip"": ""0"", ""sao"": ""0"", ""scenecut"": ""73"", ""subme"": ""4"", ""tu-inter-depth"": ""2"", ""tu-intra-depth"": ""1"", ""weightb"": ""1"", ""weightp"": ""0"", ""wpp"": ""0""}"
x265,lf09_hard01,"lambda_f=0.9, hard=0.1",16032,RQ3,170,53.55,5.73,53.55,6.077191352844238,"['Standard', '320p', 30, '10s']",0.0,6.0770978927612305,0.0,"{""amp"": ""0"", ""aq-mode"": ""0"", ""aq-strength"": ""1.2"", ""b-adapt"": ""1"", ""bframes"": ""2"", ""crf"": ""30.0"", ""ctu"": ""32"", ""keyint"": ""93"", ""limit-refs"": ""3"", ""limit-tu"": ""0"", ""me"": ""star"", ""merange"": ""32"", ""open-gop"": ""1"", ""psy-rd"": ""2.0"", ""psy-rdoq"": ""4.5"", ""qcomp"": ""0.9"", ""qpmax"": ""32"", ""qpmin"": ""15"", ""rc-lookahead"": ""27"", ""rd"": ""4"", ""rdoq-level"": ""0"", ""rect"": ""1"", ""ref"": ""4"", ""rskip"": ""1"", ""sao"": ""0"", ""scenecut"": ""72"", ""subme"": ""4"", ""tu-inter-depth"": ""4"", ""tu-intra-depth"": ""2"", ""weightb"": ""0"", ""weightp"": ""1"", ""wpp"": ""0""}"
x265,lf09_hard01,"lambda_f=0.9, hard=0.1",16032,RQ3,171,56.96,5.39,56.96,5.724519491195679,"['Standard', '320p', 30, '10s']",0.0,5.724428415298462,0.0,"{""amp"": ""1"", ""aq-mode"": ""3"", ""aq-strength"": ""0.5"", ""b-adapt"": ""1"", ""bframes"": ""3"", ""crf"": ""25.0"", ""ctu"": ""64"", ""keyint"": ""39"", ""limit-refs"": ""2"", ""limit-tu"": ""3"", ""me"": ""hex"", ""merange"": ""58"", ""open-gop"": ""0"", ""psy-rd"": ""3.5"", ""psy-rdoq"": ""3.0"", ""qcomp"": ""0.9"", ""qpmax"": ""30"", ""qpmin"": ""18"", ""rc-lookahead"": ""39"", ""rd"": ""3"", ""rdoq-level"": ""0"", ""rect"": ""1"", ""ref"": ""1"", ""rskip"": ""1"", ""sao"": ""1"", ""scenecut"": ""75"", ""subme"": ""1"", ""tu-inter-depth"": ""3"", ""tu-intra-depth"": ""1"", ""weightb"": ""0"", ""weightp"": ""0"", ""wpp"": ""1""}"
x265,lf09_hard01,"lambda_f=0.9, hard=0.1",16032,RQ3,172,90.03,3.43,90.03,3.7743546962738037,"['Standard', '320p', 30, '10s']",0.0,3.774251699447632,0.0,"{""amp"": ""0"", ""aq-mode"": ""1"", ""aq-strength"": ""0.8"", ""b-adapt"": ""1"", ""bframes"": ""2"", ""crf"": ""28.0"", ""ctu"": ""32"", ""keyint"": ""245"", ""limit-refs"": ""2"", ""limit-tu"": ""3"", ""me"": ""hex"", ""merange"": ""34"", ""open-gop"": ""1"", ""psy-rd"": ""1.5"", ""psy-rdoq"": ""5.0"", ""qcomp"": ""0.7"", ""qpmax"": ""46"", ""qpmin"": ""7"", ""rc-lookahead"": ""14"", ""rd"": ""3"", ""rdoq-level"": ""1"", ""rect"": ""0"", ""ref"": ""3"", ""rskip"": ""1"", ""sao"": ""0"", ""scenecut"": ""79"", ""subme"": ""2"", ""tu-inter-depth"": ""2"", ""tu-intra-depth"": ""3"", ""weightb"": ""0"", ""weightp"": ""0"", ""wpp"": ""0""}"
x265,lf09_hard01,"lambda_f=0.9, hard=0.1",16032,RQ3,173,52.63,5.84,52.63,6.1764914989471436,"['Standard', '320p', 30, '10s']",0.0,6.1763975620269775,0.0,"{""amp"": ""0"", ""aq-mode"": ""4"", ""aq-strength"": ""0.8"", ""b-adapt"": ""0"", ""bframes"": ""5"", ""crf"": ""20.0"", ""ctu"": ""32"", ""keyint"": ""145"", ""limit-refs"": ""2"", ""limit-tu"": ""4"", ""me"": ""dia"", ""merange"": ""51"", ""open-gop"": ""1"", ""psy-rd"": ""3.0"", ""psy-rdoq"": ""4.5"", ""qcomp"": ""0.7"", ""qpmax"": ""43"", ""qpmin"": ""6"", ""rc-lookahead"": ""43"", ""rd"": ""3"", ""rdoq-level"": ""0"", ""rect"": ""0"", ""ref"": ""1"", ""rskip"": ""0"", ""sao"": ""0"", ""scenecut"": ""80"", ""subme"": ""1"", ""tu-inter-depth"": ""4"", ""tu-intra-depth"": ""3"", ""weightb"": ""0"", ""weightp"": ""0"", ""wpp"": ""0""}"
x265,lf09_hard01,"lambda_f=0.9, hard=0.1",16032,RQ3,174,74.86,4.12,74.86,4.457165956497192,"['Standard', '320p', 30, '10s']",0.0,4.457066535949707,0.0,"{""amp"": ""1"", ""aq-mode"": ""1"", ""aq-strength"": ""1.5"", ""b-adapt"": ""2"", ""bframes"": ""7"", ""crf"": ""25.0"", ""ctu"": ""16"", ""keyint"": ""490"", ""limit-refs"": ""2"", ""limit-tu"": ""2"", ""me"": ""hex"", ""merange"": ""42"", ""open-gop"": ""1"", ""psy-rd"": ""3.0"", ""psy-rdoq"": ""3.0"", ""qcomp"": ""0.9"", ""qpmax"": ""38"", ""qpmin"": ""2"", ""rc-lookahead"": ""56"", ""rd"": ""3"", ""rdoq-level"": ""1"", ""rect"": ""0"", ""ref"": ""6"", ""rskip"": ""1"", ""sao"": ""0"", ""scenecut"": ""13"", ""subme"": ""1"", ""tu-inter-depth"": ""1"", ""tu-intra-depth"": ""2"", ""weightb"": ""0"", ""weightp"": ""0"", ""wpp"": ""0""}"
x265,lf09_hard01,"lambda_f=0.9, hard=0.1",16032,RQ3,175,91.45,3.38,91.45,3.722849130630493,"['Standard', '320p', 30, '10s']",0.0,3.7227494716644287,0.0,"{""amp"": ""0"", ""aq-mode"": ""2"", ""aq-strength"": ""1.0"", ""b-adapt"": ""2"", ""bframes"": ""4"", ""crf"": ""32.0"", ""ctu"": ""16"", ""keyint"": ""323"", ""limit-refs"": ""1"", ""limit-tu"": ""1"", ""me"": ""dia"", ""merange"": ""55"", ""open-gop"": ""1"", ""psy-rd"": ""3.0"", ""psy-rdoq"": ""0.5"", ""qcomp"": ""0.8"", ""qpmax"": ""50"", ""qpmin"": ""11"", ""rc-lookahead"": ""52"", ""rd"": ""4"", ""rdoq-level"": ""2"", ""rect"": ""0"", ""ref"": ""2"", ""rskip"": ""1"", ""sao"": ""0"", ""scenecut"": ""4"", ""subme"": ""1"", ""tu-inter-depth"": ""3"", ""tu-intra-depth"": ""1"", ""weightb"": ""0"", ""weightp"": ""0"", ""wpp"": ""1""}"
x265,lf09_hard01,"lambda_f=0.9, hard=0.1",16032,RQ3,176,9.42,32.31,9.42,32.64686322212219,"['Standard', '320p', 30, '10s']",0.0,32.64675831794739,0.0,"{""amp"": ""0"", ""aq-mode"": ""0"", ""aq-strength"": ""1.8"", ""b-adapt"": ""0"", ""bframes"": ""6"", ""crf"": ""20.0"", ""ctu"": ""16"", ""keyint"": ""217"", ""limit-refs"": ""1"", ""limit-tu"": ""3"", ""me"": ""umh"", ""merange"": ""50"", ""open-gop"": ""1"", ""psy-rd"": ""3.0"", ""psy-rdoq"": ""3.5"", ""qcomp"": ""0.9"", ""qpmax"": ""43"", ""qpmin"": ""2"", ""rc-lookahead"": ""25"", ""rd"": ""5"", ""rdoq-level"": ""1"", ""rect"": ""1"", ""ref"": ""2"", ""rskip"": ""1"", ""sao"": ""1"", ""scenecut"": ""94"", ""subme"": ""4"", ""tu-inter-depth"": ""3"", ""tu-intra-depth"": ""2"", ""weightb"": ""0"", ""weightp"": ""1"", ""wpp"": ""1""}"
x265,lf09_hard01,"lambda_f=0.9, hard=0.1",16032,RQ3,177,19.28,15.82,19.28,16.151301383972168,"['Standard', '320p', 30, '10s']",0.0,16.15120029449463,0.0,"{""amp"": ""0"", ""aq-mode"": ""4"", ""aq-strength"": ""1.2"", ""b-adapt"": ""2"", ""bframes"": ""2"", ""crf"": ""22.0"", ""ctu"": ""32"", ""keyint"": ""349"", ""limit-refs"": ""0"", ""limit-tu"": ""3"", ""me"": ""star"", ""merange"": ""50"", ""open-gop"": ""1"", ""psy-rd"": ""2.5"", ""psy-rdoq"": ""4.5"", ""qcomp"": ""0.5"", ""qpmax"": ""48"", ""qpmin"": ""7"", ""rc-lookahead"": ""43"", ""rd"": ""6"", ""rdoq-level"": ""0"", ""rect"": ""1"", ""ref"": ""1"", ""rskip"": ""0"", ""sao"": ""1"", ""scenecut"": ""14"", ""subme"": ""2"", ""tu-inter-depth"": ""2"", ""tu-intra-depth"": ""2"", ""weightb"": ""1"", ""weightp"": ""1"", ""wpp"": ""1""}"
x265,lf09_hard01,"lambda_f=0.9, hard=0.1",16032,RQ3,178,54.54,5.63,54.54,5.9558281898498535,"['Standard', '320p', 30, '10s']",0.0,5.955732345581055,0.0,"{""amp"": ""1"", ""aq-mode"": ""2"", ""aq-strength"": ""1.2"", ""b-adapt"": ""0"", ""bframes"": ""2"", ""crf"": ""28.0"", ""ctu"": ""32"", ""keyint"": ""34"", ""limit-refs"": ""1"", ""limit-tu"": ""1"", ""me"": ""star"", ""merange"": ""21"", ""open-gop"": ""0"", ""psy-rd"": ""2.5"", ""psy-rdoq"": ""0.5"", ""qcomp"": ""0.75"", ""qpmax"": ""36"", ""qpmin"": ""4"", ""rc-lookahead"": ""38"", ""rd"": ""3"", ""rdoq-level"": ""2"", ""rect"": ""0"", ""ref"": ""3"", ""rskip"": ""0"", ""sao"": ""1"", ""scenecut"": ""50"", ""subme"": ""2"", ""tu-inter-depth"": ""1"", ""tu-intra-depth"": ""2"", ""weightb"": ""1"", ""weightp"": ""0"", ""wpp"": ""1""}"
x265,lf09_hard01,"lambda_f=0.9, hard=0.1",16032,RQ3,179,101.83,3.03,101.83,3.3660566806793213,"['Standard', '320p', 30, '10s']",0.0,3.365952730178833,0.0,"{""amp"": ""0"", ""aq-mode"": ""2"", ""aq-strength"": ""2.0"", ""b-adapt"": ""1"", ""bframes"": ""3"", ""crf"": ""32.0"", ""ctu"": ""32"", ""keyint"": ""312"", ""limit-refs"": ""0"", ""limit-tu"": ""2"", ""me"": ""umh"", ""merange"": ""58"", ""open-gop"": ""1"", ""psy-rd"": ""0.0"", ""psy-rdoq"": ""4.0"", ""qcomp"": ""0.6"", ""qpmax"": ""47"", ""qpmin"": ""12"", ""rc-lookahead"": ""12"", ""rd"": ""1"", ""rdoq-level"": ""1"", ""rect"": ""0"", ""ref"": ""4"", ""rskip"": ""0"", ""sao"": ""0"", ""scenecut"": ""14"", ""subme"": ""2"", ""tu-inter-depth"": ""1"", ""tu-intra-depth"": ""1"", ""weightb"": ""0"", ""weightp"": ""0"", ""wpp"": ""1""}"
x265,lf09_hard01,"lambda_f=0.9, hard=0.1",16032,RQ3,180,68.84,4.47,68.84,4.802508354187012,"['Standard', '320p', 30, '10s']",0.0,4.8024163246154785,0.0,"{""amp"": ""1"", ""aq-mode"": ""3"", ""aq-strength"": ""1.8"", ""b-adapt"": ""0"", ""bframes"": ""3"", ""crf"": ""32.0"", ""ctu"": ""32"", ""keyint"": ""121"", ""limit-refs"": ""3"", ""limit-tu"": ""2"", ""me"": ""dia"", ""merange"": ""43"", ""open-gop"": ""1"", ""psy-rd"": ""3.5"", ""psy-rdoq"": ""4.0"", ""qcomp"": ""0.5"", ""qpmax"": ""42"", ""qpmin"": ""7"", ""rc-lookahead"": ""12"", ""rd"": ""3"", ""rdoq-level"": ""2"", ""rect"": ""0"", ""ref"": ""5"", ""rskip"": ""0"", ""sao"": ""0"", ""scenecut"": ""96"", ""subme"": ""3"", ""tu-inter-depth"": ""4"", ""tu-intra-depth"": ""2"", ""weightb"": ""1"", ""weightp"": ""0"", ""wpp"": ""0""}"
x265,lf09_hard01,"lambda_f=0.9, hard=0.1",16032,RQ3,181,88.32,3.5,88.32,3.824747323989868,"['Standard', '320p', 30, '10s']",0.0,3.8246514797210693,0.0,"{""amp"": ""0"", ""aq-mode"": ""3"", ""aq-strength"": ""0.5"", ""b-adapt"": ""1"", ""bframes"": ""6"", ""crf"": ""30.0"", ""ctu"": ""64"", ""keyint"": ""380"", ""limit-refs"": ""2"", ""limit-tu"": ""3"", ""me"": ""dia"", ""merange"": ""35"", ""open-gop"": ""1"", ""psy-rd"": ""0.0"", ""psy-rdoq"": ""3.5"", ""qcomp"": ""0.75"", ""qpmax"": ""49"", ""qpmin"": ""1"", ""rc-lookahead"": ""58"", ""rd"": ""3"", ""rdoq-level"": ""0"", ""rect"": ""0"", ""ref"": ""3"", ""rskip"": ""0"", ""sao"": ""0"", ""scenecut"": ""12"", ""subme"": ""4"", ""tu-inter-depth"": ""3"", ""tu-intra-depth"": ""3"", ""weightb"": ""1"", ""weightp"": ""0"", ""wpp"": ""0""}"
x265,lf09_hard01,"lambda_f=0.9, hard=0.1",16032,RQ3,182,18.14,16.81,18.14,17.143465757369995,"['Standard', '320p', 30, '10s']",0.0,17.143369913101196,0.0,"{""amp"": ""0"", ""aq-mode"": ""3"", ""aq-strength"": ""1.5"", ""b-adapt"": ""0"", ""bframes"": ""3"", ""crf"": ""32.0"", ""ctu"": ""64"", ""keyint"": ""233"", ""limit-refs"": ""2"", ""limit-tu"": ""0"", ""me"": ""star"", ""merange"": ""64"", ""open-gop"": ""0"", ""psy-rd"": ""2.0"", ""psy-rdoq"": ""1.5"", ""qcomp"": ""0.75"", ""qpmax"": ""38"", ""qpmin"": ""13"", ""rc-lookahead"": ""20"", ""rd"": ""5"", ""rdoq-level"": ""1"", ""rect"": ""0"", ""ref"": ""2"", ""rskip"": ""0"", ""sao"": ""1"", ""scenecut"": ""88"", ""subme"": ""1"", ""tu-inter-depth"": ""2"", ""tu-intra-depth"": ""4"", ""weightb"": ""0"", ""weightp"": ""1"", ""wpp"": ""0""}"
x265,lf09_hard01,"lambda_f=0.9, hard=0.1",16032,RQ3,183,133.57,2.33,133.57,2.66107177734375,"['Standard', '320p', 30, '10s']",0.0,2.660975456237793,0.0,"{""amp"": ""0"", ""aq-mode"": ""1"", ""aq-strength"": ""2.0"", ""b-adapt"": ""1"", ""bframes"": ""3"", ""crf"": ""32.0"", ""ctu"": ""64"", ""keyint"": ""323"", ""limit-refs"": ""1"", ""limit-tu"": ""4"", ""me"": ""star"", ""merange"": ""41"", ""open-gop"": ""1"", ""psy-rd"": ""4.0"", ""psy-rdoq"": ""5.0"", ""qcomp"": ""1.0"", ""qpmax"": ""46"", ""qpmin"": ""3"", ""rc-lookahead"": ""18"", ""rd"": ""4"", ""rdoq-level"": ""0"", ""rect"": ""0"", ""ref"": ""5"", ""rskip"": ""1"", ""sao"": ""0"", ""scenecut"": ""60"", ""subme"": ""1"", ""tu-inter-depth"": ""3"", ""tu-intra-depth"": ""2"", ""weightb"": ""1"", ""weightp"": ""1"", ""wpp"": ""1""}"
x265,lf09_hard01,"lambda_f=0.9, hard=0.1",16032,RQ3,184,9.22,33.02,9.22,33.37559127807617,"['Standard', '320p', 30, '10s']",0.0,33.375436782836914,0.0,"{""amp"": ""1"", ""aq-mode"": ""3"", ""aq-strength"": ""0.0"", ""b-adapt"": ""2"", ""bframes"": ""5"", ""crf"": ""18.0"", ""ctu"": ""16"", ""keyint"": ""205"", ""limit-refs"": ""0"", ""limit-tu"": ""2"", ""me"": ""full"", ""merange"": ""43"", ""open-gop"": ""1"", ""psy-rd"": ""3.0"", ""psy-rdoq"": ""0.0"", ""qcomp"": ""0.9"", ""qpmax"": ""38"", ""qpmin"": ""15"", ""rc-lookahead"": ""26"", ""rd"": ""4"", ""rdoq-level"": ""1"", ""rect"": ""0"", ""ref"": ""4"", ""rskip"": ""1"", ""sao"": ""0"", ""scenecut"": ""97"", ""subme"": ""1"", ""tu-inter-depth"": ""3"", ""tu-intra-depth"": ""3"", ""weightb"": ""0"", ""weightp"": ""1"", ""wpp"": ""0""}"
x265,lf09_hard01,"lambda_f=0.9, hard=0.1",16032,RQ3,185,14.52,20.99,14.52,21.33285140991211,"['Standard', '320p', 30, '10s']",0.0,21.332752227783203,0.0,"{""amp"": ""0"", ""aq-mode"": ""3"", ""aq-strength"": ""2.0"", ""b-adapt"": ""2"", ""bframes"": ""6"", ""crf"": ""22.0"", ""ctu"": ""32"", ""keyint"": ""307"", ""limit-refs"": ""0"", ""limit-tu"": ""3"", ""me"": ""umh"", ""merange"": ""42"", ""open-gop"": ""1"", ""psy-rd"": ""4.0"", ""psy-rdoq"": ""2.5"", ""qcomp"": ""0.9"", ""qpmax"": ""26"", ""qpmin"": ""13"", ""rc-lookahead"": ""25"", ""rd"": ""4"", ""rdoq-level"": ""2"", ""rect"": ""1"", ""ref"": ""5"", ""rskip"": ""1"", ""sao"": ""1"", ""scenecut"": ""90"", ""subme"": ""4"", ""tu-inter-depth"": ""3"", ""tu-intra-depth"": ""4"", ""weightb"": ""0"", ""weightp"": ""1"", ""wpp"": ""0""}"
x265,lf09_hard01,"lambda_f=0.9, hard=0.1",16032,RQ3,186,107.13,2.9,107.13,3.228658676147461,"['Standard', '320p', 30, '10s']",0.0,3.2285022735595703,0.0,"{""amp"": ""0"", ""aq-mode"": ""1"", ""aq-strength"": ""2.0"", ""b-adapt"": ""1"", ""bframes"": ""3"", ""crf"": ""32.0"", ""ctu"": ""64"", ""keyint"": ""392"", ""limit-refs"": ""1"", ""limit-tu"": ""4"", ""me"": ""hex"", ""merange"": ""43"", ""open-gop"": ""1"", ""psy-rd"": ""4.0"", ""psy-rdoq"": ""5.0"", ""qcomp"": ""1.0"", ""qpmax"": ""46"", ""qpmin"": ""16"", ""rc-lookahead"": ""50"", ""rd"": ""4"", ""rdoq-level"": ""1"", ""rect"": ""1"", ""ref"": ""5"", ""rskip"": ""1"", ""sao"": ""1"", ""scenecut"": ""69"", ""subme"": ""2"", ""tu-inter-depth"": ""3"", ""tu-intra-depth"": ""2"", ""weightb"": ""1"", ""weightp"": ""1"", ""wpp"": ""1""}"
x265,lf09_hard01,"lambda_f=0.9, hard=0.1",16032,RQ3,187,36.15,8.46,36.15,8.80337381362915,"['Standard', '320p', 30, '10s']",0.0,8.803273916244507,0.0,"{""amp"": ""1"", ""aq-mode"": ""1"", ""aq-strength"": ""1.8"", ""b-adapt"": ""1"", ""bframes"": ""4"", ""crf"": ""20.0"", ""ctu"": ""32"", ""keyint"": ""208"", ""limit-refs"": ""3"", ""limit-tu"": ""2"", ""me"": ""star"", ""merange"": ""54"", ""open-gop"": ""1"", ""psy-rd"": ""3.0"", ""psy-rdoq"": ""1.5"", ""qcomp"": ""0.9"", ""qpmax"": ""32"", ""qpmin"": ""15"", ""rc-lookahead"": ""42"", ""rd"": ""4"", ""rdoq-level"": ""2"", ""rect"": ""0"", ""ref"": ""5"", ""rskip"": ""0"", ""sao"": ""0"", ""scenecut"": ""90"", ""subme"": ""2"", ""tu-inter-depth"": ""2"", ""tu-intra-depth"": ""2"", ""weightb"": ""0"", ""weightp"": ""1"", ""wpp"": ""1""}"
x265,lf09_hard01,"lambda_f=0.9, hard=0.1",16032,RQ3,188,37.98,8.06,37.98,8.469600439071655,"['Standard', '320p', 30, '10s']",0.0,8.46945309638977,0.0,"{""amp"": ""1"", ""aq-mode"": ""0"", ""aq-strength"": ""2.0"", ""b-adapt"": ""1"", ""bframes"": ""1"", ""crf"": ""22.0"", ""ctu"": ""64"", ""keyint"": ""443"", ""limit-refs"": ""1"", ""limit-tu"": ""2"", ""me"": ""star"", ""merange"": ""50"", ""open-gop"": ""1"", ""psy-rd"": ""4.0"", ""psy-rdoq"": ""0.0"", ""qcomp"": ""0.75"", ""qpmax"": ""47"", ""qpmin"": ""9"", ""rc-lookahead"": ""53"", ""rd"": ""4"", ""rdoq-level"": ""1"", ""rect"": ""0"", ""ref"": ""1"", ""rskip"": ""1"", ""sao"": ""1"", ""scenecut"": ""0"", ""subme"": ""5"", ""tu-inter-depth"": ""3"", ""tu-intra-depth"": ""3"", ""weightb"": ""1"", ""weightp"": ""0"", ""wpp"": ""0""}"
x265,lf09_hard01,"lambda_f=0.9, hard=0.1",16032,RQ3,189,9.32,32.71,9.32,33.178383111953735,"['Standard', '320p', 30, '10s']",0.0,33.178229093551636,0.0,"{""amp"": ""0"", ""aq-mode"": ""3"", ""aq-strength"": ""1.5"", ""b-adapt"": ""1"", ""bframes"": ""6"", ""crf"": ""20.0"", ""ctu"": ""16"", ""keyint"": ""381"", ""limit-refs"": ""2"", ""limit-tu"": ""1"", ""me"": ""hex"", ""merange"": ""24"", ""open-gop"": ""1"", ""psy-rd"": ""4.0"", ""psy-rdoq"": ""2.5"", ""qcomp"": ""1.0"", ""qpmax"": ""21"", ""qpmin"": ""19"", ""rc-lookahead"": ""13"", ""rd"": ""6"", ""rdoq-level"": ""1"", ""rect"": ""0"", ""ref"": ""1"", ""rskip"": ""1"", ""sao"": ""0"", ""scenecut"": ""97"", ""subme"": ""5"", ""tu-inter-depth"": ""3"", ""tu-intra-depth"": ""3"", ""weightb"": ""1"", ""weightp"": ""0"", ""wpp"": ""1""}"
x265,lf09_hard01,"lambda_f=0.9, hard=0.1",16032,RQ3,190,46.01,6.71,46.01,7.171736717224121,"['Standard', '320p', 30, '10s']",0.0,7.1716392040252686,0.0,"{""amp"": ""1"", ""aq-mode"": ""1"", ""aq-strength"": ""1.5"", ""b-adapt"": ""1"", ""bframes"": ""6"", ""crf"": ""30.0"", ""ctu"": ""64"", ""keyint"": ""62"", ""limit-refs"": ""3"", ""limit-tu"": ""3"", ""me"": ""hex"", ""merange"": ""41"", ""open-gop"": ""0"", ""psy-rd"": ""3.0"", ""psy-rdoq"": ""3.5"", ""qcomp"": ""0.75"", ""qpmax"": ""32"", ""qpmin"": ""12"", ""rc-lookahead"": ""18"", ""rd"": ""3"", ""rdoq-level"": ""1"", ""rect"": ""1"", ""ref"": ""3"", ""rskip"": ""1"", ""sao"": ""0"", ""scenecut"": ""64"", ""subme"": ""5"", ""tu-inter-depth"": ""3"", ""tu-intra-depth"": ""4"", ""weightb"": ""1"", ""weightp"": ""1"", ""wpp"": ""1""}"
x265,lf09_hard01,"lambda_f=0.9, hard=0.1",16032,RQ3,191,17.15,17.79,17.15,18.13035225868225,"['Standard', '320p', 30, '10s']",0.0,18.1302387714386,0.0,"{""amp"": ""1"", ""aq-mode"": ""4"", ""aq-strength"": ""2.0"", ""b-adapt"": ""1"", ""bframes"": ""5"", ""crf"": ""25.0"", ""ctu"": ""16"", ""keyint"": ""89"", ""limit-refs"": ""1"", ""limit-tu"": ""4"", ""me"": ""full"", ""merange"": ""20"", ""open-gop"": ""1"", ""psy-rd"": ""2.0"", ""psy-rdoq"": ""2.0"", ""qcomp"": ""0.9"", ""qpmax"": ""30"", ""qpmin"": ""20"", ""rc-lookahead"": ""43"", ""rd"": ""3"", ""rdoq-level"": ""1"", ""rect"": ""1"", ""ref"": ""5"", ""rskip"": ""1"", ""sao"": ""1"", ""scenecut"": ""16"", ""subme"": ""2"", ""tu-inter-depth"": ""2"", ""tu-intra-depth"": ""3"", ""weightb"": ""1"", ""weightp"": ""1"", ""wpp"": ""0""}"
x265,lf09_hard01,"lambda_f=0.9, hard=0.1",16032,RQ3,192,8.35,36.46,8.35,36.876076221466064,"['Standard', '320p', 30, '10s']",0.0,36.87591552734375,0.0,"{""amp"": ""0"", ""aq-mode"": ""2"", ""aq-strength"": ""2.0"", ""b-adapt"": ""1"", ""bframes"": ""7"", ""crf"": ""25.0"", ""ctu"": ""64"", ""keyint"": ""280"", ""limit-refs"": ""0"", ""limit-tu"": ""0"", ""me"": ""umh"", ""merange"": ""51"", ""open-gop"": ""0"", ""psy-rd"": ""3.0"", ""psy-rdoq"": ""3.0"", ""qcomp"": ""0.75"", ""qpmax"": ""26"", ""qpmin"": ""12"", ""rc-lookahead"": ""38"", ""rd"": ""5"", ""rdoq-level"": ""1"", ""rect"": ""0"", ""ref"": ""4"", ""rskip"": ""1"", ""sao"": ""1"", ""scenecut"": ""45"", ""subme"": ""2"", ""tu-inter-depth"": ""1"", ""tu-intra-depth"": ""3"", ""weightb"": ""1"", ""weightp"": ""0"", ""wpp"": ""0""}"
x265,lf09_hard01,"lambda_f=0.9, hard=0.1",16032,RQ3,193,28.15,10.85,28.15,11.195029258728027,"['Standard', '320p', 30, '10s']",0.0,11.194930076599121,0.0,"{""amp"": ""1"", ""aq-mode"": ""3"", ""aq-strength"": ""0.5"", ""b-adapt"": ""2"", ""bframes"": ""0"", ""crf"": ""18.0"", ""ctu"": ""32"", ""keyint"": ""180"", ""limit-refs"": ""3"", ""limit-tu"": ""2"", ""me"": ""hex"", ""merange"": ""30"", ""open-gop"": ""1"", ""psy-rd"": ""2.5"", ""psy-rdoq"": ""3.5"", ""qcomp"": ""0.5"", ""qpmax"": ""50"", ""qpmin"": ""11"", ""rc-lookahead"": ""13"", ""rd"": ""3"", ""rdoq-level"": ""0"", ""rect"": ""1"", ""ref"": ""4"", ""rskip"": ""1"", ""sao"": ""1"", ""scenecut"": ""68"", ""subme"": ""4"", ""tu-inter-depth"": ""1"", ""tu-intra-depth"": ""3"", ""weightb"": ""0"", ""weightp"": ""0"", ""wpp"": ""1""}"
x265,lf09_hard01,"lambda_f=0.9, hard=0.1",16032,RQ3,194,1.5,202.17,1.5,202.5215358734131,"['Standard', '320p', 30, '10s']",0.0,202.52142596244812,0.0,"{""amp"": ""0"", ""aq-mode"": ""4"", ""aq-strength"": ""1.0"", ""b-adapt"": ""2"", ""bframes"": ""3"", ""crf"": ""25.0"", ""ctu"": ""16"", ""keyint"": ""242"", ""limit-refs"": ""1"", ""limit-tu"": ""3"", ""me"": ""full"", ""merange"": ""61"", ""open-gop"": ""1"", ""psy-rd"": ""3.5"", ""psy-rdoq"": ""3.0"", ""qcomp"": ""0.75"", ""qpmax"": ""50"", ""qpmin"": ""8"", ""rc-lookahead"": ""57"", ""rd"": ""6"", ""rdoq-level"": ""0"", ""rect"": ""1"", ""ref"": ""3"", ""rskip"": ""1"", ""sao"": ""0"", ""scenecut"": ""93"", ""subme"": ""2"", ""tu-inter-depth"": ""3"", ""tu-intra-depth"": ""3"", ""weightb"": ""1"", ""weightp"": ""0"", ""wpp"": ""1""}"
x265,lf09_hard01,"lambda_f=0.9, hard=0.1",16032,RQ3,195,45.46,6.74,45.46,7.089339256286621,"['Standard', '320p', 30, '10s']",0.0,7.089246034622192,0.0,"{""amp"": ""0"", ""aq-mode"": ""4"", ""aq-strength"": ""1.0"", ""b-adapt"": ""1"", ""bframes"": ""2"", ""crf"": ""18.0"", ""ctu"": ""16"", ""keyint"": ""201"", ""limit-refs"": ""2"", ""limit-tu"": ""3"", ""me"": ""umh"", ""merange"": ""27"", ""open-gop"": ""0"", ""psy-rd"": ""1.0"", ""psy-rdoq"": ""1.0"", ""qcomp"": ""0.9"", ""qpmax"": ""36"", ""qpmin"": ""9"", ""rc-lookahead"": ""22"", ""rd"": ""3"", ""rdoq-level"": ""0"", ""rect"": ""0"", ""ref"": ""4"", ""rskip"": ""1"", ""sao"": ""1"", ""scenecut"": ""58"", ""subme"": ""5"", ""tu-inter-depth"": ""2"", ""tu-intra-depth"": ""3"", ""weightb"": ""1"", ""weightp"": ""1"", ""wpp"": ""0""}"
x265,lf09_hard01,"lambda_f=0.9, hard=0.1",16032,RQ3,196,61.06,5.03,61.06,5.370832681655884,"['Standard', '320p', 30, '10s']",0.0,5.370733022689819,0.0,"{""amp"": ""1"", ""aq-mode"": ""4"", ""aq-strength"": ""2.0"", ""b-adapt"": ""2"", ""bframes"": ""7"", ""crf"": ""28.0"", ""ctu"": ""16"", ""keyint"": ""476"", ""limit-refs"": ""3"", ""limit-tu"": ""4"", ""me"": ""umh"", ""merange"": ""30"", ""open-gop"": ""1"", ""psy-rd"": ""3.0"", ""psy-rdoq"": ""0.5"", ""qcomp"": ""0.9"", ""qpmax"": ""49"", ""qpmin"": ""13"", ""rc-lookahead"": ""15"", ""rd"": ""4"", ""rdoq-level"": ""1"", ""rect"": ""0"", ""ref"": ""2"", ""rskip"": ""1"", ""sao"": ""1"", ""scenecut"": ""88"", ""subme"": ""3"", ""tu-inter-depth"": ""3"", ""tu-intra-depth"": ""2"", ""weightb"": ""1"", ""weightp"": ""1"", ""wpp"": ""1""}"
x265,lf09_hard01,"lambda_f=0.9, hard=0.1",16032,RQ3,197,48.38,6.35,48.38,6.714242458343506,"['Standard', '320p', 30, '10s']",0.0,6.714138031005859,0.0,"{""amp"": ""1"", ""aq-mode"": ""3"", ""aq-strength"": ""1.0"", ""b-adapt"": ""1"", ""bframes"": ""7"", ""crf"": ""25.0"", ""ctu"": ""64"", ""keyint"": ""372"", ""limit-refs"": ""0"", ""limit-tu"": ""4"", ""me"": ""dia"", ""merange"": ""62"", ""open-gop"": ""1"", ""psy-rd"": ""3.0"", ""psy-rdoq"": ""4.5"", ""qcomp"": ""0.8"", ""qpmax"": ""28"", ""qpmin"": ""5"", ""rc-lookahead"": ""54"", ""rd"": ""4"", ""rdoq-level"": ""0"", ""rect"": ""0"", ""ref"": ""2"", ""rskip"": ""0"", ""sao"": ""0"", ""scenecut"": ""49"", ""subme"": ""3"", ""tu-inter-depth"": ""3"", ""tu-intra-depth"": ""2"", ""weightb"": ""1"", ""weightp"": ""1"", ""wpp"": ""0""}"
x265,lf09_hard01,"lambda_f=0.9, hard=0.1",16032,RQ3,198,105.97,2.92,105.97,3.2446656227111816,"['Standard', '320p', 30, '10s']",0.0,3.2445716857910156,0.0,"{""amp"": ""0"", ""aq-mode"": ""1"", ""aq-strength"": ""1.0"", ""b-adapt"": ""1"", ""bframes"": ""1"", ""crf"": ""20.0"", ""ctu"": ""16"", ""keyint"": ""179"", ""limit-refs"": ""1"", ""limit-tu"": ""2"", ""me"": ""hex"", ""merange"": ""23"", ""open-gop"": ""0"", ""psy-rd"": ""0.0"", ""psy-rdoq"": ""0.0"", ""qcomp"": ""0.8"", ""qpmax"": ""28"", ""qpmin"": ""3"", ""rc-lookahead"": ""20"", ""rd"": ""1"", ""rdoq-level"": ""0"", ""rect"": ""0"", ""ref"": ""3"", ""rskip"": ""1"", ""sao"": ""0"", ""scenecut"": ""64"", ""subme"": ""3"", ""tu-inter-depth"": ""1"", ""tu-intra-depth"": ""1"", ""weightb"": ""0"", ""weightp"": ""0"", ""wpp"": ""1""}"
x265,lf09_hard01,"lambda_f=0.9, hard=0.1",16032,RQ3,199,15.91,19.16,15.91,19.495887279510498,"['Standard', '320p', 30, '10s']",0.0,19.495792627334595,0.0,"{""amp"": ""0"", ""aq-mode"": ""3"", ""aq-strength"": ""0.8"", ""b-adapt"": ""0"", ""bframes"": ""4"", ""crf"": ""28.0"", ""ctu"": ""32"", ""keyint"": ""284"", ""limit-refs"": ""2"", ""limit-tu"": ""4"", ""me"": ""dia"", ""merange"": ""39"", ""open-gop"": ""0"", ""psy-rd"": ""3.0"", ""psy-rdoq"": ""1.0"", ""qcomp"": ""0.6"", ""qpmax"": ""48"", ""qpmin"": ""6"", ""rc-lookahead"": ""39"", ""rd"": ""6"", ""rdoq-level"": ""1"", ""rect"": ""1"", ""ref"": ""5"", ""rskip"": ""0"", ""sao"": ""1"", ""scenecut"": ""70"", ""subme"": ""3"", ""tu-inter-depth"": ""3"", ""tu-intra-depth"": ""4"", ""weightb"": ""0"", ""weightp"": ""0"", ""wpp"": ""0""}"
x265,lf09_hard01,"lambda_f=0.9, hard=0.1",16032,RQ3,200,30.24,10.11,30.24,10.445603370666504,"['Standard', '320p', 30, '10s']",0.0,10.445504188537598,0.0,"{""amp"": ""0"", ""aq-mode"": ""2"", ""aq-strength"": ""1.8"", ""b-adapt"": ""0"", ""bframes"": ""5"", ""crf"": ""20.0"", ""ctu"": ""32"", ""keyint"": ""386"", ""limit-refs"": ""3"", ""limit-tu"": ""2"", ""me"": ""umh"", ""merange"": ""24"", ""open-gop"": ""0"", ""psy-rd"": ""1.5"", ""psy-rdoq"": ""1.0"", ""qcomp"": ""0.9"", ""qpmax"": ""50"", ""qpmin"": ""12"", ""rc-lookahead"": ""51"", ""rd"": ""3"", ""rdoq-level"": ""0"", ""rect"": ""1"", ""ref"": ""5"", ""rskip"": ""0"", ""sao"": ""1"", ""scenecut"": ""21"", ""subme"": ""4"", ""tu-inter-depth"": ""3"", ""tu-intra-depth"": ""4"", ""weightb"": ""1"", ""weightp"": ""0"", ""wpp"": ""1""}"
x265,lf09_hard01,"lambda_f=0.9, hard=0.1",16033,RQ3,1,70.7,4.36,70.7,4.689326047897339,"['Standard', '320p', 30, '10s']",0.0,4.688616991043091,0.0,"{""amp"": ""1"", ""aq-mode"": ""2"", ""aq-strength"": ""1.0"", ""b-adapt"": ""2"", ""bframes"": ""4"", ""crf"": ""28.0"", ""ctu"": ""64"", ""keyint"": ""250"", ""limit-refs"": ""3"", ""limit-tu"": ""0"", ""me"": ""hex"", ""merange"": ""57"", ""open-gop"": ""1"", ""psy-rd"": ""2.0"", ""psy-rdoq"": ""1.0"", ""qcomp"": ""0.6"", ""qpmax"": ""51"", ""qpmin"": ""0"", ""rc-lookahead"": ""20"", ""rd"": ""3"", ""rdoq-level"": ""1"", ""rect"": ""1"", ""ref"": ""3"", ""rskip"": ""1"", ""sao"": ""1"", ""scenecut"": ""40"", ""subme"": ""2"", ""tu-inter-depth"": ""1"", ""tu-intra-depth"": ""1"", ""weightb"": ""0"", ""weightp"": ""1"", ""wpp"": ""1""}"
x265,lf09_hard01,"lambda_f=0.9, hard=0.1",16033,RQ3,2,62.64,4.9,62.64,5.235133171081543,"['Standard', '320p', 30, '10s']",0.0,5.23504900932312,0.0,"{""amp"": ""1"", ""aq-mode"": ""2"", ""aq-strength"": ""1.0"", ""b-adapt"": ""2"", ""bframes"": ""4"", ""crf"": ""28.0"", ""ctu"": ""16"", ""keyint"": ""250"", ""limit-refs"": ""3"", ""limit-tu"": ""0"", ""me"": ""hex"", ""merange"": ""57"", ""open-gop"": ""1"", ""psy-rd"": ""2.0"", ""psy-rdoq"": ""1.0"", ""qcomp"": ""0.6"", ""qpmax"": ""51"", ""qpmin"": ""0"", ""rc-lookahead"": ""20"", ""rd"": ""3"", ""rdoq-level"": ""1"", ""rect"": ""1"", ""ref"": ""3"", ""rskip"": ""0"", ""sao"": ""1"", ""scenecut"": ""40"", ""subme"": ""2"", ""tu-inter-depth"": ""1"", ""tu-intra-depth"": ""1"", ""weightb"": ""0"", ""weightp"": ""1"", ""wpp"": ""1""}"
x265,lf09_hard01,"lambda_f=0.9, hard=0.1",16033,RQ3,3,102.01,3.03,102.01,3.3660407066345215,"['Standard', '320p', 30, '10s']",0.0,3.3659603595733643,0.0,"{""amp"": ""1"", ""aq-mode"": ""2"", ""aq-strength"": ""1.0"", ""b-adapt"": ""2"", ""bframes"": ""4"", ""crf"": ""28.0"", ""ctu"": ""64"", ""keyint"": ""250"", ""limit-refs"": ""3"", ""limit-tu"": ""0"", ""me"": ""hex"", ""merange"": ""57"", ""open-gop"": ""1"", ""psy-rd"": ""0.5"", ""psy-rdoq"": ""1.0"", ""qcomp"": ""0.6"", ""qpmax"": ""51"", ""qpmin"": ""0"", ""rc-lookahead"": ""20"", ""rd"": ""1"", ""rdoq-level"": ""1"", ""rect"": ""1"", ""ref"": ""3"", ""rskip"": ""1"", ""sao"": ""1"", ""scenecut"": ""40"", ""subme"": ""2"", ""tu-inter-depth"": ""1"", ""tu-intra-depth"": ""1"", ""weightb"": ""0"", ""weightp"": ""1"", ""wpp"": ""1""}"
x265,lf09_hard01,"lambda_f=0.9, hard=0.1",16033,RQ3,4,116.73,2.66,116.73,2.9871015548706055,"['Standard', '320p', 30, '10s']",0.0,2.9870095252990723,0.0,"{""amp"": ""1"", ""aq-mode"": ""2"", ""aq-strength"": ""1.0"", ""b-adapt"": ""2"", ""bframes"": ""4"", ""crf"": ""28.0"", ""ctu"": ""64"", ""keyint"": ""250"", ""limit-refs"": ""3"", ""limit-tu"": ""0"", ""me"": ""hex"", ""merange"": ""57"", ""open-gop"": ""1"", ""psy-rd"": ""1.0"", ""psy-rdoq"": ""1.0"", ""qcomp"": ""0.6"", ""qpmax"": ""51"", ""qpmin"": ""0"", ""rc-lookahead"": ""20"", ""rd"": ""1"", ""rdoq-level"": ""1"", ""rect"": ""1"", ""ref"": ""3"", ""rskip"": ""1"", ""sao"": ""1"", ""scenecut"": ""40"", ""subme"": ""2"", ""tu-inter-depth"": ""1"", ""tu-intra-depth"": ""1"", ""weightb"": ""0"", ""weightp"": ""1"", ""wpp"": ""1""}"
x265,lf09_hard01,"lambda_f=0.9, hard=0.1",16033,RQ3,5,120.5,2.58,120.5,2.9095070362091064,"['Standard', '320p', 30, '10s']",0.0,2.909423589706421,0.0,"{""amp"": ""1"", ""aq-mode"": ""2"", ""aq-strength"": ""1.0"", ""b-adapt"": ""2"", ""bframes"": ""4"", ""crf"": ""28.0"", ""ctu"": ""64"", ""keyint"": ""250"", ""limit-refs"": ""3"", ""limit-tu"": ""0"", ""me"": ""hex"", ""merange"": ""57"", ""open-gop"": ""1"", ""psy-rd"": ""1.5"", ""psy-rdoq"": ""1.0"", ""qcomp"": ""0.6"", ""qpmax"": ""51"", ""qpmin"": ""0"", ""rc-lookahead"": ""20"", ""rd"": ""1"", ""rdoq-level"": ""1"", ""rect"": ""1"", ""ref"": ""3"", ""rskip"": ""1"", ""sao"": ""1"", ""scenecut"": ""40"", ""subme"": ""2"", ""tu-inter-depth"": ""1"", ""tu-intra-depth"": ""1"", ""weightb"": ""0"", ""weightp"": ""1"", ""wpp"": ""1""}"
x265,lf09_hard01,"lambda_f=0.9, hard=0.1",16033,RQ3,6,25.22,12.11,25.22,12.440973043441772,"['Standard', '320p', 30, '10s']",0.0,12.440884113311768,0.0,"{""amp"": ""1"", ""aq-mode"": ""2"", ""aq-strength"": ""1.0"", ""b-adapt"": ""2"", ""bframes"": ""4"", ""crf"": ""28.0"", ""ctu"": ""64"", ""keyint"": ""250"", ""limit-refs"": ""3"", ""limit-tu"": ""0"", ""me"": ""hex"", ""merange"": ""57"", ""open-gop"": ""1"", ""psy-rd"": ""2.0"", ""psy-rdoq"": ""1.0"", ""qcomp"": ""0.6"", ""qpmax"": ""51"", ""qpmin"": ""0"", ""rc-lookahead"": ""20"", ""rd"": ""6"", ""rdoq-level"": ""1"", ""rect"": ""1"", ""ref"": ""3"", ""rskip"": ""1"", ""sao"": ""1"", ""scenecut"": ""40"", ""subme"": ""2"", ""tu-inter-depth"": ""1"", ""tu-intra-depth"": ""1"", ""weightb"": ""0"", ""weightp"": ""1"", ""wpp"": ""1""}"
x265,lf09_hard01,"lambda_f=0.9, hard=0.1",16033,RQ3,7,45.39,6.75,45.39,7.076742649078369,"['Standard', '320p', 30, '10s']",0.0,7.076663017272949,0.0,"{""amp"": ""1"", ""aq-mode"": ""2"", ""aq-strength"": ""1.0"", ""b-adapt"": ""2"", ""bframes"": ""4"", ""crf"": ""28.0"", ""ctu"": ""64"", ""keyint"": ""250"", ""limit-refs"": ""0"", ""limit-tu"": ""0"", ""me"": ""hex"", ""merange"": ""57"", ""open-gop"": ""1"", ""psy-rd"": ""2.0"", ""psy-rdoq"": ""1.0"", ""qcomp"": ""0.6"", ""qpmax"": ""51"", ""qpmin"": ""0"", ""rc-lookahead"": ""20"", ""rd"": ""3"", ""rdoq-level"": ""1"", ""rect"": ""1"", ""ref"": ""6"", ""rskip"": ""1"", ""sao"": ""1"", ""scenecut"": ""40"", ""subme"": ""2"", ""tu-inter-depth"": ""1"", ""tu-intra-depth"": ""1"", ""weightb"": ""0"", ""weightp"": ""1"", ""wpp"": ""1""}"
x265,lf09_hard01,"lambda_f=0.9, hard=0.1",16033,RQ3,8,8.66,35.15,8.66,35.48327398300171,"['Standard', '320p', 30, '10s']",0.0,35.4831805229187,0.0,"{""amp"": ""1"", ""aq-mode"": ""2"", ""aq-strength"": ""1.0"", ""b-adapt"": ""2"", ""bframes"": ""4"", ""crf"": ""28.0"", ""ctu"": ""64"", ""keyint"": ""250"", ""limit-refs"": ""3"", ""limit-tu"": ""0"", ""me"": ""full"", ""merange"": ""57"", ""open-gop"": ""1"", ""psy-rd"": ""2.0"", ""psy-rdoq"": ""1.0"", ""qcomp"": ""0.6"", ""qpmax"": ""51"", ""qpmin"": ""0"", ""rc-lookahead"": ""20"", ""rd"": ""3"", ""rdoq-level"": ""1"", ""rect"": ""1"", ""ref"": ""3"", ""rskip"": ""1"", ""sao"": ""1"", ""scenecut"": ""40"", ""subme"": ""3"", ""tu-inter-depth"": ""1"", ""tu-intra-depth"": ""1"", ""weightb"": ""0"", ""weightp"": ""1"", ""wpp"": ""1""}"
x265,lf09_hard01,"lambda_f=0.9, hard=0.1",16033,RQ3,9,8.68,35.09,8.68,35.42833757400513,"['Standard', '320p', 30, '10s']",0.0,35.42823839187622,0.0,"{""amp"": ""1"", ""aq-mode"": ""2"", ""aq-strength"": ""1.0"", ""b-adapt"": ""2"", ""bframes"": ""4"", ""crf"": ""28.0"", ""ctu"": ""64"", ""keyint"": ""250"", ""limit-refs"": ""3"", ""limit-tu"": ""0"", ""me"": ""full"", ""merange"": ""57"", ""open-gop"": ""1"", ""psy-rd"": ""2.0"", ""psy-rdoq"": ""1.0"", ""qcomp"": ""0.6"", ""qpmax"": ""51"", ""qpmin"": ""0"", ""rc-lookahead"": ""20"", ""rd"": ""3"", ""rdoq-level"": ""1"", ""rect"": ""1"", ""ref"": ""3"", ""rskip"": ""1"", ""sao"": ""1"", ""scenecut"": ""40"", ""subme"": ""4"", ""tu-inter-depth"": ""1"", ""tu-intra-depth"": ""1"", ""weightb"": ""0"", ""weightp"": ""1"", ""wpp"": ""1""}"
x265,lf09_hard01,"lambda_f=0.9, hard=0.1",16033,RQ3,10,8.64,35.26,8.64,35.58636426925659,"['Standard', '320p', 30, '10s']",0.0,35.58627533912659,0.0,"{""amp"": ""1"", ""aq-mode"": ""2"", ""aq-strength"": ""1.0"", ""b-adapt"": ""2"", ""bframes"": ""4"", ""crf"": ""28.0"", ""ctu"": ""64"", ""keyint"": ""250"", ""limit-refs"": ""3"", ""limit-tu"": ""0"", ""me"": ""full"", ""merange"": ""57"", ""open-gop"": ""1"", ""psy-rd"": ""2.0"", ""psy-rdoq"": ""1.0"", ""qcomp"": ""0.6"", ""qpmax"": ""51"", ""qpmin"": ""0"", ""rc-lookahead"": ""20"", ""rd"": ""3"", ""rdoq-level"": ""1"", ""rect"": ""1"", ""ref"": ""3"", ""rskip"": ""1"", ""sao"": ""1"", ""scenecut"": ""40"", ""subme"": ""5"", ""tu-inter-depth"": ""1"", ""tu-intra-depth"": ""1"", ""weightb"": ""0"", ""weightp"": ""1"", ""wpp"": ""1""}"
x265,lf09_hard01,"lambda_f=0.9, hard=0.1",16033,RQ3,11,71.87,4.29,71.87,4.628401517868042,"['Standard', '320p', 30, '10s']",0.0,4.628314018249512,0.0,"{""amp"": ""0"", ""aq-mode"": ""3"", ""aq-strength"": ""1.2"", ""b-adapt"": ""2"", ""bframes"": ""5"", ""crf"": ""32.0"", ""ctu"": ""64"", ""keyint"": ""115"", ""limit-refs"": ""0"", ""limit-tu"": ""2"", ""me"": ""star"", ""merange"": ""37"", ""open-gop"": ""0"", ""psy-rd"": ""0.0"", ""psy-rdoq"": ""1.0"", ""qcomp"": ""0.8"", ""qpmax"": ""44"", ""qpmin"": ""5"", ""rc-lookahead"": ""50"", ""rd"": ""2"", ""rdoq-level"": ""0"", ""rect"": ""1"", ""ref"": ""5"", ""rskip"": ""1"", ""sao"": ""0"", ""scenecut"": ""47"", ""subme"": ""1"", ""tu-inter-depth"": ""4"", ""tu-intra-depth"": ""3"", ""weightb"": ""0"", ""weightp"": ""1"", ""wpp"": ""1""}"
x265,lf09_hard01,"lambda_f=0.9, hard=0.1",16033,RQ3,12,44.65,6.87,44.65,7.266436815261841,"['Standard', '320p', 30, '10s']",0.0,7.266301155090332,0.0,"{""amp"": ""1"", ""aq-mode"": ""4"", ""aq-strength"": ""1.8"", ""b-adapt"": ""1"", ""bframes"": ""6"", ""crf"": ""18.0"", ""ctu"": ""64"", ""keyint"": ""285"", ""limit-refs"": ""2"", ""limit-tu"": ""0"", ""me"": ""hex"", ""merange"": ""29"", ""open-gop"": ""0"", ""psy-rd"": ""2.0"", ""psy-rdoq"": ""0.0"", ""qcomp"": ""0.8"", ""qpmax"": ""43"", ""qpmin"": ""6"", ""rc-lookahead"": ""13"", ""rd"": ""4"", ""rdoq-level"": ""2"", ""rect"": ""0"", ""ref"": ""2"", ""rskip"": ""1"", ""sao"": ""1"", ""scenecut"": ""85"", ""subme"": ""3"", ""tu-inter-depth"": ""1"", ""tu-intra-depth"": ""3"", ""weightb"": ""0"", ""weightp"": ""0"", ""wpp"": ""0""}"
x265,lf09_hard01,"lambda_f=0.9, hard=0.1",16033,RQ3,13,61.41,5.01,61.41,5.341442108154297,"['Standard', '320p', 30, '10s']",0.0,5.341356039047241,0.0,"{""amp"": ""0"", ""aq-mode"": ""1"", ""aq-strength"": ""0.8"", ""b-adapt"": ""2"", ""bframes"": ""2"", ""crf"": ""25.0"", ""ctu"": ""64"", ""keyint"": ""310"", ""limit-refs"": ""0"", ""limit-tu"": ""1"", ""me"": ""hex"", ""merange"": ""60"", ""open-gop"": ""0"", ""psy-rd"": ""2.0"", ""psy-rdoq"": ""2.0"", ""qcomp"": ""0.9"", ""qpmax"": ""29"", ""qpmin"": ""1"", ""rc-lookahead"": ""55"", ""rd"": ""3"", ""rdoq-level"": ""1"", ""rect"": ""0"", ""ref"": ""2"", ""rskip"": ""1"", ""sao"": ""0"", ""scenecut"": ""69"", ""subme"": ""2"", ""tu-inter-depth"": ""1"", ""tu-intra-depth"": ""3"", ""weightb"": ""1"", ""weightp"": ""0"", ""wpp"": ""0""}"
x265,lf09_hard01,"lambda_f=0.9, hard=0.1",16033,RQ3,14,43.06,7.11,43.06,7.448110818862915,"['Standard', '320p', 30, '10s']",0.0,7.448027849197388,0.0,"{""amp"": ""0"", ""aq-mode"": ""0"", ""aq-strength"": ""0.0"", ""b-adapt"": ""0"", ""bframes"": ""5"", ""crf"": ""28.0"", ""ctu"": ""32"", ""keyint"": ""425"", ""limit-refs"": ""3"", ""limit-tu"": ""3"", ""me"": ""umh"", ""merange"": ""26"", ""open-gop"": ""0"", ""psy-rd"": ""3.0"", ""psy-rdoq"": ""1.0"", ""qcomp"": ""0.8"", ""qpmax"": ""28"", ""qpmin"": ""12"", ""rc-lookahead"": ""59"", ""rd"": ""3"", ""rdoq-level"": ""2"", ""rect"": ""1"", ""ref"": ""3"", ""rskip"": ""1"", ""sao"": ""1"", ""scenecut"": ""42"", ""subme"": ""2"", ""tu-inter-depth"": ""3"", ""tu-intra-depth"": ""1"", ""weightb"": ""0"", ""weightp"": ""1"", ""wpp"": ""0""}"
x265,lf09_hard01,"lambda_f=0.9, hard=0.1",16033,RQ3,15,41.87,7.32,41.87,7.665405988693237,"['Standard', '320p', 30, '10s']",0.0,7.665318727493286,0.0,"{""amp"": ""0"", ""aq-mode"": ""2"", ""aq-strength"": ""1.5"", ""b-adapt"": ""1"", ""bframes"": ""7"", ""crf"": ""22.0"", ""ctu"": ""64"", ""keyint"": ""209"", ""limit-refs"": ""3"", ""limit-tu"": ""2"", ""me"": ""star"", ""merange"": ""31"", ""open-gop"": ""0"", ""psy-rd"": ""2.5"", ""psy-rdoq"": ""3.5"", ""qcomp"": ""0.8"", ""qpmax"": ""42"", ""qpmin"": ""12"", ""rc-lookahead"": ""33"", ""rd"": ""3"", ""rdoq-level"": ""0"", ""rect"": ""1"", ""ref"": ""2"", ""rskip"": ""1"", ""sao"": ""0"", ""scenecut"": ""65"", ""subme"": ""4"", ""tu-inter-depth"": ""2"", ""tu-intra-depth"": ""3"", ""weightb"": ""1"", ""weightp"": ""0"", ""wpp"": ""0""}"
x265,lf09_hard01,"lambda_f=0.9, hard=0.1",16033,RQ3,16,47.69,6.43,47.69,6.771960973739624,"['Standard', '320p', 30, '10s']",0.0,6.771873712539673,0.0,"{""amp"": ""1"", ""aq-mode"": ""3"", ""aq-strength"": ""0.5"", ""b-adapt"": ""1"", ""bframes"": ""4"", ""crf"": ""30.0"", ""ctu"": ""32"", ""keyint"": ""327"", ""limit-refs"": ""3"", ""limit-tu"": ""2"", ""me"": ""umh"", ""merange"": ""23"", ""open-gop"": ""1"", ""psy-rd"": ""1.0"", ""psy-rdoq"": ""1.5"", ""qcomp"": ""0.7"", ""qpmax"": ""32"", ""qpmin"": ""20"", ""rc-lookahead"": ""56"", ""rd"": ""4"", ""rdoq-level"": ""0"", ""rect"": ""1"", ""ref"": ""5"", ""rskip"": ""0"", ""sao"": ""0"", ""scenecut"": ""56"", ""subme"": ""2"", ""tu-inter-depth"": ""2"", ""tu-intra-depth"": ""4"", ""weightb"": ""1"", ""weightp"": ""0"", ""wpp"": ""1""}"
x265,lf09_hard01,"lambda_f=0.9, hard=0.1",16033,RQ3,17,30.2,10.12,30.2,10.449430227279663,"['Standard', '320p', 30, '10s']",0.0,10.449346780776978,0.0,"{""amp"": ""0"", ""aq-mode"": ""0"", ""aq-strength"": ""2.0"", ""b-adapt"": ""0"", ""bframes"": ""4"", ""crf"": ""22.0"", ""ctu"": ""32"", ""keyint"": ""365"", ""limit-refs"": ""1"", ""limit-tu"": ""3"", ""me"": ""dia"", ""merange"": ""42"", ""open-gop"": ""1"", ""psy-rd"": ""3.0"", ""psy-rdoq"": ""1.0"", ""qcomp"": ""0.6"", ""qpmax"": ""41"", ""qpmin"": ""14"", ""rc-lookahead"": ""12"", ""rd"": ""3"", ""rdoq-level"": ""1"", ""rect"": ""1"", ""ref"": ""5"", ""rskip"": ""0"", ""sao"": ""1"", ""scenecut"": ""90"", ""subme"": ""5"", ""tu-inter-depth"": ""2"", ""tu-intra-depth"": ""4"", ""weightb"": ""0"", ""weightp"": ""0"", ""wpp"": ""1""}"
x265,lf09_hard01,"lambda_f=0.9, hard=0.1",16033,RQ3,18,44.76,6.85,44.76,7.177330732345581,"['Standard', '320p', 30, '10s']",0.0,7.17724871635437,0.0,"{""amp"": ""1"", ""aq-mode"": ""3"", ""aq-strength"": ""0.5"", ""b-adapt"": ""0"", ""bframes"": ""1"", ""crf"": ""30.0"", ""ctu"": ""64"", ""keyint"": ""245"", ""limit-refs"": ""1"", ""limit-tu"": ""3"", ""me"": ""star"", ""merange"": ""58"", ""open-gop"": ""0"", ""psy-rd"": ""1.5"", ""psy-rdoq"": ""4.0"", ""qcomp"": ""0.9"", ""qpmax"": ""29"", ""qpmin"": ""17"", ""rc-lookahead"": ""40"", ""rd"": ""4"", ""rdoq-level"": ""1"", ""rect"": ""1"", ""ref"": ""2"", ""rskip"": ""1"", ""sao"": ""1"", ""scenecut"": ""80"", ""subme"": ""1"", ""tu-inter-depth"": ""2"", ""tu-intra-depth"": ""3"", ""weightb"": ""0"", ""weightp"": ""0"", ""wpp"": ""0""}"
x265,lf09_hard01,"lambda_f=0.9, hard=0.1",16033,RQ3,19,13.64,22.33,13.64,22.671275854110718,"['Standard', '320p', 30, '10s']",0.0,22.671189546585083,0.0,"{""amp"": ""0"", ""aq-mode"": ""3"", ""aq-strength"": ""1.2"", ""b-adapt"": ""1"", ""bframes"": ""5"", ""crf"": ""22.0"", ""ctu"": ""16"", ""keyint"": ""304"", ""limit-refs"": ""2"", ""limit-tu"": ""1"", ""me"": ""umh"", ""merange"": ""60"", ""open-gop"": ""1"", ""psy-rd"": ""3.5"", ""psy-rdoq"": ""4.0"", ""qcomp"": ""0.8"", ""qpmax"": ""31"", ""qpmin"": ""13"", ""rc-lookahead"": ""34"", ""rd"": ""5"", ""rdoq-level"": ""0"", ""rect"": ""0"", ""ref"": ""5"", ""rskip"": ""1"", ""sao"": ""1"", ""scenecut"": ""94"", ""subme"": ""4"", ""tu-inter-depth"": ""3"", ""tu-intra-depth"": ""3"", ""weightb"": ""0"", ""weightp"": ""0"", ""wpp"": ""1""}"
x265,lf09_hard01,"lambda_f=0.9, hard=0.1",16033,RQ3,20,43.39,7.06,43.39,7.398984432220459,"['Standard', '320p', 30, '10s']",0.0,7.398879289627075,0.0,"{""amp"": ""0"", ""aq-mode"": ""4"", ""aq-strength"": ""1.2"", ""b-adapt"": ""1"", ""bframes"": ""2"", ""crf"": ""25.0"", ""ctu"": ""32"", ""keyint"": ""427"", ""limit-refs"": ""1"", ""limit-tu"": ""3"", ""me"": ""star"", ""merange"": ""26"", ""open-gop"": ""1"", ""psy-rd"": ""3.5"", ""psy-rdoq"": ""3.0"", ""qcomp"": ""0.9"", ""qpmax"": ""31"", ""qpmin"": ""5"", ""rc-lookahead"": ""30"", ""rd"": ""4"", ""rdoq-level"": ""1"", ""rect"": ""1"", ""ref"": ""4"", ""rskip"": ""1"", ""sao"": ""0"", ""scenecut"": ""21"", ""subme"": ""4"", ""tu-inter-depth"": ""1"", ""tu-intra-depth"": ""2"", ""weightb"": ""1"", ""weightp"": ""1"", ""wpp"": ""1""}"
x265,lf09_hard01,"lambda_f=0.9, hard=0.1",16033,RQ3,21,10.15,30.0,10.15,30.34517741203308,"['Standard', '320p', 30, '10s']",0.0,30.345088481903076,0.0,"{""amp"": ""0"", ""aq-mode"": ""3"", ""aq-strength"": ""1.2"", ""b-adapt"": ""2"", ""bframes"": ""2"", ""crf"": ""25.0"", ""ctu"": ""32"", ""keyint"": ""149"", ""limit-refs"": ""1"", ""limit-tu"": ""2"", ""me"": ""hex"", ""merange"": ""25"", ""open-gop"": ""0"", ""psy-rd"": ""3.0"", ""psy-rdoq"": ""2.0"", ""qcomp"": ""0.6"", ""qpmax"": ""29"", ""qpmin"": ""11"", ""rc-lookahead"": ""13"", ""rd"": ""5"", ""rdoq-level"": ""1"", ""rect"": ""0"", ""ref"": ""3"", ""rskip"": ""0"", ""sao"": ""0"", ""scenecut"": ""69"", ""subme"": ""5"", ""tu-inter-depth"": ""3"", ""tu-intra-depth"": ""4"", ""weightb"": ""1"", ""weightp"": ""0"", ""wpp"": ""0""}"
x265,lf09_hard01,"lambda_f=0.9, hard=0.1",16033,RQ3,22,36.89,8.29,36.89,8.634843826293945,"['Standard', '320p', 30, '10s']",0.0,8.63475227355957,0.0,"{""amp"": ""0"", ""aq-mode"": ""2"", ""aq-strength"": ""1.2"", ""b-adapt"": ""0"", ""bframes"": ""7"", ""crf"": ""22.0"", ""ctu"": ""64"", ""keyint"": ""48"", ""limit-refs"": ""3"", ""limit-tu"": ""2"", ""me"": ""umh"", ""merange"": ""62"", ""open-gop"": ""0"", ""psy-rd"": ""4.0"", ""psy-rdoq"": ""0.0"", ""qcomp"": ""0.7"", ""qpmax"": ""29"", ""qpmin"": ""2"", ""rc-lookahead"": ""14"", ""rd"": ""4"", ""rdoq-level"": ""0"", ""rect"": ""1"", ""ref"": ""2"", ""rskip"": ""0"", ""sao"": ""1"", ""scenecut"": ""45"", ""subme"": ""3"", ""tu-inter-depth"": ""1"", ""tu-intra-depth"": ""2"", ""weightb"": ""0"", ""weightp"": ""1"", ""wpp"": ""0""}"
x265,lf09_hard01,"lambda_f=0.9, hard=0.1",16033,RQ3,23,38.23,8.01,38.23,8.33966064453125,"['Standard', '320p', 30, '10s']",0.0,8.339576721191406,0.0,"{""amp"": ""0"", ""aq-mode"": ""4"", ""aq-strength"": ""0.8"", ""b-adapt"": ""1"", ""bframes"": ""5"", ""crf"": ""25.0"", ""ctu"": ""32"", ""keyint"": ""367"", ""limit-refs"": ""3"", ""limit-tu"": ""3"", ""me"": ""star"", ""merange"": ""42"", ""open-gop"": ""0"", ""psy-rd"": ""3.5"", ""psy-rdoq"": ""3.0"", ""qcomp"": ""0.75"", ""qpmax"": ""42"", ""qpmin"": ""2"", ""rc-lookahead"": ""40"", ""rd"": ""4"", ""rdoq-level"": ""2"", ""rect"": ""1"", ""ref"": ""1"", ""rskip"": ""0"", ""sao"": ""0"", ""scenecut"": ""73"", ""subme"": ""3"", ""tu-inter-depth"": ""4"", ""tu-intra-depth"": ""3"", ""weightb"": ""1"", ""weightp"": ""0"", ""wpp"": ""0""}"
x265,lf09_hard01,"lambda_f=0.9, hard=0.1",16033,RQ3,24,29.3,10.43,29.3,10.773462295532227,"['Standard', '320p', 30, '10s']",0.0,10.773363590240479,0.0,"{""amp"": ""0"", ""aq-mode"": ""3"", ""aq-strength"": ""1.0"", ""b-adapt"": ""1"", ""bframes"": ""4"", ""crf"": ""28.0"", ""ctu"": ""64"", ""keyint"": ""481"", ""limit-refs"": ""1"", ""limit-tu"": ""1"", ""me"": ""full"", ""merange"": ""32"", ""open-gop"": ""0"", ""psy-rd"": ""3.5"", ""psy-rdoq"": ""4.0"", ""qcomp"": ""0.5"", ""qpmax"": ""43"", ""qpmin"": ""11"", ""rc-lookahead"": ""36"", ""rd"": ""4"", ""rdoq-level"": ""1"", ""rect"": ""0"", ""ref"": ""3"", ""rskip"": ""0"", ""sao"": ""1"", ""scenecut"": ""38"", ""subme"": ""1"", ""tu-inter-depth"": ""2"", ""tu-intra-depth"": ""2"", ""weightb"": ""0"", ""weightp"": ""1"", ""wpp"": ""0""}"
x265,lf09_hard01,"lambda_f=0.9, hard=0.1",16033,RQ3,25,61.32,5.01,61.32,5.348778247833252,"['Standard', '320p', 30, '10s']",0.0,5.348686695098877,0.0,"{""amp"": ""0"", ""aq-mode"": ""2"", ""aq-strength"": ""1.0"", ""b-adapt"": ""0"", ""bframes"": ""0"", ""crf"": ""28.0"", ""ctu"": ""16"", ""keyint"": ""226"", ""limit-refs"": ""1"", ""limit-tu"": ""4"", ""me"": ""dia"", ""merange"": ""31"", ""open-gop"": ""1"", ""psy-rd"": ""4.0"", ""psy-rdoq"": ""0.0"", ""qcomp"": ""0.9"", ""qpmax"": ""41"", ""qpmin"": ""4"", ""rc-lookahead"": ""56"", ""rd"": ""4"", ""rdoq-level"": ""1"", ""rect"": ""1"", ""ref"": ""4"", ""rskip"": ""1"", ""sao"": ""1"", ""scenecut"": ""98"", ""subme"": ""2"", ""tu-inter-depth"": ""3"", ""tu-intra-depth"": ""3"", ""weightb"": ""0"", ""weightp"": ""0"", ""wpp"": ""1""}"
x265,lf09_hard01,"lambda_f=0.9, hard=0.1",16033,RQ3,26,37.98,8.06,37.98,8.39312481880188,"['Standard', '320p', 30, '10s']",0.0,8.39303731918335,0.0,"{""amp"": ""0"", ""aq-mode"": ""3"", ""aq-strength"": ""0.8"", ""b-adapt"": ""2"", ""bframes"": ""7"", ""crf"": ""25.0"", ""ctu"": ""32"", ""keyint"": ""89"", ""limit-refs"": ""2"", ""limit-tu"": ""0"", ""me"": ""hex"", ""merange"": ""44"", ""open-gop"": ""1"", ""psy-rd"": ""3.0"", ""psy-rdoq"": ""2.0"", ""qcomp"": ""0.8"", ""qpmax"": ""40"", ""qpmin"": ""14"", ""rc-lookahead"": ""57"", ""rd"": ""4"", ""rdoq-level"": ""2"", ""rect"": ""0"", ""ref"": ""6"", ""rskip"": ""1"", ""sao"": ""0"", ""scenecut"": ""13"", ""subme"": ""2"", ""tu-inter-depth"": ""2"", ""tu-intra-depth"": ""1"", ""weightb"": ""1"", ""weightp"": ""1"", ""wpp"": ""1""}"
x265,lf09_hard01,"lambda_f=0.9, hard=0.1",16033,RQ3,27,14.52,20.99,14.52,21.355262517929077,"['Standard', '320p', 30, '10s']",0.0,21.35517716407776,0.0,"{""amp"": ""1"", ""aq-mode"": ""0"", ""aq-strength"": ""1.8"", ""b-adapt"": ""1"", ""bframes"": ""4"", ""crf"": ""28.0"", ""ctu"": ""64"", ""keyint"": ""216"", ""limit-refs"": ""1"", ""limit-tu"": ""2"", ""me"": ""star"", ""merange"": ""55"", ""open-gop"": ""1"", ""psy-rd"": ""1.0"", ""psy-rdoq"": ""4.0"", ""qcomp"": ""0.5"", ""qpmax"": ""21"", ""qpmin"": ""1"", ""rc-lookahead"": ""19"", ""rd"": ""4"", ""rdoq-level"": ""2"", ""rect"": ""1"", ""ref"": ""3"", ""rskip"": ""1"", ""sao"": ""1"", ""scenecut"": ""73"", ""subme"": ""3"", ""tu-inter-depth"": ""2"", ""tu-intra-depth"": ""2"", ""weightb"": ""0"", ""weightp"": ""0"", ""wpp"": ""1""}"
x265,lf09_hard01,"lambda_f=0.9, hard=0.1",16033,RQ3,28,20.65,14.77,20.65,15.111572980880737,"['Standard', '320p', 30, '10s']",0.0,15.111483097076416,0.0,"{""amp"": ""1"", ""aq-mode"": ""1"", ""aq-strength"": ""2.0"", ""b-adapt"": ""1"", ""bframes"": ""5"", ""crf"": ""25.0"", ""ctu"": ""32"", ""keyint"": ""102"", ""limit-refs"": ""2"", ""limit-tu"": ""2"", ""me"": ""full"", ""merange"": ""18"", ""open-gop"": ""1"", ""psy-rd"": ""2.0"", ""psy-rdoq"": ""2.5"", ""qcomp"": ""0.75"", ""qpmax"": ""20"", ""qpmin"": ""12"", ""rc-lookahead"": ""20"", ""rd"": ""4"", ""rdoq-level"": ""1"", ""rect"": ""0"", ""ref"": ""1"", ""rskip"": ""1"", ""sao"": ""0"", ""scenecut"": ""38"", ""subme"": ""1"", ""tu-inter-depth"": ""3"", ""tu-intra-depth"": ""3"", ""weightb"": ""1"", ""weightp"": ""1"", ""wpp"": ""1""}"
x265,lf09_hard01,"lambda_f=0.9, hard=0.1",16033,RQ3,29,35.68,8.58,35.68,8.92112398147583,"['Standard', '320p', 30, '10s']",0.0,8.920996904373169,0.0,"{""amp"": ""0"", ""aq-mode"": ""4"", ""aq-strength"": ""0.5"", ""b-adapt"": ""0"", ""bframes"": ""3"", ""crf"": ""18.0"", ""ctu"": ""32"", ""keyint"": ""138"", ""limit-refs"": ""1"", ""limit-tu"": ""3"", ""me"": ""umh"", ""merange"": ""47"", ""open-gop"": ""1"", ""psy-rd"": ""2.0"", ""psy-rdoq"": ""4.5"", ""qcomp"": ""0.5"", ""qpmax"": ""49"", ""qpmin"": ""17"", ""rc-lookahead"": ""54"", ""rd"": ""3"", ""rdoq-level"": ""2"", ""rect"": ""0"", ""ref"": ""1"", ""rskip"": ""1"", ""sao"": ""1"", ""scenecut"": ""4"", ""subme"": ""4"", ""tu-inter-depth"": ""4"", ""tu-intra-depth"": ""3"", ""weightb"": ""0"", ""weightp"": ""1"", ""wpp"": ""1""}"
x265,lf09_hard01,"lambda_f=0.9, hard=0.1",16033,RQ3,30,30.88,9.9,30.88,10.247542381286621,"['Standard', '320p', 30, '10s']",0.0,10.247457027435303,0.0,"{""amp"": ""0"", ""aq-mode"": ""3"", ""aq-strength"": ""0.5"", ""b-adapt"": ""2"", ""bframes"": ""4"", ""crf"": ""20.0"", ""ctu"": ""64"", ""keyint"": ""238"", ""limit-refs"": ""3"", ""limit-tu"": ""1"", ""me"": ""star"", ""merange"": ""40"", ""open-gop"": ""1"", ""psy-rd"": ""3.0"", ""psy-rdoq"": ""3.5"", ""qcomp"": ""0.75"", ""qpmax"": ""50"", ""qpmin"": ""6"", ""rc-lookahead"": ""48"", ""rd"": ""3"", ""rdoq-level"": ""1"", ""rect"": ""1"", ""ref"": ""3"", ""rskip"": ""1"", ""sao"": ""0"", ""scenecut"": ""82"", ""subme"": ""4"", ""tu-inter-depth"": ""2"", ""tu-intra-depth"": ""1"", ""weightb"": ""1"", ""weightp"": ""0"", ""wpp"": ""1""}"
x265,lf09_hard01,"lambda_f=0.9, hard=0.1",16033,RQ3,31,11.59,26.29,11.59,26.624266862869263,"['Standard', '320p', 30, '10s']",0.0,26.624171018600464,0.0,"{""amp"": ""0"", ""aq-mode"": ""3"", ""aq-strength"": ""1.8"", ""b-adapt"": ""0"", ""bframes"": ""4"", ""crf"": ""18.0"", ""ctu"": ""64"", ""keyint"": ""486"", ""limit-refs"": ""3"", ""limit-tu"": ""2"", ""me"": ""hex"", ""merange"": ""45"", ""open-gop"": ""0"", ""psy-rd"": ""3.5"", ""psy-rdoq"": ""3.5"", ""qcomp"": ""0.6"", ""qpmax"": ""31"", ""qpmin"": ""6"", ""rc-lookahead"": ""40"", ""rd"": ""6"", ""rdoq-level"": ""0"", ""rect"": ""0"", ""ref"": ""3"", ""rskip"": ""0"", ""sao"": ""1"", ""scenecut"": ""66"", ""subme"": ""5"", ""tu-inter-depth"": ""1"", ""tu-intra-depth"": ""3"", ""weightb"": ""0"", ""weightp"": ""1"", ""wpp"": ""0""}"
x265,lf09_hard01,"lambda_f=0.9, hard=0.1",16033,RQ3,32,41.83,7.32,41.83,7.667215585708618,"['Standard', '320p', 30, '10s']",0.0,7.66711950302124,0.0,"{""amp"": ""0"", ""aq-mode"": ""2"", ""aq-strength"": ""1.8"", ""b-adapt"": ""1"", ""bframes"": ""1"", ""crf"": ""30.0"", ""ctu"": ""64"", ""keyint"": ""278"", ""limit-refs"": ""1"", ""limit-tu"": ""4"", ""me"": ""hex"", ""merange"": ""57"", ""open-gop"": ""1"", ""psy-rd"": ""2.5"", ""psy-rdoq"": ""2.5"", ""qcomp"": ""0.6"", ""qpmax"": ""20"", ""qpmin"": ""17"", ""rc-lookahead"": ""27"", ""rd"": ""3"", ""rdoq-level"": ""0"", ""rect"": ""0"", ""ref"": ""2"", ""rskip"": ""1"", ""sao"": ""0"", ""scenecut"": ""78"", ""subme"": ""2"", ""tu-inter-depth"": ""2"", ""tu-intra-depth"": ""2"", ""weightb"": ""1"", ""weightp"": ""0"", ""wpp"": ""1""}"
x265,lf09_hard01,"lambda_f=0.9, hard=0.1",16033,RQ3,33,14.04,21.71,14.04,22.053160190582275,"['Standard', '320p', 30, '10s']",0.0,22.05305814743042,0.0,"{""amp"": ""0"", ""aq-mode"": ""0"", ""aq-strength"": ""1.2"", ""b-adapt"": ""1"", ""bframes"": ""6"", ""crf"": ""25.0"", ""ctu"": ""32"", ""keyint"": ""373"", ""limit-refs"": ""3"", ""limit-tu"": ""2"", ""me"": ""hex"", ""merange"": ""45"", ""open-gop"": ""0"", ""psy-rd"": ""0.0"", ""psy-rdoq"": ""0.0"", ""qcomp"": ""1.0"", ""qpmax"": ""26"", ""qpmin"": ""12"", ""rc-lookahead"": ""55"", ""rd"": ""6"", ""rdoq-level"": ""1"", ""rect"": ""1"", ""ref"": ""1"", ""rskip"": ""1"", ""sao"": ""1"", ""scenecut"": ""47"", ""subme"": ""3"", ""tu-inter-depth"": ""4"", ""tu-intra-depth"": ""1"", ""weightb"": ""1"", ""weightp"": ""1"", ""wpp"": ""1""}"
x265,lf09_hard01,"lambda_f=0.9, hard=0.1",16033,RQ3,34,47.44,6.49,47.44,6.826830625534058,"['Standard', '320p', 30, '10s']",0.0,6.826737403869629,0.0,"{""amp"": ""0"", ""aq-mode"": ""3"", ""aq-strength"": ""1.0"", ""b-adapt"": ""1"", ""bframes"": ""1"", ""crf"": ""22.0"", ""ctu"": ""64"", ""keyint"": ""327"", ""limit-refs"": ""0"", ""limit-tu"": ""1"", ""me"": ""umh"", ""merange"": ""60"", ""open-gop"": ""1"", ""psy-rd"": ""3.0"", ""psy-rdoq"": ""0.5"", ""qcomp"": ""0.5"", ""qpmax"": ""48"", ""qpmin"": ""13"", ""rc-lookahead"": ""17"", ""rd"": ""3"", ""rdoq-level"": ""0"", ""rect"": ""0"", ""ref"": ""2"", ""rskip"": ""1"", ""sao"": ""1"", ""scenecut"": ""77"", ""subme"": ""1"", ""tu-inter-depth"": ""4"", ""tu-intra-depth"": ""3"", ""weightb"": ""0"", ""weightp"": ""0"", ""wpp"": ""0""}"
x265,lf09_hard01,"lambda_f=0.9, hard=0.1",16033,RQ3,35,1.29,236.52,1.29,236.85433983802795,"['Standard', '320p', 30, '10s']",0.0,236.85423278808594,0.0,"{""amp"": ""0"", ""aq-mode"": ""1"", ""aq-strength"": ""1.8"", ""b-adapt"": ""1"", ""bframes"": ""0"", ""crf"": ""22.0"", ""ctu"": ""64"", ""keyint"": ""305"", ""limit-refs"": ""0"", ""limit-tu"": ""4"", ""me"": ""full"", ""merange"": ""50"", ""open-gop"": ""0"", ""psy-rd"": ""1.5"", ""psy-rdoq"": ""1.5"", ""qcomp"": ""1.0"", ""qpmax"": ""33"", ""qpmin"": ""17"", ""rc-lookahead"": ""23"", ""rd"": ""3"", ""rdoq-level"": ""2"", ""rect"": ""1"", ""ref"": ""5"", ""rskip"": ""0"", ""sao"": ""0"", ""scenecut"": ""9"", ""subme"": ""2"", ""tu-inter-depth"": ""3"", ""tu-intra-depth"": ""2"", ""weightb"": ""1"", ""weightp"": ""1"", ""wpp"": ""0""}"
x265,lf09_hard01,"lambda_f=0.9, hard=0.1",16033,RQ3,36,3.38,90.15,3.38,90.67253088951111,"['Standard', '320p', 30, '10s']",0.0,90.67236828804016,0.0,"{""amp"": ""0"", ""aq-mode"": ""0"", ""aq-strength"": ""0.0"", ""b-adapt"": ""0"", ""bframes"": ""2"", ""crf"": ""32.0"", ""ctu"": ""16"", ""keyint"": ""336"", ""limit-refs"": ""2"", ""limit-tu"": ""0"", ""me"": ""full"", ""merange"": ""40"", ""open-gop"": ""0"", ""psy-rd"": ""4.0"", ""psy-rdoq"": ""0.0"", ""qcomp"": ""0.75"", ""qpmax"": ""39"", ""qpmin"": ""16"", ""rc-lookahead"": ""49"", ""rd"": ""5"", ""rdoq-level"": ""2"", ""rect"": ""1"", ""ref"": ""3"", ""rskip"": ""1"", ""sao"": ""1"", ""scenecut"": ""41"", ""subme"": ""2"", ""tu-inter-depth"": ""3"", ""tu-intra-depth"": ""3"", ""weightb"": ""0"", ""weightp"": ""1"", ""wpp"": ""1""}"
x265,lf09_hard01,"lambda_f=0.9, hard=0.1",16033,RQ3,37,60.87,5.05,60.87,5.394862651824951,"['Standard', '320p', 30, '10s']",0.0,5.394768714904785,0.0,"{""amp"": ""1"", ""aq-mode"": ""1"", ""aq-strength"": ""0.8"", ""b-adapt"": ""0"", ""bframes"": ""7"", ""crf"": ""22.0"", ""ctu"": ""64"", ""keyint"": ""318"", ""limit-refs"": ""2"", ""limit-tu"": ""3"", ""me"": ""hex"", ""merange"": ""38"", ""open-gop"": ""1"", ""psy-rd"": ""1.5"", ""psy-rdoq"": ""0.5"", ""qcomp"": ""0.7"", ""qpmax"": ""49"", ""qpmin"": ""12"", ""rc-lookahead"": ""47"", ""rd"": ""4"", ""rdoq-level"": ""1"", ""rect"": ""0"", ""ref"": ""2"", ""rskip"": ""1"", ""sao"": ""1"", ""scenecut"": ""68"", ""subme"": ""5"", ""tu-inter-depth"": ""2"", ""tu-intra-depth"": ""1"", ""weightb"": ""0"", ""weightp"": ""0"", ""wpp"": ""1""}"
x265,lf09_hard01,"lambda_f=0.9, hard=0.1",16033,RQ3,38,40.99,7.47,40.99,7.8101325035095215,"['Standard', '320p', 30, '10s']",0.0,7.8100364208221436,0.0,"{""amp"": ""0"", ""aq-mode"": ""2"", ""aq-strength"": ""1.0"", ""b-adapt"": ""0"", ""bframes"": ""0"", ""crf"": ""25.0"", ""ctu"": ""64"", ""keyint"": ""299"", ""limit-refs"": ""1"", ""limit-tu"": ""0"", ""me"": ""dia"", ""merange"": ""45"", ""open-gop"": ""1"", ""psy-rd"": ""3.5"", ""psy-rdoq"": ""2.5"", ""qcomp"": ""1.0"", ""qpmax"": ""36"", ""qpmin"": ""7"", ""rc-lookahead"": ""51"", ""rd"": ""4"", ""rdoq-level"": ""0"", ""rect"": ""0"", ""ref"": ""5"", ""rskip"": ""0"", ""sao"": ""0"", ""scenecut"": ""1"", ""subme"": ""3"", ""tu-inter-depth"": ""2"", ""tu-intra-depth"": ""4"", ""weightb"": ""0"", ""weightp"": ""0"", ""wpp"": ""1""}"
x265,lf09_hard01,"lambda_f=0.9, hard=0.1",16033,RQ3,39,4.34,70.08,4.34,70.42113542556763,"['Standard', '320p', 30, '10s']",0.0,70.42103052139282,0.0,"{""amp"": ""0"", ""aq-mode"": ""2"", ""aq-strength"": ""1.0"", ""b-adapt"": ""2"", ""bframes"": ""4"", ""crf"": ""20.0"", ""ctu"": ""64"", ""keyint"": ""167"", ""limit-refs"": ""1"", ""limit-tu"": ""3"", ""me"": ""umh"", ""merange"": ""46"", ""open-gop"": ""0"", ""psy-rd"": ""1.0"", ""psy-rdoq"": ""3.5"", ""qcomp"": ""0.6"", ""qpmax"": ""21"", ""qpmin"": ""14"", ""rc-lookahead"": ""33"", ""rd"": ""5"", ""rdoq-level"": ""1"", ""rect"": ""1"", ""ref"": ""5"", ""rskip"": ""0"", ""sao"": ""0"", ""scenecut"": ""70"", ""subme"": ""4"", ""tu-inter-depth"": ""3"", ""tu-intra-depth"": ""4"", ""weightb"": ""0"", ""weightp"": ""1"", ""wpp"": ""1""}"
x265,lf09_hard01,"lambda_f=0.9, hard=0.1",16033,RQ3,40,23.85,12.8,23.85,13.133727073669434,"['Standard', '320p', 30, '10s']",0.0,13.13363242149353,0.0,"{""amp"": ""0"", ""aq-mode"": ""3"", ""aq-strength"": ""1.5"", ""b-adapt"": ""1"", ""bframes"": ""3"", ""crf"": ""20.0"", ""ctu"": ""32"", ""keyint"": ""79"", ""limit-refs"": ""0"", ""limit-tu"": ""2"", ""me"": ""star"", ""merange"": ""28"", ""open-gop"": ""0"", ""psy-rd"": ""2.5"", ""psy-rdoq"": ""3.5"", ""qcomp"": ""0.75"", ""qpmax"": ""40"", ""qpmin"": ""14"", ""rc-lookahead"": ""51"", ""rd"": ""4"", ""rdoq-level"": ""1"", ""rect"": ""0"", ""ref"": ""2"", ""rskip"": ""1"", ""sao"": ""0"", ""scenecut"": ""87"", ""subme"": ""2"", ""tu-inter-depth"": ""4"", ""tu-intra-depth"": ""3"", ""weightb"": ""0"", ""weightp"": ""0"", ""wpp"": ""0""}"
x265,lf09_hard01,"lambda_f=0.9, hard=0.1",16033,RQ3,41,80.23,3.85,80.23,4.179458856582642,"['Standard', '320p', 30, '10s']",0.0,4.179367542266846,0.0,"{""amp"": ""1"", ""aq-mode"": ""3"", ""aq-strength"": ""0.8"", ""b-adapt"": ""0"", ""bframes"": ""2"", ""crf"": ""30.0"", ""ctu"": ""16"", ""keyint"": ""366"", ""limit-refs"": ""2"", ""limit-tu"": ""4"", ""me"": ""dia"", ""merange"": ""58"", ""open-gop"": ""0"", ""psy-rd"": ""1.0"", ""psy-rdoq"": ""4.0"", ""qcomp"": ""0.7"", ""qpmax"": ""35"", ""qpmin"": ""0"", ""rc-lookahead"": ""35"", ""rd"": ""4"", ""rdoq-level"": ""1"", ""rect"": ""1"", ""ref"": ""6"", ""rskip"": ""1"", ""sao"": ""0"", ""scenecut"": ""86"", ""subme"": ""3"", ""tu-inter-depth"": ""3"", ""tu-intra-depth"": ""3"", ""weightb"": ""0"", ""weightp"": ""0"", ""wpp"": ""0""}"
x265,lf09_hard01,"lambda_f=0.9, hard=0.1",16033,RQ3,42,56.06,5.48,56.06,5.811818361282349,"['Standard', '320p', 30, '10s']",0.0,5.811723947525024,0.0,"{""amp"": ""1"", ""aq-mode"": ""4"", ""aq-strength"": ""1.0"", ""b-adapt"": ""0"", ""bframes"": ""4"", ""crf"": ""20.0"", ""ctu"": ""16"", ""keyint"": ""353"", ""limit-refs"": ""1"", ""limit-tu"": ""4"", ""me"": ""star"", ""merange"": ""50"", ""open-gop"": ""0"", ""psy-rd"": ""0.5"", ""psy-rdoq"": ""4.5"", ""qcomp"": ""0.5"", ""qpmax"": ""45"", ""qpmin"": ""18"", ""rc-lookahead"": ""23"", ""rd"": ""4"", ""rdoq-level"": ""1"", ""rect"": ""0"", ""ref"": ""4"", ""rskip"": ""1"", ""sao"": ""0"", ""scenecut"": ""29"", ""subme"": ""3"", ""tu-inter-depth"": ""3"", ""tu-intra-depth"": ""2"", ""weightb"": ""0"", ""weightp"": ""0"", ""wpp"": ""0""}"
x265,lf09_hard01,"lambda_f=0.9, hard=0.1",16033,RQ3,43,27.0,11.31,27.0,11.653090715408325,"['Standard', '320p', 30, '10s']",0.0,11.65299654006958,0.0,"{""amp"": ""0"", ""aq-mode"": ""4"", ""aq-strength"": ""1.0"", ""b-adapt"": ""0"", ""bframes"": ""8"", ""crf"": ""20.0"", ""ctu"": ""16"", ""keyint"": ""440"", ""limit-refs"": ""1"", ""limit-tu"": ""0"", ""me"": ""hex"", ""merange"": ""58"", ""open-gop"": ""0"", ""psy-rd"": ""4.0"", ""psy-rdoq"": ""2.0"", ""qcomp"": ""1.0"", ""qpmax"": ""36"", ""qpmin"": ""16"", ""rc-lookahead"": ""37"", ""rd"": ""3"", ""rdoq-level"": ""0"", ""rect"": ""1"", ""ref"": ""4"", ""rskip"": ""1"", ""sao"": ""0"", ""scenecut"": ""45"", ""subme"": ""4"", ""tu-inter-depth"": ""3"", ""tu-intra-depth"": ""3"", ""weightb"": ""0"", ""weightp"": ""0"", ""wpp"": ""1""}"
x265,lf09_hard01,"lambda_f=0.9, hard=0.1",16033,RQ3,44,97.05,3.19,97.05,3.5306849479675293,"['Standard', '320p', 30, '10s']",0.0,3.530590057373047,0.0,"{""amp"": ""1"", ""aq-mode"": ""1"", ""aq-strength"": ""1.0"", ""b-adapt"": ""2"", ""bframes"": ""3"", ""crf"": ""30.0"", ""ctu"": ""64"", ""keyint"": ""322"", ""limit-refs"": ""3"", ""limit-tu"": ""1"", ""me"": ""hex"", ""merange"": ""24"", ""open-gop"": ""0"", ""psy-rd"": ""1.5"", ""psy-rdoq"": ""0.5"", ""qcomp"": ""0.9"", ""qpmax"": ""36"", ""qpmin"": ""3"", ""rc-lookahead"": ""51"", ""rd"": ""4"", ""rdoq-level"": ""1"", ""rect"": ""0"", ""ref"": ""3"", ""rskip"": ""1"", ""sao"": ""0"", ""scenecut"": ""75"", ""subme"": ""3"", ""tu-inter-depth"": ""1"", ""tu-intra-depth"": ""1"", ""weightb"": ""1"", ""weightp"": ""1"", ""wpp"": ""0""}"
x265,lf09_hard01,"lambda_f=0.9, hard=0.1",16033,RQ3,45,18.2,16.75,18.2,17.09244132041931,"['Standard', '320p', 30, '10s']",0.0,17.092346906661987,0.0,"{""amp"": ""0"", ""aq-mode"": ""3"", ""aq-strength"": ""0.0"", ""b-adapt"": ""2"", ""bframes"": ""1"", ""crf"": ""28.0"", ""ctu"": ""32"", ""keyint"": ""27"", ""limit-refs"": ""3"", ""limit-tu"": ""3"", ""me"": ""hex"", ""merange"": ""22"", ""open-gop"": ""1"", ""psy-rd"": ""2.0"", ""psy-rdoq"": ""4.0"", ""qcomp"": ""0.9"", ""qpmax"": ""35"", ""qpmin"": ""10"", ""rc-lookahead"": ""10"", ""rd"": ""5"", ""rdoq-level"": ""2"", ""rect"": ""0"", ""ref"": ""6"", ""rskip"": ""0"", ""sao"": ""0"", ""scenecut"": ""2"", ""subme"": ""2"", ""tu-inter-depth"": ""1"", ""tu-intra-depth"": ""2"", ""weightb"": ""0"", ""weightp"": ""1"", ""wpp"": ""0""}"
x265,lf09_hard01,"lambda_f=0.9, hard=0.1",16033,RQ3,46,33.66,9.09,33.66,9.427533388137817,"['Standard', '320p', 30, '10s']",0.0,9.427438974380493,0.0,"{""amp"": ""0"", ""aq-mode"": ""4"", ""aq-strength"": ""0.8"", ""b-adapt"": ""1"", ""bframes"": ""6"", ""crf"": ""18.0"", ""ctu"": ""64"", ""keyint"": ""182"", ""limit-refs"": ""2"", ""limit-tu"": ""3"", ""me"": ""umh"", ""merange"": ""33"", ""open-gop"": ""1"", ""psy-rd"": ""1.5"", ""psy-rdoq"": ""4.5"", ""qcomp"": ""0.75"", ""qpmax"": ""51"", ""qpmin"": ""17"", ""rc-lookahead"": ""39"", ""rd"": ""4"", ""rdoq-level"": ""0"", ""rect"": ""1"", ""ref"": ""4"", ""rskip"": ""1"", ""sao"": ""0"", ""scenecut"": ""86"", ""subme"": ""3"", ""tu-inter-depth"": ""2"", ""tu-intra-depth"": ""4"", ""weightb"": ""1"", ""weightp"": ""0"", ""wpp"": ""1""}"
x265,lf09_hard01,"lambda_f=0.9, hard=0.1",16033,RQ3,47,99.4,3.12,99.4,3.5103492736816406,"['Standard', '320p', 30, '10s']",0.0,3.510176181793213,0.0,"{""amp"": ""0"", ""aq-mode"": ""1"", ""aq-strength"": ""2.0"", ""b-adapt"": ""2"", ""bframes"": ""1"", ""crf"": ""32.0"", ""ctu"": ""64"", ""keyint"": ""415"", ""limit-refs"": ""3"", ""limit-tu"": ""2"", ""me"": ""umh"", ""merange"": ""45"", ""open-gop"": ""1"", ""psy-rd"": ""1.5"", ""psy-rdoq"": ""1.0"", ""qcomp"": ""0.8"", ""qpmax"": ""36"", ""qpmin"": ""0"", ""rc-lookahead"": ""59"", ""rd"": ""4"", ""rdoq-level"": ""0"", ""rect"": ""1"", ""ref"": ""3"", ""rskip"": ""1"", ""sao"": ""0"", ""scenecut"": ""83"", ""subme"": ""4"", ""tu-inter-depth"": ""3"", ""tu-intra-depth"": ""2"", ""weightb"": ""1"", ""weightp"": ""0"", ""wpp"": ""0""}"
x265,lf09_hard01,"lambda_f=0.9, hard=0.1",16033,RQ3,48,48.27,6.36,48.27,6.7106897830963135,"['Standard', '320p', 30, '10s']",0.0,6.710601329803467,0.0,"{""amp"": ""0"", ""aq-mode"": ""4"", ""aq-strength"": ""2.0"", ""b-adapt"": ""2"", ""bframes"": ""8"", ""crf"": ""28.0"", ""ctu"": ""16"", ""keyint"": ""415"", ""limit-refs"": ""0"", ""limit-tu"": ""3"", ""me"": ""umh"", ""merange"": ""53"", ""open-gop"": ""0"", ""psy-rd"": ""4.0"", ""psy-rdoq"": ""3.5"", ""qcomp"": ""0.75"", ""qpmax"": ""41"", ""qpmin"": ""19"", ""rc-lookahead"": ""54"", ""rd"": ""4"", ""rdoq-level"": ""2"", ""rect"": ""1"", ""ref"": ""2"", ""rskip"": ""1"", ""sao"": ""1"", ""scenecut"": ""17"", ""subme"": ""3"", ""tu-inter-depth"": ""3"", ""tu-intra-depth"": ""3"", ""weightb"": ""1"", ""weightp"": ""0"", ""wpp"": ""0""}"
x265,lf09_hard01,"lambda_f=0.9, hard=0.1",16033,RQ3,49,14.09,21.63,14.09,22.07516860961914,"['Standard', '320p', 30, '10s']",0.0,22.075061321258545,0.0,"{""amp"": ""0"", ""aq-mode"": ""0"", ""aq-strength"": ""1.0"", ""b-adapt"": ""1"", ""bframes"": ""7"", ""crf"": ""32.0"", ""ctu"": ""64"", ""keyint"": ""489"", ""limit-refs"": ""2"", ""limit-tu"": ""3"", ""me"": ""umh"", ""merange"": ""23"", ""open-gop"": ""1"", ""psy-rd"": ""0.5"", ""psy-rdoq"": ""3.0"", ""qcomp"": ""0.6"", ""qpmax"": ""31"", ""qpmin"": ""17"", ""rc-lookahead"": ""37"", ""rd"": ""6"", ""rdoq-level"": ""1"", ""rect"": ""0"", ""ref"": ""5"", ""rskip"": ""1"", ""sao"": ""0"", ""scenecut"": ""64"", ""subme"": ""5"", ""tu-inter-depth"": ""3"", ""tu-intra-depth"": ""2"", ""weightb"": ""1"", ""weightp"": ""1"", ""wpp"": ""0""}"
x265,lf09_hard01,"lambda_f=0.9, hard=0.1",16033,RQ3,50,13.82,22.05,13.82,22.395121812820435,"['Standard', '320p', 30, '10s']",0.0,22.39502453804016,0.0,"{""amp"": ""0"", ""aq-mode"": ""3"", ""aq-strength"": ""2.0"", ""b-adapt"": ""2"", ""bframes"": ""8"", ""crf"": ""22.0"", ""ctu"": ""32"", ""keyint"": ""204"", ""limit-refs"": ""1"", ""limit-tu"": ""3"", ""me"": ""hex"", ""merange"": ""45"", ""open-gop"": ""0"", ""psy-rd"": ""2.0"", ""psy-rdoq"": ""4.0"", ""qcomp"": ""0.75"", ""qpmax"": ""38"", ""qpmin"": ""13"", ""rc-lookahead"": ""60"", ""rd"": ""6"", ""rdoq-level"": ""1"", ""rect"": ""0"", ""ref"": ""3"", ""rskip"": ""1"", ""sao"": ""0"", ""scenecut"": ""55"", ""subme"": ""3"", ""tu-inter-depth"": ""4"", ""tu-intra-depth"": ""3"", ""weightb"": ""0"", ""weightp"": ""0"", ""wpp"": ""1""}"
x265,lf09_hard01,"lambda_f=0.9, hard=0.1",16033,RQ3,51,112.02,2.77,112.02,3.101954698562622,"['Standard', '320p', 30, '10s']",0.0,3.101863384246826,0.0,"{""amp"": ""1"", ""aq-mode"": ""1"", ""aq-strength"": ""2.0"", ""b-adapt"": ""1"", ""bframes"": ""4"", ""crf"": ""30.0"", ""ctu"": ""32"", ""keyint"": ""473"", ""limit-refs"": ""1"", ""limit-tu"": ""2"", ""me"": ""hex"", ""merange"": ""36"", ""open-gop"": ""1"", ""psy-rd"": ""1.0"", ""psy-rdoq"": ""1.0"", ""qcomp"": ""0.6"", ""qpmax"": ""47"", ""qpmin"": ""16"", ""rc-lookahead"": ""48"", ""rd"": ""3"", ""rdoq-level"": ""1"", ""rect"": ""1"", ""ref"": ""2"", ""rskip"": ""1"", ""sao"": ""0"", ""scenecut"": ""81"", ""subme"": ""3"", ""tu-inter-depth"": ""3"", ""tu-intra-depth"": ""4"", ""weightb"": ""0"", ""weightp"": ""1"", ""wpp"": ""1""}"
x265,lf09_hard01,"lambda_f=0.9, hard=0.1",16033,RQ3,52,27.01,11.31,27.01,11.653167963027954,"['Standard', '320p', 30, '10s']",0.0,11.65306830406189,0.0,"{""amp"": ""0"", ""aq-mode"": ""4"", ""aq-strength"": ""1.8"", ""b-adapt"": ""0"", ""bframes"": ""1"", ""crf"": ""25.0"", ""ctu"": ""16"", ""keyint"": ""111"", ""limit-refs"": ""2"", ""limit-tu"": ""1"", ""me"": ""dia"", ""merange"": ""28"", ""open-gop"": ""0"", ""psy-rd"": ""1.0"", ""psy-rdoq"": ""3.0"", ""qcomp"": ""0.5"", ""qpmax"": ""39"", ""qpmin"": ""4"", ""rc-lookahead"": ""54"", ""rd"": ""5"", ""rdoq-level"": ""0"", ""rect"": ""1"", ""ref"": ""2"", ""rskip"": ""1"", ""sao"": ""1"", ""scenecut"": ""31"", ""subme"": ""5"", ""tu-inter-depth"": ""2"", ""tu-intra-depth"": ""1"", ""weightb"": ""1"", ""weightp"": ""1"", ""wpp"": ""1""}"
x265,lf09_hard01,"lambda_f=0.9, hard=0.1",16033,RQ3,53,12.9,23.61,12.9,23.947904586791992,"['Standard', '320p', 30, '10s']",0.0,23.947805166244507,0.0,"{""amp"": ""0"", ""aq-mode"": ""4"", ""aq-strength"": ""1.0"", ""b-adapt"": ""0"", ""bframes"": ""5"", ""crf"": ""20.0"", ""ctu"": ""32"", ""keyint"": ""231"", ""limit-refs"": ""2"", ""limit-tu"": ""1"", ""me"": ""umh"", ""merange"": ""18"", ""open-gop"": ""1"", ""psy-rd"": ""4.0"", ""psy-rdoq"": ""1.5"", ""qcomp"": ""1.0"", ""qpmax"": ""51"", ""qpmin"": ""15"", ""rc-lookahead"": ""28"", ""rd"": ""6"", ""rdoq-level"": ""1"", ""rect"": ""0"", ""ref"": ""5"", ""rskip"": ""1"", ""sao"": ""1"", ""scenecut"": ""95"", ""subme"": ""1"", ""tu-inter-depth"": ""2"", ""tu-intra-depth"": ""4"", ""weightb"": ""1"", ""weightp"": ""1"", ""wpp"": ""1""}"
x265,lf09_hard01,"lambda_f=0.9, hard=0.1",16033,RQ3,54,17.95,17.0,17.95,17.334999561309814,"['Standard', '320p', 30, '10s']",0.0,17.33490300178528,0.0,"{""amp"": ""0"", ""aq-mode"": ""4"", ""aq-strength"": ""1.0"", ""b-adapt"": ""0"", ""bframes"": ""0"", ""crf"": ""28.0"", ""ctu"": ""32"", ""keyint"": ""106"", ""limit-refs"": ""0"", ""limit-tu"": ""2"", ""me"": ""hex"", ""merange"": ""24"", ""open-gop"": ""0"", ""psy-rd"": ""3.5"", ""psy-rdoq"": ""4.5"", ""qcomp"": ""0.5"", ""qpmax"": ""23"", ""qpmin"": ""17"", ""rc-lookahead"": ""23"", ""rd"": ""4"", ""rdoq-level"": ""0"", ""rect"": ""1"", ""ref"": ""5"", ""rskip"": ""1"", ""sao"": ""0"", ""scenecut"": ""27"", ""subme"": ""2"", ""tu-inter-depth"": ""3"", ""tu-intra-depth"": ""2"", ""weightb"": ""1"", ""weightp"": ""0"", ""wpp"": ""0""}"
x265,lf09_hard01,"lambda_f=0.9, hard=0.1",16033,RQ3,55,19.32,15.79,19.32,16.11298704147339,"['Standard', '320p', 30, '10s']",0.0,16.112881183624268,0.0,"{""amp"": ""0"", ""aq-mode"": ""0"", ""aq-strength"": ""1.8"", ""b-adapt"": ""0"", ""bframes"": ""8"", ""crf"": ""22.0"", ""ctu"": ""32"", ""keyint"": ""283"", ""limit-refs"": ""0"", ""limit-tu"": ""4"", ""me"": ""dia"", ""merange"": ""40"", ""open-gop"": ""0"", ""psy-rd"": ""0.0"", ""psy-rdoq"": ""1.5"", ""qcomp"": ""0.5"", ""qpmax"": ""36"", ""qpmin"": ""0"", ""rc-lookahead"": ""22"", ""rd"": ""6"", ""rdoq-level"": ""2"", ""rect"": ""0"", ""ref"": ""2"", ""rskip"": ""1"", ""sao"": ""0"", ""scenecut"": ""41"", ""subme"": ""4"", ""tu-inter-depth"": ""3"", ""tu-intra-depth"": ""1"", ""weightb"": ""0"", ""weightp"": ""1"", ""wpp"": ""0""}"
x265,lf09_hard01,"lambda_f=0.9, hard=0.1",16033,RQ3,56,22.92,13.31,22.92,13.63766860961914,"['Standard', '320p', 30, '10s']",0.0,13.637572526931763,0.0,"{""amp"": ""0"", ""aq-mode"": ""3"", ""aq-strength"": ""0.8"", ""b-adapt"": ""2"", ""bframes"": ""2"", ""crf"": ""28.0"", ""ctu"": ""16"", ""keyint"": ""336"", ""limit-refs"": ""3"", ""limit-tu"": ""3"", ""me"": ""umh"", ""merange"": ""56"", ""open-gop"": ""1"", ""psy-rd"": ""3.0"", ""psy-rdoq"": ""4.0"", ""qcomp"": ""0.9"", ""qpmax"": ""48"", ""qpmin"": ""16"", ""rc-lookahead"": ""19"", ""rd"": ""5"", ""rdoq-level"": ""1"", ""rect"": ""0"", ""ref"": ""3"", ""rskip"": ""1"", ""sao"": ""1"", ""scenecut"": ""5"", ""subme"": ""2"", ""tu-inter-depth"": ""2"", ""tu-intra-depth"": ""3"", ""weightb"": ""1"", ""weightp"": ""1"", ""wpp"": ""1""}"
x265,lf09_hard01,"lambda_f=0.9, hard=0.1",16033,RQ3,57,23.22,13.14,23.22,13.472408533096313,"['Standard', '320p', 30, '10s']",0.0,13.472312450408936,0.0,"{""amp"": ""1"", ""aq-mode"": ""3"", ""aq-strength"": ""0.8"", ""b-adapt"": ""2"", ""bframes"": ""5"", ""crf"": ""28.0"", ""ctu"": ""32"", ""keyint"": ""56"", ""limit-refs"": ""0"", ""limit-tu"": ""2"", ""me"": ""umh"", ""merange"": ""32"", ""open-gop"": ""0"", ""psy-rd"": ""1.0"", ""psy-rdoq"": ""3.0"", ""qcomp"": ""0.7"", ""qpmax"": ""51"", ""qpmin"": ""17"", ""rc-lookahead"": ""43"", ""rd"": ""4"", ""rdoq-level"": ""2"", ""rect"": ""1"", ""ref"": ""5"", ""rskip"": ""0"", ""sao"": ""1"", ""scenecut"": ""82"", ""subme"": ""5"", ""tu-inter-depth"": ""2"", ""tu-intra-depth"": ""2"", ""weightb"": ""1"", ""weightp"": ""1"", ""wpp"": ""1""}"
x265,lf09_hard01,"lambda_f=0.9, hard=0.1",16033,RQ3,58,50.53,6.07,50.53,6.399966239929199,"['Standard', '320p', 30, '10s']",0.0,6.399861574172974,0.0,"{""amp"": ""1"", ""aq-mode"": ""3"", ""aq-strength"": ""1.5"", ""b-adapt"": ""1"", ""bframes"": ""5"", ""crf"": ""25.0"", ""ctu"": ""16"", ""keyint"": ""159"", ""limit-refs"": ""2"", ""limit-tu"": ""3"", ""me"": ""hex"", ""merange"": ""30"", ""open-gop"": ""1"", ""psy-rd"": ""0.0"", ""psy-rdoq"": ""1.0"", ""qcomp"": ""0.9"", ""qpmax"": ""28"", ""qpmin"": ""16"", ""rc-lookahead"": ""46"", ""rd"": ""4"", ""rdoq-level"": ""0"", ""rect"": ""1"", ""ref"": ""4"", ""rskip"": ""1"", ""sao"": ""1"", ""scenecut"": ""20"", ""subme"": ""3"", ""tu-inter-depth"": ""3"", ""tu-intra-depth"": ""2"", ""weightb"": ""1"", ""weightp"": ""1"", ""wpp"": ""1""}"
x265,lf09_hard01,"lambda_f=0.9, hard=0.1",16033,RQ3,59,31.53,9.69,31.53,10.017650604248047,"['Standard', '320p', 30, '10s']",0.0,10.017553567886353,0.0,"{""amp"": ""0"", ""aq-mode"": ""3"", ""aq-strength"": ""0.8"", ""b-adapt"": ""0"", ""bframes"": ""2"", ""crf"": ""25.0"", ""ctu"": ""32"", ""keyint"": ""423"", ""limit-refs"": ""2"", ""limit-tu"": ""1"", ""me"": ""hex"", ""merange"": ""57"", ""open-gop"": ""0"", ""psy-rd"": ""2.0"", ""psy-rdoq"": ""1.0"", ""qcomp"": ""0.6"", ""qpmax"": ""28"", ""qpmin"": ""16"", ""rc-lookahead"": ""17"", ""rd"": ""4"", ""rdoq-level"": ""2"", ""rect"": ""1"", ""ref"": ""4"", ""rskip"": ""0"", ""sao"": ""0"", ""scenecut"": ""34"", ""subme"": ""2"", ""tu-inter-depth"": ""2"", ""tu-intra-depth"": ""4"", ""weightb"": ""1"", ""weightp"": ""1"", ""wpp"": ""1""}"
x265,lf09_hard01,"lambda_f=0.9, hard=0.1",16033,RQ3,60,33.65,9.09,33.65,9.424122095108032,"['Standard', '320p', 30, '10s']",0.0,9.424001932144165,0.0,"{""amp"": ""0"", ""aq-mode"": ""0"", ""aq-strength"": ""1.8"", ""b-adapt"": ""2"", ""bframes"": ""7"", ""crf"": ""20.0"", ""ctu"": ""64"", ""keyint"": ""462"", ""limit-refs"": ""2"", ""limit-tu"": ""2"", ""me"": ""hex"", ""merange"": ""47"", ""open-gop"": ""1"", ""psy-rd"": ""0.0"", ""psy-rdoq"": ""3.5"", ""qcomp"": ""0.9"", ""qpmax"": ""32"", ""qpmin"": ""18"", ""rc-lookahead"": ""38"", ""rd"": ""2"", ""rdoq-level"": ""2"", ""rect"": ""0"", ""ref"": ""3"", ""rskip"": ""0"", ""sao"": ""0"", ""scenecut"": ""53"", ""subme"": ""3"", ""tu-inter-depth"": ""2"", ""tu-intra-depth"": ""1"", ""weightb"": ""1"", ""weightp"": ""0"", ""wpp"": ""1""}"
x265,lf09_hard01,"lambda_f=0.9, hard=0.1",16033,RQ3,61,114.31,2.71,114.31,3.0999484062194824,"['Standard', '320p', 30, '10s']",0.0,3.099804401397705,0.0,"{""amp"": ""0"", ""aq-mode"": ""1"", ""aq-strength"": ""1.5"", ""b-adapt"": ""0"", ""bframes"": ""0"", ""crf"": ""28.0"", ""ctu"": ""16"", ""keyint"": ""179"", ""limit-refs"": ""1"", ""limit-tu"": ""4"", ""me"": ""full"", ""merange"": ""29"", ""open-gop"": ""0"", ""psy-rd"": ""0.0"", ""psy-rdoq"": ""0.0"", ""qcomp"": ""0.7"", ""qpmax"": ""51"", ""qpmin"": ""12"", ""rc-lookahead"": ""18"", ""rd"": ""2"", ""rdoq-level"": ""0"", ""rect"": ""0"", ""ref"": ""2"", ""rskip"": ""1"", ""sao"": ""1"", ""scenecut"": ""61"", ""subme"": ""1"", ""tu-inter-depth"": ""3"", ""tu-intra-depth"": ""3"", ""weightb"": ""1"", ""weightp"": ""1"", ""wpp"": ""0""}"
x265,lf09_hard01,"lambda_f=0.9, hard=0.1",16033,RQ3,62,9.04,33.67,9.04,34.01016283035278,"['Standard', '320p', 30, '10s']",0.0,34.01006102561951,0.0,"{""amp"": ""1"", ""aq-mode"": ""1"", ""aq-strength"": ""1.5"", ""b-adapt"": ""1"", ""bframes"": ""8"", ""crf"": ""30.0"", ""ctu"": ""64"", ""keyint"": ""188"", ""limit-refs"": ""0"", ""limit-tu"": ""4"", ""me"": ""star"", ""merange"": ""43"", ""open-gop"": ""1"", ""psy-rd"": ""2.0"", ""psy-rdoq"": ""3.0"", ""qcomp"": ""0.9"", ""qpmax"": ""23"", ""qpmin"": ""19"", ""rc-lookahead"": ""26"", ""rd"": ""4"", ""rdoq-level"": ""0"", ""rect"": ""1"", ""ref"": ""5"", ""rskip"": ""0"", ""sao"": ""1"", ""scenecut"": ""14"", ""subme"": ""5"", ""tu-inter-depth"": ""3"", ""tu-intra-depth"": ""2"", ""weightb"": ""1"", ""weightp"": ""1"", ""wpp"": ""0""}"
x265,lf09_hard01,"lambda_f=0.9, hard=0.1",16033,RQ3,63,37.91,8.07,37.91,8.420501947402954,"['Standard', '320p', 30, '10s']",0.0,8.42040228843689,0.0,"{""amp"": ""0"", ""aq-mode"": ""1"", ""aq-strength"": ""0.5"", ""b-adapt"": ""1"", ""bframes"": ""6"", ""crf"": ""20.0"", ""ctu"": ""32"", ""keyint"": ""373"", ""limit-refs"": ""2"", ""limit-tu"": ""3"", ""me"": ""umh"", ""merange"": ""27"", ""open-gop"": ""1"", ""psy-rd"": ""3.5"", ""psy-rdoq"": ""3.0"", ""qcomp"": ""0.75"", ""qpmax"": ""44"", ""qpmin"": ""19"", ""rc-lookahead"": ""19"", ""rd"": ""3"", ""rdoq-level"": ""0"", ""rect"": ""1"", ""ref"": ""4"", ""rskip"": ""1"", ""sao"": ""0"", ""scenecut"": ""91"", ""subme"": ""3"", ""tu-inter-depth"": ""1"", ""tu-intra-depth"": ""1"", ""weightb"": ""1"", ""weightp"": ""1"", ""wpp"": ""0""}"
x265,lf09_hard01,"lambda_f=0.9, hard=0.1",16033,RQ3,64,49.47,6.19,49.47,6.533174514770508,"['Standard', '320p', 30, '10s']",0.0,6.533076763153076,0.0,"{""amp"": ""1"", ""aq-mode"": ""0"", ""aq-strength"": ""1.5"", ""b-adapt"": ""0"", ""bframes"": ""4"", ""crf"": ""30.0"", ""ctu"": ""16"", ""keyint"": ""407"", ""limit-refs"": ""1"", ""limit-tu"": ""1"", ""me"": ""hex"", ""merange"": ""42"", ""open-gop"": ""0"", ""psy-rd"": ""1.5"", ""psy-rdoq"": ""1.5"", ""qcomp"": ""0.6"", ""qpmax"": ""21"", ""qpmin"": ""7"", ""rc-lookahead"": ""17"", ""rd"": ""4"", ""rdoq-level"": ""0"", ""rect"": ""0"", ""ref"": ""2"", ""rskip"": ""1"", ""sao"": ""1"", ""scenecut"": ""74"", ""subme"": ""4"", ""tu-inter-depth"": ""1"", ""tu-intra-depth"": ""3"", ""weightb"": ""1"", ""weightp"": ""0"", ""wpp"": ""1""}"
x265,lf09_hard01,"lambda_f=0.9, hard=0.1",16033,RQ3,65,39.53,7.75,39.53,8.084336519241333,"['Standard', '320p', 30, '10s']",0.0,8.084240674972534,0.0,"{""amp"": ""1"", ""aq-mode"": ""3"", ""aq-strength"": ""1.2"", ""b-adapt"": ""0"", ""bframes"": ""8"", ""crf"": ""28.0"", ""ctu"": ""16"", ""keyint"": ""266"", ""limit-refs"": ""1"", ""limit-tu"": ""3"", ""me"": ""full"", ""merange"": ""18"", ""open-gop"": ""1"", ""psy-rd"": ""1.5"", ""psy-rdoq"": ""0.5"", ""qcomp"": ""0.75"", ""qpmax"": ""36"", ""qpmin"": ""3"", ""rc-lookahead"": ""56"", ""rd"": ""3"", ""rdoq-level"": ""0"", ""rect"": ""1"", ""ref"": ""3"", ""rskip"": ""1"", ""sao"": ""1"", ""scenecut"": ""17"", ""subme"": ""2"", ""tu-inter-depth"": ""2"", ""tu-intra-depth"": ""3"", ""weightb"": ""1"", ""weightp"": ""0"", ""wpp"": ""0""}"
x265,lf09_hard01,"lambda_f=0.9, hard=0.1",16033,RQ3,66,29.77,10.26,29.77,10.602355241775513,"['Standard', '320p', 30, '10s']",0.0,10.602260112762451,0.0,"{""amp"": ""0"", ""aq-mode"": ""0"", ""aq-strength"": ""0.5"", ""b-adapt"": ""0"", ""bframes"": ""6"", ""crf"": ""18.0"", ""ctu"": ""32"", ""keyint"": ""87"", ""limit-refs"": ""2"", ""limit-tu"": ""0"", ""me"": ""umh"", ""merange"": ""23"", ""open-gop"": ""0"", ""psy-rd"": ""4.0"", ""psy-rdoq"": ""2.0"", ""qcomp"": ""0.8"", ""qpmax"": ""46"", ""qpmin"": ""6"", ""rc-lookahead"": ""24"", ""rd"": ""3"", ""rdoq-level"": ""0"", ""rect"": ""0"", ""ref"": ""3"", ""rskip"": ""0"", ""sao"": ""0"", ""scenecut"": ""45"", ""subme"": ""4"", ""tu-inter-depth"": ""3"", ""tu-intra-depth"": ""3"", ""weightb"": ""1"", ""weightp"": ""0"", ""wpp"": ""1""}"
x265,lf09_hard01,"lambda_f=0.9, hard=0.1",16033,RQ3,67,2.44,124.72,2.44,125.05594563484192,"['Standard', '320p', 30, '10s']",0.0,125.05583906173706,0.0,"{""amp"": ""0"", ""aq-mode"": ""3"", ""aq-strength"": ""0.5"", ""b-adapt"": ""0"", ""bframes"": ""3"", ""crf"": ""20.0"", ""ctu"": ""32"", ""keyint"": ""370"", ""limit-refs"": ""2"", ""limit-tu"": ""1"", ""me"": ""full"", ""merange"": ""39"", ""open-gop"": ""1"", ""psy-rd"": ""0.5"", ""psy-rdoq"": ""4.0"", ""qcomp"": ""0.6"", ""qpmax"": ""41"", ""qpmin"": ""20"", ""rc-lookahead"": ""22"", ""rd"": ""6"", ""rdoq-level"": ""2"", ""rect"": ""1"", ""ref"": ""5"", ""rskip"": ""1"", ""sao"": ""1"", ""scenecut"": ""32"", ""subme"": ""2"", ""tu-inter-depth"": ""3"", ""tu-intra-depth"": ""2"", ""weightb"": ""1"", ""weightp"": ""1"", ""wpp"": ""0""}"
x265,lf09_hard01,"lambda_f=0.9, hard=0.1",16033,RQ3,68,41.79,7.33,41.79,7.6645026206970215,"['Standard', '320p', 30, '10s']",0.0,7.6644110679626465,0.0,"{""amp"": ""1"", ""aq-mode"": ""2"", ""aq-strength"": ""0.5"", ""b-adapt"": ""1"", ""bframes"": ""7"", ""crf"": ""20.0"", ""ctu"": ""64"", ""keyint"": ""257"", ""limit-refs"": ""1"", ""limit-tu"": ""3"", ""me"": ""dia"", ""merange"": ""46"", ""open-gop"": ""0"", ""psy-rd"": ""2.0"", ""psy-rdoq"": ""3.0"", ""qcomp"": ""0.8"", ""qpmax"": ""41"", ""qpmin"": ""1"", ""rc-lookahead"": ""43"", ""rd"": ""3"", ""rdoq-level"": ""0"", ""rect"": ""0"", ""ref"": ""5"", ""rskip"": ""0"", ""sao"": ""0"", ""scenecut"": ""54"", ""subme"": ""3"", ""tu-inter-depth"": ""1"", ""tu-intra-depth"": ""4"", ""weightb"": ""1"", ""weightp"": ""0"", ""wpp"": ""0""}"
x265,lf09_hard01,"lambda_f=0.9, hard=0.1",16033,RQ3,69,58.16,5.29,58.16,5.63122820854187,"['Standard', '320p', 30, '10s']",0.0,5.631124258041382,0.0,"{""amp"": ""0"", ""aq-mode"": ""4"", ""aq-strength"": ""2.0"", ""b-adapt"": ""2"", ""bframes"": ""4"", ""crf"": ""22.0"", ""ctu"": ""16"", ""keyint"": ""486"", ""limit-refs"": ""2"", ""limit-tu"": ""3"", ""me"": ""umh"", ""merange"": ""51"", ""open-gop"": ""1"", ""psy-rd"": ""3.0"", ""psy-rdoq"": ""2.0"", ""qcomp"": ""0.9"", ""qpmax"": ""40"", ""qpmin"": ""10"", ""rc-lookahead"": ""48"", ""rd"": ""4"", ""rdoq-level"": ""0"", ""rect"": ""0"", ""ref"": ""3"", ""rskip"": ""1"", ""sao"": ""1"", ""scenecut"": ""1"", ""subme"": ""5"", ""tu-inter-depth"": ""2"", ""tu-intra-depth"": ""3"", ""weightb"": ""0"", ""weightp"": ""1"", ""wpp"": ""0""}"
x265,lf09_hard01,"lambda_f=0.9, hard=0.1",16033,RQ3,70,6.5,46.86,6.5,47.19621920585632,"['Standard', '320p', 30, '10s']",0.0,47.196120262145996,0.0,"{""amp"": ""0"", ""aq-mode"": ""0"", ""aq-strength"": ""1.0"", ""b-adapt"": ""1"", ""bframes"": ""2"", ""crf"": ""20.0"", ""ctu"": ""32"", ""keyint"": ""272"", ""limit-refs"": ""1"", ""limit-tu"": ""1"", ""me"": ""hex"", ""merange"": ""59"", ""open-gop"": ""0"", ""psy-rd"": ""0.5"", ""psy-rdoq"": ""3.5"", ""qcomp"": ""0.6"", ""qpmax"": ""28"", ""qpmin"": ""2"", ""rc-lookahead"": ""41"", ""rd"": ""6"", ""rdoq-level"": ""2"", ""rect"": ""1"", ""ref"": ""2"", ""rskip"": ""0"", ""sao"": ""0"", ""scenecut"": ""54"", ""subme"": ""3"", ""tu-inter-depth"": ""3"", ""tu-intra-depth"": ""4"", ""weightb"": ""0"", ""weightp"": ""0"", ""wpp"": ""0""}"
x265,lf09_hard01,"lambda_f=0.9, hard=0.1",16033,RQ3,71,43.06,7.11,43.06,7.442854881286621,"['Standard', '320p', 30, '10s']",0.0,7.442762136459351,0.0,"{""amp"": ""1"", ""aq-mode"": ""4"", ""aq-strength"": ""1.2"", ""b-adapt"": ""2"", ""bframes"": ""3"", ""crf"": ""25.0"", ""ctu"": ""32"", ""keyint"": ""237"", ""limit-refs"": ""3"", ""limit-tu"": ""1"", ""me"": ""star"", ""merange"": ""38"", ""open-gop"": ""1"", ""psy-rd"": ""3.5"", ""psy-rdoq"": ""2.5"", ""qcomp"": ""0.75"", ""qpmax"": ""32"", ""qpmin"": ""0"", ""rc-lookahead"": ""22"", ""rd"": ""3"", ""rdoq-level"": ""0"", ""rect"": ""1"", ""ref"": ""1"", ""rskip"": ""0"", ""sao"": ""1"", ""scenecut"": ""22"", ""subme"": ""2"", ""tu-inter-depth"": ""2"", ""tu-intra-depth"": ""1"", ""weightb"": ""0"", ""weightp"": ""1"", ""wpp"": ""1""}"
x265,lf09_hard01,"lambda_f=0.9, hard=0.1",16033,RQ3,72,19.68,15.5,19.68,15.844878196716309,"['Standard', '320p', 30, '10s']",0.0,15.844783782958984,0.0,"{""amp"": ""1"", ""aq-mode"": ""0"", ""aq-strength"": ""0.5"", ""b-adapt"": ""2"", ""bframes"": ""8"", ""crf"": ""20.0"", ""ctu"": ""32"", ""keyint"": ""264"", ""limit-refs"": ""0"", ""limit-tu"": ""3"", ""me"": ""hex"", ""merange"": ""27"", ""open-gop"": ""0"", ""psy-rd"": ""4.0"", ""psy-rdoq"": ""1.5"", ""qcomp"": ""0.5"", ""qpmax"": ""35"", ""qpmin"": ""14"", ""rc-lookahead"": ""50"", ""rd"": ""4"", ""rdoq-level"": ""1"", ""rect"": ""1"", ""ref"": ""4"", ""rskip"": ""0"", ""sao"": ""1"", ""scenecut"": ""88"", ""subme"": ""1"", ""tu-inter-depth"": ""2"", ""tu-intra-depth"": ""1"", ""weightb"": ""0"", ""weightp"": ""0"", ""wpp"": ""0""}"
x265,lf09_hard01,"lambda_f=0.9, hard=0.1",16033,RQ3,73,31.52,9.7,31.52,10.031973838806152,"['Standard', '320p', 30, '10s']",0.0,10.031880378723145,0.0,"{""amp"": ""0"", ""aq-mode"": ""3"", ""aq-strength"": ""0.0"", ""b-adapt"": ""2"", ""bframes"": ""3"", ""crf"": ""32.0"", ""ctu"": ""32"", ""keyint"": ""369"", ""limit-refs"": ""1"", ""limit-tu"": ""0"", ""me"": ""umh"", ""merange"": ""43"", ""open-gop"": ""1"", ""psy-rd"": ""0.0"", ""psy-rdoq"": ""4.5"", ""qcomp"": ""0.8"", ""qpmax"": ""30"", ""qpmin"": ""4"", ""rc-lookahead"": ""32"", ""rd"": ""3"", ""rdoq-level"": ""1"", ""rect"": ""0"", ""ref"": ""1"", ""rskip"": ""0"", ""sao"": ""0"", ""scenecut"": ""99"", ""subme"": ""4"", ""tu-inter-depth"": ""3"", ""tu-intra-depth"": ""3"", ""weightb"": ""0"", ""weightp"": ""0"", ""wpp"": ""0""}"
x265,lf09_hard01,"lambda_f=0.9, hard=0.1",16033,RQ3,74,25.95,11.77,25.95,12.105126857757568,"['Standard', '320p', 30, '10s']",0.0,12.105020761489868,0.0,"{""amp"": ""0"", ""aq-mode"": ""0"", ""aq-strength"": ""1.2"", ""b-adapt"": ""1"", ""bframes"": ""7"", ""crf"": ""30.0"", ""ctu"": ""64"", ""keyint"": ""37"", ""limit-refs"": ""1"", ""limit-tu"": ""0"", ""me"": ""hex"", ""merange"": ""38"", ""open-gop"": ""0"", ""psy-rd"": ""2.0"", ""psy-rdoq"": ""3.5"", ""qcomp"": ""1.0"", ""qpmax"": ""51"", ""qpmin"": ""2"", ""rc-lookahead"": ""35"", ""rd"": ""3"", ""rdoq-level"": ""2"", ""rect"": ""0"", ""ref"": ""1"", ""rskip"": ""0"", ""sao"": ""1"", ""scenecut"": ""55"", ""subme"": ""4"", ""tu-inter-depth"": ""4"", ""tu-intra-depth"": ""2"", ""weightb"": ""1"", ""weightp"": ""0"", ""wpp"": ""1""}"
x265,lf09_hard01,"lambda_f=0.9, hard=0.1",16033,RQ3,75,9.6,31.72,9.6,32.066405296325684,"['Standard', '320p', 30, '10s']",0.0,32.066304445266724,0.0,"{""amp"": ""0"", ""aq-mode"": ""2"", ""aq-strength"": ""0.8"", ""b-adapt"": ""2"", ""bframes"": ""5"", ""crf"": ""20.0"", ""ctu"": ""16"", ""keyint"": ""176"", ""limit-refs"": ""3"", ""limit-tu"": ""2"", ""me"": ""umh"", ""merange"": ""22"", ""open-gop"": ""1"", ""psy-rd"": ""1.0"", ""psy-rdoq"": ""1.0"", ""qcomp"": ""0.75"", ""qpmax"": ""25"", ""qpmin"": ""4"", ""rc-lookahead"": ""56"", ""rd"": ""5"", ""rdoq-level"": ""1"", ""rect"": ""1"", ""ref"": ""4"", ""rskip"": ""1"", ""sao"": ""1"", ""scenecut"": ""79"", ""subme"": ""4"", ""tu-inter-depth"": ""3"", ""tu-intra-depth"": ""3"", ""weightb"": ""1"", ""weightp"": ""0"", ""wpp"": ""1""}"
x265,lf09_hard01,"lambda_f=0.9, hard=0.1",16033,RQ3,76,3.08,98.6,3.08,98.94703412055969,"['Standard', '320p', 30, '10s']",0.0,98.9469313621521,0.0,"{""amp"": ""0"", ""aq-mode"": ""3"", ""aq-strength"": ""1.5"", ""b-adapt"": ""0"", ""bframes"": ""4"", ""crf"": ""22.0"", ""ctu"": ""16"", ""keyint"": ""31"", ""limit-refs"": ""3"", ""limit-tu"": ""4"", ""me"": ""full"", ""merange"": ""47"", ""open-gop"": ""0"", ""psy-rd"": ""0.0"", ""psy-rdoq"": ""1.5"", ""qcomp"": ""1.0"", ""qpmax"": ""50"", ""qpmin"": ""13"", ""rc-lookahead"": ""27"", ""rd"": ""6"", ""rdoq-level"": ""2"", ""rect"": ""0"", ""ref"": ""2"", ""rskip"": ""1"", ""sao"": ""0"", ""scenecut"": ""18"", ""subme"": ""1"", ""tu-inter-depth"": ""1"", ""tu-intra-depth"": ""2"", ""weightb"": ""1"", ""weightp"": ""0"", ""wpp"": ""0""}"
x265,lf09_hard01,"lambda_f=0.9, hard=0.1",16033,RQ3,77,33.52,9.12,33.52,9.462145566940308,"['Standard', '320p', 30, '10s']",0.0,9.462034940719604,0.0,"{""amp"": ""1"", ""aq-mode"": ""3"", ""aq-strength"": ""0.8"", ""b-adapt"": ""1"", ""bframes"": ""5"", ""crf"": ""25.0"", ""ctu"": ""32"", ""keyint"": ""413"", ""limit-refs"": ""3"", ""limit-tu"": ""4"", ""me"": ""dia"", ""merange"": ""43"", ""open-gop"": ""1"", ""psy-rd"": ""2.5"", ""psy-rdoq"": ""5.0"", ""qcomp"": ""0.5"", ""qpmax"": ""39"", ""qpmin"": ""14"", ""rc-lookahead"": ""33"", ""rd"": ""4"", ""rdoq-level"": ""2"", ""rect"": ""1"", ""ref"": ""5"", ""rskip"": ""0"", ""sao"": ""1"", ""scenecut"": ""40"", ""subme"": ""3"", ""tu-inter-depth"": ""3"", ""tu-intra-depth"": ""3"", ""weightb"": ""1"", ""weightp"": ""0"", ""wpp"": ""0""}"
x265,lf09_hard01,"lambda_f=0.9, hard=0.1",16033,RQ3,78,21.49,14.2,21.49,14.54320216178894,"['Standard', '320p', 30, '10s']",0.0,14.543106317520142,0.0,"{""amp"": ""1"", ""aq-mode"": ""0"", ""aq-strength"": ""0.8"", ""b-adapt"": ""0"", ""bframes"": ""3"", ""crf"": ""20.0"", ""ctu"": ""64"", ""keyint"": ""347"", ""limit-refs"": ""3"", ""limit-tu"": ""1"", ""me"": ""hex"", ""merange"": ""26"", ""open-gop"": ""1"", ""psy-rd"": ""1.5"", ""psy-rdoq"": ""2.0"", ""qcomp"": ""0.8"", ""qpmax"": ""49"", ""qpmin"": ""10"", ""rc-lookahead"": ""53"", ""rd"": ""4"", ""rdoq-level"": ""1"", ""rect"": ""0"", ""ref"": ""5"", ""rskip"": ""0"", ""sao"": ""1"", ""scenecut"": ""19"", ""subme"": ""3"", ""tu-inter-depth"": ""4"", ""tu-intra-depth"": ""1"", ""weightb"": ""1"", ""weightp"": ""1"", ""wpp"": ""0""}"
x265,lf09_hard01,"lambda_f=0.9, hard=0.1",16033,RQ3,79,25.86,11.81,25.86,12.157581806182861,"['Standard', '320p', 30, '10s']",0.0,12.157481670379639,0.0,"{""amp"": ""1"", ""aq-mode"": ""2"", ""aq-strength"": ""0.8"", ""b-adapt"": ""2"", ""bframes"": ""7"", ""crf"": ""22.0"", ""ctu"": ""32"", ""keyint"": ""408"", ""limit-refs"": ""3"", ""limit-tu"": ""2"", ""me"": ""umh"", ""merange"": ""24"", ""open-gop"": ""0"", ""psy-rd"": ""0.5"", ""psy-rdoq"": ""4.0"", ""qcomp"": ""0.8"", ""qpmax"": ""46"", ""qpmin"": ""12"", ""rc-lookahead"": ""21"", ""rd"": ""4"", ""rdoq-level"": ""2"", ""rect"": ""1"", ""ref"": ""2"", ""rskip"": ""0"", ""sao"": ""1"", ""scenecut"": ""5"", ""subme"": ""3"", ""tu-inter-depth"": ""4"", ""tu-intra-depth"": ""3"", ""weightb"": ""0"", ""weightp"": ""0"", ""wpp"": ""1""}"
x265,lf09_hard01,"lambda_f=0.9, hard=0.1",16033,RQ3,80,13.95,21.85,13.95,22.187687873840332,"['Standard', '320p', 30, '10s']",0.0,22.18759298324585,0.0,"{""amp"": ""0"", ""aq-mode"": ""3"", ""aq-strength"": ""1.0"", ""b-adapt"": ""1"", ""bframes"": ""1"", ""crf"": ""30.0"", ""ctu"": ""64"", ""keyint"": ""366"", ""limit-refs"": ""3"", ""limit-tu"": ""3"", ""me"": ""full"", ""merange"": ""33"", ""open-gop"": ""0"", ""psy-rd"": ""0.5"", ""psy-rdoq"": ""3.0"", ""qcomp"": ""0.5"", ""qpmax"": ""31"", ""qpmin"": ""19"", ""rc-lookahead"": ""26"", ""rd"": ""4"", ""rdoq-level"": ""0"", ""rect"": ""1"", ""ref"": ""2"", ""rskip"": ""1"", ""sao"": ""0"", ""scenecut"": ""5"", ""subme"": ""2"", ""tu-inter-depth"": ""1"", ""tu-intra-depth"": ""3"", ""weightb"": ""1"", ""weightp"": ""1"", ""wpp"": ""0""}"
x265,lf09_hard01,"lambda_f=0.9, hard=0.1",16033,RQ3,81,38.14,8.03,38.14,8.368539333343506,"['Standard', '320p', 30, '10s']",0.0,8.368440866470337,0.0,"{""amp"": ""0"", ""aq-mode"": ""3"", ""aq-strength"": ""0.8"", ""b-adapt"": ""1"", ""bframes"": ""4"", ""crf"": ""25.0"", ""ctu"": ""64"", ""keyint"": ""463"", ""limit-refs"": ""1"", ""limit-tu"": ""2"", ""me"": ""full"", ""merange"": ""22"", ""open-gop"": ""0"", ""psy-rd"": ""3.0"", ""psy-rdoq"": ""2.0"", ""qcomp"": ""0.5"", ""qpmax"": ""50"", ""qpmin"": ""12"", ""rc-lookahead"": ""51"", ""rd"": ""3"", ""rdoq-level"": ""0"", ""rect"": ""0"", ""ref"": ""3"", ""rskip"": ""0"", ""sao"": ""0"", ""scenecut"": ""22"", ""subme"": ""2"", ""tu-inter-depth"": ""1"", ""tu-intra-depth"": ""2"", ""weightb"": ""0"", ""weightp"": ""0"", ""wpp"": ""0""}"
x265,lf09_hard01,"lambda_f=0.9, hard=0.1",16033,RQ3,82,19.93,15.3,19.93,15.642229795455933,"['Standard', '320p', 30, '10s']",0.0,15.642114162445068,0.0,"{""amp"": ""1"", ""aq-mode"": ""0"", ""aq-strength"": ""1.8"", ""b-adapt"": ""1"", ""bframes"": ""3"", ""crf"": ""20.0"", ""ctu"": ""32"", ""keyint"": ""235"", ""limit-refs"": ""0"", ""limit-tu"": ""2"", ""me"": ""star"", ""merange"": ""61"", ""open-gop"": ""0"", ""psy-rd"": ""1.0"", ""psy-rdoq"": ""2.0"", ""qcomp"": ""0.7"", ""qpmax"": ""47"", ""qpmin"": ""13"", ""rc-lookahead"": ""38"", ""rd"": ""3"", ""rdoq-level"": ""0"", ""rect"": ""1"", ""ref"": ""3"", ""rskip"": ""0"", ""sao"": ""1"", ""scenecut"": ""61"", ""subme"": ""3"", ""tu-inter-depth"": ""3"", ""tu-intra-depth"": ""4"", ""weightb"": ""1"", ""weightp"": ""1"", ""wpp"": ""1""}"
x265,lf09_hard01,"lambda_f=0.9, hard=0.1",16033,RQ3,83,16.4,18.59,16.4,18.939122200012207,"['Standard', '320p', 30, '10s']",0.0,18.939013242721558,0.0,"{""amp"": ""1"", ""aq-mode"": ""3"", ""aq-strength"": ""0.5"", ""b-adapt"": ""1"", ""bframes"": ""4"", ""crf"": ""20.0"", ""ctu"": ""32"", ""keyint"": ""286"", ""limit-refs"": ""1"", ""limit-tu"": ""3"", ""me"": ""star"", ""merange"": ""32"", ""open-gop"": ""1"", ""psy-rd"": ""1.0"", ""psy-rdoq"": ""3.5"", ""qcomp"": ""0.5"", ""qpmax"": ""23"", ""qpmin"": ""9"", ""rc-lookahead"": ""42"", ""rd"": ""3"", ""rdoq-level"": ""2"", ""rect"": ""1"", ""ref"": ""6"", ""rskip"": ""1"", ""sao"": ""1"", ""scenecut"": ""23"", ""subme"": ""2"", ""tu-inter-depth"": ""1"", ""tu-intra-depth"": ""2"", ""weightb"": ""1"", ""weightp"": ""1"", ""wpp"": ""0""}"
x265,lf09_hard01,"lambda_f=0.9, hard=0.1",16033,RQ3,84,30.18,10.12,30.18,10.459630966186523,"['Standard', '320p', 30, '10s']",0.0,10.459527969360352,0.0,"{""amp"": ""1"", ""aq-mode"": ""3"", ""aq-strength"": ""0.5"", ""b-adapt"": ""1"", ""bframes"": ""4"", ""crf"": ""18.0"", ""ctu"": ""16"", ""keyint"": ""300"", ""limit-refs"": ""2"", ""limit-tu"": ""1"", ""me"": ""dia"", ""merange"": ""23"", ""open-gop"": ""1"", ""psy-rd"": ""2.0"", ""psy-rdoq"": ""2.5"", ""qcomp"": ""0.75"", ""qpmax"": ""37"", ""qpmin"": ""5"", ""rc-lookahead"": ""32"", ""rd"": ""4"", ""rdoq-level"": ""1"", ""rect"": ""1"", ""ref"": ""4"", ""rskip"": ""1"", ""sao"": ""0"", ""scenecut"": ""44"", ""subme"": ""1"", ""tu-inter-depth"": ""1"", ""tu-intra-depth"": ""1"", ""weightb"": ""0"", ""weightp"": ""1"", ""wpp"": ""1""}"
x265,lf09_hard01,"lambda_f=0.9, hard=0.1",16033,RQ3,85,140.17,2.22,140.17,2.5490665435791016,"['Standard', '320p', 30, '10s']",0.0,2.5489730834960938,0.0,"{""amp"": ""1"", ""aq-mode"": ""3"", ""aq-strength"": ""1.0"", ""b-adapt"": ""1"", ""bframes"": ""1"", ""crf"": ""30.0"", ""ctu"": ""32"", ""keyint"": ""185"", ""limit-refs"": ""3"", ""limit-tu"": ""3"", ""me"": ""umh"", ""merange"": ""36"", ""open-gop"": ""0"", ""psy-rd"": ""0.0"", ""psy-rdoq"": ""1.0"", ""qcomp"": ""0.9"", ""qpmax"": ""43"", ""qpmin"": ""12"", ""rc-lookahead"": ""22"", ""rd"": ""4"", ""rdoq-level"": ""0"", ""rect"": ""0"", ""ref"": ""4"", ""rskip"": ""1"", ""sao"": ""0"", ""scenecut"": ""98"", ""subme"": ""2"", ""tu-inter-depth"": ""2"", ""tu-intra-depth"": ""2"", ""weightb"": ""1"", ""weightp"": ""0"", ""wpp"": ""1""}"
x265,lf09_hard01,"lambda_f=0.9, hard=0.1",16033,RQ3,86,37.0,8.27,37.0,8.82796859741211,"['Standard', '320p', 30, '10s']",0.0,8.82786226272583,0.0,"{""amp"": ""0"", ""aq-mode"": ""0"", ""aq-strength"": ""0.0"", ""b-adapt"": ""1"", ""bframes"": ""6"", ""crf"": ""25.0"", ""ctu"": ""32"", ""keyint"": ""280"", ""limit-refs"": ""0"", ""limit-tu"": ""1"", ""me"": ""umh"", ""merange"": ""27"", ""open-gop"": ""1"", ""psy-rd"": ""3.0"", ""psy-rdoq"": ""1.0"", ""qcomp"": ""0.6"", ""qpmax"": ""33"", ""qpmin"": ""8"", ""rc-lookahead"": ""55"", ""rd"": ""4"", ""rdoq-level"": ""2"", ""rect"": ""0"", ""ref"": ""3"", ""rskip"": ""0"", ""sao"": ""1"", ""scenecut"": ""55"", ""subme"": ""2"", ""tu-inter-depth"": ""2"", ""tu-intra-depth"": ""3"", ""weightb"": ""0"", ""weightp"": ""1"", ""wpp"": ""1""}"
x265,lf09_hard01,"lambda_f=0.9, hard=0.1",16033,RQ3,87,24.25,12.59,24.25,12.927219867706299,"['Standard', '320p', 30, '10s']",0.0,12.927123546600342,0.0,"{""amp"": ""0"", ""aq-mode"": ""2"", ""aq-strength"": ""1.8"", ""b-adapt"": ""1"", ""bframes"": ""8"", ""crf"": ""20.0"", ""ctu"": ""32"", ""keyint"": ""479"", ""limit-refs"": ""2"", ""limit-tu"": ""0"", ""me"": ""dia"", ""merange"": ""21"", ""open-gop"": ""0"", ""psy-rd"": ""2.5"", ""psy-rdoq"": ""1.5"", ""qcomp"": ""0.6"", ""qpmax"": ""32"", ""qpmin"": ""1"", ""rc-lookahead"": ""23"", ""rd"": ""3"", ""rdoq-level"": ""1"", ""rect"": ""1"", ""ref"": ""5"", ""rskip"": ""0"", ""sao"": ""0"", ""scenecut"": ""93"", ""subme"": ""2"", ""tu-inter-depth"": ""2"", ""tu-intra-depth"": ""3"", ""weightb"": ""0"", ""weightp"": ""1"", ""wpp"": ""1""}"
x265,lf09_hard01,"lambda_f=0.9, hard=0.1",16033,RQ3,88,71.06,4.34,71.06,4.677255392074585,"['Standard', '320p', 30, '10s']",0.0,4.677157163619995,0.0,"{""amp"": ""1"", ""aq-mode"": ""3"", ""aq-strength"": ""2.0"", ""b-adapt"": ""1"", ""bframes"": ""6"", ""crf"": ""32.0"", ""ctu"": ""64"", ""keyint"": ""235"", ""limit-refs"": ""3"", ""limit-tu"": ""3"", ""me"": ""umh"", ""merange"": ""36"", ""open-gop"": ""0"", ""psy-rd"": ""4.0"", ""psy-rdoq"": ""5.0"", ""qcomp"": ""1.0"", ""qpmax"": ""43"", ""qpmin"": ""12"", ""rc-lookahead"": ""33"", ""rd"": ""4"", ""rdoq-level"": ""1"", ""rect"": ""0"", ""ref"": ""4"", ""rskip"": ""1"", ""sao"": ""0"", ""scenecut"": ""99"", ""subme"": ""2"", ""tu-inter-depth"": ""2"", ""tu-intra-depth"": ""2"", ""weightb"": ""1"", ""weightp"": ""0"", ""wpp"": ""0""}"
x265,lf09_hard01,"lambda_f=0.9, hard=0.1",16033,RQ3,89,102.92,3.01,102.92,3.3422131538391113,"['Standard', '320p', 30, '10s']",0.0,3.342116117477417,0.0,"{""amp"": ""1"", ""aq-mode"": ""0"", ""aq-strength"": ""2.0"", ""b-adapt"": ""1"", ""bframes"": ""1"", ""crf"": ""32.0"", ""ctu"": ""64"", ""keyint"": ""185"", ""limit-refs"": ""3"", ""limit-tu"": ""3"", ""me"": ""umh"", ""merange"": ""34"", ""open-gop"": ""0"", ""psy-rd"": ""4.0"", ""psy-rdoq"": ""5.0"", ""qcomp"": ""1.0"", ""qpmax"": ""43"", ""qpmin"": ""12"", ""rc-lookahead"": ""22"", ""rd"": ""4"", ""rdoq-level"": ""0"", ""rect"": ""0"", ""ref"": ""3"", ""rskip"": ""1"", ""sao"": ""0"", ""scenecut"": ""57"", ""subme"": ""2"", ""tu-inter-depth"": ""2"", ""tu-intra-depth"": ""2"", ""weightb"": ""1"", ""weightp"": ""0"", ""wpp"": ""1""}"
x265,lf09_hard01,"lambda_f=0.9, hard=0.1",16033,RQ3,90,37.17,8.23,37.17,8.5777108669281,"['Standard', '320p', 30, '10s']",0.0,8.577611684799194,0.0,"{""amp"": ""1"", ""aq-mode"": ""3"", ""aq-strength"": ""0.5"", ""b-adapt"": ""0"", ""bframes"": ""2"", ""crf"": ""18.0"", ""ctu"": ""32"", ""keyint"": ""236"", ""limit-refs"": ""1"", ""limit-tu"": ""2"", ""me"": ""hex"", ""merange"": ""53"", ""open-gop"": ""1"", ""psy-rd"": ""3.5"", ""psy-rdoq"": ""4.0"", ""qcomp"": ""1.0"", ""qpmax"": ""42"", ""qpmin"": ""8"", ""rc-lookahead"": ""53"", ""rd"": ""4"", ""rdoq-level"": ""0"", ""rect"": ""0"", ""ref"": ""3"", ""rskip"": ""0"", ""sao"": ""0"", ""scenecut"": ""73"", ""subme"": ""1"", ""tu-inter-depth"": ""2"", ""tu-intra-depth"": ""3"", ""weightb"": ""1"", ""weightp"": ""0"", ""wpp"": ""1""}"
x265,lf09_hard01,"lambda_f=0.9, hard=0.1",16033,RQ3,91,12.29,24.79,12.29,25.127742528915405,"['Standard', '320p', 30, '10s']",0.0,25.127641916275024,0.0,"{""amp"": ""0"", ""aq-mode"": ""2"", ""aq-strength"": ""1.2"", ""b-adapt"": ""2"", ""bframes"": ""4"", ""crf"": ""20.0"", ""ctu"": ""32"", ""keyint"": ""175"", ""limit-refs"": ""1"", ""limit-tu"": ""1"", ""me"": ""hex"", ""merange"": ""58"", ""open-gop"": ""0"", ""psy-rd"": ""1.0"", ""psy-rdoq"": ""2.5"", ""qcomp"": ""0.8"", ""qpmax"": ""37"", ""qpmin"": ""5"", ""rc-lookahead"": ""40"", ""rd"": ""6"", ""rdoq-level"": ""1"", ""rect"": ""0"", ""ref"": ""4"", ""rskip"": ""0"", ""sao"": ""0"", ""scenecut"": ""9"", ""subme"": ""1"", ""tu-inter-depth"": ""1"", ""tu-intra-depth"": ""3"", ""weightb"": ""1"", ""weightp"": ""1"", ""wpp"": ""0""}"
x265,lf09_hard01,"lambda_f=0.9, hard=0.1",16033,RQ3,92,62.92,4.9,62.92,5.293908596038818,"['Standard', '320p', 30, '10s']",0.0,5.293762445449829,0.0,"{""amp"": ""1"", ""aq-mode"": ""2"", ""aq-strength"": ""1.5"", ""b-adapt"": ""1"", ""bframes"": ""4"", ""crf"": ""30.0"", ""ctu"": ""64"", ""keyint"": ""205"", ""limit-refs"": ""2"", ""limit-tu"": ""2"", ""me"": ""dia"", ""merange"": ""35"", ""open-gop"": ""1"", ""psy-rd"": ""3.5"", ""psy-rdoq"": ""4.0"", ""qcomp"": ""0.5"", ""qpmax"": ""47"", ""qpmin"": ""7"", ""rc-lookahead"": ""58"", ""rd"": ""3"", ""rdoq-level"": ""0"", ""rect"": ""1"", ""ref"": ""5"", ""rskip"": ""1"", ""sao"": ""1"", ""scenecut"": ""41"", ""subme"": ""4"", ""tu-inter-depth"": ""4"", ""tu-intra-depth"": ""4"", ""weightb"": ""0"", ""weightp"": ""1"", ""wpp"": ""0""}"
x265,lf09_hard01,"lambda_f=0.9, hard=0.1",16033,RQ3,93,34.7,8.81,34.7,9.153559446334839,"['Standard', '320p', 30, '10s']",0.0,9.153407096862793,0.0,"{""amp"": ""0"", ""aq-mode"": ""4"", ""aq-strength"": ""1.0"", ""b-adapt"": ""1"", ""bframes"": ""4"", ""crf"": ""20.0"", ""ctu"": ""32"", ""keyint"": ""171"", ""limit-refs"": ""2"", ""limit-tu"": ""0"", ""me"": ""star"", ""merange"": ""46"", ""open-gop"": ""0"", ""psy-rd"": ""2.5"", ""psy-rdoq"": ""4.0"", ""qcomp"": ""0.75"", ""qpmax"": ""24"", ""qpmin"": ""15"", ""rc-lookahead"": ""18"", ""rd"": ""4"", ""rdoq-level"": ""0"", ""rect"": ""0"", ""ref"": ""1"", ""rskip"": ""1"", ""sao"": ""1"", ""scenecut"": ""64"", ""subme"": ""3"", ""tu-inter-depth"": ""4"", ""tu-intra-depth"": ""1"", ""weightb"": ""0"", ""weightp"": ""1"", ""wpp"": ""1""}"
x265,lf09_hard01,"lambda_f=0.9, hard=0.1",16033,RQ3,94,26.57,11.5,26.57,11.832998514175415,"['Standard', '320p', 30, '10s']",0.0,11.832900285720825,0.0,"{""amp"": ""1"", ""aq-mode"": ""1"", ""aq-strength"": ""1.5"", ""b-adapt"": ""2"", ""bframes"": ""5"", ""crf"": ""25.0"", ""ctu"": ""32"", ""keyint"": ""366"", ""limit-refs"": ""1"", ""limit-tu"": ""1"", ""me"": ""dia"", ""merange"": ""27"", ""open-gop"": ""0"", ""psy-rd"": ""3.0"", ""psy-rdoq"": ""5.0"", ""qcomp"": ""0.7"", ""qpmax"": ""23"", ""qpmin"": ""4"", ""rc-lookahead"": ""41"", ""rd"": ""3"", ""rdoq-level"": ""2"", ""rect"": ""0"", ""ref"": ""2"", ""rskip"": ""1"", ""sao"": ""0"", ""scenecut"": ""24"", ""subme"": ""5"", ""tu-inter-depth"": ""3"", ""tu-intra-depth"": ""3"", ""weightb"": ""1"", ""weightp"": ""1"", ""wpp"": ""1""}"
x265,lf09_hard01,"lambda_f=0.9, hard=0.1",16033,RQ3,95,54.4,5.65,54.4,5.982426404953003,"['Standard', '320p', 30, '10s']",0.0,5.982319355010986,0.0,"{""amp"": ""0"", ""aq-mode"": ""2"", ""aq-strength"": ""1.5"", ""b-adapt"": ""0"", ""bframes"": ""3"", ""crf"": ""25.0"", ""ctu"": ""64"", ""keyint"": ""457"", ""limit-refs"": ""2"", ""limit-tu"": ""4"", ""me"": ""hex"", ""merange"": ""63"", ""open-gop"": ""0"", ""psy-rd"": ""0.0"", ""psy-rdoq"": ""3.0"", ""qcomp"": ""0.7"", ""qpmax"": ""22"", ""qpmin"": ""7"", ""rc-lookahead"": ""54"", ""rd"": ""1"", ""rdoq-level"": ""0"", ""rect"": ""0"", ""ref"": ""2"", ""rskip"": ""0"", ""sao"": ""1"", ""scenecut"": ""92"", ""subme"": ""5"", ""tu-inter-depth"": ""2"", ""tu-intra-depth"": ""1"", ""weightb"": ""0"", ""weightp"": ""1"", ""wpp"": ""0""}"
x265,lf09_hard01,"lambda_f=0.9, hard=0.1",16033,RQ3,96,21.45,14.23,21.45,14.573377132415771,"['Standard', '320p', 30, '10s']",0.0,14.573270559310913,0.0,"{""amp"": ""1"", ""aq-mode"": ""0"", ""aq-strength"": ""1.5"", ""b-adapt"": ""0"", ""bframes"": ""4"", ""crf"": ""20.0"", ""ctu"": ""64"", ""keyint"": ""373"", ""limit-refs"": ""3"", ""limit-tu"": ""2"", ""me"": ""dia"", ""merange"": ""47"", ""open-gop"": ""0"", ""psy-rd"": ""4.0"", ""psy-rdoq"": ""2.0"", ""qcomp"": ""0.8"", ""qpmax"": ""24"", ""qpmin"": ""1"", ""rc-lookahead"": ""48"", ""rd"": ""3"", ""rdoq-level"": ""1"", ""rect"": ""1"", ""ref"": ""6"", ""rskip"": ""1"", ""sao"": ""1"", ""scenecut"": ""86"", ""subme"": ""5"", ""tu-inter-depth"": ""1"", ""tu-intra-depth"": ""4"", ""weightb"": ""0"", ""weightp"": ""0"", ""wpp"": ""0""}"
x265,lf09_hard01,"lambda_f=0.9, hard=0.1",16033,RQ3,97,27.17,11.24,27.17,11.573999643325806,"['Standard', '320p', 30, '10s']",0.0,11.57390284538269,0.0,"{""amp"": ""0"", ""aq-mode"": ""0"", ""aq-strength"": ""0.8"", ""b-adapt"": ""2"", ""bframes"": ""5"", ""crf"": ""22.0"", ""ctu"": ""32"", ""keyint"": ""488"", ""limit-refs"": ""1"", ""limit-tu"": ""4"", ""me"": ""star"", ""merange"": ""29"", ""open-gop"": ""0"", ""psy-rd"": ""3.0"", ""psy-rdoq"": ""4.0"", ""qcomp"": ""0.9"", ""qpmax"": ""22"", ""qpmin"": ""1"", ""rc-lookahead"": ""44"", ""rd"": ""4"", ""rdoq-level"": ""0"", ""rect"": ""1"", ""ref"": ""3"", ""rskip"": ""0"", ""sao"": ""0"", ""scenecut"": ""87"", ""subme"": ""2"", ""tu-inter-depth"": ""4"", ""tu-intra-depth"": ""3"", ""weightb"": ""0"", ""weightp"": ""0"", ""wpp"": ""1""}"
x265,lf09_hard01,"lambda_f=0.9, hard=0.1",16033,RQ3,98,13.05,23.35,13.05,23.690937519073486,"['Standard', '320p', 30, '10s']",0.0,23.69083833694458,0.0,"{""amp"": ""0"", ""aq-mode"": ""2"", ""aq-strength"": ""1.8"", ""b-adapt"": ""1"", ""bframes"": ""3"", ""crf"": ""22.0"", ""ctu"": ""32"", ""keyint"": ""455"", ""limit-refs"": ""2"", ""limit-tu"": ""3"", ""me"": ""hex"", ""merange"": ""17"", ""open-gop"": ""0"", ""psy-rd"": ""0.5"", ""psy-rdoq"": ""2.5"", ""qcomp"": ""0.6"", ""qpmax"": ""40"", ""qpmin"": ""11"", ""rc-lookahead"": ""12"", ""rd"": ""6"", ""rdoq-level"": ""1"", ""rect"": ""1"", ""ref"": ""5"", ""rskip"": ""1"", ""sao"": ""1"", ""scenecut"": ""42"", ""subme"": ""4"", ""tu-inter-depth"": ""1"", ""tu-intra-depth"": ""2"", ""weightb"": ""1"", ""weightp"": ""0"", ""wpp"": ""0""}"
x265,lf09_hard01,"lambda_f=0.9, hard=0.1",16033,RQ3,99,24.01,12.71,24.01,13.05909514427185,"['Standard', '320p', 30, '10s']",0.0,13.059001445770264,0.0,"{""amp"": ""0"", ""aq-mode"": ""2"", ""aq-strength"": ""1.5"", ""b-adapt"": ""0"", ""bframes"": ""3"", ""crf"": ""18.0"", ""ctu"": ""32"", ""keyint"": ""296"", ""limit-refs"": ""0"", ""limit-tu"": ""1"", ""me"": ""full"", ""merange"": ""24"", ""open-gop"": ""1"", ""psy-rd"": ""0.0"", ""psy-rdoq"": ""5.0"", ""qcomp"": ""1.0"", ""qpmax"": ""36"", ""qpmin"": ""13"", ""rc-lookahead"": ""27"", ""rd"": ""1"", ""rdoq-level"": ""1"", ""rect"": ""1"", ""ref"": ""2"", ""rskip"": ""1"", ""sao"": ""0"", ""scenecut"": ""28"", ""subme"": ""1"", ""tu-inter-depth"": ""1"", ""tu-intra-depth"": ""4"", ""weightb"": ""0"", ""weightp"": ""0"", ""wpp"": ""1""}"
x265,lf09_hard01,"lambda_f=0.9, hard=0.1",16033,RQ3,100,27.3,11.19,27.3,11.562217235565186,"['Standard', '320p', 30, '10s']",0.0,11.562120199203491,0.0,"{""amp"": ""0"", ""aq-mode"": ""3"", ""aq-strength"": ""1.0"", ""b-adapt"": ""0"", ""bframes"": ""6"", ""crf"": ""25.0"", ""ctu"": ""64"", ""keyint"": ""436"", ""limit-refs"": ""2"", ""limit-tu"": ""3"", ""me"": ""dia"", ""merange"": ""34"", ""open-gop"": ""0"", ""psy-rd"": ""0.0"", ""psy-rdoq"": ""2.0"", ""qcomp"": ""0.9"", ""qpmax"": ""30"", ""qpmin"": ""5"", ""rc-lookahead"": ""55"", ""rd"": ""5"", ""rdoq-level"": ""0"", ""rect"": ""0"", ""ref"": ""5"", ""rskip"": ""1"", ""sao"": ""0"", ""scenecut"": ""28"", ""subme"": ""3"", ""tu-inter-depth"": ""1"", ""tu-intra-depth"": ""2"", ""weightb"": ""1"", ""weightp"": ""0"", ""wpp"": ""0""}"
x265,lf09_hard01,"lambda_f=0.9, hard=0.1",16033,RQ3,101,18.03,16.92,18.03,17.257797479629517,"['Standard', '320p', 30, '10s']",0.0,17.257699012756348,0.0,"{""amp"": ""1"", ""aq-mode"": ""4"", ""aq-strength"": ""1.8"", ""b-adapt"": ""1"", ""bframes"": ""8"", ""crf"": ""32.0"", ""ctu"": ""64"", ""keyint"": ""188"", ""limit-refs"": ""3"", ""limit-tu"": ""0"", ""me"": ""dia"", ""merange"": ""19"", ""open-gop"": ""0"", ""psy-rd"": ""3.5"", ""psy-rdoq"": ""0.5"", ""qcomp"": ""0.6"", ""qpmax"": ""24"", ""qpmin"": ""9"", ""rc-lookahead"": ""12"", ""rd"": ""3"", ""rdoq-level"": ""1"", ""rect"": ""1"", ""ref"": ""5"", ""rskip"": ""1"", ""sao"": ""1"", ""scenecut"": ""17"", ""subme"": ""3"", ""tu-inter-depth"": ""3"", ""tu-intra-depth"": ""1"", ""weightb"": ""1"", ""weightp"": ""0"", ""wpp"": ""0""}"
x265,lf09_hard01,"lambda_f=0.9, hard=0.1",16033,RQ3,102,45.98,6.66,45.98,7.001251935958862,"['Standard', '320p', 30, '10s']",0.0,7.0011584758758545,0.0,"{""amp"": ""1"", ""aq-mode"": ""3"", ""aq-strength"": ""2.0"", ""b-adapt"": ""1"", ""bframes"": ""1"", ""crf"": ""20.0"", ""ctu"": ""32"", ""keyint"": ""185"", ""limit-refs"": ""3"", ""limit-tu"": ""3"", ""me"": ""umh"", ""merange"": ""36"", ""open-gop"": ""0"", ""psy-rd"": ""0.5"", ""psy-rdoq"": ""1.0"", ""qcomp"": ""1.0"", ""qpmax"": ""43"", ""qpmin"": ""12"", ""rc-lookahead"": ""22"", ""rd"": ""4"", ""rdoq-level"": ""0"", ""rect"": ""0"", ""ref"": ""4"", ""rskip"": ""1"", ""sao"": ""0"", ""scenecut"": ""99"", ""subme"": ""2"", ""tu-inter-depth"": ""2"", ""tu-intra-depth"": ""2"", ""weightb"": ""1"", ""weightp"": ""0"", ""wpp"": ""1""}"
x265,lf09_hard01,"lambda_f=0.9, hard=0.1",16033,RQ3,103,52.86,5.8,52.86,6.1451027393341064,"['Standard', '320p', 30, '10s']",0.0,6.145009279251099,0.0,"{""amp"": ""0"", ""aq-mode"": ""2"", ""aq-strength"": ""0.0"", ""b-adapt"": ""1"", ""bframes"": ""7"", ""crf"": ""28.0"", ""ctu"": ""64"", ""keyint"": ""81"", ""limit-refs"": ""3"", ""limit-tu"": ""1"", ""me"": ""hex"", ""merange"": ""38"", ""open-gop"": ""0"", ""psy-rd"": ""3.5"", ""psy-rdoq"": ""1.0"", ""qcomp"": ""0.8"", ""qpmax"": ""35"", ""qpmin"": ""3"", ""rc-lookahead"": ""14"", ""rd"": ""3"", ""rdoq-level"": ""1"", ""rect"": ""1"", ""ref"": ""4"", ""rskip"": ""1"", ""sao"": ""1"", ""scenecut"": ""32"", ""subme"": ""1"", ""tu-inter-depth"": ""4"", ""tu-intra-depth"": ""1"", ""weightb"": ""0"", ""weightp"": ""0"", ""wpp"": ""1""}"
x265,lf09_hard01,"lambda_f=0.9, hard=0.1",16033,RQ3,104,47.1,6.5,47.1,6.834782838821411,"['Standard', '320p', 30, '10s']",0.0,6.834690570831299,0.0,"{""amp"": ""0"", ""aq-mode"": ""1"", ""aq-strength"": ""1.0"", ""b-adapt"": ""0"", ""bframes"": ""1"", ""crf"": ""30.0"", ""ctu"": ""32"", ""keyint"": ""454"", ""limit-refs"": ""2"", ""limit-tu"": ""1"", ""me"": ""umh"", ""merange"": ""38"", ""open-gop"": ""0"", ""psy-rd"": ""2.0"", ""psy-rdoq"": ""2.5"", ""qcomp"": ""0.7"", ""qpmax"": ""31"", ""qpmin"": ""10"", ""rc-lookahead"": ""41"", ""rd"": ""3"", ""rdoq-level"": ""0"", ""rect"": ""1"", ""ref"": ""5"", ""rskip"": ""0"", ""sao"": ""1"", ""scenecut"": ""96"", ""subme"": ""4"", ""tu-inter-depth"": ""2"", ""tu-intra-depth"": ""1"", ""weightb"": ""1"", ""weightp"": ""0"", ""wpp"": ""1""}"
x265,lf09_hard01,"lambda_f=0.9, hard=0.1",16033,RQ3,105,7.74,39.35,7.74,39.68185997009277,"['Standard', '320p', 30, '10s']",0.0,39.68175458908081,0.0,"{""amp"": ""0"", ""aq-mode"": ""2"", ""aq-strength"": ""0.8"", ""b-adapt"": ""0"", ""bframes"": ""0"", ""crf"": ""28.0"", ""ctu"": ""64"", ""keyint"": ""63"", ""limit-refs"": ""0"", ""limit-tu"": ""0"", ""me"": ""dia"", ""merange"": ""47"", ""open-gop"": ""0"", ""psy-rd"": ""1.0"", ""psy-rdoq"": ""2.0"", ""qcomp"": ""0.7"", ""qpmax"": ""22"", ""qpmin"": ""3"", ""rc-lookahead"": ""13"", ""rd"": ""5"", ""rdoq-level"": ""0"", ""rect"": ""0"", ""ref"": ""1"", ""rskip"": ""0"", ""sao"": ""0"", ""scenecut"": ""6"", ""subme"": ""1"", ""tu-inter-depth"": ""3"", ""tu-intra-depth"": ""2"", ""weightb"": ""0"", ""weightp"": ""0"", ""wpp"": ""0""}"
x265,lf09_hard01,"lambda_f=0.9, hard=0.1",16033,RQ3,106,49.25,6.23,49.25,6.562325716018677,"['Standard', '320p', 30, '10s']",0.0,6.562232971191406,0.0,"{""amp"": ""0"", ""aq-mode"": ""4"", ""aq-strength"": ""1.2"", ""b-adapt"": ""0"", ""bframes"": ""3"", ""crf"": ""25.0"", ""ctu"": ""64"", ""keyint"": ""425"", ""limit-refs"": ""1"", ""limit-tu"": ""3"", ""me"": ""dia"", ""merange"": ""46"", ""open-gop"": ""0"", ""psy-rd"": ""1.5"", ""psy-rdoq"": ""5.0"", ""qcomp"": ""1.0"", ""qpmax"": ""43"", ""qpmin"": ""3"", ""rc-lookahead"": ""22"", ""rd"": ""4"", ""rdoq-level"": ""2"", ""rect"": ""1"", ""ref"": ""2"", ""rskip"": ""1"", ""sao"": ""1"", ""scenecut"": ""76"", ""subme"": ""2"", ""tu-inter-depth"": ""2"", ""tu-intra-depth"": ""1"", ""weightb"": ""0"", ""weightp"": ""1"", ""wpp"": ""0""}"
x265,lf09_hard01,"lambda_f=0.9, hard=0.1",16033,RQ3,107,30.94,9.88,30.94,10.213367223739624,"['Standard', '320p', 30, '10s']",0.0,10.213272094726562,0.0,"{""amp"": ""1"", ""aq-mode"": ""2"", ""aq-strength"": ""1.8"", ""b-adapt"": ""2"", ""bframes"": ""8"", ""crf"": ""20.0"", ""ctu"": ""32"", ""keyint"": ""155"", ""limit-refs"": ""2"", ""limit-tu"": ""2"", ""me"": ""dia"", ""merange"": ""16"", ""open-gop"": ""0"", ""psy-rd"": ""0.5"", ""psy-rdoq"": ""0.5"", ""qcomp"": ""0.8"", ""qpmax"": ""36"", ""qpmin"": ""19"", ""rc-lookahead"": ""54"", ""rd"": ""4"", ""rdoq-level"": ""1"", ""rect"": ""0"", ""ref"": ""6"", ""rskip"": ""1"", ""sao"": ""1"", ""scenecut"": ""88"", ""subme"": ""4"", ""tu-inter-depth"": ""2"", ""tu-intra-depth"": ""3"", ""weightb"": ""0"", ""weightp"": ""1"", ""wpp"": ""1""}"
x265,lf09_hard01,"lambda_f=0.9, hard=0.1",16033,RQ3,108,9.02,33.76,9.02,34.10299730300903,"['Standard', '320p', 30, '10s']",0.0,34.102898597717285,0.0,"{""amp"": ""0"", ""aq-mode"": ""1"", ""aq-strength"": ""1.8"", ""b-adapt"": ""0"", ""bframes"": ""3"", ""crf"": ""30.0"", ""ctu"": ""32"", ""keyint"": ""198"", ""limit-refs"": ""3"", ""limit-tu"": ""1"", ""me"": ""star"", ""merange"": ""62"", ""open-gop"": ""0"", ""psy-rd"": ""3.0"", ""psy-rdoq"": ""4.5"", ""qcomp"": ""0.6"", ""qpmax"": ""24"", ""qpmin"": ""13"", ""rc-lookahead"": ""59"", ""rd"": ""5"", ""rdoq-level"": ""1"", ""rect"": ""0"", ""ref"": ""3"", ""rskip"": ""1"", ""sao"": ""0"", ""scenecut"": ""72"", ""subme"": ""3"", ""tu-inter-depth"": ""4"", ""tu-intra-depth"": ""3"", ""weightb"": ""1"", ""weightp"": ""0"", ""wpp"": ""1""}"
x265,lf09_hard01,"lambda_f=0.9, hard=0.1",16033,RQ3,109,24.13,12.65,24.13,12.982286214828491,"['Standard', '320p', 30, '10s']",0.0,12.982187032699585,0.0,"{""amp"": ""0"", ""aq-mode"": ""0"", ""aq-strength"": ""0.5"", ""b-adapt"": ""0"", ""bframes"": ""5"", ""crf"": ""32.0"", ""ctu"": ""16"", ""keyint"": ""251"", ""limit-refs"": ""0"", ""limit-tu"": ""1"", ""me"": ""full"", ""merange"": ""30"", ""open-gop"": ""1"", ""psy-rd"": ""4.0"", ""psy-rdoq"": ""5.0"", ""qcomp"": ""0.8"", ""qpmax"": ""44"", ""qpmin"": ""1"", ""rc-lookahead"": ""15"", ""rd"": ""3"", ""rdoq-level"": ""1"", ""rect"": ""1"", ""ref"": ""5"", ""rskip"": ""1"", ""sao"": ""1"", ""scenecut"": ""94"", ""subme"": ""2"", ""tu-inter-depth"": ""3"", ""tu-intra-depth"": ""2"", ""weightb"": ""1"", ""weightp"": ""0"", ""wpp"": ""1""}"
x265,lf09_hard01,"lambda_f=0.9, hard=0.1",16033,RQ3,110,48.78,6.29,48.78,6.62354588508606,"['Standard', '320p', 30, '10s']",0.0,6.623453140258789,0.0,"{""amp"": ""1"", ""aq-mode"": ""4"", ""aq-strength"": ""1.2"", ""b-adapt"": ""2"", ""bframes"": ""3"", ""crf"": ""25.0"", ""ctu"": ""32"", ""keyint"": ""462"", ""limit-refs"": ""3"", ""limit-tu"": ""3"", ""me"": ""star"", ""merange"": ""29"", ""open-gop"": ""1"", ""psy-rd"": ""0.0"", ""psy-rdoq"": ""0.0"", ""qcomp"": ""0.75"", ""qpmax"": ""43"", ""qpmin"": ""15"", ""rc-lookahead"": ""20"", ""rd"": ""2"", ""rdoq-level"": ""1"", ""rect"": ""1"", ""ref"": ""6"", ""rskip"": ""0"", ""sao"": ""1"", ""scenecut"": ""99"", ""subme"": ""1"", ""tu-inter-depth"": ""2"", ""tu-intra-depth"": ""2"", ""weightb"": ""1"", ""weightp"": ""1"", ""wpp"": ""1""}"
x265,lf09_hard01,"lambda_f=0.9, hard=0.1",16033,RQ3,111,33.07,9.24,33.07,9.580904483795166,"['Standard', '320p', 30, '10s']",0.0,9.580811262130737,0.0,"{""amp"": ""0"", ""aq-mode"": ""0"", ""aq-strength"": ""1.8"", ""b-adapt"": ""2"", ""bframes"": ""6"", ""crf"": ""32.0"", ""ctu"": ""16"", ""keyint"": ""61"", ""limit-refs"": ""0"", ""limit-tu"": ""3"", ""me"": ""umh"", ""merange"": ""25"", ""open-gop"": ""0"", ""psy-rd"": ""2.0"", ""psy-rdoq"": ""3.5"", ""qcomp"": ""0.7"", ""qpmax"": ""23"", ""qpmin"": ""5"", ""rc-lookahead"": ""55"", ""rd"": ""4"", ""rdoq-level"": ""0"", ""rect"": ""1"", ""ref"": ""1"", ""rskip"": ""1"", ""sao"": ""1"", ""scenecut"": ""38"", ""subme"": ""1"", ""tu-inter-depth"": ""2"", ""tu-intra-depth"": ""1"", ""weightb"": ""0"", ""weightp"": ""1"", ""wpp"": ""1""}"
x265,lf09_hard01,"lambda_f=0.9, hard=0.1",16033,RQ3,112,25.2,12.12,25.2,12.44819188117981,"['Standard', '320p', 30, '10s']",0.0,12.448084592819214,0.0,"{""amp"": ""1"", ""aq-mode"": ""0"", ""aq-strength"": ""1.0"", ""b-adapt"": ""2"", ""bframes"": ""4"", ""crf"": ""20.0"", ""ctu"": ""32"", ""keyint"": ""500"", ""limit-refs"": ""3"", ""limit-tu"": ""2"", ""me"": ""star"", ""merange"": ""41"", ""open-gop"": ""0"", ""psy-rd"": ""0.5"", ""psy-rdoq"": ""2.5"", ""qcomp"": ""1.0"", ""qpmax"": ""43"", ""qpmin"": ""3"", ""rc-lookahead"": ""36"", ""rd"": ""3"", ""rdoq-level"": ""0"", ""rect"": ""1"", ""ref"": ""2"", ""rskip"": ""0"", ""sao"": ""0"", ""scenecut"": ""68"", ""subme"": ""3"", ""tu-inter-depth"": ""4"", ""tu-intra-depth"": ""2"", ""weightb"": ""0"", ""weightp"": ""1"", ""wpp"": ""1""}"
x265,lf09_hard01,"lambda_f=0.9, hard=0.1",16033,RQ3,113,19.54,15.61,19.54,15.951847791671753,"['Standard', '320p', 30, '10s']",0.0,15.951754331588745,0.0,"{""amp"": ""0"", ""aq-mode"": ""1"", ""aq-strength"": ""1.0"", ""b-adapt"": ""0"", ""bframes"": ""4"", ""crf"": ""30.0"", ""ctu"": ""64"", ""keyint"": ""184"", ""limit-refs"": ""0"", ""limit-tu"": ""1"", ""me"": ""hex"", ""merange"": ""33"", ""open-gop"": ""0"", ""psy-rd"": ""0.0"", ""psy-rdoq"": ""4.0"", ""qcomp"": ""1.0"", ""qpmax"": ""41"", ""qpmin"": ""5"", ""rc-lookahead"": ""23"", ""rd"": ""6"", ""rdoq-level"": ""2"", ""rect"": ""0"", ""ref"": ""3"", ""rskip"": ""1"", ""sao"": ""0"", ""scenecut"": ""73"", ""subme"": ""5"", ""tu-inter-depth"": ""4"", ""tu-intra-depth"": ""2"", ""weightb"": ""1"", ""weightp"": ""0"", ""wpp"": ""0""}"
x265,lf09_hard01,"lambda_f=0.9, hard=0.1",16033,RQ3,114,12.74,23.91,12.74,24.248989582061768,"['Standard', '320p', 30, '10s']",0.0,24.24889826774597,0.0,"{""amp"": ""0"", ""aq-mode"": ""3"", ""aq-strength"": ""1.0"", ""b-adapt"": ""2"", ""bframes"": ""0"", ""crf"": ""20.0"", ""ctu"": ""32"", ""keyint"": ""260"", ""limit-refs"": ""1"", ""limit-tu"": ""0"", ""me"": ""dia"", ""merange"": ""59"", ""open-gop"": ""0"", ""psy-rd"": ""1.5"", ""psy-rdoq"": ""2.5"", ""qcomp"": ""0.5"", ""qpmax"": ""28"", ""qpmin"": ""1"", ""rc-lookahead"": ""11"", ""rd"": ""5"", ""rdoq-level"": ""0"", ""rect"": ""0"", ""ref"": ""2"", ""rskip"": ""0"", ""sao"": ""1"", ""scenecut"": ""19"", ""subme"": ""2"", ""tu-inter-depth"": ""4"", ""tu-intra-depth"": ""1"", ""weightb"": ""0"", ""weightp"": ""0"", ""wpp"": ""0""}"
x265,lf09_hard01,"lambda_f=0.9, hard=0.1",16033,RQ3,115,40.08,7.67,40.08,8.00841736793518,"['Standard', '320p', 30, '10s']",0.0,8.00831651687622,0.0,"{""amp"": ""0"", ""aq-mode"": ""2"", ""aq-strength"": ""1.5"", ""b-adapt"": ""2"", ""bframes"": ""1"", ""crf"": ""18.0"", ""ctu"": ""16"", ""keyint"": ""399"", ""limit-refs"": ""3"", ""limit-tu"": ""3"", ""me"": ""hex"", ""merange"": ""20"", ""open-gop"": ""1"", ""psy-rd"": ""3.0"", ""psy-rdoq"": ""0.5"", ""qcomp"": ""0.8"", ""qpmax"": ""43"", ""qpmin"": ""16"", ""rc-lookahead"": ""35"", ""rd"": ""3"", ""rdoq-level"": ""2"", ""rect"": ""0"", ""ref"": ""3"", ""rskip"": ""1"", ""sao"": ""0"", ""scenecut"": ""64"", ""subme"": ""1"", ""tu-inter-depth"": ""2"", ""tu-intra-depth"": ""2"", ""weightb"": ""0"", ""weightp"": ""0"", ""wpp"": ""0""}"
x265,lf09_hard01,"lambda_f=0.9, hard=0.1",16033,RQ3,116,5.24,58.03,5.24,58.373942136764526,"['Standard', '320p', 30, '10s']",0.0,58.37383961677551,0.0,"{""amp"": ""0"", ""aq-mode"": ""1"", ""aq-strength"": ""2.0"", ""b-adapt"": ""2"", ""bframes"": ""2"", ""crf"": ""28.0"", ""ctu"": ""32"", ""keyint"": ""85"", ""limit-refs"": ""0"", ""limit-tu"": ""0"", ""me"": ""dia"", ""merange"": ""35"", ""open-gop"": ""0"", ""psy-rd"": ""2.5"", ""psy-rdoq"": ""4.0"", ""qcomp"": ""0.75"", ""qpmax"": ""26"", ""qpmin"": ""5"", ""rc-lookahead"": ""43"", ""rd"": ""5"", ""rdoq-level"": ""1"", ""rect"": ""1"", ""ref"": ""5"", ""rskip"": ""0"", ""sao"": ""1"", ""scenecut"": ""89"", ""subme"": ""3"", ""tu-inter-depth"": ""3"", ""tu-intra-depth"": ""4"", ""weightb"": ""0"", ""weightp"": ""1"", ""wpp"": ""0""}"
x265,lf09_hard01,"lambda_f=0.9, hard=0.1",16033,RQ3,117,56.41,5.44,56.41,5.77404522895813,"['Standard', '320p', 30, '10s']",0.0,5.7739503383636475,0.0,"{""amp"": ""0"", ""aq-mode"": ""1"", ""aq-strength"": ""0.0"", ""b-adapt"": ""1"", ""bframes"": ""5"", ""crf"": ""20.0"", ""ctu"": ""32"", ""keyint"": ""274"", ""limit-refs"": ""0"", ""limit-tu"": ""3"", ""me"": ""umh"", ""merange"": ""37"", ""open-gop"": ""1"", ""psy-rd"": ""1.0"", ""psy-rdoq"": ""4.0"", ""qcomp"": ""0.75"", ""qpmax"": ""29"", ""qpmin"": ""9"", ""rc-lookahead"": ""21"", ""rd"": ""4"", ""rdoq-level"": ""0"", ""rect"": ""0"", ""ref"": ""1"", ""rskip"": ""1"", ""sao"": ""0"", ""scenecut"": ""48"", ""subme"": ""3"", ""tu-inter-depth"": ""1"", ""tu-intra-depth"": ""4"", ""weightb"": ""1"", ""weightp"": ""0"", ""wpp"": ""1""}"
x265,lf09_hard01,"lambda_f=0.9, hard=0.1",16033,RQ3,118,20.05,15.22,20.05,15.559402227401733,"['Standard', '320p', 30, '10s']",0.0,15.559260129928589,0.0,"{""amp"": ""1"", ""aq-mode"": ""2"", ""aq-strength"": ""0.8"", ""b-adapt"": ""1"", ""bframes"": ""1"", ""crf"": ""18.0"", ""ctu"": ""64"", ""keyint"": ""106"", ""limit-refs"": ""1"", ""limit-tu"": ""3"", ""me"": ""dia"", ""merange"": ""28"", ""open-gop"": ""1"", ""psy-rd"": ""1.0"", ""psy-rdoq"": ""0.5"", ""qcomp"": ""0.7"", ""qpmax"": ""46"", ""qpmin"": ""0"", ""rc-lookahead"": ""57"", ""rd"": ""3"", ""rdoq-level"": ""1"", ""rect"": ""1"", ""ref"": ""4"", ""rskip"": ""1"", ""sao"": ""1"", ""scenecut"": ""93"", ""subme"": ""2"", ""tu-inter-depth"": ""4"", ""tu-intra-depth"": ""2"", ""weightb"": ""1"", ""weightp"": ""1"", ""wpp"": ""0""}"
x265,lf09_hard01,"lambda_f=0.9, hard=0.1",16033,RQ3,119,54.63,5.62,54.63,5.960677146911621,"['Standard', '320p', 30, '10s']",0.0,5.960580348968506,0.0,"{""amp"": ""0"", ""aq-mode"": ""0"", ""aq-strength"": ""1.2"", ""b-adapt"": ""1"", ""bframes"": ""3"", ""crf"": ""18.0"", ""ctu"": ""64"", ""keyint"": ""359"", ""limit-refs"": ""3"", ""limit-tu"": ""3"", ""me"": ""star"", ""merange"": ""53"", ""open-gop"": ""0"", ""psy-rd"": ""4.0"", ""psy-rdoq"": ""1.0"", ""qcomp"": ""0.75"", ""qpmax"": ""44"", ""qpmin"": ""17"", ""rc-lookahead"": ""60"", ""rd"": ""4"", ""rdoq-level"": ""0"", ""rect"": ""0"", ""ref"": ""4"", ""rskip"": ""1"", ""sao"": ""0"", ""scenecut"": ""98"", ""subme"": ""2"", ""tu-inter-depth"": ""1"", ""tu-intra-depth"": ""2"", ""weightb"": ""0"", ""weightp"": ""0"", ""wpp"": ""1""}"
x265,lf09_hard01,"lambda_f=0.9, hard=0.1",16033,RQ3,120,45.63,6.73,45.63,7.075098514556885,"['Standard', '320p', 30, '10s']",0.0,7.075003147125244,0.0,"{""amp"": ""0"", ""aq-mode"": ""0"", ""aq-strength"": ""1.5"", ""b-adapt"": ""1"", ""bframes"": ""6"", ""crf"": ""20.0"", ""ctu"": ""64"", ""keyint"": ""151"", ""limit-refs"": ""2"", ""limit-tu"": ""1"", ""me"": ""star"", ""merange"": ""44"", ""open-gop"": ""0"", ""psy-rd"": ""2.0"", ""psy-rdoq"": ""2.0"", ""qcomp"": ""0.5"", ""qpmax"": ""47"", ""qpmin"": ""16"", ""rc-lookahead"": ""15"", ""rd"": ""4"", ""rdoq-level"": ""0"", ""rect"": ""0"", ""ref"": ""4"", ""rskip"": ""0"", ""sao"": ""1"", ""scenecut"": ""23"", ""subme"": ""2"", ""tu-inter-depth"": ""2"", ""tu-intra-depth"": ""3"", ""weightb"": ""0"", ""weightp"": ""0"", ""wpp"": ""1""}"
x265,lf09_hard01,"lambda_f=0.9, hard=0.1",16033,RQ3,121,19.44,15.69,19.44,16.028043270111084,"['Standard', '320p', 30, '10s']",0.0,16.027948141098022,0.0,"{""amp"": ""0"", ""aq-mode"": ""3"", ""aq-strength"": ""1.0"", ""b-adapt"": ""1"", ""bframes"": ""6"", ""crf"": ""20.0"", ""ctu"": ""32"", ""keyint"": ""400"", ""limit-refs"": ""3"", ""limit-tu"": ""1"", ""me"": ""hex"", ""merange"": ""38"", ""open-gop"": ""0"", ""psy-rd"": ""4.0"", ""psy-rdoq"": ""5.0"", ""qcomp"": ""0.75"", ""qpmax"": ""51"", ""qpmin"": ""3"", ""rc-lookahead"": ""14"", ""rd"": ""6"", ""rdoq-level"": ""0"", ""rect"": ""0"", ""ref"": ""4"", ""rskip"": ""0"", ""sao"": ""0"", ""scenecut"": ""16"", ""subme"": ""1"", ""tu-inter-depth"": ""1"", ""tu-intra-depth"": ""1"", ""weightb"": ""1"", ""weightp"": ""0"", ""wpp"": ""0""}"
x265,lf09_hard01,"lambda_f=0.9, hard=0.1",16033,RQ3,122,54.26,5.66,54.26,5.987060308456421,"['Standard', '320p', 30, '10s']",0.0,5.986963987350464,0.0,"{""amp"": ""1"", ""aq-mode"": ""1"", ""aq-strength"": ""0.0"", ""b-adapt"": ""2"", ""bframes"": ""4"", ""crf"": ""30.0"", ""ctu"": ""64"", ""keyint"": ""401"", ""limit-refs"": ""2"", ""limit-tu"": ""2"", ""me"": ""star"", ""merange"": ""64"", ""open-gop"": ""0"", ""psy-rd"": ""2.0"", ""psy-rdoq"": ""0.5"", ""qcomp"": ""0.7"", ""qpmax"": ""43"", ""qpmin"": ""18"", ""rc-lookahead"": ""25"", ""rd"": ""4"", ""rdoq-level"": ""2"", ""rect"": ""1"", ""ref"": ""6"", ""rskip"": ""1"", ""sao"": ""1"", ""scenecut"": ""69"", ""subme"": ""1"", ""tu-inter-depth"": ""4"", ""tu-intra-depth"": ""3"", ""weightb"": ""1"", ""weightp"": ""1"", ""wpp"": ""0""}"
x265,lf09_hard01,"lambda_f=0.9, hard=0.1",16033,RQ3,123,32.45,9.46,32.45,9.794306516647339,"['Standard', '320p', 30, '10s']",0.0,9.794209480285645,0.0,"{""amp"": ""1"", ""aq-mode"": ""3"", ""aq-strength"": ""0.5"", ""b-adapt"": ""0"", ""bframes"": ""6"", ""crf"": ""18.0"", ""ctu"": ""32"", ""keyint"": ""44"", ""limit-refs"": ""2"", ""limit-tu"": ""1"", ""me"": ""umh"", ""merange"": ""22"", ""open-gop"": ""1"", ""psy-rd"": ""1.5"", ""psy-rdoq"": ""4.5"", ""qcomp"": ""1.0"", ""qpmax"": ""24"", ""qpmin"": ""2"", ""rc-lookahead"": ""38"", ""rd"": ""4"", ""rdoq-level"": ""0"", ""rect"": ""0"", ""ref"": ""5"", ""rskip"": ""0"", ""sao"": ""1"", ""scenecut"": ""89"", ""subme"": ""3"", ""tu-inter-depth"": ""1"", ""tu-intra-depth"": ""2"", ""weightb"": ""1"", ""weightp"": ""1"", ""wpp"": ""0""}"
x265,lf09_hard01,"lambda_f=0.9, hard=0.1",16033,RQ3,124,43.53,7.04,43.53,7.366345405578613,"['Standard', '320p', 30, '10s']",0.0,7.366246461868286,0.0,"{""amp"": ""0"", ""aq-mode"": ""0"", ""aq-strength"": ""0.5"", ""b-adapt"": ""1"", ""bframes"": ""1"", ""crf"": ""28.0"", ""ctu"": ""64"", ""keyint"": ""165"", ""limit-refs"": ""0"", ""limit-tu"": ""0"", ""me"": ""dia"", ""merange"": ""40"", ""open-gop"": ""0"", ""psy-rd"": ""1.0"", ""psy-rdoq"": ""4.0"", ""qcomp"": ""0.6"", ""qpmax"": ""33"", ""qpmin"": ""6"", ""rc-lookahead"": ""22"", ""rd"": ""3"", ""rdoq-level"": ""0"", ""rect"": ""0"", ""ref"": ""2"", ""rskip"": ""0"", ""sao"": ""1"", ""scenecut"": ""24"", ""subme"": ""1"", ""tu-inter-depth"": ""4"", ""tu-intra-depth"": ""2"", ""weightb"": ""0"", ""weightp"": ""0"", ""wpp"": ""1""}"
x265,lf09_hard01,"lambda_f=0.9, hard=0.1",16033,RQ3,125,7.05,43.19,7.05,43.535839557647705,"['Standard', '320p', 30, '10s']",0.0,43.5357391834259,0.0,"{""amp"": ""0"", ""aq-mode"": ""3"", ""aq-strength"": ""0.5"", ""b-adapt"": ""1"", ""bframes"": ""5"", ""crf"": ""20.0"", ""ctu"": ""64"", ""keyint"": ""88"", ""limit-refs"": ""1"", ""limit-tu"": ""1"", ""me"": ""umh"", ""merange"": ""61"", ""open-gop"": ""0"", ""psy-rd"": ""0.5"", ""psy-rdoq"": ""0.0"", ""qcomp"": ""0.75"", ""qpmax"": ""49"", ""qpmin"": ""10"", ""rc-lookahead"": ""50"", ""rd"": ""6"", ""rdoq-level"": ""1"", ""rect"": ""1"", ""ref"": ""3"", ""rskip"": ""0"", ""sao"": ""0"", ""scenecut"": ""36"", ""subme"": ""3"", ""tu-inter-depth"": ""1"", ""tu-intra-depth"": ""3"", ""weightb"": ""0"", ""weightp"": ""0"", ""wpp"": ""0""}"
x265,lf09_hard01,"lambda_f=0.9, hard=0.1",16033,RQ3,126,23.33,13.08,23.33,13.407342433929443,"['Standard', '320p', 30, '10s']",0.0,13.407243967056274,0.0,"{""amp"": ""0"", ""aq-mode"": ""2"", ""aq-strength"": ""0.0"", ""b-adapt"": ""1"", ""bframes"": ""3"", ""crf"": ""32.0"", ""ctu"": ""16"", ""keyint"": ""316"", ""limit-refs"": ""1"", ""limit-tu"": ""1"", ""me"": ""dia"", ""merange"": ""17"", ""open-gop"": ""1"", ""psy-rd"": ""0.5"", ""psy-rdoq"": ""4.5"", ""qcomp"": ""1.0"", ""qpmax"": ""28"", ""qpmin"": ""8"", ""rc-lookahead"": ""20"", ""rd"": ""5"", ""rdoq-level"": ""0"", ""rect"": ""1"", ""ref"": ""1"", ""rskip"": ""1"", ""sao"": ""1"", ""scenecut"": ""31"", ""subme"": ""4"", ""tu-inter-depth"": ""3"", ""tu-intra-depth"": ""3"", ""weightb"": ""1"", ""weightp"": ""1"", ""wpp"": ""1""}"
x265,lf09_hard01,"lambda_f=0.9, hard=0.1",16033,RQ3,127,50.33,6.1,50.33,6.432684659957886,"['Standard', '320p', 30, '10s']",0.0,6.432577610015869,0.0,"{""amp"": ""0"", ""aq-mode"": ""4"", ""aq-strength"": ""1.8"", ""b-adapt"": ""1"", ""bframes"": ""1"", ""crf"": ""28.0"", ""ctu"": ""64"", ""keyint"": ""159"", ""limit-refs"": ""2"", ""limit-tu"": ""3"", ""me"": ""umh"", ""merange"": ""47"", ""open-gop"": ""1"", ""psy-rd"": ""4.0"", ""psy-rdoq"": ""2.5"", ""qcomp"": ""0.7"", ""qpmax"": ""46"", ""qpmin"": ""9"", ""rc-lookahead"": ""33"", ""rd"": ""3"", ""rdoq-level"": ""0"", ""rect"": ""1"", ""ref"": ""5"", ""rskip"": ""0"", ""sao"": ""0"", ""scenecut"": ""37"", ""subme"": ""4"", ""tu-inter-depth"": ""1"", ""tu-intra-depth"": ""3"", ""weightb"": ""0"", ""weightp"": ""0"", ""wpp"": ""0""}"
x265,lf09_hard01,"lambda_f=0.9, hard=0.1",16033,RQ3,128,25.36,12.04,25.36,12.37119436264038,"['Standard', '320p', 30, '10s']",0.0,12.371096134185791,0.0,"{""amp"": ""0"", ""aq-mode"": ""4"", ""aq-strength"": ""1.2"", ""b-adapt"": ""2"", ""bframes"": ""0"", ""crf"": ""18.0"", ""ctu"": ""32"", ""keyint"": ""30"", ""limit-refs"": ""0"", ""limit-tu"": ""2"", ""me"": ""dia"", ""merange"": ""51"", ""open-gop"": ""1"", ""psy-rd"": ""1.5"", ""psy-rdoq"": ""4.5"", ""qcomp"": ""0.8"", ""qpmax"": ""21"", ""qpmin"": ""7"", ""rc-lookahead"": ""46"", ""rd"": ""4"", ""rdoq-level"": ""0"", ""rect"": ""0"", ""ref"": ""2"", ""rskip"": ""1"", ""sao"": ""0"", ""scenecut"": ""7"", ""subme"": ""5"", ""tu-inter-depth"": ""4"", ""tu-intra-depth"": ""3"", ""weightb"": ""1"", ""weightp"": ""0"", ""wpp"": ""1""}"
x265,lf09_hard01,"lambda_f=0.9, hard=0.1",16033,RQ3,129,38.13,8.03,38.13,8.358590841293335,"['Standard', '320p', 30, '10s']",0.0,8.35849118232727,0.0,"{""amp"": ""1"", ""aq-mode"": ""4"", ""aq-strength"": ""0.0"", ""b-adapt"": ""0"", ""bframes"": ""4"", ""crf"": ""22.0"", ""ctu"": ""64"", ""keyint"": ""304"", ""limit-refs"": ""3"", ""limit-tu"": ""3"", ""me"": ""hex"", ""merange"": ""62"", ""open-gop"": ""0"", ""psy-rd"": ""0.0"", ""psy-rdoq"": ""4.5"", ""qcomp"": ""0.5"", ""qpmax"": ""32"", ""qpmin"": ""20"", ""rc-lookahead"": ""18"", ""rd"": ""3"", ""rdoq-level"": ""2"", ""rect"": ""1"", ""ref"": ""4"", ""rskip"": ""0"", ""sao"": ""0"", ""scenecut"": ""82"", ""subme"": ""3"", ""tu-inter-depth"": ""4"", ""tu-intra-depth"": ""2"", ""weightb"": ""0"", ""weightp"": ""1"", ""wpp"": ""1""}"
x265,lf09_hard01,"lambda_f=0.9, hard=0.1",16033,RQ3,130,18.9,16.14,18.9,16.47618317604065,"['Standard', '320p', 30, '10s']",0.0,16.476086378097534,0.0,"{""amp"": ""0"", ""aq-mode"": ""2"", ""aq-strength"": ""1.0"", ""b-adapt"": ""2"", ""bframes"": ""6"", ""crf"": ""18.0"", ""ctu"": ""32"", ""keyint"": ""396"", ""limit-refs"": ""1"", ""limit-tu"": ""4"", ""me"": ""umh"", ""merange"": ""60"", ""open-gop"": ""0"", ""psy-rd"": ""3.0"", ""psy-rdoq"": ""3.0"", ""qcomp"": ""0.75"", ""qpmax"": ""23"", ""qpmin"": ""15"", ""rc-lookahead"": ""12"", ""rd"": ""3"", ""rdoq-level"": ""2"", ""rect"": ""1"", ""ref"": ""2"", ""rskip"": ""0"", ""sao"": ""1"", ""scenecut"": ""49"", ""subme"": ""4"", ""tu-inter-depth"": ""4"", ""tu-intra-depth"": ""2"", ""weightb"": ""0"", ""weightp"": ""1"", ""wpp"": ""1""}"
x265,lf09_hard01,"lambda_f=0.9, hard=0.1",16033,RQ3,131,56.46,5.44,56.46,5.774450063705444,"['Standard', '320p', 30, '10s']",0.0,5.774357080459595,0.0,"{""amp"": ""1"", ""aq-mode"": ""2"", ""aq-strength"": ""1.8"", ""b-adapt"": ""2"", ""bframes"": ""8"", ""crf"": ""30.0"", ""ctu"": ""16"", ""keyint"": ""93"", ""limit-refs"": ""3"", ""limit-tu"": ""3"", ""me"": ""star"", ""merange"": ""28"", ""open-gop"": ""0"", ""psy-rd"": ""1.5"", ""psy-rdoq"": ""3.5"", ""qcomp"": ""0.6"", ""qpmax"": ""44"", ""qpmin"": ""13"", ""rc-lookahead"": ""32"", ""rd"": ""4"", ""rdoq-level"": ""2"", ""rect"": ""1"", ""ref"": ""3"", ""rskip"": ""1"", ""sao"": ""0"", ""scenecut"": ""69"", ""subme"": ""4"", ""tu-inter-depth"": ""2"", ""tu-intra-depth"": ""2"", ""weightb"": ""0"", ""weightp"": ""1"", ""wpp"": ""1""}"
x265,lf09_hard01,"lambda_f=0.9, hard=0.1",16033,RQ3,132,25.39,12.03,25.39,12.360603332519531,"['Standard', '320p', 30, '10s']",0.0,12.36050295829773,0.0,"{""amp"": ""0"", ""aq-mode"": ""2"", ""aq-strength"": ""0.5"", ""b-adapt"": ""1"", ""bframes"": ""1"", ""crf"": ""30.0"", ""ctu"": ""64"", ""keyint"": ""194"", ""limit-refs"": ""2"", ""limit-tu"": ""3"", ""me"": ""umh"", ""merange"": ""62"", ""open-gop"": ""0"", ""psy-rd"": ""2.0"", ""psy-rdoq"": ""5.0"", ""qcomp"": ""0.75"", ""qpmax"": ""41"", ""qpmin"": ""16"", ""rc-lookahead"": ""21"", ""rd"": ""5"", ""rdoq-level"": ""0"", ""rect"": ""1"", ""ref"": ""4"", ""rskip"": ""1"", ""sao"": ""1"", ""scenecut"": ""26"", ""subme"": ""3"", ""tu-inter-depth"": ""4"", ""tu-intra-depth"": ""3"", ""weightb"": ""1"", ""weightp"": ""0"", ""wpp"": ""0""}"
x265,lf09_hard01,"lambda_f=0.9, hard=0.1",16033,RQ3,133,6.09,50.0,6.09,50.33922100067139,"['Standard', '320p', 30, '10s']",0.0,50.33912444114685,0.0,"{""amp"": ""0"", ""aq-mode"": ""0"", ""aq-strength"": ""1.5"", ""b-adapt"": ""1"", ""bframes"": ""1"", ""crf"": ""28.0"", ""ctu"": ""64"", ""keyint"": ""232"", ""limit-refs"": ""1"", ""limit-tu"": ""0"", ""me"": ""dia"", ""merange"": ""43"", ""open-gop"": ""0"", ""psy-rd"": ""1.5"", ""psy-rdoq"": ""4.0"", ""qcomp"": ""0.8"", ""qpmax"": ""24"", ""qpmin"": ""3"", ""rc-lookahead"": ""49"", ""rd"": ""6"", ""rdoq-level"": ""2"", ""rect"": ""1"", ""ref"": ""3"", ""rskip"": ""1"", ""sao"": ""1"", ""scenecut"": ""21"", ""subme"": ""4"", ""tu-inter-depth"": ""2"", ""tu-intra-depth"": ""2"", ""weightb"": ""0"", ""weightp"": ""1"", ""wpp"": ""0""}"
x265,lf09_hard01,"lambda_f=0.9, hard=0.1",16033,RQ3,134,24.7,12.36,24.7,12.698469877243042,"['Standard', '320p', 30, '10s']",0.0,12.698370218276978,0.0,"{""amp"": ""1"", ""aq-mode"": ""1"", ""aq-strength"": ""1.2"", ""b-adapt"": ""1"", ""bframes"": ""5"", ""crf"": ""18.0"", ""ctu"": ""32"", ""keyint"": ""340"", ""limit-refs"": ""0"", ""limit-tu"": ""1"", ""me"": ""hex"", ""merange"": ""20"", ""open-gop"": ""0"", ""psy-rd"": ""4.0"", ""psy-rdoq"": ""2.5"", ""qcomp"": ""0.5"", ""qpmax"": ""37"", ""qpmin"": ""8"", ""rc-lookahead"": ""53"", ""rd"": ""3"", ""rdoq-level"": ""2"", ""rect"": ""0"", ""ref"": ""2"", ""rskip"": ""1"", ""sao"": ""1"", ""scenecut"": ""6"", ""subme"": ""5"", ""tu-inter-depth"": ""4"", ""tu-intra-depth"": ""4"", ""weightb"": ""1"", ""weightp"": ""0"", ""wpp"": ""0""}"
x265,lf09_hard01,"lambda_f=0.9, hard=0.1",16033,RQ3,135,24.43,12.5,24.43,12.82607626914978,"['Standard', '320p', 30, '10s']",0.0,12.825976371765137,0.0,"{""amp"": ""0"", ""aq-mode"": ""2"", ""aq-strength"": ""0.5"", ""b-adapt"": ""1"", ""bframes"": ""7"", ""crf"": ""25.0"", ""ctu"": ""32"", ""keyint"": ""262"", ""limit-refs"": ""2"", ""limit-tu"": ""0"", ""me"": ""umh"", ""merange"": ""26"", ""open-gop"": ""0"", ""psy-rd"": ""2.5"", ""psy-rdoq"": ""2.5"", ""qcomp"": ""0.6"", ""qpmax"": ""27"", ""qpmin"": ""9"", ""rc-lookahead"": ""40"", ""rd"": ""3"", ""rdoq-level"": ""2"", ""rect"": ""0"", ""ref"": ""2"", ""rskip"": ""1"", ""sao"": ""0"", ""scenecut"": ""0"", ""subme"": ""3"", ""tu-inter-depth"": ""4"", ""tu-intra-depth"": ""4"", ""weightb"": ""0"", ""weightp"": ""0"", ""wpp"": ""1""}"
x265,lf09_hard01,"lambda_f=0.9, hard=0.1",16033,RQ3,136,76.82,4.01,76.82,4.350648880004883,"['Standard', '320p', 30, '10s']",0.0,4.3505518436431885,0.0,"{""amp"": ""1"", ""aq-mode"": ""4"", ""aq-strength"": ""1.0"", ""b-adapt"": ""1"", ""bframes"": ""1"", ""crf"": ""30.0"", ""ctu"": ""32"", ""keyint"": ""58"", ""limit-refs"": ""3"", ""limit-tu"": ""3"", ""me"": ""full"", ""merange"": ""16"", ""open-gop"": ""0"", ""psy-rd"": ""2.5"", ""psy-rdoq"": ""2.0"", ""qcomp"": ""0.5"", ""qpmax"": ""43"", ""qpmin"": ""12"", ""rc-lookahead"": ""22"", ""rd"": ""4"", ""rdoq-level"": ""0"", ""rect"": ""0"", ""ref"": ""4"", ""rskip"": ""1"", ""sao"": ""0"", ""scenecut"": ""57"", ""subme"": ""2"", ""tu-inter-depth"": ""1"", ""tu-intra-depth"": ""2"", ""weightb"": ""1"", ""weightp"": ""0"", ""wpp"": ""1""}"
x265,lf09_hard01,"lambda_f=0.9, hard=0.1",16033,RQ3,137,37.95,8.07,37.95,8.405507802963257,"['Standard', '320p', 30, '10s']",0.0,8.405396699905396,0.0,"{""amp"": ""1"", ""aq-mode"": ""4"", ""aq-strength"": ""1.0"", ""b-adapt"": ""1"", ""bframes"": ""8"", ""crf"": ""18.0"", ""ctu"": ""64"", ""keyint"": ""28"", ""limit-refs"": ""2"", ""limit-tu"": ""2"", ""me"": ""dia"", ""merange"": ""35"", ""open-gop"": ""0"", ""psy-rd"": ""0.5"", ""psy-rdoq"": ""3.5"", ""qcomp"": ""0.6"", ""qpmax"": ""26"", ""qpmin"": ""6"", ""rc-lookahead"": ""53"", ""rd"": ""3"", ""rdoq-level"": ""0"", ""rect"": ""0"", ""ref"": ""4"", ""rskip"": ""1"", ""sao"": ""0"", ""scenecut"": ""79"", ""subme"": ""3"", ""tu-inter-depth"": ""3"", ""tu-intra-depth"": ""3"", ""weightb"": ""1"", ""weightp"": ""0"", ""wpp"": ""0""}"
x265,lf09_hard01,"lambda_f=0.9, hard=0.1",16033,RQ3,138,13.94,21.86,13.94,22.19761824607849,"['Standard', '320p', 30, '10s']",0.0,22.19750475883484,0.0,"{""amp"": ""0"", ""aq-mode"": ""0"", ""aq-strength"": ""1.0"", ""b-adapt"": ""0"", ""bframes"": ""4"", ""crf"": ""25.0"", ""ctu"": ""16"", ""keyint"": ""293"", ""limit-refs"": ""3"", ""limit-tu"": ""3"", ""me"": ""umh"", ""merange"": ""43"", ""open-gop"": ""1"", ""psy-rd"": ""0.5"", ""psy-rdoq"": ""1.5"", ""qcomp"": ""0.7"", ""qpmax"": ""35"", ""qpmin"": ""3"", ""rc-lookahead"": ""54"", ""rd"": ""5"", ""rdoq-level"": ""2"", ""rect"": ""1"", ""ref"": ""5"", ""rskip"": ""1"", ""sao"": ""0"", ""scenecut"": ""55"", ""subme"": ""3"", ""tu-inter-depth"": ""3"", ""tu-intra-depth"": ""3"", ""weightb"": ""1"", ""weightp"": ""1"", ""wpp"": ""0""}"
x265,lf09_hard01,"lambda_f=0.9, hard=0.1",16033,RQ3,139,13.31,22.9,13.31,23.246957778930664,"['Standard', '320p', 30, '10s']",0.0,23.246840953826904,0.0,"{""amp"": ""0"", ""aq-mode"": ""3"", ""aq-strength"": ""0.5"", ""b-adapt"": ""2"", ""bframes"": ""7"", ""crf"": ""22.0"", ""ctu"": ""32"", ""keyint"": ""433"", ""limit-refs"": ""3"", ""limit-tu"": ""4"", ""me"": ""dia"", ""merange"": ""48"", ""open-gop"": ""0"", ""psy-rd"": ""1.5"", ""psy-rdoq"": ""4.0"", ""qcomp"": ""0.9"", ""qpmax"": ""30"", ""qpmin"": ""19"", ""rc-lookahead"": ""57"", ""rd"": ""5"", ""rdoq-level"": ""1"", ""rect"": ""0"", ""ref"": ""2"", ""rskip"": ""1"", ""sao"": ""0"", ""scenecut"": ""28"", ""subme"": ""5"", ""tu-inter-depth"": ""4"", ""tu-intra-depth"": ""4"", ""weightb"": ""1"", ""weightp"": ""0"", ""wpp"": ""0""}"
x265,lf09_hard01,"lambda_f=0.9, hard=0.1",16033,RQ3,140,48.56,6.31,48.56,6.642956256866455,"['Standard', '320p', 30, '10s']",0.0,6.642858982086182,0.0,"{""amp"": ""1"", ""aq-mode"": ""4"", ""aq-strength"": ""0.0"", ""b-adapt"": ""0"", ""bframes"": ""6"", ""crf"": ""30.0"", ""ctu"": ""32"", ""keyint"": ""54"", ""limit-refs"": ""3"", ""limit-tu"": ""1"", ""me"": ""umh"", ""merange"": ""45"", ""open-gop"": ""0"", ""psy-rd"": ""0.0"", ""psy-rdoq"": ""3.5"", ""qcomp"": ""0.75"", ""qpmax"": ""36"", ""qpmin"": ""11"", ""rc-lookahead"": ""20"", ""rd"": ""4"", ""rdoq-level"": ""1"", ""rect"": ""1"", ""ref"": ""3"", ""rskip"": ""0"", ""sao"": ""0"", ""scenecut"": ""29"", ""subme"": ""2"", ""tu-inter-depth"": ""4"", ""tu-intra-depth"": ""4"", ""weightb"": ""0"", ""weightp"": ""1"", ""wpp"": ""0""}"
x265,lf09_hard01,"lambda_f=0.9, hard=0.1",16033,RQ3,141,11.1,27.45,11.1,27.833908796310425,"['Standard', '320p', 30, '10s']",0.0,27.833751440048218,0.0,"{""amp"": ""0"", ""aq-mode"": ""3"", ""aq-strength"": ""1.8"", ""b-adapt"": ""1"", ""bframes"": ""1"", ""crf"": ""30.0"", ""ctu"": ""64"", ""keyint"": ""329"", ""limit-refs"": ""2"", ""limit-tu"": ""3"", ""me"": ""umh"", ""merange"": ""19"", ""open-gop"": ""0"", ""psy-rd"": ""3.0"", ""psy-rdoq"": ""4.0"", ""qcomp"": ""1.0"", ""qpmax"": ""49"", ""qpmin"": ""17"", ""rc-lookahead"": ""42"", ""rd"": ""5"", ""rdoq-level"": ""1"", ""rect"": ""1"", ""ref"": ""5"", ""rskip"": ""0"", ""sao"": ""0"", ""scenecut"": ""87"", ""subme"": ""3"", ""tu-inter-depth"": ""3"", ""tu-intra-depth"": ""2"", ""weightb"": ""0"", ""weightp"": ""1"", ""wpp"": ""0""}"
x265,lf09_hard01,"lambda_f=0.9, hard=0.1",16033,RQ3,142,107.96,2.87,107.96,3.203026056289673,"['Standard', '320p', 30, '10s']",0.0,3.2029330730438232,0.0,"{""amp"": ""0"", ""aq-mode"": ""2"", ""aq-strength"": ""1.5"", ""b-adapt"": ""0"", ""bframes"": ""3"", ""crf"": ""32.0"", ""ctu"": ""16"", ""keyint"": ""132"", ""limit-refs"": ""3"", ""limit-tu"": ""2"", ""me"": ""umh"", ""merange"": ""18"", ""open-gop"": ""1"", ""psy-rd"": ""2.5"", ""psy-rdoq"": ""0.5"", ""qcomp"": ""0.6"", ""qpmax"": ""50"", ""qpmin"": ""9"", ""rc-lookahead"": ""50"", ""rd"": ""4"", ""rdoq-level"": ""1"", ""rect"": ""0"", ""ref"": ""1"", ""rskip"": ""1"", ""sao"": ""0"", ""scenecut"": ""27"", ""subme"": ""2"", ""tu-inter-depth"": ""1"", ""tu-intra-depth"": ""3"", ""weightb"": ""0"", ""weightp"": ""0"", ""wpp"": ""1""}"
x265,lf09_hard01,"lambda_f=0.9, hard=0.1",16033,RQ3,143,6.66,45.67,6.66,46.004902362823486,"['Standard', '320p', 30, '10s']",0.0,46.00480389595032,0.0,"{""amp"": ""0"", ""aq-mode"": ""1"", ""aq-strength"": ""1.2"", ""b-adapt"": ""1"", ""bframes"": ""7"", ""crf"": ""25.0"", ""ctu"": ""64"", ""keyint"": ""333"", ""limit-refs"": ""0"", ""limit-tu"": ""2"", ""me"": ""star"", ""merange"": ""19"", ""open-gop"": ""0"", ""psy-rd"": ""0.5"", ""psy-rdoq"": ""3.5"", ""qcomp"": ""0.8"", ""qpmax"": ""24"", ""qpmin"": ""4"", ""rc-lookahead"": ""41"", ""rd"": ""6"", ""rdoq-level"": ""1"", ""rect"": ""0"", ""ref"": ""1"", ""rskip"": ""0"", ""sao"": ""0"", ""scenecut"": ""20"", ""subme"": ""2"", ""tu-inter-depth"": ""3"", ""tu-intra-depth"": ""3"", ""weightb"": ""1"", ""weightp"": ""0"", ""wpp"": ""0""}"
x265,lf09_hard01,"lambda_f=0.9, hard=0.1",16033,RQ3,144,23.95,12.75,23.95,13.091695308685303,"['Standard', '320p', 30, '10s']",0.0,13.09158968925476,0.0,"{""amp"": ""1"", ""aq-mode"": ""3"", ""aq-strength"": ""0.0"", ""b-adapt"": ""2"", ""bframes"": ""3"", ""crf"": ""32.0"", ""ctu"": ""64"", ""keyint"": ""241"", ""limit-refs"": ""1"", ""limit-tu"": ""1"", ""me"": ""hex"", ""merange"": ""52"", ""open-gop"": ""1"", ""psy-rd"": ""1.5"", ""psy-rdoq"": ""0.0"", ""qcomp"": ""0.6"", ""qpmax"": ""23"", ""qpmin"": ""11"", ""rc-lookahead"": ""23"", ""rd"": ""3"", ""rdoq-level"": ""0"", ""rect"": ""1"", ""ref"": ""3"", ""rskip"": ""1"", ""sao"": ""1"", ""scenecut"": ""1"", ""subme"": ""4"", ""tu-inter-depth"": ""2"", ""tu-intra-depth"": ""3"", ""weightb"": ""0"", ""weightp"": ""1"", ""wpp"": ""1""}"
x265,lf09_hard01,"lambda_f=0.9, hard=0.1",16033,RQ3,145,34.6,8.84,34.6,9.173776865005493,"['Standard', '320p', 30, '10s']",0.0,9.173669338226318,0.0,"{""amp"": ""0"", ""aq-mode"": ""1"", ""aq-strength"": ""1.2"", ""b-adapt"": ""0"", ""bframes"": ""0"", ""crf"": ""25.0"", ""ctu"": ""64"", ""keyint"": ""64"", ""limit-refs"": ""0"", ""limit-tu"": ""1"", ""me"": ""umh"", ""merange"": ""54"", ""open-gop"": ""0"", ""psy-rd"": ""3.5"", ""psy-rdoq"": ""4.5"", ""qcomp"": ""0.7"", ""qpmax"": ""44"", ""qpmin"": ""2"", ""rc-lookahead"": ""21"", ""rd"": ""4"", ""rdoq-level"": ""1"", ""rect"": ""0"", ""ref"": ""5"", ""rskip"": ""1"", ""sao"": ""1"", ""scenecut"": ""63"", ""subme"": ""4"", ""tu-inter-depth"": ""3"", ""tu-intra-depth"": ""4"", ""weightb"": ""0"", ""weightp"": ""0"", ""wpp"": ""0""}"
x265,lf09_hard01,"lambda_f=0.9, hard=0.1",16033,RQ3,146,30.5,10.02,30.5,10.35944938659668,"['Standard', '320p', 30, '10s']",0.0,10.359348773956299,0.0,"{""amp"": ""1"", ""aq-mode"": ""4"", ""aq-strength"": ""1.0"", ""b-adapt"": ""2"", ""bframes"": ""5"", ""crf"": ""22.0"", ""ctu"": ""64"", ""keyint"": ""180"", ""limit-refs"": ""0"", ""limit-tu"": ""4"", ""me"": ""dia"", ""merange"": ""29"", ""open-gop"": ""1"", ""psy-rd"": ""2.0"", ""psy-rdoq"": ""1.0"", ""qcomp"": ""0.6"", ""qpmax"": ""34"", ""qpmin"": ""0"", ""rc-lookahead"": ""46"", ""rd"": ""4"", ""rdoq-level"": ""2"", ""rect"": ""1"", ""ref"": ""2"", ""rskip"": ""1"", ""sao"": ""0"", ""scenecut"": ""79"", ""subme"": ""4"", ""tu-inter-depth"": ""4"", ""tu-intra-depth"": ""2"", ""weightb"": ""1"", ""weightp"": ""1"", ""wpp"": ""1""}"
x265,lf09_hard01,"lambda_f=0.9, hard=0.1",16033,RQ3,147,23.08,13.23,23.08,13.569767713546753,"['Standard', '320p', 30, '10s']",0.0,13.569667339324951,0.0,"{""amp"": ""1"", ""aq-mode"": ""3"", ""aq-strength"": ""0.0"", ""b-adapt"": ""1"", ""bframes"": ""7"", ""crf"": ""18.0"", ""ctu"": ""64"", ""keyint"": ""52"", ""limit-refs"": ""3"", ""limit-tu"": ""0"", ""me"": ""hex"", ""merange"": ""51"", ""open-gop"": ""1"", ""psy-rd"": ""0.0"", ""psy-rdoq"": ""3.0"", ""qcomp"": ""0.7"", ""qpmax"": ""27"", ""qpmin"": ""15"", ""rc-lookahead"": ""19"", ""rd"": ""3"", ""rdoq-level"": ""0"", ""rect"": ""1"", ""ref"": ""2"", ""rskip"": ""1"", ""sao"": ""0"", ""scenecut"": ""5"", ""subme"": ""4"", ""tu-inter-depth"": ""4"", ""tu-intra-depth"": ""2"", ""weightb"": ""1"", ""weightp"": ""0"", ""wpp"": ""0""}"
x265,lf09_hard01,"lambda_f=0.9, hard=0.1",16033,RQ3,148,35.84,8.54,35.84,8.87567663192749,"['Standard', '320p', 30, '10s']",0.0,8.875577449798584,0.0,"{""amp"": ""1"", ""aq-mode"": ""4"", ""aq-strength"": ""2.0"", ""b-adapt"": ""0"", ""bframes"": ""1"", ""crf"": ""20.0"", ""ctu"": ""32"", ""keyint"": ""231"", ""limit-refs"": ""1"", ""limit-tu"": ""1"", ""me"": ""dia"", ""merange"": ""23"", ""open-gop"": ""1"", ""psy-rd"": ""0.0"", ""psy-rdoq"": ""3.5"", ""qcomp"": ""0.9"", ""qpmax"": ""33"", ""qpmin"": ""13"", ""rc-lookahead"": ""50"", ""rd"": ""4"", ""rdoq-level"": ""0"", ""rect"": ""1"", ""ref"": ""6"", ""rskip"": ""1"", ""sao"": ""0"", ""scenecut"": ""77"", ""subme"": ""3"", ""tu-inter-depth"": ""1"", ""tu-intra-depth"": ""1"", ""weightb"": ""0"", ""weightp"": ""0"", ""wpp"": ""1""}"
x265,lf09_hard01,"lambda_f=0.9, hard=0.1",16033,RQ3,149,20.51,14.88,20.51,15.281774044036865,"['Standard', '320p', 30, '10s']",0.0,15.281622171401978,0.0,"{""amp"": ""0"", ""aq-mode"": ""0"", ""aq-strength"": ""1.8"", ""b-adapt"": ""0"", ""bframes"": ""4"", ""crf"": ""18.0"", ""ctu"": ""64"", ""keyint"": ""52"", ""limit-refs"": ""0"", ""limit-tu"": ""4"", ""me"": ""dia"", ""merange"": ""39"", ""open-gop"": ""1"", ""psy-rd"": ""0.5"", ""psy-rdoq"": ""3.0"", ""qcomp"": ""0.5"", ""qpmax"": ""23"", ""qpmin"": ""17"", ""rc-lookahead"": ""29"", ""rd"": ""3"", ""rdoq-level"": ""1"", ""rect"": ""1"", ""ref"": ""1"", ""rskip"": ""0"", ""sao"": ""0"", ""scenecut"": ""23"", ""subme"": ""2"", ""tu-inter-depth"": ""2"", ""tu-intra-depth"": ""1"", ""weightb"": ""1"", ""weightp"": ""0"", ""wpp"": ""1""}"
x265,lf09_hard01,"lambda_f=0.9, hard=0.1",16033,RQ3,150,7.39,41.2,7.39,41.607617139816284,"['Standard', '320p', 30, '10s']",0.0,41.607460737228394,0.0,"{""amp"": ""0"", ""aq-mode"": ""4"", ""aq-strength"": ""1.8"", ""b-adapt"": ""1"", ""bframes"": ""3"", ""crf"": ""18.0"", ""ctu"": ""64"", ""keyint"": ""52"", ""limit-refs"": ""3"", ""limit-tu"": ""0"", ""me"": ""star"", ""merange"": ""37"", ""open-gop"": ""0"", ""psy-rd"": ""0.0"", ""psy-rdoq"": ""4.0"", ""qcomp"": ""1.0"", ""qpmax"": ""30"", ""qpmin"": ""0"", ""rc-lookahead"": ""37"", ""rd"": ""5"", ""rdoq-level"": ""2"", ""rect"": ""1"", ""ref"": ""3"", ""rskip"": ""1"", ""sao"": ""0"", ""scenecut"": ""10"", ""subme"": ""4"", ""tu-inter-depth"": ""2"", ""tu-intra-depth"": ""4"", ""weightb"": ""0"", ""weightp"": ""1"", ""wpp"": ""0""}"
x265,lf09_hard01,"lambda_f=0.9, hard=0.1",16033,RQ3,151,13.41,22.71,13.41,23.05444097518921,"['Standard', '320p', 30, '10s']",0.0,23.054328203201294,0.0,"{""amp"": ""0"", ""aq-mode"": ""3"", ""aq-strength"": ""2.0"", ""b-adapt"": ""1"", ""bframes"": ""5"", ""crf"": ""20.0"", ""ctu"": ""32"", ""keyint"": ""42"", ""limit-refs"": ""0"", ""limit-tu"": ""3"", ""me"": ""hex"", ""merange"": ""24"", ""open-gop"": ""0"", ""psy-rd"": ""1.0"", ""psy-rdoq"": ""0.0"", ""qcomp"": ""0.6"", ""qpmax"": ""42"", ""qpmin"": ""7"", ""rc-lookahead"": ""40"", ""rd"": ""5"", ""rdoq-level"": ""0"", ""rect"": ""1"", ""ref"": ""3"", ""rskip"": ""1"", ""sao"": ""0"", ""scenecut"": ""65"", ""subme"": ""1"", ""tu-inter-depth"": ""3"", ""tu-intra-depth"": ""2"", ""weightb"": ""0"", ""weightp"": ""0"", ""wpp"": ""1""}"
x265,lf09_hard01,"lambda_f=0.9, hard=0.1",16033,RQ3,152,18.48,16.5,18.48,16.827500820159912,"['Standard', '320p', 30, '10s']",0.0,16.827406883239746,0.0,"{""amp"": ""0"", ""aq-mode"": ""4"", ""aq-strength"": ""2.0"", ""b-adapt"": ""0"", ""bframes"": ""3"", ""crf"": ""28.0"", ""ctu"": ""32"", ""keyint"": ""332"", ""limit-refs"": ""3"", ""limit-tu"": ""4"", ""me"": ""hex"", ""merange"": ""33"", ""open-gop"": ""1"", ""psy-rd"": ""0.0"", ""psy-rdoq"": ""2.5"", ""qcomp"": ""0.9"", ""qpmax"": ""31"", ""qpmin"": ""17"", ""rc-lookahead"": ""26"", ""rd"": ""5"", ""rdoq-level"": ""1"", ""rect"": ""1"", ""ref"": ""5"", ""rskip"": ""0"", ""sao"": ""0"", ""scenecut"": ""100"", ""subme"": ""1"", ""tu-inter-depth"": ""3"", ""tu-intra-depth"": ""1"", ""weightb"": ""1"", ""weightp"": ""1"", ""wpp"": ""1""}"
x265,lf09_hard01,"lambda_f=0.9, hard=0.1",16033,RQ3,153,29.09,10.5,29.09,10.843165636062622,"['Standard', '320p', 30, '10s']",0.0,10.84307050704956,0.0,"{""amp"": ""1"", ""aq-mode"": ""3"", ""aq-strength"": ""0.8"", ""b-adapt"": ""2"", ""bframes"": ""3"", ""crf"": ""28.0"", ""ctu"": ""64"", ""keyint"": ""485"", ""limit-refs"": ""2"", ""limit-tu"": ""0"", ""me"": ""hex"", ""merange"": ""60"", ""open-gop"": ""0"", ""psy-rd"": ""2.5"", ""psy-rdoq"": ""3.0"", ""qcomp"": ""0.6"", ""qpmax"": ""46"", ""qpmin"": ""6"", ""rc-lookahead"": ""12"", ""rd"": ""3"", ""rdoq-level"": ""1"", ""rect"": ""1"", ""ref"": ""1"", ""rskip"": ""0"", ""sao"": ""0"", ""scenecut"": ""48"", ""subme"": ""5"", ""tu-inter-depth"": ""4"", ""tu-intra-depth"": ""2"", ""weightb"": ""0"", ""weightp"": ""0"", ""wpp"": ""0""}"
x265,lf09_hard01,"lambda_f=0.9, hard=0.1",16033,RQ3,154,20.29,15.04,20.29,15.418822765350342,"['Standard', '320p', 30, '10s']",0.0,15.41867184638977,0.0,"{""amp"": ""0"", ""aq-mode"": ""4"", ""aq-strength"": ""0.8"", ""b-adapt"": ""2"", ""bframes"": ""8"", ""crf"": ""28.0"", ""ctu"": ""32"", ""keyint"": ""454"", ""limit-refs"": ""1"", ""limit-tu"": ""2"", ""me"": ""umh"", ""merange"": ""63"", ""open-gop"": ""1"", ""psy-rd"": ""0.5"", ""psy-rdoq"": ""1.0"", ""qcomp"": ""0.7"", ""qpmax"": ""37"", ""qpmin"": ""15"", ""rc-lookahead"": ""21"", ""rd"": ""5"", ""rdoq-level"": ""2"", ""rect"": ""1"", ""ref"": ""5"", ""rskip"": ""1"", ""sao"": ""0"", ""scenecut"": ""96"", ""subme"": ""1"", ""tu-inter-depth"": ""4"", ""tu-intra-depth"": ""1"", ""weightb"": ""0"", ""weightp"": ""1"", ""wpp"": ""0""}"
x265,lf09_hard01,"lambda_f=0.9, hard=0.1",16033,RQ3,155,60.38,5.09,60.38,5.434677362442017,"['Standard', '320p', 30, '10s']",0.0,5.4345784187316895,0.0,"{""amp"": ""0"", ""aq-mode"": ""1"", ""aq-strength"": ""0.0"", ""b-adapt"": ""1"", ""bframes"": ""7"", ""crf"": ""28.0"", ""ctu"": ""32"", ""keyint"": ""253"", ""limit-refs"": ""2"", ""limit-tu"": ""2"", ""me"": ""umh"", ""merange"": ""42"", ""open-gop"": ""1"", ""psy-rd"": ""4.0"", ""psy-rdoq"": ""4.0"", ""qcomp"": ""0.8"", ""qpmax"": ""39"", ""qpmin"": ""18"", ""rc-lookahead"": ""18"", ""rd"": ""3"", ""rdoq-level"": ""1"", ""rect"": ""1"", ""ref"": ""6"", ""rskip"": ""1"", ""sao"": ""1"", ""scenecut"": ""68"", ""subme"": ""2"", ""tu-inter-depth"": ""1"", ""tu-intra-depth"": ""1"", ""weightb"": ""1"", ""weightp"": ""0"", ""wpp"": ""1""}"
x265,lf09_hard01,"lambda_f=0.9, hard=0.1",16033,RQ3,156,24.58,12.42,24.58,12.762798547744751,"['Standard', '320p', 30, '10s']",0.0,12.762698411941528,0.0,"{""amp"": ""1"", ""aq-mode"": ""1"", ""aq-strength"": ""1.0"", ""b-adapt"": ""1"", ""bframes"": ""7"", ""crf"": ""28.0"", ""ctu"": ""64"", ""keyint"": ""305"", ""limit-refs"": ""3"", ""limit-tu"": ""0"", ""me"": ""dia"", ""merange"": ""44"", ""open-gop"": ""1"", ""psy-rd"": ""0.0"", ""psy-rdoq"": ""1.5"", ""qcomp"": ""0.8"", ""qpmax"": ""20"", ""qpmin"": ""17"", ""rc-lookahead"": ""37"", ""rd"": ""2"", ""rdoq-level"": ""0"", ""rect"": ""1"", ""ref"": ""3"", ""rskip"": ""0"", ""sao"": ""0"", ""scenecut"": ""80"", ""subme"": ""5"", ""tu-inter-depth"": ""2"", ""tu-intra-depth"": ""3"", ""weightb"": ""0"", ""weightp"": ""1"", ""wpp"": ""0""}"
x265,lf09_hard01,"lambda_f=0.9, hard=0.1",16033,RQ3,157,124.26,2.5,124.26,2.848043203353882,"['Standard', '320p', 30, '10s']",0.0,2.847947597503662,0.0,"{""amp"": ""1"", ""aq-mode"": ""2"", ""aq-strength"": ""2.0"", ""b-adapt"": ""1"", ""bframes"": ""1"", ""crf"": ""32.0"", ""ctu"": ""64"", ""keyint"": ""116"", ""limit-refs"": ""3"", ""limit-tu"": ""3"", ""me"": ""umh"", ""merange"": ""36"", ""open-gop"": ""0"", ""psy-rd"": ""4.0"", ""psy-rdoq"": ""5.0"", ""qcomp"": ""1.0"", ""qpmax"": ""43"", ""qpmin"": ""12"", ""rc-lookahead"": ""24"", ""rd"": ""4"", ""rdoq-level"": ""0"", ""rect"": ""0"", ""ref"": ""4"", ""rskip"": ""1"", ""sao"": ""0"", ""scenecut"": ""98"", ""subme"": ""2"", ""tu-inter-depth"": ""2"", ""tu-intra-depth"": ""2"", ""weightb"": ""1"", ""weightp"": ""0"", ""wpp"": ""0""}"
x265,lf09_hard01,"lambda_f=0.9, hard=0.1",16033,RQ3,158,11.91,25.58,11.91,25.902954816818237,"['Standard', '320p', 30, '10s']",0.0,25.902852773666382,0.0,"{""amp"": ""0"", ""aq-mode"": ""4"", ""aq-strength"": ""0.5"", ""b-adapt"": ""2"", ""bframes"": ""8"", ""crf"": ""22.0"", ""ctu"": ""32"", ""keyint"": ""183"", ""limit-refs"": ""0"", ""limit-tu"": ""1"", ""me"": ""star"", ""merange"": ""34"", ""open-gop"": ""1"", ""psy-rd"": ""0.0"", ""psy-rdoq"": ""4.5"", ""qcomp"": ""0.7"", ""qpmax"": ""26"", ""qpmin"": ""1"", ""rc-lookahead"": ""20"", ""rd"": ""6"", ""rdoq-level"": ""1"", ""rect"": ""0"", ""ref"": ""2"", ""rskip"": ""1"", ""sao"": ""1"", ""scenecut"": ""86"", ""subme"": ""4"", ""tu-inter-depth"": ""2"", ""tu-intra-depth"": ""1"", ""weightb"": ""0"", ""weightp"": ""1"", ""wpp"": ""1""}"
x265,lf09_hard01,"lambda_f=0.9, hard=0.1",16033,RQ3,159,15.75,19.36,15.75,19.75500464439392,"['Standard', '320p', 30, '10s']",0.0,19.754852771759033,0.0,"{""amp"": ""0"", ""aq-mode"": ""3"", ""aq-strength"": ""1.5"", ""b-adapt"": ""1"", ""bframes"": ""1"", ""crf"": ""28.0"", ""ctu"": ""32"", ""keyint"": ""46"", ""limit-refs"": ""1"", ""limit-tu"": ""1"", ""me"": ""hex"", ""merange"": ""38"", ""open-gop"": ""1"", ""psy-rd"": ""1.0"", ""psy-rdoq"": ""1.0"", ""qcomp"": ""0.8"", ""qpmax"": ""43"", ""qpmin"": ""18"", ""rc-lookahead"": ""59"", ""rd"": ""5"", ""rdoq-level"": ""2"", ""rect"": ""1"", ""ref"": ""2"", ""rskip"": ""1"", ""sao"": ""1"", ""scenecut"": ""78"", ""subme"": ""3"", ""tu-inter-depth"": ""3"", ""tu-intra-depth"": ""2"", ""weightb"": ""1"", ""weightp"": ""1"", ""wpp"": ""0""}"
x265,lf09_hard01,"lambda_f=0.9, hard=0.1",16033,RQ3,160,34.52,8.86,34.52,9.19157338142395,"['Standard', '320p', 30, '10s']",0.0,9.191470861434937,0.0,"{""amp"": ""0"", ""aq-mode"": ""1"", ""aq-strength"": ""2.0"", ""b-adapt"": ""2"", ""bframes"": ""8"", ""crf"": ""30.0"", ""ctu"": ""32"", ""keyint"": ""135"", ""limit-refs"": ""1"", ""limit-tu"": ""0"", ""me"": ""umh"", ""merange"": ""58"", ""open-gop"": ""0"", ""psy-rd"": ""0.0"", ""psy-rdoq"": ""4.5"", ""qcomp"": ""0.7"", ""qpmax"": ""33"", ""qpmin"": ""7"", ""rc-lookahead"": ""34"", ""rd"": ""4"", ""rdoq-level"": ""2"", ""rect"": ""1"", ""ref"": ""3"", ""rskip"": ""1"", ""sao"": ""1"", ""scenecut"": ""24"", ""subme"": ""2"", ""tu-inter-depth"": ""4"", ""tu-intra-depth"": ""3"", ""weightb"": ""0"", ""weightp"": ""0"", ""wpp"": ""0""}"
x265,lf09_hard01,"lambda_f=0.9, hard=0.1",16033,RQ3,161,66.36,4.64,66.36,5.033048152923584,"['Standard', '320p', 30, '10s']",0.0,5.032900333404541,0.0,"{""amp"": ""0"", ""aq-mode"": ""0"", ""aq-strength"": ""0.5"", ""b-adapt"": ""1"", ""bframes"": ""1"", ""crf"": ""32.0"", ""ctu"": ""64"", ""keyint"": ""186"", ""limit-refs"": ""3"", ""limit-tu"": ""1"", ""me"": ""star"", ""merange"": ""36"", ""open-gop"": ""0"", ""psy-rd"": ""2.0"", ""psy-rdoq"": ""0.0"", ""qcomp"": ""0.9"", ""qpmax"": ""34"", ""qpmin"": ""11"", ""rc-lookahead"": ""22"", ""rd"": ""4"", ""rdoq-level"": ""2"", ""rect"": ""0"", ""ref"": ""4"", ""rskip"": ""0"", ""sao"": ""0"", ""scenecut"": ""98"", ""subme"": ""5"", ""tu-inter-depth"": ""1"", ""tu-intra-depth"": ""2"", ""weightb"": ""1"", ""weightp"": ""0"", ""wpp"": ""1""}"
x265,lf09_hard01,"lambda_f=0.9, hard=0.1",16033,RQ3,162,77.73,3.96,77.73,4.307559967041016,"['Standard', '320p', 30, '10s']",0.0,4.307463645935059,0.0,"{""amp"": ""0"", ""aq-mode"": ""3"", ""aq-strength"": ""1.0"", ""b-adapt"": ""1"", ""bframes"": ""2"", ""crf"": ""28.0"", ""ctu"": ""16"", ""keyint"": ""384"", ""limit-refs"": ""1"", ""limit-tu"": ""1"", ""me"": ""dia"", ""merange"": ""62"", ""open-gop"": ""0"", ""psy-rd"": ""3.0"", ""psy-rdoq"": ""4.5"", ""qcomp"": ""0.9"", ""qpmax"": ""34"", ""qpmin"": ""5"", ""rc-lookahead"": ""20"", ""rd"": ""4"", ""rdoq-level"": ""0"", ""rect"": ""1"", ""ref"": ""1"", ""rskip"": ""1"", ""sao"": ""1"", ""scenecut"": ""24"", ""subme"": ""2"", ""tu-inter-depth"": ""2"", ""tu-intra-depth"": ""3"", ""weightb"": ""1"", ""weightp"": ""1"", ""wpp"": ""0""}"
x265,lf09_hard01,"lambda_f=0.9, hard=0.1",16033,RQ3,163,41.6,7.4,41.6,8.04449725151062,"['Standard', '320p', 30, '10s']",0.0,8.04433298110962,0.0,"{""amp"": ""0"", ""aq-mode"": ""0"", ""aq-strength"": ""1.8"", ""b-adapt"": ""1"", ""bframes"": ""0"", ""crf"": ""18.0"", ""ctu"": ""32"", ""keyint"": ""139"", ""limit-refs"": ""0"", ""limit-tu"": ""4"", ""me"": ""hex"", ""merange"": ""41"", ""open-gop"": ""0"", ""psy-rd"": ""0.5"", ""psy-rdoq"": ""0.5"", ""qcomp"": ""0.7"", ""qpmax"": ""49"", ""qpmin"": ""12"", ""rc-lookahead"": ""22"", ""rd"": ""3"", ""rdoq-level"": ""0"", ""rect"": ""0"", ""ref"": ""1"", ""rskip"": ""1"", ""sao"": ""0"", ""scenecut"": ""48"", ""subme"": ""1"", ""tu-inter-depth"": ""3"", ""tu-intra-depth"": ""2"", ""weightb"": ""0"", ""weightp"": ""0"", ""wpp"": ""1""}"
x265,lf09_hard01,"lambda_f=0.9, hard=0.1",16033,RQ3,164,13.78,22.11,13.78,22.46043586730957,"['Standard', '320p', 30, '10s']",0.0,22.460333824157715,0.0,"{""amp"": ""0"", ""aq-mode"": ""1"", ""aq-strength"": ""1.2"", ""b-adapt"": ""0"", ""bframes"": ""2"", ""crf"": ""20.0"", ""ctu"": ""64"", ""keyint"": ""269"", ""limit-refs"": ""1"", ""limit-tu"": ""0"", ""me"": ""hex"", ""merange"": ""46"", ""open-gop"": ""1"", ""psy-rd"": ""0.0"", ""psy-rdoq"": ""5.0"", ""qcomp"": ""0.6"", ""qpmax"": ""29"", ""qpmin"": ""18"", ""rc-lookahead"": ""16"", ""rd"": ""6"", ""rdoq-level"": ""0"", ""rect"": ""1"", ""ref"": ""1"", ""rskip"": ""1"", ""sao"": ""0"", ""scenecut"": ""72"", ""subme"": ""5"", ""tu-inter-depth"": ""4"", ""tu-intra-depth"": ""1"", ""weightb"": ""0"", ""weightp"": ""0"", ""wpp"": ""0""}"
x265,lf09_hard01,"lambda_f=0.9, hard=0.1",16033,RQ3,165,51.87,5.92,51.87,6.268554449081421,"['Standard', '320p', 30, '10s']",0.0,6.268451690673828,0.0,"{""amp"": ""0"", ""aq-mode"": ""1"", ""aq-strength"": ""1.2"", ""b-adapt"": ""1"", ""bframes"": ""2"", ""crf"": ""20.0"", ""ctu"": ""16"", ""keyint"": ""357"", ""limit-refs"": ""2"", ""limit-tu"": ""2"", ""me"": ""hex"", ""merange"": ""31"", ""open-gop"": ""1"", ""psy-rd"": ""0.0"", ""psy-rdoq"": ""1.0"", ""qcomp"": ""0.7"", ""qpmax"": ""31"", ""qpmin"": ""19"", ""rc-lookahead"": ""35"", ""rd"": ""2"", ""rdoq-level"": ""1"", ""rect"": ""1"", ""ref"": ""4"", ""rskip"": ""1"", ""sao"": ""0"", ""scenecut"": ""20"", ""subme"": ""3"", ""tu-inter-depth"": ""3"", ""tu-intra-depth"": ""3"", ""weightb"": ""0"", ""weightp"": ""1"", ""wpp"": ""0""}"
x265,lf09_hard01,"lambda_f=0.9, hard=0.1",16033,RQ3,166,5.58,54.51,5.58,54.8497416973114,"['Standard', '320p', 30, '10s']",0.0,54.849639654159546,0.0,"{""amp"": ""0"", ""aq-mode"": ""0"", ""aq-strength"": ""1.8"", ""b-adapt"": ""1"", ""bframes"": ""6"", ""crf"": ""32.0"", ""ctu"": ""64"", ""keyint"": ""433"", ""limit-refs"": ""3"", ""limit-tu"": ""1"", ""me"": ""hex"", ""merange"": ""58"", ""open-gop"": ""0"", ""psy-rd"": ""2.0"", ""psy-rdoq"": ""2.5"", ""qcomp"": ""0.7"", ""qpmax"": ""23"", ""qpmin"": ""13"", ""rc-lookahead"": ""51"", ""rd"": ""6"", ""rdoq-level"": ""1"", ""rect"": ""1"", ""ref"": ""3"", ""rskip"": ""1"", ""sao"": ""1"", ""scenecut"": ""72"", ""subme"": ""5"", ""tu-inter-depth"": ""3"", ""tu-intra-depth"": ""3"", ""weightb"": ""0"", ""weightp"": ""0"", ""wpp"": ""1""}"
x265,lf09_hard01,"lambda_f=0.9, hard=0.1",16033,RQ3,167,31.99,9.56,31.99,9.892802000045776,"['Standard', '320p', 30, '10s']",0.0,9.892709732055664,0.0,"{""amp"": ""1"", ""aq-mode"": ""4"", ""aq-strength"": ""1.2"", ""b-adapt"": ""0"", ""bframes"": ""0"", ""crf"": ""22.0"", ""ctu"": ""16"", ""keyint"": ""210"", ""limit-refs"": ""0"", ""limit-tu"": ""0"", ""me"": ""dia"", ""merange"": ""36"", ""open-gop"": ""1"", ""psy-rd"": ""4.0"", ""psy-rdoq"": ""4.5"", ""qcomp"": ""0.7"", ""qpmax"": ""25"", ""qpmin"": ""19"", ""rc-lookahead"": ""43"", ""rd"": ""4"", ""rdoq-level"": ""1"", ""rect"": ""0"", ""ref"": ""5"", ""rskip"": ""1"", ""sao"": ""0"", ""scenecut"": ""95"", ""subme"": ""5"", ""tu-inter-depth"": ""1"", ""tu-intra-depth"": ""1"", ""weightb"": ""1"", ""weightp"": ""1"", ""wpp"": ""0""}"
x265,lf09_hard01,"lambda_f=0.9, hard=0.1",16033,RQ3,168,41.99,7.33,41.99,7.712497711181641,"['Standard', '320p', 30, '10s']",0.0,7.712404727935791,0.0,"{""amp"": ""1"", ""aq-mode"": ""1"", ""aq-strength"": ""1.8"", ""b-adapt"": ""0"", ""bframes"": ""0"", ""crf"": ""22.0"", ""ctu"": ""32"", ""keyint"": ""130"", ""limit-refs"": ""1"", ""limit-tu"": ""4"", ""me"": ""full"", ""merange"": ""28"", ""open-gop"": ""0"", ""psy-rd"": ""1.0"", ""psy-rdoq"": ""5.0"", ""qcomp"": ""0.5"", ""qpmax"": ""42"", ""qpmin"": ""11"", ""rc-lookahead"": ""14"", ""rd"": ""3"", ""rdoq-level"": ""0"", ""rect"": ""0"", ""ref"": ""3"", ""rskip"": ""1"", ""sao"": ""0"", ""scenecut"": ""13"", ""subme"": ""2"", ""tu-inter-depth"": ""2"", ""tu-intra-depth"": ""3"", ""weightb"": ""0"", ""weightp"": ""1"", ""wpp"": ""1""}"
x265,lf09_hard01,"lambda_f=0.9, hard=0.1",16033,RQ3,169,11.66,26.12,11.66,26.455646753311157,"['Standard', '320p', 30, '10s']",0.0,26.455546379089355,0.0,"{""amp"": ""0"", ""aq-mode"": ""2"", ""aq-strength"": ""1.5"", ""b-adapt"": ""1"", ""bframes"": ""4"", ""crf"": ""18.0"", ""ctu"": ""64"", ""keyint"": ""410"", ""limit-refs"": ""3"", ""limit-tu"": ""0"", ""me"": ""hex"", ""merange"": ""61"", ""open-gop"": ""1"", ""psy-rd"": ""0.0"", ""psy-rdoq"": ""5.0"", ""qcomp"": ""1.0"", ""qpmax"": ""38"", ""qpmin"": ""9"", ""rc-lookahead"": ""59"", ""rd"": ""4"", ""rdoq-level"": ""2"", ""rect"": ""1"", ""ref"": ""4"", ""rskip"": ""0"", ""sao"": ""1"", ""scenecut"": ""68"", ""subme"": ""3"", ""tu-inter-depth"": ""4"", ""tu-intra-depth"": ""3"", ""weightb"": ""0"", ""weightp"": ""1"", ""wpp"": ""0""}"
x265,lf09_hard01,"lambda_f=0.9, hard=0.1",16033,RQ3,170,11.38,26.77,11.38,27.110464096069336,"['Standard', '320p', 30, '10s']",0.0,27.11036467552185,0.0,"{""amp"": ""0"", ""aq-mode"": ""1"", ""aq-strength"": ""0.5"", ""b-adapt"": ""1"", ""bframes"": ""2"", ""crf"": ""20.0"", ""ctu"": ""64"", ""keyint"": ""42"", ""limit-refs"": ""3"", ""limit-tu"": ""2"", ""me"": ""umh"", ""merange"": ""56"", ""open-gop"": ""1"", ""psy-rd"": ""1.0"", ""psy-rdoq"": ""3.0"", ""qcomp"": ""0.6"", ""qpmax"": ""23"", ""qpmin"": ""3"", ""rc-lookahead"": ""55"", ""rd"": ""6"", ""rdoq-level"": ""0"", ""rect"": ""0"", ""ref"": ""3"", ""rskip"": ""0"", ""sao"": ""1"", ""scenecut"": ""48"", ""subme"": ""4"", ""tu-inter-depth"": ""2"", ""tu-intra-depth"": ""2"", ""weightb"": ""0"", ""weightp"": ""1"", ""wpp"": ""0""}"
x265,lf09_hard01,"lambda_f=0.9, hard=0.1",16033,RQ3,171,61.11,5.03,61.11,5.422001361846924,"['Standard', '320p', 30, '10s']",0.0,5.421854257583618,0.0,"{""amp"": ""0"", ""aq-mode"": ""2"", ""aq-strength"": ""1.2"", ""b-adapt"": ""0"", ""bframes"": ""3"", ""crf"": ""32.0"", ""ctu"": ""16"", ""keyint"": ""326"", ""limit-refs"": ""2"", ""limit-tu"": ""0"", ""me"": ""star"", ""merange"": ""20"", ""open-gop"": ""0"", ""psy-rd"": ""1.5"", ""psy-rdoq"": ""1.0"", ""qcomp"": ""0.9"", ""qpmax"": ""39"", ""qpmin"": ""8"", ""rc-lookahead"": ""29"", ""rd"": ""3"", ""rdoq-level"": ""1"", ""rect"": ""1"", ""ref"": ""6"", ""rskip"": ""1"", ""sao"": ""1"", ""scenecut"": ""18"", ""subme"": ""3"", ""tu-inter-depth"": ""3"", ""tu-intra-depth"": ""3"", ""weightb"": ""1"", ""weightp"": ""0"", ""wpp"": ""0""}"
x265,lf09_hard01,"lambda_f=0.9, hard=0.1",16033,RQ3,172,34.91,8.76,34.91,9.087184190750122,"['Standard', '320p', 30, '10s']",0.0,9.087090015411377,0.0,"{""amp"": ""0"", ""aq-mode"": ""2"", ""aq-strength"": ""1.5"", ""b-adapt"": ""1"", ""bframes"": ""4"", ""crf"": ""22.0"", ""ctu"": ""32"", ""keyint"": ""470"", ""limit-refs"": ""0"", ""limit-tu"": ""3"", ""me"": ""hex"", ""merange"": ""44"", ""open-gop"": ""1"", ""psy-rd"": ""2.0"", ""psy-rdoq"": ""3.5"", ""qcomp"": ""0.5"", ""qpmax"": ""38"", ""qpmin"": ""19"", ""rc-lookahead"": ""51"", ""rd"": ""4"", ""rdoq-level"": ""2"", ""rect"": ""0"", ""ref"": ""5"", ""rskip"": ""0"", ""sao"": ""0"", ""scenecut"": ""41"", ""subme"": ""3"", ""tu-inter-depth"": ""1"", ""tu-intra-depth"": ""3"", ""weightb"": ""0"", ""weightp"": ""1"", ""wpp"": ""1""}"
x265,lf09_hard01,"lambda_f=0.9, hard=0.1",16033,RQ3,173,49.25,6.23,49.25,6.565390586853027,"['Standard', '320p', 30, '10s']",0.0,6.565287828445435,0.0,"{""amp"": ""0"", ""aq-mode"": ""0"", ""aq-strength"": ""0.8"", ""b-adapt"": ""2"", ""bframes"": ""3"", ""crf"": ""30.0"", ""ctu"": ""64"", ""keyint"": ""289"", ""limit-refs"": ""1"", ""limit-tu"": ""4"", ""me"": ""star"", ""merange"": ""40"", ""open-gop"": ""1"", ""psy-rd"": ""0.0"", ""psy-rdoq"": ""3.5"", ""qcomp"": ""0.8"", ""qpmax"": ""26"", ""qpmin"": ""5"", ""rc-lookahead"": ""55"", ""rd"": ""1"", ""rdoq-level"": ""2"", ""rect"": ""0"", ""ref"": ""1"", ""rskip"": ""0"", ""sao"": ""0"", ""scenecut"": ""12"", ""subme"": ""5"", ""tu-inter-depth"": ""1"", ""tu-intra-depth"": ""1"", ""weightb"": ""0"", ""weightp"": ""1"", ""wpp"": ""1""}"
x265,lf09_hard01,"lambda_f=0.9, hard=0.1",16033,RQ3,174,24.71,12.35,24.71,12.691346406936646,"['Standard', '320p', 30, '10s']",0.0,12.691248893737793,0.0,"{""amp"": ""0"", ""aq-mode"": ""1"", ""aq-strength"": ""0.8"", ""b-adapt"": ""0"", ""bframes"": ""6"", ""crf"": ""18.0"", ""ctu"": ""32"", ""keyint"": ""111"", ""limit-refs"": ""3"", ""limit-tu"": ""2"", ""me"": ""star"", ""merange"": ""45"", ""open-gop"": ""0"", ""psy-rd"": ""3.5"", ""psy-rdoq"": ""3.5"", ""qcomp"": ""1.0"", ""qpmax"": ""42"", ""qpmin"": ""3"", ""rc-lookahead"": ""19"", ""rd"": ""4"", ""rdoq-level"": ""1"", ""rect"": ""0"", ""ref"": ""5"", ""rskip"": ""0"", ""sao"": ""0"", ""scenecut"": ""49"", ""subme"": ""2"", ""tu-inter-depth"": ""2"", ""tu-intra-depth"": ""2"", ""weightb"": ""0"", ""weightp"": ""1"", ""wpp"": ""0""}"
x265,lf09_hard01,"lambda_f=0.9, hard=0.1",16033,RQ3,175,22.14,13.79,22.14,14.118345975875854,"['Standard', '320p', 30, '10s']",0.0,14.118200302124023,0.0,"{""amp"": ""0"", ""aq-mode"": ""3"", ""aq-strength"": ""1.2"", ""b-adapt"": ""1"", ""bframes"": ""5"", ""crf"": ""22.0"", ""ctu"": ""64"", ""keyint"": ""325"", ""limit-refs"": ""3"", ""limit-tu"": ""1"", ""me"": ""umh"", ""merange"": ""31"", ""open-gop"": ""1"", ""psy-rd"": ""3.0"", ""psy-rdoq"": ""4.5"", ""qcomp"": ""0.75"", ""qpmax"": ""39"", ""qpmin"": ""8"", ""rc-lookahead"": ""50"", ""rd"": ""4"", ""rdoq-level"": ""1"", ""rect"": ""1"", ""ref"": ""4"", ""rskip"": ""0"", ""sao"": ""1"", ""scenecut"": ""70"", ""subme"": ""5"", ""tu-inter-depth"": ""3"", ""tu-intra-depth"": ""2"", ""weightb"": ""1"", ""weightp"": ""0"", ""wpp"": ""1""}"
x265,lf09_hard01,"lambda_f=0.9, hard=0.1",16033,RQ3,176,9.32,32.67,9.32,33.008748054504395,"['Standard', '320p', 30, '10s']",0.0,33.00864577293396,0.0,"{""amp"": ""0"", ""aq-mode"": ""1"", ""aq-strength"": ""0.0"", ""b-adapt"": ""0"", ""bframes"": ""7"", ""crf"": ""20.0"", ""ctu"": ""32"", ""keyint"": ""434"", ""limit-refs"": ""1"", ""limit-tu"": ""3"", ""me"": ""hex"", ""merange"": ""19"", ""open-gop"": ""0"", ""psy-rd"": ""0.5"", ""psy-rdoq"": ""1.0"", ""qcomp"": ""0.8"", ""qpmax"": ""21"", ""qpmin"": ""1"", ""rc-lookahead"": ""39"", ""rd"": ""6"", ""rdoq-level"": ""1"", ""rect"": ""0"", ""ref"": ""6"", ""rskip"": ""1"", ""sao"": ""0"", ""scenecut"": ""23"", ""subme"": ""3"", ""tu-inter-depth"": ""2"", ""tu-intra-depth"": ""2"", ""weightb"": ""1"", ""weightp"": ""1"", ""wpp"": ""1""}"
x265,lf09_hard01,"lambda_f=0.9, hard=0.1",16033,RQ3,177,14.13,21.56,14.13,21.885472774505615,"['Standard', '320p', 30, '10s']",0.0,21.885368824005127,0.0,"{""amp"": ""0"", ""aq-mode"": ""3"", ""aq-strength"": ""1.0"", ""b-adapt"": ""2"", ""bframes"": ""3"", ""crf"": ""22.0"", ""ctu"": ""64"", ""keyint"": ""381"", ""limit-refs"": ""1"", ""limit-tu"": ""2"", ""me"": ""umh"", ""merange"": ""18"", ""open-gop"": ""1"", ""psy-rd"": ""1.5"", ""psy-rdoq"": ""3.5"", ""qcomp"": ""0.8"", ""qpmax"": ""26"", ""qpmin"": ""18"", ""rc-lookahead"": ""32"", ""rd"": ""6"", ""rdoq-level"": ""0"", ""rect"": ""1"", ""ref"": ""2"", ""rskip"": ""1"", ""sao"": ""0"", ""scenecut"": ""3"", ""subme"": ""3"", ""tu-inter-depth"": ""2"", ""tu-intra-depth"": ""4"", ""weightb"": ""0"", ""weightp"": ""0"", ""wpp"": ""0""}"
x265,lf09_hard01,"lambda_f=0.9, hard=0.1",16033,RQ3,178,29.03,10.52,29.03,10.865301609039307,"['Standard', '320p', 30, '10s']",0.0,10.865206003189087,0.0,"{""amp"": ""1"", ""aq-mode"": ""0"", ""aq-strength"": ""0.0"", ""b-adapt"": ""0"", ""bframes"": ""0"", ""crf"": ""25.0"", ""ctu"": ""32"", ""keyint"": ""449"", ""limit-refs"": ""0"", ""limit-tu"": ""1"", ""me"": ""umh"", ""merange"": ""18"", ""open-gop"": ""1"", ""psy-rd"": ""1.0"", ""psy-rdoq"": ""2.0"", ""qcomp"": ""0.9"", ""qpmax"": ""27"", ""qpmin"": ""15"", ""rc-lookahead"": ""14"", ""rd"": ""4"", ""rdoq-level"": ""1"", ""rect"": ""0"", ""ref"": ""2"", ""rskip"": ""0"", ""sao"": ""0"", ""scenecut"": ""17"", ""subme"": ""4"", ""tu-inter-depth"": ""3"", ""tu-intra-depth"": ""2"", ""weightb"": ""0"", ""weightp"": ""1"", ""wpp"": ""1""}"
x265,lf09_hard01,"lambda_f=0.9, hard=0.1",16033,RQ3,179,9.11,33.44,9.11,34.00288796424866,"['Standard', '320p', 30, '10s']",0.0,34.002777099609375,0.0,"{""amp"": ""0"", ""aq-mode"": ""0"", ""aq-strength"": ""1.5"", ""b-adapt"": ""1"", ""bframes"": ""3"", ""crf"": ""30.0"", ""ctu"": ""16"", ""keyint"": ""90"", ""limit-refs"": ""2"", ""limit-tu"": ""0"", ""me"": ""umh"", ""merange"": ""21"", ""open-gop"": ""0"", ""psy-rd"": ""1.5"", ""psy-rdoq"": ""4.0"", ""qcomp"": ""0.8"", ""qpmax"": ""28"", ""qpmin"": ""4"", ""rc-lookahead"": ""25"", ""rd"": ""5"", ""rdoq-level"": ""2"", ""rect"": ""1"", ""ref"": ""5"", ""rskip"": ""1"", ""sao"": ""1"", ""scenecut"": ""33"", ""subme"": ""5"", ""tu-inter-depth"": ""3"", ""tu-intra-depth"": ""2"", ""weightb"": ""0"", ""weightp"": ""0"", ""wpp"": ""1""}"
x265,lf09_hard01,"lambda_f=0.9, hard=0.1",16033,RQ3,180,17.56,17.37,17.56,17.71562099456787,"['Standard', '320p', 30, '10s']",0.0,17.715519189834595,0.0,"{""amp"": ""1"", ""aq-mode"": ""1"", ""aq-strength"": ""1.5"", ""b-adapt"": ""0"", ""bframes"": ""1"", ""crf"": ""18.0"", ""ctu"": ""64"", ""keyint"": ""282"", ""limit-refs"": ""1"", ""limit-tu"": ""3"", ""me"": ""umh"", ""merange"": ""16"", ""open-gop"": ""0"", ""psy-rd"": ""0.5"", ""psy-rdoq"": ""4.5"", ""qcomp"": ""0.6"", ""qpmax"": ""28"", ""qpmin"": ""16"", ""rc-lookahead"": ""15"", ""rd"": ""4"", ""rdoq-level"": ""1"", ""rect"": ""1"", ""ref"": ""6"", ""rskip"": ""0"", ""sao"": ""0"", ""scenecut"": ""89"", ""subme"": ""5"", ""tu-inter-depth"": ""4"", ""tu-intra-depth"": ""1"", ""weightb"": ""0"", ""weightp"": ""0"", ""wpp"": ""1""}"
x265,lf09_hard01,"lambda_f=0.9, hard=0.1",16033,RQ3,181,41.2,7.43,41.2,7.771852970123291,"['Standard', '320p', 30, '10s']",0.0,7.771749258041382,0.0,"{""amp"": ""1"", ""aq-mode"": ""1"", ""aq-strength"": ""1.5"", ""b-adapt"": ""0"", ""bframes"": ""5"", ""crf"": ""32.0"", ""ctu"": ""32"", ""keyint"": ""459"", ""limit-refs"": ""0"", ""limit-tu"": ""4"", ""me"": ""umh"", ""merange"": ""60"", ""open-gop"": ""1"", ""psy-rd"": ""3.0"", ""psy-rdoq"": ""1.0"", ""qcomp"": ""1.0"", ""qpmax"": ""45"", ""qpmin"": ""19"", ""rc-lookahead"": ""47"", ""rd"": ""4"", ""rdoq-level"": ""1"", ""rect"": ""1"", ""ref"": ""5"", ""rskip"": ""0"", ""sao"": ""1"", ""scenecut"": ""81"", ""subme"": ""5"", ""tu-inter-depth"": ""4"", ""tu-intra-depth"": ""4"", ""weightb"": ""1"", ""weightp"": ""1"", ""wpp"": ""1""}"
x265,lf09_hard01,"lambda_f=0.9, hard=0.1",16033,RQ3,182,10.53,28.92,10.53,29.25593638420105,"['Standard', '320p', 30, '10s']",0.0,29.25582504272461,0.0,"{""amp"": ""0"", ""aq-mode"": ""1"", ""aq-strength"": ""1.0"", ""b-adapt"": ""1"", ""bframes"": ""3"", ""crf"": ""22.0"", ""ctu"": ""32"", ""keyint"": ""172"", ""limit-refs"": ""2"", ""limit-tu"": ""1"", ""me"": ""hex"", ""merange"": ""26"", ""open-gop"": ""0"", ""psy-rd"": ""4.0"", ""psy-rdoq"": ""3.0"", ""qcomp"": ""0.9"", ""qpmax"": ""43"", ""qpmin"": ""20"", ""rc-lookahead"": ""23"", ""rd"": ""6"", ""rdoq-level"": ""1"", ""rect"": ""1"", ""ref"": ""1"", ""rskip"": ""1"", ""sao"": ""0"", ""scenecut"": ""98"", ""subme"": ""5"", ""tu-inter-depth"": ""4"", ""tu-intra-depth"": ""3"", ""weightb"": ""1"", ""weightp"": ""0"", ""wpp"": ""0""}"
x265,lf09_hard01,"lambda_f=0.9, hard=0.1",16033,RQ3,183,8.09,37.61,8.09,38.026339292526245,"['Standard', '320p', 30, '10s']",0.0,38.02618360519409,0.0,"{""amp"": ""0"", ""aq-mode"": ""1"", ""aq-strength"": ""0.8"", ""b-adapt"": ""2"", ""bframes"": ""1"", ""crf"": ""30.0"", ""ctu"": ""64"", ""keyint"": ""86"", ""limit-refs"": ""0"", ""limit-tu"": ""1"", ""me"": ""full"", ""merange"": ""26"", ""open-gop"": ""0"", ""psy-rd"": ""2.0"", ""psy-rdoq"": ""1.0"", ""qcomp"": ""0.6"", ""qpmax"": ""22"", ""qpmin"": ""18"", ""rc-lookahead"": ""31"", ""rd"": ""3"", ""rdoq-level"": ""2"", ""rect"": ""0"", ""ref"": ""4"", ""rskip"": ""0"", ""sao"": ""1"", ""scenecut"": ""0"", ""subme"": ""1"", ""tu-inter-depth"": ""4"", ""tu-intra-depth"": ""3"", ""weightb"": ""0"", ""weightp"": ""0"", ""wpp"": ""0""}"
x265,lf09_hard01,"lambda_f=0.9, hard=0.1",16033,RQ3,184,17.44,17.49,17.44,17.82664680480957,"['Standard', '320p', 30, '10s']",0.0,17.826547145843506,0.0,"{""amp"": ""0"", ""aq-mode"": ""4"", ""aq-strength"": ""0.5"", ""b-adapt"": ""2"", ""bframes"": ""4"", ""crf"": ""28.0"", ""ctu"": ""32"", ""keyint"": ""258"", ""limit-refs"": ""2"", ""limit-tu"": ""1"", ""me"": ""star"", ""merange"": ""53"", ""open-gop"": ""1"", ""psy-rd"": ""0.5"", ""psy-rdoq"": ""2.5"", ""qcomp"": ""0.5"", ""qpmax"": ""50"", ""qpmin"": ""19"", ""rc-lookahead"": ""14"", ""rd"": ""6"", ""rdoq-level"": ""2"", ""rect"": ""1"", ""ref"": ""6"", ""rskip"": ""1"", ""sao"": ""1"", ""scenecut"": ""4"", ""subme"": ""5"", ""tu-inter-depth"": ""4"", ""tu-intra-depth"": ""1"", ""weightb"": ""0"", ""weightp"": ""1"", ""wpp"": ""1""}"
x265,lf09_hard01,"lambda_f=0.9, hard=0.1",16033,RQ3,185,76.41,4.04,76.41,4.3703203201293945,"['Standard', '320p', 30, '10s']",0.0,4.370203971862793,0.0,"{""amp"": ""0"", ""aq-mode"": ""3"", ""aq-strength"": ""1.5"", ""b-adapt"": ""1"", ""bframes"": ""8"", ""crf"": ""28.0"", ""ctu"": ""16"", ""keyint"": ""349"", ""limit-refs"": ""3"", ""limit-tu"": ""2"", ""me"": ""dia"", ""merange"": ""39"", ""open-gop"": ""1"", ""psy-rd"": ""2.5"", ""psy-rdoq"": ""3.5"", ""qcomp"": ""0.9"", ""qpmax"": ""46"", ""qpmin"": ""11"", ""rc-lookahead"": ""55"", ""rd"": ""3"", ""rdoq-level"": ""1"", ""rect"": ""0"", ""ref"": ""1"", ""rskip"": ""1"", ""sao"": ""0"", ""scenecut"": ""97"", ""subme"": ""5"", ""tu-inter-depth"": ""3"", ""tu-intra-depth"": ""3"", ""weightb"": ""1"", ""weightp"": ""0"", ""wpp"": ""0""}"
x265,lf09_hard01,"lambda_f=0.9, hard=0.1",16033,RQ3,186,58.62,5.24,58.62,5.583921909332275,"['Standard', '320p', 30, '10s']",0.0,5.583796501159668,0.0,"{""amp"": ""0"", ""aq-mode"": ""4"", ""aq-strength"": ""0.0"", ""b-adapt"": ""1"", ""bframes"": ""3"", ""crf"": ""20.0"", ""ctu"": ""32"", ""keyint"": ""225"", ""limit-refs"": ""2"", ""limit-tu"": ""0"", ""me"": ""star"", ""merange"": ""25"", ""open-gop"": ""1"", ""psy-rd"": ""0.0"", ""psy-rdoq"": ""1.5"", ""qcomp"": ""0.75"", ""qpmax"": ""38"", ""qpmin"": ""5"", ""rc-lookahead"": ""11"", ""rd"": ""1"", ""rdoq-level"": ""0"", ""rect"": ""0"", ""ref"": ""1"", ""rskip"": ""0"", ""sao"": ""0"", ""scenecut"": ""9"", ""subme"": ""5"", ""tu-inter-depth"": ""2"", ""tu-intra-depth"": ""3"", ""weightb"": ""1"", ""weightp"": ""0"", ""wpp"": ""0""}"
x265,lf09_hard01,"lambda_f=0.9, hard=0.1",16033,RQ3,187,36.69,8.34,36.69,8.680354595184326,"['Standard', '320p', 30, '10s']",0.0,8.680255889892578,0.0,"{""amp"": ""1"", ""aq-mode"": ""2"", ""aq-strength"": ""0.8"", ""b-adapt"": ""0"", ""bframes"": ""5"", ""crf"": ""25.0"", ""ctu"": ""32"", ""keyint"": ""140"", ""limit-refs"": ""3"", ""limit-tu"": ""1"", ""me"": ""hex"", ""merange"": ""26"", ""open-gop"": ""0"", ""psy-rd"": ""0.0"", ""psy-rdoq"": ""5.0"", ""qcomp"": ""0.6"", ""qpmax"": ""38"", ""qpmin"": ""4"", ""rc-lookahead"": ""38"", ""rd"": ""3"", ""rdoq-level"": ""1"", ""rect"": ""1"", ""ref"": ""2"", ""rskip"": ""0"", ""sao"": ""1"", ""scenecut"": ""92"", ""subme"": ""4"", ""tu-inter-depth"": ""4"", ""tu-intra-depth"": ""1"", ""weightb"": ""0"", ""weightp"": ""0"", ""wpp"": ""0""}"
x265,lf09_hard01,"lambda_f=0.9, hard=0.1",16033,RQ3,188,33.43,9.15,33.43,9.480943441390991,"['Standard', '320p', 30, '10s']",0.0,9.480849742889404,0.0,"{""amp"": ""1"", ""aq-mode"": ""1"", ""aq-strength"": ""2.0"", ""b-adapt"": ""1"", ""bframes"": ""1"", ""crf"": ""32.0"", ""ctu"": ""64"", ""keyint"": ""186"", ""limit-refs"": ""2"", ""limit-tu"": ""3"", ""me"": ""full"", ""merange"": ""36"", ""open-gop"": ""0"", ""psy-rd"": ""4.0"", ""psy-rdoq"": ""5.0"", ""qcomp"": ""1.0"", ""qpmax"": ""43"", ""qpmin"": ""10"", ""rc-lookahead"": ""22"", ""rd"": ""4"", ""rdoq-level"": ""0"", ""rect"": ""0"", ""ref"": ""4"", ""rskip"": ""1"", ""sao"": ""0"", ""scenecut"": ""97"", ""subme"": ""2"", ""tu-inter-depth"": ""2"", ""tu-intra-depth"": ""2"", ""weightb"": ""1"", ""weightp"": ""0"", ""wpp"": ""1""}"
x265,lf09_hard01,"lambda_f=0.9, hard=0.1",16033,RQ3,189,106.91,2.9,106.91,3.222822427749634,"['Standard', '320p', 30, '10s']",0.0,3.222724199295044,0.0,"{""amp"": ""1"", ""aq-mode"": ""1"", ""aq-strength"": ""1.5"", ""b-adapt"": ""2"", ""bframes"": ""4"", ""crf"": ""32.0"", ""ctu"": ""16"", ""keyint"": ""469"", ""limit-refs"": ""0"", ""limit-tu"": ""3"", ""me"": ""dia"", ""merange"": ""57"", ""open-gop"": ""0"", ""psy-rd"": ""0.5"", ""psy-rdoq"": ""2.0"", ""qcomp"": ""0.6"", ""qpmax"": ""50"", ""qpmin"": ""17"", ""rc-lookahead"": ""41"", ""rd"": ""3"", ""rdoq-level"": ""0"", ""rect"": ""1"", ""ref"": ""2"", ""rskip"": ""1"", ""sao"": ""0"", ""scenecut"": ""61"", ""subme"": ""5"", ""tu-inter-depth"": ""3"", ""tu-intra-depth"": ""2"", ""weightb"": ""0"", ""weightp"": ""1"", ""wpp"": ""1""}"
x265,lf09_hard01,"lambda_f=0.9, hard=0.1",16033,RQ3,190,7.11,42.78,7.11,43.119829177856445,"['Standard', '320p', 30, '10s']",0.0,43.119728326797485,0.0,"{""amp"": ""0"", ""aq-mode"": ""2"", ""aq-strength"": ""1.5"", ""b-adapt"": ""0"", ""bframes"": ""5"", ""crf"": ""18.0"", ""ctu"": ""64"", ""keyint"": ""455"", ""limit-refs"": ""3"", ""limit-tu"": ""4"", ""me"": ""hex"", ""merange"": ""18"", ""open-gop"": ""1"", ""psy-rd"": ""3.0"", ""psy-rdoq"": ""0.5"", ""qcomp"": ""0.9"", ""qpmax"": ""41"", ""qpmin"": ""4"", ""rc-lookahead"": ""17"", ""rd"": ""6"", ""rdoq-level"": ""2"", ""rect"": ""0"", ""ref"": ""2"", ""rskip"": ""0"", ""sao"": ""1"", ""scenecut"": ""29"", ""subme"": ""5"", ""tu-inter-depth"": ""1"", ""tu-intra-depth"": ""4"", ""weightb"": ""1"", ""weightp"": ""1"", ""wpp"": ""0""}"
x265,lf09_hard01,"lambda_f=0.9, hard=0.1",16033,RQ3,191,55.22,5.56,55.22,5.898505687713623,"['Standard', '320p', 30, '10s']",0.0,5.898409605026245,0.0,"{""amp"": ""0"", ""aq-mode"": ""2"", ""aq-strength"": ""1.8"", ""b-adapt"": ""2"", ""bframes"": ""2"", ""crf"": ""32.0"", ""ctu"": ""32"", ""keyint"": ""276"", ""limit-refs"": ""1"", ""limit-tu"": ""2"", ""me"": ""star"", ""merange"": ""50"", ""open-gop"": ""1"", ""psy-rd"": ""2.5"", ""psy-rdoq"": ""0.5"", ""qcomp"": ""0.8"", ""qpmax"": ""34"", ""qpmin"": ""12"", ""rc-lookahead"": ""52"", ""rd"": ""3"", ""rdoq-level"": ""2"", ""rect"": ""1"", ""ref"": ""3"", ""rskip"": ""1"", ""sao"": ""0"", ""scenecut"": ""13"", ""subme"": ""5"", ""tu-inter-depth"": ""2"", ""tu-intra-depth"": ""1"", ""weightb"": ""1"", ""weightp"": ""0"", ""wpp"": ""0""}"
x265,lf09_hard01,"lambda_f=0.9, hard=0.1",16033,RQ3,192,2.32,130.89,2.32,131.21627974510193,"['Standard', '320p', 30, '10s']",0.0,131.21617770195007,0.0,"{""amp"": ""0"", ""aq-mode"": ""4"", ""aq-strength"": ""1.2"", ""b-adapt"": ""0"", ""bframes"": ""5"", ""crf"": ""30.0"", ""ctu"": ""64"", ""keyint"": ""75"", ""limit-refs"": ""2"", ""limit-tu"": ""3"", ""me"": ""full"", ""merange"": ""51"", ""open-gop"": ""1"", ""psy-rd"": ""0.5"", ""psy-rdoq"": ""3.0"", ""qcomp"": ""0.7"", ""qpmax"": ""24"", ""qpmin"": ""5"", ""rc-lookahead"": ""21"", ""rd"": ""5"", ""rdoq-level"": ""1"", ""rect"": ""0"", ""ref"": ""1"", ""rskip"": ""0"", ""sao"": ""0"", ""scenecut"": ""38"", ""subme"": ""2"", ""tu-inter-depth"": ""2"", ""tu-intra-depth"": ""4"", ""weightb"": ""1"", ""weightp"": ""0"", ""wpp"": ""0""}"
x265,lf09_hard01,"lambda_f=0.9, hard=0.1",16033,RQ3,193,27.69,11.03,27.69,11.37152624130249,"['Standard', '320p', 30, '10s']",0.0,11.371419191360474,0.0,"{""amp"": ""0"", ""aq-mode"": ""2"", ""aq-strength"": ""1.2"", ""b-adapt"": ""0"", ""bframes"": ""5"", ""crf"": ""25.0"", ""ctu"": ""64"", ""keyint"": ""376"", ""limit-refs"": ""1"", ""limit-tu"": ""0"", ""me"": ""dia"", ""merange"": ""51"", ""open-gop"": ""1"", ""psy-rd"": ""3.0"", ""psy-rdoq"": ""0.5"", ""qcomp"": ""0.5"", ""qpmax"": ""38"", ""qpmin"": ""16"", ""rc-lookahead"": ""36"", ""rd"": ""6"", ""rdoq-level"": ""0"", ""rect"": ""0"", ""ref"": ""4"", ""rskip"": ""1"", ""sao"": ""1"", ""scenecut"": ""64"", ""subme"": ""4"", ""tu-inter-depth"": ""2"", ""tu-intra-depth"": ""4"", ""weightb"": ""1"", ""weightp"": ""0"", ""wpp"": ""1""}"
x265,lf09_hard01,"lambda_f=0.9, hard=0.1",16033,RQ3,194,16.45,18.54,16.45,18.86664605140686,"['Standard', '320p', 30, '10s']",0.0,18.86654496192932,0.0,"{""amp"": ""0"", ""aq-mode"": ""2"", ""aq-strength"": ""0.0"", ""b-adapt"": ""2"", ""bframes"": ""3"", ""crf"": ""18.0"", ""ctu"": ""32"", ""keyint"": ""46"", ""limit-refs"": ""1"", ""limit-tu"": ""3"", ""me"": ""umh"", ""merange"": ""17"", ""open-gop"": ""1"", ""psy-rd"": ""3.5"", ""psy-rdoq"": ""4.0"", ""qcomp"": ""0.9"", ""qpmax"": ""28"", ""qpmin"": ""1"", ""rc-lookahead"": ""31"", ""rd"": ""3"", ""rdoq-level"": ""1"", ""rect"": ""1"", ""ref"": ""3"", ""rskip"": ""0"", ""sao"": ""1"", ""scenecut"": ""33"", ""subme"": ""5"", ""tu-inter-depth"": ""3"", ""tu-intra-depth"": ""2"", ""weightb"": ""1"", ""weightp"": ""1"", ""wpp"": ""1""}"
x265,lf09_hard01,"lambda_f=0.9, hard=0.1",16033,RQ3,195,72.46,4.25,72.46,4.597673177719116,"['Standard', '320p', 30, '10s']",0.0,4.597558259963989,0.0,"{""amp"": ""0"", ""aq-mode"": ""1"", ""aq-strength"": ""1.0"", ""b-adapt"": ""2"", ""bframes"": ""4"", ""crf"": ""30.0"", ""ctu"": ""64"", ""keyint"": ""364"", ""limit-refs"": ""2"", ""limit-tu"": ""4"", ""me"": ""hex"", ""merange"": ""17"", ""open-gop"": ""0"", ""psy-rd"": ""0.0"", ""psy-rdoq"": ""1.0"", ""qcomp"": ""1.0"", ""qpmax"": ""42"", ""qpmin"": ""14"", ""rc-lookahead"": ""55"", ""rd"": ""2"", ""rdoq-level"": ""1"", ""rect"": ""0"", ""ref"": ""1"", ""rskip"": ""0"", ""sao"": ""1"", ""scenecut"": ""57"", ""subme"": ""3"", ""tu-inter-depth"": ""2"", ""tu-intra-depth"": ""4"", ""weightb"": ""1"", ""weightp"": ""0"", ""wpp"": ""0""}"
x265,lf09_hard01,"lambda_f=0.9, hard=0.1",16033,RQ3,196,8.21,37.09,8.21,37.44185280799866,"['Standard', '320p', 30, '10s']",0.0,37.44174838066101,0.0,"{""amp"": ""0"", ""aq-mode"": ""2"", ""aq-strength"": ""2.0"", ""b-adapt"": ""0"", ""bframes"": ""5"", ""crf"": ""18.0"", ""ctu"": ""64"", ""keyint"": ""130"", ""limit-refs"": ""3"", ""limit-tu"": ""4"", ""me"": ""star"", ""merange"": ""35"", ""open-gop"": ""0"", ""psy-rd"": ""3.5"", ""psy-rdoq"": ""5.0"", ""qcomp"": ""0.9"", ""qpmax"": ""43"", ""qpmin"": ""11"", ""rc-lookahead"": ""35"", ""rd"": ""6"", ""rdoq-level"": ""0"", ""rect"": ""1"", ""ref"": ""3"", ""rskip"": ""0"", ""sao"": ""0"", ""scenecut"": ""64"", ""subme"": ""4"", ""tu-inter-depth"": ""3"", ""tu-intra-depth"": ""2"", ""weightb"": ""1"", ""weightp"": ""0"", ""wpp"": ""1""}"
x265,lf09_hard01,"lambda_f=0.9, hard=0.1",16033,RQ3,197,54.55,5.63,54.55,5.954221725463867,"['Standard', '320p', 30, '10s']",0.0,5.954123258590698,0.0,"{""amp"": ""0"", ""aq-mode"": ""2"", ""aq-strength"": ""0.0"", ""b-adapt"": ""2"", ""bframes"": ""3"", ""crf"": ""32.0"", ""ctu"": ""64"", ""keyint"": ""214"", ""limit-refs"": ""1"", ""limit-tu"": ""2"", ""me"": ""hex"", ""merange"": ""58"", ""open-gop"": ""1"", ""psy-rd"": ""1.0"", ""psy-rdoq"": ""5.0"", ""qcomp"": ""0.6"", ""qpmax"": ""48"", ""qpmin"": ""3"", ""rc-lookahead"": ""57"", ""rd"": ""4"", ""rdoq-level"": ""1"", ""rect"": ""1"", ""ref"": ""2"", ""rskip"": ""0"", ""sao"": ""0"", ""scenecut"": ""93"", ""subme"": ""1"", ""tu-inter-depth"": ""4"", ""tu-intra-depth"": ""4"", ""weightb"": ""1"", ""weightp"": ""1"", ""wpp"": ""0""}"
x265,lf09_hard01,"lambda_f=0.9, hard=0.1",16033,RQ3,198,5.24,58.1,5.24,58.466111183166504,"['Standard', '320p', 30, '10s']",0.0,58.466004371643066,0.0,"{""amp"": ""0"", ""aq-mode"": ""3"", ""aq-strength"": ""0.0"", ""b-adapt"": ""2"", ""bframes"": ""2"", ""crf"": ""22.0"", ""ctu"": ""64"", ""keyint"": ""138"", ""limit-refs"": ""1"", ""limit-tu"": ""1"", ""me"": ""star"", ""merange"": ""47"", ""open-gop"": ""1"", ""psy-rd"": ""0.0"", ""psy-rdoq"": ""3.0"", ""qcomp"": ""0.75"", ""qpmax"": ""49"", ""qpmin"": ""8"", ""rc-lookahead"": ""45"", ""rd"": ""5"", ""rdoq-level"": ""1"", ""rect"": ""1"", ""ref"": ""6"", ""rskip"": ""0"", ""sao"": ""1"", ""scenecut"": ""37"", ""subme"": ""3"", ""tu-inter-depth"": ""4"", ""tu-intra-depth"": ""4"", ""weightb"": ""1"", ""weightp"": ""1"", ""wpp"": ""0""}"
x265,lf09_hard01,"lambda_f=0.9, hard=0.1",16033,RQ3,199,127.44,2.44,127.44,2.768120050430298,"['Standard', '320p', 30, '10s']",0.0,2.7680256366729736,0.0,"{""amp"": ""1"", ""aq-mode"": ""3"", ""aq-strength"": ""2.0"", ""b-adapt"": ""1"", ""bframes"": ""1"", ""crf"": ""32.0"", ""ctu"": ""64"", ""keyint"": ""185"", ""limit-refs"": ""3"", ""limit-tu"": ""3"", ""me"": ""hex"", ""merange"": ""36"", ""open-gop"": ""0"", ""psy-rd"": ""4.0"", ""psy-rdoq"": ""5.0"", ""qcomp"": ""1.0"", ""qpmax"": ""43"", ""qpmin"": ""12"", ""rc-lookahead"": ""22"", ""rd"": ""4"", ""rdoq-level"": ""0"", ""rect"": ""0"", ""ref"": ""4"", ""rskip"": ""1"", ""sao"": ""0"", ""scenecut"": ""98"", ""subme"": ""2"", ""tu-inter-depth"": ""2"", ""tu-intra-depth"": ""2"", ""weightb"": ""1"", ""weightp"": ""0"", ""wpp"": ""1""}"
x265,lf09_hard01,"lambda_f=0.9, hard=0.1",16033,RQ3,200,56.18,5.46,56.18,5.793993949890137,"['Standard', '320p', 30, '10s']",0.0,5.793894529342651,0.0,"{""amp"": ""0"", ""aq-mode"": ""1"", ""aq-strength"": ""0.5"", ""b-adapt"": ""2"", ""bframes"": ""5"", ""crf"": ""25.0"", ""ctu"": ""32"", ""keyint"": ""493"", ""limit-refs"": ""1"", ""limit-tu"": ""2"", ""me"": ""hex"", ""merange"": ""64"", ""open-gop"": ""1"", ""psy-rd"": ""2.5"", ""psy-rdoq"": ""3.0"", ""qcomp"": ""0.7"", ""qpmax"": ""41"", ""qpmin"": ""12"", ""rc-lookahead"": ""13"", ""rd"": ""4"", ""rdoq-level"": ""1"", ""rect"": ""0"", ""ref"": ""4"", ""rskip"": ""0"", ""sao"": ""1"", ""scenecut"": ""45"", ""subme"": ""3"", ""tu-inter-depth"": ""1"", ""tu-intra-depth"": ""2"", ""weightb"": ""1"", ""weightp"": ""0"", ""wpp"": ""1""}"
x265,lf09_hard01,"lambda_f=0.9, hard=0.1",16034,RQ3,1,71.31,4.32,71.31,4.646371364593506,"['Standard', '320p', 30, '10s']",0.0,4.645642280578613,0.0,"{""amp"": ""1"", ""aq-mode"": ""2"", ""aq-strength"": ""1.0"", ""b-adapt"": ""2"", ""bframes"": ""4"", ""crf"": ""28.0"", ""ctu"": ""64"", ""keyint"": ""250"", ""limit-refs"": ""3"", ""limit-tu"": ""0"", ""me"": ""hex"", ""merange"": ""57"", ""open-gop"": ""1"", ""psy-rd"": ""2.0"", ""psy-rdoq"": ""1.0"", ""qcomp"": ""0.6"", ""qpmax"": ""51"", ""qpmin"": ""0"", ""rc-lookahead"": ""20"", ""rd"": ""3"", ""rdoq-level"": ""1"", ""rect"": ""1"", ""ref"": ""3"", ""rskip"": ""1"", ""sao"": ""1"", ""scenecut"": ""40"", ""subme"": ""2"", ""tu-inter-depth"": ""1"", ""tu-intra-depth"": ""1"", ""weightb"": ""0"", ""weightp"": ""1"", ""wpp"": ""1""}"
x265,lf09_hard01,"lambda_f=0.9, hard=0.1",16034,RQ3,2,63.19,4.86,63.19,5.2022058963775635,"['Standard', '320p', 30, '10s']",0.0,5.202113389968872,0.0,"{""amp"": ""1"", ""aq-mode"": ""2"", ""aq-strength"": ""1.0"", ""b-adapt"": ""2"", ""bframes"": ""4"", ""crf"": ""28.0"", ""ctu"": ""16"", ""keyint"": ""250"", ""limit-refs"": ""3"", ""limit-tu"": ""0"", ""me"": ""hex"", ""merange"": ""57"", ""open-gop"": ""1"", ""psy-rd"": ""2.0"", ""psy-rdoq"": ""1.0"", ""qcomp"": ""0.6"", ""qpmax"": ""51"", ""qpmin"": ""0"", ""rc-lookahead"": ""20"", ""rd"": ""3"", ""rdoq-level"": ""1"", ""rect"": ""1"", ""ref"": ""3"", ""rskip"": ""0"", ""sao"": ""1"", ""scenecut"": ""40"", ""subme"": ""2"", ""tu-inter-depth"": ""1"", ""tu-intra-depth"": ""1"", ""weightb"": ""0"", ""weightp"": ""1"", ""wpp"": ""1""}"
x265,lf09_hard01,"lambda_f=0.9, hard=0.1",16034,RQ3,3,100.24,3.09,100.24,3.4290525913238525,"['Standard', '320p', 30, '10s']",0.0,3.428966522216797,0.0,"{""amp"": ""1"", ""aq-mode"": ""2"", ""aq-strength"": ""1.0"", ""b-adapt"": ""2"", ""bframes"": ""4"", ""crf"": ""28.0"", ""ctu"": ""64"", ""keyint"": ""250"", ""limit-refs"": ""3"", ""limit-tu"": ""0"", ""me"": ""hex"", ""merange"": ""57"", ""open-gop"": ""1"", ""psy-rd"": ""0.5"", ""psy-rdoq"": ""1.0"", ""qcomp"": ""0.6"", ""qpmax"": ""51"", ""qpmin"": ""0"", ""rc-lookahead"": ""20"", ""rd"": ""1"", ""rdoq-level"": ""1"", ""rect"": ""1"", ""ref"": ""3"", ""rskip"": ""1"", ""sao"": ""1"", ""scenecut"": ""40"", ""subme"": ""2"", ""tu-inter-depth"": ""1"", ""tu-intra-depth"": ""1"", ""weightb"": ""0"", ""weightp"": ""1"", ""wpp"": ""1""}"
x265,lf09_hard01,"lambda_f=0.9, hard=0.1",16034,RQ3,4,116.12,2.67,116.12,3.016465663909912,"['Standard', '320p', 30, '10s']",0.0,3.016378402709961,0.0,"{""amp"": ""1"", ""aq-mode"": ""2"", ""aq-strength"": ""1.0"", ""b-adapt"": ""2"", ""bframes"": ""4"", ""crf"": ""28.0"", ""ctu"": ""64"", ""keyint"": ""250"", ""limit-refs"": ""3"", ""limit-tu"": ""0"", ""me"": ""hex"", ""merange"": ""57"", ""open-gop"": ""1"", ""psy-rd"": ""1.0"", ""psy-rdoq"": ""1.0"", ""qcomp"": ""0.6"", ""qpmax"": ""51"", ""qpmin"": ""0"", ""rc-lookahead"": ""20"", ""rd"": ""1"", ""rdoq-level"": ""1"", ""rect"": ""1"", ""ref"": ""3"", ""rskip"": ""1"", ""sao"": ""1"", ""scenecut"": ""40"", ""subme"": ""2"", ""tu-inter-depth"": ""1"", ""tu-intra-depth"": ""1"", ""weightb"": ""0"", ""weightp"": ""1"", ""wpp"": ""1""}"
x265,lf09_hard01,"lambda_f=0.9, hard=0.1",16034,RQ3,5,100.22,3.09,100.22,3.4216458797454834,"['Standard', '320p', 30, '10s']",0.0,3.4215691089630127,0.0,"{""amp"": ""1"", ""aq-mode"": ""2"", ""aq-strength"": ""1.0"", ""b-adapt"": ""2"", ""bframes"": ""4"", ""crf"": ""28.0"", ""ctu"": ""64"", ""keyint"": ""250"", ""limit-refs"": ""3"", ""limit-tu"": ""0"", ""me"": ""hex"", ""merange"": ""57"", ""open-gop"": ""1"", ""psy-rd"": ""1.5"", ""psy-rdoq"": ""1.0"", ""qcomp"": ""0.6"", ""qpmax"": ""51"", ""qpmin"": ""0"", ""rc-lookahead"": ""20"", ""rd"": ""1"", ""rdoq-level"": ""1"", ""rect"": ""1"", ""ref"": ""3"", ""rskip"": ""1"", ""sao"": ""1"", ""scenecut"": ""40"", ""subme"": ""2"", ""tu-inter-depth"": ""1"", ""tu-intra-depth"": ""1"", ""weightb"": ""0"", ""weightp"": ""1"", ""wpp"": ""1""}"
x265,lf09_hard01,"lambda_f=0.9, hard=0.1",16034,RQ3,6,26.16,11.67,26.16,12.011466979980469,"['Standard', '320p', 30, '10s']",0.0,12.011377334594727,0.0,"{""amp"": ""1"", ""aq-mode"": ""2"", ""aq-strength"": ""1.0"", ""b-adapt"": ""2"", ""bframes"": ""4"", ""crf"": ""28.0"", ""ctu"": ""64"", ""keyint"": ""250"", ""limit-refs"": ""3"", ""limit-tu"": ""0"", ""me"": ""hex"", ""merange"": ""57"", ""open-gop"": ""1"", ""psy-rd"": ""2.0"", ""psy-rdoq"": ""1.0"", ""qcomp"": ""0.6"", ""qpmax"": ""51"", ""qpmin"": ""0"", ""rc-lookahead"": ""20"", ""rd"": ""6"", ""rdoq-level"": ""1"", ""rect"": ""1"", ""ref"": ""3"", ""rskip"": ""1"", ""sao"": ""1"", ""scenecut"": ""40"", ""subme"": ""2"", ""tu-inter-depth"": ""1"", ""tu-intra-depth"": ""1"", ""weightb"": ""0"", ""weightp"": ""1"", ""wpp"": ""1""}"
x265,lf09_hard01,"lambda_f=0.9, hard=0.1",16034,RQ3,7,43.87,6.99,43.87,7.3281238079071045,"['Standard', '320p', 30, '10s']",0.0,7.328042030334473,0.0,"{""amp"": ""1"", ""aq-mode"": ""2"", ""aq-strength"": ""1.0"", ""b-adapt"": ""2"", ""bframes"": ""4"", ""crf"": ""28.0"", ""ctu"": ""64"", ""keyint"": ""250"", ""limit-refs"": ""0"", ""limit-tu"": ""0"", ""me"": ""hex"", ""merange"": ""57"", ""open-gop"": ""1"", ""psy-rd"": ""2.0"", ""psy-rdoq"": ""1.0"", ""qcomp"": ""0.6"", ""qpmax"": ""51"", ""qpmin"": ""0"", ""rc-lookahead"": ""20"", ""rd"": ""3"", ""rdoq-level"": ""1"", ""rect"": ""1"", ""ref"": ""6"", ""rskip"": ""1"", ""sao"": ""1"", ""scenecut"": ""40"", ""subme"": ""2"", ""tu-inter-depth"": ""1"", ""tu-intra-depth"": ""1"", ""weightb"": ""0"", ""weightp"": ""1"", ""wpp"": ""1""}"
x265,lf09_hard01,"lambda_f=0.9, hard=0.1",16034,RQ3,8,8.64,35.23,8.64,35.5629141330719,"['Standard', '320p', 30, '10s']",0.0,35.56282305717468,0.0,"{""amp"": ""1"", ""aq-mode"": ""2"", ""aq-strength"": ""1.0"", ""b-adapt"": ""2"", ""bframes"": ""4"", ""crf"": ""28.0"", ""ctu"": ""64"", ""keyint"": ""250"", ""limit-refs"": ""3"", ""limit-tu"": ""0"", ""me"": ""full"", ""merange"": ""57"", ""open-gop"": ""1"", ""psy-rd"": ""2.0"", ""psy-rdoq"": ""1.0"", ""qcomp"": ""0.6"", ""qpmax"": ""51"", ""qpmin"": ""0"", ""rc-lookahead"": ""20"", ""rd"": ""3"", ""rdoq-level"": ""1"", ""rect"": ""1"", ""ref"": ""3"", ""rskip"": ""1"", ""sao"": ""1"", ""scenecut"": ""40"", ""subme"": ""3"", ""tu-inter-depth"": ""1"", ""tu-intra-depth"": ""1"", ""weightb"": ""0"", ""weightp"": ""1"", ""wpp"": ""1""}"
x265,lf09_hard01,"lambda_f=0.9, hard=0.1",16034,RQ3,9,8.71,34.94,8.71,35.281166791915894,"['Standard', '320p', 30, '10s']",0.0,35.2810742855072,0.0,"{""amp"": ""1"", ""aq-mode"": ""2"", ""aq-strength"": ""1.0"", ""b-adapt"": ""2"", ""bframes"": ""4"", ""crf"": ""28.0"", ""ctu"": ""64"", ""keyint"": ""250"", ""limit-refs"": ""3"", ""limit-tu"": ""0"", ""me"": ""full"", ""merange"": ""57"", ""open-gop"": ""1"", ""psy-rd"": ""2.0"", ""psy-rdoq"": ""1.0"", ""qcomp"": ""0.6"", ""qpmax"": ""51"", ""qpmin"": ""0"", ""rc-lookahead"": ""20"", ""rd"": ""3"", ""rdoq-level"": ""1"", ""rect"": ""1"", ""ref"": ""3"", ""rskip"": ""1"", ""sao"": ""1"", ""scenecut"": ""40"", ""subme"": ""4"", ""tu-inter-depth"": ""1"", ""tu-intra-depth"": ""1"", ""weightb"": ""0"", ""weightp"": ""1"", ""wpp"": ""1""}"
x265,lf09_hard01,"lambda_f=0.9, hard=0.1",16034,RQ3,10,8.19,37.16,8.19,37.49659180641174,"['Standard', '320p', 30, '10s']",0.0,37.49649930000305,0.0,"{""amp"": ""1"", ""aq-mode"": ""2"", ""aq-strength"": ""1.0"", ""b-adapt"": ""2"", ""bframes"": ""4"", ""crf"": ""28.0"", ""ctu"": ""64"", ""keyint"": ""250"", ""limit-refs"": ""3"", ""limit-tu"": ""0"", ""me"": ""full"", ""merange"": ""57"", ""open-gop"": ""1"", ""psy-rd"": ""2.0"", ""psy-rdoq"": ""1.0"", ""qcomp"": ""0.6"", ""qpmax"": ""51"", ""qpmin"": ""0"", ""rc-lookahead"": ""20"", ""rd"": ""3"", ""rdoq-level"": ""1"", ""rect"": ""1"", ""ref"": ""3"", ""rskip"": ""1"", ""sao"": ""1"", ""scenecut"": ""40"", ""subme"": ""5"", ""tu-inter-depth"": ""1"", ""tu-intra-depth"": ""1"", ""weightb"": ""0"", ""weightp"": ""1"", ""wpp"": ""1""}"
x265,lf09_hard01,"lambda_f=0.9, hard=0.1",16034,RQ3,11,43.14,7.1,43.14,7.443971395492554,"['Standard', '320p', 30, '10s']",0.0,7.4438886642456055,0.0,"{""amp"": ""1"", ""aq-mode"": ""1"", ""aq-strength"": ""1.5"", ""b-adapt"": ""0"", ""bframes"": ""3"", ""crf"": ""20.0"", ""ctu"": ""64"", ""keyint"": ""363"", ""limit-refs"": ""3"", ""limit-tu"": ""4"", ""me"": ""hex"", ""merange"": ""50"", ""open-gop"": ""1"", ""psy-rd"": ""1.0"", ""psy-rdoq"": ""1.5"", ""qcomp"": ""0.9"", ""qpmax"": ""41"", ""qpmin"": ""14"", ""rc-lookahead"": ""14"", ""rd"": ""4"", ""rdoq-level"": ""2"", ""rect"": ""0"", ""ref"": ""6"", ""rskip"": ""1"", ""sao"": ""1"", ""scenecut"": ""32"", ""subme"": ""4"", ""tu-inter-depth"": ""2"", ""tu-intra-depth"": ""3"", ""weightb"": ""0"", ""weightp"": ""1"", ""wpp"": ""1""}"
x265,lf09_hard01,"lambda_f=0.9, hard=0.1",16034,RQ3,12,8.82,34.52,8.82,34.851627826690674,"['Standard', '320p', 30, '10s']",0.0,34.85152983665466,0.0,"{""amp"": ""0"", ""aq-mode"": ""2"", ""aq-strength"": ""2.0"", ""b-adapt"": ""2"", ""bframes"": ""4"", ""crf"": ""28.0"", ""ctu"": ""64"", ""keyint"": ""204"", ""limit-refs"": ""0"", ""limit-tu"": ""2"", ""me"": ""full"", ""merange"": ""42"", ""open-gop"": ""1"", ""psy-rd"": ""1.0"", ""psy-rdoq"": ""2.0"", ""qcomp"": ""1.0"", ""qpmax"": ""46"", ""qpmin"": ""15"", ""rc-lookahead"": ""42"", ""rd"": ""3"", ""rdoq-level"": ""1"", ""rect"": ""1"", ""ref"": ""2"", ""rskip"": ""1"", ""sao"": ""0"", ""scenecut"": ""79"", ""subme"": ""2"", ""tu-inter-depth"": ""3"", ""tu-intra-depth"": ""3"", ""weightb"": ""0"", ""weightp"": ""0"", ""wpp"": ""0""}"
x265,lf09_hard01,"lambda_f=0.9, hard=0.1",16034,RQ3,13,44.43,6.94,44.43,7.509743928909302,"['Standard', '320p', 30, '10s']",0.0,7.50964879989624,0.0,"{""amp"": ""1"", ""aq-mode"": ""1"", ""aq-strength"": ""1.2"", ""b-adapt"": ""2"", ""bframes"": ""5"", ""crf"": ""18.0"", ""ctu"": ""32"", ""keyint"": ""31"", ""limit-refs"": ""0"", ""limit-tu"": ""3"", ""me"": ""star"", ""merange"": ""25"", ""open-gop"": ""0"", ""psy-rd"": ""0.0"", ""psy-rdoq"": ""5.0"", ""qcomp"": ""0.75"", ""qpmax"": ""41"", ""qpmin"": ""10"", ""rc-lookahead"": ""26"", ""rd"": ""4"", ""rdoq-level"": ""0"", ""rect"": ""0"", ""ref"": ""3"", ""rskip"": ""0"", ""sao"": ""0"", ""scenecut"": ""4"", ""subme"": ""3"", ""tu-inter-depth"": ""2"", ""tu-intra-depth"": ""4"", ""weightb"": ""1"", ""weightp"": ""1"", ""wpp"": ""0""}"
x265,lf09_hard01,"lambda_f=0.9, hard=0.1",16034,RQ3,14,56.11,5.49,56.11,6.053535461425781,"['Standard', '320p', 30, '10s']",0.0,6.053432464599609,0.0,"{""amp"": ""0"", ""aq-mode"": ""0"", ""aq-strength"": ""1.8"", ""b-adapt"": ""0"", ""bframes"": ""6"", ""crf"": ""28.0"", ""ctu"": ""32"", ""keyint"": ""421"", ""limit-refs"": ""3"", ""limit-tu"": ""1"", ""me"": ""dia"", ""merange"": ""19"", ""open-gop"": ""0"", ""psy-rd"": ""2.0"", ""psy-rdoq"": ""4.0"", ""qcomp"": ""0.75"", ""qpmax"": ""44"", ""qpmin"": ""11"", ""rc-lookahead"": ""60"", ""rd"": ""3"", ""rdoq-level"": ""1"", ""rect"": ""1"", ""ref"": ""4"", ""rskip"": ""0"", ""sao"": ""1"", ""scenecut"": ""57"", ""subme"": ""1"", ""tu-inter-depth"": ""3"", ""tu-intra-depth"": ""3"", ""weightb"": ""1"", ""weightp"": ""0"", ""wpp"": ""1""}"
x265,lf09_hard01,"lambda_f=0.9, hard=0.1",16034,RQ3,15,33.48,9.13,33.48,9.481928825378418,"['Standard', '320p', 30, '10s']",0.0,9.481847047805786,0.0,"{""amp"": ""0"", ""aq-mode"": ""2"", ""aq-strength"": ""1.0"", ""b-adapt"": ""2"", ""bframes"": ""7"", ""crf"": ""20.0"", ""ctu"": ""32"", ""keyint"": ""42"", ""limit-refs"": ""3"", ""limit-tu"": ""0"", ""me"": ""umh"", ""merange"": ""30"", ""open-gop"": ""0"", ""psy-rd"": ""1.0"", ""psy-rdoq"": ""2.0"", ""qcomp"": ""0.75"", ""qpmax"": ""34"", ""qpmin"": ""11"", ""rc-lookahead"": ""20"", ""rd"": ""3"", ""rdoq-level"": ""0"", ""rect"": ""1"", ""ref"": ""4"", ""rskip"": ""0"", ""sao"": ""0"", ""scenecut"": ""45"", ""subme"": ""5"", ""tu-inter-depth"": ""1"", ""tu-intra-depth"": ""1"", ""weightb"": ""0"", ""weightp"": ""1"", ""wpp"": ""1""}"
x265,lf09_hard01,"lambda_f=0.9, hard=0.1",16034,RQ3,16,35.3,8.66,35.3,9.013478755950928,"['Standard', '320p', 30, '10s']",0.0,9.013396501541138,0.0,"{""amp"": ""0"", ""aq-mode"": ""1"", ""aq-strength"": ""0.8"", ""b-adapt"": ""1"", ""bframes"": ""2"", ""crf"": ""18.0"", ""ctu"": ""32"", ""keyint"": ""150"", ""limit-refs"": ""1"", ""limit-tu"": ""4"", ""me"": ""star"", ""merange"": ""57"", ""open-gop"": ""0"", ""psy-rd"": ""1.5"", ""psy-rdoq"": ""1.0"", ""qcomp"": ""0.6"", ""qpmax"": ""35"", ""qpmin"": ""2"", ""rc-lookahead"": ""17"", ""rd"": ""3"", ""rdoq-level"": ""2"", ""rect"": ""0"", ""ref"": ""6"", ""rskip"": ""0"", ""sao"": ""1"", ""scenecut"": ""51"", ""subme"": ""3"", ""tu-inter-depth"": ""4"", ""tu-intra-depth"": ""4"", ""weightb"": ""1"", ""weightp"": ""0"", ""wpp"": ""1""}"
x265,lf09_hard01,"lambda_f=0.9, hard=0.1",16034,RQ3,17,26.69,11.45,26.69,11.77732515335083,"['Standard', '320p', 30, '10s']",0.0,11.777241945266724,0.0,"{""amp"": ""0"", ""aq-mode"": ""0"", ""aq-strength"": ""0.8"", ""b-adapt"": ""0"", ""bframes"": ""1"", ""crf"": ""20.0"", ""ctu"": ""16"", ""keyint"": ""374"", ""limit-refs"": ""0"", ""limit-tu"": ""1"", ""me"": ""umh"", ""merange"": ""55"", ""open-gop"": ""1"", ""psy-rd"": ""2.0"", ""psy-rdoq"": ""4.0"", ""qcomp"": ""0.9"", ""qpmax"": ""33"", ""qpmin"": ""15"", ""rc-lookahead"": ""31"", ""rd"": ""3"", ""rdoq-level"": ""2"", ""rect"": ""1"", ""ref"": ""1"", ""rskip"": ""1"", ""sao"": ""1"", ""scenecut"": ""16"", ""subme"": ""4"", ""tu-inter-depth"": ""1"", ""tu-intra-depth"": ""2"", ""weightb"": ""1"", ""weightp"": ""1"", ""wpp"": ""0""}"
x265,lf09_hard01,"lambda_f=0.9, hard=0.1",16034,RQ3,18,54.42,5.69,54.42,6.044755220413208,"['Standard', '320p', 30, '10s']",0.0,6.044670104980469,0.0,"{""amp"": ""0"", ""aq-mode"": ""1"", ""aq-strength"": ""1.0"", ""b-adapt"": ""1"", ""bframes"": ""4"", ""crf"": ""20.0"", ""ctu"": ""64"", ""keyint"": ""482"", ""limit-refs"": ""2"", ""limit-tu"": ""3"", ""me"": ""hex"", ""merange"": ""34"", ""open-gop"": ""1"", ""psy-rd"": ""1.5"", ""psy-rdoq"": ""3.0"", ""qcomp"": ""0.8"", ""qpmax"": ""32"", ""qpmin"": ""3"", ""rc-lookahead"": ""35"", ""rd"": ""3"", ""rdoq-level"": ""0"", ""rect"": ""0"", ""ref"": ""3"", ""rskip"": ""1"", ""sao"": ""0"", ""scenecut"": ""85"", ""subme"": ""4"", ""tu-inter-depth"": ""4"", ""tu-intra-depth"": ""3"", ""weightb"": ""0"", ""weightp"": ""0"", ""wpp"": ""0""}"
x265,lf09_hard01,"lambda_f=0.9, hard=0.1",16034,RQ3,19,44.3,6.92,44.3,7.25937032699585,"['Standard', '320p', 30, '10s']",0.0,7.2592878341674805,0.0,"{""amp"": ""1"", ""aq-mode"": ""1"", ""aq-strength"": ""1.2"", ""b-adapt"": ""2"", ""bframes"": ""3"", ""crf"": ""30.0"", ""ctu"": ""32"", ""keyint"": ""237"", ""limit-refs"": ""1"", ""limit-tu"": ""1"", ""me"": ""umh"", ""merange"": ""31"", ""open-gop"": ""0"", ""psy-rd"": ""3.0"", ""psy-rdoq"": ""2.5"", ""qcomp"": ""1.0"", ""qpmax"": ""34"", ""qpmin"": ""6"", ""rc-lookahead"": ""60"", ""rd"": ""3"", ""rdoq-level"": ""2"", ""rect"": ""1"", ""ref"": ""6"", ""rskip"": ""1"", ""sao"": ""0"", ""scenecut"": ""94"", ""subme"": ""3"", ""tu-inter-depth"": ""2"", ""tu-intra-depth"": ""3"", ""weightb"": ""0"", ""weightp"": ""0"", ""wpp"": ""1""}"
x265,lf09_hard01,"lambda_f=0.9, hard=0.1",16034,RQ3,20,29.17,10.48,29.17,10.887499332427979,"['Standard', '320p', 30, '10s']",0.0,10.887367248535156,0.0,"{""amp"": ""0"", ""aq-mode"": ""0"", ""aq-strength"": ""2.0"", ""b-adapt"": ""0"", ""bframes"": ""2"", ""crf"": ""22.0"", ""ctu"": ""32"", ""keyint"": ""330"", ""limit-refs"": ""2"", ""limit-tu"": ""3"", ""me"": ""star"", ""merange"": ""36"", ""open-gop"": ""0"", ""psy-rd"": ""3.0"", ""psy-rdoq"": ""3.0"", ""qcomp"": ""1.0"", ""qpmax"": ""22"", ""qpmin"": ""6"", ""rc-lookahead"": ""25"", ""rd"": ""4"", ""rdoq-level"": ""1"", ""rect"": ""0"", ""ref"": ""2"", ""rskip"": ""1"", ""sao"": ""1"", ""scenecut"": ""41"", ""subme"": ""5"", ""tu-inter-depth"": ""4"", ""tu-intra-depth"": ""3"", ""weightb"": ""0"", ""weightp"": ""1"", ""wpp"": ""0""}"
x265,lf09_hard01,"lambda_f=0.9, hard=0.1",16034,RQ3,21,6.89,44.18,6.89,44.51711082458496,"['Standard', '320p', 30, '10s']",0.0,44.517019271850586,0.0,"{""amp"": ""0"", ""aq-mode"": ""1"", ""aq-strength"": ""2.0"", ""b-adapt"": ""1"", ""bframes"": ""1"", ""crf"": ""22.0"", ""ctu"": ""64"", ""keyint"": ""194"", ""limit-refs"": ""2"", ""limit-tu"": ""2"", ""me"": ""dia"", ""merange"": ""39"", ""open-gop"": ""1"", ""psy-rd"": ""2.5"", ""psy-rdoq"": ""1.5"", ""qcomp"": ""0.6"", ""qpmax"": ""24"", ""qpmin"": ""18"", ""rc-lookahead"": ""10"", ""rd"": ""5"", ""rdoq-level"": ""1"", ""rect"": ""1"", ""ref"": ""5"", ""rskip"": ""0"", ""sao"": ""1"", ""scenecut"": ""75"", ""subme"": ""4"", ""tu-inter-depth"": ""2"", ""tu-intra-depth"": ""1"", ""weightb"": ""0"", ""weightp"": ""0"", ""wpp"": ""1""}"
x265,lf09_hard01,"lambda_f=0.9, hard=0.1",16034,RQ3,22,44.52,6.88,44.52,7.225317001342773,"['Standard', '320p', 30, '10s']",0.0,7.2252349853515625,0.0,"{""amp"": ""1"", ""aq-mode"": ""0"", ""aq-strength"": ""1.5"", ""b-adapt"": ""1"", ""bframes"": ""0"", ""crf"": ""30.0"", ""ctu"": ""64"", ""keyint"": ""287"", ""limit-refs"": ""1"", ""limit-tu"": ""4"", ""me"": ""star"", ""merange"": ""29"", ""open-gop"": ""1"", ""psy-rd"": ""3.5"", ""psy-rdoq"": ""2.0"", ""qcomp"": ""0.6"", ""qpmax"": ""32"", ""qpmin"": ""18"", ""rc-lookahead"": ""45"", ""rd"": ""3"", ""rdoq-level"": ""2"", ""rect"": ""0"", ""ref"": ""2"", ""rskip"": ""0"", ""sao"": ""0"", ""scenecut"": ""35"", ""subme"": ""2"", ""tu-inter-depth"": ""3"", ""tu-intra-depth"": ""2"", ""weightb"": ""0"", ""weightp"": ""1"", ""wpp"": ""0""}"
x265,lf09_hard01,"lambda_f=0.9, hard=0.1",16034,RQ3,23,92.68,3.34,92.68,3.665944814682007,"['Standard', '320p', 30, '10s']",0.0,3.665860652923584,0.0,"{""amp"": ""0"", ""aq-mode"": ""0"", ""aq-strength"": ""1.0"", ""b-adapt"": ""0"", ""bframes"": ""7"", ""crf"": ""30.0"", ""ctu"": ""64"", ""keyint"": ""405"", ""limit-refs"": ""1"", ""limit-tu"": ""3"", ""me"": ""star"", ""merange"": ""49"", ""open-gop"": ""1"", ""psy-rd"": ""3.0"", ""psy-rdoq"": ""3.0"", ""qcomp"": ""0.75"", ""qpmax"": ""41"", ""qpmin"": ""10"", ""rc-lookahead"": ""53"", ""rd"": ""4"", ""rdoq-level"": ""0"", ""rect"": ""0"", ""ref"": ""4"", ""rskip"": ""0"", ""sao"": ""1"", ""scenecut"": ""82"", ""subme"": ""2"", ""tu-inter-depth"": ""2"", ""tu-intra-depth"": ""1"", ""weightb"": ""0"", ""weightp"": ""0"", ""wpp"": ""1""}"
x265,lf09_hard01,"lambda_f=0.9, hard=0.1",16034,RQ3,24,23.26,13.13,23.26,13.460220098495483,"['Standard', '320p', 30, '10s']",0.0,13.460139036178589,0.0,"{""amp"": ""1"", ""aq-mode"": ""1"", ""aq-strength"": ""0.5"", ""b-adapt"": ""2"", ""bframes"": ""8"", ""crf"": ""22.0"", ""ctu"": ""64"", ""keyint"": ""75"", ""limit-refs"": ""3"", ""limit-tu"": ""1"", ""me"": ""dia"", ""merange"": ""44"", ""open-gop"": ""1"", ""psy-rd"": ""3.0"", ""psy-rdoq"": ""2.5"", ""qcomp"": ""0.75"", ""qpmax"": ""46"", ""qpmin"": ""9"", ""rc-lookahead"": ""31"", ""rd"": ""3"", ""rdoq-level"": ""1"", ""rect"": ""1"", ""ref"": ""3"", ""rskip"": ""0"", ""sao"": ""0"", ""scenecut"": ""29"", ""subme"": ""4"", ""tu-inter-depth"": ""4"", ""tu-intra-depth"": ""1"", ""weightb"": ""0"", ""weightp"": ""1"", ""wpp"": ""0""}"
x265,lf09_hard01,"lambda_f=0.9, hard=0.1",16034,RQ3,25,104.72,2.96,104.72,3.288768768310547,"['Standard', '320p', 30, '10s']",0.0,3.2886874675750732,0.0,"{""amp"": ""0"", ""aq-mode"": ""2"", ""aq-strength"": ""0.8"", ""b-adapt"": ""2"", ""bframes"": ""1"", ""crf"": ""32.0"", ""ctu"": ""32"", ""keyint"": ""248"", ""limit-refs"": ""2"", ""limit-tu"": ""4"", ""me"": ""hex"", ""merange"": ""24"", ""open-gop"": ""0"", ""psy-rd"": ""2.0"", ""psy-rdoq"": ""0.5"", ""qcomp"": ""0.9"", ""qpmax"": ""42"", ""qpmin"": ""6"", ""rc-lookahead"": ""35"", ""rd"": ""4"", ""rdoq-level"": ""2"", ""rect"": ""0"", ""ref"": ""2"", ""rskip"": ""1"", ""sao"": ""0"", ""scenecut"": ""54"", ""subme"": ""1"", ""tu-inter-depth"": ""2"", ""tu-intra-depth"": ""2"", ""weightb"": ""1"", ""weightp"": ""0"", ""wpp"": ""0""}"
x265,lf09_hard01,"lambda_f=0.9, hard=0.1",16034,RQ3,26,76.16,4.05,76.16,4.442280292510986,"['Standard', '320p', 30, '10s']",0.0,4.442154884338379,0.0,"{""amp"": ""0"", ""aq-mode"": ""1"", ""aq-strength"": ""1.0"", ""b-adapt"": ""1"", ""bframes"": ""6"", ""crf"": ""30.0"", ""ctu"": ""32"", ""keyint"": ""118"", ""limit-refs"": ""1"", ""limit-tu"": ""0"", ""me"": ""umh"", ""merange"": ""51"", ""open-gop"": ""0"", ""psy-rd"": ""2.5"", ""psy-rdoq"": ""1.5"", ""qcomp"": ""0.8"", ""qpmax"": ""42"", ""qpmin"": ""17"", ""rc-lookahead"": ""39"", ""rd"": ""4"", ""rdoq-level"": ""0"", ""rect"": ""1"", ""ref"": ""2"", ""rskip"": ""1"", ""sao"": ""1"", ""scenecut"": ""48"", ""subme"": ""3"", ""tu-inter-depth"": ""3"", ""tu-intra-depth"": ""3"", ""weightb"": ""0"", ""weightp"": ""1"", ""wpp"": ""0""}"
x265,lf09_hard01,"lambda_f=0.9, hard=0.1",16034,RQ3,27,69.68,4.42,69.68,4.750921964645386,"['Standard', '320p', 30, '10s']",0.0,4.75083065032959,0.0,"{""amp"": ""1"", ""aq-mode"": ""4"", ""aq-strength"": ""1.2"", ""b-adapt"": ""1"", ""bframes"": ""4"", ""crf"": ""30.0"", ""ctu"": ""16"", ""keyint"": ""235"", ""limit-refs"": ""3"", ""limit-tu"": ""2"", ""me"": ""star"", ""merange"": ""54"", ""open-gop"": ""0"", ""psy-rd"": ""1.0"", ""psy-rdoq"": ""4.5"", ""qcomp"": ""0.6"", ""qpmax"": ""31"", ""qpmin"": ""9"", ""rc-lookahead"": ""20"", ""rd"": ""4"", ""rdoq-level"": ""0"", ""rect"": ""0"", ""ref"": ""6"", ""rskip"": ""1"", ""sao"": ""0"", ""scenecut"": ""82"", ""subme"": ""2"", ""tu-inter-depth"": ""3"", ""tu-intra-depth"": ""3"", ""weightb"": ""1"", ""weightp"": ""0"", ""wpp"": ""0""}"
x265,lf09_hard01,"lambda_f=0.9, hard=0.1",16034,RQ3,28,35.75,8.56,35.75,8.89521312713623,"['Standard', '320p', 30, '10s']",0.0,8.895129680633545,0.0,"{""amp"": ""1"", ""aq-mode"": ""3"", ""aq-strength"": ""1.5"", ""b-adapt"": ""0"", ""bframes"": ""7"", ""crf"": ""30.0"", ""ctu"": ""64"", ""keyint"": ""135"", ""limit-refs"": ""1"", ""limit-tu"": ""2"", ""me"": ""umh"", ""merange"": ""33"", ""open-gop"": ""0"", ""psy-rd"": ""0.5"", ""psy-rdoq"": ""3.5"", ""qcomp"": ""0.75"", ""qpmax"": ""30"", ""qpmin"": ""20"", ""rc-lookahead"": ""18"", ""rd"": ""4"", ""rdoq-level"": ""2"", ""rect"": ""1"", ""ref"": ""4"", ""rskip"": ""1"", ""sao"": ""1"", ""scenecut"": ""14"", ""subme"": ""2"", ""tu-inter-depth"": ""2"", ""tu-intra-depth"": ""2"", ""weightb"": ""0"", ""weightp"": ""1"", ""wpp"": ""0""}"
x265,lf09_hard01,"lambda_f=0.9, hard=0.1",16034,RQ3,29,37.81,8.09,37.81,8.43839693069458,"['Standard', '320p', 30, '10s']",0.0,8.438278436660767,0.0,"{""amp"": ""1"", ""aq-mode"": ""2"", ""aq-strength"": ""1.2"", ""b-adapt"": ""1"", ""bframes"": ""6"", ""crf"": ""30.0"", ""ctu"": ""32"", ""keyint"": ""389"", ""limit-refs"": ""1"", ""limit-tu"": ""1"", ""me"": ""hex"", ""merange"": ""31"", ""open-gop"": ""1"", ""psy-rd"": ""0.0"", ""psy-rdoq"": ""1.5"", ""qcomp"": ""0.8"", ""qpmax"": ""28"", ""qpmin"": ""7"", ""rc-lookahead"": ""30"", ""rd"": ""4"", ""rdoq-level"": ""2"", ""rect"": ""0"", ""ref"": ""3"", ""rskip"": ""0"", ""sao"": ""1"", ""scenecut"": ""54"", ""subme"": ""1"", ""tu-inter-depth"": ""3"", ""tu-intra-depth"": ""3"", ""weightb"": ""0"", ""weightp"": ""0"", ""wpp"": ""1""}"
x265,lf09_hard01,"lambda_f=0.9, hard=0.1",16034,RQ3,30,50.49,6.07,50.49,6.422573804855347,"['Standard', '320p', 30, '10s']",0.0,6.422494173049927,0.0,"{""amp"": ""1"", ""aq-mode"": ""3"", ""aq-strength"": ""1.2"", ""b-adapt"": ""2"", ""bframes"": ""1"", ""crf"": ""32.0"", ""ctu"": ""32"", ""keyint"": ""288"", ""limit-refs"": ""2"", ""limit-tu"": ""3"", ""me"": ""umh"", ""merange"": ""58"", ""open-gop"": ""1"", ""psy-rd"": ""0.5"", ""psy-rdoq"": ""0.5"", ""qcomp"": ""0.9"", ""qpmax"": ""29"", ""qpmin"": ""16"", ""rc-lookahead"": ""34"", ""rd"": ""4"", ""rdoq-level"": ""0"", ""rect"": ""1"", ""ref"": ""1"", ""rskip"": ""0"", ""sao"": ""0"", ""scenecut"": ""47"", ""subme"": ""3"", ""tu-inter-depth"": ""2"", ""tu-intra-depth"": ""1"", ""weightb"": ""1"", ""weightp"": ""1"", ""wpp"": ""1""}"
x265,lf09_hard01,"lambda_f=0.9, hard=0.1",16034,RQ3,31,67.74,4.55,67.74,4.883706569671631,"['Standard', '320p', 30, '10s']",0.0,4.883611440658569,0.0,"{""amp"": ""0"", ""aq-mode"": ""3"", ""aq-strength"": ""0.8"", ""b-adapt"": ""1"", ""bframes"": ""7"", ""crf"": ""25.0"", ""ctu"": ""64"", ""keyint"": ""92"", ""limit-refs"": ""2"", ""limit-tu"": ""2"", ""me"": ""dia"", ""merange"": ""58"", ""open-gop"": ""1"", ""psy-rd"": ""0.0"", ""psy-rdoq"": ""1.5"", ""qcomp"": ""1.0"", ""qpmax"": ""43"", ""qpmin"": ""7"", ""rc-lookahead"": ""46"", ""rd"": ""2"", ""rdoq-level"": ""0"", ""rect"": ""0"", ""ref"": ""3"", ""rskip"": ""0"", ""sao"": ""0"", ""scenecut"": ""61"", ""subme"": ""4"", ""tu-inter-depth"": ""2"", ""tu-intra-depth"": ""1"", ""weightb"": ""1"", ""weightp"": ""1"", ""wpp"": ""0""}"
x265,lf09_hard01,"lambda_f=0.9, hard=0.1",16034,RQ3,32,60.83,5.09,60.83,5.519515752792358,"['Standard', '320p', 30, '10s']",0.0,5.519428014755249,0.0,"{""amp"": ""1"", ""aq-mode"": ""0"", ""aq-strength"": ""1.2"", ""b-adapt"": ""1"", ""bframes"": ""4"", ""crf"": ""28.0"", ""ctu"": ""32"", ""keyint"": ""218"", ""limit-refs"": ""2"", ""limit-tu"": ""3"", ""me"": ""umh"", ""merange"": ""57"", ""open-gop"": ""0"", ""psy-rd"": ""2.0"", ""psy-rdoq"": ""0.5"", ""qcomp"": ""0.5"", ""qpmax"": ""46"", ""qpmin"": ""19"", ""rc-lookahead"": ""25"", ""rd"": ""3"", ""rdoq-level"": ""1"", ""rect"": ""0"", ""ref"": ""5"", ""rskip"": ""0"", ""sao"": ""1"", ""scenecut"": ""40"", ""subme"": ""4"", ""tu-inter-depth"": ""4"", ""tu-intra-depth"": ""2"", ""weightb"": ""0"", ""weightp"": ""1"", ""wpp"": ""1""}"
x265,lf09_hard01,"lambda_f=0.9, hard=0.1",16034,RQ3,33,16.65,18.31,16.65,18.647207736968994,"['Standard', '320p', 30, '10s']",0.0,18.647113800048828,0.0,"{""amp"": ""0"", ""aq-mode"": ""2"", ""aq-strength"": ""1.0"", ""b-adapt"": ""1"", ""bframes"": ""0"", ""crf"": ""20.0"", ""ctu"": ""32"", ""keyint"": ""430"", ""limit-refs"": ""3"", ""limit-tu"": ""0"", ""me"": ""hex"", ""merange"": ""60"", ""open-gop"": ""0"", ""psy-rd"": ""2.0"", ""psy-rdoq"": ""5.0"", ""qcomp"": ""0.7"", ""qpmax"": ""24"", ""qpmin"": ""2"", ""rc-lookahead"": ""51"", ""rd"": ""3"", ""rdoq-level"": ""2"", ""rect"": ""0"", ""ref"": ""1"", ""rskip"": ""0"", ""sao"": ""0"", ""scenecut"": ""2"", ""subme"": ""4"", ""tu-inter-depth"": ""3"", ""tu-intra-depth"": ""3"", ""weightb"": ""0"", ""weightp"": ""0"", ""wpp"": ""0""}"
x265,lf09_hard01,"lambda_f=0.9, hard=0.1",16034,RQ3,34,45.16,6.79,45.16,7.130756855010986,"['Standard', '320p', 30, '10s']",0.0,7.130663871765137,0.0,"{""amp"": ""0"", ""aq-mode"": ""1"", ""aq-strength"": ""1.8"", ""b-adapt"": ""1"", ""bframes"": ""5"", ""crf"": ""20.0"", ""ctu"": ""32"", ""keyint"": ""378"", ""limit-refs"": ""1"", ""limit-tu"": ""1"", ""me"": ""hex"", ""merange"": ""59"", ""open-gop"": ""0"", ""psy-rd"": ""4.0"", ""psy-rdoq"": ""1.0"", ""qcomp"": ""0.5"", ""qpmax"": ""40"", ""qpmin"": ""20"", ""rc-lookahead"": ""59"", ""rd"": ""4"", ""rdoq-level"": ""0"", ""rect"": ""1"", ""ref"": ""2"", ""rskip"": ""0"", ""sao"": ""0"", ""scenecut"": ""100"", ""subme"": ""2"", ""tu-inter-depth"": ""2"", ""tu-intra-depth"": ""2"", ""weightb"": ""0"", ""weightp"": ""0"", ""wpp"": ""0""}"
x265,lf09_hard01,"lambda_f=0.9, hard=0.1",16034,RQ3,35,14.93,20.41,14.93,20.747950315475464,"['Standard', '320p', 30, '10s']",0.0,20.747857570648193,0.0,"{""amp"": ""0"", ""aq-mode"": ""0"", ""aq-strength"": ""0.5"", ""b-adapt"": ""1"", ""bframes"": ""8"", ""crf"": ""28.0"", ""ctu"": ""64"", ""keyint"": ""88"", ""limit-refs"": ""0"", ""limit-tu"": ""2"", ""me"": ""hex"", ""merange"": ""30"", ""open-gop"": ""1"", ""psy-rd"": ""1.5"", ""psy-rdoq"": ""2.0"", ""qcomp"": ""0.7"", ""qpmax"": ""30"", ""qpmin"": ""8"", ""rc-lookahead"": ""16"", ""rd"": ""6"", ""rdoq-level"": ""1"", ""rect"": ""1"", ""ref"": ""1"", ""rskip"": ""1"", ""sao"": ""1"", ""scenecut"": ""90"", ""subme"": ""4"", ""tu-inter-depth"": ""1"", ""tu-intra-depth"": ""2"", ""weightb"": ""1"", ""weightp"": ""0"", ""wpp"": ""1""}"
x265,lf09_hard01,"lambda_f=0.9, hard=0.1",16034,RQ3,36,44.81,6.83,44.81,7.169526100158691,"['Standard', '320p', 30, '10s']",0.0,7.169416666030884,0.0,"{""amp"": ""1"", ""aq-mode"": ""1"", ""aq-strength"": ""1.5"", ""b-adapt"": ""1"", ""bframes"": ""4"", ""crf"": ""22.0"", ""ctu"": ""16"", ""keyint"": ""324"", ""limit-refs"": ""3"", ""limit-tu"": ""1"", ""me"": ""hex"", ""merange"": ""39"", ""open-gop"": ""1"", ""psy-rd"": ""3.0"", ""psy-rdoq"": ""2.5"", ""qcomp"": ""0.7"", ""qpmax"": ""49"", ""qpmin"": ""18"", ""rc-lookahead"": ""28"", ""rd"": ""4"", ""rdoq-level"": ""1"", ""rect"": ""1"", ""ref"": ""5"", ""rskip"": ""1"", ""sao"": ""1"", ""scenecut"": ""42"", ""subme"": ""5"", ""tu-inter-depth"": ""3"", ""tu-intra-depth"": ""2"", ""weightb"": ""0"", ""weightp"": ""0"", ""wpp"": ""1""}"
x265,lf09_hard01,"lambda_f=0.9, hard=0.1",16034,RQ3,37,14.95,20.39,14.95,20.953553915023804,"['Standard', '320p', 30, '10s']",0.0,20.953446626663208,0.0,"{""amp"": ""0"", ""aq-mode"": ""4"", ""aq-strength"": ""2.0"", ""b-adapt"": ""2"", ""bframes"": ""7"", ""crf"": ""30.0"", ""ctu"": ""16"", ""keyint"": ""440"", ""limit-refs"": ""1"", ""limit-tu"": ""2"", ""me"": ""dia"", ""merange"": ""47"", ""open-gop"": ""1"", ""psy-rd"": ""2.5"", ""psy-rdoq"": ""1.0"", ""qcomp"": ""0.6"", ""qpmax"": ""34"", ""qpmin"": ""12"", ""rc-lookahead"": ""39"", ""rd"": ""5"", ""rdoq-level"": ""1"", ""rect"": ""1"", ""ref"": ""6"", ""rskip"": ""1"", ""sao"": ""0"", ""scenecut"": ""32"", ""subme"": ""5"", ""tu-inter-depth"": ""3"", ""tu-intra-depth"": ""3"", ""weightb"": ""1"", ""weightp"": ""1"", ""wpp"": ""1""}"
x265,lf09_hard01,"lambda_f=0.9, hard=0.1",16034,RQ3,38,44.51,6.88,44.51,7.224360704421997,"['Standard', '320p', 30, '10s']",0.0,7.2242655754089355,0.0,"{""amp"": ""0"", ""aq-mode"": ""2"", ""aq-strength"": ""1.0"", ""b-adapt"": ""1"", ""bframes"": ""3"", ""crf"": ""30.0"", ""ctu"": ""16"", ""keyint"": ""220"", ""limit-refs"": ""1"", ""limit-tu"": ""2"", ""me"": ""dia"", ""merange"": ""51"", ""open-gop"": ""0"", ""psy-rd"": ""1.0"", ""psy-rdoq"": ""2.5"", ""qcomp"": ""0.7"", ""qpmax"": ""20"", ""qpmin"": ""6"", ""rc-lookahead"": ""12"", ""rd"": ""4"", ""rdoq-level"": ""0"", ""rect"": ""0"", ""ref"": ""4"", ""rskip"": ""1"", ""sao"": ""0"", ""scenecut"": ""1"", ""subme"": ""2"", ""tu-inter-depth"": ""3"", ""tu-intra-depth"": ""3"", ""weightb"": ""0"", ""weightp"": ""0"", ""wpp"": ""1""}"
x265,lf09_hard01,"lambda_f=0.9, hard=0.1",16034,RQ3,39,79.94,3.86,79.94,4.192734003067017,"['Standard', '320p', 30, '10s']",0.0,4.192641735076904,0.0,"{""amp"": ""1"", ""aq-mode"": ""2"", ""aq-strength"": ""1.5"", ""b-adapt"": ""1"", ""bframes"": ""2"", ""crf"": ""28.0"", ""ctu"": ""64"", ""keyint"": ""435"", ""limit-refs"": ""1"", ""limit-tu"": ""4"", ""me"": ""umh"", ""merange"": ""34"", ""open-gop"": ""1"", ""psy-rd"": ""3.0"", ""psy-rdoq"": ""3.0"", ""qcomp"": ""0.75"", ""qpmax"": ""44"", ""qpmin"": ""15"", ""rc-lookahead"": ""13"", ""rd"": ""3"", ""rdoq-level"": ""1"", ""rect"": ""0"", ""ref"": ""2"", ""rskip"": ""1"", ""sao"": ""0"", ""scenecut"": ""24"", ""subme"": ""3"", ""tu-inter-depth"": ""4"", ""tu-intra-depth"": ""1"", ""weightb"": ""1"", ""weightp"": ""1"", ""wpp"": ""0""}"
x265,lf09_hard01,"lambda_f=0.9, hard=0.1",16034,RQ3,40,12.04,25.3,12.04,25.640119791030884,"['Standard', '320p', 30, '10s']",0.0,25.64002227783203,0.0,"{""amp"": ""0"", ""aq-mode"": ""2"", ""aq-strength"": ""1.0"", ""b-adapt"": ""1"", ""bframes"": ""3"", ""crf"": ""28.0"", ""ctu"": ""64"", ""keyint"": ""324"", ""limit-refs"": ""0"", ""limit-tu"": ""4"", ""me"": ""umh"", ""merange"": ""16"", ""open-gop"": ""1"", ""psy-rd"": ""0.0"", ""psy-rdoq"": ""2.5"", ""qcomp"": ""0.6"", ""qpmax"": ""50"", ""qpmin"": ""18"", ""rc-lookahead"": ""28"", ""rd"": ""6"", ""rdoq-level"": ""2"", ""rect"": ""0"", ""ref"": ""3"", ""rskip"": ""0"", ""sao"": ""1"", ""scenecut"": ""98"", ""subme"": ""5"", ""tu-inter-depth"": ""3"", ""tu-intra-depth"": ""3"", ""weightb"": ""1"", ""weightp"": ""1"", ""wpp"": ""1""}"
x265,lf09_hard01,"lambda_f=0.9, hard=0.1",16034,RQ3,41,69.78,4.41,69.78,4.743620872497559,"['Standard', '320p', 30, '10s']",0.0,4.743521690368652,0.0,"{""amp"": ""1"", ""aq-mode"": ""2"", ""aq-strength"": ""0.0"", ""b-adapt"": ""1"", ""bframes"": ""4"", ""crf"": ""32.0"", ""ctu"": ""32"", ""keyint"": ""207"", ""limit-refs"": ""2"", ""limit-tu"": ""4"", ""me"": ""hex"", ""merange"": ""63"", ""open-gop"": ""0"", ""psy-rd"": ""0.5"", ""psy-rdoq"": ""1.0"", ""qcomp"": ""0.5"", ""qpmax"": ""43"", ""qpmin"": ""0"", ""rc-lookahead"": ""25"", ""rd"": ""4"", ""rdoq-level"": ""2"", ""rect"": ""0"", ""ref"": ""3"", ""rskip"": ""0"", ""sao"": ""1"", ""scenecut"": ""64"", ""subme"": ""4"", ""tu-inter-depth"": ""1"", ""tu-intra-depth"": ""4"", ""weightb"": ""0"", ""weightp"": ""0"", ""wpp"": ""0""}"
x265,lf09_hard01,"lambda_f=0.9, hard=0.1",16034,RQ3,42,86.85,3.56,86.85,3.8870527744293213,"['Standard', '320p', 30, '10s']",0.0,3.886958122253418,0.0,"{""amp"": ""0"", ""aq-mode"": ""1"", ""aq-strength"": ""1.5"", ""b-adapt"": ""1"", ""bframes"": ""7"", ""crf"": ""25.0"", ""ctu"": ""32"", ""keyint"": ""86"", ""limit-refs"": ""2"", ""limit-tu"": ""4"", ""me"": ""hex"", ""merange"": ""17"", ""open-gop"": ""0"", ""psy-rd"": ""0.0"", ""psy-rdoq"": ""4.0"", ""qcomp"": ""0.75"", ""qpmax"": ""33"", ""qpmin"": ""0"", ""rc-lookahead"": ""33"", ""rd"": ""1"", ""rdoq-level"": ""0"", ""rect"": ""0"", ""ref"": ""1"", ""rskip"": ""0"", ""sao"": ""0"", ""scenecut"": ""29"", ""subme"": ""2"", ""tu-inter-depth"": ""1"", ""tu-intra-depth"": ""2"", ""weightb"": ""0"", ""weightp"": ""0"", ""wpp"": ""0""}"
x265,lf09_hard01,"lambda_f=0.9, hard=0.1",16034,RQ3,43,31.73,9.64,31.73,9.979940414428711,"['Standard', '320p', 30, '10s']",0.0,9.979846000671387,0.0,"{""amp"": ""0"", ""aq-mode"": ""3"", ""aq-strength"": ""0.0"", ""b-adapt"": ""2"", ""bframes"": ""5"", ""crf"": ""18.0"", ""ctu"": ""16"", ""keyint"": ""421"", ""limit-refs"": ""3"", ""limit-tu"": ""1"", ""me"": ""dia"", ""merange"": ""29"", ""open-gop"": ""0"", ""psy-rd"": ""2.0"", ""psy-rdoq"": ""1.5"", ""qcomp"": ""0.75"", ""qpmax"": ""26"", ""qpmin"": ""1"", ""rc-lookahead"": ""46"", ""rd"": ""4"", ""rdoq-level"": ""2"", ""rect"": ""1"", ""ref"": ""1"", ""rskip"": ""1"", ""sao"": ""0"", ""scenecut"": ""33"", ""subme"": ""2"", ""tu-inter-depth"": ""2"", ""tu-intra-depth"": ""1"", ""weightb"": ""0"", ""weightp"": ""1"", ""wpp"": ""0""}"
x265,lf09_hard01,"lambda_f=0.9, hard=0.1",16034,RQ3,44,5.74,52.98,5.74,53.32033038139343,"['Standard', '320p', 30, '10s']",0.0,53.3202338218689,0.0,"{""amp"": ""0"", ""aq-mode"": ""1"", ""aq-strength"": ""1.0"", ""b-adapt"": ""2"", ""bframes"": ""7"", ""crf"": ""18.0"", ""ctu"": ""64"", ""keyint"": ""81"", ""limit-refs"": ""1"", ""limit-tu"": ""1"", ""me"": ""dia"", ""merange"": ""19"", ""open-gop"": ""1"", ""psy-rd"": ""0.5"", ""psy-rdoq"": ""4.0"", ""qcomp"": ""0.7"", ""qpmax"": ""31"", ""qpmin"": ""6"", ""rc-lookahead"": ""24"", ""rd"": ""5"", ""rdoq-level"": ""1"", ""rect"": ""1"", ""ref"": ""2"", ""rskip"": ""0"", ""sao"": ""0"", ""scenecut"": ""18"", ""subme"": ""3"", ""tu-inter-depth"": ""4"", ""tu-intra-depth"": ""3"", ""weightb"": ""0"", ""weightp"": ""0"", ""wpp"": ""0""}"
x265,lf09_hard01,"lambda_f=0.9, hard=0.1",16034,RQ3,45,34.14,8.95,34.14,9.285536527633667,"['Standard', '320p', 30, '10s']",0.0,9.285440444946289,0.0,"{""amp"": ""0"", ""aq-mode"": ""2"", ""aq-strength"": ""1.5"", ""b-adapt"": ""1"", ""bframes"": ""6"", ""crf"": ""30.0"", ""ctu"": ""32"", ""keyint"": ""44"", ""limit-refs"": ""1"", ""limit-tu"": ""0"", ""me"": ""hex"", ""merange"": ""35"", ""open-gop"": ""0"", ""psy-rd"": ""0.0"", ""psy-rdoq"": ""2.0"", ""qcomp"": ""0.6"", ""qpmax"": ""23"", ""qpmin"": ""16"", ""rc-lookahead"": ""24"", ""rd"": ""4"", ""rdoq-level"": ""0"", ""rect"": ""0"", ""ref"": ""1"", ""rskip"": ""0"", ""sao"": ""0"", ""scenecut"": ""52"", ""subme"": ""1"", ""tu-inter-depth"": ""3"", ""tu-intra-depth"": ""1"", ""weightb"": ""0"", ""weightp"": ""0"", ""wpp"": ""1""}"
x265,lf09_hard01,"lambda_f=0.9, hard=0.1",16034,RQ3,46,93.67,3.31,93.67,3.6511223316192627,"['Standard', '320p', 30, '10s']",0.0,3.6510298252105713,0.0,"{""amp"": ""1"", ""aq-mode"": ""0"", ""aq-strength"": ""1.0"", ""b-adapt"": ""1"", ""bframes"": ""3"", ""crf"": ""18.0"", ""ctu"": ""64"", ""keyint"": ""365"", ""limit-refs"": ""0"", ""limit-tu"": ""3"", ""me"": ""dia"", ""merange"": ""22"", ""open-gop"": ""0"", ""psy-rd"": ""0.0"", ""psy-rdoq"": ""1.0"", ""qcomp"": ""0.5"", ""qpmax"": ""24"", ""qpmin"": ""7"", ""rc-lookahead"": ""47"", ""rd"": ""1"", ""rdoq-level"": ""0"", ""rect"": ""0"", ""ref"": ""1"", ""rskip"": ""1"", ""sao"": ""0"", ""scenecut"": ""6"", ""subme"": ""3"", ""tu-inter-depth"": ""1"", ""tu-intra-depth"": ""1"", ""weightb"": ""0"", ""weightp"": ""1"", ""wpp"": ""0""}"
x265,lf09_hard01,"lambda_f=0.9, hard=0.1",16034,RQ3,47,46.6,6.57,46.6,6.901771545410156,"['Standard', '320p', 30, '10s']",0.0,6.901676893234253,0.0,"{""amp"": ""1"", ""aq-mode"": ""1"", ""aq-strength"": ""0.0"", ""b-adapt"": ""1"", ""bframes"": ""5"", ""crf"": ""28.0"", ""ctu"": ""32"", ""keyint"": ""245"", ""limit-refs"": ""3"", ""limit-tu"": ""3"", ""me"": ""dia"", ""merange"": ""49"", ""open-gop"": ""0"", ""psy-rd"": ""3.0"", ""psy-rdoq"": ""3.0"", ""qcomp"": ""0.6"", ""qpmax"": ""41"", ""qpmin"": ""0"", ""rc-lookahead"": ""30"", ""rd"": ""4"", ""rdoq-level"": ""2"", ""rect"": ""1"", ""ref"": ""1"", ""rskip"": ""0"", ""sao"": ""1"", ""scenecut"": ""26"", ""subme"": ""3"", ""tu-inter-depth"": ""4"", ""tu-intra-depth"": ""2"", ""weightb"": ""0"", ""weightp"": ""0"", ""wpp"": ""1""}"
x265,lf09_hard01,"lambda_f=0.9, hard=0.1",16034,RQ3,48,19.89,15.34,19.89,15.692371845245361,"['Standard', '320p', 30, '10s']",0.0,15.692274570465088,0.0,"{""amp"": ""0"", ""aq-mode"": ""3"", ""aq-strength"": ""0.5"", ""b-adapt"": ""0"", ""bframes"": ""7"", ""crf"": ""20.0"", ""ctu"": ""64"", ""keyint"": ""251"", ""limit-refs"": ""1"", ""limit-tu"": ""1"", ""me"": ""umh"", ""merange"": ""56"", ""open-gop"": ""1"", ""psy-rd"": ""2.0"", ""psy-rdoq"": ""1.5"", ""qcomp"": ""0.8"", ""qpmax"": ""47"", ""qpmin"": ""16"", ""rc-lookahead"": ""10"", ""rd"": ""3"", ""rdoq-level"": ""1"", ""rect"": ""1"", ""ref"": ""3"", ""rskip"": ""1"", ""sao"": ""1"", ""scenecut"": ""81"", ""subme"": ""4"", ""tu-inter-depth"": ""3"", ""tu-intra-depth"": ""2"", ""weightb"": ""1"", ""weightp"": ""1"", ""wpp"": ""0""}"
x265,lf09_hard01,"lambda_f=0.9, hard=0.1",16034,RQ3,49,21.89,13.95,21.89,14.28259825706482,"['Standard', '320p', 30, '10s']",0.0,14.282505989074707,0.0,"{""amp"": ""1"", ""aq-mode"": ""4"", ""aq-strength"": ""1.5"", ""b-adapt"": ""1"", ""bframes"": ""4"", ""crf"": ""20.0"", ""ctu"": ""64"", ""keyint"": ""26"", ""limit-refs"": ""3"", ""limit-tu"": ""2"", ""me"": ""umh"", ""merange"": ""48"", ""open-gop"": ""0"", ""psy-rd"": ""4.0"", ""psy-rdoq"": ""3.0"", ""qcomp"": ""0.8"", ""qpmax"": ""39"", ""qpmin"": ""13"", ""rc-lookahead"": ""36"", ""rd"": ""3"", ""rdoq-level"": ""2"", ""rect"": ""1"", ""ref"": ""2"", ""rskip"": ""0"", ""sao"": ""0"", ""scenecut"": ""17"", ""subme"": ""4"", ""tu-inter-depth"": ""3"", ""tu-intra-depth"": ""4"", ""weightb"": ""0"", ""weightp"": ""1"", ""wpp"": ""1""}"
x265,lf09_hard01,"lambda_f=0.9, hard=0.1",16034,RQ3,50,35.36,8.65,35.36,9.196658372879028,"['Standard', '320p', 30, '10s']",0.0,9.196549654006958,0.0,"{""amp"": ""0"", ""aq-mode"": ""4"", ""aq-strength"": ""1.8"", ""b-adapt"": ""0"", ""bframes"": ""2"", ""crf"": ""18.0"", ""ctu"": ""64"", ""keyint"": ""28"", ""limit-refs"": ""3"", ""limit-tu"": ""3"", ""me"": ""hex"", ""merange"": ""44"", ""open-gop"": ""0"", ""psy-rd"": ""2.5"", ""psy-rdoq"": ""3.5"", ""qcomp"": ""0.6"", ""qpmax"": ""32"", ""qpmin"": ""4"", ""rc-lookahead"": ""11"", ""rd"": ""3"", ""rdoq-level"": ""2"", ""rect"": ""0"", ""ref"": ""1"", ""rskip"": ""0"", ""sao"": ""0"", ""scenecut"": ""28"", ""subme"": ""5"", ""tu-inter-depth"": ""1"", ""tu-intra-depth"": ""1"", ""weightb"": ""0"", ""weightp"": ""0"", ""wpp"": ""0""}"
x265,lf09_hard01,"lambda_f=0.9, hard=0.1",16034,RQ3,51,5.42,56.18,5.42,56.53213405609131,"['Standard', '320p', 30, '10s']",0.0,56.53203558921814,0.0,"{""amp"": ""0"", ""aq-mode"": ""2"", ""aq-strength"": ""0.5"", ""b-adapt"": ""0"", ""bframes"": ""6"", ""crf"": ""18.0"", ""ctu"": ""16"", ""keyint"": ""272"", ""limit-refs"": ""0"", ""limit-tu"": ""2"", ""me"": ""umh"", ""merange"": ""30"", ""open-gop"": ""0"", ""psy-rd"": ""3.5"", ""psy-rdoq"": ""0.5"", ""qcomp"": ""0.9"", ""qpmax"": ""50"", ""qpmin"": ""8"", ""rc-lookahead"": ""55"", ""rd"": ""5"", ""rdoq-level"": ""2"", ""rect"": ""1"", ""ref"": ""5"", ""rskip"": ""1"", ""sao"": ""1"", ""scenecut"": ""39"", ""subme"": ""4"", ""tu-inter-depth"": ""2"", ""tu-intra-depth"": ""3"", ""weightb"": ""1"", ""weightp"": ""1"", ""wpp"": ""0""}"
x265,lf09_hard01,"lambda_f=0.9, hard=0.1",16034,RQ3,52,75.02,4.11,75.02,4.4522106647491455,"['Standard', '320p', 30, '10s']",0.0,4.4521143436431885,0.0,"{""amp"": ""0"", ""aq-mode"": ""1"", ""aq-strength"": ""1.2"", ""b-adapt"": ""2"", ""bframes"": ""2"", ""crf"": ""30.0"", ""ctu"": ""32"", ""keyint"": ""375"", ""limit-refs"": ""1"", ""limit-tu"": ""3"", ""me"": ""hex"", ""merange"": ""41"", ""open-gop"": ""1"", ""psy-rd"": ""4.0"", ""psy-rdoq"": ""0.0"", ""qcomp"": ""0.8"", ""qpmax"": ""47"", ""qpmin"": ""6"", ""rc-lookahead"": ""46"", ""rd"": ""4"", ""rdoq-level"": ""1"", ""rect"": ""1"", ""ref"": ""2"", ""rskip"": ""0"", ""sao"": ""1"", ""scenecut"": ""53"", ""subme"": ""4"", ""tu-inter-depth"": ""2"", ""tu-intra-depth"": ""2"", ""weightb"": ""1"", ""weightp"": ""1"", ""wpp"": ""1""}"
x265,lf09_hard01,"lambda_f=0.9, hard=0.1",16034,RQ3,53,35.09,8.72,35.09,9.067142009735107,"['Standard', '320p', 30, '10s']",0.0,9.067041397094727,0.0,"{""amp"": ""1"", ""aq-mode"": ""2"", ""aq-strength"": ""1.0"", ""b-adapt"": ""0"", ""bframes"": ""0"", ""crf"": ""25.0"", ""ctu"": ""32"", ""keyint"": ""75"", ""limit-refs"": ""1"", ""limit-tu"": ""2"", ""me"": ""star"", ""merange"": ""36"", ""open-gop"": ""0"", ""psy-rd"": ""1.0"", ""psy-rdoq"": ""4.5"", ""qcomp"": ""0.6"", ""qpmax"": ""36"", ""qpmin"": ""19"", ""rc-lookahead"": ""56"", ""rd"": ""4"", ""rdoq-level"": ""2"", ""rect"": ""0"", ""ref"": ""1"", ""rskip"": ""0"", ""sao"": ""1"", ""scenecut"": ""8"", ""subme"": ""3"", ""tu-inter-depth"": ""2"", ""tu-intra-depth"": ""1"", ""weightb"": ""0"", ""weightp"": ""0"", ""wpp"": ""0""}"
x265,lf09_hard01,"lambda_f=0.9, hard=0.1",16034,RQ3,54,31.43,9.73,31.43,10.06223440170288,"['Standard', '320p', 30, '10s']",0.0,10.06213641166687,0.0,"{""amp"": ""0"", ""aq-mode"": ""4"", ""aq-strength"": ""0.5"", ""b-adapt"": ""1"", ""bframes"": ""4"", ""crf"": ""20.0"", ""ctu"": ""32"", ""keyint"": ""275"", ""limit-refs"": ""0"", ""limit-tu"": ""4"", ""me"": ""hex"", ""merange"": ""53"", ""open-gop"": ""0"", ""psy-rd"": ""1.5"", ""psy-rdoq"": ""3.5"", ""qcomp"": ""0.7"", ""qpmax"": ""49"", ""qpmin"": ""8"", ""rc-lookahead"": ""25"", ""rd"": ""3"", ""rdoq-level"": ""1"", ""rect"": ""0"", ""ref"": ""4"", ""rskip"": ""0"", ""sao"": ""1"", ""scenecut"": ""47"", ""subme"": ""3"", ""tu-inter-depth"": ""2"", ""tu-intra-depth"": ""3"", ""weightb"": ""1"", ""weightp"": ""0"", ""wpp"": ""1""}"
x265,lf09_hard01,"lambda_f=0.9, hard=0.1",16034,RQ3,55,74.61,4.13,74.61,4.459673166275024,"['Standard', '320p', 30, '10s']",0.0,4.459577798843384,0.0,"{""amp"": ""0"", ""aq-mode"": ""4"", ""aq-strength"": ""1.5"", ""b-adapt"": ""1"", ""bframes"": ""7"", ""crf"": ""32.0"", ""ctu"": ""16"", ""keyint"": ""411"", ""limit-refs"": ""2"", ""limit-tu"": ""3"", ""me"": ""umh"", ""merange"": ""23"", ""open-gop"": ""0"", ""psy-rd"": ""0.0"", ""psy-rdoq"": ""0.5"", ""qcomp"": ""0.75"", ""qpmax"": ""44"", ""qpmin"": ""6"", ""rc-lookahead"": ""24"", ""rd"": ""2"", ""rdoq-level"": ""1"", ""rect"": ""1"", ""ref"": ""3"", ""rskip"": ""1"", ""sao"": ""0"", ""scenecut"": ""78"", ""subme"": ""1"", ""tu-inter-depth"": ""2"", ""tu-intra-depth"": ""3"", ""weightb"": ""1"", ""weightp"": ""1"", ""wpp"": ""0""}"
x265,lf09_hard01,"lambda_f=0.9, hard=0.1",16034,RQ3,56,7.14,42.66,7.14,42.9916512966156,"['Standard', '320p', 30, '10s']",0.0,42.9915554523468,0.0,"{""amp"": ""0"", ""aq-mode"": ""2"", ""aq-strength"": ""2.0"", ""b-adapt"": ""2"", ""bframes"": ""5"", ""crf"": ""25.0"", ""ctu"": ""64"", ""keyint"": ""208"", ""limit-refs"": ""1"", ""limit-tu"": ""1"", ""me"": ""dia"", ""merange"": ""20"", ""open-gop"": ""1"", ""psy-rd"": ""0.5"", ""psy-rdoq"": ""1.0"", ""qcomp"": ""0.9"", ""qpmax"": ""21"", ""qpmin"": ""1"", ""rc-lookahead"": ""57"", ""rd"": ""5"", ""rdoq-level"": ""1"", ""rect"": ""0"", ""ref"": ""3"", ""rskip"": ""0"", ""sao"": ""0"", ""scenecut"": ""17"", ""subme"": ""1"", ""tu-inter-depth"": ""2"", ""tu-intra-depth"": ""2"", ""weightb"": ""0"", ""weightp"": ""0"", ""wpp"": ""1""}"
x265,lf09_hard01,"lambda_f=0.9, hard=0.1",16034,RQ3,57,30.79,9.97,30.79,10.51245927810669,"['Standard', '320p', 30, '10s']",0.0,10.51235842704773,0.0,"{""amp"": ""1"", ""aq-mode"": ""1"", ""aq-strength"": ""1.5"", ""b-adapt"": ""2"", ""bframes"": ""1"", ""crf"": ""22.0"", ""ctu"": ""64"", ""keyint"": ""452"", ""limit-refs"": ""3"", ""limit-tu"": ""4"", ""me"": ""umh"", ""merange"": ""48"", ""open-gop"": ""1"", ""psy-rd"": ""1.5"", ""psy-rdoq"": ""3.0"", ""qcomp"": ""0.7"", ""qpmax"": ""22"", ""qpmin"": ""12"", ""rc-lookahead"": ""45"", ""rd"": ""4"", ""rdoq-level"": ""1"", ""rect"": ""0"", ""ref"": ""4"", ""rskip"": ""0"", ""sao"": ""1"", ""scenecut"": ""20"", ""subme"": ""1"", ""tu-inter-depth"": ""2"", ""tu-intra-depth"": ""3"", ""weightb"": ""1"", ""weightp"": ""1"", ""wpp"": ""1""}"
x265,lf09_hard01,"lambda_f=0.9, hard=0.1",16034,RQ3,58,21.37,14.32,21.37,14.884447813034058,"['Standard', '320p', 30, '10s']",0.0,14.884332656860352,0.0,"{""amp"": ""1"", ""aq-mode"": ""0"", ""aq-strength"": ""1.0"", ""b-adapt"": ""2"", ""bframes"": ""2"", ""crf"": ""30.0"", ""ctu"": ""32"", ""keyint"": ""364"", ""limit-refs"": ""2"", ""limit-tu"": ""0"", ""me"": ""dia"", ""merange"": ""63"", ""open-gop"": ""1"", ""psy-rd"": ""3.0"", ""psy-rdoq"": ""3.0"", ""qcomp"": ""0.8"", ""qpmax"": ""23"", ""qpmin"": ""7"", ""rc-lookahead"": ""49"", ""rd"": ""3"", ""rdoq-level"": ""1"", ""rect"": ""0"", ""ref"": ""4"", ""rskip"": ""0"", ""sao"": ""1"", ""scenecut"": ""99"", ""subme"": ""4"", ""tu-inter-depth"": ""2"", ""tu-intra-depth"": ""3"", ""weightb"": ""0"", ""weightp"": ""1"", ""wpp"": ""0""}"
x265,lf09_hard01,"lambda_f=0.9, hard=0.1",16034,RQ3,59,26.26,11.63,26.26,11.96923542022705,"['Standard', '320p', 30, '10s']",0.0,11.969120025634766,0.0,"{""amp"": ""1"", ""aq-mode"": ""3"", ""aq-strength"": ""0.0"", ""b-adapt"": ""0"", ""bframes"": ""6"", ""crf"": ""25.0"", ""ctu"": ""32"", ""keyint"": ""91"", ""limit-refs"": ""2"", ""limit-tu"": ""0"", ""me"": ""hex"", ""merange"": ""63"", ""open-gop"": ""1"", ""psy-rd"": ""3.5"", ""psy-rdoq"": ""4.0"", ""qcomp"": ""0.75"", ""qpmax"": ""26"", ""qpmin"": ""1"", ""rc-lookahead"": ""11"", ""rd"": ""3"", ""rdoq-level"": ""1"", ""rect"": ""0"", ""ref"": ""4"", ""rskip"": ""1"", ""sao"": ""1"", ""scenecut"": ""39"", ""subme"": ""3"", ""tu-inter-depth"": ""3"", ""tu-intra-depth"": ""3"", ""weightb"": ""1"", ""weightp"": ""1"", ""wpp"": ""0""}"
x265,lf09_hard01,"lambda_f=0.9, hard=0.1",16034,RQ3,60,34.64,8.83,34.64,9.17659592628479,"['Standard', '320p', 30, '10s']",0.0,9.176501035690308,0.0,"{""amp"": ""0"", ""aq-mode"": ""1"", ""aq-strength"": ""0.5"", ""b-adapt"": ""0"", ""bframes"": ""1"", ""crf"": ""28.0"", ""ctu"": ""64"", ""keyint"": ""432"", ""limit-refs"": ""3"", ""limit-tu"": ""0"", ""me"": ""hex"", ""merange"": ""27"", ""open-gop"": ""1"", ""psy-rd"": ""2.0"", ""psy-rdoq"": ""2.5"", ""qcomp"": ""0.8"", ""qpmax"": ""21"", ""qpmin"": ""8"", ""rc-lookahead"": ""56"", ""rd"": ""3"", ""rdoq-level"": ""1"", ""rect"": ""0"", ""ref"": ""2"", ""rskip"": ""1"", ""sao"": ""1"", ""scenecut"": ""9"", ""subme"": ""1"", ""tu-inter-depth"": ""1"", ""tu-intra-depth"": ""1"", ""weightb"": ""0"", ""weightp"": ""0"", ""wpp"": ""0""}"
x265,lf09_hard01,"lambda_f=0.9, hard=0.1",16034,RQ3,61,45.48,6.74,45.48,7.080772638320923,"['Standard', '320p', 30, '10s']",0.0,7.0806801319122314,0.0,"{""amp"": ""0"", ""aq-mode"": ""1"", ""aq-strength"": ""0.5"", ""b-adapt"": ""2"", ""bframes"": ""7"", ""crf"": ""22.0"", ""ctu"": ""16"", ""keyint"": ""422"", ""limit-refs"": ""3"", ""limit-tu"": ""3"", ""me"": ""hex"", ""merange"": ""29"", ""open-gop"": ""0"", ""psy-rd"": ""4.0"", ""psy-rdoq"": ""0.0"", ""qcomp"": ""0.6"", ""qpmax"": ""35"", ""qpmin"": ""8"", ""rc-lookahead"": ""17"", ""rd"": ""4"", ""rdoq-level"": ""2"", ""rect"": ""1"", ""ref"": ""5"", ""rskip"": ""1"", ""sao"": ""1"", ""scenecut"": ""24"", ""subme"": ""3"", ""tu-inter-depth"": ""3"", ""tu-intra-depth"": ""3"", ""weightb"": ""1"", ""weightp"": ""0"", ""wpp"": ""0""}"
x265,lf09_hard01,"lambda_f=0.9, hard=0.1",16034,RQ3,62,28.16,10.85,28.16,11.263777732849121,"['Standard', '320p', 30, '10s']",0.0,11.263652086257935,0.0,"{""amp"": ""0"", ""aq-mode"": ""2"", ""aq-strength"": ""1.8"", ""b-adapt"": ""0"", ""bframes"": ""2"", ""crf"": ""25.0"", ""ctu"": ""32"", ""keyint"": ""431"", ""limit-refs"": ""2"", ""limit-tu"": ""2"", ""me"": ""full"", ""merange"": ""20"", ""open-gop"": ""0"", ""psy-rd"": ""0.0"", ""psy-rdoq"": ""5.0"", ""qcomp"": ""0.9"", ""qpmax"": ""37"", ""qpmin"": ""10"", ""rc-lookahead"": ""23"", ""rd"": ""1"", ""rdoq-level"": ""2"", ""rect"": ""0"", ""ref"": ""5"", ""rskip"": ""0"", ""sao"": ""0"", ""scenecut"": ""11"", ""subme"": ""1"", ""tu-inter-depth"": ""3"", ""tu-intra-depth"": ""4"", ""weightb"": ""1"", ""weightp"": ""0"", ""wpp"": ""1""}"
x265,lf09_hard01,"lambda_f=0.9, hard=0.1",16034,RQ3,63,10.49,29.03,10.49,29.379225730895996,"['Standard', '320p', 30, '10s']",0.0,29.379132986068726,0.0,"{""amp"": ""0"", ""aq-mode"": ""4"", ""aq-strength"": ""1.8"", ""b-adapt"": ""1"", ""bframes"": ""1"", ""crf"": ""20.0"", ""ctu"": ""32"", ""keyint"": ""441"", ""limit-refs"": ""2"", ""limit-tu"": ""3"", ""me"": ""hex"", ""merange"": ""50"", ""open-gop"": ""1"", ""psy-rd"": ""2.0"", ""psy-rdoq"": ""3.0"", ""qcomp"": ""0.8"", ""qpmax"": ""41"", ""qpmin"": ""10"", ""rc-lookahead"": ""26"", ""rd"": ""6"", ""rdoq-level"": ""1"", ""rect"": ""1"", ""ref"": ""6"", ""rskip"": ""0"", ""sao"": ""1"", ""scenecut"": ""45"", ""subme"": ""3"", ""tu-inter-depth"": ""3"", ""tu-intra-depth"": ""2"", ""weightb"": ""0"", ""weightp"": ""0"", ""wpp"": ""0""}"
x265,lf09_hard01,"lambda_f=0.9, hard=0.1",16034,RQ3,64,32.5,9.41,32.5,9.752776384353638,"['Standard', '320p', 30, '10s']",0.0,9.752685070037842,0.0,"{""amp"": ""1"", ""aq-mode"": ""1"", ""aq-strength"": ""0.8"", ""b-adapt"": ""1"", ""bframes"": ""0"", ""crf"": ""28.0"", ""ctu"": ""64"", ""keyint"": ""319"", ""limit-refs"": ""3"", ""limit-tu"": ""1"", ""me"": ""umh"", ""merange"": ""20"", ""open-gop"": ""0"", ""psy-rd"": ""0.0"", ""psy-rdoq"": ""1.0"", ""qcomp"": ""0.8"", ""qpmax"": ""23"", ""qpmin"": ""8"", ""rc-lookahead"": ""36"", ""rd"": ""4"", ""rdoq-level"": ""0"", ""rect"": ""1"", ""ref"": ""3"", ""rskip"": ""0"", ""sao"": ""0"", ""scenecut"": ""95"", ""subme"": ""1"", ""tu-inter-depth"": ""1"", ""tu-intra-depth"": ""4"", ""weightb"": ""0"", ""weightp"": ""1"", ""wpp"": ""1""}"
x265,lf09_hard01,"lambda_f=0.9, hard=0.1",16034,RQ3,65,33.03,9.26,33.03,9.6122887134552,"['Standard', '320p', 30, '10s']",0.0,9.612190961837769,0.0,"{""amp"": ""0"", ""aq-mode"": ""2"", ""aq-strength"": ""1.2"", ""b-adapt"": ""1"", ""bframes"": ""5"", ""crf"": ""22.0"", ""ctu"": ""64"", ""keyint"": ""450"", ""limit-refs"": ""3"", ""limit-tu"": ""0"", ""me"": ""dia"", ""merange"": ""39"", ""open-gop"": ""0"", ""psy-rd"": ""3.5"", ""psy-rdoq"": ""1.5"", ""qcomp"": ""1.0"", ""qpmax"": ""43"", ""qpmin"": ""17"", ""rc-lookahead"": ""29"", ""rd"": ""4"", ""rdoq-level"": ""0"", ""rect"": ""0"", ""ref"": ""5"", ""rskip"": ""0"", ""sao"": ""1"", ""scenecut"": ""76"", ""subme"": ""2"", ""tu-inter-depth"": ""3"", ""tu-intra-depth"": ""4"", ""weightb"": ""1"", ""weightp"": ""1"", ""wpp"": ""1""}"
x265,lf09_hard01,"lambda_f=0.9, hard=0.1",16034,RQ3,66,23.5,13.0,23.5,13.33803939819336,"['Standard', '320p', 30, '10s']",0.0,13.337940216064453,0.0,"{""amp"": ""1"", ""aq-mode"": ""1"", ""aq-strength"": ""0.5"", ""b-adapt"": ""1"", ""bframes"": ""6"", ""crf"": ""20.0"", ""ctu"": ""64"", ""keyint"": ""305"", ""limit-refs"": ""1"", ""limit-tu"": ""1"", ""me"": ""hex"", ""merange"": ""17"", ""open-gop"": ""0"", ""psy-rd"": ""2.0"", ""psy-rdoq"": ""4.0"", ""qcomp"": ""0.5"", ""qpmax"": ""50"", ""qpmin"": ""11"", ""rc-lookahead"": ""38"", ""rd"": ""4"", ""rdoq-level"": ""0"", ""rect"": ""1"", ""ref"": ""6"", ""rskip"": ""1"", ""sao"": ""1"", ""scenecut"": ""43"", ""subme"": ""3"", ""tu-inter-depth"": ""4"", ""tu-intra-depth"": ""1"", ""weightb"": ""0"", ""weightp"": ""1"", ""wpp"": ""1""}"
x265,lf09_hard01,"lambda_f=0.9, hard=0.1",16034,RQ3,67,35.48,8.63,35.48,9.03292179107666,"['Standard', '320p', 30, '10s']",0.0,9.032780885696411,0.0,"{""amp"": ""1"", ""aq-mode"": ""4"", ""aq-strength"": ""0.5"", ""b-adapt"": ""1"", ""bframes"": ""4"", ""crf"": ""20.0"", ""ctu"": ""32"", ""keyint"": ""69"", ""limit-refs"": ""2"", ""limit-tu"": ""0"", ""me"": ""hex"", ""merange"": ""60"", ""open-gop"": ""0"", ""psy-rd"": ""4.0"", ""psy-rdoq"": ""3.5"", ""qcomp"": ""0.5"", ""qpmax"": ""30"", ""qpmin"": ""7"", ""rc-lookahead"": ""13"", ""rd"": ""3"", ""rdoq-level"": ""1"", ""rect"": ""0"", ""ref"": ""2"", ""rskip"": ""0"", ""sao"": ""0"", ""scenecut"": ""71"", ""subme"": ""3"", ""tu-inter-depth"": ""1"", ""tu-intra-depth"": ""3"", ""weightb"": ""1"", ""weightp"": ""1"", ""wpp"": ""0""}"
x265,lf09_hard01,"lambda_f=0.9, hard=0.1",16034,RQ3,68,46.55,6.59,46.55,6.939323663711548,"['Standard', '320p', 30, '10s']",0.0,6.939225196838379,0.0,"{""amp"": ""0"", ""aq-mode"": ""4"", ""aq-strength"": ""0.5"", ""b-adapt"": ""2"", ""bframes"": ""2"", ""crf"": ""28.0"", ""ctu"": ""64"", ""keyint"": ""244"", ""limit-refs"": ""1"", ""limit-tu"": ""3"", ""me"": ""umh"", ""merange"": ""48"", ""open-gop"": ""0"", ""psy-rd"": ""0.0"", ""psy-rdoq"": ""3.5"", ""qcomp"": ""0.7"", ""qpmax"": ""29"", ""qpmin"": ""19"", ""rc-lookahead"": ""43"", ""rd"": ""2"", ""rdoq-level"": ""1"", ""rect"": ""1"", ""ref"": ""1"", ""rskip"": ""1"", ""sao"": ""0"", ""scenecut"": ""9"", ""subme"": ""3"", ""tu-inter-depth"": ""3"", ""tu-intra-depth"": ""2"", ""weightb"": ""1"", ""weightp"": ""0"", ""wpp"": ""1""}"
x265,lf09_hard01,"lambda_f=0.9, hard=0.1",16034,RQ3,69,2.92,104.0,2.92,104.33702683448792,"['Standard', '320p', 30, '10s']",0.0,104.33692049980164,0.0,"{""amp"": ""1"", ""aq-mode"": ""3"", ""aq-strength"": ""0.5"", ""b-adapt"": ""2"", ""bframes"": ""7"", ""crf"": ""20.0"", ""ctu"": ""16"", ""keyint"": ""457"", ""limit-refs"": ""3"", ""limit-tu"": ""3"", ""me"": ""full"", ""merange"": ""63"", ""open-gop"": ""1"", ""psy-rd"": ""3.5"", ""psy-rdoq"": ""1.5"", ""qcomp"": ""0.9"", ""qpmax"": ""28"", ""qpmin"": ""20"", ""rc-lookahead"": ""23"", ""rd"": ""3"", ""rdoq-level"": ""1"", ""rect"": ""1"", ""ref"": ""5"", ""rskip"": ""1"", ""sao"": ""0"", ""scenecut"": ""11"", ""subme"": ""2"", ""tu-inter-depth"": ""3"", ""tu-intra-depth"": ""2"", ""weightb"": ""1"", ""weightp"": ""0"", ""wpp"": ""1""}"
x265,lf09_hard01,"lambda_f=0.9, hard=0.1",16034,RQ3,70,48.84,6.28,48.84,6.609802007675171,"['Standard', '320p', 30, '10s']",0.0,6.609710693359375,0.0,"{""amp"": ""0"", ""aq-mode"": ""0"", ""aq-strength"": ""2.0"", ""b-adapt"": ""0"", ""bframes"": ""5"", ""crf"": ""22.0"", ""ctu"": ""16"", ""keyint"": ""171"", ""limit-refs"": ""2"", ""limit-tu"": ""2"", ""me"": ""dia"", ""merange"": ""19"", ""open-gop"": ""0"", ""psy-rd"": ""0.5"", ""psy-rdoq"": ""2.5"", ""qcomp"": ""0.75"", ""qpmax"": ""24"", ""qpmin"": ""7"", ""rc-lookahead"": ""15"", ""rd"": ""3"", ""rdoq-level"": ""0"", ""rect"": ""0"", ""ref"": ""4"", ""rskip"": ""1"", ""sao"": ""0"", ""scenecut"": ""53"", ""subme"": ""5"", ""tu-inter-depth"": ""3"", ""tu-intra-depth"": ""2"", ""weightb"": ""0"", ""weightp"": ""1"", ""wpp"": ""0""}"
x265,lf09_hard01,"lambda_f=0.9, hard=0.1",16034,RQ3,71,17.3,17.63,17.3,17.955527305603027,"['Standard', '320p', 30, '10s']",0.0,17.955427408218384,0.0,"{""amp"": ""0"", ""aq-mode"": ""0"", ""aq-strength"": ""1.2"", ""b-adapt"": ""2"", ""bframes"": ""5"", ""crf"": ""30.0"", ""ctu"": ""32"", ""keyint"": ""146"", ""limit-refs"": ""3"", ""limit-tu"": ""3"", ""me"": ""umh"", ""merange"": ""46"", ""open-gop"": ""0"", ""psy-rd"": ""1.0"", ""psy-rdoq"": ""2.5"", ""qcomp"": ""0.5"", ""qpmax"": ""48"", ""qpmin"": ""10"", ""rc-lookahead"": ""39"", ""rd"": ""5"", ""rdoq-level"": ""1"", ""rect"": ""1"", ""ref"": ""3"", ""rskip"": ""0"", ""sao"": ""0"", ""scenecut"": ""23"", ""subme"": ""4"", ""tu-inter-depth"": ""3"", ""tu-intra-depth"": ""2"", ""weightb"": ""1"", ""weightp"": ""0"", ""wpp"": ""0""}"
x265,lf09_hard01,"lambda_f=0.9, hard=0.1",16034,RQ3,72,22.37,13.65,22.37,13.977878093719482,"['Standard', '320p', 30, '10s']",0.0,13.97777009010315,0.0,"{""amp"": ""0"", ""aq-mode"": ""4"", ""aq-strength"": ""1.5"", ""b-adapt"": ""2"", ""bframes"": ""3"", ""crf"": ""22.0"", ""ctu"": ""16"", ""keyint"": ""455"", ""limit-refs"": ""1"", ""limit-tu"": ""3"", ""me"": ""hex"", ""merange"": ""33"", ""open-gop"": ""1"", ""psy-rd"": ""0.0"", ""psy-rdoq"": ""0.0"", ""qcomp"": ""0.7"", ""qpmax"": ""36"", ""qpmin"": ""8"", ""rc-lookahead"": ""40"", ""rd"": ""6"", ""rdoq-level"": ""0"", ""rect"": ""1"", ""ref"": ""3"", ""rskip"": ""1"", ""sao"": ""0"", ""scenecut"": ""6"", ""subme"": ""4"", ""tu-inter-depth"": ""1"", ""tu-intra-depth"": ""1"", ""weightb"": ""1"", ""weightp"": ""1"", ""wpp"": ""1""}"
x265,lf09_hard01,"lambda_f=0.9, hard=0.1",16034,RQ3,73,20.02,15.24,20.02,15.58991265296936,"['Standard', '320p', 30, '10s']",0.0,15.589813232421875,0.0,"{""amp"": ""0"", ""aq-mode"": ""0"", ""aq-strength"": ""0.8"", ""b-adapt"": ""2"", ""bframes"": ""6"", ""crf"": ""25.0"", ""ctu"": ""16"", ""keyint"": ""220"", ""limit-refs"": ""2"", ""limit-tu"": ""1"", ""me"": ""hex"", ""merange"": ""53"", ""open-gop"": ""0"", ""psy-rd"": ""1.0"", ""psy-rdoq"": ""3.5"", ""qcomp"": ""0.5"", ""qpmax"": ""29"", ""qpmin"": ""12"", ""rc-lookahead"": ""49"", ""rd"": ""6"", ""rdoq-level"": ""0"", ""rect"": ""1"", ""ref"": ""2"", ""rskip"": ""1"", ""sao"": ""0"", ""scenecut"": ""28"", ""subme"": ""4"", ""tu-inter-depth"": ""1"", ""tu-intra-depth"": ""3"", ""weightb"": ""1"", ""weightp"": ""1"", ""wpp"": ""1""}"
x265,lf09_hard01,"lambda_f=0.9, hard=0.1",16034,RQ3,74,25.84,11.82,25.84,12.159762859344482,"['Standard', '320p', 30, '10s']",0.0,12.159671783447266,0.0,"{""amp"": ""1"", ""aq-mode"": ""3"", ""aq-strength"": ""1.0"", ""b-adapt"": ""1"", ""bframes"": ""2"", ""crf"": ""20.0"", ""ctu"": ""32"", ""keyint"": ""111"", ""limit-refs"": ""1"", ""limit-tu"": ""2"", ""me"": ""star"", ""merange"": ""39"", ""open-gop"": ""1"", ""psy-rd"": ""0.5"", ""psy-rdoq"": ""3.5"", ""qcomp"": ""0.75"", ""qpmax"": ""47"", ""qpmin"": ""13"", ""rc-lookahead"": ""55"", ""rd"": ""4"", ""rdoq-level"": ""2"", ""rect"": ""0"", ""ref"": ""4"", ""rskip"": ""1"", ""sao"": ""0"", ""scenecut"": ""77"", ""subme"": ""3"", ""tu-inter-depth"": ""3"", ""tu-intra-depth"": ""1"", ""weightb"": ""0"", ""weightp"": ""0"", ""wpp"": ""0""}"
x265,lf09_hard01,"lambda_f=0.9, hard=0.1",16034,RQ3,75,40.94,7.48,40.94,7.813791990280151,"['Standard', '320p', 30, '10s']",0.0,7.813696384429932,0.0,"{""amp"": ""1"", ""aq-mode"": ""1"", ""aq-strength"": ""0.5"", ""b-adapt"": ""0"", ""bframes"": ""7"", ""crf"": ""22.0"", ""ctu"": ""64"", ""keyint"": ""153"", ""limit-refs"": ""1"", ""limit-tu"": ""1"", ""me"": ""hex"", ""merange"": ""36"", ""open-gop"": ""0"", ""psy-rd"": ""1.5"", ""psy-rdoq"": ""0.5"", ""qcomp"": ""0.7"", ""qpmax"": ""46"", ""qpmin"": ""6"", ""rc-lookahead"": ""30"", ""rd"": ""4"", ""rdoq-level"": ""0"", ""rect"": ""1"", ""ref"": ""3"", ""rskip"": ""1"", ""sao"": ""0"", ""scenecut"": ""94"", ""subme"": ""3"", ""tu-inter-depth"": ""3"", ""tu-intra-depth"": ""3"", ""weightb"": ""1"", ""weightp"": ""1"", ""wpp"": ""1""}"
x265,lf09_hard01,"lambda_f=0.9, hard=0.1",16034,RQ3,76,17.74,17.19,17.74,17.53710627555847,"['Standard', '320p', 30, '10s']",0.0,17.53700852394104,0.0,"{""amp"": ""0"", ""aq-mode"": ""3"", ""aq-strength"": ""1.2"", ""b-adapt"": ""2"", ""bframes"": ""4"", ""crf"": ""32.0"", ""ctu"": ""16"", ""keyint"": ""477"", ""limit-refs"": ""0"", ""limit-tu"": ""1"", ""me"": ""dia"", ""merange"": ""46"", ""open-gop"": ""1"", ""psy-rd"": ""3.5"", ""psy-rdoq"": ""0.0"", ""qcomp"": ""0.5"", ""qpmax"": ""34"", ""qpmin"": ""7"", ""rc-lookahead"": ""28"", ""rd"": ""6"", ""rdoq-level"": ""2"", ""rect"": ""0"", ""ref"": ""2"", ""rskip"": ""1"", ""sao"": ""1"", ""scenecut"": ""90"", ""subme"": ""4"", ""tu-inter-depth"": ""3"", ""tu-intra-depth"": ""2"", ""weightb"": ""1"", ""weightp"": ""0"", ""wpp"": ""1""}"
x265,lf09_hard01,"lambda_f=0.9, hard=0.1",16034,RQ3,77,28.56,10.7,28.56,11.03840184211731,"['Standard', '320p', 30, '10s']",0.0,11.038304090499878,0.0,"{""amp"": ""1"", ""aq-mode"": ""2"", ""aq-strength"": ""1.2"", ""b-adapt"": ""1"", ""bframes"": ""7"", ""crf"": ""18.0"", ""ctu"": ""16"", ""keyint"": ""256"", ""limit-refs"": ""2"", ""limit-tu"": ""1"", ""me"": ""dia"", ""merange"": ""43"", ""open-gop"": ""1"", ""psy-rd"": ""1.5"", ""psy-rdoq"": ""3.0"", ""qcomp"": ""0.8"", ""qpmax"": ""43"", ""qpmin"": ""20"", ""rc-lookahead"": ""40"", ""rd"": ""4"", ""rdoq-level"": ""2"", ""rect"": ""0"", ""ref"": ""3"", ""rskip"": ""1"", ""sao"": ""1"", ""scenecut"": ""77"", ""subme"": ""4"", ""tu-inter-depth"": ""3"", ""tu-intra-depth"": ""3"", ""weightb"": ""1"", ""weightp"": ""0"", ""wpp"": ""0""}"
x265,lf09_hard01,"lambda_f=0.9, hard=0.1",16034,RQ3,78,25.73,11.87,25.73,12.270594120025635,"['Standard', '320p', 30, '10s']",0.0,12.270450592041016,0.0,"{""amp"": ""0"", ""aq-mode"": ""2"", ""aq-strength"": ""1.5"", ""b-adapt"": ""0"", ""bframes"": ""4"", ""crf"": ""22.0"", ""ctu"": ""32"", ""keyint"": ""357"", ""limit-refs"": ""2"", ""limit-tu"": ""0"", ""me"": ""hex"", ""merange"": ""58"", ""open-gop"": ""1"", ""psy-rd"": ""3.5"", ""psy-rdoq"": ""0.5"", ""qcomp"": ""0.75"", ""qpmax"": ""36"", ""qpmin"": ""14"", ""rc-lookahead"": ""35"", ""rd"": ""3"", ""rdoq-level"": ""2"", ""rect"": ""1"", ""ref"": ""2"", ""rskip"": ""1"", ""sao"": ""1"", ""scenecut"": ""21"", ""subme"": ""2"", ""tu-inter-depth"": ""4"", ""tu-intra-depth"": ""4"", ""weightb"": ""1"", ""weightp"": ""0"", ""wpp"": ""0""}"
x265,lf09_hard01,"lambda_f=0.9, hard=0.1",16034,RQ3,79,45.43,6.75,45.43,7.084983825683594,"['Standard', '320p', 30, '10s']",0.0,7.084891319274902,0.0,"{""amp"": ""0"", ""aq-mode"": ""3"", ""aq-strength"": ""0.5"", ""b-adapt"": ""2"", ""bframes"": ""3"", ""crf"": ""28.0"", ""ctu"": ""64"", ""keyint"": ""496"", ""limit-refs"": ""0"", ""limit-tu"": ""2"", ""me"": ""dia"", ""merange"": ""64"", ""open-gop"": ""0"", ""psy-rd"": ""0.0"", ""psy-rdoq"": ""4.0"", ""qcomp"": ""0.5"", ""qpmax"": ""21"", ""qpmin"": ""3"", ""rc-lookahead"": ""25"", ""rd"": ""1"", ""rdoq-level"": ""0"", ""rect"": ""0"", ""ref"": ""1"", ""rskip"": ""0"", ""sao"": ""0"", ""scenecut"": ""74"", ""subme"": ""1"", ""tu-inter-depth"": ""3"", ""tu-intra-depth"": ""2"", ""weightb"": ""0"", ""weightp"": ""0"", ""wpp"": ""1""}"
x265,lf09_hard01,"lambda_f=0.9, hard=0.1",16034,RQ3,80,11.54,26.39,11.54,26.732881546020508,"['Standard', '320p', 30, '10s']",0.0,26.732784271240234,0.0,"{""amp"": ""0"", ""aq-mode"": ""3"", ""aq-strength"": ""0.8"", ""b-adapt"": ""2"", ""bframes"": ""2"", ""crf"": ""18.0"", ""ctu"": ""32"", ""keyint"": ""41"", ""limit-refs"": ""2"", ""limit-tu"": ""2"", ""me"": ""star"", ""merange"": ""58"", ""open-gop"": ""0"", ""psy-rd"": ""1.5"", ""psy-rdoq"": ""2.0"", ""qcomp"": ""0.9"", ""qpmax"": ""34"", ""qpmin"": ""17"", ""rc-lookahead"": ""39"", ""rd"": ""6"", ""rdoq-level"": ""0"", ""rect"": ""1"", ""ref"": ""3"", ""rskip"": ""1"", ""sao"": ""1"", ""scenecut"": ""27"", ""subme"": ""3"", ""tu-inter-depth"": ""3"", ""tu-intra-depth"": ""3"", ""weightb"": ""1"", ""weightp"": ""1"", ""wpp"": ""0""}"
x265,lf09_hard01,"lambda_f=0.9, hard=0.1",16034,RQ3,81,15.39,19.8,15.39,20.13123083114624,"['Standard', '320p', 30, '10s']",0.0,20.131130695343018,0.0,"{""amp"": ""0"", ""aq-mode"": ""1"", ""aq-strength"": ""0.5"", ""b-adapt"": ""1"", ""bframes"": ""5"", ""crf"": ""25.0"", ""ctu"": ""16"", ""keyint"": ""207"", ""limit-refs"": ""2"", ""limit-tu"": ""1"", ""me"": ""hex"", ""merange"": ""61"", ""open-gop"": ""1"", ""psy-rd"": ""0.5"", ""psy-rdoq"": ""4.0"", ""qcomp"": ""0.9"", ""qpmax"": ""29"", ""qpmin"": ""3"", ""rc-lookahead"": ""14"", ""rd"": ""6"", ""rdoq-level"": ""2"", ""rect"": ""0"", ""ref"": ""5"", ""rskip"": ""1"", ""sao"": ""1"", ""scenecut"": ""44"", ""subme"": ""3"", ""tu-inter-depth"": ""3"", ""tu-intra-depth"": ""1"", ""weightb"": ""0"", ""weightp"": ""0"", ""wpp"": ""1""}"
x265,lf09_hard01,"lambda_f=0.9, hard=0.1",16034,RQ3,82,46.72,6.56,46.72,6.911606788635254,"['Standard', '320p', 30, '10s']",0.0,6.911509037017822,0.0,"{""amp"": ""0"", ""aq-mode"": ""1"", ""aq-strength"": ""1.5"", ""b-adapt"": ""1"", ""bframes"": ""2"", ""crf"": ""18.0"", ""ctu"": ""64"", ""keyint"": ""443"", ""limit-refs"": ""0"", ""limit-tu"": ""2"", ""me"": ""umh"", ""merange"": ""39"", ""open-gop"": ""1"", ""psy-rd"": ""0.0"", ""psy-rdoq"": ""4.0"", ""qcomp"": ""0.75"", ""qpmax"": ""27"", ""qpmin"": ""7"", ""rc-lookahead"": ""54"", ""rd"": ""2"", ""rdoq-level"": ""2"", ""rect"": ""0"", ""ref"": ""2"", ""rskip"": ""1"", ""sao"": ""0"", ""scenecut"": ""78"", ""subme"": ""5"", ""tu-inter-depth"": ""3"", ""tu-intra-depth"": ""3"", ""weightb"": ""1"", ""weightp"": ""1"", ""wpp"": ""0""}"
x265,lf09_hard01,"lambda_f=0.9, hard=0.1",16034,RQ3,83,8.72,34.93,8.72,35.2781183719635,"['Standard', '320p', 30, '10s']",0.0,35.27801752090454,0.0,"{""amp"": ""0"", ""aq-mode"": ""2"", ""aq-strength"": ""0.8"", ""b-adapt"": ""1"", ""bframes"": ""7"", ""crf"": ""28.0"", ""ctu"": ""64"", ""keyint"": ""105"", ""limit-refs"": ""1"", ""limit-tu"": ""1"", ""me"": ""dia"", ""merange"": ""16"", ""open-gop"": ""0"", ""psy-rd"": ""1.0"", ""psy-rdoq"": ""3.5"", ""qcomp"": ""0.6"", ""qpmax"": ""28"", ""qpmin"": ""2"", ""rc-lookahead"": ""25"", ""rd"": ""5"", ""rdoq-level"": ""1"", ""rect"": ""1"", ""ref"": ""4"", ""rskip"": ""1"", ""sao"": ""1"", ""scenecut"": ""98"", ""subme"": ""3"", ""tu-inter-depth"": ""2"", ""tu-intra-depth"": ""4"", ""weightb"": ""0"", ""weightp"": ""0"", ""wpp"": ""0""}"
x265,lf09_hard01,"lambda_f=0.9, hard=0.1",16034,RQ3,84,49.27,6.23,49.27,6.5680928230285645,"['Standard', '320p', 30, '10s']",0.0,6.568002939224243,0.0,"{""amp"": ""1"", ""aq-mode"": ""3"", ""aq-strength"": ""0.5"", ""b-adapt"": ""2"", ""bframes"": ""1"", ""crf"": ""30.0"", ""ctu"": ""64"", ""keyint"": ""310"", ""limit-refs"": ""2"", ""limit-tu"": ""1"", ""me"": ""hex"", ""merange"": ""46"", ""open-gop"": ""1"", ""psy-rd"": ""0.5"", ""psy-rdoq"": ""1.0"", ""qcomp"": ""0.7"", ""qpmax"": ""36"", ""qpmin"": ""4"", ""rc-lookahead"": ""57"", ""rd"": ""4"", ""rdoq-level"": ""1"", ""rect"": ""0"", ""ref"": ""3"", ""rskip"": ""0"", ""sao"": ""0"", ""scenecut"": ""90"", ""subme"": ""4"", ""tu-inter-depth"": ""3"", ""tu-intra-depth"": ""2"", ""weightb"": ""0"", ""weightp"": ""1"", ""wpp"": ""0""}"
x265,lf09_hard01,"lambda_f=0.9, hard=0.1",16034,RQ3,85,32.49,9.41,32.49,9.749066591262817,"['Standard', '320p', 30, '10s']",0.0,9.748974084854126,0.0,"{""amp"": ""1"", ""aq-mode"": ""3"", ""aq-strength"": ""1.5"", ""b-adapt"": ""2"", ""bframes"": ""5"", ""crf"": ""25.0"", ""ctu"": ""16"", ""keyint"": ""276"", ""limit-refs"": ""2"", ""limit-tu"": ""1"", ""me"": ""full"", ""merange"": ""19"", ""open-gop"": ""1"", ""psy-rd"": ""0.5"", ""psy-rdoq"": ""1.5"", ""qcomp"": ""0.8"", ""qpmax"": ""39"", ""qpmin"": ""12"", ""rc-lookahead"": ""11"", ""rd"": ""3"", ""rdoq-level"": ""1"", ""rect"": ""1"", ""ref"": ""2"", ""rskip"": ""1"", ""sao"": ""1"", ""scenecut"": ""29"", ""subme"": ""2"", ""tu-inter-depth"": ""2"", ""tu-intra-depth"": ""3"", ""weightb"": ""0"", ""weightp"": ""0"", ""wpp"": ""0""}"
x265,lf09_hard01,"lambda_f=0.9, hard=0.1",16034,RQ3,86,27.61,11.06,27.61,11.400315284729004,"['Standard', '320p', 30, '10s']",0.0,11.400216817855835,0.0,"{""amp"": ""0"", ""aq-mode"": ""3"", ""aq-strength"": ""0.8"", ""b-adapt"": ""2"", ""bframes"": ""3"", ""crf"": ""28.0"", ""ctu"": ""32"", ""keyint"": ""249"", ""limit-refs"": ""3"", ""limit-tu"": ""1"", ""me"": ""hex"", ""merange"": ""57"", ""open-gop"": ""1"", ""psy-rd"": ""1.0"", ""psy-rdoq"": ""4.0"", ""qcomp"": ""0.75"", ""qpmax"": ""49"", ""qpmin"": ""12"", ""rc-lookahead"": ""33"", ""rd"": ""6"", ""rdoq-level"": ""1"", ""rect"": ""1"", ""ref"": ""1"", ""rskip"": ""1"", ""sao"": ""1"", ""scenecut"": ""44"", ""subme"": ""5"", ""tu-inter-depth"": ""1"", ""tu-intra-depth"": ""1"", ""weightb"": ""0"", ""weightp"": ""1"", ""wpp"": ""1""}"
x265,lf09_hard01,"lambda_f=0.9, hard=0.1",16034,RQ3,87,19.12,15.95,19.12,16.28408908843994,"['Standard', '320p', 30, '10s']",0.0,16.28399634361267,0.0,"{""amp"": ""0"", ""aq-mode"": ""3"", ""aq-strength"": ""1.8"", ""b-adapt"": ""2"", ""bframes"": ""3"", ""crf"": ""28.0"", ""ctu"": ""16"", ""keyint"": ""220"", ""limit-refs"": ""3"", ""limit-tu"": ""1"", ""me"": ""hex"", ""merange"": ""61"", ""open-gop"": ""1"", ""psy-rd"": ""3.0"", ""psy-rdoq"": ""1.5"", ""qcomp"": ""1.0"", ""qpmax"": ""51"", ""qpmin"": ""12"", ""rc-lookahead"": ""57"", ""rd"": ""5"", ""rdoq-level"": ""2"", ""rect"": ""1"", ""ref"": ""3"", ""rskip"": ""1"", ""sao"": ""1"", ""scenecut"": ""64"", ""subme"": ""3"", ""tu-inter-depth"": ""1"", ""tu-intra-depth"": ""3"", ""weightb"": ""1"", ""weightp"": ""1"", ""wpp"": ""1""}"
x265,lf09_hard01,"lambda_f=0.9, hard=0.1",16034,RQ3,88,60.44,5.09,60.44,5.431771516799927,"['Standard', '320p', 30, '10s']",0.0,5.43166971206665,0.0,"{""amp"": ""1"", ""aq-mode"": ""1"", ""aq-strength"": ""0.8"", ""b-adapt"": ""1"", ""bframes"": ""2"", ""crf"": ""28.0"", ""ctu"": ""64"", ""keyint"": ""155"", ""limit-refs"": ""0"", ""limit-tu"": ""3"", ""me"": ""hex"", ""merange"": ""18"", ""open-gop"": ""1"", ""psy-rd"": ""1.5"", ""psy-rdoq"": ""1.0"", ""qcomp"": ""0.9"", ""qpmax"": ""40"", ""qpmin"": ""20"", ""rc-lookahead"": ""19"", ""rd"": ""4"", ""rdoq-level"": ""1"", ""rect"": ""1"", ""ref"": ""1"", ""rskip"": ""1"", ""sao"": ""1"", ""scenecut"": ""54"", ""subme"": ""1"", ""tu-inter-depth"": ""3"", ""tu-intra-depth"": ""3"", ""weightb"": ""0"", ""weightp"": ""0"", ""wpp"": ""0""}"
x265,lf09_hard01,"lambda_f=0.9, hard=0.1",16034,RQ3,89,65.14,4.72,65.14,5.059372663497925,"['Standard', '320p', 30, '10s']",0.0,5.059277296066284,0.0,"{""amp"": ""1"", ""aq-mode"": ""3"", ""aq-strength"": ""0.5"", ""b-adapt"": ""0"", ""bframes"": ""7"", ""crf"": ""30.0"", ""ctu"": ""32"", ""keyint"": ""108"", ""limit-refs"": ""1"", ""limit-tu"": ""0"", ""me"": ""star"", ""merange"": ""21"", ""open-gop"": ""0"", ""psy-rd"": ""0.5"", ""psy-rdoq"": ""3.0"", ""qcomp"": ""0.9"", ""qpmax"": ""39"", ""qpmin"": ""1"", ""rc-lookahead"": ""44"", ""rd"": ""4"", ""rdoq-level"": ""1"", ""rect"": ""0"", ""ref"": ""5"", ""rskip"": ""1"", ""sao"": ""1"", ""scenecut"": ""74"", ""subme"": ""5"", ""tu-inter-depth"": ""3"", ""tu-intra-depth"": ""1"", ""weightb"": ""1"", ""weightp"": ""1"", ""wpp"": ""1""}"
x265,lf09_hard01,"lambda_f=0.9, hard=0.1",16034,RQ3,90,78.82,3.91,78.82,4.246702194213867,"['Standard', '320p', 30, '10s']",0.0,4.24660325050354,0.0,"{""amp"": ""0"", ""aq-mode"": ""3"", ""aq-strength"": ""0.8"", ""b-adapt"": ""2"", ""bframes"": ""0"", ""crf"": ""28.0"", ""ctu"": ""32"", ""keyint"": ""301"", ""limit-refs"": ""1"", ""limit-tu"": ""1"", ""me"": ""star"", ""merange"": ""30"", ""open-gop"": ""0"", ""psy-rd"": ""0.0"", ""psy-rdoq"": ""2.5"", ""qcomp"": ""0.6"", ""qpmax"": ""36"", ""qpmin"": ""3"", ""rc-lookahead"": ""24"", ""rd"": ""2"", ""rdoq-level"": ""0"", ""rect"": ""1"", ""ref"": ""1"", ""rskip"": ""1"", ""sao"": ""0"", ""scenecut"": ""29"", ""subme"": ""1"", ""tu-inter-depth"": ""4"", ""tu-intra-depth"": ""4"", ""weightb"": ""0"", ""weightp"": ""0"", ""wpp"": ""1""}"
x265,lf09_hard01,"lambda_f=0.9, hard=0.1",16034,RQ3,91,57.26,5.36,57.26,5.704915761947632,"['Standard', '320p', 30, '10s']",0.0,5.704824924468994,0.0,"{""amp"": ""0"", ""aq-mode"": ""2"", ""aq-strength"": ""0.5"", ""b-adapt"": ""1"", ""bframes"": ""2"", ""crf"": ""28.0"", ""ctu"": ""64"", ""keyint"": ""117"", ""limit-refs"": ""3"", ""limit-tu"": ""3"", ""me"": ""star"", ""merange"": ""50"", ""open-gop"": ""0"", ""psy-rd"": ""0.5"", ""psy-rdoq"": ""4.5"", ""qcomp"": ""0.75"", ""qpmax"": ""29"", ""qpmin"": ""6"", ""rc-lookahead"": ""33"", ""rd"": ""3"", ""rdoq-level"": ""0"", ""rect"": ""1"", ""ref"": ""3"", ""rskip"": ""1"", ""sao"": ""1"", ""scenecut"": ""25"", ""subme"": ""4"", ""tu-inter-depth"": ""3"", ""tu-intra-depth"": ""2"", ""weightb"": ""0"", ""weightp"": ""0"", ""wpp"": ""1""}"
x265,lf09_hard01,"lambda_f=0.9, hard=0.1",16034,RQ3,92,12.73,23.94,12.73,24.267496824264526,"['Standard', '320p', 30, '10s']",0.0,24.267398834228516,0.0,"{""amp"": ""0"", ""aq-mode"": ""4"", ""aq-strength"": ""0.8"", ""b-adapt"": ""2"", ""bframes"": ""6"", ""crf"": ""30.0"", ""ctu"": ""64"", ""keyint"": ""438"", ""limit-refs"": ""0"", ""limit-tu"": ""0"", ""me"": ""hex"", ""merange"": ""48"", ""open-gop"": ""1"", ""psy-rd"": ""3.5"", ""psy-rdoq"": ""0.5"", ""qcomp"": ""1.0"", ""qpmax"": ""46"", ""qpmin"": ""17"", ""rc-lookahead"": ""27"", ""rd"": ""6"", ""rdoq-level"": ""2"", ""rect"": ""0"", ""ref"": ""4"", ""rskip"": ""1"", ""sao"": ""0"", ""scenecut"": ""95"", ""subme"": ""4"", ""tu-inter-depth"": ""4"", ""tu-intra-depth"": ""4"", ""weightb"": ""1"", ""weightp"": ""0"", ""wpp"": ""0""}"
x265,lf09_hard01,"lambda_f=0.9, hard=0.1",16034,RQ3,93,43.1,7.11,43.1,7.440464973449707,"['Standard', '320p', 30, '10s']",0.0,7.440375566482544,0.0,"{""amp"": ""1"", ""aq-mode"": ""3"", ""aq-strength"": ""1.8"", ""b-adapt"": ""1"", ""bframes"": ""8"", ""crf"": ""32.0"", ""ctu"": ""64"", ""keyint"": ""450"", ""limit-refs"": ""2"", ""limit-tu"": ""0"", ""me"": ""umh"", ""merange"": ""30"", ""open-gop"": ""1"", ""psy-rd"": ""3.0"", ""psy-rdoq"": ""1.0"", ""qcomp"": ""0.9"", ""qpmax"": ""35"", ""qpmin"": ""16"", ""rc-lookahead"": ""39"", ""rd"": ""4"", ""rdoq-level"": ""1"", ""rect"": ""1"", ""ref"": ""5"", ""rskip"": ""1"", ""sao"": ""1"", ""scenecut"": ""92"", ""subme"": ""4"", ""tu-inter-depth"": ""3"", ""tu-intra-depth"": ""3"", ""weightb"": ""1"", ""weightp"": ""1"", ""wpp"": ""1""}"
x265,lf09_hard01,"lambda_f=0.9, hard=0.1",16034,RQ3,94,31.61,9.67,31.61,10.001583814620972,"['Standard', '320p', 30, '10s']",0.0,10.001487731933594,0.0,"{""amp"": ""1"", ""aq-mode"": ""2"", ""aq-strength"": ""1.5"", ""b-adapt"": ""1"", ""bframes"": ""1"", ""crf"": ""22.0"", ""ctu"": ""32"", ""keyint"": ""372"", ""limit-refs"": ""2"", ""limit-tu"": ""3"", ""me"": ""umh"", ""merange"": ""54"", ""open-gop"": ""0"", ""psy-rd"": ""0.0"", ""psy-rdoq"": ""2.5"", ""qcomp"": ""0.75"", ""qpmax"": ""25"", ""qpmin"": ""12"", ""rc-lookahead"": ""32"", ""rd"": ""4"", ""rdoq-level"": ""0"", ""rect"": ""1"", ""ref"": ""4"", ""rskip"": ""1"", ""sao"": ""1"", ""scenecut"": ""68"", ""subme"": ""3"", ""tu-inter-depth"": ""4"", ""tu-intra-depth"": ""1"", ""weightb"": ""1"", ""weightp"": ""1"", ""wpp"": ""1""}"
x265,lf09_hard01,"lambda_f=0.9, hard=0.1",16034,RQ3,95,59.22,5.19,59.22,5.530481338500977,"['Standard', '320p', 30, '10s']",0.0,5.53038477897644,0.0,"{""amp"": ""1"", ""aq-mode"": ""2"", ""aq-strength"": ""0.8"", ""b-adapt"": ""0"", ""bframes"": ""5"", ""crf"": ""25.0"", ""ctu"": ""64"", ""keyint"": ""159"", ""limit-refs"": ""1"", ""limit-tu"": ""3"", ""me"": ""star"", ""merange"": ""49"", ""open-gop"": ""1"", ""psy-rd"": ""3.5"", ""psy-rdoq"": ""5.0"", ""qcomp"": ""0.8"", ""qpmax"": ""43"", ""qpmin"": ""20"", ""rc-lookahead"": ""57"", ""rd"": ""3"", ""rdoq-level"": ""1"", ""rect"": ""0"", ""ref"": ""6"", ""rskip"": ""1"", ""sao"": ""1"", ""scenecut"": ""36"", ""subme"": ""5"", ""tu-inter-depth"": ""1"", ""tu-intra-depth"": ""2"", ""weightb"": ""1"", ""weightp"": ""1"", ""wpp"": ""1""}"
x265,lf09_hard01,"lambda_f=0.9, hard=0.1",16034,RQ3,96,66.84,4.61,66.84,4.942751884460449,"['Standard', '320p', 30, '10s']",0.0,4.942658424377441,0.0,"{""amp"": ""0"", ""aq-mode"": ""4"", ""aq-strength"": ""0.5"", ""b-adapt"": ""2"", ""bframes"": ""2"", ""crf"": ""25.0"", ""ctu"": ""16"", ""keyint"": ""496"", ""limit-refs"": ""0"", ""limit-tu"": ""0"", ""me"": ""dia"", ""merange"": ""27"", ""open-gop"": ""1"", ""psy-rd"": ""0.0"", ""psy-rdoq"": ""3.5"", ""qcomp"": ""0.6"", ""qpmax"": ""49"", ""qpmin"": ""17"", ""rc-lookahead"": ""38"", ""rd"": ""1"", ""rdoq-level"": ""0"", ""rect"": ""1"", ""ref"": ""5"", ""rskip"": ""1"", ""sao"": ""1"", ""scenecut"": ""12"", ""subme"": ""5"", ""tu-inter-depth"": ""1"", ""tu-intra-depth"": ""1"", ""weightb"": ""1"", ""weightp"": ""1"", ""wpp"": ""0""}"
x265,lf09_hard01,"lambda_f=0.9, hard=0.1",16034,RQ3,97,17.89,17.05,17.89,17.397424936294556,"['Standard', '320p', 30, '10s']",0.0,17.397321224212646,0.0,"{""amp"": ""1"", ""aq-mode"": ""4"", ""aq-strength"": ""1.8"", ""b-adapt"": ""2"", ""bframes"": ""5"", ""crf"": ""25.0"", ""ctu"": ""32"", ""keyint"": ""31"", ""limit-refs"": ""0"", ""limit-tu"": ""4"", ""me"": ""dia"", ""merange"": ""28"", ""open-gop"": ""0"", ""psy-rd"": ""1.5"", ""psy-rdoq"": ""3.5"", ""qcomp"": ""0.5"", ""qpmax"": ""22"", ""qpmin"": ""6"", ""rc-lookahead"": ""45"", ""rd"": ""3"", ""rdoq-level"": ""0"", ""rect"": ""1"", ""ref"": ""1"", ""rskip"": ""0"", ""sao"": ""1"", ""scenecut"": ""91"", ""subme"": ""5"", ""tu-inter-depth"": ""2"", ""tu-intra-depth"": ""4"", ""weightb"": ""0"", ""weightp"": ""1"", ""wpp"": ""1""}"
x265,lf09_hard01,"lambda_f=0.9, hard=0.1",16034,RQ3,98,16.37,18.63,16.37,18.961873054504395,"['Standard', '320p', 30, '10s']",0.0,18.961780071258545,0.0,"{""amp"": ""0"", ""aq-mode"": ""3"", ""aq-strength"": ""0.5"", ""b-adapt"": ""2"", ""bframes"": ""2"", ""crf"": ""22.0"", ""ctu"": ""32"", ""keyint"": ""387"", ""limit-refs"": ""1"", ""limit-tu"": ""0"", ""me"": ""umh"", ""merange"": ""50"", ""open-gop"": ""1"", ""psy-rd"": ""2.0"", ""psy-rdoq"": ""3.0"", ""qcomp"": ""0.8"", ""qpmax"": ""30"", ""qpmin"": ""20"", ""rc-lookahead"": ""58"", ""rd"": ""4"", ""rdoq-level"": ""1"", ""rect"": ""1"", ""ref"": ""4"", ""rskip"": ""0"", ""sao"": ""0"", ""scenecut"": ""33"", ""subme"": ""3"", ""tu-inter-depth"": ""3"", ""tu-intra-depth"": ""3"", ""weightb"": ""0"", ""weightp"": ""1"", ""wpp"": ""0""}"
x265,lf09_hard01,"lambda_f=0.9, hard=0.1",16034,RQ3,99,42.41,7.23,42.41,7.566519260406494,"['Standard', '320p', 30, '10s']",0.0,7.5664262771606445,0.0,"{""amp"": ""0"", ""aq-mode"": ""2"", ""aq-strength"": ""1.0"", ""b-adapt"": ""0"", ""bframes"": ""5"", ""crf"": ""22.0"", ""ctu"": ""64"", ""keyint"": ""97"", ""limit-refs"": ""0"", ""limit-tu"": ""0"", ""me"": ""star"", ""merange"": ""38"", ""open-gop"": ""0"", ""psy-rd"": ""1.0"", ""psy-rdoq"": ""4.5"", ""qcomp"": ""0.8"", ""qpmax"": ""29"", ""qpmin"": ""10"", ""rc-lookahead"": ""30"", ""rd"": ""3"", ""rdoq-level"": ""0"", ""rect"": ""0"", ""ref"": ""3"", ""rskip"": ""1"", ""sao"": ""1"", ""scenecut"": ""4"", ""subme"": ""1"", ""tu-inter-depth"": ""3"", ""tu-intra-depth"": ""1"", ""weightb"": ""0"", ""weightp"": ""1"", ""wpp"": ""0""}"
x265,lf09_hard01,"lambda_f=0.9, hard=0.1",16034,RQ3,100,38.77,7.89,38.77,8.235105276107788,"['Standard', '320p', 30, '10s']",0.0,8.234999656677246,0.0,"{""amp"": ""1"", ""aq-mode"": ""1"", ""aq-strength"": ""1.5"", ""b-adapt"": ""2"", ""bframes"": ""2"", ""crf"": ""25.0"", ""ctu"": ""64"", ""keyint"": ""190"", ""limit-refs"": ""2"", ""limit-tu"": ""3"", ""me"": ""hex"", ""merange"": ""31"", ""open-gop"": ""0"", ""psy-rd"": ""1.5"", ""psy-rdoq"": ""5.0"", ""qcomp"": ""1.0"", ""qpmax"": ""39"", ""qpmin"": ""12"", ""rc-lookahead"": ""16"", ""rd"": ""3"", ""rdoq-level"": ""2"", ""rect"": ""1"", ""ref"": ""5"", ""rskip"": ""0"", ""sao"": ""0"", ""scenecut"": ""48"", ""subme"": ""2"", ""tu-inter-depth"": ""2"", ""tu-intra-depth"": ""2"", ""weightb"": ""1"", ""weightp"": ""1"", ""wpp"": ""1""}"
x265,lf09_hard01,"lambda_f=0.9, hard=0.1",16034,RQ3,101,49.78,6.16,49.78,6.494683027267456,"['Standard', '320p', 30, '10s']",0.0,6.494584321975708,0.0,"{""amp"": ""1"", ""aq-mode"": ""0"", ""aq-strength"": ""1.8"", ""b-adapt"": ""1"", ""bframes"": ""6"", ""crf"": ""25.0"", ""ctu"": ""32"", ""keyint"": ""152"", ""limit-refs"": ""3"", ""limit-tu"": ""0"", ""me"": ""hex"", ""merange"": ""33"", ""open-gop"": ""0"", ""psy-rd"": ""2.0"", ""psy-rdoq"": ""4.5"", ""qcomp"": ""0.7"", ""qpmax"": ""29"", ""qpmin"": ""14"", ""rc-lookahead"": ""56"", ""rd"": ""4"", ""rdoq-level"": ""1"", ""rect"": ""0"", ""ref"": ""5"", ""rskip"": ""0"", ""sao"": ""1"", ""scenecut"": ""41"", ""subme"": ""1"", ""tu-inter-depth"": ""1"", ""tu-intra-depth"": ""1"", ""weightb"": ""0"", ""weightp"": ""0"", ""wpp"": ""1""}"
x265,lf09_hard01,"lambda_f=0.9, hard=0.1",16034,RQ3,102,45.94,6.67,45.94,6.999908447265625,"['Standard', '320p', 30, '10s']",0.0,6.999805688858032,0.0,"{""amp"": ""0"", ""aq-mode"": ""0"", ""aq-strength"": ""1.8"", ""b-adapt"": ""1"", ""bframes"": ""6"", ""crf"": ""28.0"", ""ctu"": ""32"", ""keyint"": ""472"", ""limit-refs"": ""2"", ""limit-tu"": ""2"", ""me"": ""star"", ""merange"": ""43"", ""open-gop"": ""1"", ""psy-rd"": ""2.0"", ""psy-rdoq"": ""0.0"", ""qcomp"": ""0.9"", ""qpmax"": ""38"", ""qpmin"": ""0"", ""rc-lookahead"": ""14"", ""rd"": ""3"", ""rdoq-level"": ""1"", ""rect"": ""1"", ""ref"": ""3"", ""rskip"": ""0"", ""sao"": ""0"", ""scenecut"": ""96"", ""subme"": ""4"", ""tu-inter-depth"": ""2"", ""tu-intra-depth"": ""4"", ""weightb"": ""0"", ""weightp"": ""0"", ""wpp"": ""0""}"
x265,lf09_hard01,"lambda_f=0.9, hard=0.1",16034,RQ3,103,25.62,11.93,25.62,12.270341396331787,"['Standard', '320p', 30, '10s']",0.0,12.270239353179932,0.0,"{""amp"": ""1"", ""aq-mode"": ""0"", ""aq-strength"": ""0.0"", ""b-adapt"": ""1"", ""bframes"": ""4"", ""crf"": ""28.0"", ""ctu"": ""64"", ""keyint"": ""262"", ""limit-refs"": ""3"", ""limit-tu"": ""1"", ""me"": ""star"", ""merange"": ""45"", ""open-gop"": ""0"", ""psy-rd"": ""2.0"", ""psy-rdoq"": ""1.0"", ""qcomp"": ""0.8"", ""qpmax"": ""22"", ""qpmin"": ""0"", ""rc-lookahead"": ""49"", ""rd"": ""3"", ""rdoq-level"": ""0"", ""rect"": ""1"", ""ref"": ""4"", ""rskip"": ""0"", ""sao"": ""1"", ""scenecut"": ""98"", ""subme"": ""1"", ""tu-inter-depth"": ""2"", ""tu-intra-depth"": ""1"", ""weightb"": ""1"", ""weightp"": ""1"", ""wpp"": ""0""}"
x265,lf09_hard01,"lambda_f=0.9, hard=0.1",16034,RQ3,104,30.52,10.02,30.52,10.356300115585327,"['Standard', '320p', 30, '10s']",0.0,10.356208086013794,0.0,"{""amp"": ""0"", ""aq-mode"": ""3"", ""aq-strength"": ""1.0"", ""b-adapt"": ""1"", ""bframes"": ""6"", ""crf"": ""32.0"", ""ctu"": ""64"", ""keyint"": ""213"", ""limit-refs"": ""0"", ""limit-tu"": ""0"", ""me"": ""hex"", ""merange"": ""60"", ""open-gop"": ""0"", ""psy-rd"": ""1.0"", ""psy-rdoq"": ""3.0"", ""qcomp"": ""0.7"", ""qpmax"": ""29"", ""qpmin"": ""1"", ""rc-lookahead"": ""16"", ""rd"": ""4"", ""rdoq-level"": ""0"", ""rect"": ""1"", ""ref"": ""5"", ""rskip"": ""1"", ""sao"": ""1"", ""scenecut"": ""39"", ""subme"": ""1"", ""tu-inter-depth"": ""4"", ""tu-intra-depth"": ""3"", ""weightb"": ""1"", ""weightp"": ""1"", ""wpp"": ""0""}"
x265,lf09_hard01,"lambda_f=0.9, hard=0.1",16034,RQ3,105,77.12,4.0,77.12,4.328446388244629,"['Standard', '320p', 30, '10s']",0.0,4.328348636627197,0.0,"{""amp"": ""0"", ""aq-mode"": ""3"", ""aq-strength"": ""1.8"", ""b-adapt"": ""1"", ""bframes"": ""2"", ""crf"": ""25.0"", ""ctu"": ""32"", ""keyint"": ""138"", ""limit-refs"": ""1"", ""limit-tu"": ""1"", ""me"": ""dia"", ""merange"": ""60"", ""open-gop"": ""0"", ""psy-rd"": ""0.5"", ""psy-rdoq"": ""3.0"", ""qcomp"": ""0.6"", ""qpmax"": ""50"", ""qpmin"": ""14"", ""rc-lookahead"": ""29"", ""rd"": ""3"", ""rdoq-level"": ""0"", ""rect"": ""0"", ""ref"": ""2"", ""rskip"": ""0"", ""sao"": ""0"", ""scenecut"": ""33"", ""subme"": ""2"", ""tu-inter-depth"": ""1"", ""tu-intra-depth"": ""1"", ""weightb"": ""0"", ""weightp"": ""0"", ""wpp"": ""0""}"
x265,lf09_hard01,"lambda_f=0.9, hard=0.1",16034,RQ3,106,62.12,4.94,62.12,5.283863544464111,"['Standard', '320p', 30, '10s']",0.0,5.283762216567993,0.0,"{""amp"": ""0"", ""aq-mode"": ""1"", ""aq-strength"": ""1.2"", ""b-adapt"": ""1"", ""bframes"": ""5"", ""crf"": ""25.0"", ""ctu"": ""32"", ""keyint"": ""329"", ""limit-refs"": ""2"", ""limit-tu"": ""4"", ""me"": ""umh"", ""merange"": ""36"", ""open-gop"": ""0"", ""psy-rd"": ""0.0"", ""psy-rdoq"": ""2.5"", ""qcomp"": ""0.6"", ""qpmax"": ""30"", ""qpmin"": ""3"", ""rc-lookahead"": ""32"", ""rd"": ""4"", ""rdoq-level"": ""2"", ""rect"": ""1"", ""ref"": ""1"", ""rskip"": ""1"", ""sao"": ""1"", ""scenecut"": ""45"", ""subme"": ""2"", ""tu-inter-depth"": ""4"", ""tu-intra-depth"": ""1"", ""weightb"": ""0"", ""weightp"": ""0"", ""wpp"": ""1""}"
x265,lf09_hard01,"lambda_f=0.9, hard=0.1",16034,RQ3,107,50.51,6.08,50.51,6.4730446338653564,"['Standard', '320p', 30, '10s']",0.0,6.47289776802063,0.0,"{""amp"": ""0"", ""aq-mode"": ""1"", ""aq-strength"": ""1.0"", ""b-adapt"": ""1"", ""bframes"": ""1"", ""crf"": ""22.0"", ""ctu"": ""32"", ""keyint"": ""168"", ""limit-refs"": ""3"", ""limit-tu"": ""4"", ""me"": ""hex"", ""merange"": ""27"", ""open-gop"": ""1"", ""psy-rd"": ""2.5"", ""psy-rdoq"": ""2.0"", ""qcomp"": ""0.75"", ""qpmax"": ""45"", ""qpmin"": ""2"", ""rc-lookahead"": ""37"", ""rd"": ""4"", ""rdoq-level"": ""2"", ""rect"": ""0"", ""ref"": ""5"", ""rskip"": ""0"", ""sao"": ""1"", ""scenecut"": ""37"", ""subme"": ""1"", ""tu-inter-depth"": ""4"", ""tu-intra-depth"": ""2"", ""weightb"": ""1"", ""weightp"": ""0"", ""wpp"": ""0""}"
x265,lf09_hard01,"lambda_f=0.9, hard=0.1",16034,RQ3,108,52.49,5.85,52.49,6.178677797317505,"['Standard', '320p', 30, '10s']",0.0,6.178575277328491,0.0,"{""amp"": ""0"", ""aq-mode"": ""1"", ""aq-strength"": ""1.2"", ""b-adapt"": ""0"", ""bframes"": ""3"", ""crf"": ""20.0"", ""ctu"": ""64"", ""keyint"": ""205"", ""limit-refs"": ""1"", ""limit-tu"": ""2"", ""me"": ""star"", ""merange"": ""31"", ""open-gop"": ""0"", ""psy-rd"": ""0.0"", ""psy-rdoq"": ""2.0"", ""qcomp"": ""0.9"", ""qpmax"": ""41"", ""qpmin"": ""3"", ""rc-lookahead"": ""54"", ""rd"": ""1"", ""rdoq-level"": ""2"", ""rect"": ""1"", ""ref"": ""5"", ""rskip"": ""1"", ""sao"": ""0"", ""scenecut"": ""56"", ""subme"": ""5"", ""tu-inter-depth"": ""3"", ""tu-intra-depth"": ""2"", ""weightb"": ""1"", ""weightp"": ""1"", ""wpp"": ""1""}"
x265,lf09_hard01,"lambda_f=0.9, hard=0.1",16034,RQ3,109,44.67,6.86,44.67,7.200190544128418,"['Standard', '320p', 30, '10s']",0.0,7.200097560882568,0.0,"{""amp"": ""1"", ""aq-mode"": ""1"", ""aq-strength"": ""1.8"", ""b-adapt"": ""1"", ""bframes"": ""7"", ""crf"": ""22.0"", ""ctu"": ""32"", ""keyint"": ""261"", ""limit-refs"": ""3"", ""limit-tu"": ""3"", ""me"": ""umh"", ""merange"": ""56"", ""open-gop"": ""0"", ""psy-rd"": ""0.0"", ""psy-rdoq"": ""4.5"", ""qcomp"": ""1.0"", ""qpmax"": ""40"", ""qpmin"": ""19"", ""rc-lookahead"": ""16"", ""rd"": ""4"", ""rdoq-level"": ""1"", ""rect"": ""1"", ""ref"": ""5"", ""rskip"": ""1"", ""sao"": ""1"", ""scenecut"": ""34"", ""subme"": ""3"", ""tu-inter-depth"": ""2"", ""tu-intra-depth"": ""2"", ""weightb"": ""1"", ""weightp"": ""1"", ""wpp"": ""1""}"
x265,lf09_hard01,"lambda_f=0.9, hard=0.1",16034,RQ3,110,13.03,23.37,13.03,23.71100926399231,"['Standard', '320p', 30, '10s']",0.0,23.710915565490723,0.0,"{""amp"": ""0"", ""aq-mode"": ""4"", ""aq-strength"": ""1.2"", ""b-adapt"": ""2"", ""bframes"": ""1"", ""crf"": ""20.0"", ""ctu"": ""32"", ""keyint"": ""404"", ""limit-refs"": ""1"", ""limit-tu"": ""3"", ""me"": ""star"", ""merange"": ""30"", ""open-gop"": ""1"", ""psy-rd"": ""0.5"", ""psy-rdoq"": ""2.5"", ""qcomp"": ""0.75"", ""qpmax"": ""24"", ""qpmin"": ""16"", ""rc-lookahead"": ""42"", ""rd"": ""6"", ""rdoq-level"": ""1"", ""rect"": ""0"", ""ref"": ""2"", ""rskip"": ""0"", ""sao"": ""0"", ""scenecut"": ""30"", ""subme"": ""2"", ""tu-inter-depth"": ""3"", ""tu-intra-depth"": ""3"", ""weightb"": ""1"", ""weightp"": ""0"", ""wpp"": ""1""}"
x265,lf09_hard01,"lambda_f=0.9, hard=0.1",16034,RQ3,111,142.46,2.24,142.46,2.7969071865081787,"['Standard', '320p', 30, '10s']",0.0,2.796802282333374,0.0,"{""amp"": ""1"", ""aq-mode"": ""1"", ""aq-strength"": ""2.0"", ""b-adapt"": ""0"", ""bframes"": ""7"", ""crf"": ""30.0"", ""ctu"": ""64"", ""keyint"": ""45"", ""limit-refs"": ""3"", ""limit-tu"": ""2"", ""me"": ""dia"", ""merange"": ""16"", ""open-gop"": ""0"", ""psy-rd"": ""4.0"", ""psy-rdoq"": ""4.5"", ""qcomp"": ""0.8"", ""qpmax"": ""41"", ""qpmin"": ""1"", ""rc-lookahead"": ""23"", ""rd"": ""3"", ""rdoq-level"": ""0"", ""rect"": ""0"", ""ref"": ""5"", ""rskip"": ""1"", ""sao"": ""0"", ""scenecut"": ""5"", ""subme"": ""2"", ""tu-inter-depth"": ""4"", ""tu-intra-depth"": ""1"", ""weightb"": ""1"", ""weightp"": ""0"", ""wpp"": ""1""}"
x265,lf09_hard01,"lambda_f=0.9, hard=0.1",16034,RQ3,112,97.84,3.16,97.84,3.4930801391601562,"['Standard', '320p', 30, '10s']",0.0,3.492987871170044,0.0,"{""amp"": ""0"", ""aq-mode"": ""1"", ""aq-strength"": ""0.8"", ""b-adapt"": ""1"", ""bframes"": ""7"", ""crf"": ""25.0"", ""ctu"": ""64"", ""keyint"": ""489"", ""limit-refs"": ""0"", ""limit-tu"": ""3"", ""me"": ""star"", ""merange"": ""52"", ""open-gop"": ""0"", ""psy-rd"": ""2.5"", ""psy-rdoq"": ""4.5"", ""qcomp"": ""0.6"", ""qpmax"": ""45"", ""qpmin"": ""4"", ""rc-lookahead"": ""52"", ""rd"": ""4"", ""rdoq-level"": ""0"", ""rect"": ""0"", ""ref"": ""2"", ""rskip"": ""1"", ""sao"": ""0"", ""scenecut"": ""2"", ""subme"": ""2"", ""tu-inter-depth"": ""4"", ""tu-intra-depth"": ""1"", ""weightb"": ""0"", ""weightp"": ""0"", ""wpp"": ""1""}"
x265,lf09_hard01,"lambda_f=0.9, hard=0.1",16034,RQ3,113,39.24,7.8,39.24,8.130819320678711,"['Standard', '320p', 30, '10s']",0.0,8.130725145339966,0.0,"{""amp"": ""0"", ""aq-mode"": ""3"", ""aq-strength"": ""0.5"", ""b-adapt"": ""2"", ""bframes"": ""6"", ""crf"": ""18.0"", ""ctu"": ""64"", ""keyint"": ""183"", ""limit-refs"": ""2"", ""limit-tu"": ""0"", ""me"": ""hex"", ""merange"": ""19"", ""open-gop"": ""0"", ""psy-rd"": ""4.0"", ""psy-rdoq"": ""2.5"", ""qcomp"": ""0.5"", ""qpmax"": ""37"", ""qpmin"": ""18"", ""rc-lookahead"": ""25"", ""rd"": ""3"", ""rdoq-level"": ""0"", ""rect"": ""0"", ""ref"": ""5"", ""rskip"": ""1"", ""sao"": ""0"", ""scenecut"": ""81"", ""subme"": ""2"", ""tu-inter-depth"": ""4"", ""tu-intra-depth"": ""1"", ""weightb"": ""0"", ""weightp"": ""0"", ""wpp"": ""1""}"
x265,lf09_hard01,"lambda_f=0.9, hard=0.1",16034,RQ3,114,115.46,2.69,115.46,3.0227413177490234,"['Standard', '320p', 30, '10s']",0.0,3.022646903991699,0.0,"{""amp"": ""1"", ""aq-mode"": ""1"", ""aq-strength"": ""2.0"", ""b-adapt"": ""0"", ""bframes"": ""7"", ""crf"": ""32.0"", ""ctu"": ""64"", ""keyint"": ""43"", ""limit-refs"": ""3"", ""limit-tu"": ""1"", ""me"": ""hex"", ""merange"": ""16"", ""open-gop"": ""0"", ""psy-rd"": ""4.0"", ""psy-rdoq"": ""5.0"", ""qcomp"": ""1.0"", ""qpmax"": ""41"", ""qpmin"": ""1"", ""rc-lookahead"": ""23"", ""rd"": ""3"", ""rdoq-level"": ""0"", ""rect"": ""0"", ""ref"": ""5"", ""rskip"": ""1"", ""sao"": ""0"", ""scenecut"": ""5"", ""subme"": ""2"", ""tu-inter-depth"": ""4"", ""tu-intra-depth"": ""1"", ""weightb"": ""1"", ""weightp"": ""0"", ""wpp"": ""1""}"
x265,lf09_hard01,"lambda_f=0.9, hard=0.1",16034,RQ3,115,51.0,6.02,51.0,6.351011276245117,"['Standard', '320p', 30, '10s']",0.0,6.350917100906372,0.0,"{""amp"": ""0"", ""aq-mode"": ""2"", ""aq-strength"": ""1.8"", ""b-adapt"": ""1"", ""bframes"": ""5"", ""crf"": ""28.0"", ""ctu"": ""64"", ""keyint"": ""453"", ""limit-refs"": ""3"", ""limit-tu"": ""0"", ""me"": ""umh"", ""merange"": ""24"", ""open-gop"": ""1"", ""psy-rd"": ""2.0"", ""psy-rdoq"": ""5.0"", ""qcomp"": ""0.5"", ""qpmax"": ""37"", ""qpmin"": ""15"", ""rc-lookahead"": ""40"", ""rd"": ""3"", ""rdoq-level"": ""2"", ""rect"": ""0"", ""ref"": ""6"", ""rskip"": ""1"", ""sao"": ""1"", ""scenecut"": ""80"", ""subme"": ""4"", ""tu-inter-depth"": ""3"", ""tu-intra-depth"": ""2"", ""weightb"": ""1"", ""weightp"": ""0"", ""wpp"": ""1""}"
x265,lf09_hard01,"lambda_f=0.9, hard=0.1",16034,RQ3,116,33.74,9.07,33.74,9.418487787246704,"['Standard', '320p', 30, '10s']",0.0,9.418383598327637,0.0,"{""amp"": ""0"", ""aq-mode"": ""2"", ""aq-strength"": ""1.2"", ""b-adapt"": ""1"", ""bframes"": ""8"", ""crf"": ""20.0"", ""ctu"": ""64"", ""keyint"": ""341"", ""limit-refs"": ""3"", ""limit-tu"": ""1"", ""me"": ""hex"", ""merange"": ""62"", ""open-gop"": ""1"", ""psy-rd"": ""0.0"", ""psy-rdoq"": ""0.5"", ""qcomp"": ""0.75"", ""qpmax"": ""25"", ""qpmin"": ""1"", ""rc-lookahead"": ""18"", ""rd"": ""3"", ""rdoq-level"": ""0"", ""rect"": ""1"", ""ref"": ""5"", ""rskip"": ""0"", ""sao"": ""1"", ""scenecut"": ""37"", ""subme"": ""1"", ""tu-inter-depth"": ""3"", ""tu-intra-depth"": ""4"", ""weightb"": ""0"", ""weightp"": ""0"", ""wpp"": ""1""}"
x265,lf09_hard01,"lambda_f=0.9, hard=0.1",16034,RQ3,117,33.94,9.01,33.94,9.348528623580933,"['Standard', '320p', 30, '10s']",0.0,9.348433494567871,0.0,"{""amp"": ""0"", ""aq-mode"": ""1"", ""aq-strength"": ""0.5"", ""b-adapt"": ""2"", ""bframes"": ""2"", ""crf"": ""22.0"", ""ctu"": ""32"", ""keyint"": ""142"", ""limit-refs"": ""2"", ""limit-tu"": ""2"", ""me"": ""umh"", ""merange"": ""27"", ""open-gop"": ""0"", ""psy-rd"": ""1.5"", ""psy-rdoq"": ""0.5"", ""qcomp"": ""0.8"", ""qpmax"": ""33"", ""qpmin"": ""9"", ""rc-lookahead"": ""32"", ""rd"": ""3"", ""rdoq-level"": ""1"", ""rect"": ""1"", ""ref"": ""3"", ""rskip"": ""1"", ""sao"": ""0"", ""scenecut"": ""86"", ""subme"": ""3"", ""tu-inter-depth"": ""3"", ""tu-intra-depth"": ""1"", ""weightb"": ""1"", ""weightp"": ""0"", ""wpp"": ""0""}"
x265,lf09_hard01,"lambda_f=0.9, hard=0.1",16034,RQ3,118,121.6,2.55,121.6,2.900858163833618,"['Standard', '320p', 30, '10s']",0.0,2.9007625579833984,0.0,"{""amp"": ""1"", ""aq-mode"": ""1"", ""aq-strength"": ""2.0"", ""b-adapt"": ""0"", ""bframes"": ""7"", ""crf"": ""32.0"", ""ctu"": ""64"", ""keyint"": ""45"", ""limit-refs"": ""3"", ""limit-tu"": ""2"", ""me"": ""star"", ""merange"": ""16"", ""open-gop"": ""0"", ""psy-rd"": ""4.0"", ""psy-rdoq"": ""5.0"", ""qcomp"": ""1.0"", ""qpmax"": ""41"", ""qpmin"": ""1"", ""rc-lookahead"": ""23"", ""rd"": ""3"", ""rdoq-level"": ""0"", ""rect"": ""0"", ""ref"": ""5"", ""rskip"": ""1"", ""sao"": ""0"", ""scenecut"": ""5"", ""subme"": ""2"", ""tu-inter-depth"": ""4"", ""tu-intra-depth"": ""1"", ""weightb"": ""1"", ""weightp"": ""0"", ""wpp"": ""1""}"
x265,lf09_hard01,"lambda_f=0.9, hard=0.1",16034,RQ3,119,157.1,1.99,157.1,2.3241612911224365,"['Standard', '320p', 30, '10s']",0.0,2.324065923690796,0.0,"{""amp"": ""1"", ""aq-mode"": ""1"", ""aq-strength"": ""2.0"", ""b-adapt"": ""0"", ""bframes"": ""2"", ""crf"": ""32.0"", ""ctu"": ""64"", ""keyint"": ""50"", ""limit-refs"": ""3"", ""limit-tu"": ""2"", ""me"": ""hex"", ""merange"": ""16"", ""open-gop"": ""0"", ""psy-rd"": ""4.0"", ""psy-rdoq"": ""5.0"", ""qcomp"": ""1.0"", ""qpmax"": ""41"", ""qpmin"": ""1"", ""rc-lookahead"": ""23"", ""rd"": ""3"", ""rdoq-level"": ""0"", ""rect"": ""0"", ""ref"": ""4"", ""rskip"": ""1"", ""sao"": ""0"", ""scenecut"": ""2"", ""subme"": ""2"", ""tu-inter-depth"": ""2"", ""tu-intra-depth"": ""1"", ""weightb"": ""1"", ""weightp"": ""0"", ""wpp"": ""1""}"
x265,lf09_hard01,"lambda_f=0.9, hard=0.1",16034,RQ3,120,44.14,6.94,44.14,7.290017366409302,"['Standard', '320p', 30, '10s']",0.0,7.289923906326294,0.0,"{""amp"": ""1"", ""aq-mode"": ""3"", ""aq-strength"": ""1.5"", ""b-adapt"": ""1"", ""bframes"": ""3"", ""crf"": ""20.0"", ""ctu"": ""32"", ""keyint"": ""143"", ""limit-refs"": ""2"", ""limit-tu"": ""1"", ""me"": ""hex"", ""merange"": ""18"", ""open-gop"": ""1"", ""psy-rd"": ""0.0"", ""psy-rdoq"": ""2.0"", ""qcomp"": ""0.7"", ""qpmax"": ""36"", ""qpmin"": ""10"", ""rc-lookahead"": ""12"", ""rd"": ""3"", ""rdoq-level"": ""0"", ""rect"": ""0"", ""ref"": ""6"", ""rskip"": ""0"", ""sao"": ""0"", ""scenecut"": ""43"", ""subme"": ""2"", ""tu-inter-depth"": ""2"", ""tu-intra-depth"": ""4"", ""weightb"": ""0"", ""weightp"": ""1"", ""wpp"": ""0""}"
x265,lf09_hard01,"lambda_f=0.9, hard=0.1",16034,RQ3,121,16.34,18.66,16.34,19.000266790390015,"['Standard', '320p', 30, '10s']",0.0,19.000171899795532,0.0,"{""amp"": ""1"", ""aq-mode"": ""2"", ""aq-strength"": ""0.5"", ""b-adapt"": ""0"", ""bframes"": ""0"", ""crf"": ""22.0"", ""ctu"": ""64"", ""keyint"": ""439"", ""limit-refs"": ""2"", ""limit-tu"": ""2"", ""me"": ""dia"", ""merange"": ""46"", ""open-gop"": ""0"", ""psy-rd"": ""2.0"", ""psy-rdoq"": ""5.0"", ""qcomp"": ""0.5"", ""qpmax"": ""23"", ""qpmin"": ""20"", ""rc-lookahead"": ""39"", ""rd"": ""3"", ""rdoq-level"": ""2"", ""rect"": ""0"", ""ref"": ""5"", ""rskip"": ""1"", ""sao"": ""1"", ""scenecut"": ""40"", ""subme"": ""5"", ""tu-inter-depth"": ""2"", ""tu-intra-depth"": ""1"", ""weightb"": ""0"", ""weightp"": ""0"", ""wpp"": ""0""}"
x265,lf09_hard01,"lambda_f=0.9, hard=0.1",16034,RQ3,122,15.09,20.2,15.09,20.530906915664673,"['Standard', '320p', 30, '10s']",0.0,20.530808448791504,0.0,"{""amp"": ""1"", ""aq-mode"": ""2"", ""aq-strength"": ""1.2"", ""b-adapt"": ""1"", ""bframes"": ""3"", ""crf"": ""22.0"", ""ctu"": ""32"", ""keyint"": ""157"", ""limit-refs"": ""1"", ""limit-tu"": ""1"", ""me"": ""umh"", ""merange"": ""28"", ""open-gop"": ""1"", ""psy-rd"": ""3.5"", ""psy-rdoq"": ""4.5"", ""qcomp"": ""0.75"", ""qpmax"": ""23"", ""qpmin"": ""2"", ""rc-lookahead"": ""58"", ""rd"": ""3"", ""rdoq-level"": ""2"", ""rect"": ""1"", ""ref"": ""2"", ""rskip"": ""0"", ""sao"": ""1"", ""scenecut"": ""15"", ""subme"": ""3"", ""tu-inter-depth"": ""4"", ""tu-intra-depth"": ""3"", ""weightb"": ""0"", ""weightp"": ""0"", ""wpp"": ""1""}"
x265,lf09_hard01,"lambda_f=0.9, hard=0.1",16034,RQ3,123,7.57,40.21,7.57,40.572776079177856,"['Standard', '320p', 30, '10s']",0.0,40.57267880439758,0.0,"{""amp"": ""0"", ""aq-mode"": ""1"", ""aq-strength"": ""0.0"", ""b-adapt"": ""1"", ""bframes"": ""1"", ""crf"": ""18.0"", ""ctu"": ""32"", ""keyint"": ""276"", ""limit-refs"": ""1"", ""limit-tu"": ""2"", ""me"": ""dia"", ""merange"": ""37"", ""open-gop"": ""0"", ""psy-rd"": ""1.0"", ""psy-rdoq"": ""3.0"", ""qcomp"": ""1.0"", ""qpmax"": ""50"", ""qpmin"": ""4"", ""rc-lookahead"": ""56"", ""rd"": ""5"", ""rdoq-level"": ""1"", ""rect"": ""0"", ""ref"": ""2"", ""rskip"": ""1"", ""sao"": ""0"", ""scenecut"": ""31"", ""subme"": ""5"", ""tu-inter-depth"": ""3"", ""tu-intra-depth"": ""2"", ""weightb"": ""0"", ""weightp"": ""0"", ""wpp"": ""0""}"
x265,lf09_hard01,"lambda_f=0.9, hard=0.1",16034,RQ3,124,17.26,17.67,17.26,18.07347559928894,"['Standard', '320p', 30, '10s']",0.0,18.073302030563354,0.0,"{""amp"": ""0"", ""aq-mode"": ""3"", ""aq-strength"": ""2.0"", ""b-adapt"": ""1"", ""bframes"": ""1"", ""crf"": ""22.0"", ""ctu"": ""32"", ""keyint"": ""463"", ""limit-refs"": ""2"", ""limit-tu"": ""2"", ""me"": ""star"", ""merange"": ""31"", ""open-gop"": ""0"", ""psy-rd"": ""3.0"", ""psy-rdoq"": ""2.0"", ""qcomp"": ""0.75"", ""qpmax"": ""29"", ""qpmin"": ""18"", ""rc-lookahead"": ""60"", ""rd"": ""5"", ""rdoq-level"": ""0"", ""rect"": ""0"", ""ref"": ""6"", ""rskip"": ""1"", ""sao"": ""1"", ""scenecut"": ""21"", ""subme"": ""1"", ""tu-inter-depth"": ""4"", ""tu-intra-depth"": ""4"", ""weightb"": ""0"", ""weightp"": ""0"", ""wpp"": ""0""}"
x265,lf09_hard01,"lambda_f=0.9, hard=0.1",16034,RQ3,125,0.93,328.48,0.93,328.8266410827637,"['Standard', '320p', 30, '10s']",0.0,328.82650995254517,0.0,"{""amp"": ""0"", ""aq-mode"": ""2"", ""aq-strength"": ""1.5"", ""b-adapt"": ""1"", ""bframes"": ""2"", ""crf"": ""20.0"", ""ctu"": ""32"", ""keyint"": ""426"", ""limit-refs"": ""0"", ""limit-tu"": ""3"", ""me"": ""full"", ""merange"": ""42"", ""open-gop"": ""0"", ""psy-rd"": ""3.0"", ""psy-rdoq"": ""3.5"", ""qcomp"": ""0.75"", ""qpmax"": ""23"", ""qpmin"": ""3"", ""rc-lookahead"": ""16"", ""rd"": ""5"", ""rdoq-level"": ""0"", ""rect"": ""1"", ""ref"": ""5"", ""rskip"": ""0"", ""sao"": ""0"", ""scenecut"": ""21"", ""subme"": ""1"", ""tu-inter-depth"": ""3"", ""tu-intra-depth"": ""2"", ""weightb"": ""0"", ""weightp"": ""1"", ""wpp"": ""1""}"
x265,lf09_hard01,"lambda_f=0.9, hard=0.1",16034,RQ3,126,20.78,14.69,20.78,15.03025197982788,"['Standard', '320p', 30, '10s']",0.0,15.030147314071655,0.0,"{""amp"": ""0"", ""aq-mode"": ""4"", ""aq-strength"": ""1.8"", ""b-adapt"": ""2"", ""bframes"": ""7"", ""crf"": ""28.0"", ""ctu"": ""64"", ""keyint"": ""254"", ""limit-refs"": ""3"", ""limit-tu"": ""0"", ""me"": ""star"", ""merange"": ""62"", ""open-gop"": ""1"", ""psy-rd"": ""4.0"", ""psy-rdoq"": ""2.0"", ""qcomp"": ""0.7"", ""qpmax"": ""49"", ""qpmin"": ""18"", ""rc-lookahead"": ""58"", ""rd"": ""5"", ""rdoq-level"": ""2"", ""rect"": ""1"", ""ref"": ""1"", ""rskip"": ""1"", ""sao"": ""1"", ""scenecut"": ""22"", ""subme"": ""3"", ""tu-inter-depth"": ""3"", ""tu-intra-depth"": ""2"", ""weightb"": ""1"", ""weightp"": ""1"", ""wpp"": ""1""}"
x265,lf09_hard01,"lambda_f=0.9, hard=0.1",16034,RQ3,127,42.11,7.27,42.11,7.620710849761963,"['Standard', '320p', 30, '10s']",0.0,7.620617151260376,0.0,"{""amp"": ""0"", ""aq-mode"": ""1"", ""aq-strength"": ""1.5"", ""b-adapt"": ""2"", ""bframes"": ""3"", ""crf"": ""20.0"", ""ctu"": ""16"", ""keyint"": ""98"", ""limit-refs"": ""1"", ""limit-tu"": ""0"", ""me"": ""hex"", ""merange"": ""45"", ""open-gop"": ""1"", ""psy-rd"": ""2.5"", ""psy-rdoq"": ""1.5"", ""qcomp"": ""0.8"", ""qpmax"": ""21"", ""qpmin"": ""10"", ""rc-lookahead"": ""26"", ""rd"": ""4"", ""rdoq-level"": ""0"", ""rect"": ""0"", ""ref"": ""2"", ""rskip"": ""1"", ""sao"": ""0"", ""scenecut"": ""62"", ""subme"": ""2"", ""tu-inter-depth"": ""2"", ""tu-intra-depth"": ""3"", ""weightb"": ""0"", ""weightp"": ""0"", ""wpp"": ""0""}"
x265,lf09_hard01,"lambda_f=0.9, hard=0.1",16034,RQ3,128,66.96,4.6,66.96,4.928661346435547,"['Standard', '320p', 30, '10s']",0.0,4.928564548492432,0.0,"{""amp"": ""0"", ""aq-mode"": ""1"", ""aq-strength"": ""2.0"", ""b-adapt"": ""1"", ""bframes"": ""6"", ""crf"": ""28.0"", ""ctu"": ""64"", ""keyint"": ""346"", ""limit-refs"": ""1"", ""limit-tu"": ""1"", ""me"": ""star"", ""merange"": ""16"", ""open-gop"": ""1"", ""psy-rd"": ""4.0"", ""psy-rdoq"": ""1.0"", ""qcomp"": ""0.5"", ""qpmax"": ""48"", ""qpmin"": ""1"", ""rc-lookahead"": ""10"", ""rd"": ""4"", ""rdoq-level"": ""2"", ""rect"": ""1"", ""ref"": ""4"", ""rskip"": ""1"", ""sao"": ""1"", ""scenecut"": ""14"", ""subme"": ""5"", ""tu-inter-depth"": ""1"", ""tu-intra-depth"": ""4"", ""weightb"": ""1"", ""weightp"": ""0"", ""wpp"": ""0""}"
x265,lf09_hard01,"lambda_f=0.9, hard=0.1",16034,RQ3,129,22.16,13.78,22.16,14.112068176269531,"['Standard', '320p', 30, '10s']",0.0,14.11197280883789,0.0,"{""amp"": ""0"", ""aq-mode"": ""4"", ""aq-strength"": ""1.2"", ""b-adapt"": ""1"", ""bframes"": ""8"", ""crf"": ""30.0"", ""ctu"": ""64"", ""keyint"": ""119"", ""limit-refs"": ""2"", ""limit-tu"": ""1"", ""me"": ""dia"", ""merange"": ""54"", ""open-gop"": ""1"", ""psy-rd"": ""3.5"", ""psy-rdoq"": ""1.5"", ""qcomp"": ""0.6"", ""qpmax"": ""51"", ""qpmin"": ""18"", ""rc-lookahead"": ""43"", ""rd"": ""5"", ""rdoq-level"": ""2"", ""rect"": ""1"", ""ref"": ""4"", ""rskip"": ""1"", ""sao"": ""1"", ""scenecut"": ""91"", ""subme"": ""4"", ""tu-inter-depth"": ""3"", ""tu-intra-depth"": ""4"", ""weightb"": ""0"", ""weightp"": ""1"", ""wpp"": ""0""}"
x265,lf09_hard01,"lambda_f=0.9, hard=0.1",16034,RQ3,130,62.8,4.89,62.8,5.225724935531616,"['Standard', '320p', 30, '10s']",0.0,5.2256293296813965,0.0,"{""amp"": ""1"", ""aq-mode"": ""2"", ""aq-strength"": ""1.8"", ""b-adapt"": ""0"", ""bframes"": ""4"", ""crf"": ""28.0"", ""ctu"": ""16"", ""keyint"": ""473"", ""limit-refs"": ""2"", ""limit-tu"": ""2"", ""me"": ""umh"", ""merange"": ""47"", ""open-gop"": ""1"", ""psy-rd"": ""3.5"", ""psy-rdoq"": ""2.5"", ""qcomp"": ""0.8"", ""qpmax"": ""34"", ""qpmin"": ""11"", ""rc-lookahead"": ""54"", ""rd"": ""3"", ""rdoq-level"": ""1"", ""rect"": ""1"", ""ref"": ""4"", ""rskip"": ""1"", ""sao"": ""1"", ""scenecut"": ""2"", ""subme"": ""4"", ""tu-inter-depth"": ""3"", ""tu-intra-depth"": ""3"", ""weightb"": ""0"", ""weightp"": ""1"", ""wpp"": ""1""}"
x265,lf09_hard01,"lambda_f=0.9, hard=0.1",16034,RQ3,131,26.21,11.65,26.21,11.99428105354309,"['Standard', '320p', 30, '10s']",0.0,11.994176626205444,0.0,"{""amp"": ""0"", ""aq-mode"": ""1"", ""aq-strength"": ""1.0"", ""b-adapt"": ""1"", ""bframes"": ""7"", ""crf"": ""25.0"", ""ctu"": ""32"", ""keyint"": ""139"", ""limit-refs"": ""3"", ""limit-tu"": ""0"", ""me"": ""umh"", ""merange"": ""33"", ""open-gop"": ""1"", ""psy-rd"": ""1.5"", ""psy-rdoq"": ""0.5"", ""qcomp"": ""0.5"", ""qpmax"": ""23"", ""qpmin"": ""17"", ""rc-lookahead"": ""22"", ""rd"": ""3"", ""rdoq-level"": ""0"", ""rect"": ""1"", ""ref"": ""1"", ""rskip"": ""1"", ""sao"": ""1"", ""scenecut"": ""65"", ""subme"": ""5"", ""tu-inter-depth"": ""3"", ""tu-intra-depth"": ""2"", ""weightb"": ""0"", ""weightp"": ""1"", ""wpp"": ""1""}"
x265,lf09_hard01,"lambda_f=0.9, hard=0.1",16034,RQ3,132,40.91,7.53,40.91,8.133899211883545,"['Standard', '320p', 30, '10s']",0.0,8.133730173110962,0.0,"{""amp"": ""0"", ""aq-mode"": ""4"", ""aq-strength"": ""2.0"", ""b-adapt"": ""2"", ""bframes"": ""1"", ""crf"": ""22.0"", ""ctu"": ""16"", ""keyint"": ""467"", ""limit-refs"": ""1"", ""limit-tu"": ""2"", ""me"": ""dia"", ""merange"": ""38"", ""open-gop"": ""1"", ""psy-rd"": ""2.5"", ""psy-rdoq"": ""5.0"", ""qcomp"": ""0.9"", ""qpmax"": ""34"", ""qpmin"": ""15"", ""rc-lookahead"": ""28"", ""rd"": ""3"", ""rdoq-level"": ""2"", ""rect"": ""1"", ""ref"": ""4"", ""rskip"": ""1"", ""sao"": ""1"", ""scenecut"": ""29"", ""subme"": ""4"", ""tu-inter-depth"": ""3"", ""tu-intra-depth"": ""2"", ""weightb"": ""1"", ""weightp"": ""1"", ""wpp"": ""0""}"
x265,lf09_hard01,"lambda_f=0.9, hard=0.1",16034,RQ3,133,13.47,22.62,13.47,22.9667809009552,"['Standard', '320p', 30, '10s']",0.0,22.966681241989136,0.0,"{""amp"": ""0"", ""aq-mode"": ""2"", ""aq-strength"": ""0.8"", ""b-adapt"": ""1"", ""bframes"": ""3"", ""crf"": ""25.0"", ""ctu"": ""32"", ""keyint"": ""271"", ""limit-refs"": ""2"", ""limit-tu"": ""4"", ""me"": ""dia"", ""merange"": ""62"", ""open-gop"": ""0"", ""psy-rd"": ""0.5"", ""psy-rdoq"": ""0.5"", ""qcomp"": ""0.6"", ""qpmax"": ""42"", ""qpmin"": ""13"", ""rc-lookahead"": ""35"", ""rd"": ""6"", ""rdoq-level"": ""1"", ""rect"": ""1"", ""ref"": ""4"", ""rskip"": ""0"", ""sao"": ""1"", ""scenecut"": ""7"", ""subme"": ""3"", ""tu-inter-depth"": ""2"", ""tu-intra-depth"": ""4"", ""weightb"": ""0"", ""weightp"": ""1"", ""wpp"": ""1""}"
x265,lf09_hard01,"lambda_f=0.9, hard=0.1",16034,RQ3,134,35.18,8.69,35.18,9.031765937805176,"['Standard', '320p', 30, '10s']",0.0,9.031666994094849,0.0,"{""amp"": ""1"", ""aq-mode"": ""0"", ""aq-strength"": ""0.8"", ""b-adapt"": ""2"", ""bframes"": ""1"", ""crf"": ""20.0"", ""ctu"": ""64"", ""keyint"": ""109"", ""limit-refs"": ""2"", ""limit-tu"": ""3"", ""me"": ""dia"", ""merange"": ""59"", ""open-gop"": ""1"", ""psy-rd"": ""3.5"", ""psy-rdoq"": ""4.0"", ""qcomp"": ""0.8"", ""qpmax"": ""45"", ""qpmin"": ""11"", ""rc-lookahead"": ""19"", ""rd"": ""3"", ""rdoq-level"": ""0"", ""rect"": ""1"", ""ref"": ""5"", ""rskip"": ""1"", ""sao"": ""0"", ""scenecut"": ""89"", ""subme"": ""2"", ""tu-inter-depth"": ""2"", ""tu-intra-depth"": ""1"", ""weightb"": ""1"", ""weightp"": ""0"", ""wpp"": ""1""}"
x265,lf09_hard01,"lambda_f=0.9, hard=0.1",16034,RQ3,135,16.22,18.8,16.22,19.13325023651123,"['Standard', '320p', 30, '10s']",0.0,19.133148431777954,0.0,"{""amp"": ""1"", ""aq-mode"": ""3"", ""aq-strength"": ""2.0"", ""b-adapt"": ""0"", ""bframes"": ""4"", ""crf"": ""20.0"", ""ctu"": ""64"", ""keyint"": ""245"", ""limit-refs"": ""1"", ""limit-tu"": ""1"", ""me"": ""dia"", ""merange"": ""51"", ""open-gop"": ""1"", ""psy-rd"": ""0.0"", ""psy-rdoq"": ""0.5"", ""qcomp"": ""0.6"", ""qpmax"": ""35"", ""qpmin"": ""16"", ""rc-lookahead"": ""37"", ""rd"": ""3"", ""rdoq-level"": ""2"", ""rect"": ""1"", ""ref"": ""5"", ""rskip"": ""0"", ""sao"": ""1"", ""scenecut"": ""64"", ""subme"": ""4"", ""tu-inter-depth"": ""4"", ""tu-intra-depth"": ""4"", ""weightb"": ""0"", ""weightp"": ""1"", ""wpp"": ""0""}"
x265,lf09_hard01,"lambda_f=0.9, hard=0.1",16034,RQ3,136,30.55,10.01,30.55,10.346560001373291,"['Standard', '320p', 30, '10s']",0.0,10.34646201133728,0.0,"{""amp"": ""1"", ""aq-mode"": ""1"", ""aq-strength"": ""1.2"", ""b-adapt"": ""1"", ""bframes"": ""5"", ""crf"": ""22.0"", ""ctu"": ""64"", ""keyint"": ""407"", ""limit-refs"": ""3"", ""limit-tu"": ""3"", ""me"": ""star"", ""merange"": ""50"", ""open-gop"": ""0"", ""psy-rd"": ""0.5"", ""psy-rdoq"": ""4.5"", ""qcomp"": ""0.7"", ""qpmax"": ""25"", ""qpmin"": ""20"", ""rc-lookahead"": ""35"", ""rd"": ""3"", ""rdoq-level"": ""2"", ""rect"": ""1"", ""ref"": ""4"", ""rskip"": ""1"", ""sao"": ""1"", ""scenecut"": ""50"", ""subme"": ""2"", ""tu-inter-depth"": ""4"", ""tu-intra-depth"": ""1"", ""weightb"": ""0"", ""weightp"": ""0"", ""wpp"": ""0""}"
x265,lf09_hard01,"lambda_f=0.9, hard=0.1",16034,RQ3,137,32.54,9.44,32.54,9.992572546005249,"['Standard', '320p', 30, '10s']",0.0,9.992480278015137,0.0,"{""amp"": ""0"", ""aq-mode"": ""0"", ""aq-strength"": ""1.8"", ""b-adapt"": ""0"", ""bframes"": ""1"", ""crf"": ""18.0"", ""ctu"": ""32"", ""keyint"": ""343"", ""limit-refs"": ""1"", ""limit-tu"": ""3"", ""me"": ""hex"", ""merange"": ""43"", ""open-gop"": ""1"", ""psy-rd"": ""2.0"", ""psy-rdoq"": ""5.0"", ""qcomp"": ""0.7"", ""qpmax"": ""40"", ""qpmin"": ""6"", ""rc-lookahead"": ""55"", ""rd"": ""3"", ""rdoq-level"": ""1"", ""rect"": ""0"", ""ref"": ""3"", ""rskip"": ""1"", ""sao"": ""1"", ""scenecut"": ""71"", ""subme"": ""3"", ""tu-inter-depth"": ""4"", ""tu-intra-depth"": ""1"", ""weightb"": ""0"", ""weightp"": ""1"", ""wpp"": ""1""}"
x265,lf09_hard01,"lambda_f=0.9, hard=0.1",16034,RQ3,138,35.4,8.65,35.4,8.987968921661377,"['Standard', '320p', 30, '10s']",0.0,8.987874269485474,0.0,"{""amp"": ""1"", ""aq-mode"": ""1"", ""aq-strength"": ""0.0"", ""b-adapt"": ""2"", ""bframes"": ""6"", ""crf"": ""22.0"", ""ctu"": ""64"", ""keyint"": ""373"", ""limit-refs"": ""2"", ""limit-tu"": ""2"", ""me"": ""star"", ""merange"": ""58"", ""open-gop"": ""0"", ""psy-rd"": ""4.0"", ""psy-rdoq"": ""0.0"", ""qcomp"": ""0.6"", ""qpmax"": ""43"", ""qpmin"": ""14"", ""rc-lookahead"": ""51"", ""rd"": ""4"", ""rdoq-level"": ""1"", ""rect"": ""0"", ""ref"": ""1"", ""rskip"": ""0"", ""sao"": ""1"", ""scenecut"": ""9"", ""subme"": ""2"", ""tu-inter-depth"": ""4"", ""tu-intra-depth"": ""3"", ""weightb"": ""0"", ""weightp"": ""0"", ""wpp"": ""0""}"
x265,lf09_hard01,"lambda_f=0.9, hard=0.1",16034,RQ3,139,19.22,15.87,19.22,16.2097008228302,"['Standard', '320p', 30, '10s']",0.0,16.20960760116577,0.0,"{""amp"": ""0"", ""aq-mode"": ""1"", ""aq-strength"": ""1.5"", ""b-adapt"": ""2"", ""bframes"": ""0"", ""crf"": ""30.0"", ""ctu"": ""64"", ""keyint"": ""447"", ""limit-refs"": ""0"", ""limit-tu"": ""2"", ""me"": ""dia"", ""merange"": ""17"", ""open-gop"": ""0"", ""psy-rd"": ""2.0"", ""psy-rdoq"": ""3.5"", ""qcomp"": ""0.8"", ""qpmax"": ""44"", ""qpmin"": ""15"", ""rc-lookahead"": ""43"", ""rd"": ""6"", ""rdoq-level"": ""1"", ""rect"": ""0"", ""ref"": ""2"", ""rskip"": ""0"", ""sao"": ""0"", ""scenecut"": ""63"", ""subme"": ""4"", ""tu-inter-depth"": ""3"", ""tu-intra-depth"": ""2"", ""weightb"": ""1"", ""weightp"": ""0"", ""wpp"": ""1""}"
x265,lf09_hard01,"lambda_f=0.9, hard=0.1",16034,RQ3,140,33.75,9.1,33.75,9.43468713760376,"['Standard', '320p', 30, '10s']",0.0,9.43458890914917,0.0,"{""amp"": ""1"", ""aq-mode"": ""0"", ""aq-strength"": ""1.8"", ""b-adapt"": ""1"", ""bframes"": ""3"", ""crf"": ""20.0"", ""ctu"": ""32"", ""keyint"": ""287"", ""limit-refs"": ""2"", ""limit-tu"": ""3"", ""me"": ""hex"", ""merange"": ""20"", ""open-gop"": ""0"", ""psy-rd"": ""0.0"", ""psy-rdoq"": ""1.0"", ""qcomp"": ""0.9"", ""qpmax"": ""26"", ""qpmin"": ""5"", ""rc-lookahead"": ""40"", ""rd"": ""2"", ""rdoq-level"": ""1"", ""rect"": ""1"", ""ref"": ""5"", ""rskip"": ""1"", ""sao"": ""0"", ""scenecut"": ""21"", ""subme"": ""3"", ""tu-inter-depth"": ""4"", ""tu-intra-depth"": ""3"", ""weightb"": ""1"", ""weightp"": ""0"", ""wpp"": ""1""}"
x265,lf09_hard01,"lambda_f=0.9, hard=0.1",16034,RQ3,141,16.38,18.61,16.38,18.942845106124878,"['Standard', '320p', 30, '10s']",0.0,18.94275212287903,0.0,"{""amp"": ""0"", ""aq-mode"": ""3"", ""aq-strength"": ""1.8"", ""b-adapt"": ""0"", ""bframes"": ""5"", ""crf"": ""30.0"", ""ctu"": ""64"", ""keyint"": ""117"", ""limit-refs"": ""1"", ""limit-tu"": ""4"", ""me"": ""umh"", ""merange"": ""27"", ""open-gop"": ""1"", ""psy-rd"": ""0.0"", ""psy-rdoq"": ""3.5"", ""qcomp"": ""1.0"", ""qpmax"": ""34"", ""qpmin"": ""15"", ""rc-lookahead"": ""42"", ""rd"": ""6"", ""rdoq-level"": ""2"", ""rect"": ""1"", ""ref"": ""5"", ""rskip"": ""1"", ""sao"": ""1"", ""scenecut"": ""60"", ""subme"": ""5"", ""tu-inter-depth"": ""2"", ""tu-intra-depth"": ""2"", ""weightb"": ""0"", ""weightp"": ""0"", ""wpp"": ""1""}"
x265,lf09_hard01,"lambda_f=0.9, hard=0.1",16034,RQ3,142,11.92,25.56,11.92,25.90212059020996,"['Standard', '320p', 30, '10s']",0.0,25.902021408081055,0.0,"{""amp"": ""0"", ""aq-mode"": ""2"", ""aq-strength"": ""0.5"", ""b-adapt"": ""0"", ""bframes"": ""8"", ""crf"": ""32.0"", ""ctu"": ""64"", ""keyint"": ""200"", ""limit-refs"": ""0"", ""limit-tu"": ""2"", ""me"": ""star"", ""merange"": ""33"", ""open-gop"": ""0"", ""psy-rd"": ""3.5"", ""psy-rdoq"": ""5.0"", ""qcomp"": ""0.5"", ""qpmax"": ""33"", ""qpmin"": ""0"", ""rc-lookahead"": ""41"", ""rd"": ""5"", ""rdoq-level"": ""1"", ""rect"": ""0"", ""ref"": ""4"", ""rskip"": ""0"", ""sao"": ""1"", ""scenecut"": ""24"", ""subme"": ""2"", ""tu-inter-depth"": ""3"", ""tu-intra-depth"": ""1"", ""weightb"": ""0"", ""weightp"": ""1"", ""wpp"": ""0""}"
x265,lf09_hard01,"lambda_f=0.9, hard=0.1",16034,RQ3,143,47.13,6.51,47.13,6.843603849411011,"['Standard', '320p', 30, '10s']",0.0,6.843511581420898,0.0,"{""amp"": ""0"", ""aq-mode"": ""0"", ""aq-strength"": ""1.5"", ""b-adapt"": ""0"", ""bframes"": ""5"", ""crf"": ""28.0"", ""ctu"": ""64"", ""keyint"": ""301"", ""limit-refs"": ""2"", ""limit-tu"": ""1"", ""me"": ""dia"", ""merange"": ""57"", ""open-gop"": ""1"", ""psy-rd"": ""4.0"", ""psy-rdoq"": ""3.5"", ""qcomp"": ""0.75"", ""qpmax"": ""51"", ""qpmin"": ""3"", ""rc-lookahead"": ""55"", ""rd"": ""4"", ""rdoq-level"": ""1"", ""rect"": ""1"", ""ref"": ""1"", ""rskip"": ""0"", ""sao"": ""0"", ""scenecut"": ""33"", ""subme"": ""2"", ""tu-inter-depth"": ""3"", ""tu-intra-depth"": ""1"", ""weightb"": ""0"", ""weightp"": ""0"", ""wpp"": ""1""}"
x265,lf09_hard01,"lambda_f=0.9, hard=0.1",16034,RQ3,144,27.87,10.96,27.87,11.289417505264282,"['Standard', '320p', 30, '10s']",0.0,11.2893226146698,0.0,"{""amp"": ""0"", ""aq-mode"": ""2"", ""aq-strength"": ""0.8"", ""b-adapt"": ""1"", ""bframes"": ""1"", ""crf"": ""18.0"", ""ctu"": ""32"", ""keyint"": ""289"", ""limit-refs"": ""1"", ""limit-tu"": ""1"", ""me"": ""star"", ""merange"": ""21"", ""open-gop"": ""1"", ""psy-rd"": ""1.0"", ""psy-rdoq"": ""5.0"", ""qcomp"": ""0.6"", ""qpmax"": ""47"", ""qpmin"": ""10"", ""rc-lookahead"": ""35"", ""rd"": ""3"", ""rdoq-level"": ""1"", ""rect"": ""0"", ""ref"": ""2"", ""rskip"": ""0"", ""sao"": ""1"", ""scenecut"": ""42"", ""subme"": ""5"", ""tu-inter-depth"": ""2"", ""tu-intra-depth"": ""3"", ""weightb"": ""0"", ""weightp"": ""1"", ""wpp"": ""0""}"
x265,lf09_hard01,"lambda_f=0.9, hard=0.1",16034,RQ3,145,7.12,42.77,7.12,43.10174870491028,"['Standard', '320p', 30, '10s']",0.0,43.1016480922699,0.0,"{""amp"": ""0"", ""aq-mode"": ""3"", ""aq-strength"": ""1.0"", ""b-adapt"": ""1"", ""bframes"": ""3"", ""crf"": ""32.0"", ""ctu"": ""32"", ""keyint"": ""324"", ""limit-refs"": ""2"", ""limit-tu"": ""1"", ""me"": ""dia"", ""merange"": ""24"", ""open-gop"": ""0"", ""psy-rd"": ""2.0"", ""psy-rdoq"": ""0.5"", ""qcomp"": ""0.6"", ""qpmax"": ""25"", ""qpmin"": ""16"", ""rc-lookahead"": ""41"", ""rd"": ""6"", ""rdoq-level"": ""2"", ""rect"": ""1"", ""ref"": ""2"", ""rskip"": ""1"", ""sao"": ""0"", ""scenecut"": ""11"", ""subme"": ""2"", ""tu-inter-depth"": ""3"", ""tu-intra-depth"": ""3"", ""weightb"": ""1"", ""weightp"": ""0"", ""wpp"": ""1""}"
x265,lf09_hard01,"lambda_f=0.9, hard=0.1",16034,RQ3,146,28.19,10.84,28.19,11.178136587142944,"['Standard', '320p', 30, '10s']",0.0,11.178046703338623,0.0,"{""amp"": ""0"", ""aq-mode"": ""0"", ""aq-strength"": ""1.8"", ""b-adapt"": ""0"", ""bframes"": ""8"", ""crf"": ""22.0"", ""ctu"": ""64"", ""keyint"": ""345"", ""limit-refs"": ""3"", ""limit-tu"": ""2"", ""me"": ""dia"", ""merange"": ""32"", ""open-gop"": ""0"", ""psy-rd"": ""4.0"", ""psy-rdoq"": ""5.0"", ""qcomp"": ""1.0"", ""qpmax"": ""30"", ""qpmin"": ""12"", ""rc-lookahead"": ""45"", ""rd"": ""3"", ""rdoq-level"": ""1"", ""rect"": ""1"", ""ref"": ""4"", ""rskip"": ""1"", ""sao"": ""0"", ""scenecut"": ""63"", ""subme"": ""1"", ""tu-inter-depth"": ""2"", ""tu-intra-depth"": ""4"", ""weightb"": ""0"", ""weightp"": ""0"", ""wpp"": ""0""}"
x265,lf09_hard01,"lambda_f=0.9, hard=0.1",16034,RQ3,147,31.78,9.62,31.78,9.966446876525879,"['Standard', '320p', 30, '10s']",0.0,9.966350555419922,0.0,"{""amp"": ""1"", ""aq-mode"": ""3"", ""aq-strength"": ""1.8"", ""b-adapt"": ""1"", ""bframes"": ""5"", ""crf"": ""20.0"", ""ctu"": ""16"", ""keyint"": ""146"", ""limit-refs"": ""2"", ""limit-tu"": ""3"", ""me"": ""umh"", ""merange"": ""22"", ""open-gop"": ""1"", ""psy-rd"": ""4.0"", ""psy-rdoq"": ""1.0"", ""qcomp"": ""0.7"", ""qpmax"": ""33"", ""qpmin"": ""17"", ""rc-lookahead"": ""55"", ""rd"": ""4"", ""rdoq-level"": ""2"", ""rect"": ""1"", ""ref"": ""1"", ""rskip"": ""1"", ""sao"": ""1"", ""scenecut"": ""24"", ""subme"": ""4"", ""tu-inter-depth"": ""1"", ""tu-intra-depth"": ""3"", ""weightb"": ""1"", ""weightp"": ""0"", ""wpp"": ""0""}"
x265,lf09_hard01,"lambda_f=0.9, hard=0.1",16034,RQ3,148,43.59,7.03,43.59,7.360261678695679,"['Standard', '320p', 30, '10s']",0.0,7.360166072845459,0.0,"{""amp"": ""1"", ""aq-mode"": ""1"", ""aq-strength"": ""1.8"", ""b-adapt"": ""2"", ""bframes"": ""3"", ""crf"": ""25.0"", ""ctu"": ""32"", ""keyint"": ""37"", ""limit-refs"": ""3"", ""limit-tu"": ""4"", ""me"": ""umh"", ""merange"": ""17"", ""open-gop"": ""0"", ""psy-rd"": ""0.0"", ""psy-rdoq"": ""4.0"", ""qcomp"": ""0.5"", ""qpmax"": ""23"", ""qpmin"": ""1"", ""rc-lookahead"": ""33"", ""rd"": ""2"", ""rdoq-level"": ""1"", ""rect"": ""0"", ""ref"": ""1"", ""rskip"": ""0"", ""sao"": ""0"", ""scenecut"": ""2"", ""subme"": ""3"", ""tu-inter-depth"": ""2"", ""tu-intra-depth"": ""1"", ""weightb"": ""0"", ""weightp"": ""0"", ""wpp"": ""0""}"
x265,lf09_hard01,"lambda_f=0.9, hard=0.1",16034,RQ3,149,27.77,11.0,27.77,11.342151641845703,"['Standard', '320p', 30, '10s']",0.0,11.34205412864685,0.0,"{""amp"": ""1"", ""aq-mode"": ""0"", ""aq-strength"": ""2.0"", ""b-adapt"": ""2"", ""bframes"": ""0"", ""crf"": ""20.0"", ""ctu"": ""64"", ""keyint"": ""90"", ""limit-refs"": ""0"", ""limit-tu"": ""2"", ""me"": ""star"", ""merange"": ""40"", ""open-gop"": ""0"", ""psy-rd"": ""3.0"", ""psy-rdoq"": ""5.0"", ""qcomp"": ""1.0"", ""qpmax"": ""43"", ""qpmin"": ""8"", ""rc-lookahead"": ""31"", ""rd"": ""3"", ""rdoq-level"": ""0"", ""rect"": ""0"", ""ref"": ""2"", ""rskip"": ""1"", ""sao"": ""0"", ""scenecut"": ""9"", ""subme"": ""2"", ""tu-inter-depth"": ""4"", ""tu-intra-depth"": ""2"", ""weightb"": ""1"", ""weightp"": ""0"", ""wpp"": ""0""}"
x265,lf09_hard01,"lambda_f=0.9, hard=0.1",16034,RQ3,150,4.19,72.55,4.19,72.8821587562561,"['Standard', '320p', 30, '10s']",0.0,72.88205409049988,0.0,"{""amp"": ""0"", ""aq-mode"": ""1"", ""aq-strength"": ""1.2"", ""b-adapt"": ""2"", ""bframes"": ""2"", ""crf"": ""32.0"", ""ctu"": ""32"", ""keyint"": ""419"", ""limit-refs"": ""2"", ""limit-tu"": ""2"", ""me"": ""full"", ""merange"": ""28"", ""open-gop"": ""0"", ""psy-rd"": ""3.5"", ""psy-rdoq"": ""0.5"", ""qcomp"": ""0.6"", ""qpmax"": ""21"", ""qpmin"": ""16"", ""rc-lookahead"": ""18"", ""rd"": ""5"", ""rdoq-level"": ""1"", ""rect"": ""1"", ""ref"": ""2"", ""rskip"": ""1"", ""sao"": ""1"", ""scenecut"": ""80"", ""subme"": ""1"", ""tu-inter-depth"": ""2"", ""tu-intra-depth"": ""3"", ""weightb"": ""1"", ""weightp"": ""0"", ""wpp"": ""0""}"
x265,lf09_hard01,"lambda_f=0.9, hard=0.1",16034,RQ3,151,30.59,9.99,30.59,10.335017681121826,"['Standard', '320p', 30, '10s']",0.0,10.334914922714233,0.0,"{""amp"": ""0"", ""aq-mode"": ""0"", ""aq-strength"": ""1.0"", ""b-adapt"": ""1"", ""bframes"": ""7"", ""crf"": ""20.0"", ""ctu"": ""64"", ""keyint"": ""135"", ""limit-refs"": ""2"", ""limit-tu"": ""2"", ""me"": ""hex"", ""merange"": ""46"", ""open-gop"": ""0"", ""psy-rd"": ""0.0"", ""psy-rdoq"": ""1.5"", ""qcomp"": ""0.8"", ""qpmax"": ""50"", ""qpmin"": ""6"", ""rc-lookahead"": ""53"", ""rd"": ""3"", ""rdoq-level"": ""1"", ""rect"": ""0"", ""ref"": ""5"", ""rskip"": ""1"", ""sao"": ""0"", ""scenecut"": ""22"", ""subme"": ""4"", ""tu-inter-depth"": ""2"", ""tu-intra-depth"": ""3"", ""weightb"": ""1"", ""weightp"": ""1"", ""wpp"": ""1""}"
x265,lf09_hard01,"lambda_f=0.9, hard=0.1",16034,RQ3,152,17.12,17.81,17.12,18.146180152893066,"['Standard', '320p', 30, '10s']",0.0,18.146066904067993,0.0,"{""amp"": ""0"", ""aq-mode"": ""4"", ""aq-strength"": ""2.0"", ""b-adapt"": ""2"", ""bframes"": ""2"", ""crf"": ""18.0"", ""ctu"": ""32"", ""keyint"": ""51"", ""limit-refs"": ""3"", ""limit-tu"": ""2"", ""me"": ""hex"", ""merange"": ""17"", ""open-gop"": ""0"", ""psy-rd"": ""3.0"", ""psy-rdoq"": ""3.5"", ""qcomp"": ""1.0"", ""qpmax"": ""31"", ""qpmin"": ""1"", ""rc-lookahead"": ""22"", ""rd"": ""6"", ""rdoq-level"": ""0"", ""rect"": ""0"", ""ref"": ""4"", ""rskip"": ""1"", ""sao"": ""1"", ""scenecut"": ""1"", ""subme"": ""5"", ""tu-inter-depth"": ""4"", ""tu-intra-depth"": ""4"", ""weightb"": ""0"", ""weightp"": ""1"", ""wpp"": ""1""}"
x265,lf09_hard01,"lambda_f=0.9, hard=0.1",16034,RQ3,153,14.72,20.71,14.72,21.051911115646362,"['Standard', '320p', 30, '10s']",0.0,21.051811695098877,0.0,"{""amp"": ""1"", ""aq-mode"": ""0"", ""aq-strength"": ""1.5"", ""b-adapt"": ""2"", ""bframes"": ""0"", ""crf"": ""20.0"", ""ctu"": ""64"", ""keyint"": ""254"", ""limit-refs"": ""2"", ""limit-tu"": ""1"", ""me"": ""hex"", ""merange"": ""38"", ""open-gop"": ""0"", ""psy-rd"": ""1.5"", ""psy-rdoq"": ""2.5"", ""qcomp"": ""1.0"", ""qpmax"": ""27"", ""qpmin"": ""17"", ""rc-lookahead"": ""45"", ""rd"": ""4"", ""rdoq-level"": ""1"", ""rect"": ""0"", ""ref"": ""3"", ""rskip"": ""1"", ""sao"": ""1"", ""scenecut"": ""74"", ""subme"": ""4"", ""tu-inter-depth"": ""4"", ""tu-intra-depth"": ""3"", ""weightb"": ""1"", ""weightp"": ""0"", ""wpp"": ""0""}"
x265,lf09_hard01,"lambda_f=0.9, hard=0.1",16034,RQ3,154,35.88,8.53,35.88,8.867045640945435,"['Standard', '320p', 30, '10s']",0.0,8.866944313049316,0.0,"{""amp"": ""1"", ""aq-mode"": ""1"", ""aq-strength"": ""1.0"", ""b-adapt"": ""2"", ""bframes"": ""1"", ""crf"": ""28.0"", ""ctu"": ""32"", ""keyint"": ""106"", ""limit-refs"": ""2"", ""limit-tu"": ""3"", ""me"": ""star"", ""merange"": ""23"", ""open-gop"": ""0"", ""psy-rd"": ""2.0"", ""psy-rdoq"": ""3.0"", ""qcomp"": ""0.5"", ""qpmax"": ""24"", ""qpmin"": ""2"", ""rc-lookahead"": ""50"", ""rd"": ""3"", ""rdoq-level"": ""1"", ""rect"": ""0"", ""ref"": ""3"", ""rskip"": ""1"", ""sao"": ""1"", ""scenecut"": ""46"", ""subme"": ""1"", ""tu-inter-depth"": ""4"", ""tu-intra-depth"": ""3"", ""weightb"": ""0"", ""weightp"": ""0"", ""wpp"": ""1""}"
x265,lf09_hard01,"lambda_f=0.9, hard=0.1",16034,RQ3,155,32.32,9.46,32.32,9.79762053489685,"['Standard', '320p', 30, '10s']",0.0,9.797522783279419,0.0,"{""amp"": ""0"", ""aq-mode"": ""2"", ""aq-strength"": ""2.0"", ""b-adapt"": ""0"", ""bframes"": ""7"", ""crf"": ""32.0"", ""ctu"": ""16"", ""keyint"": ""441"", ""limit-refs"": ""2"", ""limit-tu"": ""2"", ""me"": ""star"", ""merange"": ""57"", ""open-gop"": ""1"", ""psy-rd"": ""0.5"", ""psy-rdoq"": ""1.0"", ""qcomp"": ""0.9"", ""qpmax"": ""47"", ""qpmin"": ""6"", ""rc-lookahead"": ""43"", ""rd"": ""6"", ""rdoq-level"": ""2"", ""rect"": ""0"", ""ref"": ""4"", ""rskip"": ""1"", ""sao"": ""1"", ""scenecut"": ""79"", ""subme"": ""2"", ""tu-inter-depth"": ""1"", ""tu-intra-depth"": ""2"", ""weightb"": ""1"", ""weightp"": ""0"", ""wpp"": ""0""}"
x265,lf09_hard01,"lambda_f=0.9, hard=0.1",16034,RQ3,156,20.93,14.59,20.93,14.926488876342773,"['Standard', '320p', 30, '10s']",0.0,14.926397323608398,0.0,"{""amp"": ""0"", ""aq-mode"": ""4"", ""aq-strength"": ""0.8"", ""b-adapt"": ""1"", ""bframes"": ""3"", ""crf"": ""20.0"", ""ctu"": ""64"", ""keyint"": ""492"", ""limit-refs"": ""2"", ""limit-tu"": ""1"", ""me"": ""umh"", ""merange"": ""40"", ""open-gop"": ""0"", ""psy-rd"": ""0.5"", ""psy-rdoq"": ""4.5"", ""qcomp"": ""0.7"", ""qpmax"": ""42"", ""qpmin"": ""2"", ""rc-lookahead"": ""57"", ""rd"": ""3"", ""rdoq-level"": ""2"", ""rect"": ""1"", ""ref"": ""6"", ""rskip"": ""0"", ""sao"": ""1"", ""scenecut"": ""36"", ""subme"": ""1"", ""tu-inter-depth"": ""3"", ""tu-intra-depth"": ""2"", ""weightb"": ""1"", ""weightp"": ""1"", ""wpp"": ""0""}"
x265,lf09_hard01,"lambda_f=0.9, hard=0.1",16034,RQ3,157,14.81,20.57,14.81,20.914289236068726,"['Standard', '320p', 30, '10s']",0.0,20.9141788482666,0.0,"{""amp"": ""0"", ""aq-mode"": ""3"", ""aq-strength"": ""1.8"", ""b-adapt"": ""1"", ""bframes"": ""2"", ""crf"": ""22.0"", ""ctu"": ""32"", ""keyint"": ""258"", ""limit-refs"": ""2"", ""limit-tu"": ""2"", ""me"": ""umh"", ""merange"": ""37"", ""open-gop"": ""0"", ""psy-rd"": ""1.0"", ""psy-rdoq"": ""3.5"", ""qcomp"": ""0.5"", ""qpmax"": ""38"", ""qpmin"": ""15"", ""rc-lookahead"": ""26"", ""rd"": ""5"", ""rdoq-level"": ""1"", ""rect"": ""1"", ""ref"": ""1"", ""rskip"": ""1"", ""sao"": ""1"", ""scenecut"": ""98"", ""subme"": ""4"", ""tu-inter-depth"": ""1"", ""tu-intra-depth"": ""2"", ""weightb"": ""0"", ""weightp"": ""1"", ""wpp"": ""1""}"
x265,lf09_hard01,"lambda_f=0.9, hard=0.1",16034,RQ3,158,7.3,41.69,7.3,42.01273441314697,"['Standard', '320p', 30, '10s']",0.0,42.01263928413391,0.0,"{""amp"": ""0"", ""aq-mode"": ""0"", ""aq-strength"": ""1.2"", ""b-adapt"": ""1"", ""bframes"": ""4"", ""crf"": ""18.0"", ""ctu"": ""16"", ""keyint"": ""199"", ""limit-refs"": ""0"", ""limit-tu"": ""1"", ""me"": ""hex"", ""merange"": ""61"", ""open-gop"": ""1"", ""psy-rd"": ""0.5"", ""psy-rdoq"": ""1.5"", ""qcomp"": ""0.7"", ""qpmax"": ""40"", ""qpmin"": ""13"", ""rc-lookahead"": ""48"", ""rd"": ""6"", ""rdoq-level"": ""1"", ""rect"": ""1"", ""ref"": ""4"", ""rskip"": ""1"", ""sao"": ""0"", ""scenecut"": ""24"", ""subme"": ""2"", ""tu-inter-depth"": ""3"", ""tu-intra-depth"": ""2"", ""weightb"": ""0"", ""weightp"": ""1"", ""wpp"": ""0""}"
x265,lf09_hard01,"lambda_f=0.9, hard=0.1",16034,RQ3,159,17.23,17.7,17.23,18.04643201828003,"['Standard', '320p', 30, '10s']",0.0,18.04632830619812,0.0,"{""amp"": ""0"", ""aq-mode"": ""0"", ""aq-strength"": ""1.8"", ""b-adapt"": ""0"", ""bframes"": ""2"", ""crf"": ""30.0"", ""ctu"": ""32"", ""keyint"": ""135"", ""limit-refs"": ""1"", ""limit-tu"": ""1"", ""me"": ""star"", ""merange"": ""50"", ""open-gop"": ""1"", ""psy-rd"": ""4.0"", ""psy-rdoq"": ""4.0"", ""qcomp"": ""0.5"", ""qpmax"": ""20"", ""qpmin"": ""7"", ""rc-lookahead"": ""45"", ""rd"": ""3"", ""rdoq-level"": ""1"", ""rect"": ""0"", ""ref"": ""4"", ""rskip"": ""0"", ""sao"": ""0"", ""scenecut"": ""70"", ""subme"": ""5"", ""tu-inter-depth"": ""3"", ""tu-intra-depth"": ""3"", ""weightb"": ""1"", ""weightp"": ""1"", ""wpp"": ""1""}"
x265,lf09_hard01,"lambda_f=0.9, hard=0.1",16034,RQ3,160,35.84,8.54,35.84,8.877760648727417,"['Standard', '320p', 30, '10s']",0.0,8.877663850784302,0.0,"{""amp"": ""1"", ""aq-mode"": ""2"", ""aq-strength"": ""1.2"", ""b-adapt"": ""0"", ""bframes"": ""6"", ""crf"": ""25.0"", ""ctu"": ""64"", ""keyint"": ""333"", ""limit-refs"": ""1"", ""limit-tu"": ""1"", ""me"": ""hex"", ""merange"": ""40"", ""open-gop"": ""1"", ""psy-rd"": ""0.5"", ""psy-rdoq"": ""3.5"", ""qcomp"": ""0.9"", ""qpmax"": ""33"", ""qpmin"": ""15"", ""rc-lookahead"": ""17"", ""rd"": ""4"", ""rdoq-level"": ""0"", ""rect"": ""1"", ""ref"": ""2"", ""rskip"": ""0"", ""sao"": ""1"", ""scenecut"": ""67"", ""subme"": ""3"", ""tu-inter-depth"": ""3"", ""tu-intra-depth"": ""2"", ""weightb"": ""0"", ""weightp"": ""0"", ""wpp"": ""1""}"
x265,lf09_hard01,"lambda_f=0.9, hard=0.1",16034,RQ3,161,27.99,10.91,27.99,11.255252838134766,"['Standard', '320p', 30, '10s']",0.0,11.255156755447388,0.0,"{""amp"": ""0"", ""aq-mode"": ""2"", ""aq-strength"": ""1.5"", ""b-adapt"": ""2"", ""bframes"": ""5"", ""crf"": ""22.0"", ""ctu"": ""32"", ""keyint"": ""175"", ""limit-refs"": ""0"", ""limit-tu"": ""2"", ""me"": ""hex"", ""merange"": ""27"", ""open-gop"": ""0"", ""psy-rd"": ""0.0"", ""psy-rdoq"": ""2.5"", ""qcomp"": ""0.8"", ""qpmax"": ""24"", ""qpmin"": ""17"", ""rc-lookahead"": ""11"", ""rd"": ""3"", ""rdoq-level"": ""1"", ""rect"": ""0"", ""ref"": ""2"", ""rskip"": ""0"", ""sao"": ""1"", ""scenecut"": ""96"", ""subme"": ""3"", ""tu-inter-depth"": ""3"", ""tu-intra-depth"": ""2"", ""weightb"": ""0"", ""weightp"": ""1"", ""wpp"": ""1""}"
x265,lf09_hard01,"lambda_f=0.9, hard=0.1",16034,RQ3,162,12.12,25.13,12.12,25.47600293159485,"['Standard', '320p', 30, '10s']",0.0,25.47589921951294,0.0,"{""amp"": ""0"", ""aq-mode"": ""1"", ""aq-strength"": ""0.0"", ""b-adapt"": ""0"", ""bframes"": ""2"", ""crf"": ""20.0"", ""ctu"": ""32"", ""keyint"": ""319"", ""limit-refs"": ""1"", ""limit-tu"": ""0"", ""me"": ""umh"", ""merange"": ""38"", ""open-gop"": ""1"", ""psy-rd"": ""0.5"", ""psy-rdoq"": ""3.5"", ""qcomp"": ""0.6"", ""qpmax"": ""29"", ""qpmin"": ""2"", ""rc-lookahead"": ""50"", ""rd"": ""5"", ""rdoq-level"": ""0"", ""rect"": ""1"", ""ref"": ""3"", ""rskip"": ""1"", ""sao"": ""0"", ""scenecut"": ""33"", ""subme"": ""1"", ""tu-inter-depth"": ""4"", ""tu-intra-depth"": ""4"", ""weightb"": ""0"", ""weightp"": ""0"", ""wpp"": ""1""}"
x265,lf09_hard01,"lambda_f=0.9, hard=0.1",16034,RQ3,163,54.24,5.66,54.24,6.014224052429199,"['Standard', '320p', 30, '10s']",0.0,6.014117240905762,0.0,"{""amp"": ""0"", ""aq-mode"": ""1"", ""aq-strength"": ""0.5"", ""b-adapt"": ""0"", ""bframes"": ""2"", ""crf"": ""30.0"", ""ctu"": ""32"", ""keyint"": ""201"", ""limit-refs"": ""0"", ""limit-tu"": ""4"", ""me"": ""dia"", ""merange"": ""16"", ""open-gop"": ""1"", ""psy-rd"": ""0.0"", ""psy-rdoq"": ""0.0"", ""qcomp"": ""0.75"", ""qpmax"": ""22"", ""qpmin"": ""12"", ""rc-lookahead"": ""11"", ""rd"": ""3"", ""rdoq-level"": ""0"", ""rect"": ""0"", ""ref"": ""1"", ""rskip"": ""0"", ""sao"": ""1"", ""scenecut"": ""4"", ""subme"": ""2"", ""tu-inter-depth"": ""1"", ""tu-intra-depth"": ""2"", ""weightb"": ""0"", ""weightp"": ""0"", ""wpp"": ""0""}"
x265,lf09_hard01,"lambda_f=0.9, hard=0.1",16034,RQ3,164,132.68,2.37,132.68,2.931265354156494,"['Standard', '320p', 30, '10s']",0.0,2.9311604499816895,0.0,"{""amp"": ""1"", ""aq-mode"": ""1"", ""aq-strength"": ""2.0"", ""b-adapt"": ""0"", ""bframes"": ""2"", ""crf"": ""32.0"", ""ctu"": ""64"", ""keyint"": ""50"", ""limit-refs"": ""3"", ""limit-tu"": ""2"", ""me"": ""star"", ""merange"": ""38"", ""open-gop"": ""0"", ""psy-rd"": ""4.0"", ""psy-rdoq"": ""5.0"", ""qcomp"": ""1.0"", ""qpmax"": ""41"", ""qpmin"": ""1"", ""rc-lookahead"": ""41"", ""rd"": ""3"", ""rdoq-level"": ""0"", ""rect"": ""0"", ""ref"": ""4"", ""rskip"": ""1"", ""sao"": ""0"", ""scenecut"": ""79"", ""subme"": ""5"", ""tu-inter-depth"": ""4"", ""tu-intra-depth"": ""1"", ""weightb"": ""1"", ""weightp"": ""1"", ""wpp"": ""1""}"
x265,lf09_hard01,"lambda_f=0.9, hard=0.1",16034,RQ3,165,32.3,9.47,32.3,9.803136348724365,"['Standard', '320p', 30, '10s']",0.0,9.803042650222778,0.0,"{""amp"": ""1"", ""aq-mode"": ""2"", ""aq-strength"": ""1.5"", ""b-adapt"": ""1"", ""bframes"": ""0"", ""crf"": ""20.0"", ""ctu"": ""64"", ""keyint"": ""36"", ""limit-refs"": ""3"", ""limit-tu"": ""1"", ""me"": ""dia"", ""merange"": ""47"", ""open-gop"": ""0"", ""psy-rd"": ""0.0"", ""psy-rdoq"": ""3.5"", ""qcomp"": ""0.9"", ""qpmax"": ""42"", ""qpmin"": ""14"", ""rc-lookahead"": ""43"", ""rd"": ""3"", ""rdoq-level"": ""1"", ""rect"": ""0"", ""ref"": ""5"", ""rskip"": ""1"", ""sao"": ""1"", ""scenecut"": ""81"", ""subme"": ""4"", ""tu-inter-depth"": ""1"", ""tu-intra-depth"": ""1"", ""weightb"": ""0"", ""weightp"": ""0"", ""wpp"": ""1""}"
x265,lf09_hard01,"lambda_f=0.9, hard=0.1",16034,RQ3,166,37.4,8.18,37.4,8.523242235183716,"['Standard', '320p', 30, '10s']",0.0,8.523150444030762,0.0,"{""amp"": ""1"", ""aq-mode"": ""4"", ""aq-strength"": ""1.2"", ""b-adapt"": ""2"", ""bframes"": ""0"", ""crf"": ""28.0"", ""ctu"": ""32"", ""keyint"": ""61"", ""limit-refs"": ""2"", ""limit-tu"": ""0"", ""me"": ""star"", ""merange"": ""17"", ""open-gop"": ""0"", ""psy-rd"": ""0.5"", ""psy-rdoq"": ""0.0"", ""qcomp"": ""0.7"", ""qpmax"": ""34"", ""qpmin"": ""11"", ""rc-lookahead"": ""34"", ""rd"": ""4"", ""rdoq-level"": ""2"", ""rect"": ""1"", ""ref"": ""5"", ""rskip"": ""1"", ""sao"": ""0"", ""scenecut"": ""94"", ""subme"": ""4"", ""tu-inter-depth"": ""3"", ""tu-intra-depth"": ""2"", ""weightb"": ""1"", ""weightp"": ""0"", ""wpp"": ""0""}"
x265,lf09_hard01,"lambda_f=0.9, hard=0.1",16034,RQ3,167,75.14,4.1,75.14,4.438949346542358,"['Standard', '320p', 30, '10s']",0.0,4.438841104507446,0.0,"{""amp"": ""1"", ""aq-mode"": ""2"", ""aq-strength"": ""2.0"", ""b-adapt"": ""1"", ""bframes"": ""7"", ""crf"": ""30.0"", ""ctu"": ""64"", ""keyint"": ""251"", ""limit-refs"": ""2"", ""limit-tu"": ""3"", ""me"": ""hex"", ""merange"": ""20"", ""open-gop"": ""1"", ""psy-rd"": ""1.5"", ""psy-rdoq"": ""3.5"", ""qcomp"": ""0.7"", ""qpmax"": ""29"", ""qpmin"": ""10"", ""rc-lookahead"": ""59"", ""rd"": ""4"", ""rdoq-level"": ""0"", ""rect"": ""0"", ""ref"": ""2"", ""rskip"": ""1"", ""sao"": ""0"", ""scenecut"": ""77"", ""subme"": ""2"", ""tu-inter-depth"": ""4"", ""tu-intra-depth"": ""3"", ""weightb"": ""0"", ""weightp"": ""1"", ""wpp"": ""1""}"
x265,lf09_hard01,"lambda_f=0.9, hard=0.1",16034,RQ3,168,41.75,7.34,41.75,7.672741174697876,"['Standard', '320p', 30, '10s']",0.0,7.672652244567871,0.0,"{""amp"": ""1"", ""aq-mode"": ""4"", ""aq-strength"": ""2.0"", ""b-adapt"": ""0"", ""bframes"": ""2"", ""crf"": ""18.0"", ""ctu"": ""64"", ""keyint"": ""78"", ""limit-refs"": ""3"", ""limit-tu"": ""1"", ""me"": ""star"", ""merange"": ""50"", ""open-gop"": ""0"", ""psy-rd"": ""0.0"", ""psy-rdoq"": ""0.5"", ""qcomp"": ""0.6"", ""qpmax"": ""37"", ""qpmin"": ""7"", ""rc-lookahead"": ""58"", ""rd"": ""2"", ""rdoq-level"": ""1"", ""rect"": ""0"", ""ref"": ""1"", ""rskip"": ""0"", ""sao"": ""0"", ""scenecut"": ""25"", ""subme"": ""3"", ""tu-inter-depth"": ""3"", ""tu-intra-depth"": ""1"", ""weightb"": ""0"", ""weightp"": ""1"", ""wpp"": ""0""}"
x265,lf09_hard01,"lambda_f=0.9, hard=0.1",16034,RQ3,169,58.19,5.28,58.19,5.7874462604522705,"['Standard', '320p', 30, '10s']",0.0,5.787343740463257,0.0,"{""amp"": ""0"", ""aq-mode"": ""2"", ""aq-strength"": ""1.0"", ""b-adapt"": ""0"", ""bframes"": ""3"", ""crf"": ""22.0"", ""ctu"": ""32"", ""keyint"": ""142"", ""limit-refs"": ""0"", ""limit-tu"": ""0"", ""me"": ""star"", ""merange"": ""27"", ""open-gop"": ""1"", ""psy-rd"": ""0.0"", ""psy-rdoq"": ""2.0"", ""qcomp"": ""0.6"", ""qpmax"": ""21"", ""qpmin"": ""8"", ""rc-lookahead"": ""33"", ""rd"": ""1"", ""rdoq-level"": ""0"", ""rect"": ""0"", ""ref"": ""3"", ""rskip"": ""0"", ""sao"": ""0"", ""scenecut"": ""67"", ""subme"": ""1"", ""tu-inter-depth"": ""1"", ""tu-intra-depth"": ""1"", ""weightb"": ""0"", ""weightp"": ""1"", ""wpp"": ""1""}"
x265,lf09_hard01,"lambda_f=0.9, hard=0.1",16034,RQ3,170,11.86,25.69,11.86,26.0154128074646,"['Standard', '320p', 30, '10s']",0.0,26.01531171798706,0.0,"{""amp"": ""0"", ""aq-mode"": ""3"", ""aq-strength"": ""1.2"", ""b-adapt"": ""2"", ""bframes"": ""4"", ""crf"": ""28.0"", ""ctu"": ""64"", ""keyint"": ""101"", ""limit-refs"": ""0"", ""limit-tu"": ""4"", ""me"": ""star"", ""merange"": ""57"", ""open-gop"": ""1"", ""psy-rd"": ""3.5"", ""psy-rdoq"": ""0.5"", ""qcomp"": ""0.9"", ""qpmax"": ""41"", ""qpmin"": ""14"", ""rc-lookahead"": ""52"", ""rd"": ""5"", ""rdoq-level"": ""2"", ""rect"": ""0"", ""ref"": ""4"", ""rskip"": ""0"", ""sao"": ""0"", ""scenecut"": ""75"", ""subme"": ""4"", ""tu-inter-depth"": ""1"", ""tu-intra-depth"": ""2"", ""weightb"": ""1"", ""weightp"": ""0"", ""wpp"": ""1""}"
x265,lf09_hard01,"lambda_f=0.9, hard=0.1",16034,RQ3,171,57.32,5.36,57.32,5.705258846282959,"['Standard', '320p', 30, '10s']",0.0,5.705159425735474,0.0,"{""amp"": ""1"", ""aq-mode"": ""4"", ""aq-strength"": ""1.5"", ""b-adapt"": ""1"", ""bframes"": ""7"", ""crf"": ""28.0"", ""ctu"": ""16"", ""keyint"": ""422"", ""limit-refs"": ""0"", ""limit-tu"": ""1"", ""me"": ""umh"", ""merange"": ""41"", ""open-gop"": ""0"", ""psy-rd"": ""3.5"", ""psy-rdoq"": ""5.0"", ""qcomp"": ""0.9"", ""qpmax"": ""45"", ""qpmin"": ""17"", ""rc-lookahead"": ""53"", ""rd"": ""3"", ""rdoq-level"": ""1"", ""rect"": ""0"", ""ref"": ""4"", ""rskip"": ""1"", ""sao"": ""0"", ""scenecut"": ""16"", ""subme"": ""5"", ""tu-inter-depth"": ""3"", ""tu-intra-depth"": ""1"", ""weightb"": ""0"", ""weightp"": ""0"", ""wpp"": ""1""}"
x265,lf09_hard01,"lambda_f=0.9, hard=0.1",16034,RQ3,172,27.28,11.2,27.28,11.523765802383423,"['Standard', '320p', 30, '10s']",0.0,11.523672342300415,0.0,"{""amp"": ""1"", ""aq-mode"": ""2"", ""aq-strength"": ""0.5"", ""b-adapt"": ""0"", ""bframes"": ""3"", ""crf"": ""18.0"", ""ctu"": ""32"", ""keyint"": ""409"", ""limit-refs"": ""2"", ""limit-tu"": ""1"", ""me"": ""hex"", ""merange"": ""28"", ""open-gop"": ""0"", ""psy-rd"": ""0.5"", ""psy-rdoq"": ""3.5"", ""qcomp"": ""0.7"", ""qpmax"": ""45"", ""qpmin"": ""11"", ""rc-lookahead"": ""46"", ""rd"": ""4"", ""rdoq-level"": ""1"", ""rect"": ""1"", ""ref"": ""5"", ""rskip"": ""1"", ""sao"": ""1"", ""scenecut"": ""7"", ""subme"": ""2"", ""tu-inter-depth"": ""2"", ""tu-intra-depth"": ""4"", ""weightb"": ""0"", ""weightp"": ""1"", ""wpp"": ""0""}"
x265,lf09_hard01,"lambda_f=0.9, hard=0.1",16034,RQ3,173,124.15,2.5,124.15,2.8252925872802734,"['Standard', '320p', 30, '10s']",0.0,2.8251969814300537,0.0,"{""amp"": ""1"", ""aq-mode"": ""1"", ""aq-strength"": ""2.0"", ""b-adapt"": ""0"", ""bframes"": ""2"", ""crf"": ""32.0"", ""ctu"": ""64"", ""keyint"": ""50"", ""limit-refs"": ""3"", ""limit-tu"": ""2"", ""me"": ""hex"", ""merange"": ""16"", ""open-gop"": ""0"", ""psy-rd"": ""4.0"", ""psy-rdoq"": ""5.0"", ""qcomp"": ""1.0"", ""qpmax"": ""41"", ""qpmin"": ""1"", ""rc-lookahead"": ""42"", ""rd"": ""3"", ""rdoq-level"": ""0"", ""rect"": ""0"", ""ref"": ""4"", ""rskip"": ""1"", ""sao"": ""0"", ""scenecut"": ""2"", ""subme"": ""2"", ""tu-inter-depth"": ""2"", ""tu-intra-depth"": ""1"", ""weightb"": ""1"", ""weightp"": ""0"", ""wpp"": ""1""}"
x265,lf09_hard01,"lambda_f=0.9, hard=0.1",16034,RQ3,174,24.14,12.64,24.14,12.980205297470093,"['Standard', '320p', 30, '10s']",0.0,12.980111122131348,0.0,"{""amp"": ""0"", ""aq-mode"": ""3"", ""aq-strength"": ""1.2"", ""b-adapt"": ""1"", ""bframes"": ""8"", ""crf"": ""20.0"", ""ctu"": ""16"", ""keyint"": ""32"", ""limit-refs"": ""2"", ""limit-tu"": ""3"", ""me"": ""hex"", ""merange"": ""52"", ""open-gop"": ""0"", ""psy-rd"": ""2.5"", ""psy-rdoq"": ""4.0"", ""qcomp"": ""1.0"", ""qpmax"": ""40"", ""qpmin"": ""17"", ""rc-lookahead"": ""32"", ""rd"": ""4"", ""rdoq-level"": ""2"", ""rect"": ""1"", ""ref"": ""3"", ""rskip"": ""1"", ""sao"": ""1"", ""scenecut"": ""69"", ""subme"": ""3"", ""tu-inter-depth"": ""2"", ""tu-intra-depth"": ""1"", ""weightb"": ""0"", ""weightp"": ""1"", ""wpp"": ""0""}"
x265,lf09_hard01,"lambda_f=0.9, hard=0.1",16034,RQ3,175,59.28,5.23,59.28,5.783820390701294,"['Standard', '320p', 30, '10s']",0.0,5.7837159633636475,0.0,"{""amp"": ""0"", ""aq-mode"": ""2"", ""aq-strength"": ""1.0"", ""b-adapt"": ""2"", ""bframes"": ""4"", ""crf"": ""25.0"", ""ctu"": ""32"", ""keyint"": ""113"", ""limit-refs"": ""2"", ""limit-tu"": ""4"", ""me"": ""hex"", ""merange"": ""24"", ""open-gop"": ""1"", ""psy-rd"": ""0.0"", ""psy-rdoq"": ""4.0"", ""qcomp"": ""0.9"", ""qpmax"": ""44"", ""qpmin"": ""0"", ""rc-lookahead"": ""11"", ""rd"": ""3"", ""rdoq-level"": ""1"", ""rect"": ""0"", ""ref"": ""3"", ""rskip"": ""1"", ""sao"": ""0"", ""scenecut"": ""60"", ""subme"": ""4"", ""tu-inter-depth"": ""2"", ""tu-intra-depth"": ""3"", ""weightb"": ""1"", ""weightp"": ""1"", ""wpp"": ""0""}"
x265,lf09_hard01,"lambda_f=0.9, hard=0.1",16034,RQ3,176,91.06,3.4,91.06,3.7270095348358154,"['Standard', '320p', 30, '10s']",0.0,3.726914644241333,0.0,"{""amp"": ""1"", ""aq-mode"": ""3"", ""aq-strength"": ""2.0"", ""b-adapt"": ""2"", ""bframes"": ""2"", ""crf"": ""32.0"", ""ctu"": ""64"", ""keyint"": ""50"", ""limit-refs"": ""3"", ""limit-tu"": ""2"", ""me"": ""hex"", ""merange"": ""39"", ""open-gop"": ""0"", ""psy-rd"": ""4.0"", ""psy-rdoq"": ""5.0"", ""qcomp"": ""1.0"", ""qpmax"": ""41"", ""qpmin"": ""15"", ""rc-lookahead"": ""32"", ""rd"": ""4"", ""rdoq-level"": ""0"", ""rect"": ""0"", ""ref"": ""4"", ""rskip"": ""1"", ""sao"": ""0"", ""scenecut"": ""58"", ""subme"": ""2"", ""tu-inter-depth"": ""2"", ""tu-intra-depth"": ""1"", ""weightb"": ""1"", ""weightp"": ""0"", ""wpp"": ""1""}"
x265,lf09_hard01,"lambda_f=0.9, hard=0.1",16034,RQ3,177,92.45,3.34,92.45,3.671071767807007,"['Standard', '320p', 30, '10s']",0.0,3.6709773540496826,0.0,"{""amp"": ""0"", ""aq-mode"": ""0"", ""aq-strength"": ""0.0"", ""b-adapt"": ""0"", ""bframes"": ""8"", ""crf"": ""32.0"", ""ctu"": ""32"", ""keyint"": ""287"", ""limit-refs"": ""0"", ""limit-tu"": ""3"", ""me"": ""star"", ""merange"": ""39"", ""open-gop"": ""0"", ""psy-rd"": ""1.0"", ""psy-rdoq"": ""4.0"", ""qcomp"": ""0.75"", ""qpmax"": ""39"", ""qpmin"": ""16"", ""rc-lookahead"": ""50"", ""rd"": ""3"", ""rdoq-level"": ""0"", ""rect"": ""0"", ""ref"": ""2"", ""rskip"": ""0"", ""sao"": ""0"", ""scenecut"": ""8"", ""subme"": ""3"", ""tu-inter-depth"": ""1"", ""tu-intra-depth"": ""4"", ""weightb"": ""1"", ""weightp"": ""0"", ""wpp"": ""1""}"
x265,lf09_hard01,"lambda_f=0.9, hard=0.1",16034,RQ3,178,4.53,67.1,4.53,67.44993209838867,"['Standard', '320p', 30, '10s']",0.0,67.44982957839966,0.0,"{""amp"": ""0"", ""aq-mode"": ""1"", ""aq-strength"": ""0.8"", ""b-adapt"": ""1"", ""bframes"": ""3"", ""crf"": ""25.0"", ""ctu"": ""16"", ""keyint"": ""398"", ""limit-refs"": ""2"", ""limit-tu"": ""2"", ""me"": ""full"", ""merange"": ""33"", ""open-gop"": ""0"", ""psy-rd"": ""0.0"", ""psy-rdoq"": ""3.0"", ""qcomp"": ""0.8"", ""qpmax"": ""33"", ""qpmin"": ""12"", ""rc-lookahead"": ""27"", ""rd"": ""5"", ""rdoq-level"": ""1"", ""rect"": ""0"", ""ref"": ""4"", ""rskip"": ""1"", ""sao"": ""1"", ""scenecut"": ""34"", ""subme"": ""2"", ""tu-inter-depth"": ""3"", ""tu-intra-depth"": ""1"", ""weightb"": ""1"", ""weightp"": ""0"", ""wpp"": ""1""}"
x265,lf09_hard01,"lambda_f=0.9, hard=0.1",16034,RQ3,179,44.77,6.85,44.77,7.179375886917114,"['Standard', '320p', 30, '10s']",0.0,7.179275751113892,0.0,"{""amp"": ""0"", ""aq-mode"": ""0"", ""aq-strength"": ""2.0"", ""b-adapt"": ""1"", ""bframes"": ""7"", ""crf"": ""28.0"", ""ctu"": ""64"", ""keyint"": ""351"", ""limit-refs"": ""2"", ""limit-tu"": ""3"", ""me"": ""hex"", ""merange"": ""16"", ""open-gop"": ""0"", ""psy-rd"": ""2.0"", ""psy-rdoq"": ""5.0"", ""qcomp"": ""0.7"", ""qpmax"": ""36"", ""qpmin"": ""3"", ""rc-lookahead"": ""19"", ""rd"": ""5"", ""rdoq-level"": ""0"", ""rect"": ""0"", ""ref"": ""1"", ""rskip"": ""1"", ""sao"": ""0"", ""scenecut"": ""10"", ""subme"": ""2"", ""tu-inter-depth"": ""3"", ""tu-intra-depth"": ""3"", ""weightb"": ""0"", ""weightp"": ""1"", ""wpp"": ""1""}"
x265,lf09_hard01,"lambda_f=0.9, hard=0.1",16034,RQ3,180,25.09,12.17,25.09,12.511960744857788,"['Standard', '320p', 30, '10s']",0.0,12.511852025985718,0.0,"{""amp"": ""0"", ""aq-mode"": ""2"", ""aq-strength"": ""1.0"", ""b-adapt"": ""1"", ""bframes"": ""5"", ""crf"": ""32.0"", ""ctu"": ""32"", ""keyint"": ""31"", ""limit-refs"": ""3"", ""limit-tu"": ""1"", ""me"": ""umh"", ""merange"": ""62"", ""open-gop"": ""0"", ""psy-rd"": ""0.5"", ""psy-rdoq"": ""0.0"", ""qcomp"": ""0.8"", ""qpmax"": ""23"", ""qpmin"": ""4"", ""rc-lookahead"": ""45"", ""rd"": ""3"", ""rdoq-level"": ""1"", ""rect"": ""1"", ""ref"": ""1"", ""rskip"": ""0"", ""sao"": ""1"", ""scenecut"": ""12"", ""subme"": ""1"", ""tu-inter-depth"": ""2"", ""tu-intra-depth"": ""2"", ""weightb"": ""0"", ""weightp"": ""1"", ""wpp"": ""1""}"
x265,lf09_hard01,"lambda_f=0.9, hard=0.1",16034,RQ3,181,24.37,12.52,24.37,12.84974980354309,"['Standard', '320p', 30, '10s']",0.0,12.84965205192566,0.0,"{""amp"": ""0"", ""aq-mode"": ""2"", ""aq-strength"": ""1.8"", ""b-adapt"": ""1"", ""bframes"": ""8"", ""crf"": ""20.0"", ""ctu"": ""32"", ""keyint"": ""239"", ""limit-refs"": ""1"", ""limit-tu"": ""4"", ""me"": ""hex"", ""merange"": ""23"", ""open-gop"": ""1"", ""psy-rd"": ""2.5"", ""psy-rdoq"": ""5.0"", ""qcomp"": ""0.5"", ""qpmax"": ""27"", ""qpmin"": ""12"", ""rc-lookahead"": ""29"", ""rd"": ""4"", ""rdoq-level"": ""1"", ""rect"": ""1"", ""ref"": ""4"", ""rskip"": ""0"", ""sao"": ""0"", ""scenecut"": ""7"", ""subme"": ""2"", ""tu-inter-depth"": ""3"", ""tu-intra-depth"": ""2"", ""weightb"": ""1"", ""weightp"": ""1"", ""wpp"": ""1""}"
x265,lf09_hard01,"lambda_f=0.9, hard=0.1",16034,RQ3,182,50.05,6.13,50.05,6.54178524017334,"['Standard', '320p', 30, '10s']",0.0,6.541640996932983,0.0,"{""amp"": ""0"", ""aq-mode"": ""0"", ""aq-strength"": ""1.2"", ""b-adapt"": ""0"", ""bframes"": ""5"", ""crf"": ""25.0"", ""ctu"": ""16"", ""keyint"": ""499"", ""limit-refs"": ""0"", ""limit-tu"": ""0"", ""me"": ""star"", ""merange"": ""55"", ""open-gop"": ""1"", ""psy-rd"": ""3.5"", ""psy-rdoq"": ""4.0"", ""qcomp"": ""0.5"", ""qpmax"": ""27"", ""qpmin"": ""1"", ""rc-lookahead"": ""55"", ""rd"": ""3"", ""rdoq-level"": ""1"", ""rect"": ""0"", ""ref"": ""1"", ""rskip"": ""1"", ""sao"": ""1"", ""scenecut"": ""30"", ""subme"": ""1"", ""tu-inter-depth"": ""1"", ""tu-intra-depth"": ""1"", ""weightb"": ""1"", ""weightp"": ""1"", ""wpp"": ""1""}"
x265,lf09_hard01,"lambda_f=0.9, hard=0.1",16034,RQ3,183,13.53,22.52,13.53,22.86669635772705,"['Standard', '320p', 30, '10s']",0.0,22.866592407226562,0.0,"{""amp"": ""0"", ""aq-mode"": ""3"", ""aq-strength"": ""1.0"", ""b-adapt"": ""2"", ""bframes"": ""5"", ""crf"": ""32.0"", ""ctu"": ""32"", ""keyint"": ""84"", ""limit-refs"": ""2"", ""limit-tu"": ""1"", ""me"": ""dia"", ""merange"": ""18"", ""open-gop"": ""1"", ""psy-rd"": ""0.0"", ""psy-rdoq"": ""4.0"", ""qcomp"": ""0.9"", ""qpmax"": ""23"", ""qpmin"": ""1"", ""rc-lookahead"": ""34"", ""rd"": ""6"", ""rdoq-level"": ""0"", ""rect"": ""1"", ""ref"": ""1"", ""rskip"": ""0"", ""sao"": ""1"", ""scenecut"": ""23"", ""subme"": ""1"", ""tu-inter-depth"": ""3"", ""tu-intra-depth"": ""3"", ""weightb"": ""0"", ""weightp"": ""0"", ""wpp"": ""0""}"
x265,lf09_hard01,"lambda_f=0.9, hard=0.1",16034,RQ3,184,5.56,54.73,5.56,55.076016664505005,"['Standard', '320p', 30, '10s']",0.0,55.075918197631836,0.0,"{""amp"": ""0"", ""aq-mode"": ""3"", ""aq-strength"": ""1.5"", ""b-adapt"": ""1"", ""bframes"": ""4"", ""crf"": ""22.0"", ""ctu"": ""32"", ""keyint"": ""453"", ""limit-refs"": ""0"", ""limit-tu"": ""4"", ""me"": ""dia"", ""merange"": ""22"", ""open-gop"": ""1"", ""psy-rd"": ""3.0"", ""psy-rdoq"": ""3.0"", ""qcomp"": ""0.9"", ""qpmax"": ""23"", ""qpmin"": ""16"", ""rc-lookahead"": ""39"", ""rd"": ""5"", ""rdoq-level"": ""1"", ""rect"": ""1"", ""ref"": ""4"", ""rskip"": ""1"", ""sao"": ""0"", ""scenecut"": ""56"", ""subme"": ""5"", ""tu-inter-depth"": ""2"", ""tu-intra-depth"": ""2"", ""weightb"": ""0"", ""weightp"": ""1"", ""wpp"": ""1""}"
x265,lf09_hard01,"lambda_f=0.9, hard=0.1",16034,RQ3,185,24.48,12.47,24.48,12.809581995010376,"['Standard', '320p', 30, '10s']",0.0,12.809486865997314,0.0,"{""amp"": ""1"", ""aq-mode"": ""4"", ""aq-strength"": ""1.2"", ""b-adapt"": ""2"", ""bframes"": ""3"", ""crf"": ""25.0"", ""ctu"": ""32"", ""keyint"": ""193"", ""limit-refs"": ""1"", ""limit-tu"": ""3"", ""me"": ""dia"", ""merange"": ""30"", ""open-gop"": ""1"", ""psy-rd"": ""2.5"", ""psy-rdoq"": ""1.5"", ""qcomp"": ""0.75"", ""qpmax"": ""28"", ""qpmin"": ""20"", ""rc-lookahead"": ""54"", ""rd"": ""3"", ""rdoq-level"": ""2"", ""rect"": ""1"", ""ref"": ""6"", ""rskip"": ""1"", ""sao"": ""1"", ""scenecut"": ""78"", ""subme"": ""4"", ""tu-inter-depth"": ""4"", ""tu-intra-depth"": ""3"", ""weightb"": ""0"", ""weightp"": ""1"", ""wpp"": ""1""}"
x265,lf09_hard01,"lambda_f=0.9, hard=0.1",16034,RQ3,186,7.48,40.71,7.48,41.039069414138794,"['Standard', '320p', 30, '10s']",0.0,41.038973569869995,0.0,"{""amp"": ""0"", ""aq-mode"": ""2"", ""aq-strength"": ""1.0"", ""b-adapt"": ""0"", ""bframes"": ""4"", ""crf"": ""20.0"", ""ctu"": ""64"", ""keyint"": ""417"", ""limit-refs"": ""1"", ""limit-tu"": ""2"", ""me"": ""dia"", ""merange"": ""55"", ""open-gop"": ""0"", ""psy-rd"": ""1.0"", ""psy-rdoq"": ""0.0"", ""qcomp"": ""0.7"", ""qpmax"": ""44"", ""qpmin"": ""3"", ""rc-lookahead"": ""55"", ""rd"": ""5"", ""rdoq-level"": ""2"", ""rect"": ""1"", ""ref"": ""4"", ""rskip"": ""0"", ""sao"": ""0"", ""scenecut"": ""75"", ""subme"": ""5"", ""tu-inter-depth"": ""1"", ""tu-intra-depth"": ""4"", ""weightb"": ""1"", ""weightp"": ""1"", ""wpp"": ""1""}"
x265,lf09_hard01,"lambda_f=0.9, hard=0.1",16034,RQ3,187,51.34,5.97,51.34,6.317754745483398,"['Standard', '320p', 30, '10s']",0.0,6.317664384841919,0.0,"{""amp"": ""0"", ""aq-mode"": ""0"", ""aq-strength"": ""1.0"", ""b-adapt"": ""0"", ""bframes"": ""0"", ""crf"": ""32.0"", ""ctu"": ""16"", ""keyint"": ""162"", ""limit-refs"": ""2"", ""limit-tu"": ""2"", ""me"": ""umh"", ""merange"": ""24"", ""open-gop"": ""0"", ""psy-rd"": ""1.0"", ""psy-rdoq"": ""3.5"", ""qcomp"": ""0.5"", ""qpmax"": ""31"", ""qpmin"": ""11"", ""rc-lookahead"": ""12"", ""rd"": ""3"", ""rdoq-level"": ""0"", ""rect"": ""1"", ""ref"": ""2"", ""rskip"": ""1"", ""sao"": ""0"", ""scenecut"": ""73"", ""subme"": ""4"", ""tu-inter-depth"": ""1"", ""tu-intra-depth"": ""2"", ""weightb"": ""0"", ""weightp"": ""0"", ""wpp"": ""0""}"
x265,lf09_hard01,"lambda_f=0.9, hard=0.1",16034,RQ3,188,34.69,8.82,34.69,9.148921012878418,"['Standard', '320p', 30, '10s']",0.0,9.148820400238037,0.0,"{""amp"": ""1"", ""aq-mode"": ""0"", ""aq-strength"": ""0.0"", ""b-adapt"": ""0"", ""bframes"": ""3"", ""crf"": ""25.0"", ""ctu"": ""32"", ""keyint"": ""176"", ""limit-refs"": ""2"", ""limit-tu"": ""0"", ""me"": ""star"", ""merange"": ""41"", ""open-gop"": ""1"", ""psy-rd"": ""0.5"", ""psy-rdoq"": ""2.5"", ""qcomp"": ""0.75"", ""qpmax"": ""25"", ""qpmin"": ""0"", ""rc-lookahead"": ""20"", ""rd"": ""4"", ""rdoq-level"": ""1"", ""rect"": ""0"", ""ref"": ""5"", ""rskip"": ""0"", ""sao"": ""1"", ""scenecut"": ""91"", ""subme"": ""5"", ""tu-inter-depth"": ""1"", ""tu-intra-depth"": ""1"", ""weightb"": ""1"", ""weightp"": ""0"", ""wpp"": ""0""}"
x265,lf09_hard01,"lambda_f=0.9, hard=0.1",16034,RQ3,189,34.71,8.81,34.71,9.14898157119751,"['Standard', '320p', 30, '10s']",0.0,9.148864030838013,0.0,"{""amp"": ""1"", ""aq-mode"": ""0"", ""aq-strength"": ""1.5"", ""b-adapt"": ""0"", ""bframes"": ""4"", ""crf"": ""20.0"", ""ctu"": ""32"", ""keyint"": ""72"", ""limit-refs"": ""1"", ""limit-tu"": ""1"", ""me"": ""hex"", ""merange"": ""17"", ""open-gop"": ""0"", ""psy-rd"": ""4.0"", ""psy-rdoq"": ""1.0"", ""qcomp"": ""0.7"", ""qpmax"": ""21"", ""qpmin"": ""5"", ""rc-lookahead"": ""17"", ""rd"": ""3"", ""rdoq-level"": ""0"", ""rect"": ""0"", ""ref"": ""4"", ""rskip"": ""0"", ""sao"": ""0"", ""scenecut"": ""15"", ""subme"": ""2"", ""tu-inter-depth"": ""3"", ""tu-intra-depth"": ""4"", ""weightb"": ""0"", ""weightp"": ""0"", ""wpp"": ""0""}"
x265,lf09_hard01,"lambda_f=0.9, hard=0.1",16034,RQ3,190,79.9,3.9,79.9,4.463627815246582,"['Standard', '320p', 30, '10s']",0.0,4.4635233879089355,0.0,"{""amp"": ""0"", ""aq-mode"": ""4"", ""aq-strength"": ""0.8"", ""b-adapt"": ""0"", ""bframes"": ""4"", ""crf"": ""30.0"", ""ctu"": ""32"", ""keyint"": ""234"", ""limit-refs"": ""2"", ""limit-tu"": ""1"", ""me"": ""star"", ""merange"": ""62"", ""open-gop"": ""1"", ""psy-rd"": ""3.5"", ""psy-rdoq"": ""1.5"", ""qcomp"": ""0.75"", ""qpmax"": ""40"", ""qpmin"": ""7"", ""rc-lookahead"": ""25"", ""rd"": ""4"", ""rdoq-level"": ""2"", ""rect"": ""0"", ""ref"": ""5"", ""rskip"": ""1"", ""sao"": ""0"", ""scenecut"": ""61"", ""subme"": ""3"", ""tu-inter-depth"": ""1"", ""tu-intra-depth"": ""2"", ""weightb"": ""0"", ""weightp"": ""1"", ""wpp"": ""1""}"
x265,lf09_hard01,"lambda_f=0.9, hard=0.1",16034,RQ3,191,31.45,9.72,31.45,10.062153816223145,"['Standard', '320p', 30, '10s']",0.0,10.062058687210083,0.0,"{""amp"": ""1"", ""aq-mode"": ""3"", ""aq-strength"": ""1.0"", ""b-adapt"": ""2"", ""bframes"": ""5"", ""crf"": ""22.0"", ""ctu"": ""32"", ""keyint"": ""334"", ""limit-refs"": ""1"", ""limit-tu"": ""3"", ""me"": ""dia"", ""merange"": ""54"", ""open-gop"": ""1"", ""psy-rd"": ""2.5"", ""psy-rdoq"": ""2.0"", ""qcomp"": ""0.8"", ""qpmax"": ""46"", ""qpmin"": ""7"", ""rc-lookahead"": ""60"", ""rd"": ""3"", ""rdoq-level"": ""1"", ""rect"": ""1"", ""ref"": ""1"", ""rskip"": ""1"", ""sao"": ""1"", ""scenecut"": ""2"", ""subme"": ""5"", ""tu-inter-depth"": ""3"", ""tu-intra-depth"": ""2"", ""weightb"": ""0"", ""weightp"": ""0"", ""wpp"": ""0""}"
x265,lf09_hard01,"lambda_f=0.9, hard=0.1",16034,RQ3,192,75.02,4.1,75.02,4.431026220321655,"['Standard', '320p', 30, '10s']",0.0,4.430933237075806,0.0,"{""amp"": ""0"", ""aq-mode"": ""3"", ""aq-strength"": ""0.0"", ""b-adapt"": ""1"", ""bframes"": ""1"", ""crf"": ""32.0"", ""ctu"": ""32"", ""keyint"": ""134"", ""limit-refs"": ""0"", ""limit-tu"": ""3"", ""me"": ""umh"", ""merange"": ""35"", ""open-gop"": ""1"", ""psy-rd"": ""4.0"", ""psy-rdoq"": ""0.5"", ""qcomp"": ""0.9"", ""qpmax"": ""41"", ""qpmin"": ""16"", ""rc-lookahead"": ""28"", ""rd"": ""4"", ""rdoq-level"": ""0"", ""rect"": ""1"", ""ref"": ""4"", ""rskip"": ""1"", ""sao"": ""1"", ""scenecut"": ""43"", ""subme"": ""1"", ""tu-inter-depth"": ""4"", ""tu-intra-depth"": ""3"", ""weightb"": ""1"", ""weightp"": ""0"", ""wpp"": ""1""}"
x265,lf09_hard01,"lambda_f=0.9, hard=0.1",16034,RQ3,193,84.8,3.64,84.8,3.9908957481384277,"['Standard', '320p', 30, '10s']",0.0,3.990802764892578,0.0,"{""amp"": ""1"", ""aq-mode"": ""2"", ""aq-strength"": ""2.0"", ""b-adapt"": ""0"", ""bframes"": ""2"", ""crf"": ""28.0"", ""ctu"": ""32"", ""keyint"": ""487"", ""limit-refs"": ""3"", ""limit-tu"": ""2"", ""me"": ""hex"", ""merange"": ""49"", ""open-gop"": ""1"", ""psy-rd"": ""1.5"", ""psy-rdoq"": ""4.5"", ""qcomp"": ""0.8"", ""qpmax"": ""48"", ""qpmin"": ""2"", ""rc-lookahead"": ""42"", ""rd"": ""4"", ""rdoq-level"": ""0"", ""rect"": ""0"", ""ref"": ""4"", ""rskip"": ""0"", ""sao"": ""1"", ""scenecut"": ""55"", ""subme"": ""2"", ""tu-inter-depth"": ""4"", ""tu-intra-depth"": ""1"", ""weightb"": ""1"", ""weightp"": ""1"", ""wpp"": ""1""}"
x265,lf09_hard01,"lambda_f=0.9, hard=0.1",16034,RQ3,194,11.86,25.68,11.86,26.014657497406006,"['Standard', '320p', 30, '10s']",0.0,26.014557600021362,0.0,"{""amp"": ""0"", ""aq-mode"": ""3"", ""aq-strength"": ""1.5"", ""b-adapt"": ""0"", ""bframes"": ""3"", ""crf"": ""30.0"", ""ctu"": ""64"", ""keyint"": ""312"", ""limit-refs"": ""0"", ""limit-tu"": ""3"", ""me"": ""star"", ""merange"": ""43"", ""open-gop"": ""0"", ""psy-rd"": ""0.5"", ""psy-rdoq"": ""4.5"", ""qcomp"": ""0.75"", ""qpmax"": ""30"", ""qpmin"": ""9"", ""rc-lookahead"": ""55"", ""rd"": ""5"", ""rdoq-level"": ""1"", ""rect"": ""1"", ""ref"": ""4"", ""rskip"": ""1"", ""sao"": ""1"", ""scenecut"": ""74"", ""subme"": ""4"", ""tu-inter-depth"": ""2"", ""tu-intra-depth"": ""2"", ""weightb"": ""1"", ""weightp"": ""0"", ""wpp"": ""1""}"
x265,lf09_hard01,"lambda_f=0.9, hard=0.1",16034,RQ3,195,26.39,11.58,26.39,11.973393201828003,"['Standard', '320p', 30, '10s']",0.0,11.973242998123169,0.0,"{""amp"": ""1"", ""aq-mode"": ""0"", ""aq-strength"": ""0.5"", ""b-adapt"": ""2"", ""bframes"": ""6"", ""crf"": ""25.0"", ""ctu"": ""32"", ""keyint"": ""461"", ""limit-refs"": ""2"", ""limit-tu"": ""4"", ""me"": ""hex"", ""merange"": ""50"", ""open-gop"": ""1"", ""psy-rd"": ""0.0"", ""psy-rdoq"": ""0.5"", ""qcomp"": ""1.0"", ""qpmax"": ""30"", ""qpmin"": ""1"", ""rc-lookahead"": ""25"", ""rd"": ""3"", ""rdoq-level"": ""2"", ""rect"": ""1"", ""ref"": ""4"", ""rskip"": ""0"", ""sao"": ""1"", ""scenecut"": ""96"", ""subme"": ""5"", ""tu-inter-depth"": ""1"", ""tu-intra-depth"": ""4"", ""weightb"": ""1"", ""weightp"": ""0"", ""wpp"": ""0""}"
x265,lf09_hard01,"lambda_f=0.9, hard=0.1",16034,RQ3,196,12.51,24.34,12.51,24.859992027282715,"['Standard', '320p', 30, '10s']",0.0,24.859879970550537,0.0,"{""amp"": ""0"", ""aq-mode"": ""0"", ""aq-strength"": ""1.5"", ""b-adapt"": ""1"", ""bframes"": ""8"", ""crf"": ""22.0"", ""ctu"": ""32"", ""keyint"": ""368"", ""limit-refs"": ""3"", ""limit-tu"": ""2"", ""me"": ""umh"", ""merange"": ""37"", ""open-gop"": ""0"", ""psy-rd"": ""1.0"", ""psy-rdoq"": ""1.0"", ""qcomp"": ""0.75"", ""qpmax"": ""23"", ""qpmin"": ""14"", ""rc-lookahead"": ""22"", ""rd"": ""5"", ""rdoq-level"": ""0"", ""rect"": ""1"", ""ref"": ""3"", ""rskip"": ""1"", ""sao"": ""1"", ""scenecut"": ""1"", ""subme"": ""4"", ""tu-inter-depth"": ""3"", ""tu-intra-depth"": ""2"", ""weightb"": ""0"", ""weightp"": ""1"", ""wpp"": ""1""}"
x265,lf09_hard01,"lambda_f=0.9, hard=0.1",16034,RQ3,197,31.07,9.89,31.07,10.241750240325928,"['Standard', '320p', 30, '10s']",0.0,10.241605281829834,0.0,"{""amp"": ""0"", ""aq-mode"": ""2"", ""aq-strength"": ""1.5"", ""b-adapt"": ""2"", ""bframes"": ""5"", ""crf"": ""25.0"", ""ctu"": ""64"", ""keyint"": ""401"", ""limit-refs"": ""3"", ""limit-tu"": ""2"", ""me"": ""hex"", ""merange"": ""53"", ""open-gop"": ""1"", ""psy-rd"": ""2.0"", ""psy-rdoq"": ""1.5"", ""qcomp"": ""0.8"", ""qpmax"": ""26"", ""qpmin"": ""0"", ""rc-lookahead"": ""40"", ""rd"": ""4"", ""rdoq-level"": ""2"", ""rect"": ""0"", ""ref"": ""4"", ""rskip"": ""1"", ""sao"": ""1"", ""scenecut"": ""53"", ""subme"": ""4"", ""tu-inter-depth"": ""4"", ""tu-intra-depth"": ""1"", ""weightb"": ""0"", ""weightp"": ""1"", ""wpp"": ""1""}"
x265,lf09_hard01,"lambda_f=0.9, hard=0.1",16034,RQ3,198,10.59,28.77,10.59,29.111977100372314,"['Standard', '320p', 30, '10s']",0.0,29.111870288848877,0.0,"{""amp"": ""0"", ""aq-mode"": ""2"", ""aq-strength"": ""1.5"", ""b-adapt"": ""0"", ""bframes"": ""1"", ""crf"": ""18.0"", ""ctu"": ""16"", ""keyint"": ""416"", ""limit-refs"": ""3"", ""limit-tu"": ""3"", ""me"": ""umh"", ""merange"": ""34"", ""open-gop"": ""1"", ""psy-rd"": ""1.0"", ""psy-rdoq"": ""2.5"", ""qcomp"": ""0.7"", ""qpmax"": ""24"", ""qpmin"": ""5"", ""rc-lookahead"": ""47"", ""rd"": ""5"", ""rdoq-level"": ""2"", ""rect"": ""0"", ""ref"": ""4"", ""rskip"": ""1"", ""sao"": ""1"", ""scenecut"": ""21"", ""subme"": ""2"", ""tu-inter-depth"": ""3"", ""tu-intra-depth"": ""3"", ""weightb"": ""1"", ""weightp"": ""0"", ""wpp"": ""0""}"
x265,lf09_hard01,"lambda_f=0.9, hard=0.1",16034,RQ3,199,31.34,9.76,31.34,10.104714632034302,"['Standard', '320p', 30, '10s']",0.0,10.104618549346924,0.0,"{""amp"": ""0"", ""aq-mode"": ""2"", ""aq-strength"": ""0.0"", ""b-adapt"": ""0"", ""bframes"": ""0"", ""crf"": ""30.0"", ""ctu"": ""64"", ""keyint"": ""344"", ""limit-refs"": ""0"", ""limit-tu"": ""3"", ""me"": ""dia"", ""merange"": ""23"", ""open-gop"": ""0"", ""psy-rd"": ""0.5"", ""psy-rdoq"": ""2.0"", ""qcomp"": ""0.9"", ""qpmax"": ""21"", ""qpmin"": ""0"", ""rc-lookahead"": ""57"", ""rd"": ""3"", ""rdoq-level"": ""0"", ""rect"": ""0"", ""ref"": ""1"", ""rskip"": ""0"", ""sao"": ""1"", ""scenecut"": ""99"", ""subme"": ""2"", ""tu-inter-depth"": ""4"", ""tu-intra-depth"": ""2"", ""weightb"": ""0"", ""weightp"": ""0"", ""wpp"": ""0""}"
x265,lf09_hard01,"lambda_f=0.9, hard=0.1",16034,RQ3,200,36.41,8.41,36.41,8.743940353393555,"['Standard', '320p', 30, '10s']",0.0,8.743847131729126,0.0,"{""amp"": ""0"", ""aq-mode"": ""1"", ""aq-strength"": ""0.0"", ""b-adapt"": ""1"", ""bframes"": ""7"", ""crf"": ""22.0"", ""ctu"": ""32"", ""keyint"": ""455"", ""limit-refs"": ""2"", ""limit-tu"": ""3"", ""me"": ""umh"", ""merange"": ""43"", ""open-gop"": ""0"", ""psy-rd"": ""3.0"", ""psy-rdoq"": ""1.0"", ""qcomp"": ""0.9"", ""qpmax"": ""50"", ""qpmin"": ""13"", ""rc-lookahead"": ""49"", ""rd"": ""4"", ""rdoq-level"": ""1"", ""rect"": ""0"", ""ref"": ""4"", ""rskip"": ""0"", ""sao"": ""1"", ""scenecut"": ""48"", ""subme"": ""2"", ""tu-inter-depth"": ""3"", ""tu-intra-depth"": ""2"", ""weightb"": ""0"", ""weightp"": ""0"", ""wpp"": ""0""}"
x265,lf09_hard01,"lambda_f=0.9, hard=0.1",16035,RQ3,1,59.12,5.23,59.12,5.744459390640259,"['Standard', '320p', 30, '10s']",0.0,5.74316930770874,0.0,"{""amp"": ""1"", ""aq-mode"": ""2"", ""aq-strength"": ""1.0"", ""b-adapt"": ""2"", ""bframes"": ""4"", ""crf"": ""28.0"", ""ctu"": ""64"", ""keyint"": ""250"", ""limit-refs"": ""3"", ""limit-tu"": ""0"", ""me"": ""hex"", ""merange"": ""57"", ""open-gop"": ""1"", ""psy-rd"": ""2.0"", ""psy-rdoq"": ""1.0"", ""qcomp"": ""0.6"", ""qpmax"": ""51"", ""qpmin"": ""0"", ""rc-lookahead"": ""20"", ""rd"": ""3"", ""rdoq-level"": ""1"", ""rect"": ""1"", ""ref"": ""3"", ""rskip"": ""1"", ""sao"": ""1"", ""scenecut"": ""40"", ""subme"": ""2"", ""tu-inter-depth"": ""1"", ""tu-intra-depth"": ""1"", ""weightb"": ""0"", ""weightp"": ""1"", ""wpp"": ""1""}"
x265,lf09_hard01,"lambda_f=0.9, hard=0.1",16035,RQ3,2,59.99,5.15,59.99,5.54500412940979,"['Standard', '320p', 30, '10s']",0.0,5.544915437698364,0.0,"{""amp"": ""1"", ""aq-mode"": ""2"", ""aq-strength"": ""1.0"", ""b-adapt"": ""2"", ""bframes"": ""4"", ""crf"": ""28.0"", ""ctu"": ""16"", ""keyint"": ""250"", ""limit-refs"": ""3"", ""limit-tu"": ""0"", ""me"": ""hex"", ""merange"": ""57"", ""open-gop"": ""1"", ""psy-rd"": ""2.0"", ""psy-rdoq"": ""1.0"", ""qcomp"": ""0.6"", ""qpmax"": ""51"", ""qpmin"": ""0"", ""rc-lookahead"": ""20"", ""rd"": ""3"", ""rdoq-level"": ""1"", ""rect"": ""1"", ""ref"": ""3"", ""rskip"": ""0"", ""sao"": ""1"", ""scenecut"": ""40"", ""subme"": ""2"", ""tu-inter-depth"": ""1"", ""tu-intra-depth"": ""1"", ""weightb"": ""0"", ""weightp"": ""1"", ""wpp"": ""1""}"
x265,lf09_hard01,"lambda_f=0.9, hard=0.1",16035,RQ3,3,90.71,3.44,90.71,3.8425722122192383,"['Standard', '320p', 30, '10s']",0.0,3.8424904346466064,0.0,"{""amp"": ""1"", ""aq-mode"": ""2"", ""aq-strength"": ""1.0"", ""b-adapt"": ""2"", ""bframes"": ""4"", ""crf"": ""28.0"", ""ctu"": ""64"", ""keyint"": ""250"", ""limit-refs"": ""3"", ""limit-tu"": ""0"", ""me"": ""hex"", ""merange"": ""57"", ""open-gop"": ""1"", ""psy-rd"": ""0.5"", ""psy-rdoq"": ""1.0"", ""qcomp"": ""0.6"", ""qpmax"": ""51"", ""qpmin"": ""0"", ""rc-lookahead"": ""20"", ""rd"": ""1"", ""rdoq-level"": ""1"", ""rect"": ""1"", ""ref"": ""3"", ""rskip"": ""1"", ""sao"": ""1"", ""scenecut"": ""40"", ""subme"": ""2"", ""tu-inter-depth"": ""1"", ""tu-intra-depth"": ""1"", ""weightb"": ""0"", ""weightp"": ""1"", ""wpp"": ""1""}"
x265,lf09_hard01,"lambda_f=0.9, hard=0.1",16035,RQ3,4,92.03,3.39,92.03,3.772439479827881,"['Standard', '320p', 30, '10s']",0.0,3.7723541259765625,0.0,"{""amp"": ""1"", ""aq-mode"": ""2"", ""aq-strength"": ""1.0"", ""b-adapt"": ""2"", ""bframes"": ""4"", ""crf"": ""28.0"", ""ctu"": ""64"", ""keyint"": ""250"", ""limit-refs"": ""3"", ""limit-tu"": ""0"", ""me"": ""hex"", ""merange"": ""57"", ""open-gop"": ""1"", ""psy-rd"": ""1.0"", ""psy-rdoq"": ""1.0"", ""qcomp"": ""0.6"", ""qpmax"": ""51"", ""qpmin"": ""0"", ""rc-lookahead"": ""20"", ""rd"": ""1"", ""rdoq-level"": ""1"", ""rect"": ""1"", ""ref"": ""3"", ""rskip"": ""1"", ""sao"": ""1"", ""scenecut"": ""40"", ""subme"": ""2"", ""tu-inter-depth"": ""1"", ""tu-intra-depth"": ""1"", ""weightb"": ""0"", ""weightp"": ""1"", ""wpp"": ""1""}"
x265,lf09_hard01,"lambda_f=0.9, hard=0.1",16035,RQ3,5,80.62,3.86,80.62,4.259278059005737,"['Standard', '320p', 30, '10s']",0.0,4.2591938972473145,0.0,"{""amp"": ""1"", ""aq-mode"": ""2"", ""aq-strength"": ""1.0"", ""b-adapt"": ""2"", ""bframes"": ""4"", ""crf"": ""28.0"", ""ctu"": ""64"", ""keyint"": ""250"", ""limit-refs"": ""3"", ""limit-tu"": ""0"", ""me"": ""hex"", ""merange"": ""57"", ""open-gop"": ""1"", ""psy-rd"": ""1.5"", ""psy-rdoq"": ""1.0"", ""qcomp"": ""0.6"", ""qpmax"": ""51"", ""qpmin"": ""0"", ""rc-lookahead"": ""20"", ""rd"": ""1"", ""rdoq-level"": ""1"", ""rect"": ""1"", ""ref"": ""3"", ""rskip"": ""1"", ""sao"": ""1"", ""scenecut"": ""40"", ""subme"": ""2"", ""tu-inter-depth"": ""1"", ""tu-intra-depth"": ""1"", ""weightb"": ""0"", ""weightp"": ""1"", ""wpp"": ""1""}"
x265,lf09_hard01,"lambda_f=0.9, hard=0.1",16035,RQ3,6,19.02,16.07,19.02,16.466461420059204,"['Standard', '320p', 30, '10s']",0.0,16.466376304626465,0.0,"{""amp"": ""1"", ""aq-mode"": ""2"", ""aq-strength"": ""1.0"", ""b-adapt"": ""2"", ""bframes"": ""4"", ""crf"": ""28.0"", ""ctu"": ""64"", ""keyint"": ""250"", ""limit-refs"": ""3"", ""limit-tu"": ""0"", ""me"": ""hex"", ""merange"": ""57"", ""open-gop"": ""1"", ""psy-rd"": ""2.0"", ""psy-rdoq"": ""1.0"", ""qcomp"": ""0.6"", ""qpmax"": ""51"", ""qpmin"": ""0"", ""rc-lookahead"": ""20"", ""rd"": ""6"", ""rdoq-level"": ""1"", ""rect"": ""1"", ""ref"": ""3"", ""rskip"": ""1"", ""sao"": ""1"", ""scenecut"": ""40"", ""subme"": ""2"", ""tu-inter-depth"": ""1"", ""tu-intra-depth"": ""1"", ""weightb"": ""0"", ""weightp"": ""1"", ""wpp"": ""1""}"
x265,lf09_hard01,"lambda_f=0.9, hard=0.1",16035,RQ3,7,31.62,9.7,31.62,10.099837303161621,"['Standard', '320p', 30, '10s']",0.0,10.099752187728882,0.0,"{""amp"": ""1"", ""aq-mode"": ""2"", ""aq-strength"": ""1.0"", ""b-adapt"": ""2"", ""bframes"": ""4"", ""crf"": ""28.0"", ""ctu"": ""64"", ""keyint"": ""250"", ""limit-refs"": ""0"", ""limit-tu"": ""0"", ""me"": ""hex"", ""merange"": ""57"", ""open-gop"": ""1"", ""psy-rd"": ""2.0"", ""psy-rdoq"": ""1.0"", ""qcomp"": ""0.6"", ""qpmax"": ""51"", ""qpmin"": ""0"", ""rc-lookahead"": ""20"", ""rd"": ""3"", ""rdoq-level"": ""1"", ""rect"": ""1"", ""ref"": ""6"", ""rskip"": ""1"", ""sao"": ""1"", ""scenecut"": ""40"", ""subme"": ""2"", ""tu-inter-depth"": ""1"", ""tu-intra-depth"": ""1"", ""weightb"": ""0"", ""weightp"": ""1"", ""wpp"": ""1""}"
x265,lf09_hard01,"lambda_f=0.9, hard=0.1",16035,RQ3,8,8.87,34.35,8.87,34.7474946975708,"['Standard', '320p', 30, '10s']",0.0,34.747392416000366,0.0,"{""amp"": ""1"", ""aq-mode"": ""2"", ""aq-strength"": ""1.0"", ""b-adapt"": ""2"", ""bframes"": ""4"", ""crf"": ""28.0"", ""ctu"": ""64"", ""keyint"": ""250"", ""limit-refs"": ""3"", ""limit-tu"": ""0"", ""me"": ""full"", ""merange"": ""57"", ""open-gop"": ""1"", ""psy-rd"": ""2.0"", ""psy-rdoq"": ""1.0"", ""qcomp"": ""0.6"", ""qpmax"": ""51"", ""qpmin"": ""0"", ""rc-lookahead"": ""20"", ""rd"": ""3"", ""rdoq-level"": ""1"", ""rect"": ""1"", ""ref"": ""3"", ""rskip"": ""1"", ""sao"": ""1"", ""scenecut"": ""40"", ""subme"": ""3"", ""tu-inter-depth"": ""1"", ""tu-intra-depth"": ""1"", ""weightb"": ""0"", ""weightp"": ""1"", ""wpp"": ""1""}"
x265,lf09_hard01,"lambda_f=0.9, hard=0.1",16035,RQ3,9,8.77,34.74,8.77,35.14089632034302,"['Standard', '320p', 30, '10s']",0.0,35.140806913375854,0.0,"{""amp"": ""1"", ""aq-mode"": ""2"", ""aq-strength"": ""1.0"", ""b-adapt"": ""2"", ""bframes"": ""4"", ""crf"": ""28.0"", ""ctu"": ""64"", ""keyint"": ""250"", ""limit-refs"": ""3"", ""limit-tu"": ""0"", ""me"": ""full"", ""merange"": ""57"", ""open-gop"": ""1"", ""psy-rd"": ""2.0"", ""psy-rdoq"": ""1.0"", ""qcomp"": ""0.6"", ""qpmax"": ""51"", ""qpmin"": ""0"", ""rc-lookahead"": ""20"", ""rd"": ""3"", ""rdoq-level"": ""1"", ""rect"": ""1"", ""ref"": ""3"", ""rskip"": ""1"", ""sao"": ""1"", ""scenecut"": ""40"", ""subme"": ""4"", ""tu-inter-depth"": ""1"", ""tu-intra-depth"": ""1"", ""weightb"": ""0"", ""weightp"": ""1"", ""wpp"": ""1""}"
x265,lf09_hard01,"lambda_f=0.9, hard=0.1",16035,RQ3,10,8.44,36.1,8.44,36.49410915374756,"['Standard', '320p', 30, '10s']",0.0,36.49401879310608,0.0,"{""amp"": ""1"", ""aq-mode"": ""2"", ""aq-strength"": ""1.0"", ""b-adapt"": ""2"", ""bframes"": ""4"", ""crf"": ""28.0"", ""ctu"": ""64"", ""keyint"": ""250"", ""limit-refs"": ""3"", ""limit-tu"": ""0"", ""me"": ""full"", ""merange"": ""57"", ""open-gop"": ""1"", ""psy-rd"": ""2.0"", ""psy-rdoq"": ""1.0"", ""qcomp"": ""0.6"", ""qpmax"": ""51"", ""qpmin"": ""0"", ""rc-lookahead"": ""20"", ""rd"": ""3"", ""rdoq-level"": ""1"", ""rect"": ""1"", ""ref"": ""3"", ""rskip"": ""1"", ""sao"": ""1"", ""scenecut"": ""40"", ""subme"": ""5"", ""tu-inter-depth"": ""1"", ""tu-intra-depth"": ""1"", ""weightb"": ""0"", ""weightp"": ""1"", ""wpp"": ""1""}"
x265,lf09_hard01,"lambda_f=0.9, hard=0.1",16035,RQ3,11,32.94,9.32,32.94,9.710131406784058,"['Standard', '320p', 30, '10s']",0.0,9.710043668746948,0.0,"{""amp"": ""0"", ""aq-mode"": ""1"", ""aq-strength"": ""1.8"", ""b-adapt"": ""0"", ""bframes"": ""2"", ""crf"": ""25.0"", ""ctu"": ""32"", ""keyint"": ""378"", ""limit-refs"": ""0"", ""limit-tu"": ""1"", ""me"": ""hex"", ""merange"": ""42"", ""open-gop"": ""1"", ""psy-rd"": ""1.0"", ""psy-rdoq"": ""1.5"", ""qcomp"": ""0.9"", ""qpmax"": ""43"", ""qpmin"": ""1"", ""rc-lookahead"": ""34"", ""rd"": ""3"", ""rdoq-level"": ""1"", ""rect"": ""1"", ""ref"": ""4"", ""rskip"": ""1"", ""sao"": ""1"", ""scenecut"": ""29"", ""subme"": ""2"", ""tu-inter-depth"": ""2"", ""tu-intra-depth"": ""2"", ""weightb"": ""0"", ""weightp"": ""1"", ""wpp"": ""0""}"
x265,lf09_hard01,"lambda_f=0.9, hard=0.1",16035,RQ3,12,83.76,3.78,83.76,4.403487920761108,"['Standard', '320p', 30, '10s']",0.0,4.403393983840942,0.0,"{""amp"": ""0"", ""aq-mode"": ""1"", ""aq-strength"": ""1.5"", ""b-adapt"": ""1"", ""bframes"": ""7"", ""crf"": ""28.0"", ""ctu"": ""64"", ""keyint"": ""383"", ""limit-refs"": ""3"", ""limit-tu"": ""3"", ""me"": ""hex"", ""merange"": ""22"", ""open-gop"": ""1"", ""psy-rd"": ""0.5"", ""psy-rdoq"": ""0.5"", ""qcomp"": ""0.8"", ""qpmax"": ""42"", ""qpmin"": ""17"", ""rc-lookahead"": ""29"", ""rd"": ""3"", ""rdoq-level"": ""0"", ""rect"": ""0"", ""ref"": ""5"", ""rskip"": ""1"", ""sao"": ""0"", ""scenecut"": ""83"", ""subme"": ""2"", ""tu-inter-depth"": ""4"", ""tu-intra-depth"": ""4"", ""weightb"": ""1"", ""weightp"": ""0"", ""wpp"": ""0""}"
x265,lf09_hard01,"lambda_f=0.9, hard=0.1",16035,RQ3,13,38.09,8.08,38.09,8.580094337463379,"['Standard', '320p', 30, '10s']",0.0,8.579957485198975,0.0,"{""amp"": ""1"", ""aq-mode"": ""1"", ""aq-strength"": ""1.5"", ""b-adapt"": ""1"", ""bframes"": ""4"", ""crf"": ""25.0"", ""ctu"": ""32"", ""keyint"": ""302"", ""limit-refs"": ""3"", ""limit-tu"": ""0"", ""me"": ""dia"", ""merange"": ""50"", ""open-gop"": ""0"", ""psy-rd"": ""2.0"", ""psy-rdoq"": ""3.5"", ""qcomp"": ""0.7"", ""qpmax"": ""47"", ""qpmin"": ""18"", ""rc-lookahead"": ""48"", ""rd"": ""4"", ""rdoq-level"": ""1"", ""rect"": ""1"", ""ref"": ""5"", ""rskip"": ""0"", ""sao"": ""0"", ""scenecut"": ""43"", ""subme"": ""4"", ""tu-inter-depth"": ""1"", ""tu-intra-depth"": ""3"", ""weightb"": ""0"", ""weightp"": ""1"", ""wpp"": ""0""}"
x265,lf09_hard01,"lambda_f=0.9, hard=0.1",16035,RQ3,14,32.45,9.45,32.45,9.854303121566772,"['Standard', '320p', 30, '10s']",0.0,9.854211330413818,0.0,"{""amp"": ""0"", ""aq-mode"": ""2"", ""aq-strength"": ""1.8"", ""b-adapt"": ""1"", ""bframes"": ""3"", ""crf"": ""28.0"", ""ctu"": ""32"", ""keyint"": ""181"", ""limit-refs"": ""1"", ""limit-tu"": ""2"", ""me"": ""full"", ""merange"": ""45"", ""open-gop"": ""0"", ""psy-rd"": ""0.5"", ""psy-rdoq"": ""3.0"", ""qcomp"": ""0.7"", ""qpmax"": ""40"", ""qpmin"": ""18"", ""rc-lookahead"": ""22"", ""rd"": ""3"", ""rdoq-level"": ""1"", ""rect"": ""0"", ""ref"": ""2"", ""rskip"": ""0"", ""sao"": ""1"", ""scenecut"": ""51"", ""subme"": ""1"", ""tu-inter-depth"": ""4"", ""tu-intra-depth"": ""3"", ""weightb"": ""0"", ""weightp"": ""0"", ""wpp"": ""1""}"
x265,lf09_hard01,"lambda_f=0.9, hard=0.1",16035,RQ3,15,17.51,17.44,17.51,17.83782982826233,"['Standard', '320p', 30, '10s']",0.0,17.83774709701538,0.0,"{""amp"": ""0"", ""aq-mode"": ""1"", ""aq-strength"": ""0.5"", ""b-adapt"": ""2"", ""bframes"": ""7"", ""crf"": ""28.0"", ""ctu"": ""64"", ""keyint"": ""463"", ""limit-refs"": ""2"", ""limit-tu"": ""2"", ""me"": ""hex"", ""merange"": ""54"", ""open-gop"": ""0"", ""psy-rd"": ""0.5"", ""psy-rdoq"": ""1.5"", ""qcomp"": ""0.75"", ""qpmax"": ""48"", ""qpmin"": ""11"", ""rc-lookahead"": ""32"", ""rd"": ""6"", ""rdoq-level"": ""1"", ""rect"": ""0"", ""ref"": ""6"", ""rskip"": ""1"", ""sao"": ""1"", ""scenecut"": ""28"", ""subme"": ""3"", ""tu-inter-depth"": ""3"", ""tu-intra-depth"": ""3"", ""weightb"": ""1"", ""weightp"": ""1"", ""wpp"": ""1""}"
x265,lf09_hard01,"lambda_f=0.9, hard=0.1",16035,RQ3,16,15.76,19.37,15.76,19.766765117645264,"['Standard', '320p', 30, '10s']",0.0,19.76667809486389,0.0,"{""amp"": ""0"", ""aq-mode"": ""1"", ""aq-strength"": ""0.0"", ""b-adapt"": ""1"", ""bframes"": ""2"", ""crf"": ""28.0"", ""ctu"": ""32"", ""keyint"": ""297"", ""limit-refs"": ""0"", ""limit-tu"": ""2"", ""me"": ""hex"", ""merange"": ""34"", ""open-gop"": ""0"", ""psy-rd"": ""0.0"", ""psy-rdoq"": ""0.5"", ""qcomp"": ""0.6"", ""qpmax"": ""47"", ""qpmin"": ""7"", ""rc-lookahead"": ""33"", ""rd"": ""5"", ""rdoq-level"": ""0"", ""rect"": ""1"", ""ref"": ""4"", ""rskip"": ""1"", ""sao"": ""0"", ""scenecut"": ""85"", ""subme"": ""5"", ""tu-inter-depth"": ""2"", ""tu-intra-depth"": ""1"", ""weightb"": ""0"", ""weightp"": ""0"", ""wpp"": ""1""}"
x265,lf09_hard01,"lambda_f=0.9, hard=0.1",16035,RQ3,17,20.75,14.74,20.75,15.134089708328247,"['Standard', '320p', 30, '10s']",0.0,15.1340012550354,0.0,"{""amp"": ""0"", ""aq-mode"": ""2"", ""aq-strength"": ""0.8"", ""b-adapt"": ""1"", ""bframes"": ""5"", ""crf"": ""25.0"", ""ctu"": ""32"", ""keyint"": ""43"", ""limit-refs"": ""3"", ""limit-tu"": ""4"", ""me"": ""star"", ""merange"": ""40"", ""open-gop"": ""1"", ""psy-rd"": ""0.5"", ""psy-rdoq"": ""3.0"", ""qcomp"": ""0.75"", ""qpmax"": ""25"", ""qpmin"": ""16"", ""rc-lookahead"": ""58"", ""rd"": ""3"", ""rdoq-level"": ""2"", ""rect"": ""0"", ""ref"": ""6"", ""rskip"": ""1"", ""sao"": ""1"", ""scenecut"": ""33"", ""subme"": ""5"", ""tu-inter-depth"": ""2"", ""tu-intra-depth"": ""2"", ""weightb"": ""0"", ""weightp"": ""1"", ""wpp"": ""0""}"
x265,lf09_hard01,"lambda_f=0.9, hard=0.1",16035,RQ3,18,10.46,29.16,10.46,29.55581498146057,"['Standard', '320p', 30, '10s']",0.0,29.555727005004883,0.0,"{""amp"": ""0"", ""aq-mode"": ""0"", ""aq-strength"": ""1.0"", ""b-adapt"": ""2"", ""bframes"": ""2"", ""crf"": ""22.0"", ""ctu"": ""64"", ""keyint"": ""246"", ""limit-refs"": ""0"", ""limit-tu"": ""0"", ""me"": ""star"", ""merange"": ""60"", ""open-gop"": ""1"", ""psy-rd"": ""0.0"", ""psy-rdoq"": ""4.0"", ""qcomp"": ""0.9"", ""qpmax"": ""26"", ""qpmin"": ""1"", ""rc-lookahead"": ""57"", ""rd"": ""2"", ""rdoq-level"": ""1"", ""rect"": ""1"", ""ref"": ""5"", ""rskip"": ""1"", ""sao"": ""0"", ""scenecut"": ""79"", ""subme"": ""3"", ""tu-inter-depth"": ""3"", ""tu-intra-depth"": ""3"", ""weightb"": ""1"", ""weightp"": ""0"", ""wpp"": ""0""}"
x265,lf09_hard01,"lambda_f=0.9, hard=0.1",16035,RQ3,19,6.9,44.13,6.9,44.526691198349,"['Standard', '320p', 30, '10s']",0.0,44.526599168777466,0.0,"{""amp"": ""0"", ""aq-mode"": ""0"", ""aq-strength"": ""2.0"", ""b-adapt"": ""2"", ""bframes"": ""1"", ""crf"": ""18.0"", ""ctu"": ""32"", ""keyint"": ""223"", ""limit-refs"": ""2"", ""limit-tu"": ""2"", ""me"": ""hex"", ""merange"": ""33"", ""open-gop"": ""0"", ""psy-rd"": ""3.0"", ""psy-rdoq"": ""3.5"", ""qcomp"": ""0.9"", ""qpmax"": ""28"", ""qpmin"": ""12"", ""rc-lookahead"": ""54"", ""rd"": ""5"", ""rdoq-level"": ""1"", ""rect"": ""0"", ""ref"": ""4"", ""rskip"": ""1"", ""sao"": ""0"", ""scenecut"": ""55"", ""subme"": ""4"", ""tu-inter-depth"": ""2"", ""tu-intra-depth"": ""2"", ""weightb"": ""0"", ""weightp"": ""0"", ""wpp"": ""0""}"
x265,lf09_hard01,"lambda_f=0.9, hard=0.1",16035,RQ3,20,25.39,12.06,25.39,12.462313413619995,"['Standard', '320p', 30, '10s']",0.0,12.462221145629883,0.0,"{""amp"": ""0"", ""aq-mode"": ""2"", ""aq-strength"": ""1.8"", ""b-adapt"": ""1"", ""bframes"": ""6"", ""crf"": ""20.0"", ""ctu"": ""16"", ""keyint"": ""64"", ""limit-refs"": ""1"", ""limit-tu"": ""2"", ""me"": ""hex"", ""merange"": ""55"", ""open-gop"": ""0"", ""psy-rd"": ""2.5"", ""psy-rdoq"": ""4.5"", ""qcomp"": ""0.75"", ""qpmax"": ""29"", ""qpmin"": ""5"", ""rc-lookahead"": ""48"", ""rd"": ""4"", ""rdoq-level"": ""0"", ""rect"": ""1"", ""ref"": ""5"", ""rskip"": ""1"", ""sao"": ""1"", ""scenecut"": ""8"", ""subme"": ""4"", ""tu-inter-depth"": ""3"", ""tu-intra-depth"": ""3"", ""weightb"": ""1"", ""weightp"": ""1"", ""wpp"": ""0""}"
x265,lf09_hard01,"lambda_f=0.9, hard=0.1",16035,RQ3,21,61.69,5.09,61.69,5.6492273807525635,"['Standard', '320p', 30, '10s']",0.0,5.649135589599609,0.0,"{""amp"": ""1"", ""aq-mode"": ""3"", ""aq-strength"": ""1.0"", ""b-adapt"": ""1"", ""bframes"": ""1"", ""crf"": ""25.0"", ""ctu"": ""16"", ""keyint"": ""53"", ""limit-refs"": ""3"", ""limit-tu"": ""1"", ""me"": ""dia"", ""merange"": ""25"", ""open-gop"": ""0"", ""psy-rd"": ""0.0"", ""psy-rdoq"": ""2.5"", ""qcomp"": ""0.9"", ""qpmax"": ""47"", ""qpmin"": ""4"", ""rc-lookahead"": ""16"", ""rd"": ""1"", ""rdoq-level"": ""1"", ""rect"": ""1"", ""ref"": ""5"", ""rskip"": ""1"", ""sao"": ""0"", ""scenecut"": ""48"", ""subme"": ""2"", ""tu-inter-depth"": ""3"", ""tu-intra-depth"": ""3"", ""weightb"": ""0"", ""weightp"": ""1"", ""wpp"": ""0""}"
x265,lf09_hard01,"lambda_f=0.9, hard=0.1",16035,RQ3,22,22.32,13.7,22.32,14.099088430404663,"['Standard', '320p', 30, '10s']",0.0,14.098995447158813,0.0,"{""amp"": ""0"", ""aq-mode"": ""1"", ""aq-strength"": ""2.0"", ""b-adapt"": ""1"", ""bframes"": ""2"", ""crf"": ""18.0"", ""ctu"": ""32"", ""keyint"": ""277"", ""limit-refs"": ""2"", ""limit-tu"": ""1"", ""me"": ""umh"", ""merange"": ""30"", ""open-gop"": ""1"", ""psy-rd"": ""2.5"", ""psy-rdoq"": ""2.0"", ""qcomp"": ""0.7"", ""qpmax"": ""31"", ""qpmin"": ""9"", ""rc-lookahead"": ""40"", ""rd"": ""4"", ""rdoq-level"": ""1"", ""rect"": ""1"", ""ref"": ""2"", ""rskip"": ""0"", ""sao"": ""0"", ""scenecut"": ""27"", ""subme"": ""5"", ""tu-inter-depth"": ""3"", ""tu-intra-depth"": ""3"", ""weightb"": ""0"", ""weightp"": ""1"", ""wpp"": ""1""}"
x265,lf09_hard01,"lambda_f=0.9, hard=0.1",16035,RQ3,23,40.03,7.68,40.03,8.072098731994629,"['Standard', '320p', 30, '10s']",0.0,8.072010040283203,0.0,"{""amp"": ""0"", ""aq-mode"": ""2"", ""aq-strength"": ""1.0"", ""b-adapt"": ""1"", ""bframes"": ""2"", ""crf"": ""30.0"", ""ctu"": ""64"", ""keyint"": ""170"", ""limit-refs"": ""2"", ""limit-tu"": ""0"", ""me"": ""dia"", ""merange"": ""24"", ""open-gop"": ""1"", ""psy-rd"": ""2.5"", ""psy-rdoq"": ""4.5"", ""qcomp"": ""0.7"", ""qpmax"": ""45"", ""qpmin"": ""9"", ""rc-lookahead"": ""13"", ""rd"": ""4"", ""rdoq-level"": ""1"", ""rect"": ""1"", ""ref"": ""2"", ""rskip"": ""0"", ""sao"": ""1"", ""scenecut"": ""77"", ""subme"": ""2"", ""tu-inter-depth"": ""2"", ""tu-intra-depth"": ""1"", ""weightb"": ""1"", ""weightp"": ""0"", ""wpp"": ""1""}"
x265,lf09_hard01,"lambda_f=0.9, hard=0.1",16035,RQ3,24,53.34,5.78,53.34,6.177099227905273,"['Standard', '320p', 30, '10s']",0.0,6.177016735076904,0.0,"{""amp"": ""0"", ""aq-mode"": ""0"", ""aq-strength"": ""0.8"", ""b-adapt"": ""2"", ""bframes"": ""7"", ""crf"": ""30.0"", ""ctu"": ""32"", ""keyint"": ""114"", ""limit-refs"": ""0"", ""limit-tu"": ""4"", ""me"": ""umh"", ""merange"": ""52"", ""open-gop"": ""1"", ""psy-rd"": ""3.0"", ""psy-rdoq"": ""3.5"", ""qcomp"": ""0.5"", ""qpmax"": ""44"", ""qpmin"": ""13"", ""rc-lookahead"": ""15"", ""rd"": ""4"", ""rdoq-level"": ""2"", ""rect"": ""0"", ""ref"": ""3"", ""rskip"": ""0"", ""sao"": ""0"", ""scenecut"": ""36"", ""subme"": ""2"", ""tu-inter-depth"": ""4"", ""tu-intra-depth"": ""3"", ""weightb"": ""0"", ""weightp"": ""1"", ""wpp"": ""1""}"
x265,lf09_hard01,"lambda_f=0.9, hard=0.1",16035,RQ3,25,62.96,4.91,62.96,5.319377899169922,"['Standard', '320p', 30, '10s']",0.0,5.319292068481445,0.0,"{""amp"": ""0"", ""aq-mode"": ""1"", ""aq-strength"": ""1.0"", ""b-adapt"": ""1"", ""bframes"": ""6"", ""crf"": ""32.0"", ""ctu"": ""32"", ""keyint"": ""436"", ""limit-refs"": ""1"", ""limit-tu"": ""1"", ""me"": ""star"", ""merange"": ""48"", ""open-gop"": ""0"", ""psy-rd"": ""2.5"", ""psy-rdoq"": ""2.0"", ""qcomp"": ""0.75"", ""qpmax"": ""47"", ""qpmin"": ""5"", ""rc-lookahead"": ""26"", ""rd"": ""4"", ""rdoq-level"": ""2"", ""rect"": ""1"", ""ref"": ""6"", ""rskip"": ""1"", ""sao"": ""0"", ""scenecut"": ""57"", ""subme"": ""1"", ""tu-inter-depth"": ""2"", ""tu-intra-depth"": ""2"", ""weightb"": ""0"", ""weightp"": ""0"", ""wpp"": ""0""}"
x265,lf09_hard01,"lambda_f=0.9, hard=0.1",16035,RQ3,26,104.24,3.0,104.24,3.3994812965393066,"['Standard', '320p', 30, '10s']",0.0,3.399397134780884,0.0,"{""amp"": ""0"", ""aq-mode"": ""1"", ""aq-strength"": ""1.0"", ""b-adapt"": ""0"", ""bframes"": ""3"", ""crf"": ""30.0"", ""ctu"": ""16"", ""keyint"": ""328"", ""limit-refs"": ""2"", ""limit-tu"": ""3"", ""me"": ""star"", ""merange"": ""27"", ""open-gop"": ""0"", ""psy-rd"": ""2.0"", ""psy-rdoq"": ""1.0"", ""qcomp"": ""0.9"", ""qpmax"": ""46"", ""qpmin"": ""12"", ""rc-lookahead"": ""24"", ""rd"": ""4"", ""rdoq-level"": ""1"", ""rect"": ""0"", ""ref"": ""4"", ""rskip"": ""1"", ""sao"": ""1"", ""scenecut"": ""5"", ""subme"": ""3"", ""tu-inter-depth"": ""3"", ""tu-intra-depth"": ""3"", ""weightb"": ""1"", ""weightp"": ""1"", ""wpp"": ""0""}"
x265,lf09_hard01,"lambda_f=0.9, hard=0.1",16035,RQ3,27,15.22,20.06,15.22,20.495403051376343,"['Standard', '320p', 30, '10s']",0.0,20.49532198905945,0.0,"{""amp"": ""1"", ""aq-mode"": ""3"", ""aq-strength"": ""1.5"", ""b-adapt"": ""2"", ""bframes"": ""7"", ""crf"": ""30.0"", ""ctu"": ""32"", ""keyint"": ""414"", ""limit-refs"": ""1"", ""limit-tu"": ""3"", ""me"": ""dia"", ""merange"": ""39"", ""open-gop"": ""0"", ""psy-rd"": ""1.0"", ""psy-rdoq"": ""3.5"", ""qcomp"": ""0.5"", ""qpmax"": ""22"", ""qpmin"": ""9"", ""rc-lookahead"": ""44"", ""rd"": ""4"", ""rdoq-level"": ""1"", ""rect"": ""1"", ""ref"": ""2"", ""rskip"": ""1"", ""sao"": ""0"", ""scenecut"": ""78"", ""subme"": ""2"", ""tu-inter-depth"": ""4"", ""tu-intra-depth"": ""4"", ""weightb"": ""0"", ""weightp"": ""0"", ""wpp"": ""0""}"
x265,lf09_hard01,"lambda_f=0.9, hard=0.1",16035,RQ3,28,18.67,16.37,18.67,16.766775846481323,"['Standard', '320p', 30, '10s']",0.0,16.766688585281372,0.0,"{""amp"": ""1"", ""aq-mode"": ""3"", ""aq-strength"": ""1.2"", ""b-adapt"": ""1"", ""bframes"": ""2"", ""crf"": ""30.0"", ""ctu"": ""64"", ""keyint"": ""351"", ""limit-refs"": ""2"", ""limit-tu"": ""1"", ""me"": ""umh"", ""merange"": ""61"", ""open-gop"": ""0"", ""psy-rd"": ""1.5"", ""psy-rdoq"": ""5.0"", ""qcomp"": ""0.7"", ""qpmax"": ""23"", ""qpmin"": ""14"", ""rc-lookahead"": ""46"", ""rd"": ""4"", ""rdoq-level"": ""2"", ""rect"": ""0"", ""ref"": ""1"", ""rskip"": ""1"", ""sao"": ""1"", ""scenecut"": ""35"", ""subme"": ""2"", ""tu-inter-depth"": ""2"", ""tu-intra-depth"": ""2"", ""weightb"": ""1"", ""weightp"": ""1"", ""wpp"": ""0""}"
x265,lf09_hard01,"lambda_f=0.9, hard=0.1",16035,RQ3,29,16.99,17.97,16.99,18.381642818450928,"['Standard', '320p', 30, '10s']",0.0,18.38151979446411,0.0,"{""amp"": ""0"", ""aq-mode"": ""3"", ""aq-strength"": ""2.0"", ""b-adapt"": ""1"", ""bframes"": ""5"", ""crf"": ""18.0"", ""ctu"": ""32"", ""keyint"": ""489"", ""limit-refs"": ""2"", ""limit-tu"": ""4"", ""me"": ""hex"", ""merange"": ""29"", ""open-gop"": ""1"", ""psy-rd"": ""0.0"", ""psy-rdoq"": ""1.5"", ""qcomp"": ""0.8"", ""qpmax"": ""34"", ""qpmin"": ""11"", ""rc-lookahead"": ""13"", ""rd"": ""3"", ""rdoq-level"": ""1"", ""rect"": ""1"", ""ref"": ""3"", ""rskip"": ""0"", ""sao"": ""1"", ""scenecut"": ""89"", ""subme"": ""4"", ""tu-inter-depth"": ""3"", ""tu-intra-depth"": ""2"", ""weightb"": ""0"", ""weightp"": ""0"", ""wpp"": ""0""}"
x265,lf09_hard01,"lambda_f=0.9, hard=0.1",16035,RQ3,30,20.15,15.18,20.15,15.57677936553955,"['Standard', '320p', 30, '10s']",0.0,15.576692581176758,0.0,"{""amp"": ""1"", ""aq-mode"": ""4"", ""aq-strength"": ""1.5"", ""b-adapt"": ""1"", ""bframes"": ""6"", ""crf"": ""32.0"", ""ctu"": ""32"", ""keyint"": ""138"", ""limit-refs"": ""1"", ""limit-tu"": ""2"", ""me"": ""star"", ""merange"": ""36"", ""open-gop"": ""1"", ""psy-rd"": ""1.5"", ""psy-rdoq"": ""2.5"", ""qcomp"": ""0.75"", ""qpmax"": ""21"", ""qpmin"": ""11"", ""rc-lookahead"": ""55"", ""rd"": ""4"", ""rdoq-level"": ""1"", ""rect"": ""0"", ""ref"": ""6"", ""rskip"": ""0"", ""sao"": ""0"", ""scenecut"": ""6"", ""subme"": ""3"", ""tu-inter-depth"": ""2"", ""tu-intra-depth"": ""1"", ""weightb"": ""0"", ""weightp"": ""1"", ""wpp"": ""1""}"
x265,lf09_hard01,"lambda_f=0.9, hard=0.1",16035,RQ3,31,56.62,5.46,56.62,5.860105991363525,"['Standard', '320p', 30, '10s']",0.0,5.860005140304565,0.0,"{""amp"": ""1"", ""aq-mode"": ""3"", ""aq-strength"": ""1.2"", ""b-adapt"": ""0"", ""bframes"": ""4"", ""crf"": ""30.0"", ""ctu"": ""64"", ""keyint"": ""55"", ""limit-refs"": ""2"", ""limit-tu"": ""1"", ""me"": ""star"", ""merange"": ""27"", ""open-gop"": ""0"", ""psy-rd"": ""2.0"", ""psy-rdoq"": ""2.5"", ""qcomp"": ""0.6"", ""qpmax"": ""44"", ""qpmin"": ""20"", ""rc-lookahead"": ""41"", ""rd"": ""4"", ""rdoq-level"": ""2"", ""rect"": ""1"", ""ref"": ""6"", ""rskip"": ""1"", ""sao"": ""0"", ""scenecut"": ""54"", ""subme"": ""1"", ""tu-inter-depth"": ""2"", ""tu-intra-depth"": ""2"", ""weightb"": ""1"", ""weightp"": ""0"", ""wpp"": ""1""}"
x265,lf09_hard01,"lambda_f=0.9, hard=0.1",16035,RQ3,32,44.24,6.96,44.24,7.35772705078125,"['Standard', '320p', 30, '10s']",0.0,7.357630014419556,0.0,"{""amp"": ""1"", ""aq-mode"": ""2"", ""aq-strength"": ""1.8"", ""b-adapt"": ""1"", ""bframes"": ""7"", ""crf"": ""30.0"", ""ctu"": ""64"", ""keyint"": ""301"", ""limit-refs"": ""0"", ""limit-tu"": ""3"", ""me"": ""star"", ""merange"": ""39"", ""open-gop"": ""1"", ""psy-rd"": ""4.0"", ""psy-rdoq"": ""4.5"", ""qcomp"": ""0.6"", ""qpmax"": ""36"", ""qpmin"": ""3"", ""rc-lookahead"": ""14"", ""rd"": ""3"", ""rdoq-level"": ""0"", ""rect"": ""0"", ""ref"": ""5"", ""rskip"": ""0"", ""sao"": ""1"", ""scenecut"": ""23"", ""subme"": ""2"", ""tu-inter-depth"": ""3"", ""tu-intra-depth"": ""3"", ""weightb"": ""0"", ""weightp"": ""0"", ""wpp"": ""0""}"
x265,lf09_hard01,"lambda_f=0.9, hard=0.1",16035,RQ3,33,25.18,12.16,25.18,12.551185131072998,"['Standard', '320p', 30, '10s']",0.0,12.551092863082886,0.0,"{""amp"": ""0"", ""aq-mode"": ""3"", ""aq-strength"": ""0.5"", ""b-adapt"": ""2"", ""bframes"": ""5"", ""crf"": ""22.0"", ""ctu"": ""32"", ""keyint"": ""484"", ""limit-refs"": ""3"", ""limit-tu"": ""2"", ""me"": ""star"", ""merange"": ""26"", ""open-gop"": ""0"", ""psy-rd"": ""3.5"", ""psy-rdoq"": ""4.5"", ""qcomp"": ""0.8"", ""qpmax"": ""49"", ""qpmin"": ""3"", ""rc-lookahead"": ""15"", ""rd"": ""4"", ""rdoq-level"": ""1"", ""rect"": ""1"", ""ref"": ""2"", ""rskip"": ""1"", ""sao"": ""1"", ""scenecut"": ""54"", ""subme"": ""4"", ""tu-inter-depth"": ""4"", ""tu-intra-depth"": ""2"", ""weightb"": ""1"", ""weightp"": ""1"", ""wpp"": ""0""}"
x265,lf09_hard01,"lambda_f=0.9, hard=0.1",16035,RQ3,34,7.88,38.73,7.88,39.36131739616394,"['Standard', '320p', 30, '10s']",0.0,39.361207485198975,0.0,"{""amp"": ""1"", ""aq-mode"": ""1"", ""aq-strength"": ""0.5"", ""b-adapt"": ""1"", ""bframes"": ""5"", ""crf"": ""22.0"", ""ctu"": ""32"", ""keyint"": ""425"", ""limit-refs"": ""1"", ""limit-tu"": ""4"", ""me"": ""full"", ""merange"": ""28"", ""open-gop"": ""1"", ""psy-rd"": ""3.0"", ""psy-rdoq"": ""3.5"", ""qcomp"": ""0.6"", ""qpmax"": ""35"", ""qpmin"": ""9"", ""rc-lookahead"": ""47"", ""rd"": ""3"", ""rdoq-level"": ""1"", ""rect"": ""1"", ""ref"": ""2"", ""rskip"": ""0"", ""sao"": ""1"", ""scenecut"": ""9"", ""subme"": ""2"", ""tu-inter-depth"": ""3"", ""tu-intra-depth"": ""2"", ""weightb"": ""0"", ""weightp"": ""0"", ""wpp"": ""0""}"
x265,lf09_hard01,"lambda_f=0.9, hard=0.1",16035,RQ3,35,31.1,9.86,31.1,10.26074481010437,"['Standard', '320p', 30, '10s']",0.0,10.260650396347046,0.0,"{""amp"": ""1"", ""aq-mode"": ""1"", ""aq-strength"": ""1.2"", ""b-adapt"": ""0"", ""bframes"": ""7"", ""crf"": ""22.0"", ""ctu"": ""32"", ""keyint"": ""479"", ""limit-refs"": ""3"", ""limit-tu"": ""2"", ""me"": ""umh"", ""merange"": ""50"", ""open-gop"": ""1"", ""psy-rd"": ""3.0"", ""psy-rdoq"": ""2.5"", ""qcomp"": ""0.9"", ""qpmax"": ""41"", ""qpmin"": ""19"", ""rc-lookahead"": ""14"", ""rd"": ""4"", ""rdoq-level"": ""1"", ""rect"": ""1"", ""ref"": ""4"", ""rskip"": ""0"", ""sao"": ""0"", ""scenecut"": ""44"", ""subme"": ""1"", ""tu-inter-depth"": ""4"", ""tu-intra-depth"": ""4"", ""weightb"": ""1"", ""weightp"": ""1"", ""wpp"": ""1""}"
x265,lf09_hard01,"lambda_f=0.9, hard=0.1",16035,RQ3,36,27.16,11.28,27.16,11.688464164733887,"['Standard', '320p', 30, '10s']",0.0,11.68836259841919,0.0,"{""amp"": ""1"", ""aq-mode"": ""1"", ""aq-strength"": ""1.2"", ""b-adapt"": ""0"", ""bframes"": ""6"", ""crf"": ""25.0"", ""ctu"": ""64"", ""keyint"": ""200"", ""limit-refs"": ""2"", ""limit-tu"": ""1"", ""me"": ""star"", ""merange"": ""60"", ""open-gop"": ""1"", ""psy-rd"": ""2.5"", ""psy-rdoq"": ""4.5"", ""qcomp"": ""1.0"", ""qpmax"": ""41"", ""qpmin"": ""11"", ""rc-lookahead"": ""40"", ""rd"": ""3"", ""rdoq-level"": ""0"", ""rect"": ""1"", ""ref"": ""4"", ""rskip"": ""1"", ""sao"": ""0"", ""scenecut"": ""31"", ""subme"": ""4"", ""tu-inter-depth"": ""3"", ""tu-intra-depth"": ""1"", ""weightb"": ""0"", ""weightp"": ""1"", ""wpp"": ""0""}"
x265,lf09_hard01,"lambda_f=0.9, hard=0.1",16035,RQ3,37,73.12,4.24,73.12,4.639120101928711,"['Standard', '320p', 30, '10s']",0.0,4.639025688171387,0.0,"{""amp"": ""1"", ""aq-mode"": ""3"", ""aq-strength"": ""2.0"", ""b-adapt"": ""1"", ""bframes"": ""3"", ""crf"": ""32.0"", ""ctu"": ""32"", ""keyint"": ""39"", ""limit-refs"": ""2"", ""limit-tu"": ""4"", ""me"": ""umh"", ""merange"": ""64"", ""open-gop"": ""0"", ""psy-rd"": ""3.0"", ""psy-rdoq"": ""2.0"", ""qcomp"": ""0.9"", ""qpmax"": ""38"", ""qpmin"": ""2"", ""rc-lookahead"": ""24"", ""rd"": ""3"", ""rdoq-level"": ""1"", ""rect"": ""0"", ""ref"": ""2"", ""rskip"": ""1"", ""sao"": ""0"", ""scenecut"": ""42"", ""subme"": ""3"", ""tu-inter-depth"": ""3"", ""tu-intra-depth"": ""4"", ""weightb"": ""1"", ""weightp"": ""0"", ""wpp"": ""1""}"
x265,lf09_hard01,"lambda_f=0.9, hard=0.1",16035,RQ3,38,2.45,124.4,2.45,124.80012559890747,"['Standard', '320p', 30, '10s']",0.0,124.80001902580261,0.0,"{""amp"": ""0"", ""aq-mode"": ""4"", ""aq-strength"": ""0.8"", ""b-adapt"": ""2"", ""bframes"": ""7"", ""crf"": ""32.0"", ""ctu"": ""32"", ""keyint"": ""423"", ""limit-refs"": ""1"", ""limit-tu"": ""2"", ""me"": ""full"", ""merange"": ""53"", ""open-gop"": ""1"", ""psy-rd"": ""1.5"", ""psy-rdoq"": ""3.5"", ""qcomp"": ""0.7"", ""qpmax"": ""34"", ""qpmin"": ""10"", ""rc-lookahead"": ""32"", ""rd"": ""5"", ""rdoq-level"": ""0"", ""rect"": ""1"", ""ref"": ""4"", ""rskip"": ""1"", ""sao"": ""0"", ""scenecut"": ""79"", ""subme"": ""2"", ""tu-inter-depth"": ""4"", ""tu-intra-depth"": ""3"", ""weightb"": ""0"", ""weightp"": ""0"", ""wpp"": ""0""}"
x265,lf09_hard01,"lambda_f=0.9, hard=0.1",16035,RQ3,39,39.76,7.73,39.76,8.114651918411255,"['Standard', '320p', 30, '10s']",0.0,8.114553928375244,0.0,"{""amp"": ""0"", ""aq-mode"": ""4"", ""aq-strength"": ""1.8"", ""b-adapt"": ""2"", ""bframes"": ""2"", ""crf"": ""22.0"", ""ctu"": ""64"", ""keyint"": ""108"", ""limit-refs"": ""3"", ""limit-tu"": ""2"", ""me"": ""star"", ""merange"": ""24"", ""open-gop"": ""1"", ""psy-rd"": ""1.0"", ""psy-rdoq"": ""2.0"", ""qcomp"": ""0.7"", ""qpmax"": ""38"", ""qpmin"": ""3"", ""rc-lookahead"": ""14"", ""rd"": ""4"", ""rdoq-level"": ""0"", ""rect"": ""1"", ""ref"": ""4"", ""rskip"": ""0"", ""sao"": ""1"", ""scenecut"": ""89"", ""subme"": ""1"", ""tu-inter-depth"": ""4"", ""tu-intra-depth"": ""4"", ""weightb"": ""0"", ""weightp"": ""1"", ""wpp"": ""1""}"
x265,lf09_hard01,"lambda_f=0.9, hard=0.1",16035,RQ3,40,10.41,29.33,10.41,29.720990657806396,"['Standard', '320p', 30, '10s']",0.0,29.72089457511902,0.0,"{""amp"": ""0"", ""aq-mode"": ""2"", ""aq-strength"": ""0.5"", ""b-adapt"": ""1"", ""bframes"": ""4"", ""crf"": ""30.0"", ""ctu"": ""32"", ""keyint"": ""476"", ""limit-refs"": ""0"", ""limit-tu"": ""2"", ""me"": ""umh"", ""merange"": ""29"", ""open-gop"": ""0"", ""psy-rd"": ""1.0"", ""psy-rdoq"": ""4.5"", ""qcomp"": ""0.9"", ""qpmax"": ""32"", ""qpmin"": ""10"", ""rc-lookahead"": ""39"", ""rd"": ""6"", ""rdoq-level"": ""2"", ""rect"": ""1"", ""ref"": ""5"", ""rskip"": ""0"", ""sao"": ""0"", ""scenecut"": ""63"", ""subme"": ""3"", ""tu-inter-depth"": ""1"", ""tu-intra-depth"": ""1"", ""weightb"": ""1"", ""weightp"": ""0"", ""wpp"": ""1""}"
x265,lf09_hard01,"lambda_f=0.9, hard=0.1",16035,RQ3,41,41.94,7.33,41.94,7.723975658416748,"['Standard', '320p', 30, '10s']",0.0,7.723865985870361,0.0,"{""amp"": ""0"", ""aq-mode"": ""3"", ""aq-strength"": ""1.5"", ""b-adapt"": ""1"", ""bframes"": ""0"", ""crf"": ""28.0"", ""ctu"": ""16"", ""keyint"": ""377"", ""limit-refs"": ""2"", ""limit-tu"": ""0"", ""me"": ""full"", ""merange"": ""20"", ""open-gop"": ""1"", ""psy-rd"": ""3.0"", ""psy-rdoq"": ""1.0"", ""qcomp"": ""0.7"", ""qpmax"": ""39"", ""qpmin"": ""3"", ""rc-lookahead"": ""56"", ""rd"": ""4"", ""rdoq-level"": ""0"", ""rect"": ""0"", ""ref"": ""4"", ""rskip"": ""1"", ""sao"": ""1"", ""scenecut"": ""45"", ""subme"": ""1"", ""tu-inter-depth"": ""3"", ""tu-intra-depth"": ""2"", ""weightb"": ""1"", ""weightp"": ""1"", ""wpp"": ""1""}"
x265,lf09_hard01,"lambda_f=0.9, hard=0.1",16035,RQ3,42,21.13,14.48,21.13,14.866503953933716,"['Standard', '320p', 30, '10s']",0.0,14.866397857666016,0.0,"{""amp"": ""0"", ""aq-mode"": ""4"", ""aq-strength"": ""0.5"", ""b-adapt"": ""1"", ""bframes"": ""1"", ""crf"": ""22.0"", ""ctu"": ""64"", ""keyint"": ""434"", ""limit-refs"": ""2"", ""limit-tu"": ""4"", ""me"": ""umh"", ""merange"": ""34"", ""open-gop"": ""1"", ""psy-rd"": ""0.5"", ""psy-rdoq"": ""1.0"", ""qcomp"": ""0.9"", ""qpmax"": ""36"", ""qpmin"": ""10"", ""rc-lookahead"": ""35"", ""rd"": ""3"", ""rdoq-level"": ""1"", ""rect"": ""0"", ""ref"": ""4"", ""rskip"": ""1"", ""sao"": ""1"", ""scenecut"": ""78"", ""subme"": ""5"", ""tu-inter-depth"": ""4"", ""tu-intra-depth"": ""2"", ""weightb"": ""0"", ""weightp"": ""1"", ""wpp"": ""0""}"
x265,lf09_hard01,"lambda_f=0.9, hard=0.1",16035,RQ3,43,11.79,25.86,11.79,26.259348154067993,"['Standard', '320p', 30, '10s']",0.0,26.259250164031982,0.0,"{""amp"": ""0"", ""aq-mode"": ""3"", ""aq-strength"": ""1.8"", ""b-adapt"": ""2"", ""bframes"": ""7"", ""crf"": ""25.0"", ""ctu"": ""32"", ""keyint"": ""387"", ""limit-refs"": ""1"", ""limit-tu"": ""4"", ""me"": ""umh"", ""merange"": ""41"", ""open-gop"": ""1"", ""psy-rd"": ""2.5"", ""psy-rdoq"": ""2.5"", ""qcomp"": ""0.6"", ""qpmax"": ""38"", ""qpmin"": ""19"", ""rc-lookahead"": ""58"", ""rd"": ""5"", ""rdoq-level"": ""1"", ""rect"": ""1"", ""ref"": ""5"", ""rskip"": ""1"", ""sao"": ""0"", ""scenecut"": ""92"", ""subme"": ""3"", ""tu-inter-depth"": ""2"", ""tu-intra-depth"": ""4"", ""weightb"": ""0"", ""weightp"": ""0"", ""wpp"": ""1""}"
x265,lf09_hard01,"lambda_f=0.9, hard=0.1",16035,RQ3,44,10.78,28.28,10.78,28.680245637893677,"['Standard', '320p', 30, '10s']",0.0,28.680137395858765,0.0,"{""amp"": ""0"", ""aq-mode"": ""4"", ""aq-strength"": ""0.8"", ""b-adapt"": ""1"", ""bframes"": ""2"", ""crf"": ""25.0"", ""ctu"": ""32"", ""keyint"": ""419"", ""limit-refs"": ""3"", ""limit-tu"": ""3"", ""me"": ""hex"", ""merange"": ""53"", ""open-gop"": ""1"", ""psy-rd"": ""1.0"", ""psy-rdoq"": ""1.0"", ""qcomp"": ""0.8"", ""qpmax"": ""30"", ""qpmin"": ""4"", ""rc-lookahead"": ""29"", ""rd"": ""5"", ""rdoq-level"": ""2"", ""rect"": ""1"", ""ref"": ""2"", ""rskip"": ""0"", ""sao"": ""1"", ""scenecut"": ""11"", ""subme"": ""4"", ""tu-inter-depth"": ""3"", ""tu-intra-depth"": ""2"", ""weightb"": ""1"", ""weightp"": ""0"", ""wpp"": ""0""}"
x265,lf09_hard01,"lambda_f=0.9, hard=0.1",16035,RQ3,45,25.05,12.22,25.05,12.617940187454224,"['Standard', '320p', 30, '10s']",0.0,12.617791414260864,0.0,"{""amp"": ""0"", ""aq-mode"": ""1"", ""aq-strength"": ""0.5"", ""b-adapt"": ""1"", ""bframes"": ""8"", ""crf"": ""32.0"", ""ctu"": ""16"", ""keyint"": ""203"", ""limit-refs"": ""2"", ""limit-tu"": ""3"", ""me"": ""hex"", ""merange"": ""52"", ""open-gop"": ""1"", ""psy-rd"": ""2.0"", ""psy-rdoq"": ""2.0"", ""qcomp"": ""0.5"", ""qpmax"": ""34"", ""qpmin"": ""6"", ""rc-lookahead"": ""50"", ""rd"": ""6"", ""rdoq-level"": ""1"", ""rect"": ""1"", ""ref"": ""1"", ""rskip"": ""1"", ""sao"": ""1"", ""scenecut"": ""96"", ""subme"": ""2"", ""tu-inter-depth"": ""1"", ""tu-intra-depth"": ""2"", ""weightb"": ""0"", ""weightp"": ""0"", ""wpp"": ""0""}"
x265,lf09_hard01,"lambda_f=0.9, hard=0.1",16035,RQ3,46,21.05,14.53,21.05,14.929563045501709,"['Standard', '320p', 30, '10s']",0.0,14.929469347000122,0.0,"{""amp"": ""0"", ""aq-mode"": ""1"", ""aq-strength"": ""0.5"", ""b-adapt"": ""2"", ""bframes"": ""1"", ""crf"": ""30.0"", ""ctu"": ""32"", ""keyint"": ""81"", ""limit-refs"": ""1"", ""limit-tu"": ""1"", ""me"": ""hex"", ""merange"": ""32"", ""open-gop"": ""1"", ""psy-rd"": ""1.5"", ""psy-rdoq"": ""1.0"", ""qcomp"": ""0.7"", ""qpmax"": ""35"", ""qpmin"": ""12"", ""rc-lookahead"": ""51"", ""rd"": ""5"", ""rdoq-level"": ""2"", ""rect"": ""0"", ""ref"": ""3"", ""rskip"": ""1"", ""sao"": ""0"", ""scenecut"": ""41"", ""subme"": ""2"", ""tu-inter-depth"": ""3"", ""tu-intra-depth"": ""3"", ""weightb"": ""1"", ""weightp"": ""1"", ""wpp"": ""0""}"
x265,lf09_hard01,"lambda_f=0.9, hard=0.1",16035,RQ3,47,53.73,5.74,53.73,6.137554168701172,"['Standard', '320p', 30, '10s']",0.0,6.137463092803955,0.0,"{""amp"": ""1"", ""aq-mode"": ""2"", ""aq-strength"": ""0.8"", ""b-adapt"": ""2"", ""bframes"": ""1"", ""crf"": ""32.0"", ""ctu"": ""64"", ""keyint"": ""413"", ""limit-refs"": ""2"", ""limit-tu"": ""2"", ""me"": ""umh"", ""merange"": ""58"", ""open-gop"": ""1"", ""psy-rd"": ""0.5"", ""psy-rdoq"": ""0.5"", ""qcomp"": ""0.6"", ""qpmax"": ""46"", ""qpmin"": ""4"", ""rc-lookahead"": ""58"", ""rd"": ""4"", ""rdoq-level"": ""1"", ""rect"": ""0"", ""ref"": ""3"", ""rskip"": ""0"", ""sao"": ""1"", ""scenecut"": ""37"", ""subme"": ""4"", ""tu-inter-depth"": ""2"", ""tu-intra-depth"": ""4"", ""weightb"": ""0"", ""weightp"": ""1"", ""wpp"": ""1""}"
x265,lf09_hard01,"lambda_f=0.9, hard=0.1",16035,RQ3,48,14.52,21.03,14.52,21.433144330978394,"['Standard', '320p', 30, '10s']",0.0,21.433045387268066,0.0,"{""amp"": ""0"", ""aq-mode"": ""2"", ""aq-strength"": ""1.2"", ""b-adapt"": ""0"", ""bframes"": ""3"", ""crf"": ""20.0"", ""ctu"": ""32"", ""keyint"": ""328"", ""limit-refs"": ""0"", ""limit-tu"": ""3"", ""me"": ""dia"", ""merange"": ""27"", ""open-gop"": ""0"", ""psy-rd"": ""3.5"", ""psy-rdoq"": ""1.0"", ""qcomp"": ""1.0"", ""qpmax"": ""51"", ""qpmin"": ""12"", ""rc-lookahead"": ""24"", ""rd"": ""4"", ""rdoq-level"": ""1"", ""rect"": ""1"", ""ref"": ""2"", ""rskip"": ""1"", ""sao"": ""1"", ""scenecut"": ""5"", ""subme"": ""4"", ""tu-inter-depth"": ""3"", ""tu-intra-depth"": ""3"", ""weightb"": ""1"", ""weightp"": ""0"", ""wpp"": ""0""}"
x265,lf09_hard01,"lambda_f=0.9, hard=0.1",16035,RQ3,49,14.25,21.41,14.25,21.813994646072388,"['Standard', '320p', 30, '10s']",0.0,21.81389832496643,0.0,"{""amp"": ""1"", ""aq-mode"": ""1"", ""aq-strength"": ""1.0"", ""b-adapt"": ""2"", ""bframes"": ""2"", ""crf"": ""20.0"", ""ctu"": ""64"", ""keyint"": ""495"", ""limit-refs"": ""1"", ""limit-tu"": ""3"", ""me"": ""full"", ""merange"": ""38"", ""open-gop"": ""1"", ""psy-rd"": ""2.5"", ""psy-rdoq"": ""5.0"", ""qcomp"": ""1.0"", ""qpmax"": ""47"", ""qpmin"": ""17"", ""rc-lookahead"": ""24"", ""rd"": ""3"", ""rdoq-level"": ""2"", ""rect"": ""0"", ""ref"": ""2"", ""rskip"": ""1"", ""sao"": ""0"", ""scenecut"": ""45"", ""subme"": ""2"", ""tu-inter-depth"": ""2"", ""tu-intra-depth"": ""4"", ""weightb"": ""1"", ""weightp"": ""1"", ""wpp"": ""1""}"
x265,lf09_hard01,"lambda_f=0.9, hard=0.1",16035,RQ3,50,32.01,9.58,32.01,9.980785131454468,"['Standard', '320p', 30, '10s']",0.0,9.980689764022827,0.0,"{""amp"": ""1"", ""aq-mode"": ""3"", ""aq-strength"": ""1.0"", ""b-adapt"": ""0"", ""bframes"": ""8"", ""crf"": ""18.0"", ""ctu"": ""16"", ""keyint"": ""485"", ""limit-refs"": ""3"", ""limit-tu"": ""0"", ""me"": ""dia"", ""merange"": ""60"", ""open-gop"": ""1"", ""psy-rd"": ""1.5"", ""psy-rdoq"": ""2.0"", ""qcomp"": ""0.7"", ""qpmax"": ""43"", ""qpmin"": ""11"", ""rc-lookahead"": ""15"", ""rd"": ""3"", ""rdoq-level"": ""1"", ""rect"": ""1"", ""ref"": ""4"", ""rskip"": ""1"", ""sao"": ""1"", ""scenecut"": ""7"", ""subme"": ""3"", ""tu-inter-depth"": ""1"", ""tu-intra-depth"": ""3"", ""weightb"": ""1"", ""weightp"": ""1"", ""wpp"": ""0""}"
x265,lf09_hard01,"lambda_f=0.9, hard=0.1",16035,RQ3,51,19.55,15.64,19.55,16.023497104644775,"['Standard', '320p', 30, '10s']",0.0,16.0233895778656,0.0,"{""amp"": ""0"", ""aq-mode"": ""4"", ""aq-strength"": ""1.8"", ""b-adapt"": ""1"", ""bframes"": ""6"", ""crf"": ""25.0"", ""ctu"": ""32"", ""keyint"": ""289"", ""limit-refs"": ""1"", ""limit-tu"": ""3"", ""me"": ""umh"", ""merange"": ""22"", ""open-gop"": ""0"", ""psy-rd"": ""1.0"", ""psy-rdoq"": ""1.0"", ""qcomp"": ""0.7"", ""qpmax"": ""45"", ""qpmin"": ""0"", ""rc-lookahead"": ""39"", ""rd"": ""6"", ""rdoq-level"": ""1"", ""rect"": ""1"", ""ref"": ""6"", ""rskip"": ""1"", ""sao"": ""1"", ""scenecut"": ""79"", ""subme"": ""2"", ""tu-inter-depth"": ""2"", ""tu-intra-depth"": ""3"", ""weightb"": ""1"", ""weightp"": ""1"", ""wpp"": ""1""}"
x265,lf09_hard01,"lambda_f=0.9, hard=0.1",16035,RQ3,52,28.65,10.7,28.65,11.101253271102905,"['Standard', '320p', 30, '10s']",0.0,11.10115647315979,0.0,"{""amp"": ""1"", ""aq-mode"": ""1"", ""aq-strength"": ""1.2"", ""b-adapt"": ""1"", ""bframes"": ""6"", ""crf"": ""18.0"", ""ctu"": ""64"", ""keyint"": ""216"", ""limit-refs"": ""1"", ""limit-tu"": ""1"", ""me"": ""umh"", ""merange"": ""24"", ""open-gop"": ""1"", ""psy-rd"": ""0.0"", ""psy-rdoq"": ""4.0"", ""qcomp"": ""0.75"", ""qpmax"": ""29"", ""qpmin"": ""19"", ""rc-lookahead"": ""34"", ""rd"": ""4"", ""rdoq-level"": ""0"", ""rect"": ""1"", ""ref"": ""1"", ""rskip"": ""0"", ""sao"": ""1"", ""scenecut"": ""26"", ""subme"": ""1"", ""tu-inter-depth"": ""2"", ""tu-intra-depth"": ""3"", ""weightb"": ""0"", ""weightp"": ""1"", ""wpp"": ""1""}"
x265,lf09_hard01,"lambda_f=0.9, hard=0.1",16035,RQ3,53,10.39,29.33,10.39,29.73447895050049,"['Standard', '320p', 30, '10s']",0.0,29.734375,0.0,"{""amp"": ""0"", ""aq-mode"": ""1"", ""aq-strength"": ""1.5"", ""b-adapt"": ""2"", ""bframes"": ""7"", ""crf"": ""20.0"", ""ctu"": ""32"", ""keyint"": ""153"", ""limit-refs"": ""3"", ""limit-tu"": ""1"", ""me"": ""umh"", ""merange"": ""49"", ""open-gop"": ""0"", ""psy-rd"": ""1.5"", ""psy-rdoq"": ""1.0"", ""qcomp"": ""0.8"", ""qpmax"": ""50"", ""qpmin"": ""13"", ""rc-lookahead"": ""15"", ""rd"": ""5"", ""rdoq-level"": ""1"", ""rect"": ""0"", ""ref"": ""4"", ""rskip"": ""0"", ""sao"": ""0"", ""scenecut"": ""75"", ""subme"": ""4"", ""tu-inter-depth"": ""2"", ""tu-intra-depth"": ""1"", ""weightb"": ""1"", ""weightp"": ""0"", ""wpp"": ""1""}"
x265,lf09_hard01,"lambda_f=0.9, hard=0.1",16035,RQ3,54,30.56,10.11,30.56,10.611740589141846,"['Standard', '320p', 30, '10s']",0.0,10.61163592338562,0.0,"{""amp"": ""0"", ""aq-mode"": ""1"", ""aq-strength"": ""2.0"", ""b-adapt"": ""1"", ""bframes"": ""1"", ""crf"": ""30.0"", ""ctu"": ""32"", ""keyint"": ""119"", ""limit-refs"": ""1"", ""limit-tu"": ""2"", ""me"": ""hex"", ""merange"": ""40"", ""open-gop"": ""0"", ""psy-rd"": ""1.5"", ""psy-rdoq"": ""2.0"", ""qcomp"": ""0.8"", ""qpmax"": ""24"", ""qpmin"": ""16"", ""rc-lookahead"": ""53"", ""rd"": ""3"", ""rdoq-level"": ""1"", ""rect"": ""0"", ""ref"": ""3"", ""rskip"": ""1"", ""sao"": ""1"", ""scenecut"": ""98"", ""subme"": ""3"", ""tu-inter-depth"": ""3"", ""tu-intra-depth"": ""3"", ""weightb"": ""1"", ""weightp"": ""0"", ""wpp"": ""1""}"
x265,lf09_hard01,"lambda_f=0.9, hard=0.1",16035,RQ3,55,4.58,66.43,4.58,67.06454110145569,"['Standard', '320p', 30, '10s']",0.0,67.06442189216614,0.0,"{""amp"": ""0"", ""aq-mode"": ""1"", ""aq-strength"": ""1.2"", ""b-adapt"": ""1"", ""bframes"": ""0"", ""crf"": ""18.0"", ""ctu"": ""64"", ""keyint"": ""134"", ""limit-refs"": ""0"", ""limit-tu"": ""3"", ""me"": ""dia"", ""merange"": ""23"", ""open-gop"": ""0"", ""psy-rd"": ""2.0"", ""psy-rdoq"": ""2.0"", ""qcomp"": ""0.9"", ""qpmax"": ""49"", ""qpmin"": ""10"", ""rc-lookahead"": ""11"", ""rd"": ""5"", ""rdoq-level"": ""0"", ""rect"": ""1"", ""ref"": ""5"", ""rskip"": ""0"", ""sao"": ""1"", ""scenecut"": ""13"", ""subme"": ""4"", ""tu-inter-depth"": ""3"", ""tu-intra-depth"": ""3"", ""weightb"": ""0"", ""weightp"": ""1"", ""wpp"": ""1""}"
x265,lf09_hard01,"lambda_f=0.9, hard=0.1",16035,RQ3,56,17.25,17.71,17.25,18.10701823234558,"['Standard', '320p', 30, '10s']",0.0,18.10692524909973,0.0,"{""amp"": ""1"", ""aq-mode"": ""0"", ""aq-strength"": ""1.5"", ""b-adapt"": ""1"", ""bframes"": ""2"", ""crf"": ""20.0"", ""ctu"": ""32"", ""keyint"": ""478"", ""limit-refs"": ""3"", ""limit-tu"": ""0"", ""me"": ""star"", ""merange"": ""49"", ""open-gop"": ""0"", ""psy-rd"": ""1.0"", ""psy-rdoq"": ""1.5"", ""qcomp"": ""0.8"", ""qpmax"": ""32"", ""qpmin"": ""15"", ""rc-lookahead"": ""17"", ""rd"": ""4"", ""rdoq-level"": ""1"", ""rect"": ""1"", ""ref"": ""6"", ""rskip"": ""1"", ""sao"": ""0"", ""scenecut"": ""9"", ""subme"": ""2"", ""tu-inter-depth"": ""2"", ""tu-intra-depth"": ""3"", ""weightb"": ""1"", ""weightp"": ""1"", ""wpp"": ""0""}"
x265,lf09_hard01,"lambda_f=0.9, hard=0.1",16035,RQ3,57,8.04,37.92,8.04,38.31983017921448,"['Standard', '320p', 30, '10s']",0.0,38.319727182388306,0.0,"{""amp"": ""0"", ""aq-mode"": ""3"", ""aq-strength"": ""1.8"", ""b-adapt"": ""2"", ""bframes"": ""5"", ""crf"": ""25.0"", ""ctu"": ""32"", ""keyint"": ""209"", ""limit-refs"": ""1"", ""limit-tu"": ""0"", ""me"": ""star"", ""merange"": ""25"", ""open-gop"": ""1"", ""psy-rd"": ""0.5"", ""psy-rdoq"": ""4.5"", ""qcomp"": ""0.9"", ""qpmax"": ""44"", ""qpmin"": ""18"", ""rc-lookahead"": ""51"", ""rd"": ""5"", ""rdoq-level"": ""1"", ""rect"": ""0"", ""ref"": ""3"", ""rskip"": ""0"", ""sao"": ""1"", ""scenecut"": ""1"", ""subme"": ""3"", ""tu-inter-depth"": ""4"", ""tu-intra-depth"": ""2"", ""weightb"": ""1"", ""weightp"": ""0"", ""wpp"": ""0""}"
x265,lf09_hard01,"lambda_f=0.9, hard=0.1",16035,RQ3,58,44.27,6.96,44.27,7.383251428604126,"['Standard', '320p', 30, '10s']",0.0,7.38315486907959,0.0,"{""amp"": ""1"", ""aq-mode"": ""4"", ""aq-strength"": ""1.8"", ""b-adapt"": ""2"", ""bframes"": ""5"", ""crf"": ""22.0"", ""ctu"": ""64"", ""keyint"": ""348"", ""limit-refs"": ""3"", ""limit-tu"": ""3"", ""me"": ""umh"", ""merange"": ""51"", ""open-gop"": ""1"", ""psy-rd"": ""1.5"", ""psy-rdoq"": ""4.0"", ""qcomp"": ""0.8"", ""qpmax"": ""32"", ""qpmin"": ""6"", ""rc-lookahead"": ""58"", ""rd"": ""4"", ""rdoq-level"": ""0"", ""rect"": ""0"", ""ref"": ""3"", ""rskip"": ""1"", ""sao"": ""0"", ""scenecut"": ""21"", ""subme"": ""5"", ""tu-inter-depth"": ""2"", ""tu-intra-depth"": ""2"", ""weightb"": ""0"", ""weightp"": ""0"", ""wpp"": ""1""}"
x265,lf09_hard01,"lambda_f=0.9, hard=0.1",16035,RQ3,59,25.86,11.84,25.86,12.24691653251648,"['Standard', '320p', 30, '10s']",0.0,12.246819734573364,0.0,"{""amp"": ""0"", ""aq-mode"": ""3"", ""aq-strength"": ""0.5"", ""b-adapt"": ""0"", ""bframes"": ""0"", ""crf"": ""18.0"", ""ctu"": ""64"", ""keyint"": ""119"", ""limit-refs"": ""2"", ""limit-tu"": ""1"", ""me"": ""umh"", ""merange"": ""52"", ""open-gop"": ""0"", ""psy-rd"": ""0.0"", ""psy-rdoq"": ""1.0"", ""qcomp"": ""0.6"", ""qpmax"": ""40"", ""qpmin"": ""0"", ""rc-lookahead"": ""18"", ""rd"": ""2"", ""rdoq-level"": ""0"", ""rect"": ""0"", ""ref"": ""3"", ""rskip"": ""0"", ""sao"": ""0"", ""scenecut"": ""34"", ""subme"": ""1"", ""tu-inter-depth"": ""1"", ""tu-intra-depth"": ""3"", ""weightb"": ""1"", ""weightp"": ""1"", ""wpp"": ""0""}"
x265,lf09_hard01,"lambda_f=0.9, hard=0.1",16035,RQ3,60,18.81,16.32,18.81,16.96304988861084,"['Standard', '320p', 30, '10s']",0.0,16.962944507598877,0.0,"{""amp"": ""1"", ""aq-mode"": ""3"", ""aq-strength"": ""1.5"", ""b-adapt"": ""2"", ""bframes"": ""8"", ""crf"": ""18.0"", ""ctu"": ""64"", ""keyint"": ""454"", ""limit-refs"": ""2"", ""limit-tu"": ""4"", ""me"": ""star"", ""merange"": ""56"", ""open-gop"": ""1"", ""psy-rd"": ""3.0"", ""psy-rdoq"": ""4.5"", ""qcomp"": ""0.8"", ""qpmax"": ""36"", ""qpmin"": ""4"", ""rc-lookahead"": ""29"", ""rd"": ""3"", ""rdoq-level"": ""1"", ""rect"": ""1"", ""ref"": ""2"", ""rskip"": ""1"", ""sao"": ""1"", ""scenecut"": ""55"", ""subme"": ""4"", ""tu-inter-depth"": ""3"", ""tu-intra-depth"": ""4"", ""weightb"": ""1"", ""weightp"": ""0"", ""wpp"": ""1""}"
x265,lf09_hard01,"lambda_f=0.9, hard=0.1",16035,RQ3,61,8.02,37.97,8.02,38.366660833358765,"['Standard', '320p', 30, '10s']",0.0,38.36655640602112,0.0,"{""amp"": ""0"", ""aq-mode"": ""2"", ""aq-strength"": ""1.2"", ""b-adapt"": ""0"", ""bframes"": ""4"", ""crf"": ""25.0"", ""ctu"": ""64"", ""keyint"": ""373"", ""limit-refs"": ""1"", ""limit-tu"": ""3"", ""me"": ""dia"", ""merange"": ""54"", ""open-gop"": ""0"", ""psy-rd"": ""0.0"", ""psy-rdoq"": ""2.5"", ""qcomp"": ""0.8"", ""qpmax"": ""25"", ""qpmin"": ""9"", ""rc-lookahead"": ""29"", ""rd"": ""5"", ""rdoq-level"": ""0"", ""rect"": ""1"", ""ref"": ""5"", ""rskip"": ""0"", ""sao"": ""1"", ""scenecut"": ""9"", ""subme"": ""4"", ""tu-inter-depth"": ""1"", ""tu-intra-depth"": ""4"", ""weightb"": ""0"", ""weightp"": ""0"", ""wpp"": ""1""}"
x265,lf09_hard01,"lambda_f=0.9, hard=0.1",16035,RQ3,62,24.28,12.6,24.28,12.994709491729736,"['Standard', '320p', 30, '10s']",0.0,12.994589805603027,0.0,"{""amp"": ""0"", ""aq-mode"": ""1"", ""aq-strength"": ""1.0"", ""b-adapt"": ""0"", ""bframes"": ""1"", ""crf"": ""28.0"", ""ctu"": ""32"", ""keyint"": ""82"", ""limit-refs"": ""3"", ""limit-tu"": ""2"", ""me"": ""dia"", ""merange"": ""53"", ""open-gop"": ""1"", ""psy-rd"": ""2.0"", ""psy-rdoq"": ""3.0"", ""qcomp"": ""0.8"", ""qpmax"": ""45"", ""qpmin"": ""18"", ""rc-lookahead"": ""30"", ""rd"": ""6"", ""rdoq-level"": ""1"", ""rect"": ""0"", ""ref"": ""2"", ""rskip"": ""0"", ""sao"": ""1"", ""scenecut"": ""26"", ""subme"": ""2"", ""tu-inter-depth"": ""1"", ""tu-intra-depth"": ""4"", ""weightb"": ""0"", ""weightp"": ""0"", ""wpp"": ""0""}"
x265,lf09_hard01,"lambda_f=0.9, hard=0.1",16035,RQ3,63,34.68,8.85,34.68,9.248639583587646,"['Standard', '320p', 30, '10s']",0.0,9.248544692993164,0.0,"{""amp"": ""0"", ""aq-mode"": ""1"", ""aq-strength"": ""0.8"", ""b-adapt"": ""1"", ""bframes"": ""3"", ""crf"": ""25.0"", ""ctu"": ""64"", ""keyint"": ""413"", ""limit-refs"": ""0"", ""limit-tu"": ""3"", ""me"": ""umh"", ""merange"": ""21"", ""open-gop"": ""0"", ""psy-rd"": ""2.0"", ""psy-rdoq"": ""2.0"", ""qcomp"": ""0.6"", ""qpmax"": ""50"", ""qpmin"": ""3"", ""rc-lookahead"": ""11"", ""rd"": ""3"", ""rdoq-level"": ""0"", ""rect"": ""1"", ""ref"": ""1"", ""rskip"": ""0"", ""sao"": ""0"", ""scenecut"": ""64"", ""subme"": ""4"", ""tu-inter-depth"": ""1"", ""tu-intra-depth"": ""3"", ""weightb"": ""0"", ""weightp"": ""0"", ""wpp"": ""0""}"
x265,lf09_hard01,"lambda_f=0.9, hard=0.1",16035,RQ3,64,16.7,18.28,16.7,18.681094884872437,"['Standard', '320p', 30, '10s']",0.0,18.680994033813477,0.0,"{""amp"": ""1"", ""aq-mode"": ""3"", ""aq-strength"": ""1.5"", ""b-adapt"": ""1"", ""bframes"": ""0"", ""crf"": ""28.0"", ""ctu"": ""32"", ""keyint"": ""55"", ""limit-refs"": ""1"", ""limit-tu"": ""4"", ""me"": ""star"", ""merange"": ""24"", ""open-gop"": ""1"", ""psy-rd"": ""2.0"", ""psy-rdoq"": ""1.0"", ""qcomp"": ""0.5"", ""qpmax"": ""24"", ""qpmin"": ""2"", ""rc-lookahead"": ""41"", ""rd"": ""4"", ""rdoq-level"": ""1"", ""rect"": ""0"", ""ref"": ""3"", ""rskip"": ""1"", ""sao"": ""0"", ""scenecut"": ""76"", ""subme"": ""4"", ""tu-inter-depth"": ""3"", ""tu-intra-depth"": ""1"", ""weightb"": ""1"", ""weightp"": ""0"", ""wpp"": ""0""}"
x265,lf09_hard01,"lambda_f=0.9, hard=0.1",16035,RQ3,65,31.09,9.86,31.09,10.268462657928467,"['Standard', '320p', 30, '10s']",0.0,10.268367767333984,0.0,"{""amp"": ""1"", ""aq-mode"": ""2"", ""aq-strength"": ""1.0"", ""b-adapt"": ""1"", ""bframes"": ""3"", ""crf"": ""18.0"", ""ctu"": ""32"", ""keyint"": ""162"", ""limit-refs"": ""2"", ""limit-tu"": ""1"", ""me"": ""umh"", ""merange"": ""57"", ""open-gop"": ""0"", ""psy-rd"": ""2.5"", ""psy-rdoq"": ""5.0"", ""qcomp"": ""1.0"", ""qpmax"": ""26"", ""qpmin"": ""20"", ""rc-lookahead"": ""11"", ""rd"": ""3"", ""rdoq-level"": ""0"", ""rect"": ""0"", ""ref"": ""4"", ""rskip"": ""1"", ""sao"": ""1"", ""scenecut"": ""80"", ""subme"": ""3"", ""tu-inter-depth"": ""1"", ""tu-intra-depth"": ""2"", ""weightb"": ""0"", ""weightp"": ""0"", ""wpp"": ""0""}"
x265,lf09_hard01,"lambda_f=0.9, hard=0.1",16035,RQ3,66,11.94,25.55,11.94,25.969306468963623,"['Standard', '320p', 30, '10s']",0.0,25.969205141067505,0.0,"{""amp"": ""1"", ""aq-mode"": ""2"", ""aq-strength"": ""0.5"", ""b-adapt"": ""1"", ""bframes"": ""0"", ""crf"": ""18.0"", ""ctu"": ""64"", ""keyint"": ""127"", ""limit-refs"": ""1"", ""limit-tu"": ""1"", ""me"": ""hex"", ""merange"": ""59"", ""open-gop"": ""1"", ""psy-rd"": ""0.0"", ""psy-rdoq"": ""3.5"", ""qcomp"": ""1.0"", ""qpmax"": ""35"", ""qpmin"": ""16"", ""rc-lookahead"": ""51"", ""rd"": ""1"", ""rdoq-level"": ""2"", ""rect"": ""1"", ""ref"": ""4"", ""rskip"": ""1"", ""sao"": ""1"", ""scenecut"": ""60"", ""subme"": ""3"", ""tu-inter-depth"": ""4"", ""tu-intra-depth"": ""4"", ""weightb"": ""1"", ""weightp"": ""1"", ""wpp"": ""0""}"
x265,lf09_hard01,"lambda_f=0.9, hard=0.1",16035,RQ3,67,72.74,4.28,72.74,4.712868928909302,"['Standard', '320p', 30, '10s']",0.0,4.712769508361816,0.0,"{""amp"": ""0"", ""aq-mode"": ""1"", ""aq-strength"": ""2.0"", ""b-adapt"": ""0"", ""bframes"": ""5"", ""crf"": ""28.0"", ""ctu"": ""32"", ""keyint"": ""463"", ""limit-refs"": ""2"", ""limit-tu"": ""3"", ""me"": ""hex"", ""merange"": ""41"", ""open-gop"": ""0"", ""psy-rd"": ""2.0"", ""psy-rdoq"": ""2.0"", ""qcomp"": ""0.75"", ""qpmax"": ""45"", ""qpmin"": ""12"", ""rc-lookahead"": ""56"", ""rd"": ""4"", ""rdoq-level"": ""1"", ""rect"": ""0"", ""ref"": ""4"", ""rskip"": ""1"", ""sao"": ""1"", ""scenecut"": ""21"", ""subme"": ""4"", ""tu-inter-depth"": ""3"", ""tu-intra-depth"": ""3"", ""weightb"": ""1"", ""weightp"": ""1"", ""wpp"": ""0""}"
x265,lf09_hard01,"lambda_f=0.9, hard=0.1",16035,RQ3,68,42.13,7.3,42.13,7.70321798324585,"['Standard', '320p', 30, '10s']",0.0,7.703070640563965,0.0,"{""amp"": ""1"", ""aq-mode"": ""1"", ""aq-strength"": ""1.2"", ""b-adapt"": ""1"", ""bframes"": ""2"", ""crf"": ""32.0"", ""ctu"": ""32"", ""keyint"": ""100"", ""limit-refs"": ""2"", ""limit-tu"": ""3"", ""me"": ""dia"", ""merange"": ""48"", ""open-gop"": ""0"", ""psy-rd"": ""0.0"", ""psy-rdoq"": ""4.5"", ""qcomp"": ""0.7"", ""qpmax"": ""25"", ""qpmin"": ""7"", ""rc-lookahead"": ""31"", ""rd"": ""4"", ""rdoq-level"": ""1"", ""rect"": ""0"", ""ref"": ""4"", ""rskip"": ""1"", ""sao"": ""1"", ""scenecut"": ""49"", ""subme"": ""3"", ""tu-inter-depth"": ""1"", ""tu-intra-depth"": ""2"", ""weightb"": ""1"", ""weightp"": ""0"", ""wpp"": ""1""}"
x265,lf09_hard01,"lambda_f=0.9, hard=0.1",16035,RQ3,69,5.46,55.72,5.46,56.117846727371216,"['Standard', '320p', 30, '10s']",0.0,56.11774706840515,0.0,"{""amp"": ""0"", ""aq-mode"": ""3"", ""aq-strength"": ""0.5"", ""b-adapt"": ""2"", ""bframes"": ""8"", ""crf"": ""32.0"", ""ctu"": ""32"", ""keyint"": ""331"", ""limit-refs"": ""1"", ""limit-tu"": ""2"", ""me"": ""full"", ""merange"": ""63"", ""open-gop"": ""1"", ""psy-rd"": ""0.0"", ""psy-rdoq"": ""2.5"", ""qcomp"": ""0.7"", ""qpmax"": ""50"", ""qpmin"": ""17"", ""rc-lookahead"": ""20"", ""rd"": ""3"", ""rdoq-level"": ""2"", ""rect"": ""1"", ""ref"": ""5"", ""rskip"": ""0"", ""sao"": ""1"", ""scenecut"": ""71"", ""subme"": ""1"", ""tu-inter-depth"": ""4"", ""tu-intra-depth"": ""1"", ""weightb"": ""1"", ""weightp"": ""0"", ""wpp"": ""0""}"
x265,lf09_hard01,"lambda_f=0.9, hard=0.1",16035,RQ3,70,154.36,2.06,154.36,2.4467451572418213,"['Standard', '320p', 30, '10s']",0.0,2.446648597717285,0.0,"{""amp"": ""0"", ""aq-mode"": ""1"", ""aq-strength"": ""1.0"", ""b-adapt"": ""0"", ""bframes"": ""8"", ""crf"": ""32.0"", ""ctu"": ""32"", ""keyint"": ""190"", ""limit-refs"": ""3"", ""limit-tu"": ""4"", ""me"": ""dia"", ""merange"": ""37"", ""open-gop"": ""0"", ""psy-rd"": ""1.0"", ""psy-rdoq"": ""0.5"", ""qcomp"": ""0.5"", ""qpmax"": ""45"", ""qpmin"": ""11"", ""rc-lookahead"": ""16"", ""rd"": ""3"", ""rdoq-level"": ""0"", ""rect"": ""0"", ""ref"": ""2"", ""rskip"": ""1"", ""sao"": ""0"", ""scenecut"": ""55"", ""subme"": ""3"", ""tu-inter-depth"": ""3"", ""tu-intra-depth"": ""2"", ""weightb"": ""1"", ""weightp"": ""1"", ""wpp"": ""0""}"
x265,lf09_hard01,"lambda_f=0.9, hard=0.1",16035,RQ3,71,44.26,6.96,44.26,7.357286691665649,"['Standard', '320p', 30, '10s']",0.0,7.357188940048218,0.0,"{""amp"": ""0"", ""aq-mode"": ""4"", ""aq-strength"": ""1.8"", ""b-adapt"": ""0"", ""bframes"": ""5"", ""crf"": ""22.0"", ""ctu"": ""32"", ""keyint"": ""83"", ""limit-refs"": ""0"", ""limit-tu"": ""1"", ""me"": ""hex"", ""merange"": ""41"", ""open-gop"": ""1"", ""psy-rd"": ""2.5"", ""psy-rdoq"": ""4.5"", ""qcomp"": ""1.0"", ""qpmax"": ""47"", ""qpmin"": ""8"", ""rc-lookahead"": ""47"", ""rd"": ""4"", ""rdoq-level"": ""1"", ""rect"": ""0"", ""ref"": ""4"", ""rskip"": ""1"", ""sao"": ""1"", ""scenecut"": ""52"", ""subme"": ""2"", ""tu-inter-depth"": ""1"", ""tu-intra-depth"": ""1"", ""weightb"": ""0"", ""weightp"": ""1"", ""wpp"": ""0""}"
x265,lf09_hard01,"lambda_f=0.9, hard=0.1",16035,RQ3,72,18.4,16.61,18.4,17.009913206100464,"['Standard', '320p', 30, '10s']",0.0,17.009816646575928,0.0,"{""amp"": ""0"", ""aq-mode"": ""3"", ""aq-strength"": ""0.0"", ""b-adapt"": ""2"", ""bframes"": ""5"", ""crf"": ""30.0"", ""ctu"": ""64"", ""keyint"": ""124"", ""limit-refs"": ""2"", ""limit-tu"": ""2"", ""me"": ""star"", ""merange"": ""48"", ""open-gop"": ""1"", ""psy-rd"": ""4.0"", ""psy-rdoq"": ""2.5"", ""qcomp"": ""0.8"", ""qpmax"": ""37"", ""qpmin"": ""17"", ""rc-lookahead"": ""13"", ""rd"": ""6"", ""rdoq-level"": ""0"", ""rect"": ""1"", ""ref"": ""1"", ""rskip"": ""1"", ""sao"": ""1"", ""scenecut"": ""88"", ""subme"": ""4"", ""tu-inter-depth"": ""3"", ""tu-intra-depth"": ""3"", ""weightb"": ""1"", ""weightp"": ""0"", ""wpp"": ""0""}"
x265,lf09_hard01,"lambda_f=0.9, hard=0.1",16035,RQ3,73,15.5,19.7,15.5,20.104326963424683,"['Standard', '320p', 30, '10s']",0.0,20.104233980178833,0.0,"{""amp"": ""0"", ""aq-mode"": ""3"", ""aq-strength"": ""1.8"", ""b-adapt"": ""2"", ""bframes"": ""0"", ""crf"": ""30.0"", ""ctu"": ""16"", ""keyint"": ""337"", ""limit-refs"": ""1"", ""limit-tu"": ""2"", ""me"": ""dia"", ""merange"": ""16"", ""open-gop"": ""1"", ""psy-rd"": ""4.0"", ""psy-rdoq"": ""2.5"", ""qcomp"": ""0.8"", ""qpmax"": ""21"", ""qpmin"": ""12"", ""rc-lookahead"": ""50"", ""rd"": ""3"", ""rdoq-level"": ""2"", ""rect"": ""1"", ""ref"": ""4"", ""rskip"": ""1"", ""sao"": ""1"", ""scenecut"": ""51"", ""subme"": ""4"", ""tu-inter-depth"": ""2"", ""tu-intra-depth"": ""2"", ""weightb"": ""1"", ""weightp"": ""0"", ""wpp"": ""0""}"
x265,lf09_hard01,"lambda_f=0.9, hard=0.1",16035,RQ3,74,28.67,10.69,28.67,11.09156584739685,"['Standard', '320p', 30, '10s']",0.0,11.091468811035156,0.0,"{""amp"": ""1"", ""aq-mode"": ""1"", ""aq-strength"": ""0.5"", ""b-adapt"": ""1"", ""bframes"": ""6"", ""crf"": ""18.0"", ""ctu"": ""32"", ""keyint"": ""238"", ""limit-refs"": ""1"", ""limit-tu"": ""3"", ""me"": ""hex"", ""merange"": ""31"", ""open-gop"": ""1"", ""psy-rd"": ""0.0"", ""psy-rdoq"": ""4.5"", ""qcomp"": ""0.75"", ""qpmax"": ""41"", ""qpmin"": ""8"", ""rc-lookahead"": ""42"", ""rd"": ""4"", ""rdoq-level"": ""2"", ""rect"": ""0"", ""ref"": ""3"", ""rskip"": ""0"", ""sao"": ""1"", ""scenecut"": ""66"", ""subme"": ""3"", ""tu-inter-depth"": ""4"", ""tu-intra-depth"": ""3"", ""weightb"": ""1"", ""weightp"": ""1"", ""wpp"": ""0""}"
x265,lf09_hard01,"lambda_f=0.9, hard=0.1",16035,RQ3,75,10.63,28.69,10.63,29.091109037399292,"['Standard', '320p', 30, '10s']",0.0,29.091009378433228,0.0,"{""amp"": ""0"", ""aq-mode"": ""4"", ""aq-strength"": ""0.8"", ""b-adapt"": ""1"", ""bframes"": ""6"", ""crf"": ""22.0"", ""ctu"": ""16"", ""keyint"": ""314"", ""limit-refs"": ""0"", ""limit-tu"": ""1"", ""me"": ""hex"", ""merange"": ""29"", ""open-gop"": ""0"", ""psy-rd"": ""1.0"", ""psy-rdoq"": ""0.5"", ""qcomp"": ""0.8"", ""qpmax"": ""26"", ""qpmin"": ""11"", ""rc-lookahead"": ""25"", ""rd"": ""5"", ""rdoq-level"": ""1"", ""rect"": ""0"", ""ref"": ""4"", ""rskip"": ""1"", ""sao"": ""1"", ""scenecut"": ""14"", ""subme"": ""4"", ""tu-inter-depth"": ""3"", ""tu-intra-depth"": ""3"", ""weightb"": ""0"", ""weightp"": ""1"", ""wpp"": ""0""}"
x265,lf09_hard01,"lambda_f=0.9, hard=0.1",16035,RQ3,76,8.07,37.77,8.07,38.175010442733765,"['Standard', '320p', 30, '10s']",0.0,38.174912452697754,0.0,"{""amp"": ""0"", ""aq-mode"": ""4"", ""aq-strength"": ""0.0"", ""b-adapt"": ""2"", ""bframes"": ""6"", ""crf"": ""18.0"", ""ctu"": ""32"", ""keyint"": ""58"", ""limit-refs"": ""3"", ""limit-tu"": ""2"", ""me"": ""umh"", ""merange"": ""47"", ""open-gop"": ""1"", ""psy-rd"": ""1.0"", ""psy-rdoq"": ""5.0"", ""qcomp"": ""0.7"", ""qpmax"": ""50"", ""qpmin"": ""16"", ""rc-lookahead"": ""23"", ""rd"": ""5"", ""rdoq-level"": ""2"", ""rect"": ""0"", ""ref"": ""5"", ""rskip"": ""1"", ""sao"": ""0"", ""scenecut"": ""33"", ""subme"": ""1"", ""tu-inter-depth"": ""2"", ""tu-intra-depth"": ""3"", ""weightb"": ""1"", ""weightp"": ""0"", ""wpp"": ""0""}"
x265,lf09_hard01,"lambda_f=0.9, hard=0.1",16035,RQ3,77,30.52,10.06,30.52,10.461890459060669,"['Standard', '320p', 30, '10s']",0.0,10.46179723739624,0.0,"{""amp"": ""0"", ""aq-mode"": ""4"", ""aq-strength"": ""0.8"", ""b-adapt"": ""2"", ""bframes"": ""4"", ""crf"": ""22.0"", ""ctu"": ""64"", ""keyint"": ""280"", ""limit-refs"": ""0"", ""limit-tu"": ""4"", ""me"": ""dia"", ""merange"": ""60"", ""open-gop"": ""1"", ""psy-rd"": ""2.5"", ""psy-rdoq"": ""1.0"", ""qcomp"": ""0.7"", ""qpmax"": ""26"", ""qpmin"": ""3"", ""rc-lookahead"": ""54"", ""rd"": ""3"", ""rdoq-level"": ""0"", ""rect"": ""0"", ""ref"": ""4"", ""rskip"": ""0"", ""sao"": ""1"", ""scenecut"": ""3"", ""subme"": ""2"", ""tu-inter-depth"": ""2"", ""tu-intra-depth"": ""1"", ""weightb"": ""1"", ""weightp"": ""0"", ""wpp"": ""1""}"
x265,lf09_hard01,"lambda_f=0.9, hard=0.1",16035,RQ3,78,59.69,5.17,59.69,5.570957899093628,"['Standard', '320p', 30, '10s']",0.0,5.570857524871826,0.0,"{""amp"": ""0"", ""aq-mode"": ""2"", ""aq-strength"": ""1.0"", ""b-adapt"": ""1"", ""bframes"": ""5"", ""crf"": ""32.0"", ""ctu"": ""32"", ""keyint"": ""359"", ""limit-refs"": ""2"", ""limit-tu"": ""1"", ""me"": ""star"", ""merange"": ""34"", ""open-gop"": ""1"", ""psy-rd"": ""1.5"", ""psy-rdoq"": ""4.0"", ""qcomp"": ""0.75"", ""qpmax"": ""46"", ""qpmin"": ""8"", ""rc-lookahead"": ""28"", ""rd"": ""3"", ""rdoq-level"": ""0"", ""rect"": ""1"", ""ref"": ""6"", ""rskip"": ""0"", ""sao"": ""0"", ""scenecut"": ""27"", ""subme"": ""2"", ""tu-inter-depth"": ""2"", ""tu-intra-depth"": ""3"", ""weightb"": ""1"", ""weightp"": ""0"", ""wpp"": ""1""}"
x265,lf09_hard01,"lambda_f=0.9, hard=0.1",16035,RQ3,79,12.6,24.2,12.6,24.604925394058228,"['Standard', '320p', 30, '10s']",0.0,24.60482931137085,0.0,"{""amp"": ""0"", ""aq-mode"": ""2"", ""aq-strength"": ""0.5"", ""b-adapt"": ""0"", ""bframes"": ""5"", ""crf"": ""20.0"", ""ctu"": ""16"", ""keyint"": ""452"", ""limit-refs"": ""3"", ""limit-tu"": ""4"", ""me"": ""dia"", ""merange"": ""51"", ""open-gop"": ""1"", ""psy-rd"": ""1.0"", ""psy-rdoq"": ""0.0"", ""qcomp"": ""0.75"", ""qpmax"": ""42"", ""qpmin"": ""19"", ""rc-lookahead"": ""51"", ""rd"": ""6"", ""rdoq-level"": ""2"", ""rect"": ""1"", ""ref"": ""2"", ""rskip"": ""1"", ""sao"": ""1"", ""scenecut"": ""72"", ""subme"": ""3"", ""tu-inter-depth"": ""3"", ""tu-intra-depth"": ""3"", ""weightb"": ""0"", ""weightp"": ""1"", ""wpp"": ""1""}"
x265,lf09_hard01,"lambda_f=0.9, hard=0.1",16035,RQ3,80,9.37,32.53,9.37,32.92985224723816,"['Standard', '320p', 30, '10s']",0.0,32.92975211143494,0.0,"{""amp"": ""0"", ""aq-mode"": ""4"", ""aq-strength"": ""0.0"", ""b-adapt"": ""1"", ""bframes"": ""4"", ""crf"": ""28.0"", ""ctu"": ""32"", ""keyint"": ""391"", ""limit-refs"": ""3"", ""limit-tu"": ""2"", ""me"": ""star"", ""merange"": ""52"", ""open-gop"": ""1"", ""psy-rd"": ""2.0"", ""psy-rdoq"": ""3.0"", ""qcomp"": ""0.75"", ""qpmax"": ""48"", ""qpmin"": ""15"", ""rc-lookahead"": ""40"", ""rd"": ""5"", ""rdoq-level"": ""2"", ""rect"": ""1"", ""ref"": ""5"", ""rskip"": ""1"", ""sao"": ""1"", ""scenecut"": ""44"", ""subme"": ""5"", ""tu-inter-depth"": ""4"", ""tu-intra-depth"": ""1"", ""weightb"": ""1"", ""weightp"": ""0"", ""wpp"": ""0""}"
x265,lf09_hard01,"lambda_f=0.9, hard=0.1",16035,RQ3,81,24.93,12.35,24.93,12.980302572250366,"['Standard', '320p', 30, '10s']",0.0,12.980192184448242,0.0,"{""amp"": ""0"", ""aq-mode"": ""3"", ""aq-strength"": ""1.0"", ""b-adapt"": ""2"", ""bframes"": ""4"", ""crf"": ""20.0"", ""ctu"": ""32"", ""keyint"": ""296"", ""limit-refs"": ""1"", ""limit-tu"": ""2"", ""me"": ""dia"", ""merange"": ""50"", ""open-gop"": ""1"", ""psy-rd"": ""0.5"", ""psy-rdoq"": ""0.5"", ""qcomp"": ""0.6"", ""qpmax"": ""39"", ""qpmin"": ""15"", ""rc-lookahead"": ""51"", ""rd"": ""3"", ""rdoq-level"": ""2"", ""rect"": ""1"", ""ref"": ""2"", ""rskip"": ""0"", ""sao"": ""0"", ""scenecut"": ""58"", ""subme"": ""2"", ""tu-inter-depth"": ""3"", ""tu-intra-depth"": ""4"", ""weightb"": ""0"", ""weightp"": ""1"", ""wpp"": ""1""}"
x265,lf09_hard01,"lambda_f=0.9, hard=0.1",16035,RQ3,82,23.43,13.06,23.43,13.466092586517334,"['Standard', '320p', 30, '10s']",0.0,13.466001033782959,0.0,"{""amp"": ""1"", ""aq-mode"": ""1"", ""aq-strength"": ""0.0"", ""b-adapt"": ""2"", ""bframes"": ""1"", ""crf"": ""20.0"", ""ctu"": ""64"", ""keyint"": ""356"", ""limit-refs"": ""2"", ""limit-tu"": ""3"", ""me"": ""star"", ""merange"": ""56"", ""open-gop"": ""0"", ""psy-rd"": ""2.5"", ""psy-rdoq"": ""1.0"", ""qcomp"": ""0.8"", ""qpmax"": ""50"", ""qpmin"": ""15"", ""rc-lookahead"": ""25"", ""rd"": ""3"", ""rdoq-level"": ""0"", ""rect"": ""0"", ""ref"": ""6"", ""rskip"": ""1"", ""sao"": ""1"", ""scenecut"": ""84"", ""subme"": ""5"", ""tu-inter-depth"": ""4"", ""tu-intra-depth"": ""4"", ""weightb"": ""0"", ""weightp"": ""1"", ""wpp"": ""1""}"
x265,lf09_hard01,"lambda_f=0.9, hard=0.1",16035,RQ3,83,46.08,6.68,46.08,7.086422920227051,"['Standard', '320p', 30, '10s']",0.0,7.086323499679565,0.0,"{""amp"": ""0"", ""aq-mode"": ""2"", ""aq-strength"": ""0.8"", ""b-adapt"": ""1"", ""bframes"": ""2"", ""crf"": ""25.0"", ""ctu"": ""32"", ""keyint"": ""66"", ""limit-refs"": ""0"", ""limit-tu"": ""3"", ""me"": ""full"", ""merange"": ""19"", ""open-gop"": ""1"", ""psy-rd"": ""3.0"", ""psy-rdoq"": ""1.5"", ""qcomp"": ""0.75"", ""qpmax"": ""48"", ""qpmin"": ""5"", ""rc-lookahead"": ""50"", ""rd"": ""4"", ""rdoq-level"": ""0"", ""rect"": ""0"", ""ref"": ""1"", ""rskip"": ""0"", ""sao"": ""0"", ""scenecut"": ""62"", ""subme"": ""1"", ""tu-inter-depth"": ""4"", ""tu-intra-depth"": ""1"", ""weightb"": ""0"", ""weightp"": ""1"", ""wpp"": ""1""}"
x265,lf09_hard01,"lambda_f=0.9, hard=0.1",16035,RQ3,84,12.45,24.5,12.45,25.00886106491089,"['Standard', '320p', 30, '10s']",0.0,25.008758068084717,0.0,"{""amp"": ""0"", ""aq-mode"": ""3"", ""aq-strength"": ""0.5"", ""b-adapt"": ""0"", ""bframes"": ""0"", ""crf"": ""28.0"", ""ctu"": ""16"", ""keyint"": ""499"", ""limit-refs"": ""3"", ""limit-tu"": ""4"", ""me"": ""hex"", ""merange"": ""49"", ""open-gop"": ""0"", ""psy-rd"": ""2.0"", ""psy-rdoq"": ""1.0"", ""qcomp"": ""0.5"", ""qpmax"": ""31"", ""qpmin"": ""17"", ""rc-lookahead"": ""25"", ""rd"": ""6"", ""rdoq-level"": ""2"", ""rect"": ""1"", ""ref"": ""2"", ""rskip"": ""1"", ""sao"": ""1"", ""scenecut"": ""31"", ""subme"": ""4"", ""tu-inter-depth"": ""3"", ""tu-intra-depth"": ""3"", ""weightb"": ""1"", ""weightp"": ""0"", ""wpp"": ""1""}"
x265,lf09_hard01,"lambda_f=0.9, hard=0.1",16035,RQ3,85,12.96,23.54,12.96,23.93464183807373,"['Standard', '320p', 30, '10s']",0.0,23.93454122543335,0.0,"{""amp"": ""0"", ""aq-mode"": ""3"", ""aq-strength"": ""1.5"", ""b-adapt"": ""0"", ""bframes"": ""7"", ""crf"": ""30.0"", ""ctu"": ""64"", ""keyint"": ""209"", ""limit-refs"": ""2"", ""limit-tu"": ""1"", ""me"": ""hex"", ""merange"": ""29"", ""open-gop"": ""0"", ""psy-rd"": ""2.0"", ""psy-rdoq"": ""3.5"", ""qcomp"": ""0.7"", ""qpmax"": ""38"", ""qpmin"": ""7"", ""rc-lookahead"": ""55"", ""rd"": ""5"", ""rdoq-level"": ""2"", ""rect"": ""1"", ""ref"": ""4"", ""rskip"": ""1"", ""sao"": ""1"", ""scenecut"": ""47"", ""subme"": ""5"", ""tu-inter-depth"": ""3"", ""tu-intra-depth"": ""3"", ""weightb"": ""0"", ""weightp"": ""1"", ""wpp"": ""1""}"
x265,lf09_hard01,"lambda_f=0.9, hard=0.1",16035,RQ3,86,85.85,3.63,85.85,4.046101808547974,"['Standard', '320p', 30, '10s']",0.0,4.04600977897644,0.0,"{""amp"": ""0"", ""aq-mode"": ""3"", ""aq-strength"": ""1.2"", ""b-adapt"": ""1"", ""bframes"": ""2"", ""crf"": ""30.0"", ""ctu"": ""32"", ""keyint"": ""80"", ""limit-refs"": ""1"", ""limit-tu"": ""3"", ""me"": ""hex"", ""merange"": ""56"", ""open-gop"": ""0"", ""psy-rd"": ""2.5"", ""psy-rdoq"": ""4.5"", ""qcomp"": ""0.5"", ""qpmax"": ""39"", ""qpmin"": ""10"", ""rc-lookahead"": ""60"", ""rd"": ""4"", ""rdoq-level"": ""1"", ""rect"": ""0"", ""ref"": ""6"", ""rskip"": ""1"", ""sao"": ""0"", ""scenecut"": ""91"", ""subme"": ""3"", ""tu-inter-depth"": ""1"", ""tu-intra-depth"": ""2"", ""weightb"": ""1"", ""weightp"": ""0"", ""wpp"": ""1""}"
x265,lf09_hard01,"lambda_f=0.9, hard=0.1",16035,RQ3,87,14.89,20.51,14.89,20.902485132217407,"['Standard', '320p', 30, '10s']",0.0,20.90238618850708,0.0,"{""amp"": ""1"", ""aq-mode"": ""4"", ""aq-strength"": ""1.5"", ""b-adapt"": ""0"", ""bframes"": ""2"", ""crf"": ""22.0"", ""ctu"": ""64"", ""keyint"": ""292"", ""limit-refs"": ""3"", ""limit-tu"": ""0"", ""me"": ""dia"", ""merange"": ""52"", ""open-gop"": ""0"", ""psy-rd"": ""1.5"", ""psy-rdoq"": ""3.5"", ""qcomp"": ""0.5"", ""qpmax"": ""44"", ""qpmin"": ""12"", ""rc-lookahead"": ""31"", ""rd"": ""4"", ""rdoq-level"": ""2"", ""rect"": ""1"", ""ref"": ""6"", ""rskip"": ""0"", ""sao"": ""1"", ""scenecut"": ""64"", ""subme"": ""4"", ""tu-inter-depth"": ""4"", ""tu-intra-depth"": ""2"", ""weightb"": ""1"", ""weightp"": ""0"", ""wpp"": ""0""}"
x265,lf09_hard01,"lambda_f=0.9, hard=0.1",16035,RQ3,88,19.63,15.57,19.63,15.956690073013306,"['Standard', '320p', 30, '10s']",0.0,15.956581592559814,0.0,"{""amp"": ""0"", ""aq-mode"": ""4"", ""aq-strength"": ""0.8"", ""b-adapt"": ""2"", ""bframes"": ""1"", ""crf"": ""30.0"", ""ctu"": ""16"", ""keyint"": ""473"", ""limit-refs"": ""2"", ""limit-tu"": ""3"", ""me"": ""hex"", ""merange"": ""52"", ""open-gop"": ""0"", ""psy-rd"": ""2.5"", ""psy-rdoq"": ""1.5"", ""qcomp"": ""1.0"", ""qpmax"": ""51"", ""qpmin"": ""0"", ""rc-lookahead"": ""55"", ""rd"": ""5"", ""rdoq-level"": ""0"", ""rect"": ""1"", ""ref"": ""5"", ""rskip"": ""1"", ""sao"": ""1"", ""scenecut"": ""43"", ""subme"": ""4"", ""tu-inter-depth"": ""3"", ""tu-intra-depth"": ""2"", ""weightb"": ""1"", ""weightp"": ""1"", ""wpp"": ""1""}"
x265,lf09_hard01,"lambda_f=0.9, hard=0.1",16035,RQ3,89,25.44,12.11,25.44,12.758935928344727,"['Standard', '320p', 30, '10s']",0.0,12.75882887840271,0.0,"{""amp"": ""0"", ""aq-mode"": ""2"", ""aq-strength"": ""2.0"", ""b-adapt"": ""2"", ""bframes"": ""6"", ""crf"": ""20.0"", ""ctu"": ""64"", ""keyint"": ""286"", ""limit-refs"": ""2"", ""limit-tu"": ""4"", ""me"": ""hex"", ""merange"": ""60"", ""open-gop"": ""1"", ""psy-rd"": ""0.0"", ""psy-rdoq"": ""1.5"", ""qcomp"": ""0.8"", ""qpmax"": ""46"", ""qpmin"": ""20"", ""rc-lookahead"": ""44"", ""rd"": ""4"", ""rdoq-level"": ""2"", ""rect"": ""1"", ""ref"": ""5"", ""rskip"": ""1"", ""sao"": ""0"", ""scenecut"": ""80"", ""subme"": ""2"", ""tu-inter-depth"": ""3"", ""tu-intra-depth"": ""3"", ""weightb"": ""1"", ""weightp"": ""1"", ""wpp"": ""1""}"
x265,lf09_hard01,"lambda_f=0.9, hard=0.1",16035,RQ3,90,37.58,8.17,37.58,8.594767332077026,"['Standard', '320p', 30, '10s']",0.0,8.594664573669434,0.0,"{""amp"": ""0"", ""aq-mode"": ""3"", ""aq-strength"": ""0.0"", ""b-adapt"": ""0"", ""bframes"": ""7"", ""crf"": ""18.0"", ""ctu"": ""32"", ""keyint"": ""86"", ""limit-refs"": ""2"", ""limit-tu"": ""2"", ""me"": ""umh"", ""merange"": ""28"", ""open-gop"": ""1"", ""psy-rd"": ""0.0"", ""psy-rdoq"": ""5.0"", ""qcomp"": ""0.8"", ""qpmax"": ""44"", ""qpmin"": ""16"", ""rc-lookahead"": ""29"", ""rd"": ""2"", ""rdoq-level"": ""0"", ""rect"": ""0"", ""ref"": ""4"", ""rskip"": ""0"", ""sao"": ""1"", ""scenecut"": ""7"", ""subme"": ""3"", ""tu-inter-depth"": ""2"", ""tu-intra-depth"": ""2"", ""weightb"": ""1"", ""weightp"": ""1"", ""wpp"": ""0""}"
x265,lf09_hard01,"lambda_f=0.9, hard=0.1",16035,RQ3,91,11.2,27.23,11.2,27.625252962112427,"['Standard', '320p', 30, '10s']",0.0,27.62515425682068,0.0,"{""amp"": ""0"", ""aq-mode"": ""0"", ""aq-strength"": ""1.8"", ""b-adapt"": ""1"", ""bframes"": ""3"", ""crf"": ""20.0"", ""ctu"": ""64"", ""keyint"": ""437"", ""limit-refs"": ""2"", ""limit-tu"": ""3"", ""me"": ""hex"", ""merange"": ""47"", ""open-gop"": ""1"", ""psy-rd"": ""4.0"", ""psy-rdoq"": ""2.5"", ""qcomp"": ""1.0"", ""qpmax"": ""25"", ""qpmin"": ""0"", ""rc-lookahead"": ""12"", ""rd"": ""5"", ""rdoq-level"": ""0"", ""rect"": ""0"", ""ref"": ""6"", ""rskip"": ""0"", ""sao"": ""0"", ""scenecut"": ""89"", ""subme"": ""2"", ""tu-inter-depth"": ""2"", ""tu-intra-depth"": ""2"", ""weightb"": ""1"", ""weightp"": ""1"", ""wpp"": ""1""}"
x265,lf09_hard01,"lambda_f=0.9, hard=0.1",16035,RQ3,92,29.3,10.47,29.3,10.862380027770996,"['Standard', '320p', 30, '10s']",0.0,10.862282276153564,0.0,"{""amp"": ""0"", ""aq-mode"": ""4"", ""aq-strength"": ""1.0"", ""b-adapt"": ""0"", ""bframes"": ""7"", ""crf"": ""22.0"", ""ctu"": ""32"", ""keyint"": ""120"", ""limit-refs"": ""3"", ""limit-tu"": ""2"", ""me"": ""dia"", ""merange"": ""17"", ""open-gop"": ""1"", ""psy-rd"": ""0.0"", ""psy-rdoq"": ""0.5"", ""qcomp"": ""1.0"", ""qpmax"": ""29"", ""qpmin"": ""3"", ""rc-lookahead"": ""41"", ""rd"": ""3"", ""rdoq-level"": ""2"", ""rect"": ""1"", ""ref"": ""5"", ""rskip"": ""1"", ""sao"": ""0"", ""scenecut"": ""34"", ""subme"": ""1"", ""tu-inter-depth"": ""4"", ""tu-intra-depth"": ""4"", ""weightb"": ""1"", ""weightp"": ""1"", ""wpp"": ""0""}"
x265,lf09_hard01,"lambda_f=0.9, hard=0.1",16035,RQ3,93,19.35,15.79,19.35,16.186808586120605,"['Standard', '320p', 30, '10s']",0.0,16.186708211898804,0.0,"{""amp"": ""0"", ""aq-mode"": ""3"", ""aq-strength"": ""1.8"", ""b-adapt"": ""2"", ""bframes"": ""4"", ""crf"": ""30.0"", ""ctu"": ""32"", ""keyint"": ""402"", ""limit-refs"": ""2"", ""limit-tu"": ""4"", ""me"": ""hex"", ""merange"": ""31"", ""open-gop"": ""0"", ""psy-rd"": ""0.5"", ""psy-rdoq"": ""0.5"", ""qcomp"": ""0.9"", ""qpmax"": ""23"", ""qpmin"": ""19"", ""rc-lookahead"": ""15"", ""rd"": ""3"", ""rdoq-level"": ""1"", ""rect"": ""1"", ""ref"": ""4"", ""rskip"": ""1"", ""sao"": ""0"", ""scenecut"": ""26"", ""subme"": ""4"", ""tu-inter-depth"": ""2"", ""tu-intra-depth"": ""1"", ""weightb"": ""0"", ""weightp"": ""0"", ""wpp"": ""0""}"
x265,lf09_hard01,"lambda_f=0.9, hard=0.1",16035,RQ3,94,16.54,18.46,16.54,18.874141931533813,"['Standard', '320p', 30, '10s']",0.0,18.874047994613647,0.0,"{""amp"": ""0"", ""aq-mode"": ""4"", ""aq-strength"": ""1.2"", ""b-adapt"": ""2"", ""bframes"": ""8"", ""crf"": ""22.0"", ""ctu"": ""32"", ""keyint"": ""448"", ""limit-refs"": ""1"", ""limit-tu"": ""2"", ""me"": ""dia"", ""merange"": ""30"", ""open-gop"": ""1"", ""psy-rd"": ""3.5"", ""psy-rdoq"": ""5.0"", ""qcomp"": ""0.7"", ""qpmax"": ""36"", ""qpmin"": ""7"", ""rc-lookahead"": ""40"", ""rd"": ""5"", ""rdoq-level"": ""0"", ""rect"": ""1"", ""ref"": ""3"", ""rskip"": ""1"", ""sao"": ""1"", ""scenecut"": ""63"", ""subme"": ""4"", ""tu-inter-depth"": ""2"", ""tu-intra-depth"": ""4"", ""weightb"": ""1"", ""weightp"": ""0"", ""wpp"": ""1""}"
x265,lf09_hard01,"lambda_f=0.9, hard=0.1",16035,RQ3,95,10.34,29.5,10.34,29.890225887298584,"['Standard', '320p', 30, '10s']",0.0,29.890125513076782,0.0,"{""amp"": ""1"", ""aq-mode"": ""3"", ""aq-strength"": ""1.5"", ""b-adapt"": ""2"", ""bframes"": ""1"", ""crf"": ""18.0"", ""ctu"": ""64"", ""keyint"": ""320"", ""limit-refs"": ""2"", ""limit-tu"": ""1"", ""me"": ""umh"", ""merange"": ""63"", ""open-gop"": ""1"", ""psy-rd"": ""1.0"", ""psy-rdoq"": ""2.5"", ""qcomp"": ""0.6"", ""qpmax"": ""34"", ""qpmin"": ""16"", ""rc-lookahead"": ""47"", ""rd"": ""4"", ""rdoq-level"": ""2"", ""rect"": ""0"", ""ref"": ""6"", ""rskip"": ""0"", ""sao"": ""0"", ""scenecut"": ""97"", ""subme"": ""2"", ""tu-inter-depth"": ""3"", ""tu-intra-depth"": ""2"", ""weightb"": ""1"", ""weightp"": ""1"", ""wpp"": ""0""}"
x265,lf09_hard01,"lambda_f=0.9, hard=0.1",16035,RQ3,96,4.53,67.12,4.53,67.52620363235474,"['Standard', '320p', 30, '10s']",0.0,67.52609968185425,0.0,"{""amp"": ""0"", ""aq-mode"": ""1"", ""aq-strength"": ""0.8"", ""b-adapt"": ""0"", ""bframes"": ""3"", ""crf"": ""22.0"", ""ctu"": ""64"", ""keyint"": ""81"", ""limit-refs"": ""3"", ""limit-tu"": ""0"", ""me"": ""star"", ""merange"": ""23"", ""open-gop"": ""0"", ""psy-rd"": ""4.0"", ""psy-rdoq"": ""2.0"", ""qcomp"": ""0.9"", ""qpmax"": ""25"", ""qpmin"": ""3"", ""rc-lookahead"": ""55"", ""rd"": ""5"", ""rdoq-level"": ""1"", ""rect"": ""1"", ""ref"": ""4"", ""rskip"": ""0"", ""sao"": ""0"", ""scenecut"": ""11"", ""subme"": ""4"", ""tu-inter-depth"": ""4"", ""tu-intra-depth"": ""1"", ""weightb"": ""0"", ""weightp"": ""0"", ""wpp"": ""1""}"
x265,lf09_hard01,"lambda_f=0.9, hard=0.1",16035,RQ3,97,20.51,14.92,20.51,15.314371347427368,"['Standard', '320p', 30, '10s']",0.0,15.314251899719238,0.0,"{""amp"": ""1"", ""aq-mode"": ""2"", ""aq-strength"": ""0.5"", ""b-adapt"": ""0"", ""bframes"": ""3"", ""crf"": ""18.0"", ""ctu"": ""64"", ""keyint"": ""208"", ""limit-refs"": ""1"", ""limit-tu"": ""3"", ""me"": ""umh"", ""merange"": ""60"", ""open-gop"": ""0"", ""psy-rd"": ""0.0"", ""psy-rdoq"": ""1.5"", ""qcomp"": ""0.5"", ""qpmax"": ""32"", ""qpmin"": ""10"", ""rc-lookahead"": ""36"", ""rd"": ""3"", ""rdoq-level"": ""2"", ""rect"": ""0"", ""ref"": ""3"", ""rskip"": ""1"", ""sao"": ""1"", ""scenecut"": ""9"", ""subme"": ""4"", ""tu-inter-depth"": ""2"", ""tu-intra-depth"": ""1"", ""weightb"": ""0"", ""weightp"": ""1"", ""wpp"": ""0""}"
x265,lf09_hard01,"lambda_f=0.9, hard=0.1",16035,RQ3,98,33.7,9.1,33.7,9.492472171783447,"['Standard', '320p', 30, '10s']",0.0,9.492373943328857,0.0,"{""amp"": ""1"", ""aq-mode"": ""3"", ""aq-strength"": ""0.5"", ""b-adapt"": ""2"", ""bframes"": ""1"", ""crf"": ""28.0"", ""ctu"": ""64"", ""keyint"": ""299"", ""limit-refs"": ""1"", ""limit-tu"": ""4"", ""me"": ""star"", ""merange"": ""48"", ""open-gop"": ""1"", ""psy-rd"": ""3.5"", ""psy-rdoq"": ""4.0"", ""qcomp"": ""0.9"", ""qpmax"": ""50"", ""qpmin"": ""9"", ""rc-lookahead"": ""30"", ""rd"": ""4"", ""rdoq-level"": ""1"", ""rect"": ""1"", ""ref"": ""5"", ""rskip"": ""1"", ""sao"": ""1"", ""scenecut"": ""60"", ""subme"": ""1"", ""tu-inter-depth"": ""1"", ""tu-intra-depth"": ""1"", ""weightb"": ""0"", ""weightp"": ""0"", ""wpp"": ""1""}"
x265,lf09_hard01,"lambda_f=0.9, hard=0.1",16035,RQ3,99,3.16,96.43,3.16,96.82858729362488,"['Standard', '320p', 30, '10s']",0.0,96.82847356796265,0.0,"{""amp"": ""0"", ""aq-mode"": ""2"", ""aq-strength"": ""0.0"", ""b-adapt"": ""0"", ""bframes"": ""2"", ""crf"": ""22.0"", ""ctu"": ""64"", ""keyint"": ""221"", ""limit-refs"": ""2"", ""limit-tu"": ""1"", ""me"": ""full"", ""merange"": ""31"", ""open-gop"": ""0"", ""psy-rd"": ""3.0"", ""psy-rdoq"": ""4.0"", ""qcomp"": ""0.9"", ""qpmax"": ""31"", ""qpmin"": ""1"", ""rc-lookahead"": ""15"", ""rd"": ""6"", ""rdoq-level"": ""1"", ""rect"": ""0"", ""ref"": ""3"", ""rskip"": ""0"", ""sao"": ""1"", ""scenecut"": ""36"", ""subme"": ""2"", ""tu-inter-depth"": ""2"", ""tu-intra-depth"": ""3"", ""weightb"": ""0"", ""weightp"": ""1"", ""wpp"": ""1""}"
x265,lf09_hard01,"lambda_f=0.9, hard=0.1",16035,RQ3,100,21.51,14.29,21.51,14.815181016921997,"['Standard', '320p', 30, '10s']",0.0,14.815084218978882,0.0,"{""amp"": ""0"", ""aq-mode"": ""3"", ""aq-strength"": ""1.2"", ""b-adapt"": ""2"", ""bframes"": ""0"", ""crf"": ""28.0"", ""ctu"": ""32"", ""keyint"": ""196"", ""limit-refs"": ""2"", ""limit-tu"": ""4"", ""me"": ""hex"", ""merange"": ""26"", ""open-gop"": ""1"", ""psy-rd"": ""1.0"", ""psy-rdoq"": ""3.0"", ""qcomp"": ""0.5"", ""qpmax"": ""48"", ""qpmin"": ""9"", ""rc-lookahead"": ""11"", ""rd"": ""6"", ""rdoq-level"": ""0"", ""rect"": ""1"", ""ref"": ""2"", ""rskip"": ""0"", ""sao"": ""0"", ""scenecut"": ""41"", ""subme"": ""4"", ""tu-inter-depth"": ""4"", ""tu-intra-depth"": ""4"", ""weightb"": ""1"", ""weightp"": ""1"", ""wpp"": ""1""}"
x265,lf09_hard01,"lambda_f=0.9, hard=0.1",16035,RQ3,101,19.31,15.82,19.31,16.215604305267334,"['Standard', '320p', 30, '10s']",0.0,16.215490102767944,0.0,"{""amp"": ""0"", ""aq-mode"": ""1"", ""aq-strength"": ""1.0"", ""b-adapt"": ""0"", ""bframes"": ""5"", ""crf"": ""20.0"", ""ctu"": ""32"", ""keyint"": ""464"", ""limit-refs"": ""1"", ""limit-tu"": ""1"", ""me"": ""star"", ""merange"": ""51"", ""open-gop"": ""1"", ""psy-rd"": ""2.0"", ""psy-rdoq"": ""0.5"", ""qcomp"": ""1.0"", ""qpmax"": ""42"", ""qpmin"": ""5"", ""rc-lookahead"": ""27"", ""rd"": ""4"", ""rdoq-level"": ""2"", ""rect"": ""1"", ""ref"": ""1"", ""rskip"": ""0"", ""sao"": ""1"", ""scenecut"": ""20"", ""subme"": ""1"", ""tu-inter-depth"": ""3"", ""tu-intra-depth"": ""2"", ""weightb"": ""0"", ""weightp"": ""0"", ""wpp"": ""0""}"
x265,lf09_hard01,"lambda_f=0.9, hard=0.1",16035,RQ3,102,10.22,29.83,10.22,30.228559255599976,"['Standard', '320p', 30, '10s']",0.0,30.228463649749756,0.0,"{""amp"": ""0"", ""aq-mode"": ""1"", ""aq-strength"": ""1.8"", ""b-adapt"": ""0"", ""bframes"": ""1"", ""crf"": ""20.0"", ""ctu"": ""32"", ""keyint"": ""67"", ""limit-refs"": ""2"", ""limit-tu"": ""3"", ""me"": ""star"", ""merange"": ""60"", ""open-gop"": ""0"", ""psy-rd"": ""1.0"", ""psy-rdoq"": ""2.5"", ""qcomp"": ""1.0"", ""qpmax"": ""33"", ""qpmin"": ""1"", ""rc-lookahead"": ""44"", ""rd"": ""5"", ""rdoq-level"": ""1"", ""rect"": ""0"", ""ref"": ""3"", ""rskip"": ""0"", ""sao"": ""0"", ""scenecut"": ""4"", ""subme"": ""5"", ""tu-inter-depth"": ""4"", ""tu-intra-depth"": ""1"", ""weightb"": ""1"", ""weightp"": ""1"", ""wpp"": ""0""}"
x265,lf09_hard01,"lambda_f=0.9, hard=0.1",16035,RQ3,103,16.7,18.29,16.7,18.6946918964386,"['Standard', '320p', 30, '10s']",0.0,18.694592475891113,0.0,"{""amp"": ""0"", ""aq-mode"": ""3"", ""aq-strength"": ""1.0"", ""b-adapt"": ""1"", ""bframes"": ""2"", ""crf"": ""28.0"", ""ctu"": ""64"", ""keyint"": ""139"", ""limit-refs"": ""2"", ""limit-tu"": ""2"", ""me"": ""hex"", ""merange"": ""33"", ""open-gop"": ""1"", ""psy-rd"": ""0.5"", ""psy-rdoq"": ""2.0"", ""qcomp"": ""1.0"", ""qpmax"": ""22"", ""qpmin"": ""14"", ""rc-lookahead"": ""58"", ""rd"": ""4"", ""rdoq-level"": ""2"", ""rect"": ""0"", ""ref"": ""6"", ""rskip"": ""1"", ""sao"": ""0"", ""scenecut"": ""71"", ""subme"": ""5"", ""tu-inter-depth"": ""3"", ""tu-intra-depth"": ""4"", ""weightb"": ""1"", ""weightp"": ""1"", ""wpp"": ""1""}"
x265,lf09_hard01,"lambda_f=0.9, hard=0.1",16035,RQ3,104,26.86,11.41,26.86,11.838101148605347,"['Standard', '320p', 30, '10s']",0.0,11.83800721168518,0.0,"{""amp"": ""1"", ""aq-mode"": ""4"", ""aq-strength"": ""1.2"", ""b-adapt"": ""1"", ""bframes"": ""4"", ""crf"": ""25.0"", ""ctu"": ""32"", ""keyint"": ""266"", ""limit-refs"": ""1"", ""limit-tu"": ""3"", ""me"": ""star"", ""merange"": ""38"", ""open-gop"": ""1"", ""psy-rd"": ""0.5"", ""psy-rdoq"": ""0.5"", ""qcomp"": ""0.75"", ""qpmax"": ""50"", ""qpmin"": ""4"", ""rc-lookahead"": ""24"", ""rd"": ""4"", ""rdoq-level"": ""1"", ""rect"": ""1"", ""ref"": ""6"", ""rskip"": ""1"", ""sao"": ""1"", ""scenecut"": ""12"", ""subme"": ""4"", ""tu-inter-depth"": ""2"", ""tu-intra-depth"": ""4"", ""weightb"": ""1"", ""weightp"": ""0"", ""wpp"": ""0""}"
x265,lf09_hard01,"lambda_f=0.9, hard=0.1",16035,RQ3,105,37.36,8.23,37.36,8.628278732299805,"['Standard', '320p', 30, '10s']",0.0,8.628185272216797,0.0,"{""amp"": ""0"", ""aq-mode"": ""4"", ""aq-strength"": ""0.5"", ""b-adapt"": ""1"", ""bframes"": ""4"", ""crf"": ""25.0"", ""ctu"": ""32"", ""keyint"": ""97"", ""limit-refs"": ""3"", ""limit-tu"": ""3"", ""me"": ""star"", ""merange"": ""24"", ""open-gop"": ""1"", ""psy-rd"": ""3.5"", ""psy-rdoq"": ""0.5"", ""qcomp"": ""0.6"", ""qpmax"": ""39"", ""qpmin"": ""12"", ""rc-lookahead"": ""52"", ""rd"": ""4"", ""rdoq-level"": ""2"", ""rect"": ""0"", ""ref"": ""3"", ""rskip"": ""1"", ""sao"": ""0"", ""scenecut"": ""28"", ""subme"": ""5"", ""tu-inter-depth"": ""3"", ""tu-intra-depth"": ""4"", ""weightb"": ""0"", ""weightp"": ""1"", ""wpp"": ""0""}"
x265,lf09_hard01,"lambda_f=0.9, hard=0.1",16035,RQ3,106,13.64,22.37,13.64,22.785470962524414,"['Standard', '320p', 30, '10s']",0.0,22.785367250442505,0.0,"{""amp"": ""0"", ""aq-mode"": ""1"", ""aq-strength"": ""0.0"", ""b-adapt"": ""1"", ""bframes"": ""0"", ""crf"": ""28.0"", ""ctu"": ""32"", ""keyint"": ""163"", ""limit-refs"": ""1"", ""limit-tu"": ""2"", ""me"": ""umh"", ""merange"": ""26"", ""open-gop"": ""0"", ""psy-rd"": ""1.5"", ""psy-rdoq"": ""1.0"", ""qcomp"": ""0.7"", ""qpmax"": ""20"", ""qpmin"": ""3"", ""rc-lookahead"": ""16"", ""rd"": ""3"", ""rdoq-level"": ""1"", ""rect"": ""0"", ""ref"": ""5"", ""rskip"": ""0"", ""sao"": ""1"", ""scenecut"": ""32"", ""subme"": ""1"", ""tu-inter-depth"": ""2"", ""tu-intra-depth"": ""3"", ""weightb"": ""0"", ""weightp"": ""0"", ""wpp"": ""0""}"
x265,lf09_hard01,"lambda_f=0.9, hard=0.1",16035,RQ3,107,19.48,15.69,19.48,16.09162735939026,"['Standard', '320p', 30, '10s']",0.0,16.09152865409851,0.0,"{""amp"": ""0"", ""aq-mode"": ""1"", ""aq-strength"": ""1.8"", ""b-adapt"": ""1"", ""bframes"": ""8"", ""crf"": ""32.0"", ""ctu"": ""32"", ""keyint"": ""37"", ""limit-refs"": ""1"", ""limit-tu"": ""0"", ""me"": ""full"", ""merange"": ""34"", ""open-gop"": ""0"", ""psy-rd"": ""1.5"", ""psy-rdoq"": ""4.5"", ""qcomp"": ""0.6"", ""qpmax"": ""27"", ""qpmin"": ""4"", ""rc-lookahead"": ""39"", ""rd"": ""4"", ""rdoq-level"": ""0"", ""rect"": ""0"", ""ref"": ""2"", ""rskip"": ""1"", ""sao"": ""0"", ""scenecut"": ""37"", ""subme"": ""1"", ""tu-inter-depth"": ""3"", ""tu-intra-depth"": ""1"", ""weightb"": ""0"", ""weightp"": ""1"", ""wpp"": ""0""}"
x265,lf09_hard01,"lambda_f=0.9, hard=0.1",16035,RQ3,108,40.26,7.64,40.26,8.029059410095215,"['Standard', '320p', 30, '10s']",0.0,8.028964757919312,0.0,"{""amp"": ""1"", ""aq-mode"": ""4"", ""aq-strength"": ""1.8"", ""b-adapt"": ""2"", ""bframes"": ""2"", ""crf"": ""22.0"", ""ctu"": ""32"", ""keyint"": ""188"", ""limit-refs"": ""2"", ""limit-tu"": ""4"", ""me"": ""star"", ""merange"": ""61"", ""open-gop"": ""1"", ""psy-rd"": ""2.5"", ""psy-rdoq"": ""4.5"", ""qcomp"": ""0.7"", ""qpmax"": ""35"", ""qpmin"": ""6"", ""rc-lookahead"": ""42"", ""rd"": ""3"", ""rdoq-level"": ""1"", ""rect"": ""0"", ""ref"": ""4"", ""rskip"": ""1"", ""sao"": ""1"", ""scenecut"": ""71"", ""subme"": ""5"", ""tu-inter-depth"": ""2"", ""tu-intra-depth"": ""4"", ""weightb"": ""0"", ""weightp"": ""0"", ""wpp"": ""1""}"
x265,lf09_hard01,"lambda_f=0.9, hard=0.1",16035,RQ3,109,28.03,10.93,28.03,11.32427978515625,"['Standard', '320p', 30, '10s']",0.0,11.324184894561768,0.0,"{""amp"": ""0"", ""aq-mode"": ""1"", ""aq-strength"": ""1.8"", ""b-adapt"": ""0"", ""bframes"": ""3"", ""crf"": ""30.0"", ""ctu"": ""32"", ""keyint"": ""364"", ""limit-refs"": ""2"", ""limit-tu"": ""1"", ""me"": ""umh"", ""merange"": ""34"", ""open-gop"": ""0"", ""psy-rd"": ""2.0"", ""psy-rdoq"": ""0.5"", ""qcomp"": ""0.6"", ""qpmax"": ""27"", ""qpmin"": ""1"", ""rc-lookahead"": ""38"", ""rd"": ""4"", ""rdoq-level"": ""1"", ""rect"": ""1"", ""ref"": ""5"", ""rskip"": ""1"", ""sao"": ""1"", ""scenecut"": ""89"", ""subme"": ""5"", ""tu-inter-depth"": ""2"", ""tu-intra-depth"": ""3"", ""weightb"": ""0"", ""weightp"": ""1"", ""wpp"": ""1""}"
x265,lf09_hard01,"lambda_f=0.9, hard=0.1",16035,RQ3,110,24.5,12.49,24.5,12.891235828399658,"['Standard', '320p', 30, '10s']",0.0,12.891133546829224,0.0,"{""amp"": ""0"", ""aq-mode"": ""2"", ""aq-strength"": ""0.8"", ""b-adapt"": ""1"", ""bframes"": ""7"", ""crf"": ""22.0"", ""ctu"": ""64"", ""keyint"": ""290"", ""limit-refs"": ""3"", ""limit-tu"": ""2"", ""me"": ""star"", ""merange"": ""27"", ""open-gop"": ""1"", ""psy-rd"": ""1.0"", ""psy-rdoq"": ""2.5"", ""qcomp"": ""0.75"", ""qpmax"": ""22"", ""qpmin"": ""4"", ""rc-lookahead"": ""18"", ""rd"": ""3"", ""rdoq-level"": ""1"", ""rect"": ""0"", ""ref"": ""2"", ""rskip"": ""1"", ""sao"": ""1"", ""scenecut"": ""45"", ""subme"": ""4"", ""tu-inter-depth"": ""2"", ""tu-intra-depth"": ""2"", ""weightb"": ""0"", ""weightp"": ""0"", ""wpp"": ""1""}"
x265,lf09_hard01,"lambda_f=0.9, hard=0.1",16035,RQ3,111,49.08,6.35,49.08,6.922548055648804,"['Standard', '320p', 30, '10s']",0.0,6.922433614730835,0.0,"{""amp"": ""0"", ""aq-mode"": ""1"", ""aq-strength"": ""0.0"", ""b-adapt"": ""1"", ""bframes"": ""6"", ""crf"": ""28.0"", ""ctu"": ""64"", ""keyint"": ""476"", ""limit-refs"": ""2"", ""limit-tu"": ""1"", ""me"": ""star"", ""merange"": ""51"", ""open-gop"": ""1"", ""psy-rd"": ""3.0"", ""psy-rdoq"": ""5.0"", ""qcomp"": ""0.75"", ""qpmax"": ""49"", ""qpmin"": ""17"", ""rc-lookahead"": ""18"", ""rd"": ""3"", ""rdoq-level"": ""2"", ""rect"": ""0"", ""ref"": ""5"", ""rskip"": ""1"", ""sao"": ""0"", ""scenecut"": ""98"", ""subme"": ""1"", ""tu-inter-depth"": ""2"", ""tu-intra-depth"": ""4"", ""weightb"": ""0"", ""weightp"": ""1"", ""wpp"": ""1""}"
x265,lf09_hard01,"lambda_f=0.9, hard=0.1",16035,RQ3,112,21.47,14.25,21.47,14.638201236724854,"['Standard', '320p', 30, '10s']",0.0,14.63810420036316,0.0,"{""amp"": ""0"", ""aq-mode"": ""4"", ""aq-strength"": ""1.0"", ""b-adapt"": ""0"", ""bframes"": ""2"", ""crf"": ""25.0"", ""ctu"": ""32"", ""keyint"": ""471"", ""limit-refs"": ""0"", ""limit-tu"": ""2"", ""me"": ""star"", ""merange"": ""49"", ""open-gop"": ""1"", ""psy-rd"": ""1.5"", ""psy-rdoq"": ""4.0"", ""qcomp"": ""0.9"", ""qpmax"": ""23"", ""qpmin"": ""18"", ""rc-lookahead"": ""20"", ""rd"": ""3"", ""rdoq-level"": ""0"", ""rect"": ""1"", ""ref"": ""1"", ""rskip"": ""1"", ""sao"": ""0"", ""scenecut"": ""93"", ""subme"": ""4"", ""tu-inter-depth"": ""3"", ""tu-intra-depth"": ""3"", ""weightb"": ""1"", ""weightp"": ""1"", ""wpp"": ""1""}"
x265,lf09_hard01,"lambda_f=0.9, hard=0.1",16035,RQ3,113,99.47,3.14,99.47,3.5225605964660645,"['Standard', '320p', 30, '10s']",0.0,3.5224697589874268,0.0,"{""amp"": ""1"", ""aq-mode"": ""3"", ""aq-strength"": ""1.2"", ""b-adapt"": ""0"", ""bframes"": ""1"", ""crf"": ""32.0"", ""ctu"": ""16"", ""keyint"": ""439"", ""limit-refs"": ""2"", ""limit-tu"": ""4"", ""me"": ""star"", ""merange"": ""49"", ""open-gop"": ""1"", ""psy-rd"": ""0.0"", ""psy-rdoq"": ""0.5"", ""qcomp"": ""0.6"", ""qpmax"": ""41"", ""qpmin"": ""8"", ""rc-lookahead"": ""56"", ""rd"": ""3"", ""rdoq-level"": ""1"", ""rect"": ""1"", ""ref"": ""2"", ""rskip"": ""1"", ""sao"": ""0"", ""scenecut"": ""31"", ""subme"": ""2"", ""tu-inter-depth"": ""3"", ""tu-intra-depth"": ""2"", ""weightb"": ""0"", ""weightp"": ""0"", ""wpp"": ""0""}"
x265,lf09_hard01,"lambda_f=0.9, hard=0.1",16035,RQ3,114,21.87,13.99,21.87,14.39797854423523,"['Standard', '320p', 30, '10s']",0.0,14.39788031578064,0.0,"{""amp"": ""0"", ""aq-mode"": ""3"", ""aq-strength"": ""1.0"", ""b-adapt"": ""1"", ""bframes"": ""3"", ""crf"": ""25.0"", ""ctu"": ""32"", ""keyint"": ""80"", ""limit-refs"": ""1"", ""limit-tu"": ""1"", ""me"": ""dia"", ""merange"": ""52"", ""open-gop"": ""0"", ""psy-rd"": ""2.0"", ""psy-rdoq"": ""0.0"", ""qcomp"": ""0.7"", ""qpmax"": ""20"", ""qpmin"": ""0"", ""rc-lookahead"": ""33"", ""rd"": ""3"", ""rdoq-level"": ""0"", ""rect"": ""0"", ""ref"": ""5"", ""rskip"": ""0"", ""sao"": ""0"", ""scenecut"": ""14"", ""subme"": ""5"", ""tu-inter-depth"": ""2"", ""tu-intra-depth"": ""1"", ""weightb"": ""1"", ""weightp"": ""0"", ""wpp"": ""0""}"
x265,lf09_hard01,"lambda_f=0.9, hard=0.1",16035,RQ3,115,44.34,6.94,44.34,7.336636781692505,"['Standard', '320p', 30, '10s']",0.0,7.336535215377808,0.0,"{""amp"": ""0"", ""aq-mode"": ""1"", ""aq-strength"": ""0.5"", ""b-adapt"": ""1"", ""bframes"": ""1"", ""crf"": ""20.0"", ""ctu"": ""32"", ""keyint"": ""133"", ""limit-refs"": ""2"", ""limit-tu"": ""2"", ""me"": ""star"", ""merange"": ""28"", ""open-gop"": ""1"", ""psy-rd"": ""0.0"", ""psy-rdoq"": ""4.0"", ""qcomp"": ""0.6"", ""qpmax"": ""26"", ""qpmin"": ""6"", ""rc-lookahead"": ""47"", ""rd"": ""3"", ""rdoq-level"": ""0"", ""rect"": ""0"", ""ref"": ""3"", ""rskip"": ""0"", ""sao"": ""1"", ""scenecut"": ""60"", ""subme"": ""2"", ""tu-inter-depth"": ""3"", ""tu-intra-depth"": ""2"", ""weightb"": ""1"", ""weightp"": ""0"", ""wpp"": ""1""}"
x265,lf09_hard01,"lambda_f=0.9, hard=0.1",16035,RQ3,116,1.34,226.13,1.34,226.53883719444275,"['Standard', '320p', 30, '10s']",0.0,226.53872179985046,0.0,"{""amp"": ""0"", ""aq-mode"": ""4"", ""aq-strength"": ""0.8"", ""b-adapt"": ""0"", ""bframes"": ""5"", ""crf"": ""22.0"", ""ctu"": ""16"", ""keyint"": ""258"", ""limit-refs"": ""3"", ""limit-tu"": ""2"", ""me"": ""full"", ""merange"": ""60"", ""open-gop"": ""1"", ""psy-rd"": ""3.0"", ""psy-rdoq"": ""4.5"", ""qcomp"": ""0.75"", ""qpmax"": ""24"", ""qpmin"": ""20"", ""rc-lookahead"": ""20"", ""rd"": ""6"", ""rdoq-level"": ""1"", ""rect"": ""1"", ""ref"": ""5"", ""rskip"": ""1"", ""sao"": ""0"", ""scenecut"": ""83"", ""subme"": ""2"", ""tu-inter-depth"": ""3"", ""tu-intra-depth"": ""3"", ""weightb"": ""1"", ""weightp"": ""0"", ""wpp"": ""1""}"
x265,lf09_hard01,"lambda_f=0.9, hard=0.1",16035,RQ3,117,27.93,11.03,27.93,11.466341257095337,"['Standard', '320p', 30, '10s']",0.0,11.466238260269165,0.0,"{""amp"": ""1"", ""aq-mode"": ""1"", ""aq-strength"": ""0.5"", ""b-adapt"": ""0"", ""bframes"": ""5"", ""crf"": ""22.0"", ""ctu"": ""32"", ""keyint"": ""498"", ""limit-refs"": ""1"", ""limit-tu"": ""2"", ""me"": ""hex"", ""merange"": ""29"", ""open-gop"": ""0"", ""psy-rd"": ""1.5"", ""psy-rdoq"": ""4.0"", ""qcomp"": ""1.0"", ""qpmax"": ""27"", ""qpmin"": ""13"", ""rc-lookahead"": ""11"", ""rd"": ""4"", ""rdoq-level"": ""0"", ""rect"": ""1"", ""ref"": ""4"", ""rskip"": ""0"", ""sao"": ""1"", ""scenecut"": ""10"", ""subme"": ""2"", ""tu-inter-depth"": ""1"", ""tu-intra-depth"": ""2"", ""weightb"": ""0"", ""weightp"": ""0"", ""wpp"": ""1""}"
x265,lf09_hard01,"lambda_f=0.9, hard=0.1",16035,RQ3,118,20.01,15.28,20.01,15.679210186004639,"['Standard', '320p', 30, '10s']",0.0,15.679105281829834,0.0,"{""amp"": ""0"", ""aq-mode"": ""3"", ""aq-strength"": ""1.8"", ""b-adapt"": ""2"", ""bframes"": ""7"", ""crf"": ""18.0"", ""ctu"": ""32"", ""keyint"": ""259"", ""limit-refs"": ""1"", ""limit-tu"": ""1"", ""me"": ""umh"", ""merange"": ""45"", ""open-gop"": ""1"", ""psy-rd"": ""3.5"", ""psy-rdoq"": ""0.5"", ""qcomp"": ""0.5"", ""qpmax"": ""32"", ""qpmin"": ""6"", ""rc-lookahead"": ""28"", ""rd"": ""4"", ""rdoq-level"": ""1"", ""rect"": ""0"", ""ref"": ""5"", ""rskip"": ""0"", ""sao"": ""1"", ""scenecut"": ""99"", ""subme"": ""4"", ""tu-inter-depth"": ""2"", ""tu-intra-depth"": ""2"", ""weightb"": ""1"", ""weightp"": ""1"", ""wpp"": ""0""}"
x265,lf09_hard01,"lambda_f=0.9, hard=0.1",16035,RQ3,119,7.7,39.65,7.7,40.0890166759491,"['Standard', '320p', 30, '10s']",0.0,40.088921546936035,0.0,"{""amp"": ""0"", ""aq-mode"": ""2"", ""aq-strength"": ""1.0"", ""b-adapt"": ""0"", ""bframes"": ""7"", ""crf"": ""20.0"", ""ctu"": ""64"", ""keyint"": ""69"", ""limit-refs"": ""1"", ""limit-tu"": ""2"", ""me"": ""hex"", ""merange"": ""31"", ""open-gop"": ""1"", ""psy-rd"": ""1.5"", ""psy-rdoq"": ""1.0"", ""qcomp"": ""0.9"", ""qpmax"": ""41"", ""qpmin"": ""7"", ""rc-lookahead"": ""56"", ""rd"": ""5"", ""rdoq-level"": ""1"", ""rect"": ""1"", ""ref"": ""3"", ""rskip"": ""1"", ""sao"": ""1"", ""scenecut"": ""57"", ""subme"": ""3"", ""tu-inter-depth"": ""1"", ""tu-intra-depth"": ""1"", ""weightb"": ""1"", ""weightp"": ""0"", ""wpp"": ""1""}"
x265,lf09_hard01,"lambda_f=0.9, hard=0.1",16035,RQ3,120,7.37,41.33,7.37,41.72768497467041,"['Standard', '320p', 30, '10s']",0.0,41.72756886482239,0.0,"{""amp"": ""0"", ""aq-mode"": ""1"", ""aq-strength"": ""1.0"", ""b-adapt"": ""1"", ""bframes"": ""1"", ""crf"": ""25.0"", ""ctu"": ""64"", ""keyint"": ""241"", ""limit-refs"": ""0"", ""limit-tu"": ""4"", ""me"": ""star"", ""merange"": ""17"", ""open-gop"": ""0"", ""psy-rd"": ""1.5"", ""psy-rdoq"": ""1.0"", ""qcomp"": ""0.8"", ""qpmax"": ""27"", ""qpmin"": ""5"", ""rc-lookahead"": ""16"", ""rd"": ""5"", ""rdoq-level"": ""2"", ""rect"": ""0"", ""ref"": ""2"", ""rskip"": ""1"", ""sao"": ""0"", ""scenecut"": ""73"", ""subme"": ""2"", ""tu-inter-depth"": ""3"", ""tu-intra-depth"": ""2"", ""weightb"": ""1"", ""weightp"": ""0"", ""wpp"": ""0""}"
x265,lf09_hard01,"lambda_f=0.9, hard=0.1",16035,RQ3,121,32.13,9.55,32.13,9.948163986206055,"['Standard', '320p', 30, '10s']",0.0,9.948063135147095,0.0,"{""amp"": ""0"", ""aq-mode"": ""4"", ""aq-strength"": ""1.2"", ""b-adapt"": ""1"", ""bframes"": ""1"", ""crf"": ""28.0"", ""ctu"": ""64"", ""keyint"": ""171"", ""limit-refs"": ""0"", ""limit-tu"": ""1"", ""me"": ""hex"", ""merange"": ""39"", ""open-gop"": ""0"", ""psy-rd"": ""2.0"", ""psy-rdoq"": ""4.5"", ""qcomp"": ""0.5"", ""qpmax"": ""31"", ""qpmin"": ""14"", ""rc-lookahead"": ""12"", ""rd"": ""3"", ""rdoq-level"": ""0"", ""rect"": ""1"", ""ref"": ""1"", ""rskip"": ""0"", ""sao"": ""0"", ""scenecut"": ""89"", ""subme"": ""1"", ""tu-inter-depth"": ""2"", ""tu-intra-depth"": ""1"", ""weightb"": ""0"", ""weightp"": ""1"", ""wpp"": ""0""}"
x265,lf09_hard01,"lambda_f=0.9, hard=0.1",16035,RQ3,122,45.48,6.77,45.48,7.171092987060547,"['Standard', '320p', 30, '10s']",0.0,7.17099142074585,0.0,"{""amp"": ""1"", ""aq-mode"": ""1"", ""aq-strength"": ""0.5"", ""b-adapt"": ""2"", ""bframes"": ""3"", ""crf"": ""18.0"", ""ctu"": ""32"", ""keyint"": ""92"", ""limit-refs"": ""1"", ""limit-tu"": ""0"", ""me"": ""dia"", ""merange"": ""59"", ""open-gop"": ""1"", ""psy-rd"": ""0.0"", ""psy-rdoq"": ""1.5"", ""qcomp"": ""0.8"", ""qpmax"": ""24"", ""qpmin"": ""3"", ""rc-lookahead"": ""11"", ""rd"": ""2"", ""rdoq-level"": ""1"", ""rect"": ""0"", ""ref"": ""1"", ""rskip"": ""0"", ""sao"": ""1"", ""scenecut"": ""21"", ""subme"": ""2"", ""tu-inter-depth"": ""1"", ""tu-intra-depth"": ""1"", ""weightb"": ""0"", ""weightp"": ""0"", ""wpp"": ""0""}"
x265,lf09_hard01,"lambda_f=0.9, hard=0.1",16035,RQ3,123,55.29,5.67,55.29,6.304682016372681,"['Standard', '320p', 30, '10s']",0.0,6.304568529129028,0.0,"{""amp"": ""0"", ""aq-mode"": ""3"", ""aq-strength"": ""0.5"", ""b-adapt"": ""0"", ""bframes"": ""4"", ""crf"": ""30.0"", ""ctu"": ""64"", ""keyint"": ""286"", ""limit-refs"": ""2"", ""limit-tu"": ""4"", ""me"": ""star"", ""merange"": ""37"", ""open-gop"": ""0"", ""psy-rd"": ""1.0"", ""psy-rdoq"": ""3.5"", ""qcomp"": ""0.7"", ""qpmax"": ""34"", ""qpmin"": ""17"", ""rc-lookahead"": ""31"", ""rd"": ""3"", ""rdoq-level"": ""1"", ""rect"": ""0"", ""ref"": ""2"", ""rskip"": ""1"", ""sao"": ""0"", ""scenecut"": ""12"", ""subme"": ""3"", ""tu-inter-depth"": ""2"", ""tu-intra-depth"": ""2"", ""weightb"": ""1"", ""weightp"": ""1"", ""wpp"": ""0""}"
x265,lf09_hard01,"lambda_f=0.9, hard=0.1",16035,RQ3,124,83.74,3.72,83.74,4.1216044425964355,"['Standard', '320p', 30, '10s']",0.0,4.121511936187744,0.0,"{""amp"": ""0"", ""aq-mode"": ""1"", ""aq-strength"": ""2.0"", ""b-adapt"": ""0"", ""bframes"": ""8"", ""crf"": ""32.0"", ""ctu"": ""64"", ""keyint"": ""190"", ""limit-refs"": ""3"", ""limit-tu"": ""4"", ""me"": ""hex"", ""merange"": ""37"", ""open-gop"": ""0"", ""psy-rd"": ""4.0"", ""psy-rdoq"": ""5.0"", ""qcomp"": ""1.0"", ""qpmax"": ""45"", ""qpmin"": ""13"", ""rc-lookahead"": ""16"", ""rd"": ""3"", ""rdoq-level"": ""0"", ""rect"": ""0"", ""ref"": ""2"", ""rskip"": ""1"", ""sao"": ""0"", ""scenecut"": ""55"", ""subme"": ""3"", ""tu-inter-depth"": ""3"", ""tu-intra-depth"": ""4"", ""weightb"": ""1"", ""weightp"": ""1"", ""wpp"": ""0""}"
x265,lf09_hard01,"lambda_f=0.9, hard=0.1",16035,RQ3,125,14.15,21.65,14.15,22.291494369506836,"['Standard', '320p', 30, '10s']",0.0,22.29139518737793,0.0,"{""amp"": ""1"", ""aq-mode"": ""4"", ""aq-strength"": ""0.8"", ""b-adapt"": ""2"", ""bframes"": ""3"", ""crf"": ""20.0"", ""ctu"": ""64"", ""keyint"": ""163"", ""limit-refs"": ""1"", ""limit-tu"": ""2"", ""me"": ""hex"", ""merange"": ""28"", ""open-gop"": ""0"", ""psy-rd"": ""0.5"", ""psy-rdoq"": ""3.0"", ""qcomp"": ""0.75"", ""qpmax"": ""23"", ""qpmin"": ""17"", ""rc-lookahead"": ""39"", ""rd"": ""4"", ""rdoq-level"": ""1"", ""rect"": ""1"", ""ref"": ""5"", ""rskip"": ""1"", ""sao"": ""1"", ""scenecut"": ""95"", ""subme"": ""4"", ""tu-inter-depth"": ""3"", ""tu-intra-depth"": ""2"", ""weightb"": ""1"", ""weightp"": ""0"", ""wpp"": ""1""}"
x265,lf09_hard01,"lambda_f=0.9, hard=0.1",16035,RQ3,126,6.94,43.88,6.94,44.323819637298584,"['Standard', '320p', 30, '10s']",0.0,44.32366418838501,0.0,"{""amp"": ""0"", ""aq-mode"": ""2"", ""aq-strength"": ""0.5"", ""b-adapt"": ""2"", ""bframes"": ""3"", ""crf"": ""18.0"", ""ctu"": ""32"", ""keyint"": ""408"", ""limit-refs"": ""3"", ""limit-tu"": ""3"", ""me"": ""hex"", ""merange"": ""38"", ""open-gop"": ""1"", ""psy-rd"": ""1.0"", ""psy-rdoq"": ""1.0"", ""qcomp"": ""0.5"", ""qpmax"": ""49"", ""qpmin"": ""12"", ""rc-lookahead"": ""44"", ""rd"": ""5"", ""rdoq-level"": ""2"", ""rect"": ""1"", ""ref"": ""3"", ""rskip"": ""0"", ""sao"": ""0"", ""scenecut"": ""22"", ""subme"": ""5"", ""tu-inter-depth"": ""3"", ""tu-intra-depth"": ""3"", ""weightb"": ""1"", ""weightp"": ""1"", ""wpp"": ""1""}"
x265,lf09_hard01,"lambda_f=0.9, hard=0.1",16035,RQ3,127,23.53,13.01,23.53,13.413490533828735,"['Standard', '320p', 30, '10s']",0.0,13.413389682769775,0.0,"{""amp"": ""1"", ""aq-mode"": ""1"", ""aq-strength"": ""1.5"", ""b-adapt"": ""1"", ""bframes"": ""4"", ""crf"": ""20.0"", ""ctu"": ""64"", ""keyint"": ""351"", ""limit-refs"": ""2"", ""limit-tu"": ""2"", ""me"": ""hex"", ""merange"": ""54"", ""open-gop"": ""1"", ""psy-rd"": ""2.0"", ""psy-rdoq"": ""1.0"", ""qcomp"": ""0.8"", ""qpmax"": ""21"", ""qpmin"": ""9"", ""rc-lookahead"": ""17"", ""rd"": ""3"", ""rdoq-level"": ""2"", ""rect"": ""0"", ""ref"": ""1"", ""rskip"": ""0"", ""sao"": ""0"", ""scenecut"": ""71"", ""subme"": ""2"", ""tu-inter-depth"": ""1"", ""tu-intra-depth"": ""3"", ""weightb"": ""0"", ""weightp"": ""1"", ""wpp"": ""0""}"
x265,lf09_hard01,"lambda_f=0.9, hard=0.1",16035,RQ3,128,27.66,11.16,27.66,11.569347381591797,"['Standard', '320p', 30, '10s']",0.0,11.569249153137207,0.0,"{""amp"": ""0"", ""aq-mode"": ""4"", ""aq-strength"": ""1.5"", ""b-adapt"": ""1"", ""bframes"": ""7"", ""crf"": ""20.0"", ""ctu"": ""64"", ""keyint"": ""135"", ""limit-refs"": ""1"", ""limit-tu"": ""1"", ""me"": ""hex"", ""merange"": ""45"", ""open-gop"": ""0"", ""psy-rd"": ""1.5"", ""psy-rdoq"": ""2.0"", ""qcomp"": ""0.6"", ""qpmax"": ""50"", ""qpmin"": ""1"", ""rc-lookahead"": ""55"", ""rd"": ""3"", ""rdoq-level"": ""0"", ""rect"": ""1"", ""ref"": ""2"", ""rskip"": ""1"", ""sao"": ""0"", ""scenecut"": ""1"", ""subme"": ""4"", ""tu-inter-depth"": ""1"", ""tu-intra-depth"": ""2"", ""weightb"": ""1"", ""weightp"": ""1"", ""wpp"": ""0""}"
x265,lf09_hard01,"lambda_f=0.9, hard=0.1",16035,RQ3,129,16.24,18.8,16.24,19.205576419830322,"['Standard', '320p', 30, '10s']",0.0,19.20546293258667,0.0,"{""amp"": ""0"", ""aq-mode"": ""0"", ""aq-strength"": ""1.8"", ""b-adapt"": ""2"", ""bframes"": ""2"", ""crf"": ""22.0"", ""ctu"": ""32"", ""keyint"": ""208"", ""limit-refs"": ""1"", ""limit-tu"": ""2"", ""me"": ""full"", ""merange"": ""43"", ""open-gop"": ""1"", ""psy-rd"": ""0.0"", ""psy-rdoq"": ""4.5"", ""qcomp"": ""0.6"", ""qpmax"": ""45"", ""qpmin"": ""12"", ""rc-lookahead"": ""21"", ""rd"": ""3"", ""rdoq-level"": ""1"", ""rect"": ""0"", ""ref"": ""5"", ""rskip"": ""1"", ""sao"": ""0"", ""scenecut"": ""14"", ""subme"": ""1"", ""tu-inter-depth"": ""2"", ""tu-intra-depth"": ""3"", ""weightb"": ""0"", ""weightp"": ""0"", ""wpp"": ""1""}"
x265,lf09_hard01,"lambda_f=0.9, hard=0.1",16035,RQ3,130,19.37,15.78,19.37,16.18841242790222,"['Standard', '320p', 30, '10s']",0.0,16.18831753730774,0.0,"{""amp"": ""0"", ""aq-mode"": ""2"", ""aq-strength"": ""1.2"", ""b-adapt"": ""2"", ""bframes"": ""0"", ""crf"": ""18.0"", ""ctu"": ""32"", ""keyint"": ""154"", ""limit-refs"": ""2"", ""limit-tu"": ""3"", ""me"": ""hex"", ""merange"": ""19"", ""open-gop"": ""0"", ""psy-rd"": ""2.0"", ""psy-rdoq"": ""1.0"", ""qcomp"": ""0.75"", ""qpmax"": ""51"", ""qpmin"": ""16"", ""rc-lookahead"": ""59"", ""rd"": ""3"", ""rdoq-level"": ""1"", ""rect"": ""0"", ""ref"": ""1"", ""rskip"": ""1"", ""sao"": ""1"", ""scenecut"": ""62"", ""subme"": ""4"", ""tu-inter-depth"": ""3"", ""tu-intra-depth"": ""3"", ""weightb"": ""0"", ""weightp"": ""0"", ""wpp"": ""0""}"
x265,lf09_hard01,"lambda_f=0.9, hard=0.1",16035,RQ3,131,21.39,14.3,21.39,14.70867109298706,"['Standard', '320p', 30, '10s']",0.0,14.708574056625366,0.0,"{""amp"": ""1"", ""aq-mode"": ""3"", ""aq-strength"": ""1.8"", ""b-adapt"": ""2"", ""bframes"": ""2"", ""crf"": ""28.0"", ""ctu"": ""64"", ""keyint"": ""465"", ""limit-refs"": ""2"", ""limit-tu"": ""3"", ""me"": ""umh"", ""merange"": ""59"", ""open-gop"": ""1"", ""psy-rd"": ""3.5"", ""psy-rdoq"": ""5.0"", ""qcomp"": ""0.7"", ""qpmax"": ""40"", ""qpmin"": ""17"", ""rc-lookahead"": ""49"", ""rd"": ""4"", ""rdoq-level"": ""0"", ""rect"": ""1"", ""ref"": ""3"", ""rskip"": ""1"", ""sao"": ""1"", ""scenecut"": ""32"", ""subme"": ""5"", ""tu-inter-depth"": ""4"", ""tu-intra-depth"": ""3"", ""weightb"": ""1"", ""weightp"": ""1"", ""wpp"": ""0""}"
x265,lf09_hard01,"lambda_f=0.9, hard=0.1",16035,RQ3,132,39.63,7.76,39.63,8.16879391670227,"['Standard', '320p', 30, '10s']",0.0,8.168694496154785,0.0,"{""amp"": ""1"", ""aq-mode"": ""2"", ""aq-strength"": ""1.2"", ""b-adapt"": ""2"", ""bframes"": ""5"", ""crf"": ""30.0"", ""ctu"": ""32"", ""keyint"": ""266"", ""limit-refs"": ""1"", ""limit-tu"": ""1"", ""me"": ""hex"", ""merange"": ""38"", ""open-gop"": ""0"", ""psy-rd"": ""0.0"", ""psy-rdoq"": ""4.0"", ""qcomp"": ""0.7"", ""qpmax"": ""23"", ""qpmin"": ""14"", ""rc-lookahead"": ""59"", ""rd"": ""2"", ""rdoq-level"": ""1"", ""rect"": ""0"", ""ref"": ""3"", ""rskip"": ""1"", ""sao"": ""1"", ""scenecut"": ""91"", ""subme"": ""5"", ""tu-inter-depth"": ""1"", ""tu-intra-depth"": ""1"", ""weightb"": ""1"", ""weightp"": ""1"", ""wpp"": ""0""}"
x265,lf09_hard01,"lambda_f=0.9, hard=0.1",16035,RQ3,133,32.94,9.32,32.94,9.721139430999756,"['Standard', '320p', 30, '10s']",0.0,9.721040964126587,0.0,"{""amp"": ""1"", ""aq-mode"": ""1"", ""aq-strength"": ""1.0"", ""b-adapt"": ""1"", ""bframes"": ""1"", ""crf"": ""22.0"", ""ctu"": ""32"", ""keyint"": ""101"", ""limit-refs"": ""2"", ""limit-tu"": ""1"", ""me"": ""hex"", ""merange"": ""53"", ""open-gop"": ""0"", ""psy-rd"": ""3.5"", ""psy-rdoq"": ""0.0"", ""qcomp"": ""0.5"", ""qpmax"": ""41"", ""qpmin"": ""17"", ""rc-lookahead"": ""54"", ""rd"": ""3"", ""rdoq-level"": ""2"", ""rect"": ""0"", ""ref"": ""6"", ""rskip"": ""0"", ""sao"": ""1"", ""scenecut"": ""70"", ""subme"": ""1"", ""tu-inter-depth"": ""2"", ""tu-intra-depth"": ""2"", ""weightb"": ""1"", ""weightp"": ""0"", ""wpp"": ""0""}"
x265,lf09_hard01,"lambda_f=0.9, hard=0.1",16035,RQ3,134,7.82,38.96,7.82,39.35482859611511,"['Standard', '320p', 30, '10s']",0.0,39.35472249984741,0.0,"{""amp"": ""0"", ""aq-mode"": ""1"", ""aq-strength"": ""1.5"", ""b-adapt"": ""1"", ""bframes"": ""2"", ""crf"": ""25.0"", ""ctu"": ""16"", ""keyint"": ""277"", ""limit-refs"": ""1"", ""limit-tu"": ""0"", ""me"": ""dia"", ""merange"": ""27"", ""open-gop"": ""0"", ""psy-rd"": ""0.0"", ""psy-rdoq"": ""1.0"", ""qcomp"": ""0.9"", ""qpmax"": ""20"", ""qpmin"": ""15"", ""rc-lookahead"": ""44"", ""rd"": ""6"", ""rdoq-level"": ""2"", ""rect"": ""0"", ""ref"": ""5"", ""rskip"": ""1"", ""sao"": ""0"", ""scenecut"": ""19"", ""subme"": ""3"", ""tu-inter-depth"": ""3"", ""tu-intra-depth"": ""2"", ""weightb"": ""1"", ""weightp"": ""0"", ""wpp"": ""0""}"
x265,lf09_hard01,"lambda_f=0.9, hard=0.1",16035,RQ3,135,40.74,7.55,40.74,7.951091289520264,"['Standard', '320p', 30, '10s']",0.0,7.950991630554199,0.0,"{""amp"": ""0"", ""aq-mode"": ""2"", ""aq-strength"": ""2.0"", ""b-adapt"": ""2"", ""bframes"": ""4"", ""crf"": ""32.0"", ""ctu"": ""64"", ""keyint"": ""369"", ""limit-refs"": ""2"", ""limit-tu"": ""2"", ""me"": ""umh"", ""merange"": ""32"", ""open-gop"": ""0"", ""psy-rd"": ""0.0"", ""psy-rdoq"": ""0.0"", ""qcomp"": ""1.0"", ""qpmax"": ""35"", ""qpmin"": ""18"", ""rc-lookahead"": ""21"", ""rd"": ""2"", ""rdoq-level"": ""1"", ""rect"": ""1"", ""ref"": ""3"", ""rskip"": ""0"", ""sao"": ""1"", ""scenecut"": ""62"", ""subme"": ""5"", ""tu-inter-depth"": ""2"", ""tu-intra-depth"": ""1"", ""weightb"": ""0"", ""weightp"": ""0"", ""wpp"": ""0""}"
x265,lf09_hard01,"lambda_f=0.9, hard=0.1",16035,RQ3,136,92.79,3.36,92.79,3.754802942276001,"['Standard', '320p', 30, '10s']",0.0,3.7547030448913574,0.0,"{""amp"": ""0"", ""aq-mode"": ""1"", ""aq-strength"": ""2.0"", ""b-adapt"": ""0"", ""bframes"": ""5"", ""crf"": ""32.0"", ""ctu"": ""64"", ""keyint"": ""181"", ""limit-refs"": ""3"", ""limit-tu"": ""4"", ""me"": ""dia"", ""merange"": ""37"", ""open-gop"": ""0"", ""psy-rd"": ""4.0"", ""psy-rdoq"": ""5.0"", ""qcomp"": ""1.0"", ""qpmax"": ""45"", ""qpmin"": ""11"", ""rc-lookahead"": ""16"", ""rd"": ""3"", ""rdoq-level"": ""0"", ""rect"": ""0"", ""ref"": ""6"", ""rskip"": ""1"", ""sao"": ""0"", ""scenecut"": ""55"", ""subme"": ""3"", ""tu-inter-depth"": ""3"", ""tu-intra-depth"": ""2"", ""weightb"": ""1"", ""weightp"": ""1"", ""wpp"": ""0""}"
x265,lf09_hard01,"lambda_f=0.9, hard=0.1",16035,RQ3,137,6.5,46.89,6.5,47.29042077064514,"['Standard', '320p', 30, '10s']",0.0,47.29031801223755,0.0,"{""amp"": ""0"", ""aq-mode"": ""1"", ""aq-strength"": ""1.2"", ""b-adapt"": ""2"", ""bframes"": ""7"", ""crf"": ""28.0"", ""ctu"": ""32"", ""keyint"": ""489"", ""limit-refs"": ""2"", ""limit-tu"": ""4"", ""me"": ""umh"", ""merange"": ""49"", ""open-gop"": ""0"", ""psy-rd"": ""0.5"", ""psy-rdoq"": ""2.0"", ""qcomp"": ""0.8"", ""qpmax"": ""21"", ""qpmin"": ""2"", ""rc-lookahead"": ""46"", ""rd"": ""5"", ""rdoq-level"": ""1"", ""rect"": ""1"", ""ref"": ""4"", ""rskip"": ""1"", ""sao"": ""1"", ""scenecut"": ""68"", ""subme"": ""1"", ""tu-inter-depth"": ""2"", ""tu-intra-depth"": ""4"", ""weightb"": ""0"", ""weightp"": ""1"", ""wpp"": ""0""}"
x265,lf09_hard01,"lambda_f=0.9, hard=0.1",16035,RQ3,138,40.26,7.64,40.26,8.030458211898804,"['Standard', '320p', 30, '10s']",0.0,8.030365228652954,0.0,"{""amp"": ""1"", ""aq-mode"": ""2"", ""aq-strength"": ""0.5"", ""b-adapt"": ""2"", ""bframes"": ""3"", ""crf"": ""28.0"", ""ctu"": ""32"", ""keyint"": ""229"", ""limit-refs"": ""0"", ""limit-tu"": ""1"", ""me"": ""dia"", ""merange"": ""54"", ""open-gop"": ""0"", ""psy-rd"": ""4.0"", ""psy-rdoq"": ""5.0"", ""qcomp"": ""0.6"", ""qpmax"": ""51"", ""qpmin"": ""7"", ""rc-lookahead"": ""42"", ""rd"": ""3"", ""rdoq-level"": ""2"", ""rect"": ""0"", ""ref"": ""4"", ""rskip"": ""0"", ""sao"": ""1"", ""scenecut"": ""4"", ""subme"": ""2"", ""tu-inter-depth"": ""1"", ""tu-intra-depth"": ""1"", ""weightb"": ""0"", ""weightp"": ""1"", ""wpp"": ""0""}"
x265,lf09_hard01,"lambda_f=0.9, hard=0.1",16035,RQ3,139,53.32,5.79,53.32,6.312737941741943,"['Standard', '320p', 30, '10s']",0.0,6.31262993812561,0.0,"{""amp"": ""1"", ""aq-mode"": ""2"", ""aq-strength"": ""1.5"", ""b-adapt"": ""2"", ""bframes"": ""7"", ""crf"": ""30.0"", ""ctu"": ""16"", ""keyint"": ""369"", ""limit-refs"": ""2"", ""limit-tu"": ""3"", ""me"": ""umh"", ""merange"": ""53"", ""open-gop"": ""1"", ""psy-rd"": ""3.5"", ""psy-rdoq"": ""0.0"", ""qcomp"": ""1.0"", ""qpmax"": ""37"", ""qpmin"": ""14"", ""rc-lookahead"": ""54"", ""rd"": ""3"", ""rdoq-level"": ""2"", ""rect"": ""1"", ""ref"": ""5"", ""rskip"": ""1"", ""sao"": ""1"", ""scenecut"": ""33"", ""subme"": ""2"", ""tu-inter-depth"": ""2"", ""tu-intra-depth"": ""3"", ""weightb"": ""0"", ""weightp"": ""1"", ""wpp"": ""1""}"
x265,lf09_hard01,"lambda_f=0.9, hard=0.1",16035,RQ3,140,22.79,13.42,22.79,13.829078674316406,"['Standard', '320p', 30, '10s']",0.0,13.828980207443237,0.0,"{""amp"": ""0"", ""aq-mode"": ""3"", ""aq-strength"": ""0.0"", ""b-adapt"": ""2"", ""bframes"": ""8"", ""crf"": ""20.0"", ""ctu"": ""32"", ""keyint"": ""75"", ""limit-refs"": ""1"", ""limit-tu"": ""3"", ""me"": ""star"", ""merange"": ""18"", ""open-gop"": ""0"", ""psy-rd"": ""1.0"", ""psy-rdoq"": ""2.0"", ""qcomp"": ""0.7"", ""qpmax"": ""42"", ""qpmin"": ""5"", ""rc-lookahead"": ""40"", ""rd"": ""3"", ""rdoq-level"": ""1"", ""rect"": ""1"", ""ref"": ""3"", ""rskip"": ""0"", ""sao"": ""0"", ""scenecut"": ""66"", ""subme"": ""3"", ""tu-inter-depth"": ""3"", ""tu-intra-depth"": ""4"", ""weightb"": ""1"", ""weightp"": ""1"", ""wpp"": ""1""}"
x265,lf09_hard01,"lambda_f=0.9, hard=0.1",16035,RQ3,141,35.3,8.7,35.3,9.071901559829712,"['Standard', '320p', 30, '10s']",0.0,9.071801662445068,0.0,"{""amp"": ""0"", ""aq-mode"": ""1"", ""aq-strength"": ""0.8"", ""b-adapt"": ""2"", ""bframes"": ""6"", ""crf"": ""25.0"", ""ctu"": ""32"", ""keyint"": ""137"", ""limit-refs"": ""2"", ""limit-tu"": ""2"", ""me"": ""dia"", ""merange"": ""42"", ""open-gop"": ""1"", ""psy-rd"": ""1.0"", ""psy-rdoq"": ""3.5"", ""qcomp"": ""0.5"", ""qpmax"": ""36"", ""qpmin"": ""9"", ""rc-lookahead"": ""26"", ""rd"": ""3"", ""rdoq-level"": ""1"", ""rect"": ""1"", ""ref"": ""4"", ""rskip"": ""0"", ""sao"": ""1"", ""scenecut"": ""8"", ""subme"": ""4"", ""tu-inter-depth"": ""1"", ""tu-intra-depth"": ""3"", ""weightb"": ""1"", ""weightp"": ""1"", ""wpp"": ""0""}"
x265,lf09_hard01,"lambda_f=0.9, hard=0.1",16035,RQ3,142,34.68,8.84,34.68,9.248442649841309,"['Standard', '320p', 30, '10s']",0.0,9.2483491897583,0.0,"{""amp"": ""0"", ""aq-mode"": ""1"", ""aq-strength"": ""1.8"", ""b-adapt"": ""1"", ""bframes"": ""2"", ""crf"": ""18.0"", ""ctu"": ""16"", ""keyint"": ""30"", ""limit-refs"": ""1"", ""limit-tu"": ""2"", ""me"": ""umh"", ""merange"": ""40"", ""open-gop"": ""1"", ""psy-rd"": ""1.5"", ""psy-rdoq"": ""1.0"", ""qcomp"": ""0.7"", ""qpmax"": ""40"", ""qpmin"": ""18"", ""rc-lookahead"": ""29"", ""rd"": ""4"", ""rdoq-level"": ""1"", ""rect"": ""1"", ""ref"": ""2"", ""rskip"": ""1"", ""sao"": ""1"", ""scenecut"": ""53"", ""subme"": ""5"", ""tu-inter-depth"": ""1"", ""tu-intra-depth"": ""2"", ""weightb"": ""0"", ""weightp"": ""1"", ""wpp"": ""1""}"
x265,lf09_hard01,"lambda_f=0.9, hard=0.1",16035,RQ3,143,12.38,24.63,12.38,25.032166242599487,"['Standard', '320p', 30, '10s']",0.0,25.032068014144897,0.0,"{""amp"": ""0"", ""aq-mode"": ""2"", ""aq-strength"": ""0.8"", ""b-adapt"": ""0"", ""bframes"": ""0"", ""crf"": ""20.0"", ""ctu"": ""32"", ""keyint"": ""482"", ""limit-refs"": ""3"", ""limit-tu"": ""2"", ""me"": ""hex"", ""merange"": ""16"", ""open-gop"": ""1"", ""psy-rd"": ""1.5"", ""psy-rdoq"": ""4.5"", ""qcomp"": ""0.5"", ""qpmax"": ""34"", ""qpmin"": ""0"", ""rc-lookahead"": ""43"", ""rd"": ""6"", ""rdoq-level"": ""0"", ""rect"": ""0"", ""ref"": ""3"", ""rskip"": ""1"", ""sao"": ""1"", ""scenecut"": ""52"", ""subme"": ""1"", ""tu-inter-depth"": ""4"", ""tu-intra-depth"": ""3"", ""weightb"": ""1"", ""weightp"": ""1"", ""wpp"": ""0""}"
x265,lf09_hard01,"lambda_f=0.9, hard=0.1",16035,RQ3,144,32.33,9.49,32.33,9.888424396514893,"['Standard', '320p', 30, '10s']",0.0,9.88832402229309,0.0,"{""amp"": ""1"", ""aq-mode"": ""1"", ""aq-strength"": ""0.8"", ""b-adapt"": ""2"", ""bframes"": ""1"", ""crf"": ""28.0"", ""ctu"": ""64"", ""keyint"": ""220"", ""limit-refs"": ""2"", ""limit-tu"": ""1"", ""me"": ""hex"", ""merange"": ""22"", ""open-gop"": ""0"", ""psy-rd"": ""0.5"", ""psy-rdoq"": ""0.5"", ""qcomp"": ""0.9"", ""qpmax"": ""49"", ""qpmin"": ""6"", ""rc-lookahead"": ""58"", ""rd"": ""4"", ""rdoq-level"": ""2"", ""rect"": ""0"", ""ref"": ""5"", ""rskip"": ""1"", ""sao"": ""1"", ""scenecut"": ""68"", ""subme"": ""2"", ""tu-inter-depth"": ""4"", ""tu-intra-depth"": ""4"", ""weightb"": ""0"", ""weightp"": ""0"", ""wpp"": ""0""}"
x265,lf09_hard01,"lambda_f=0.9, hard=0.1",16035,RQ3,145,34.66,8.87,34.66,9.268605470657349,"['Standard', '320p', 30, '10s']",0.0,9.2685067653656,0.0,"{""amp"": ""0"", ""aq-mode"": ""4"", ""aq-strength"": ""0.5"", ""b-adapt"": ""0"", ""bframes"": ""4"", ""crf"": ""18.0"", ""ctu"": ""16"", ""keyint"": ""278"", ""limit-refs"": ""3"", ""limit-tu"": ""2"", ""me"": ""umh"", ""merange"": ""43"", ""open-gop"": ""1"", ""psy-rd"": ""0.0"", ""psy-rdoq"": ""4.5"", ""qcomp"": ""0.75"", ""qpmax"": ""40"", ""qpmin"": ""1"", ""rc-lookahead"": ""49"", ""rd"": ""3"", ""rdoq-level"": ""0"", ""rect"": ""1"", ""ref"": ""4"", ""rskip"": ""1"", ""sao"": ""1"", ""scenecut"": ""100"", ""subme"": ""2"", ""tu-inter-depth"": ""3"", ""tu-intra-depth"": ""3"", ""weightb"": ""0"", ""weightp"": ""1"", ""wpp"": ""0""}"
x265,lf09_hard01,"lambda_f=0.9, hard=0.1",16035,RQ3,146,29.19,10.5,29.19,10.900260925292969,"['Standard', '320p', 30, '10s']",0.0,10.900156736373901,0.0,"{""amp"": ""1"", ""aq-mode"": ""1"", ""aq-strength"": ""0.5"", ""b-adapt"": ""1"", ""bframes"": ""8"", ""crf"": ""25.0"", ""ctu"": ""32"", ""keyint"": ""68"", ""limit-refs"": ""1"", ""limit-tu"": ""3"", ""me"": ""hex"", ""merange"": ""50"", ""open-gop"": ""0"", ""psy-rd"": ""0.0"", ""psy-rdoq"": ""1.5"", ""qcomp"": ""0.75"", ""qpmax"": ""48"", ""qpmin"": ""12"", ""rc-lookahead"": ""57"", ""rd"": ""4"", ""rdoq-level"": ""1"", ""rect"": ""1"", ""ref"": ""4"", ""rskip"": ""1"", ""sao"": ""0"", ""scenecut"": ""19"", ""subme"": ""2"", ""tu-inter-depth"": ""2"", ""tu-intra-depth"": ""2"", ""weightb"": ""1"", ""weightp"": ""1"", ""wpp"": ""0""}"
x265,lf09_hard01,"lambda_f=0.9, hard=0.1",16035,RQ3,147,18.0,16.98,18.0,17.379441022872925,"['Standard', '320p', 30, '10s']",0.0,17.379339456558228,0.0,"{""amp"": ""0"", ""aq-mode"": ""4"", ""aq-strength"": ""0.8"", ""b-adapt"": ""2"", ""bframes"": ""3"", ""crf"": ""30.0"", ""ctu"": ""32"", ""keyint"": ""263"", ""limit-refs"": ""2"", ""limit-tu"": ""3"", ""me"": ""hex"", ""merange"": ""24"", ""open-gop"": ""1"", ""psy-rd"": ""0.5"", ""psy-rdoq"": ""4.5"", ""qcomp"": ""1.0"", ""qpmax"": ""34"", ""qpmin"": ""15"", ""rc-lookahead"": ""15"", ""rd"": ""5"", ""rdoq-level"": ""1"", ""rect"": ""0"", ""ref"": ""2"", ""rskip"": ""0"", ""sao"": ""1"", ""scenecut"": ""14"", ""subme"": ""3"", ""tu-inter-depth"": ""3"", ""tu-intra-depth"": ""3"", ""weightb"": ""1"", ""weightp"": ""0"", ""wpp"": ""0""}"
x265,lf09_hard01,"lambda_f=0.9, hard=0.1",16035,RQ3,148,14.08,21.69,14.08,22.205541372299194,"['Standard', '320p', 30, '10s']",0.0,22.205377340316772,0.0,"{""amp"": ""0"", ""aq-mode"": ""0"", ""aq-strength"": ""0.5"", ""b-adapt"": ""2"", ""bframes"": ""3"", ""crf"": ""25.0"", ""ctu"": ""32"", ""keyint"": ""40"", ""limit-refs"": ""1"", ""limit-tu"": ""0"", ""me"": ""star"", ""merange"": ""21"", ""open-gop"": ""0"", ""psy-rd"": ""3.5"", ""psy-rdoq"": ""3.5"", ""qcomp"": ""0.75"", ""qpmax"": ""23"", ""qpmin"": ""18"", ""rc-lookahead"": ""57"", ""rd"": ""4"", ""rdoq-level"": ""1"", ""rect"": ""1"", ""ref"": ""3"", ""rskip"": ""1"", ""sao"": ""1"", ""scenecut"": ""46"", ""subme"": ""4"", ""tu-inter-depth"": ""3"", ""tu-intra-depth"": ""2"", ""weightb"": ""0"", ""weightp"": ""0"", ""wpp"": ""0""}"
x265,lf09_hard01,"lambda_f=0.9, hard=0.1",16035,RQ3,149,19.54,15.64,19.54,16.04220175743103,"['Standard', '320p', 30, '10s']",0.0,16.042102336883545,0.0,"{""amp"": ""0"", ""aq-mode"": ""3"", ""aq-strength"": ""1.2"", ""b-adapt"": ""1"", ""bframes"": ""2"", ""crf"": ""30.0"", ""ctu"": ""32"", ""keyint"": ""142"", ""limit-refs"": ""0"", ""limit-tu"": ""1"", ""me"": ""umh"", ""merange"": ""60"", ""open-gop"": ""0"", ""psy-rd"": ""0.5"", ""psy-rdoq"": ""1.5"", ""qcomp"": ""0.5"", ""qpmax"": ""42"", ""qpmin"": ""8"", ""rc-lookahead"": ""29"", ""rd"": ""6"", ""rdoq-level"": ""0"", ""rect"": ""0"", ""ref"": ""4"", ""rskip"": ""1"", ""sao"": ""1"", ""scenecut"": ""16"", ""subme"": ""3"", ""tu-inter-depth"": ""2"", ""tu-intra-depth"": ""1"", ""weightb"": ""1"", ""weightp"": ""0"", ""wpp"": ""0""}"
x265,lf09_hard01,"lambda_f=0.9, hard=0.1",16035,RQ3,150,61.72,5.0,61.72,5.404568672180176,"['Standard', '320p', 30, '10s']",0.0,5.404467582702637,0.0,"{""amp"": ""0"", ""aq-mode"": ""2"", ""aq-strength"": ""2.0"", ""b-adapt"": ""2"", ""bframes"": ""1"", ""crf"": ""25.0"", ""ctu"": ""32"", ""keyint"": ""497"", ""limit-refs"": ""1"", ""limit-tu"": ""3"", ""me"": ""umh"", ""merange"": ""35"", ""open-gop"": ""1"", ""psy-rd"": ""0.0"", ""psy-rdoq"": ""3.5"", ""qcomp"": ""0.9"", ""qpmax"": ""37"", ""qpmin"": ""19"", ""rc-lookahead"": ""42"", ""rd"": ""2"", ""rdoq-level"": ""0"", ""rect"": ""1"", ""ref"": ""1"", ""rskip"": ""1"", ""sao"": ""1"", ""scenecut"": ""31"", ""subme"": ""2"", ""tu-inter-depth"": ""1"", ""tu-intra-depth"": ""2"", ""weightb"": ""0"", ""weightp"": ""1"", ""wpp"": ""1""}"
x265,lf09_hard01,"lambda_f=0.9, hard=0.1",16035,RQ3,151,15.4,19.83,15.4,20.222808837890625,"['Standard', '320p', 30, '10s']",0.0,20.222700595855713,0.0,"{""amp"": ""0"", ""aq-mode"": ""3"", ""aq-strength"": ""1.2"", ""b-adapt"": ""0"", ""bframes"": ""5"", ""crf"": ""28.0"", ""ctu"": ""64"", ""keyint"": ""456"", ""limit-refs"": ""1"", ""limit-tu"": ""2"", ""me"": ""star"", ""merange"": ""35"", ""open-gop"": ""0"", ""psy-rd"": ""1.0"", ""psy-rdoq"": ""0.0"", ""qcomp"": ""0.7"", ""qpmax"": ""48"", ""qpmin"": ""0"", ""rc-lookahead"": ""11"", ""rd"": ""5"", ""rdoq-level"": ""2"", ""rect"": ""0"", ""ref"": ""5"", ""rskip"": ""1"", ""sao"": ""0"", ""scenecut"": ""55"", ""subme"": ""5"", ""tu-inter-depth"": ""4"", ""tu-intra-depth"": ""3"", ""weightb"": ""1"", ""weightp"": ""0"", ""wpp"": ""1""}"
x265,lf09_hard01,"lambda_f=0.9, hard=0.1",16035,RQ3,152,28.5,10.76,28.5,11.237683534622192,"['Standard', '320p', 30, '10s']",0.0,11.237573862075806,0.0,"{""amp"": ""0"", ""aq-mode"": ""2"", ""aq-strength"": ""0.8"", ""b-adapt"": ""1"", ""bframes"": ""4"", ""crf"": ""22.0"", ""ctu"": ""16"", ""keyint"": ""250"", ""limit-refs"": ""2"", ""limit-tu"": ""4"", ""me"": ""star"", ""merange"": ""42"", ""open-gop"": ""0"", ""psy-rd"": ""4.0"", ""psy-rdoq"": ""5.0"", ""qcomp"": ""0.6"", ""qpmax"": ""22"", ""qpmin"": ""4"", ""rc-lookahead"": ""55"", ""rd"": ""4"", ""rdoq-level"": ""2"", ""rect"": ""0"", ""ref"": ""2"", ""rskip"": ""1"", ""sao"": ""0"", ""scenecut"": ""91"", ""subme"": ""4"", ""tu-inter-depth"": ""2"", ""tu-intra-depth"": ""3"", ""weightb"": ""1"", ""weightp"": ""1"", ""wpp"": ""0""}"
x265,lf09_hard01,"lambda_f=0.9, hard=0.1",16035,RQ3,153,36.88,8.33,36.88,8.744491577148438,"['Standard', '320p', 30, '10s']",0.0,8.744393348693848,0.0,"{""amp"": ""0"", ""aq-mode"": ""3"", ""aq-strength"": ""0.8"", ""b-adapt"": ""1"", ""bframes"": ""2"", ""crf"": ""20.0"", ""ctu"": ""32"", ""keyint"": ""406"", ""limit-refs"": ""2"", ""limit-tu"": ""4"", ""me"": ""star"", ""merange"": ""42"", ""open-gop"": ""0"", ""psy-rd"": ""3.0"", ""psy-rdoq"": ""3.0"", ""qcomp"": ""0.8"", ""qpmax"": ""26"", ""qpmin"": ""6"", ""rc-lookahead"": ""34"", ""rd"": ""4"", ""rdoq-level"": ""1"", ""rect"": ""0"", ""ref"": ""1"", ""rskip"": ""0"", ""sao"": ""0"", ""scenecut"": ""1"", ""subme"": ""2"", ""tu-inter-depth"": ""4"", ""tu-intra-depth"": ""3"", ""weightb"": ""0"", ""weightp"": ""1"", ""wpp"": ""0""}"
x265,lf09_hard01,"lambda_f=0.9, hard=0.1",16035,RQ3,154,13.03,23.41,13.03,23.814456939697266,"['Standard', '320p', 30, '10s']",0.0,23.814351081848145,0.0,"{""amp"": ""0"", ""aq-mode"": ""3"", ""aq-strength"": ""1.0"", ""b-adapt"": ""2"", ""bframes"": ""2"", ""crf"": ""22.0"", ""ctu"": ""32"", ""keyint"": ""127"", ""limit-refs"": ""2"", ""limit-tu"": ""1"", ""me"": ""hex"", ""merange"": ""40"", ""open-gop"": ""1"", ""psy-rd"": ""1.5"", ""psy-rdoq"": ""3.5"", ""qcomp"": ""0.8"", ""qpmax"": ""30"", ""qpmin"": ""10"", ""rc-lookahead"": ""42"", ""rd"": ""5"", ""rdoq-level"": ""0"", ""rect"": ""1"", ""ref"": ""5"", ""rskip"": ""1"", ""sao"": ""1"", ""scenecut"": ""100"", ""subme"": ""3"", ""tu-inter-depth"": ""3"", ""tu-intra-depth"": ""4"", ""weightb"": ""1"", ""weightp"": ""1"", ""wpp"": ""1""}"
x265,lf09_hard01,"lambda_f=0.9, hard=0.1",16035,RQ3,155,21.86,13.99,21.86,14.38167119026184,"['Standard', '320p', 30, '10s']",0.0,14.381571531295776,0.0,"{""amp"": ""0"", ""aq-mode"": ""2"", ""aq-strength"": ""1.2"", ""b-adapt"": ""1"", ""bframes"": ""3"", ""crf"": ""30.0"", ""ctu"": ""32"", ""keyint"": ""346"", ""limit-refs"": ""2"", ""limit-tu"": ""0"", ""me"": ""hex"", ""merange"": ""64"", ""open-gop"": ""0"", ""psy-rd"": ""0.5"", ""psy-rdoq"": ""3.5"", ""qcomp"": ""0.6"", ""qpmax"": ""26"", ""qpmin"": ""18"", ""rc-lookahead"": ""14"", ""rd"": ""3"", ""rdoq-level"": ""2"", ""rect"": ""0"", ""ref"": ""1"", ""rskip"": ""0"", ""sao"": ""0"", ""scenecut"": ""72"", ""subme"": ""4"", ""tu-inter-depth"": ""4"", ""tu-intra-depth"": ""3"", ""weightb"": ""1"", ""weightp"": ""1"", ""wpp"": ""1""}"
x265,lf09_hard01,"lambda_f=0.9, hard=0.1",16035,RQ3,156,23.0,13.31,23.0,13.703014850616455,"['Standard', '320p', 30, '10s']",0.0,13.702917575836182,0.0,"{""amp"": ""0"", ""aq-mode"": ""0"", ""aq-strength"": ""0.0"", ""b-adapt"": ""1"", ""bframes"": ""5"", ""crf"": ""20.0"", ""ctu"": ""64"", ""keyint"": ""173"", ""limit-refs"": ""0"", ""limit-tu"": ""1"", ""me"": ""dia"", ""merange"": ""32"", ""open-gop"": ""0"", ""psy-rd"": ""3.0"", ""psy-rdoq"": ""4.5"", ""qcomp"": ""0.6"", ""qpmax"": ""36"", ""qpmin"": ""2"", ""rc-lookahead"": ""50"", ""rd"": ""3"", ""rdoq-level"": ""0"", ""rect"": ""1"", ""ref"": ""2"", ""rskip"": ""0"", ""sao"": ""0"", ""scenecut"": ""14"", ""subme"": ""1"", ""tu-inter-depth"": ""4"", ""tu-intra-depth"": ""2"", ""weightb"": ""1"", ""weightp"": ""0"", ""wpp"": ""1""}"
x265,lf09_hard01,"lambda_f=0.9, hard=0.1",16035,RQ3,157,37.3,8.25,37.3,8.771864652633667,"['Standard', '320p', 30, '10s']",0.0,8.771712064743042,0.0,"{""amp"": ""1"", ""aq-mode"": ""3"", ""aq-strength"": ""1.5"", ""b-adapt"": ""2"", ""bframes"": ""4"", ""crf"": ""20.0"", ""ctu"": ""64"", ""keyint"": ""304"", ""limit-refs"": ""3"", ""limit-tu"": ""4"", ""me"": ""umh"", ""merange"": ""62"", ""open-gop"": ""0"", ""psy-rd"": ""1.5"", ""psy-rdoq"": ""0.0"", ""qcomp"": ""0.6"", ""qpmax"": ""38"", ""qpmin"": ""16"", ""rc-lookahead"": ""50"", ""rd"": ""4"", ""rdoq-level"": ""0"", ""rect"": ""0"", ""ref"": ""1"", ""rskip"": ""0"", ""sao"": ""1"", ""scenecut"": ""67"", ""subme"": ""3"", ""tu-inter-depth"": ""1"", ""tu-intra-depth"": ""1"", ""weightb"": ""0"", ""weightp"": ""1"", ""wpp"": ""0""}"
x265,lf09_hard01,"lambda_f=0.9, hard=0.1",16035,RQ3,158,64.21,4.89,64.21,5.30769157409668,"['Standard', '320p', 30, '10s']",0.0,5.307563304901123,0.0,"{""amp"": ""0"", ""aq-mode"": ""0"", ""aq-strength"": ""1.8"", ""b-adapt"": ""0"", ""bframes"": ""0"", ""crf"": ""32.0"", ""ctu"": ""32"", ""keyint"": ""181"", ""limit-refs"": ""3"", ""limit-tu"": ""2"", ""me"": ""hex"", ""merange"": ""38"", ""open-gop"": ""0"", ""psy-rd"": ""1.5"", ""psy-rdoq"": ""2.0"", ""qcomp"": ""0.75"", ""qpmax"": ""34"", ""qpmin"": ""4"", ""rc-lookahead"": ""16"", ""rd"": ""3"", ""rdoq-level"": ""1"", ""rect"": ""0"", ""ref"": ""5"", ""rskip"": ""1"", ""sao"": ""1"", ""scenecut"": ""59"", ""subme"": ""2"", ""tu-inter-depth"": ""1"", ""tu-intra-depth"": ""1"", ""weightb"": ""0"", ""weightp"": ""0"", ""wpp"": ""0""}"
x265,lf09_hard01,"lambda_f=0.9, hard=0.1",16035,RQ3,159,31.89,9.62,31.89,10.020822048187256,"['Standard', '320p', 30, '10s']",0.0,10.020715713500977,0.0,"{""amp"": ""0"", ""aq-mode"": ""4"", ""aq-strength"": ""0.5"", ""b-adapt"": ""0"", ""bframes"": ""7"", ""crf"": ""28.0"", ""ctu"": ""32"", ""keyint"": ""409"", ""limit-refs"": ""2"", ""limit-tu"": ""2"", ""me"": ""star"", ""merange"": ""57"", ""open-gop"": ""1"", ""psy-rd"": ""3.0"", ""psy-rdoq"": ""3.0"", ""qcomp"": ""0.7"", ""qpmax"": ""29"", ""qpmin"": ""13"", ""rc-lookahead"": ""22"", ""rd"": ""4"", ""rdoq-level"": ""1"", ""rect"": ""0"", ""ref"": ""3"", ""rskip"": ""0"", ""sao"": ""1"", ""scenecut"": ""44"", ""subme"": ""3"", ""tu-inter-depth"": ""4"", ""tu-intra-depth"": ""4"", ""weightb"": ""1"", ""weightp"": ""0"", ""wpp"": ""1""}"
x265,lf09_hard01,"lambda_f=0.9, hard=0.1",16035,RQ3,160,38.4,8.08,38.4,8.609039545059204,"['Standard', '320p', 30, '10s']",0.0,8.60888934135437,0.0,"{""amp"": ""0"", ""aq-mode"": ""2"", ""aq-strength"": ""0.8"", ""b-adapt"": ""0"", ""bframes"": ""5"", ""crf"": ""30.0"", ""ctu"": ""32"", ""keyint"": ""456"", ""limit-refs"": ""0"", ""limit-tu"": ""1"", ""me"": ""umh"", ""merange"": ""33"", ""open-gop"": ""0"", ""psy-rd"": ""3.0"", ""psy-rdoq"": ""1.5"", ""qcomp"": ""0.6"", ""qpmax"": ""35"", ""qpmin"": ""18"", ""rc-lookahead"": ""58"", ""rd"": ""4"", ""rdoq-level"": ""1"", ""rect"": ""0"", ""ref"": ""5"", ""rskip"": ""0"", ""sao"": ""0"", ""scenecut"": ""82"", ""subme"": ""2"", ""tu-inter-depth"": ""2"", ""tu-intra-depth"": ""3"", ""weightb"": ""1"", ""weightp"": ""0"", ""wpp"": ""0""}"
x265,lf09_hard01,"lambda_f=0.9, hard=0.1",16035,RQ3,161,26.41,11.66,26.41,12.069464445114136,"['Standard', '320p', 30, '10s']",0.0,12.069366455078125,0.0,"{""amp"": ""0"", ""aq-mode"": ""1"", ""aq-strength"": ""1.8"", ""b-adapt"": ""1"", ""bframes"": ""4"", ""crf"": ""32.0"", ""ctu"": ""32"", ""keyint"": ""498"", ""limit-refs"": ""2"", ""limit-tu"": ""0"", ""me"": ""star"", ""merange"": ""21"", ""open-gop"": ""0"", ""psy-rd"": ""1.5"", ""psy-rdoq"": ""0.0"", ""qcomp"": ""0.8"", ""qpmax"": ""43"", ""qpmin"": ""3"", ""rc-lookahead"": ""27"", ""rd"": ""6"", ""rdoq-level"": ""2"", ""rect"": ""0"", ""ref"": ""2"", ""rskip"": ""1"", ""sao"": ""1"", ""scenecut"": ""14"", ""subme"": ""3"", ""tu-inter-depth"": ""3"", ""tu-intra-depth"": ""1"", ""weightb"": ""0"", ""weightp"": ""0"", ""wpp"": ""1""}"
x265,lf09_hard01,"lambda_f=0.9, hard=0.1",16035,RQ3,162,51.33,6.0,51.33,6.410981178283691,"['Standard', '320p', 30, '10s']",0.0,6.4108805656433105,0.0,"{""amp"": ""1"", ""aq-mode"": ""3"", ""aq-strength"": ""1.8"", ""b-adapt"": ""0"", ""bframes"": ""2"", ""crf"": ""20.0"", ""ctu"": ""32"", ""keyint"": ""337"", ""limit-refs"": ""3"", ""limit-tu"": ""4"", ""me"": ""hex"", ""merange"": ""29"", ""open-gop"": ""1"", ""psy-rd"": ""0.0"", ""psy-rdoq"": ""2.0"", ""qcomp"": ""0.6"", ""qpmax"": ""51"", ""qpmin"": ""16"", ""rc-lookahead"": ""16"", ""rd"": ""2"", ""rdoq-level"": ""0"", ""rect"": ""0"", ""ref"": ""5"", ""rskip"": ""1"", ""sao"": ""0"", ""scenecut"": ""11"", ""subme"": ""1"", ""tu-inter-depth"": ""4"", ""tu-intra-depth"": ""3"", ""weightb"": ""0"", ""weightp"": ""1"", ""wpp"": ""0""}"
x265,lf09_hard01,"lambda_f=0.9, hard=0.1",16035,RQ3,163,21.89,13.97,21.89,14.368450164794922,"['Standard', '320p', 30, '10s']",0.0,14.36833930015564,0.0,"{""amp"": ""0"", ""aq-mode"": ""2"", ""aq-strength"": ""1.5"", ""b-adapt"": ""1"", ""bframes"": ""7"", ""crf"": ""18.0"", ""ctu"": ""32"", ""keyint"": ""211"", ""limit-refs"": ""1"", ""limit-tu"": ""2"", ""me"": ""hex"", ""merange"": ""27"", ""open-gop"": ""1"", ""psy-rd"": ""1.0"", ""psy-rdoq"": ""2.5"", ""qcomp"": ""0.6"", ""qpmax"": ""35"", ""qpmin"": ""13"", ""rc-lookahead"": ""52"", ""rd"": ""3"", ""rdoq-level"": ""0"", ""rect"": ""1"", ""ref"": ""2"", ""rskip"": ""1"", ""sao"": ""0"", ""scenecut"": ""68"", ""subme"": ""3"", ""tu-inter-depth"": ""3"", ""tu-intra-depth"": ""2"", ""weightb"": ""0"", ""weightp"": ""1"", ""wpp"": ""0""}"
x265,lf09_hard01,"lambda_f=0.9, hard=0.1",16035,RQ3,164,36.46,8.43,36.46,8.821369171142578,"['Standard', '320p', 30, '10s']",0.0,8.821269035339355,0.0,"{""amp"": ""0"", ""aq-mode"": ""3"", ""aq-strength"": ""0.8"", ""b-adapt"": ""2"", ""bframes"": ""3"", ""crf"": ""25.0"", ""ctu"": ""64"", ""keyint"": ""196"", ""limit-refs"": ""1"", ""limit-tu"": ""1"", ""me"": ""dia"", ""merange"": ""34"", ""open-gop"": ""0"", ""psy-rd"": ""2.0"", ""psy-rdoq"": ""0.5"", ""qcomp"": ""0.75"", ""qpmax"": ""31"", ""qpmin"": ""12"", ""rc-lookahead"": ""29"", ""rd"": ""4"", ""rdoq-level"": ""0"", ""rect"": ""0"", ""ref"": ""4"", ""rskip"": ""1"", ""sao"": ""0"", ""scenecut"": ""23"", ""subme"": ""4"", ""tu-inter-depth"": ""4"", ""tu-intra-depth"": ""3"", ""weightb"": ""0"", ""weightp"": ""0"", ""wpp"": ""0""}"
x265,lf09_hard01,"lambda_f=0.9, hard=0.1",16035,RQ3,165,22.82,13.41,22.82,13.877864599227905,"['Standard', '320p', 30, '10s']",0.0,13.877707958221436,0.0,"{""amp"": ""0"", ""aq-mode"": ""0"", ""aq-strength"": ""0.5"", ""b-adapt"": ""2"", ""bframes"": ""4"", ""crf"": ""18.0"", ""ctu"": ""16"", ""keyint"": ""164"", ""limit-refs"": ""1"", ""limit-tu"": ""3"", ""me"": ""star"", ""merange"": ""23"", ""open-gop"": ""0"", ""psy-rd"": ""0.5"", ""psy-rdoq"": ""2.0"", ""qcomp"": ""0.5"", ""qpmax"": ""47"", ""qpmin"": ""6"", ""rc-lookahead"": ""32"", ""rd"": ""5"", ""rdoq-level"": ""0"", ""rect"": ""0"", ""ref"": ""2"", ""rskip"": ""1"", ""sao"": ""0"", ""scenecut"": ""83"", ""subme"": ""2"", ""tu-inter-depth"": ""2"", ""tu-intra-depth"": ""2"", ""weightb"": ""0"", ""weightp"": ""0"", ""wpp"": ""0""}"
x265,lf09_hard01,"lambda_f=0.9, hard=0.1",16035,RQ3,166,50.93,6.13,50.93,6.60303258895874,"['Standard', '320p', 30, '10s']",0.0,6.602938652038574,0.0,"{""amp"": ""0"", ""aq-mode"": ""1"", ""aq-strength"": ""1.8"", ""b-adapt"": ""2"", ""bframes"": ""4"", ""crf"": ""32.0"", ""ctu"": ""32"", ""keyint"": ""189"", ""limit-refs"": ""2"", ""limit-tu"": ""0"", ""me"": ""hex"", ""merange"": ""62"", ""open-gop"": ""0"", ""psy-rd"": ""4.0"", ""psy-rdoq"": ""5.0"", ""qcomp"": ""0.9"", ""qpmax"": ""45"", ""qpmin"": ""1"", ""rc-lookahead"": ""47"", ""rd"": ""4"", ""rdoq-level"": ""2"", ""rect"": ""0"", ""ref"": ""5"", ""rskip"": ""1"", ""sao"": ""1"", ""scenecut"": ""22"", ""subme"": ""2"", ""tu-inter-depth"": ""4"", ""tu-intra-depth"": ""2"", ""weightb"": ""0"", ""weightp"": ""0"", ""wpp"": ""0""}"
x265,lf09_hard01,"lambda_f=0.9, hard=0.1",16035,RQ3,167,5.37,56.73,5.37,57.13475465774536,"['Standard', '320p', 30, '10s']",0.0,57.13465213775635,0.0,"{""amp"": ""0"", ""aq-mode"": ""2"", ""aq-strength"": ""1.8"", ""b-adapt"": ""2"", ""bframes"": ""6"", ""crf"": ""32.0"", ""ctu"": ""32"", ""keyint"": ""334"", ""limit-refs"": ""2"", ""limit-tu"": ""0"", ""me"": ""full"", ""merange"": ""55"", ""open-gop"": ""1"", ""psy-rd"": ""0.5"", ""psy-rdoq"": ""1.0"", ""qcomp"": ""0.7"", ""qpmax"": ""32"", ""qpmin"": ""14"", ""rc-lookahead"": ""60"", ""rd"": ""3"", ""rdoq-level"": ""2"", ""rect"": ""1"", ""ref"": ""6"", ""rskip"": ""0"", ""sao"": ""1"", ""scenecut"": ""63"", ""subme"": ""2"", ""tu-inter-depth"": ""3"", ""tu-intra-depth"": ""4"", ""weightb"": ""1"", ""weightp"": ""1"", ""wpp"": ""1""}"
x265,lf09_hard01,"lambda_f=0.9, hard=0.1",16035,RQ3,168,64.18,4.83,64.18,5.236034870147705,"['Standard', '320p', 30, '10s']",0.0,5.23588228225708,0.0,"{""amp"": ""0"", ""aq-mode"": ""4"", ""aq-strength"": ""1.2"", ""b-adapt"": ""1"", ""bframes"": ""8"", ""crf"": ""30.0"", ""ctu"": ""64"", ""keyint"": ""190"", ""limit-refs"": ""3"", ""limit-tu"": ""4"", ""me"": ""dia"", ""merange"": ""37"", ""open-gop"": ""1"", ""psy-rd"": ""3.5"", ""psy-rdoq"": ""5.0"", ""qcomp"": ""1.0"", ""qpmax"": ""45"", ""qpmin"": ""11"", ""rc-lookahead"": ""16"", ""rd"": ""3"", ""rdoq-level"": ""0"", ""rect"": ""0"", ""ref"": ""2"", ""rskip"": ""1"", ""sao"": ""1"", ""scenecut"": ""55"", ""subme"": ""5"", ""tu-inter-depth"": ""3"", ""tu-intra-depth"": ""2"", ""weightb"": ""1"", ""weightp"": ""1"", ""wpp"": ""0""}"
x265,lf09_hard01,"lambda_f=0.9, hard=0.1",16035,RQ3,169,17.8,17.16,17.8,17.57167959213257,"['Standard', '320p', 30, '10s']",0.0,17.57158064842224,0.0,"{""amp"": ""1"", ""aq-mode"": ""3"", ""aq-strength"": ""1.0"", ""b-adapt"": ""0"", ""bframes"": ""3"", ""crf"": ""32.0"", ""ctu"": ""64"", ""keyint"": ""430"", ""limit-refs"": ""0"", ""limit-tu"": ""2"", ""me"": ""star"", ""merange"": ""24"", ""open-gop"": ""1"", ""psy-rd"": ""1.0"", ""psy-rdoq"": ""3.5"", ""qcomp"": ""0.5"", ""qpmax"": ""34"", ""qpmin"": ""14"", ""rc-lookahead"": ""15"", ""rd"": ""4"", ""rdoq-level"": ""0"", ""rect"": ""1"", ""ref"": ""5"", ""rskip"": ""0"", ""sao"": ""1"", ""scenecut"": ""19"", ""subme"": ""1"", ""tu-inter-depth"": ""4"", ""tu-intra-depth"": ""1"", ""weightb"": ""1"", ""weightp"": ""1"", ""wpp"": ""0""}"
x265,lf09_hard01,"lambda_f=0.9, hard=0.1",16035,RQ3,170,5.98,50.95,5.98,51.342878103256226,"['Standard', '320p', 30, '10s']",0.0,51.342772245407104,0.0,"{""amp"": ""0"", ""aq-mode"": ""3"", ""aq-strength"": ""0.5"", ""b-adapt"": ""1"", ""bframes"": ""6"", ""crf"": ""22.0"", ""ctu"": ""32"", ""keyint"": ""267"", ""limit-refs"": ""3"", ""limit-tu"": ""1"", ""me"": ""hex"", ""merange"": ""40"", ""open-gop"": ""0"", ""psy-rd"": ""0.5"", ""psy-rdoq"": ""4.0"", ""qcomp"": ""0.5"", ""qpmax"": ""22"", ""qpmin"": ""7"", ""rc-lookahead"": ""28"", ""rd"": ""5"", ""rdoq-level"": ""1"", ""rect"": ""0"", ""ref"": ""2"", ""rskip"": ""0"", ""sao"": ""0"", ""scenecut"": ""29"", ""subme"": ""4"", ""tu-inter-depth"": ""4"", ""tu-intra-depth"": ""3"", ""weightb"": ""0"", ""weightp"": ""1"", ""wpp"": ""1""}"
x265,lf09_hard01,"lambda_f=0.9, hard=0.1",16035,RQ3,171,24.41,12.54,24.41,12.941497564315796,"['Standard', '320p', 30, '10s']",0.0,12.941388845443726,0.0,"{""amp"": ""1"", ""aq-mode"": ""3"", ""aq-strength"": ""0.5"", ""b-adapt"": ""0"", ""bframes"": ""5"", ""crf"": ""25.0"", ""ctu"": ""64"", ""keyint"": ""325"", ""limit-refs"": ""1"", ""limit-tu"": ""1"", ""me"": ""hex"", ""merange"": ""59"", ""open-gop"": ""1"", ""psy-rd"": ""1.0"", ""psy-rdoq"": ""0.5"", ""qcomp"": ""1.0"", ""qpmax"": ""43"", ""qpmin"": ""1"", ""rc-lookahead"": ""21"", ""rd"": ""4"", ""rdoq-level"": ""0"", ""rect"": ""1"", ""ref"": ""5"", ""rskip"": ""0"", ""sao"": ""1"", ""scenecut"": ""71"", ""subme"": ""1"", ""tu-inter-depth"": ""3"", ""tu-intra-depth"": ""2"", ""weightb"": ""1"", ""weightp"": ""0"", ""wpp"": ""1""}"
x265,lf09_hard01,"lambda_f=0.9, hard=0.1",16035,RQ3,172,100.21,3.12,100.21,3.510545492172241,"['Standard', '320p', 30, '10s']",0.0,3.5104498863220215,0.0,"{""amp"": ""0"", ""aq-mode"": ""1"", ""aq-strength"": ""2.0"", ""b-adapt"": ""0"", ""bframes"": ""8"", ""crf"": ""32.0"", ""ctu"": ""64"", ""keyint"": ""205"", ""limit-refs"": ""3"", ""limit-tu"": ""4"", ""me"": ""hex"", ""merange"": ""37"", ""open-gop"": ""0"", ""psy-rd"": ""4.0"", ""psy-rdoq"": ""5.0"", ""qcomp"": ""1.0"", ""qpmax"": ""45"", ""qpmin"": ""11"", ""rc-lookahead"": ""10"", ""rd"": ""3"", ""rdoq-level"": ""0"", ""rect"": ""0"", ""ref"": ""2"", ""rskip"": ""1"", ""sao"": ""0"", ""scenecut"": ""54"", ""subme"": ""3"", ""tu-inter-depth"": ""3"", ""tu-intra-depth"": ""2"", ""weightb"": ""0"", ""weightp"": ""1"", ""wpp"": ""0""}"
x265,lf09_hard01,"lambda_f=0.9, hard=0.1",16035,RQ3,173,83.25,3.75,83.25,4.252529621124268,"['Standard', '320p', 30, '10s']",0.0,4.252385377883911,0.0,"{""amp"": ""0"", ""aq-mode"": ""1"", ""aq-strength"": ""2.0"", ""b-adapt"": ""0"", ""bframes"": ""8"", ""crf"": ""32.0"", ""ctu"": ""64"", ""keyint"": ""207"", ""limit-refs"": ""3"", ""limit-tu"": ""3"", ""me"": ""dia"", ""merange"": ""37"", ""open-gop"": ""0"", ""psy-rd"": ""4.0"", ""psy-rdoq"": ""5.0"", ""qcomp"": ""1.0"", ""qpmax"": ""50"", ""qpmin"": ""3"", ""rc-lookahead"": ""35"", ""rd"": ""4"", ""rdoq-level"": ""0"", ""rect"": ""1"", ""ref"": ""2"", ""rskip"": ""1"", ""sao"": ""0"", ""scenecut"": ""54"", ""subme"": ""1"", ""tu-inter-depth"": ""3"", ""tu-intra-depth"": ""2"", ""weightb"": ""1"", ""weightp"": ""0"", ""wpp"": ""0""}"
x265,lf09_hard01,"lambda_f=0.9, hard=0.1",16035,RQ3,174,80.44,3.95,80.44,4.6092119216918945,"['Standard', '320p', 30, '10s']",0.0,4.609084606170654,0.0,"{""amp"": ""1"", ""aq-mode"": ""1"", ""aq-strength"": ""0.0"", ""b-adapt"": ""0"", ""bframes"": ""6"", ""crf"": ""25.0"", ""ctu"": ""16"", ""keyint"": ""44"", ""limit-refs"": ""3"", ""limit-tu"": ""4"", ""me"": ""dia"", ""merange"": ""20"", ""open-gop"": ""0"", ""psy-rd"": ""0.5"", ""psy-rdoq"": ""4.5"", ""qcomp"": ""0.6"", ""qpmax"": ""45"", ""qpmin"": ""11"", ""rc-lookahead"": ""48"", ""rd"": ""4"", ""rdoq-level"": ""0"", ""rect"": ""0"", ""ref"": ""5"", ""rskip"": ""1"", ""sao"": ""1"", ""scenecut"": ""54"", ""subme"": ""4"", ""tu-inter-depth"": ""3"", ""tu-intra-depth"": ""2"", ""weightb"": ""1"", ""weightp"": ""1"", ""wpp"": ""0""}"
x265,lf09_hard01,"lambda_f=0.9, hard=0.1",16035,RQ3,175,38.48,7.99,38.48,8.385539293289185,"['Standard', '320p', 30, '10s']",0.0,8.385443210601807,0.0,"{""amp"": ""1"", ""aq-mode"": ""4"", ""aq-strength"": ""1.2"", ""b-adapt"": ""2"", ""bframes"": ""2"", ""crf"": ""28.0"", ""ctu"": ""16"", ""keyint"": ""133"", ""limit-refs"": ""3"", ""limit-tu"": ""1"", ""me"": ""full"", ""merange"": ""49"", ""open-gop"": ""1"", ""psy-rd"": ""2.5"", ""psy-rdoq"": ""2.5"", ""qcomp"": ""0.8"", ""qpmax"": ""36"", ""qpmin"": ""16"", ""rc-lookahead"": ""47"", ""rd"": ""3"", ""rdoq-level"": ""1"", ""rect"": ""0"", ""ref"": ""2"", ""rskip"": ""1"", ""sao"": ""0"", ""scenecut"": ""59"", ""subme"": ""1"", ""tu-inter-depth"": ""3"", ""tu-intra-depth"": ""2"", ""weightb"": ""1"", ""weightp"": ""1"", ""wpp"": ""0""}"
x265,lf09_hard01,"lambda_f=0.9, hard=0.1",16035,RQ3,176,12.51,24.39,12.51,24.79146981239319,"['Standard', '320p', 30, '10s']",0.0,24.79136633872986,0.0,"{""amp"": ""0"", ""aq-mode"": ""0"", ""aq-strength"": ""1.0"", ""b-adapt"": ""0"", ""bframes"": ""1"", ""crf"": ""25.0"", ""ctu"": ""16"", ""keyint"": ""371"", ""limit-refs"": ""3"", ""limit-tu"": ""2"", ""me"": ""hex"", ""merange"": ""37"", ""open-gop"": ""1"", ""psy-rd"": ""0.0"", ""psy-rdoq"": ""3.0"", ""qcomp"": ""1.0"", ""qpmax"": ""42"", ""qpmin"": ""18"", ""rc-lookahead"": ""31"", ""rd"": ""5"", ""rdoq-level"": ""2"", ""rect"": ""1"", ""ref"": ""4"", ""rskip"": ""1"", ""sao"": ""0"", ""scenecut"": ""7"", ""subme"": ""3"", ""tu-inter-depth"": ""3"", ""tu-intra-depth"": ""2"", ""weightb"": ""0"", ""weightp"": ""0"", ""wpp"": ""0""}"
x265,lf09_hard01,"lambda_f=0.9, hard=0.1",16035,RQ3,177,1.65,184.22,1.65,184.61693930625916,"['Standard', '320p', 30, '10s']",0.0,184.61683106422424,0.0,"{""amp"": ""1"", ""aq-mode"": ""1"", ""aq-strength"": ""0.8"", ""b-adapt"": ""0"", ""bframes"": ""1"", ""crf"": ""22.0"", ""ctu"": ""32"", ""keyint"": ""240"", ""limit-refs"": ""1"", ""limit-tu"": ""1"", ""me"": ""full"", ""merange"": ""63"", ""open-gop"": ""1"", ""psy-rd"": ""1.0"", ""psy-rdoq"": ""2.5"", ""qcomp"": ""0.8"", ""qpmax"": ""23"", ""qpmin"": ""7"", ""rc-lookahead"": ""25"", ""rd"": ""4"", ""rdoq-level"": ""1"", ""rect"": ""1"", ""ref"": ""4"", ""rskip"": ""0"", ""sao"": ""1"", ""scenecut"": ""14"", ""subme"": ""1"", ""tu-inter-depth"": ""1"", ""tu-intra-depth"": ""2"", ""weightb"": ""1"", ""weightp"": ""0"", ""wpp"": ""1""}"
x265,lf09_hard01,"lambda_f=0.9, hard=0.1",16035,RQ3,178,22.7,13.48,22.7,13.87825870513916,"['Standard', '320p', 30, '10s']",0.0,13.878157377243042,0.0,"{""amp"": ""1"", ""aq-mode"": ""2"", ""aq-strength"": ""1.8"", ""b-adapt"": ""0"", ""bframes"": ""4"", ""crf"": ""32.0"", ""ctu"": ""32"", ""keyint"": ""118"", ""limit-refs"": ""3"", ""limit-tu"": ""2"", ""me"": ""star"", ""merange"": ""18"", ""open-gop"": ""0"", ""psy-rd"": ""2.5"", ""psy-rdoq"": ""1.5"", ""qcomp"": ""0.75"", ""qpmax"": ""26"", ""qpmin"": ""14"", ""rc-lookahead"": ""57"", ""rd"": ""3"", ""rdoq-level"": ""2"", ""rect"": ""1"", ""ref"": ""3"", ""rskip"": ""0"", ""sao"": ""0"", ""scenecut"": ""17"", ""subme"": ""2"", ""tu-inter-depth"": ""3"", ""tu-intra-depth"": ""2"", ""weightb"": ""0"", ""weightp"": ""0"", ""wpp"": ""1""}"
x265,lf09_hard01,"lambda_f=0.9, hard=0.1",16035,RQ3,179,17.99,16.98,17.99,17.381348848342896,"['Standard', '320p', 30, '10s']",0.0,17.38123655319214,0.0,"{""amp"": ""0"", ""aq-mode"": ""3"", ""aq-strength"": ""1.0"", ""b-adapt"": ""2"", ""bframes"": ""8"", ""crf"": ""30.0"", ""ctu"": ""32"", ""keyint"": ""401"", ""limit-refs"": ""2"", ""limit-tu"": ""4"", ""me"": ""umh"", ""merange"": ""53"", ""open-gop"": ""1"", ""psy-rd"": ""0.5"", ""psy-rdoq"": ""0.0"", ""qcomp"": ""0.75"", ""qpmax"": ""41"", ""qpmin"": ""14"", ""rc-lookahead"": ""43"", ""rd"": ""6"", ""rdoq-level"": ""2"", ""rect"": ""1"", ""ref"": ""1"", ""rskip"": ""1"", ""sao"": ""0"", ""scenecut"": ""35"", ""subme"": ""5"", ""tu-inter-depth"": ""2"", ""tu-intra-depth"": ""2"", ""weightb"": ""1"", ""weightp"": ""1"", ""wpp"": ""0""}"
x265,lf09_hard01,"lambda_f=0.9, hard=0.1",16035,RQ3,180,29.29,10.46,29.29,10.872666835784912,"['Standard', '320p', 30, '10s']",0.0,10.872560501098633,0.0,"{""amp"": ""1"", ""aq-mode"": ""1"", ""aq-strength"": ""1.5"", ""b-adapt"": ""1"", ""bframes"": ""3"", ""crf"": ""28.0"", ""ctu"": ""32"", ""keyint"": ""486"", ""limit-refs"": ""1"", ""limit-tu"": ""2"", ""me"": ""star"", ""merange"": ""45"", ""open-gop"": ""0"", ""psy-rd"": ""3.0"", ""psy-rdoq"": ""1.5"", ""qcomp"": ""0.8"", ""qpmax"": ""24"", ""qpmin"": ""2"", ""rc-lookahead"": ""29"", ""rd"": ""3"", ""rdoq-level"": ""2"", ""rect"": ""0"", ""ref"": ""1"", ""rskip"": ""1"", ""sao"": ""1"", ""scenecut"": ""35"", ""subme"": ""4"", ""tu-inter-depth"": ""3"", ""tu-intra-depth"": ""3"", ""weightb"": ""0"", ""weightp"": ""1"", ""wpp"": ""1""}"
x265,lf09_hard01,"lambda_f=0.9, hard=0.1",16035,RQ3,181,22.17,13.8,22.17,14.32192873954773,"['Standard', '320p', 30, '10s']",0.0,14.321775913238525,0.0,"{""amp"": ""0"", ""aq-mode"": ""2"", ""aq-strength"": ""1.5"", ""b-adapt"": ""1"", ""bframes"": ""2"", ""crf"": ""20.0"", ""ctu"": ""32"", ""keyint"": ""73"", ""limit-refs"": ""0"", ""limit-tu"": ""3"", ""me"": ""umh"", ""merange"": ""26"", ""open-gop"": ""1"", ""psy-rd"": ""3.5"", ""psy-rdoq"": ""3.5"", ""qcomp"": ""0.9"", ""qpmax"": ""31"", ""qpmin"": ""7"", ""rc-lookahead"": ""26"", ""rd"": ""4"", ""rdoq-level"": ""0"", ""rect"": ""1"", ""ref"": ""2"", ""rskip"": ""1"", ""sao"": ""1"", ""scenecut"": ""3"", ""subme"": ""4"", ""tu-inter-depth"": ""4"", ""tu-intra-depth"": ""4"", ""weightb"": ""0"", ""weightp"": ""0"", ""wpp"": ""1""}"
x265,lf09_hard01,"lambda_f=0.9, hard=0.1",16035,RQ3,182,87.18,3.57,87.18,3.9734716415405273,"['Standard', '320p', 30, '10s']",0.0,3.9733805656433105,0.0,"{""amp"": ""1"", ""aq-mode"": ""3"", ""aq-strength"": ""1.2"", ""b-adapt"": ""0"", ""bframes"": ""5"", ""crf"": ""32.0"", ""ctu"": ""32"", ""keyint"": ""42"", ""limit-refs"": ""1"", ""limit-tu"": ""0"", ""me"": ""dia"", ""merange"": ""46"", ""open-gop"": ""1"", ""psy-rd"": ""1.0"", ""psy-rdoq"": ""2.0"", ""qcomp"": ""0.6"", ""qpmax"": ""41"", ""qpmin"": ""3"", ""rc-lookahead"": ""25"", ""rd"": ""4"", ""rdoq-level"": ""0"", ""rect"": ""1"", ""ref"": ""4"", ""rskip"": ""1"", ""sao"": ""0"", ""scenecut"": ""31"", ""subme"": ""2"", ""tu-inter-depth"": ""2"", ""tu-intra-depth"": ""3"", ""weightb"": ""1"", ""weightp"": ""1"", ""wpp"": ""1""}"
x265,lf09_hard01,"lambda_f=0.9, hard=0.1",16035,RQ3,183,77.66,4.0,77.66,4.40091347694397,"['Standard', '320p', 30, '10s']",0.0,4.400819778442383,0.0,"{""amp"": ""1"", ""aq-mode"": ""1"", ""aq-strength"": ""1.8"", ""b-adapt"": ""1"", ""bframes"": ""0"", ""crf"": ""25.0"", ""ctu"": ""16"", ""keyint"": ""175"", ""limit-refs"": ""1"", ""limit-tu"": ""3"", ""me"": ""star"", ""merange"": ""42"", ""open-gop"": ""0"", ""psy-rd"": ""1.5"", ""psy-rdoq"": ""4.0"", ""qcomp"": ""0.5"", ""qpmax"": ""38"", ""qpmin"": ""14"", ""rc-lookahead"": ""41"", ""rd"": ""4"", ""rdoq-level"": ""1"", ""rect"": ""0"", ""ref"": ""2"", ""rskip"": ""1"", ""sao"": ""0"", ""scenecut"": ""42"", ""subme"": ""3"", ""tu-inter-depth"": ""2"", ""tu-intra-depth"": ""1"", ""weightb"": ""0"", ""weightp"": ""0"", ""wpp"": ""0""}"
x265,lf09_hard01,"lambda_f=0.9, hard=0.1",16035,RQ3,184,83.43,3.73,83.43,4.12675666809082,"['Standard', '320p', 30, '10s']",0.0,4.1266632080078125,0.0,"{""amp"": ""0"", ""aq-mode"": ""3"", ""aq-strength"": ""0.0"", ""b-adapt"": ""2"", ""bframes"": ""5"", ""crf"": ""32.0"", ""ctu"": ""32"", ""keyint"": ""349"", ""limit-refs"": ""3"", ""limit-tu"": ""2"", ""me"": ""umh"", ""merange"": ""53"", ""open-gop"": ""1"", ""psy-rd"": ""4.0"", ""psy-rdoq"": ""2.0"", ""qcomp"": ""0.8"", ""qpmax"": ""45"", ""qpmin"": ""10"", ""rc-lookahead"": ""54"", ""rd"": ""4"", ""rdoq-level"": ""1"", ""rect"": ""0"", ""ref"": ""2"", ""rskip"": ""1"", ""sao"": ""1"", ""scenecut"": ""9"", ""subme"": ""1"", ""tu-inter-depth"": ""3"", ""tu-intra-depth"": ""4"", ""weightb"": ""0"", ""weightp"": ""0"", ""wpp"": ""1""}"
x265,lf09_hard01,"lambda_f=0.9, hard=0.1",16035,RQ3,185,46.54,6.61,46.54,7.008228302001953,"['Standard', '320p', 30, '10s']",0.0,7.008130311965942,0.0,"{""amp"": ""0"", ""aq-mode"": ""2"", ""aq-strength"": ""1.2"", ""b-adapt"": ""1"", ""bframes"": ""1"", ""crf"": ""25.0"", ""ctu"": ""16"", ""keyint"": ""304"", ""limit-refs"": ""2"", ""limit-tu"": ""1"", ""me"": ""hex"", ""merange"": ""47"", ""open-gop"": ""0"", ""psy-rd"": ""1.0"", ""psy-rdoq"": ""4.5"", ""qcomp"": ""0.6"", ""qpmax"": ""49"", ""qpmin"": ""15"", ""rc-lookahead"": ""30"", ""rd"": ""3"", ""rdoq-level"": ""1"", ""rect"": ""1"", ""ref"": ""4"", ""rskip"": ""1"", ""sao"": ""1"", ""scenecut"": ""51"", ""subme"": ""2"", ""tu-inter-depth"": ""3"", ""tu-intra-depth"": ""1"", ""weightb"": ""0"", ""weightp"": ""1"", ""wpp"": ""1""}"
x265,lf09_hard01,"lambda_f=0.9, hard=0.1",16035,RQ3,186,33.4,9.19,33.4,9.582477569580078,"['Standard', '320p', 30, '10s']",0.0,9.582378625869751,0.0,"{""amp"": ""0"", ""aq-mode"": ""4"", ""aq-strength"": ""0.5"", ""b-adapt"": ""1"", ""bframes"": ""2"", ""crf"": ""22.0"", ""ctu"": ""16"", ""keyint"": ""188"", ""limit-refs"": ""3"", ""limit-tu"": ""0"", ""me"": ""dia"", ""merange"": ""53"", ""open-gop"": ""1"", ""psy-rd"": ""0.5"", ""psy-rdoq"": ""0.5"", ""qcomp"": ""1.0"", ""qpmax"": ""44"", ""qpmin"": ""20"", ""rc-lookahead"": ""54"", ""rd"": ""4"", ""rdoq-level"": ""0"", ""rect"": ""1"", ""ref"": ""4"", ""rskip"": ""1"", ""sao"": ""1"", ""scenecut"": ""23"", ""subme"": ""4"", ""tu-inter-depth"": ""3"", ""tu-intra-depth"": ""3"", ""weightb"": ""1"", ""weightp"": ""1"", ""wpp"": ""1""}"
x265,lf09_hard01,"lambda_f=0.9, hard=0.1",16035,RQ3,187,40.28,7.63,40.28,8.043147325515747,"['Standard', '320p', 30, '10s']",0.0,8.043050289154053,0.0,"{""amp"": ""1"", ""aq-mode"": ""3"", ""aq-strength"": ""1.2"", ""b-adapt"": ""1"", ""bframes"": ""1"", ""crf"": ""18.0"", ""ctu"": ""16"", ""keyint"": ""432"", ""limit-refs"": ""1"", ""limit-tu"": ""0"", ""me"": ""dia"", ""merange"": ""31"", ""open-gop"": ""1"", ""psy-rd"": ""0.0"", ""psy-rdoq"": ""3.0"", ""qcomp"": ""0.5"", ""qpmax"": ""21"", ""qpmin"": ""1"", ""rc-lookahead"": ""20"", ""rd"": ""4"", ""rdoq-level"": ""0"", ""rect"": ""0"", ""ref"": ""2"", ""rskip"": ""1"", ""sao"": ""0"", ""scenecut"": ""49"", ""subme"": ""5"", ""tu-inter-depth"": ""1"", ""tu-intra-depth"": ""3"", ""weightb"": ""1"", ""weightp"": ""1"", ""wpp"": ""0""}"
x265,lf09_hard01,"lambda_f=0.9, hard=0.1",16035,RQ3,188,16.43,18.66,16.43,19.226980447769165,"['Standard', '320p', 30, '10s']",0.0,19.226884841918945,0.0,"{""amp"": ""0"", ""aq-mode"": ""3"", ""aq-strength"": ""0.5"", ""b-adapt"": ""1"", ""bframes"": ""4"", ""crf"": ""18.0"", ""ctu"": ""32"", ""keyint"": ""48"", ""limit-refs"": ""2"", ""limit-tu"": ""2"", ""me"": ""star"", ""merange"": ""27"", ""open-gop"": ""1"", ""psy-rd"": ""2.0"", ""psy-rdoq"": ""4.0"", ""qcomp"": ""0.8"", ""qpmax"": ""50"", ""qpmin"": ""1"", ""rc-lookahead"": ""37"", ""rd"": ""4"", ""rdoq-level"": ""2"", ""rect"": ""0"", ""ref"": ""5"", ""rskip"": ""0"", ""sao"": ""0"", ""scenecut"": ""43"", ""subme"": ""2"", ""tu-inter-depth"": ""3"", ""tu-intra-depth"": ""1"", ""weightb"": ""0"", ""weightp"": ""1"", ""wpp"": ""0""}"
x265,lf09_hard01,"lambda_f=0.9, hard=0.1",16035,RQ3,189,19.16,15.95,19.16,16.34992265701294,"['Standard', '320p', 30, '10s']",0.0,16.349820375442505,0.0,"{""amp"": ""1"", ""aq-mode"": ""3"", ""aq-strength"": ""0.8"", ""b-adapt"": ""1"", ""bframes"": ""7"", ""crf"": ""18.0"", ""ctu"": ""32"", ""keyint"": ""273"", ""limit-refs"": ""0"", ""limit-tu"": ""1"", ""me"": ""hex"", ""merange"": ""64"", ""open-gop"": ""0"", ""psy-rd"": ""3.0"", ""psy-rdoq"": ""3.0"", ""qcomp"": ""0.6"", ""qpmax"": ""41"", ""qpmin"": ""8"", ""rc-lookahead"": ""29"", ""rd"": ""3"", ""rdoq-level"": ""1"", ""rect"": ""0"", ""ref"": ""1"", ""rskip"": ""0"", ""sao"": ""0"", ""scenecut"": ""20"", ""subme"": ""5"", ""tu-inter-depth"": ""4"", ""tu-intra-depth"": ""1"", ""weightb"": ""0"", ""weightp"": ""0"", ""wpp"": ""1""}"
x265,lf09_hard01,"lambda_f=0.9, hard=0.1",16035,RQ3,190,20.95,14.6,20.95,14.999808311462402,"['Standard', '320p', 30, '10s']",0.0,14.999712944030762,0.0,"{""amp"": ""1"", ""aq-mode"": ""1"", ""aq-strength"": ""0.5"", ""b-adapt"": ""2"", ""bframes"": ""3"", ""crf"": ""18.0"", ""ctu"": ""64"", ""keyint"": ""189"", ""limit-refs"": ""0"", ""limit-tu"": ""3"", ""me"": ""star"", ""merange"": ""37"", ""open-gop"": ""0"", ""psy-rd"": ""4.0"", ""psy-rdoq"": ""2.5"", ""qcomp"": ""1.0"", ""qpmax"": ""27"", ""qpmin"": ""17"", ""rc-lookahead"": ""12"", ""rd"": ""3"", ""rdoq-level"": ""0"", ""rect"": ""0"", ""ref"": ""2"", ""rskip"": ""0"", ""sao"": ""0"", ""scenecut"": ""65"", ""subme"": ""3"", ""tu-inter-depth"": ""3"", ""tu-intra-depth"": ""2"", ""weightb"": ""1"", ""weightp"": ""1"", ""wpp"": ""0""}"
x265,lf09_hard01,"lambda_f=0.9, hard=0.1",16035,RQ3,191,38.61,7.96,38.61,8.356526136398315,"['Standard', '320p', 30, '10s']",0.0,8.35643196105957,0.0,"{""amp"": ""0"", ""aq-mode"": ""3"", ""aq-strength"": ""1.5"", ""b-adapt"": ""2"", ""bframes"": ""2"", ""crf"": ""28.0"", ""ctu"": ""64"", ""keyint"": ""212"", ""limit-refs"": ""1"", ""limit-tu"": ""0"", ""me"": ""umh"", ""merange"": ""46"", ""open-gop"": ""0"", ""psy-rd"": ""2.5"", ""psy-rdoq"": ""2.0"", ""qcomp"": ""0.5"", ""qpmax"": ""42"", ""qpmin"": ""13"", ""rc-lookahead"": ""52"", ""rd"": ""4"", ""rdoq-level"": ""1"", ""rect"": ""0"", ""ref"": ""2"", ""rskip"": ""0"", ""sao"": ""0"", ""scenecut"": ""59"", ""subme"": ""1"", ""tu-inter-depth"": ""1"", ""tu-intra-depth"": ""2"", ""weightb"": ""0"", ""weightp"": ""0"", ""wpp"": ""0""}"
x265,lf09_hard01,"lambda_f=0.9, hard=0.1",16035,RQ3,192,38.48,7.98,38.48,8.37914514541626,"['Standard', '320p', 30, '10s']",0.0,8.379051208496094,0.0,"{""amp"": ""1"", ""aq-mode"": ""4"", ""aq-strength"": ""0.5"", ""b-adapt"": ""2"", ""bframes"": ""2"", ""crf"": ""25.0"", ""ctu"": ""32"", ""keyint"": ""276"", ""limit-refs"": ""1"", ""limit-tu"": ""3"", ""me"": ""hex"", ""merange"": ""48"", ""open-gop"": ""1"", ""psy-rd"": ""3.0"", ""psy-rdoq"": ""3.0"", ""qcomp"": ""0.9"", ""qpmax"": ""45"", ""qpmin"": ""10"", ""rc-lookahead"": ""16"", ""rd"": ""3"", ""rdoq-level"": ""1"", ""rect"": ""0"", ""ref"": ""3"", ""rskip"": ""0"", ""sao"": ""1"", ""scenecut"": ""37"", ""subme"": ""2"", ""tu-inter-depth"": ""3"", ""tu-intra-depth"": ""2"", ""weightb"": ""1"", ""weightp"": ""1"", ""wpp"": ""0""}"
x265,lf09_hard01,"lambda_f=0.9, hard=0.1",16035,RQ3,193,58.86,5.25,58.86,5.65013313293457,"['Standard', '320p', 30, '10s']",0.0,5.650039196014404,0.0,"{""amp"": ""0"", ""aq-mode"": ""3"", ""aq-strength"": ""2.0"", ""b-adapt"": ""1"", ""bframes"": ""1"", ""crf"": ""30.0"", ""ctu"": ""64"", ""keyint"": ""373"", ""limit-refs"": ""1"", ""limit-tu"": ""1"", ""me"": ""hex"", ""merange"": ""52"", ""open-gop"": ""0"", ""psy-rd"": ""2.5"", ""psy-rdoq"": ""3.0"", ""qcomp"": ""0.6"", ""qpmax"": ""44"", ""qpmin"": ""17"", ""rc-lookahead"": ""48"", ""rd"": ""4"", ""rdoq-level"": ""1"", ""rect"": ""0"", ""ref"": ""4"", ""rskip"": ""0"", ""sao"": ""1"", ""scenecut"": ""67"", ""subme"": ""5"", ""tu-inter-depth"": ""1"", ""tu-intra-depth"": ""3"", ""weightb"": ""0"", ""weightp"": ""0"", ""wpp"": ""1""}"
x265,lf09_hard01,"lambda_f=0.9, hard=0.1",16035,RQ3,194,24.36,12.56,24.36,12.968613147735596,"['Standard', '320p', 30, '10s']",0.0,12.968506813049316,0.0,"{""amp"": ""0"", ""aq-mode"": ""3"", ""aq-strength"": ""1.2"", ""b-adapt"": ""2"", ""bframes"": ""2"", ""crf"": ""32.0"", ""ctu"": ""16"", ""keyint"": ""326"", ""limit-refs"": ""1"", ""limit-tu"": ""0"", ""me"": ""star"", ""merange"": ""57"", ""open-gop"": ""1"", ""psy-rd"": ""4.0"", ""psy-rdoq"": ""4.5"", ""qcomp"": ""1.0"", ""qpmax"": ""22"", ""qpmin"": ""9"", ""rc-lookahead"": ""54"", ""rd"": ""3"", ""rdoq-level"": ""1"", ""rect"": ""1"", ""ref"": ""5"", ""rskip"": ""1"", ""sao"": ""1"", ""scenecut"": ""3"", ""subme"": ""1"", ""tu-inter-depth"": ""1"", ""tu-intra-depth"": ""1"", ""weightb"": ""1"", ""weightp"": ""1"", ""wpp"": ""1""}"
x265,lf09_hard01,"lambda_f=0.9, hard=0.1",16035,RQ3,195,15.86,19.25,15.86,19.659626007080078,"['Standard', '320p', 30, '10s']",0.0,19.659526109695435,0.0,"{""amp"": ""0"", ""aq-mode"": ""3"", ""aq-strength"": ""0.8"", ""b-adapt"": ""2"", ""bframes"": ""8"", ""crf"": ""18.0"", ""ctu"": ""32"", ""keyint"": ""454"", ""limit-refs"": ""1"", ""limit-tu"": ""2"", ""me"": ""hex"", ""merange"": ""24"", ""open-gop"": ""0"", ""psy-rd"": ""2.5"", ""psy-rdoq"": ""5.0"", ""qcomp"": ""0.5"", ""qpmax"": ""35"", ""qpmin"": ""5"", ""rc-lookahead"": ""21"", ""rd"": ""3"", ""rdoq-level"": ""2"", ""rect"": ""1"", ""ref"": ""5"", ""rskip"": ""0"", ""sao"": ""0"", ""scenecut"": ""79"", ""subme"": ""3"", ""tu-inter-depth"": ""4"", ""tu-intra-depth"": ""3"", ""weightb"": ""1"", ""weightp"": ""1"", ""wpp"": ""0""}"
x265,lf09_hard01,"lambda_f=0.9, hard=0.1",16035,RQ3,196,10.88,28.02,10.88,28.435717582702637,"['Standard', '320p', 30, '10s']",0.0,28.43560552597046,0.0,"{""amp"": ""1"", ""aq-mode"": ""3"", ""aq-strength"": ""1.8"", ""b-adapt"": ""1"", ""bframes"": ""3"", ""crf"": ""20.0"", ""ctu"": ""16"", ""keyint"": ""276"", ""limit-refs"": ""0"", ""limit-tu"": ""3"", ""me"": ""full"", ""merange"": ""43"", ""open-gop"": ""1"", ""psy-rd"": ""0.5"", ""psy-rdoq"": ""0.5"", ""qcomp"": ""0.9"", ""qpmax"": ""43"", ""qpmin"": ""3"", ""rc-lookahead"": ""37"", ""rd"": ""3"", ""rdoq-level"": ""1"", ""rect"": ""0"", ""ref"": ""3"", ""rskip"": ""1"", ""sao"": ""1"", ""scenecut"": ""90"", ""subme"": ""1"", ""tu-inter-depth"": ""1"", ""tu-intra-depth"": ""2"", ""weightb"": ""1"", ""weightp"": ""1"", ""wpp"": ""0""}"
x265,lf09_hard01,"lambda_f=0.9, hard=0.1",16035,RQ3,197,17.84,17.13,17.84,17.65044093132019,"['Standard', '320p', 30, '10s']",0.0,17.650290727615356,0.0,"{""amp"": ""0"", ""aq-mode"": ""2"", ""aq-strength"": ""0.8"", ""b-adapt"": ""0"", ""bframes"": ""8"", ""crf"": ""20.0"", ""ctu"": ""32"", ""keyint"": ""199"", ""limit-refs"": ""2"", ""limit-tu"": ""2"", ""me"": ""star"", ""merange"": ""43"", ""open-gop"": ""1"", ""psy-rd"": ""0.0"", ""psy-rdoq"": ""1.5"", ""qcomp"": ""1.0"", ""qpmax"": ""21"", ""qpmin"": ""7"", ""rc-lookahead"": ""45"", ""rd"": ""3"", ""rdoq-level"": ""1"", ""rect"": ""1"", ""ref"": ""6"", ""rskip"": ""1"", ""sao"": ""1"", ""scenecut"": ""43"", ""subme"": ""2"", ""tu-inter-depth"": ""2"", ""tu-intra-depth"": ""3"", ""weightb"": ""0"", ""weightp"": ""1"", ""wpp"": ""0""}"
x265,lf09_hard01,"lambda_f=0.9, hard=0.1",16035,RQ3,198,90.55,3.44,90.55,3.838294267654419,"['Standard', '320p', 30, '10s']",0.0,3.8381948471069336,0.0,"{""amp"": ""1"", ""aq-mode"": ""1"", ""aq-strength"": ""0.5"", ""b-adapt"": ""1"", ""bframes"": ""2"", ""crf"": ""30.0"", ""ctu"": ""16"", ""keyint"": ""450"", ""limit-refs"": ""3"", ""limit-tu"": ""4"", ""me"": ""hex"", ""merange"": ""24"", ""open-gop"": ""1"", ""psy-rd"": ""2.0"", ""psy-rdoq"": ""1.0"", ""qcomp"": ""0.8"", ""qpmax"": ""34"", ""qpmin"": ""11"", ""rc-lookahead"": ""26"", ""rd"": ""4"", ""rdoq-level"": ""0"", ""rect"": ""1"", ""ref"": ""2"", ""rskip"": ""1"", ""sao"": ""1"", ""scenecut"": ""12"", ""subme"": ""3"", ""tu-inter-depth"": ""2"", ""tu-intra-depth"": ""1"", ""weightb"": ""1"", ""weightp"": ""1"", ""wpp"": ""1""}"
x265,lf09_hard01,"lambda_f=0.9, hard=0.1",16035,RQ3,199,12.11,25.18,12.11,25.57928490638733,"['Standard', '320p', 30, '10s']",0.0,25.57918691635132,0.0,"{""amp"": ""0"", ""aq-mode"": ""0"", ""aq-strength"": ""0.0"", ""b-adapt"": ""1"", ""bframes"": ""0"", ""crf"": ""30.0"", ""ctu"": ""32"", ""keyint"": ""106"", ""limit-refs"": ""1"", ""limit-tu"": ""1"", ""me"": ""umh"", ""merange"": ""46"", ""open-gop"": ""1"", ""psy-rd"": ""1.0"", ""psy-rdoq"": ""0.5"", ""qcomp"": ""0.9"", ""qpmax"": ""46"", ""qpmin"": ""4"", ""rc-lookahead"": ""33"", ""rd"": ""5"", ""rdoq-level"": ""1"", ""rect"": ""1"", ""ref"": ""1"", ""rskip"": ""0"", ""sao"": ""0"", ""scenecut"": ""16"", ""subme"": ""1"", ""tu-inter-depth"": ""3"", ""tu-intra-depth"": ""1"", ""weightb"": ""0"", ""weightp"": ""1"", ""wpp"": ""0""}"
x265,lf09_hard01,"lambda_f=0.9, hard=0.1",16035,RQ3,200,23.86,12.82,23.86,13.22893214225769,"['Standard', '320p', 30, '10s']",0.0,13.228817462921143,0.0,"{""amp"": ""0"", ""aq-mode"": ""2"", ""aq-strength"": ""0.5"", ""b-adapt"": ""1"", ""bframes"": ""3"", ""crf"": ""22.0"", ""ctu"": ""64"", ""keyint"": ""33"", ""limit-refs"": ""2"", ""limit-tu"": ""1"", ""me"": ""umh"", ""merange"": ""41"", ""open-gop"": ""0"", ""psy-rd"": ""1.5"", ""psy-rdoq"": ""4.0"", ""qcomp"": ""1.0"", ""qpmax"": ""28"", ""qpmin"": ""16"", ""rc-lookahead"": ""29"", ""rd"": ""3"", ""rdoq-level"": ""2"", ""rect"": ""0"", ""ref"": ""3"", ""rskip"": ""1"", ""sao"": ""1"", ""scenecut"": ""31"", ""subme"": ""3"", ""tu-inter-depth"": ""2"", ""tu-intra-depth"": ""2"", ""weightb"": ""1"", ""weightp"": ""0"", ""wpp"": ""1""}"
