system,method,run_id,variant,is_simulated,iteration,qps,latency,throughput,cost,fidelity,prepare_time,run_time,clean_time,config_json
x265,hebo,7301,plain,false,1,81.34,3.58,81.34,3.913513660430908,"['Standard', '320p', 30, '10s']",0.0,3.9128193855285645,0.0,"{""amp"": ""1"", ""aq-mode"": ""1"", ""aq-strength"": ""0.5"", ""b-adapt"": ""1"", ""bframes"": ""5"", ""crf"": ""32.0"", ""ctu"": ""64"", ""keyint"": ""254"", ""limit-refs"": ""2"", ""limit-tu"": ""2"", ""me"": ""hex"", ""merange"": ""46"", ""open-gop"": ""1"", ""psy-rd"": ""4.0"", ""psy-rdoq"": ""0.0"", ""qcomp"": ""0.5"", ""qpmax"": ""38"", ""qpmin"": ""11"", ""rc-lookahead"": ""25"", ""rd"": ""4"", ""rdoq-level"": ""0"", ""rect"": ""0"", ""ref"": ""2"", ""rskip"": ""0"", ""sao"": ""0"", ""scenecut"": ""96"", ""subme"": ""3"", ""tu-inter-depth"": ""1"", ""tu-intra-depth"": ""3"", ""weightb"": ""1"", ""weightp"": ""0"", ""wpp"": ""0""}"
x265,hebo,7301,plain,false,2,20.09,12.22,20.09,12.602710962295532,"['Standard', '320p', 30, '10s']",0.0,12.60262131690979,0.0,"{""amp"": ""0"", ""aq-mode"": ""2"", ""aq-strength"": ""1.8"", ""b-adapt"": ""0"", ""bframes"": ""3"", ""crf"": ""20.0"", ""ctu"": ""32"", ""keyint"": ""362"", ""limit-refs"": ""1"", ""limit-tu"": ""2"", ""me"": ""star"", ""merange"": ""39"", ""open-gop"": ""0"", ""psy-rd"": ""0.5"", ""psy-rdoq"": ""2.5"", ""qcomp"": ""0.8"", ""qpmax"": ""31"", ""qpmin"": ""5"", ""rc-lookahead"": ""47"", ""rd"": ""3"", ""rdoq-level"": ""1"", ""rect"": ""1"", ""ref"": ""4"", ""rskip"": ""1"", ""sao"": ""1"", ""scenecut"": ""2"", ""subme"": ""3"", ""tu-inter-depth"": ""3"", ""tu-intra-depth"": ""2"", ""weightb"": ""0"", ""weightp"": ""1"", ""wpp"": ""1""}"
x265,hebo,7301,plain,false,3,36.33,7.41,36.33,7.741008520126343,"['Standard', '320p', 30, '10s']",0.0,7.7409186363220215,0.0,"{""amp"": ""0"", ""aq-mode"": ""1"", ""aq-strength"": ""1.0"", ""b-adapt"": ""2"", ""bframes"": ""0"", ""crf"": ""22.0"", ""ctu"": ""16"", ""keyint"": ""390"", ""limit-refs"": ""3"", ""limit-tu"": ""0"", ""me"": ""star"", ""merange"": ""24"", ""open-gop"": ""1"", ""psy-rd"": ""2.5"", ""psy-rdoq"": ""1.5"", ""qcomp"": ""0.75"", ""qpmax"": ""45"", ""qpmin"": ""5"", ""rc-lookahead"": ""52"", ""rd"": ""2"", ""rdoq-level"": ""1"", ""rect"": ""0"", ""ref"": ""6"", ""rskip"": ""0"", ""sao"": ""0"", ""scenecut"": ""65"", ""subme"": ""4"", ""tu-inter-depth"": ""2"", ""tu-intra-depth"": ""1"", ""weightb"": ""0"", ""weightp"": ""0"", ""wpp"": ""1""}"
x265,hebo,7301,plain,false,4,3.85,34.42,3.85,34.773603677749634,"['Standard', '320p', 30, '10s']",0.0,34.77351212501526,0.0,"{""amp"": ""1"", ""aq-mode"": ""4"", ""aq-strength"": ""1.5"", ""b-adapt"": ""1"", ""bframes"": ""8"", ""crf"": ""25.0"", ""ctu"": ""32"", ""keyint"": ""45"", ""limit-refs"": ""1"", ""limit-tu"": ""4"", ""me"": ""hex"", ""merange"": ""62"", ""open-gop"": ""0"", ""psy-rd"": ""1.0"", ""psy-rdoq"": ""4.0"", ""qcomp"": ""1.0"", ""qpmax"": ""24"", ""qpmin"": ""19"", ""rc-lookahead"": ""18"", ""rd"": ""5"", ""rdoq-level"": ""2"", ""rect"": ""1"", ""ref"": ""2"", ""rskip"": ""1"", ""sao"": ""1"", ""scenecut"": ""31"", ""subme"": ""2"", ""tu-inter-depth"": ""3"", ""tu-intra-depth"": ""3"", ""weightb"": ""1"", ""weightp"": ""1"", ""wpp"": ""0""}"
x265,hebo,7301,plain,false,5,18.59,12.98,18.59,13.481260061264038,"['Standard', '320p', 30, '10s']",0.0,13.481165170669556,0.0,"{""amp"": ""1"", ""aq-mode"": ""0"", ""aq-strength"": ""1.0"", ""b-adapt"": ""2"", ""bframes"": ""1"", ""crf"": ""25.0"", ""ctu"": ""32"", ""keyint"": ""102"", ""limit-refs"": ""0"", ""limit-tu"": ""3"", ""me"": ""umh"", ""merange"": ""41"", ""open-gop"": ""1"", ""psy-rd"": ""3.0"", ""psy-rdoq"": ""2.5"", ""qcomp"": ""0.6"", ""qpmax"": ""26"", ""qpmin"": ""15"", ""rc-lookahead"": ""55"", ""rd"": ""3"", ""rdoq-level"": ""2"", ""rect"": ""0"", ""ref"": ""5"", ""rskip"": ""1"", ""sao"": ""1"", ""scenecut"": ""60"", ""subme"": ""1"", ""tu-inter-depth"": ""4"", ""tu-intra-depth"": ""2"", ""weightb"": ""1"", ""weightp"": ""0"", ""wpp"": ""0""}"
x265,hebo,7301,plain,false,6,15.02,15.24,15.02,15.58057951927185,"['Standard', '320p', 30, '10s']",0.0,15.580488204956055,0.0,"{""amp"": ""0"", ""aq-mode"": ""3"", ""aq-strength"": ""1.2"", ""b-adapt"": ""1"", ""bframes"": ""7"", ""crf"": ""28.0"", ""ctu"": ""64"", ""keyint"": ""455"", ""limit-refs"": ""3"", ""limit-tu"": ""1"", ""me"": ""full"", ""merange"": ""33"", ""open-gop"": ""0"", ""psy-rd"": ""0.5"", ""psy-rdoq"": ""5.0"", ""qcomp"": ""0.8"", ""qpmax"": ""47"", ""qpmin"": ""9"", ""rc-lookahead"": ""14"", ""rd"": ""4"", ""rdoq-level"": ""1"", ""rect"": ""1"", ""ref"": ""2"", ""rskip"": ""0"", ""sao"": ""0"", ""scenecut"": ""44"", ""subme"": ""5"", ""tu-inter-depth"": ""2"", ""tu-intra-depth"": ""3"", ""weightb"": ""0"", ""weightp"": ""1"", ""wpp"": ""1""}"
x265,hebo,7301,plain,false,7,21.09,11.7,21.09,12.034981966018677,"['Standard', '320p', 30, '10s']",0.0,12.034897565841675,0.0,"{""amp"": ""0"", ""aq-mode"": ""2"", ""aq-strength"": ""0.5"", ""b-adapt"": ""1"", ""bframes"": ""4"", ""crf"": ""30.0"", ""ctu"": ""32"", ""keyint"": ""304"", ""limit-refs"": ""1"", ""limit-tu"": ""3"", ""me"": ""umh"", ""merange"": ""19"", ""open-gop"": ""1"", ""psy-rd"": ""2.5"", ""psy-rdoq"": ""0.5"", ""qcomp"": ""0.7"", ""qpmax"": ""33"", ""qpmin"": ""1"", ""rc-lookahead"": ""32"", ""rd"": ""5"", ""rdoq-level"": ""1"", ""rect"": ""0"", ""ref"": ""3"", ""rskip"": ""1"", ""sao"": ""1"", ""scenecut"": ""79"", ""subme"": ""4"", ""tu-inter-depth"": ""3"", ""tu-intra-depth"": ""4"", ""weightb"": ""0"", ""weightp"": ""0"", ""wpp"": ""1""}"
x265,hebo,7301,plain,false,8,36.75,7.34,36.75,7.681806802749634,"['Standard', '320p', 30, '10s']",0.0,7.6817238330841064,0.0,"{""amp"": ""1"", ""aq-mode"": ""3"", ""aq-strength"": ""1.8"", ""b-adapt"": ""0"", ""bframes"": ""4"", ""crf"": ""20.0"", ""ctu"": ""16"", ""keyint"": ""189"", ""limit-refs"": ""2"", ""limit-tu"": ""1"", ""me"": ""dia"", ""merange"": ""56"", ""open-gop"": ""0"", ""psy-rd"": ""2.0"", ""psy-rdoq"": ""3.5"", ""qcomp"": ""0.9"", ""qpmax"": ""40"", ""qpmin"": ""15"", ""rc-lookahead"": ""35"", ""rd"": ""2"", ""rdoq-level"": ""0"", ""rect"": ""1"", ""ref"": ""4"", ""rskip"": ""0"", ""sao"": ""0"", ""scenecut"": ""24"", ""subme"": ""2"", ""tu-inter-depth"": ""1"", ""tu-intra-depth"": ""2"", ""weightb"": ""1"", ""weightp"": ""1"", ""wpp"": ""0""}"
x265,hebo,7301,plain,false,9,5.90,27.94,5.90,28.27440333366394,"['Standard', '320p', 30, '10s']",0.0,28.274303913116455,0.0,"{""amp"": ""1"", ""aq-mode"": ""1"", ""aq-strength"": ""2.0"", ""b-adapt"": ""2"", ""bframes"": ""2"", ""crf"": ""30.0"", ""ctu"": ""64"", ""keyint"": ""213"", ""limit-refs"": ""0"", ""limit-tu"": ""1"", ""me"": ""umh"", ""merange"": ""60"", ""open-gop"": ""1"", ""psy-rd"": ""1.0"", ""psy-rdoq"": ""2.0"", ""qcomp"": ""1.0"", ""qpmax"": ""28"", ""qpmin"": ""7"", ""rc-lookahead"": ""40"", ""rd"": ""6"", ""rdoq-level"": ""1"", ""rect"": ""0"", ""ref"": ""5"", ""rskip"": ""1"", ""sao"": ""1"", ""scenecut"": ""44"", ""subme"": ""3"", ""tu-inter-depth"": ""4"", ""tu-intra-depth"": ""1"", ""weightb"": ""0"", ""weightp"": ""0"", ""wpp"": ""1""}"
x265,hebo,7301,plain,false,10,29.67,8.82,29.67,9.16411018371582,"['Standard', '320p', 30, '10s']",0.0,9.16402006149292,0.0,"{""amp"": ""0"", ""aq-mode"": ""4"", ""aq-strength"": ""0.0"", ""b-adapt"": ""1"", ""bframes"": ""6"", ""crf"": ""20.0"", ""ctu"": ""32"", ""keyint"": ""343"", ""limit-refs"": ""2"", ""limit-tu"": ""3"", ""me"": ""dia"", ""merange"": ""25"", ""open-gop"": ""0"", ""psy-rd"": ""3.5"", ""psy-rdoq"": ""4.5"", ""qcomp"": ""0.7"", ""qpmax"": ""50"", ""qpmin"": ""18"", ""rc-lookahead"": ""31"", ""rd"": ""2"", ""rdoq-level"": ""2"", ""rect"": ""1"", ""ref"": ""1"", ""rskip"": ""0"", ""sao"": ""0"", ""scenecut"": ""52"", ""subme"": ""3"", ""tu-inter-depth"": ""2"", ""tu-intra-depth"": ""3"", ""weightb"": ""1"", ""weightp"": ""1"", ""wpp"": ""0""}"
x265,hebo,7301,plain,false,11,92.64,3.21,92.64,3.7529890537261963,"['Standard', '320p', 30, '10s']",0.0,3.752894878387451,0.0,"{""amp"": ""0"", ""aq-mode"": ""1"", ""aq-strength"": ""1.5"", ""b-adapt"": ""1"", ""bframes"": ""5"", ""crf"": ""22.0"", ""ctu"": ""16"", ""keyint"": ""430"", ""limit-refs"": ""1"", ""limit-tu"": ""1"", ""me"": ""umh"", ""merange"": ""35"", ""open-gop"": ""1"", ""psy-rd"": ""1.5"", ""psy-rdoq"": ""1.0"", ""qcomp"": ""0.75"", ""qpmax"": ""35"", ""qpmin"": ""12"", ""rc-lookahead"": ""13"", ""rd"": ""2"", ""rdoq-level"": ""0"", ""rect"": ""0"", ""ref"": ""3"", ""rskip"": ""1"", ""sao"": ""1"", ""scenecut"": ""14"", ""subme"": ""2"", ""tu-inter-depth"": ""3"", ""tu-intra-depth"": ""3"", ""weightb"": ""1"", ""weightp"": ""0"", ""wpp"": ""0""}"
x265,hebo,7301,plain,false,12,0.96,51.07,0.96,51.4100296497345,"['Standard', '320p', 30, '10s']",0.0,51.40994668006897,0.0,"{""amp"": ""1"", ""aq-mode"": ""2"", ""aq-strength"": ""0.8"", ""b-adapt"": ""0"", ""bframes"": ""3"", ""crf"": ""25.0"", ""ctu"": ""32"", ""keyint"": ""63"", ""limit-refs"": ""2"", ""limit-tu"": ""3"", ""me"": ""full"", ""merange"": ""52"", ""open-gop"": ""0"", ""psy-rd"": ""2.0"", ""psy-rdoq"": ""3.5"", ""qcomp"": ""0.5"", ""qpmax"": ""42"", ""qpmin"": ""4"", ""rc-lookahead"": ""60"", ""rd"": ""4"", ""rdoq-level"": ""1"", ""rect"": ""1"", ""ref"": ""5"", ""rskip"": ""0"", ""sao"": ""0"", ""scenecut"": ""84"", ""subme"": ""4"", ""tu-inter-depth"": ""2"", ""tu-intra-depth"": ""2"", ""weightb"": ""0"", ""weightp"": ""1"", ""wpp"": ""1""}"
x265,hebo,7301,plain,false,13,43.84,6.32,43.84,6.86914324760437,"['Standard', '320p', 30, '10s']",0.0,6.869049072265625,0.0,"{""amp"": ""1"", ""aq-mode"": ""2"", ""aq-strength"": ""1.2"", ""b-adapt"": ""1"", ""bframes"": ""6"", ""crf"": ""22.0"", ""ctu"": ""32"", ""keyint"": ""128"", ""limit-refs"": ""2"", ""limit-tu"": ""2"", ""me"": ""star"", ""merange"": ""54"", ""open-gop"": ""1"", ""psy-rd"": ""0.0"", ""psy-rdoq"": ""0.5"", ""qcomp"": ""0.9"", ""qpmax"": ""36"", ""qpmin"": ""2"", ""rc-lookahead"": ""20"", ""rd"": ""1"", ""rdoq-level"": ""1"", ""rect"": ""0"", ""ref"": ""3"", ""rskip"": ""0"", ""sao"": ""0"", ""scenecut"": ""11"", ""subme"": ""5"", ""tu-inter-depth"": ""1"", ""tu-intra-depth"": ""4"", ""weightb"": ""0"", ""weightp"": ""0"", ""wpp"": ""1""}"
x265,hebo,7301,plain,false,14,10.10,20.19,10.10,20.514820337295532,"['Standard', '320p', 30, '10s']",0.0,20.514736652374268,0.0,"{""amp"": ""0"", ""aq-mode"": ""3"", ""aq-strength"": ""1.0"", ""b-adapt"": ""0"", ""bframes"": ""2"", ""crf"": ""28.0"", ""ctu"": ""64"", ""keyint"": ""488"", ""limit-refs"": ""1"", ""limit-tu"": ""2"", ""me"": ""hex"", ""merange"": ""19"", ""open-gop"": ""0"", ""psy-rd"": ""3.5"", ""psy-rdoq"": ""3.0"", ""qcomp"": ""0.7"", ""qpmax"": ""29"", ""qpmin"": ""13"", ""rc-lookahead"": ""48"", ""rd"": ""5"", ""rdoq-level"": ""0"", ""rect"": ""1"", ""ref"": ""4"", ""rskip"": ""1"", ""sao"": ""1"", ""scenecut"": ""92"", ""subme"": ""1"", ""tu-inter-depth"": ""3"", ""tu-intra-depth"": ""2"", ""weightb"": ""1"", ""weightp"": ""1"", ""wpp"": ""0""}"
x265,hebo,7301,plain,false,15,16.46,14.22,16.46,14.557650089263916,"['Standard', '320p', 30, '10s']",0.0,14.55755066871643,0.0,"{""amp"": ""0"", ""aq-mode"": ""0"", ""aq-strength"": ""1.8"", ""b-adapt"": ""2"", ""bframes"": ""1"", ""crf"": ""30.0"", ""ctu"": ""32"", ""keyint"": ""278"", ""limit-refs"": ""3"", ""limit-tu"": ""4"", ""me"": ""hex"", ""merange"": ""29"", ""open-gop"": ""1"", ""psy-rd"": ""1.5"", ""psy-rdoq"": ""1.5"", ""qcomp"": ""0.8"", ""qpmax"": ""43"", ""qpmin"": ""17"", ""rc-lookahead"": ""43"", ""rd"": ""5"", ""rdoq-level"": ""2"", ""rect"": ""0"", ""ref"": ""5"", ""rskip"": ""0"", ""sao"": ""0"", ""scenecut"": ""31"", ""subme"": ""2"", ""tu-inter-depth"": ""2"", ""tu-intra-depth"": ""1"", ""weightb"": ""1"", ""weightp"": ""0"", ""wpp"": ""0""}"
x265,hebo,7301,plain,false,16,8.28,22.95,8.28,23.285529613494873,"['Standard', '320p', 30, '10s']",0.0,23.285441398620605,0.0,"{""amp"": ""1"", ""aq-mode"": ""3"", ""aq-strength"": ""0.5"", ""b-adapt"": ""1"", ""bframes"": ""7"", ""crf"": ""18.0"", ""ctu"": ""16"", ""keyint"": ""156"", ""limit-refs"": ""0"", ""limit-tu"": ""0"", ""me"": ""star"", ""merange"": ""46"", ""open-gop"": ""0"", ""psy-rd"": ""3.0"", ""psy-rdoq"": ""4.0"", ""qcomp"": ""0.6"", ""qpmax"": ""21"", ""qpmin"": ""8"", ""rc-lookahead"": ""27"", ""rd"": ""3"", ""rdoq-level"": ""1"", ""rect"": ""1"", ""ref"": ""2"", ""rskip"": ""1"", ""sao"": ""1"", ""scenecut"": ""73"", ""subme"": ""4"", ""tu-inter-depth"": ""3"", ""tu-intra-depth"": ""3"", ""weightb"": ""0"", ""weightp"": ""1"", ""wpp"": ""1""}"
x265,hebo,7301,plain,false,17,57.04,4.95,57.04,5.287229299545288,"['Standard', '320p', 30, '10s']",0.0,5.287143230438232,0.0,"{""amp"": ""1"", ""aq-mode"": ""0"", ""aq-strength"": ""0.5"", ""b-adapt"": ""0"", ""bframes"": ""1"", ""crf"": ""30.0"", ""ctu"": ""16"", ""keyint"": ""94"", ""limit-refs"": ""1"", ""limit-tu"": ""2"", ""me"": ""hex"", ""merange"": ""22"", ""open-gop"": ""1"", ""psy-rd"": ""3.5"", ""psy-rdoq"": ""2.5"", ""qcomp"": ""0.7"", ""qpmax"": ""39"", ""qpmin"": ""6"", ""rc-lookahead"": ""27"", ""rd"": ""4"", ""rdoq-level"": ""1"", ""rect"": ""1"", ""ref"": ""1"", ""rskip"": ""0"", ""sao"": ""1"", ""scenecut"": ""21"", ""subme"": ""2"", ""tu-inter-depth"": ""3"", ""tu-intra-depth"": ""1"", ""weightb"": ""0"", ""weightp"": ""1"", ""wpp"": ""0""}"
x265,hebo,7301,plain,false,18,29.49,8.87,29.49,9.356531858444214,"['Standard', '320p', 30, '10s']",0.0,9.35643482208252,0.0,"{""amp"": ""0"", ""aq-mode"": ""3"", ""aq-strength"": ""1.8"", ""b-adapt"": ""1"", ""bframes"": ""7"", ""crf"": ""18.0"", ""ctu"": ""32"", ""keyint"": ""461"", ""limit-refs"": ""2"", ""limit-tu"": ""2"", ""me"": ""star"", ""merange"": ""53"", ""open-gop"": ""0"", ""psy-rd"": ""1.0"", ""psy-rdoq"": ""4.5"", ""qcomp"": ""0.9"", ""qpmax"": ""31"", ""qpmin"": ""19"", ""rc-lookahead"": ""43"", ""rd"": ""3"", ""rdoq-level"": ""0"", ""rect"": ""0"", ""ref"": ""5"", ""rskip"": ""1"", ""sao"": ""0"", ""scenecut"": ""76"", ""subme"": ""4"", ""tu-inter-depth"": ""2"", ""tu-intra-depth"": ""3"", ""weightb"": ""1"", ""weightp"": ""0"", ""wpp"": ""1""}"
x265,hebo,7301,plain,false,19,41.69,6.57,41.69,6.9078428745269775,"['Standard', '320p', 30, '10s']",0.0,6.907758712768555,0.0,"{""amp"": ""0"", ""aq-mode"": ""2"", ""aq-strength"": ""1.0"", ""b-adapt"": ""1"", ""bframes"": ""6"", ""crf"": ""25.0"", ""ctu"": ""64"", ""keyint"": ""314"", ""limit-refs"": ""0"", ""limit-tu"": ""4"", ""me"": ""star"", ""merange"": ""44"", ""open-gop"": ""1"", ""psy-rd"": ""2.0"", ""psy-rdoq"": ""1.0"", ""qcomp"": ""0.5"", ""qpmax"": ""47"", ""qpmin"": ""10"", ""rc-lookahead"": ""50"", ""rd"": ""1"", ""rdoq-level"": ""2"", ""rect"": ""1"", ""ref"": ""5"", ""rskip"": ""0"", ""sao"": ""1"", ""scenecut"": ""40"", ""subme"": ""3"", ""tu-inter-depth"": ""4"", ""tu-intra-depth"": ""3"", ""weightb"": ""1"", ""weightp"": ""1"", ""wpp"": ""1""}"
x265,hebo,7301,plain,false,20,2.67,39.71,2.67,40.03260540962219,"['Standard', '320p', 30, '10s']",0.0,40.0325140953064,0.0,"{""amp"": ""1"", ""aq-mode"": ""3"", ""aq-strength"": ""1.2"", ""b-adapt"": ""2"", ""bframes"": ""2"", ""crf"": ""28.0"", ""ctu"": ""32"", ""keyint"": ""184"", ""limit-refs"": ""3"", ""limit-tu"": ""0"", ""me"": ""hex"", ""merange"": ""30"", ""open-gop"": ""0"", ""psy-rd"": ""1.5"", ""psy-rdoq"": ""3.0"", ""qcomp"": ""0.75"", ""qpmax"": ""22"", ""qpmin"": ""4"", ""rc-lookahead"": ""22"", ""rd"": ""5"", ""rdoq-level"": ""1"", ""rect"": ""0"", ""ref"": ""3"", ""rskip"": ""1"", ""sao"": ""0"", ""scenecut"": ""57"", ""subme"": ""3"", ""tu-inter-depth"": ""2"", ""tu-intra-depth"": ""2"", ""weightb"": ""0"", ""weightp"": ""0"", ""wpp"": ""0""}"
x265,hebo,7301,plain,false,21,23.56,10.7,23.56,11.042150974273682,"['Standard', '320p', 30, '10s']",0.0,11.042061567306519,0.0,"{""amp"": ""1"", ""aq-mode"": ""1"", ""aq-strength"": ""0.8"", ""b-adapt"": ""1"", ""bframes"": ""5"", ""crf"": ""22.0"", ""ctu"": ""32"", ""keyint"": ""246"", ""limit-refs"": ""2"", ""limit-tu"": ""1"", ""me"": ""dia"", ""merange"": ""27"", ""open-gop"": ""1"", ""psy-rd"": ""3.5"", ""psy-rdoq"": ""0.0"", ""qcomp"": ""0.7"", ""qpmax"": ""24"", ""qpmin"": ""0"", ""rc-lookahead"": ""58"", ""rd"": ""3"", ""rdoq-level"": ""1"", ""rect"": ""1"", ""ref"": ""4"", ""rskip"": ""1"", ""sao"": ""0"", ""scenecut"": ""35"", ""subme"": ""2"", ""tu-inter-depth"": ""2"", ""tu-intra-depth"": ""4"", ""weightb"": ""0"", ""weightp"": ""1"", ""wpp"": ""0""}"
x265,hebo,7301,plain,false,22,50.07,5.57,50.07,5.902937412261963,"['Standard', '320p', 30, '10s']",0.0,5.902848720550537,0.0,"{""amp"": ""0"", ""aq-mode"": ""2"", ""aq-strength"": ""1.5"", ""b-adapt"": ""2"", ""bframes"": ""3"", ""crf"": ""28.0"", ""ctu"": ""16"", ""keyint"": ""368"", ""limit-refs"": ""0"", ""limit-tu"": ""3"", ""me"": ""umh"", ""merange"": ""59"", ""open-gop"": ""0"", ""psy-rd"": ""0.0"", ""psy-rdoq"": ""2.5"", ""qcomp"": ""0.9"", ""qpmax"": ""49"", ""qpmin"": ""14"", ""rc-lookahead"": ""11"", ""rd"": ""4"", ""rdoq-level"": ""2"", ""rect"": ""0"", ""ref"": ""3"", ""rskip"": ""0"", ""sao"": ""1"", ""scenecut"": ""68"", ""subme"": ""4"", ""tu-inter-depth"": ""3"", ""tu-intra-depth"": ""2"", ""weightb"": ""1"", ""weightp"": ""0"", ""wpp"": ""1""}"
x265,hebo,7301,plain,false,23,-1.63,90.29,-1.63,90.62669277191162,"['Standard', '320p', 30, '10s']",0.0,90.6265799999237,0.0,"{""amp"": ""0"", ""aq-mode"": ""1"", ""aq-strength"": ""0.5"", ""b-adapt"": ""0"", ""bframes"": ""2"", ""crf"": ""32.0"", ""ctu"": ""32"", ""keyint"": ""399"", ""limit-refs"": ""2"", ""limit-tu"": ""1"", ""me"": ""full"", ""merange"": ""49"", ""open-gop"": ""1"", ""psy-rd"": ""3.0"", ""psy-rdoq"": ""1.5"", ""qcomp"": ""0.6"", ""qpmax"": ""32"", ""qpmin"": ""16"", ""rc-lookahead"": ""30"", ""rd"": ""6"", ""rdoq-level"": ""0"", ""rect"": ""1"", ""ref"": ""2"", ""rskip"": ""1"", ""sao"": ""0"", ""scenecut"": ""4"", ""subme"": ""5"", ""tu-inter-depth"": ""1"", ""tu-intra-depth"": ""2"", ""weightb"": ""1"", ""weightp"": ""1"", ""wpp"": ""1""}"
x265,hebo,7301,plain,false,24,33.19,8.02,33.19,8.374753952026367,"['Standard', '320p', 30, '10s']",0.0,8.374668836593628,0.0,"{""amp"": ""1"", ""aq-mode"": ""4"", ""aq-strength"": ""1.8"", ""b-adapt"": ""1"", ""bframes"": ""6"", ""crf"": ""20.0"", ""ctu"": ""64"", ""keyint"": ""40"", ""limit-refs"": ""1"", ""limit-tu"": ""3"", ""me"": ""umh"", ""merange"": ""36"", ""open-gop"": ""0"", ""psy-rd"": ""1.5"", ""psy-rdoq"": ""4.5"", ""qcomp"": ""0.8"", ""qpmax"": ""40"", ""qpmin"": ""10"", ""rc-lookahead"": ""40"", ""rd"": ""2"", ""rdoq-level"": ""1"", ""rect"": ""0"", ""ref"": ""6"", ""rskip"": ""0"", ""sao"": ""1"", ""scenecut"": ""99"", ""subme"": ""1"", ""tu-inter-depth"": ""3"", ""tu-intra-depth"": ""3"", ""weightb"": ""0"", ""weightp"": ""0"", ""wpp"": ""0""}"
x265,hebo,7301,plain,false,25,-1.76,93.94,-1.76,94.27143454551697,"['Standard', '320p', 30, '10s']",0.0,94.27134251594543,0.0,"{""amp"": ""1"", ""aq-mode"": ""2"", ""aq-strength"": ""1.5"", ""b-adapt"": ""1"", ""bframes"": ""4"", ""crf"": ""30.0"", ""ctu"": ""16"", ""keyint"": ""133"", ""limit-refs"": ""3"", ""limit-tu"": ""3"", ""me"": ""full"", ""merange"": ""32"", ""open-gop"": ""1"", ""psy-rd"": ""0.5"", ""psy-rdoq"": ""0.5"", ""qcomp"": ""0.8"", ""qpmax"": ""26"", ""qpmin"": ""11"", ""rc-lookahead"": ""37"", ""rd"": ""5"", ""rdoq-level"": ""2"", ""rect"": ""1"", ""ref"": ""4"", ""rskip"": ""1"", ""sao"": ""0"", ""scenecut"": ""69"", ""subme"": ""4"", ""tu-inter-depth"": ""2"", ""tu-intra-depth"": ""3"", ""weightb"": ""1"", ""weightp"": ""1"", ""wpp"": ""1""}"
x265,hebo,7301,plain,false,26,28.72,9.07,28.72,9.405328512191772,"['Standard', '320p', 30, '10s']",0.0,9.40522289276123,0.0,"{""amp"": ""0"", ""aq-mode"": ""3"", ""aq-strength"": ""0.8"", ""b-adapt"": ""2"", ""bframes"": ""4"", ""crf"": ""18.0"", ""ctu"": ""32"", ""keyint"": ""478"", ""limit-refs"": ""0"", ""limit-tu"": ""1"", ""me"": ""umh"", ""merange"": ""43"", ""open-gop"": ""0"", ""psy-rd"": ""4.0"", ""psy-rdoq"": ""3.0"", ""qcomp"": ""0.6"", ""qpmax"": ""51"", ""qpmin"": ""3"", ""rc-lookahead"": ""34"", ""rd"": ""1"", ""rdoq-level"": ""1"", ""rect"": ""0"", ""ref"": ""2"", ""rskip"": ""0"", ""sao"": ""1"", ""scenecut"": ""28"", ""subme"": ""2"", ""tu-inter-depth"": ""3"", ""tu-intra-depth"": ""2"", ""weightb"": ""0"", ""weightp"": ""0"", ""wpp"": ""0""}"
x265,hebo,7301,plain,false,27,31.99,8.28,31.99,8.623536825180054,"['Standard', '320p', 30, '10s']",0.0,8.623403310775757,0.0,"{""amp"": ""0"", ""aq-mode"": ""0"", ""aq-strength"": ""1.2"", ""b-adapt"": ""0"", ""bframes"": ""1"", ""crf"": ""25.0"", ""ctu"": ""64"", ""keyint"": ""272"", ""limit-refs"": ""2"", ""limit-tu"": ""3"", ""me"": ""dia"", ""merange"": ""57"", ""open-gop"": ""1"", ""psy-rd"": ""1.0"", ""psy-rdoq"": ""1.5"", ""qcomp"": ""1.0"", ""qpmax"": ""34"", ""qpmin"": ""7"", ""rc-lookahead"": ""15"", ""rd"": ""3"", ""rdoq-level"": ""1"", ""rect"": ""1"", ""ref"": ""2"", ""rskip"": ""1"", ""sao"": ""0"", ""scenecut"": ""89"", ""subme"": ""3"", ""tu-inter-depth"": ""2"", ""tu-intra-depth"": ""2"", ""weightb"": ""0"", ""weightp"": ""1"", ""wpp"": ""0""}"
x265,hebo,7301,plain,false,28,11.31,18.7,11.31,19.157383680343628,"['Standard', '320p', 30, '10s']",0.0,19.15728235244751,0.0,"{""amp"": ""1"", ""aq-mode"": ""3"", ""aq-strength"": ""1.0"", ""b-adapt"": ""1"", ""bframes"": ""7"", ""crf"": ""28.0"", ""ctu"": ""32"", ""keyint"": ""164"", ""limit-refs"": ""1"", ""limit-tu"": ""1"", ""me"": ""umh"", ""merange"": ""17"", ""open-gop"": ""0"", ""psy-rd"": ""2.5"", ""psy-rdoq"": ""4.0"", ""qcomp"": ""0.75"", ""qpmax"": ""43"", ""qpmin"": ""18"", ""rc-lookahead"": ""55"", ""rd"": ""5"", ""rdoq-level"": ""0"", ""rect"": ""0"", ""ref"": ""6"", ""rskip"": ""0"", ""sao"": ""1"", ""scenecut"": ""8"", ""subme"": ""3"", ""tu-inter-depth"": ""3"", ""tu-intra-depth"": ""3"", ""weightb"": ""1"", ""weightp"": ""0"", ""wpp"": ""1""}"
x265,hebo,7301,plain,false,29,39.72,6.85,39.72,7.182842016220093,"['Standard', '320p', 30, '10s']",0.0,7.18271541595459,0.0,"{""amp"": ""1"", ""aq-mode"": ""1"", ""aq-strength"": ""1.5"", ""b-adapt"": ""0"", ""bframes"": ""0"", ""crf"": ""22.0"", ""ctu"": ""32"", ""keyint"": ""218"", ""limit-refs"": ""1"", ""limit-tu"": ""2"", ""me"": ""star"", ""merange"": ""38"", ""open-gop"": ""1"", ""psy-rd"": ""0.5"", ""psy-rdoq"": ""2.0"", ""qcomp"": ""0.8"", ""qpmax"": ""37"", ""qpmin"": ""17"", ""rc-lookahead"": ""18"", ""rd"": ""2"", ""rdoq-level"": ""0"", ""rect"": ""1"", ""ref"": ""1"", ""rskip"": ""0"", ""sao"": ""1"", ""scenecut"": ""86"", ""subme"": ""4"", ""tu-inter-depth"": ""3"", ""tu-intra-depth"": ""1"", ""weightb"": ""1"", ""weightp"": ""1"", ""wpp"": ""1""}"
x265,hebo,7301,plain,false,30,11.35,18.66,11.35,18.994802474975586,"['Standard', '320p', 30, '10s']",0.0,18.994717597961426,0.0,"{""amp"": ""0"", ""aq-mode"": ""4"", ""aq-strength"": ""0.8"", ""b-adapt"": ""1"", ""bframes"": ""8"", ""crf"": ""25.0"", ""ctu"": ""16"", ""keyint"": ""333"", ""limit-refs"": ""2"", ""limit-tu"": ""2"", ""me"": ""hex"", ""merange"": ""48"", ""open-gop"": ""0"", ""psy-rd"": ""3.0"", ""psy-rdoq"": ""4.5"", ""qcomp"": ""0.6"", ""qpmax"": ""28"", ""qpmin"": ""9"", ""rc-lookahead"": ""52"", ""rd"": ""6"", ""rdoq-level"": ""1"", ""rect"": ""0"", ""ref"": ""5"", ""rskip"": ""1"", ""sao"": ""0"", ""scenecut"": ""17"", ""subme"": ""2"", ""tu-inter-depth"": ""1"", ""tu-intra-depth"": ""3"", ""weightb"": ""0"", ""weightp"": ""0"", ""wpp"": ""0""}"
x265,hebo,7301,plain,false,31,73.61,3.92,73.61,4.250482082366943,"['Standard', '320p', 30, '10s']",0.0,4.2503862380981445,0.0,"{""amp"": ""0"", ""aq-mode"": ""0"", ""aq-strength"": ""1.2"", ""b-adapt"": ""2"", ""bframes"": ""2"", ""crf"": ""30.0"", ""ctu"": ""16"", ""keyint"": ""322"", ""limit-refs"": ""2"", ""limit-tu"": ""0"", ""me"": ""umh"", ""merange"": ""33"", ""open-gop"": ""0"", ""psy-rd"": ""4.0"", ""psy-rdoq"": ""3.5"", ""qcomp"": ""0.9"", ""qpmax"": ""38"", ""qpmin"": ""0"", ""rc-lookahead"": ""20"", ""rd"": ""1"", ""rdoq-level"": ""1"", ""rect"": ""0"", ""ref"": ""3"", ""rskip"": ""1"", ""sao"": ""0"", ""scenecut"": ""13"", ""subme"": ""4"", ""tu-inter-depth"": ""2"", ""tu-intra-depth"": ""3"", ""weightb"": ""0"", ""weightp"": ""0"", ""wpp"": ""0""}"
x265,hebo,7301,plain,false,32,61.57,4.62,61.57,4.962164402008057,"['Standard', '320p', 30, '10s']",0.0,4.962069511413574,0.0,"{""amp"": ""1"", ""aq-mode"": ""1"", ""aq-strength"": ""1.0"", ""b-adapt"": ""0"", ""bframes"": ""7"", ""crf"": ""20.0"", ""ctu"": ""16"", ""keyint"": ""430"", ""limit-refs"": ""0"", ""limit-tu"": ""1"", ""me"": ""dia"", ""merange"": ""35"", ""open-gop"": ""1"", ""psy-rd"": ""2.5"", ""psy-rdoq"": ""1.5"", ""qcomp"": ""0.9"", ""qpmax"": ""35"", ""qpmin"": ""7"", ""rc-lookahead"": ""20"", ""rd"": ""2"", ""rdoq-level"": ""0"", ""rect"": ""0"", ""ref"": ""3"", ""rskip"": ""1"", ""sao"": ""1"", ""scenecut"": ""78"", ""subme"": ""5"", ""tu-inter-depth"": ""3"", ""tu-intra-depth"": ""3"", ""weightb"": ""1"", ""weightp"": ""0"", ""wpp"": ""1""}"
x265,hebo,7301,plain,false,33,12.34,17.59,12.34,17.916940927505493,"['Standard', '320p', 30, '10s']",0.0,17.91683793067932,0.0,"{""amp"": ""1"", ""aq-mode"": ""4"", ""aq-strength"": ""1.8"", ""b-adapt"": ""0"", ""bframes"": ""5"", ""crf"": ""30.0"", ""ctu"": ""64"", ""keyint"": ""331"", ""limit-refs"": ""3"", ""limit-tu"": ""2"", ""me"": ""star"", ""merange"": ""41"", ""open-gop"": ""1"", ""psy-rd"": ""0.5"", ""psy-rdoq"": ""4.0"", ""qcomp"": ""0.8"", ""qpmax"": ""36"", ""qpmin"": ""7"", ""rc-lookahead"": ""19"", ""rd"": ""5"", ""rdoq-level"": ""0"", ""rect"": ""1"", ""ref"": ""6"", ""rskip"": ""0"", ""sao"": ""1"", ""scenecut"": ""14"", ""subme"": ""1"", ""tu-inter-depth"": ""3"", ""tu-intra-depth"": ""4"", ""weightb"": ""1"", ""weightp"": ""0"", ""wpp"": ""0""}"
x265,hebo,7301,plain,false,34,30.78,8.55,30.78,8.87648057937622,"['Standard', '320p', 30, '10s']",0.0,8.876384973526001,0.0,"{""amp"": ""1"", ""aq-mode"": ""0"", ""aq-strength"": ""1.5"", ""b-adapt"": ""0"", ""bframes"": ""6"", ""crf"": ""20.0"", ""ctu"": ""16"", ""keyint"": ""435"", ""limit-refs"": ""0"", ""limit-tu"": ""0"", ""me"": ""dia"", ""merange"": ""39"", ""open-gop"": ""1"", ""psy-rd"": ""2.5"", ""psy-rdoq"": ""0.0"", ""qcomp"": ""0.5"", ""qpmax"": ""24"", ""qpmin"": ""2"", ""rc-lookahead"": ""14"", ""rd"": ""2"", ""rdoq-level"": ""1"", ""rect"": ""0"", ""ref"": ""5"", ""rskip"": ""1"", ""sao"": ""0"", ""scenecut"": ""5"", ""subme"": ""5"", ""tu-inter-depth"": ""3"", ""tu-intra-depth"": ""2"", ""weightb"": ""0"", ""weightp"": ""1"", ""wpp"": ""1""}"
x265,hebo,7301,plain,false,35,118.90,2.55,118.90,3.0905377864837646,"['Standard', '320p', 30, '10s']",0.0,3.0904247760772705,0.0,"{""amp"": ""0"", ""aq-mode"": ""1"", ""aq-strength"": ""2.0"", ""b-adapt"": ""0"", ""bframes"": ""5"", ""crf"": ""32.0"", ""ctu"": ""64"", ""keyint"": ""429"", ""limit-refs"": ""1"", ""limit-tu"": ""1"", ""me"": ""umh"", ""merange"": ""35"", ""open-gop"": ""1"", ""psy-rd"": ""4.0"", ""psy-rdoq"": ""5.0"", ""qcomp"": ""1.0"", ""qpmax"": ""35"", ""qpmin"": ""12"", ""rc-lookahead"": ""13"", ""rd"": ""2"", ""rdoq-level"": ""0"", ""rect"": ""0"", ""ref"": ""3"", ""rskip"": ""1"", ""sao"": ""1"", ""scenecut"": ""14"", ""subme"": ""2"", ""tu-inter-depth"": ""3"", ""tu-intra-depth"": ""3"", ""weightb"": ""1"", ""weightp"": ""0"", ""wpp"": ""0""}"
x265,hebo,7301,plain,false,36,81.00,3.59,81.00,3.924318790435791,"['Standard', '320p', 30, '10s']",0.0,3.92421555519104,0.0,"{""amp"": ""0"", ""aq-mode"": ""1"", ""aq-strength"": ""1.8"", ""b-adapt"": ""2"", ""bframes"": ""5"", ""crf"": ""28.0"", ""ctu"": ""64"", ""keyint"": ""429"", ""limit-refs"": ""1"", ""limit-tu"": ""1"", ""me"": ""dia"", ""merange"": ""42"", ""open-gop"": ""1"", ""psy-rd"": ""1.5"", ""psy-rdoq"": ""2.5"", ""qcomp"": ""0.75"", ""qpmax"": ""35"", ""qpmin"": ""12"", ""rc-lookahead"": ""13"", ""rd"": ""2"", ""rdoq-level"": ""1"", ""rect"": ""0"", ""ref"": ""3"", ""rskip"": ""1"", ""sao"": ""1"", ""scenecut"": ""96"", ""subme"": ""4"", ""tu-inter-depth"": ""3"", ""tu-intra-depth"": ""3"", ""weightb"": ""1"", ""weightp"": ""0"", ""wpp"": ""1""}"
x265,hebo,7301,plain,false,37,34.25,7.8,34.25,8.14685344696045,"['Standard', '320p', 30, '10s']",0.0,8.146750211715698,0.0,"{""amp"": ""0"", ""aq-mode"": ""0"", ""aq-strength"": ""1.8"", ""b-adapt"": ""2"", ""bframes"": ""6"", ""crf"": ""18.0"", ""ctu"": ""16"", ""keyint"": ""115"", ""limit-refs"": ""2"", ""limit-tu"": ""3"", ""me"": ""star"", ""merange"": ""53"", ""open-gop"": ""1"", ""psy-rd"": ""3.5"", ""psy-rdoq"": ""2.0"", ""qcomp"": ""0.9"", ""qpmax"": ""42"", ""qpmin"": ""15"", ""rc-lookahead"": ""34"", ""rd"": ""2"", ""rdoq-level"": ""1"", ""rect"": ""0"", ""ref"": ""3"", ""rskip"": ""0"", ""sao"": ""0"", ""scenecut"": ""87"", ""subme"": ""1"", ""tu-inter-depth"": ""3"", ""tu-intra-depth"": ""3"", ""weightb"": ""1"", ""weightp"": ""0"", ""wpp"": ""0""}"
x265,hebo,7301,plain,false,38,62.86,4.54,62.86,4.8713767528533936,"['Standard', '320p', 30, '10s']",0.0,4.871276140213013,0.0,"{""amp"": ""0"", ""aq-mode"": ""0"", ""aq-strength"": ""0.5"", ""b-adapt"": ""0"", ""bframes"": ""3"", ""crf"": ""25.0"", ""ctu"": ""16"", ""keyint"": ""130"", ""limit-refs"": ""0"", ""limit-tu"": ""0"", ""me"": ""umh"", ""merange"": ""20"", ""open-gop"": ""1"", ""psy-rd"": ""2.5"", ""psy-rdoq"": ""3.0"", ""qcomp"": ""0.5"", ""qpmax"": ""50"", ""qpmin"": ""11"", ""rc-lookahead"": ""14"", ""rd"": ""4"", ""rdoq-level"": ""0"", ""rect"": ""0"", ""ref"": ""3"", ""rskip"": ""1"", ""sao"": ""0"", ""scenecut"": ""16"", ""subme"": ""1"", ""tu-inter-depth"": ""3"", ""tu-intra-depth"": ""2"", ""weightb"": ""1"", ""weightp"": ""0"", ""wpp"": ""0""}"
x265,hebo,7301,plain,false,39,6.03,27.61,6.03,27.926281929016113,"['Standard', '320p', 30, '10s']",0.0,27.92618155479431,0.0,"{""amp"": ""0"", ""aq-mode"": ""1"", ""aq-strength"": ""2.0"", ""b-adapt"": ""2"", ""bframes"": ""6"", ""crf"": ""20.0"", ""ctu"": ""64"", ""keyint"": ""205"", ""limit-refs"": ""2"", ""limit-tu"": ""0"", ""me"": ""hex"", ""merange"": ""39"", ""open-gop"": ""1"", ""psy-rd"": ""1.5"", ""psy-rdoq"": ""3.5"", ""qcomp"": ""1.0"", ""qpmax"": ""43"", ""qpmin"": ""17"", ""rc-lookahead"": ""39"", ""rd"": ""5"", ""rdoq-level"": ""0"", ""rect"": ""1"", ""ref"": ""2"", ""rskip"": ""0"", ""sao"": ""0"", ""scenecut"": ""85"", ""subme"": ""2"", ""tu-inter-depth"": ""3"", ""tu-intra-depth"": ""2"", ""weightb"": ""1"", ""weightp"": ""0"", ""wpp"": ""1""}"
x265,hebo,7301,plain,false,40,71.89,4.01,71.89,4.343220949172974,"['Standard', '320p', 30, '10s']",0.0,4.343123435974121,0.0,"{""amp"": ""0"", ""aq-mode"": ""0"", ""aq-strength"": ""0.8"", ""b-adapt"": ""2"", ""bframes"": ""5"", ""crf"": ""32.0"", ""ctu"": ""32"", ""keyint"": ""60"", ""limit-refs"": ""1"", ""limit-tu"": ""0"", ""me"": ""full"", ""merange"": ""16"", ""open-gop"": ""0"", ""psy-rd"": ""1.0"", ""psy-rdoq"": ""0.0"", ""qcomp"": ""0.8"", ""qpmax"": ""38"", ""qpmin"": ""11"", ""rc-lookahead"": ""39"", ""rd"": ""2"", ""rdoq-level"": ""0"", ""rect"": ""0"", ""ref"": ""2"", ""rskip"": ""1"", ""sao"": ""0"", ""scenecut"": ""20"", ""subme"": ""1"", ""tu-inter-depth"": ""3"", ""tu-intra-depth"": ""1"", ""weightb"": ""0"", ""weightp"": ""1"", ""wpp"": ""1""}"
x265,hebo,7301,plain,false,41,10.08,20.21,10.08,20.541788339614868,"['Standard', '320p', 30, '10s']",0.0,20.541682481765747,0.0,"{""amp"": ""0"", ""aq-mode"": ""4"", ""aq-strength"": ""1.2"", ""b-adapt"": ""2"", ""bframes"": ""5"", ""crf"": ""18.0"", ""ctu"": ""32"", ""keyint"": ""335"", ""limit-refs"": ""1"", ""limit-tu"": ""1"", ""me"": ""full"", ""merange"": ""36"", ""open-gop"": ""1"", ""psy-rd"": ""1.0"", ""psy-rdoq"": ""5.0"", ""qcomp"": ""1.0"", ""qpmax"": ""27"", ""qpmin"": ""7"", ""rc-lookahead"": ""13"", ""rd"": ""2"", ""rdoq-level"": ""2"", ""rect"": ""0"", ""ref"": ""3"", ""rskip"": ""1"", ""sao"": ""1"", ""scenecut"": ""76"", ""subme"": ""5"", ""tu-inter-depth"": ""2"", ""tu-intra-depth"": ""1"", ""weightb"": ""0"", ""weightp"": ""1"", ""wpp"": ""0""}"
x265,hebo,7301,plain,false,42,4.45,32.23,4.45,32.53587985038757,"['Standard', '320p', 30, '10s']",0.0,32.53577661514282,0.0,"{""amp"": ""1"", ""aq-mode"": ""0"", ""aq-strength"": ""1.8"", ""b-adapt"": ""2"", ""bframes"": ""2"", ""crf"": ""20.0"", ""ctu"": ""64"", ""keyint"": ""183"", ""limit-refs"": ""3"", ""limit-tu"": ""2"", ""me"": ""dia"", ""merange"": ""64"", ""open-gop"": ""1"", ""psy-rd"": ""0.5"", ""psy-rdoq"": ""3.0"", ""qcomp"": ""0.75"", ""qpmax"": ""31"", ""qpmin"": ""4"", ""rc-lookahead"": ""23"", ""rd"": ""6"", ""rdoq-level"": ""0"", ""rect"": ""1"", ""ref"": ""5"", ""rskip"": ""1"", ""sao"": ""1"", ""scenecut"": ""93"", ""subme"": ""4"", ""tu-inter-depth"": ""3"", ""tu-intra-depth"": ""4"", ""weightb"": ""1"", ""weightp"": ""1"", ""wpp"": ""0""}"
x265,hebo,7301,plain,false,43,16.13,14.44,16.13,14.7879638671875,"['Standard', '320p', 30, '10s']",0.0,14.787865400314331,0.0,"{""amp"": ""1"", ""aq-mode"": ""1"", ""aq-strength"": ""0.5"", ""b-adapt"": ""0"", ""bframes"": ""5"", ""crf"": ""30.0"", ""ctu"": ""16"", ""keyint"": ""78"", ""limit-refs"": ""0"", ""limit-tu"": ""2"", ""me"": ""dia"", ""merange"": ""43"", ""open-gop"": ""0"", ""psy-rd"": ""1.0"", ""psy-rdoq"": ""0.5"", ""qcomp"": ""0.5"", ""qpmax"": ""24"", ""qpmin"": ""0"", ""rc-lookahead"": ""44"", ""rd"": ""3"", ""rdoq-level"": ""2"", ""rect"": ""1"", ""ref"": ""3"", ""rskip"": ""0"", ""sao"": ""0"", ""scenecut"": ""92"", ""subme"": ""1"", ""tu-inter-depth"": ""1"", ""tu-intra-depth"": ""3"", ""weightb"": ""0"", ""weightp"": ""0"", ""wpp"": ""1""}"
x265,hebo,7301,plain,false,44,5.96,27.8,5.96,28.196380376815796,"['Standard', '320p', 30, '10s']",0.0,28.196223497390747,0.0,"{""amp"": ""0"", ""aq-mode"": ""3"", ""aq-strength"": ""0.0"", ""b-adapt"": ""0"", ""bframes"": ""0"", ""crf"": ""22.0"", ""ctu"": ""16"", ""keyint"": ""368"", ""limit-refs"": ""0"", ""limit-tu"": ""3"", ""me"": ""full"", ""merange"": ""35"", ""open-gop"": ""1"", ""psy-rd"": ""4.0"", ""psy-rdoq"": ""2.0"", ""qcomp"": ""0.75"", ""qpmax"": ""29"", ""qpmin"": ""4"", ""rc-lookahead"": ""16"", ""rd"": ""4"", ""rdoq-level"": ""0"", ""rect"": ""0"", ""ref"": ""4"", ""rskip"": ""0"", ""sao"": ""0"", ""scenecut"": ""42"", ""subme"": ""3"", ""tu-inter-depth"": ""3"", ""tu-intra-depth"": ""1"", ""weightb"": ""1"", ""weightp"": ""1"", ""wpp"": ""0""}"
x265,hebo,7301,plain,false,45,7.34,24.69,7.34,25.03751492500305,"['Standard', '320p', 30, '10s']",0.0,25.037416458129883,0.0,"{""amp"": ""0"", ""aq-mode"": ""3"", ""aq-strength"": ""2.0"", ""b-adapt"": ""0"", ""bframes"": ""3"", ""crf"": ""28.0"", ""ctu"": ""64"", ""keyint"": ""61"", ""limit-refs"": ""3"", ""limit-tu"": ""0"", ""me"": ""dia"", ""merange"": ""45"", ""open-gop"": ""1"", ""psy-rd"": ""1.0"", ""psy-rdoq"": ""0.5"", ""qcomp"": ""0.7"", ""qpmax"": ""28"", ""qpmin"": ""3"", ""rc-lookahead"": ""18"", ""rd"": ""5"", ""rdoq-level"": ""1"", ""rect"": ""0"", ""ref"": ""4"", ""rskip"": ""1"", ""sao"": ""1"", ""scenecut"": ""24"", ""subme"": ""1"", ""tu-inter-depth"": ""2"", ""tu-intra-depth"": ""1"", ""weightb"": ""1"", ""weightp"": ""1"", ""wpp"": ""1""}"
x265,hebo,7301,plain,false,46,13.00,16.94,13.00,17.274131059646606,"['Standard', '320p', 30, '10s']",0.0,17.27402424812317,0.0,"{""amp"": ""0"", ""aq-mode"": ""3"", ""aq-strength"": ""2.0"", ""b-adapt"": ""0"", ""bframes"": ""5"", ""crf"": ""22.0"", ""ctu"": ""32"", ""keyint"": ""304"", ""limit-refs"": ""2"", ""limit-tu"": ""1"", ""me"": ""hex"", ""merange"": ""36"", ""open-gop"": ""0"", ""psy-rd"": ""0.0"", ""psy-rdoq"": ""3.0"", ""qcomp"": ""0.5"", ""qpmax"": ""35"", ""qpmin"": ""17"", ""rc-lookahead"": ""28"", ""rd"": ""5"", ""rdoq-level"": ""0"", ""rect"": ""0"", ""ref"": ""6"", ""rskip"": ""0"", ""sao"": ""1"", ""scenecut"": ""14"", ""subme"": ""2"", ""tu-inter-depth"": ""3"", ""tu-intra-depth"": ""1"", ""weightb"": ""1"", ""weightp"": ""1"", ""wpp"": ""0""}"
x265,hebo,7301,plain,false,47,4.08,33.53,4.08,33.86733341217041,"['Standard', '320p', 30, '10s']",0.0,33.86723470687866,0.0,"{""amp"": ""1"", ""aq-mode"": ""1"", ""aq-strength"": ""1.5"", ""b-adapt"": ""0"", ""bframes"": ""8"", ""crf"": ""32.0"", ""ctu"": ""16"", ""keyint"": ""478"", ""limit-refs"": ""0"", ""limit-tu"": ""4"", ""me"": ""umh"", ""merange"": ""57"", ""open-gop"": ""0"", ""psy-rd"": ""1.0"", ""psy-rdoq"": ""0.5"", ""qcomp"": ""0.8"", ""qpmax"": ""22"", ""qpmin"": ""14"", ""rc-lookahead"": ""36"", ""rd"": ""2"", ""rdoq-level"": ""2"", ""rect"": ""1"", ""ref"": ""6"", ""rskip"": ""1"", ""sao"": ""1"", ""scenecut"": ""45"", ""subme"": ""5"", ""tu-inter-depth"": ""3"", ""tu-intra-depth"": ""2"", ""weightb"": ""0"", ""weightp"": ""1"", ""wpp"": ""1""}"
x265,hebo,7301,plain,false,48,-1.60,89.5,-1.60,89.82182288169861,"['Standard', '320p', 30, '10s']",0.0,89.82171869277954,0.0,"{""amp"": ""0"", ""aq-mode"": ""2"", ""aq-strength"": ""0.8"", ""b-adapt"": ""0"", ""bframes"": ""7"", ""crf"": ""28.0"", ""ctu"": ""16"", ""keyint"": ""179"", ""limit-refs"": ""0"", ""limit-tu"": ""4"", ""me"": ""full"", ""merange"": ""28"", ""open-gop"": ""1"", ""psy-rd"": ""3.5"", ""psy-rdoq"": ""2.0"", ""qcomp"": ""0.7"", ""qpmax"": ""27"", ""qpmin"": ""3"", ""rc-lookahead"": ""11"", ""rd"": ""5"", ""rdoq-level"": ""1"", ""rect"": ""1"", ""ref"": ""4"", ""rskip"": ""0"", ""sao"": ""1"", ""scenecut"": ""15"", ""subme"": ""1"", ""tu-inter-depth"": ""3"", ""tu-intra-depth"": ""3"", ""weightb"": ""0"", ""weightp"": ""0"", ""wpp"": ""0""}"
x265,hebo,7301,plain,false,49,44.13,6.25,44.13,6.562123537063599,"['Standard', '320p', 30, '10s']",0.0,6.562028169631958,0.0,"{""amp"": ""0"", ""aq-mode"": ""3"", ""aq-strength"": ""1.0"", ""b-adapt"": ""0"", ""bframes"": ""2"", ""crf"": ""22.0"", ""ctu"": ""64"", ""keyint"": ""117"", ""limit-refs"": ""3"", ""limit-tu"": ""0"", ""me"": ""hex"", ""merange"": ""38"", ""open-gop"": ""0"", ""psy-rd"": ""1.5"", ""psy-rdoq"": ""0.5"", ""qcomp"": ""0.7"", ""qpmax"": ""35"", ""qpmin"": ""1"", ""rc-lookahead"": ""36"", ""rd"": ""2"", ""rdoq-level"": ""1"", ""rect"": ""0"", ""ref"": ""5"", ""rskip"": ""0"", ""sao"": ""0"", ""scenecut"": ""87"", ""subme"": ""5"", ""tu-inter-depth"": ""1"", ""tu-intra-depth"": ""2"", ""weightb"": ""1"", ""weightp"": ""1"", ""wpp"": ""1""}"
x265,hebo,7301,plain,false,50,68.61,4.23,68.61,4.6003594398498535,"['Standard', '320p', 30, '10s']",0.0,4.600260019302368,0.0,"{""amp"": ""1"", ""aq-mode"": ""2"", ""aq-strength"": ""1.5"", ""b-adapt"": ""2"", ""bframes"": ""2"", ""crf"": ""30.0"", ""ctu"": ""32"", ""keyint"": ""130"", ""limit-refs"": ""1"", ""limit-tu"": ""1"", ""me"": ""umh"", ""merange"": ""19"", ""open-gop"": ""0"", ""psy-rd"": ""0.0"", ""psy-rdoq"": ""4.5"", ""qcomp"": ""0.5"", ""qpmax"": ""32"", ""qpmin"": ""20"", ""rc-lookahead"": ""28"", ""rd"": ""2"", ""rdoq-level"": ""1"", ""rect"": ""0"", ""ref"": ""6"", ""rskip"": ""1"", ""sao"": ""1"", ""scenecut"": ""19"", ""subme"": ""1"", ""tu-inter-depth"": ""1"", ""tu-intra-depth"": ""2"", ""weightb"": ""1"", ""weightp"": ""1"", ""wpp"": ""0""}"
x265,hebo,7301,plain,false,51,66.46,4.31,66.46,4.638365983963013,"['Standard', '320p', 30, '10s']",0.0,4.638267993927002,0.0,"{""amp"": ""1"", ""aq-mode"": ""3"", ""aq-strength"": ""0.8"", ""b-adapt"": ""1"", ""bframes"": ""4"", ""crf"": ""30.0"", ""ctu"": ""16"", ""keyint"": ""143"", ""limit-refs"": ""3"", ""limit-tu"": ""0"", ""me"": ""dia"", ""merange"": ""28"", ""open-gop"": ""1"", ""psy-rd"": ""1.0"", ""psy-rdoq"": ""4.0"", ""qcomp"": ""0.75"", ""qpmax"": ""40"", ""qpmin"": ""7"", ""rc-lookahead"": ""54"", ""rd"": ""3"", ""rdoq-level"": ""0"", ""rect"": ""1"", ""ref"": ""6"", ""rskip"": ""0"", ""sao"": ""1"", ""scenecut"": ""20"", ""subme"": ""5"", ""tu-inter-depth"": ""1"", ""tu-intra-depth"": ""3"", ""weightb"": ""1"", ""weightp"": ""1"", ""wpp"": ""1""}"
x265,hebo,7301,plain,false,52,46.43,5.97,46.43,6.294501066207886,"['Standard', '320p', 30, '10s']",0.0,6.294393062591553,0.0,"{""amp"": ""1"", ""aq-mode"": ""3"", ""aq-strength"": ""1.2"", ""b-adapt"": ""2"", ""bframes"": ""6"", ""crf"": ""28.0"", ""ctu"": ""64"", ""keyint"": ""313"", ""limit-refs"": ""3"", ""limit-tu"": ""3"", ""me"": ""dia"", ""merange"": ""41"", ""open-gop"": ""1"", ""psy-rd"": ""2.0"", ""psy-rdoq"": ""2.5"", ""qcomp"": ""0.9"", ""qpmax"": ""44"", ""qpmin"": ""14"", ""rc-lookahead"": ""53"", ""rd"": ""2"", ""rdoq-level"": ""1"", ""rect"": ""1"", ""ref"": ""3"", ""rskip"": ""1"", ""sao"": ""1"", ""scenecut"": ""73"", ""subme"": ""5"", ""tu-inter-depth"": ""3"", ""tu-intra-depth"": ""2"", ""weightb"": ""1"", ""weightp"": ""0"", ""wpp"": ""0""}"
x265,hebo,7301,plain,false,53,51.31,5.45,51.31,5.79790997505188,"['Standard', '320p', 30, '10s']",0.0,5.797813892364502,0.0,"{""amp"": ""1"", ""aq-mode"": ""1"", ""aq-strength"": ""1.2"", ""b-adapt"": ""1"", ""bframes"": ""5"", ""crf"": ""28.0"", ""ctu"": ""32"", ""keyint"": ""310"", ""limit-refs"": ""2"", ""limit-tu"": ""4"", ""me"": ""umh"", ""merange"": ""40"", ""open-gop"": ""0"", ""psy-rd"": ""2.0"", ""psy-rdoq"": ""0.0"", ""qcomp"": ""0.5"", ""qpmax"": ""43"", ""qpmin"": ""13"", ""rc-lookahead"": ""47"", ""rd"": ""4"", ""rdoq-level"": ""2"", ""rect"": ""1"", ""ref"": ""3"", ""rskip"": ""0"", ""sao"": ""1"", ""scenecut"": ""86"", ""subme"": ""1"", ""tu-inter-depth"": ""2"", ""tu-intra-depth"": ""2"", ""weightb"": ""0"", ""weightp"": ""1"", ""wpp"": ""1""}"
x265,hebo,7301,plain,false,54,20.35,12.05,20.35,12.39544939994812,"['Standard', '320p', 30, '10s']",0.0,12.395341634750366,0.0,"{""amp"": ""0"", ""aq-mode"": ""0"", ""aq-strength"": ""0.8"", ""b-adapt"": ""0"", ""bframes"": ""3"", ""crf"": ""32.0"", ""ctu"": ""32"", ""keyint"": ""272"", ""limit-refs"": ""2"", ""limit-tu"": ""2"", ""me"": ""umh"", ""merange"": ""38"", ""open-gop"": ""0"", ""psy-rd"": ""2.0"", ""psy-rdoq"": ""2.0"", ""qcomp"": ""0.7"", ""qpmax"": ""30"", ""qpmin"": ""2"", ""rc-lookahead"": ""23"", ""rd"": ""5"", ""rdoq-level"": ""0"", ""rect"": ""1"", ""ref"": ""6"", ""rskip"": ""1"", ""sao"": ""0"", ""scenecut"": ""40"", ""subme"": ""2"", ""tu-inter-depth"": ""1"", ""tu-intra-depth"": ""1"", ""weightb"": ""1"", ""weightp"": ""0"", ""wpp"": ""1""}"
x265,hebo,7301,plain,false,55,71.81,4.01,71.81,4.336468935012817,"['Standard', '320p', 30, '10s']",0.0,4.336360931396484,0.0,"{""amp"": ""0"", ""aq-mode"": ""1"", ""aq-strength"": ""0.8"", ""b-adapt"": ""0"", ""bframes"": ""5"", ""crf"": ""32.0"", ""ctu"": ""32"", ""keyint"": ""242"", ""limit-refs"": ""0"", ""limit-tu"": ""1"", ""me"": ""hex"", ""merange"": ""22"", ""open-gop"": ""0"", ""psy-rd"": ""0.0"", ""psy-rdoq"": ""5.0"", ""qcomp"": ""1.0"", ""qpmax"": ""40"", ""qpmin"": ""20"", ""rc-lookahead"": ""28"", ""rd"": ""2"", ""rdoq-level"": ""1"", ""rect"": ""0"", ""ref"": ""5"", ""rskip"": ""0"", ""sao"": ""0"", ""scenecut"": ""47"", ""subme"": ""1"", ""tu-inter-depth"": ""1"", ""tu-intra-depth"": ""2"", ""weightb"": ""0"", ""weightp"": ""0"", ""wpp"": ""1""}"
x265,hebo,7301,plain,false,56,45.02,6.13,45.02,6.469129800796509,"['Standard', '320p', 30, '10s']",0.0,6.469034671783447,0.0,"{""amp"": ""0"", ""aq-mode"": ""3"", ""aq-strength"": ""0.8"", ""b-adapt"": ""1"", ""bframes"": ""7"", ""crf"": ""30.0"", ""ctu"": ""32"", ""keyint"": ""182"", ""limit-refs"": ""1"", ""limit-tu"": ""2"", ""me"": ""full"", ""merange"": ""35"", ""open-gop"": ""1"", ""psy-rd"": ""4.0"", ""psy-rdoq"": ""2.5"", ""qcomp"": ""0.8"", ""qpmax"": ""35"", ""qpmin"": ""8"", ""rc-lookahead"": ""29"", ""rd"": ""1"", ""rdoq-level"": ""0"", ""rect"": ""0"", ""ref"": ""4"", ""rskip"": ""1"", ""sao"": ""0"", ""scenecut"": ""1"", ""subme"": ""1"", ""tu-inter-depth"": ""4"", ""tu-intra-depth"": ""4"", ""weightb"": ""1"", ""weightp"": ""1"", ""wpp"": ""0""}"
x265,hebo,7301,plain,false,57,20.45,12.0,20.45,12.333034992218018,"['Standard', '320p', 30, '10s']",0.0,12.332938432693481,0.0,"{""amp"": ""0"", ""aq-mode"": ""0"", ""aq-strength"": ""1.2"", ""b-adapt"": ""1"", ""bframes"": ""5"", ""crf"": ""18.0"", ""ctu"": ""64"", ""keyint"": ""69"", ""limit-refs"": ""1"", ""limit-tu"": ""3"", ""me"": ""umh"", ""merange"": ""50"", ""open-gop"": ""1"", ""psy-rd"": ""3.0"", ""psy-rdoq"": ""1.0"", ""qcomp"": ""0.5"", ""qpmax"": ""47"", ""qpmin"": ""18"", ""rc-lookahead"": ""23"", ""rd"": ""2"", ""rdoq-level"": ""0"", ""rect"": ""1"", ""ref"": ""4"", ""rskip"": ""0"", ""sao"": ""0"", ""scenecut"": ""22"", ""subme"": ""2"", ""tu-inter-depth"": ""1"", ""tu-intra-depth"": ""3"", ""weightb"": ""0"", ""weightp"": ""1"", ""wpp"": ""0""}"
x265,hebo,7301,plain,false,58,5.80,28.2,5.80,28.538610458374023,"['Standard', '320p', 30, '10s']",0.0,28.538458824157715,0.0,"{""amp"": ""0"", ""aq-mode"": ""3"", ""aq-strength"": ""2.0"", ""b-adapt"": ""1"", ""bframes"": ""2"", ""crf"": ""20.0"", ""ctu"": ""32"", ""keyint"": ""178"", ""limit-refs"": ""2"", ""limit-tu"": ""0"", ""me"": ""hex"", ""merange"": ""26"", ""open-gop"": ""1"", ""psy-rd"": ""0.0"", ""psy-rdoq"": ""5.0"", ""qcomp"": ""0.8"", ""qpmax"": ""51"", ""qpmin"": ""13"", ""rc-lookahead"": ""48"", ""rd"": ""5"", ""rdoq-level"": ""0"", ""rect"": ""1"", ""ref"": ""6"", ""rskip"": ""1"", ""sao"": ""1"", ""scenecut"": ""53"", ""subme"": ""2"", ""tu-inter-depth"": ""3"", ""tu-intra-depth"": ""3"", ""weightb"": ""0"", ""weightp"": ""0"", ""wpp"": ""0""}"
x265,hebo,7301,plain,false,59,42.82,6.45,42.82,6.777726650238037,"['Standard', '320p', 30, '10s']",0.0,6.777623891830444,0.0,"{""amp"": ""0"", ""aq-mode"": ""0"", ""aq-strength"": ""0.8"", ""b-adapt"": ""0"", ""bframes"": ""3"", ""crf"": ""28.0"", ""ctu"": ""16"", ""keyint"": ""239"", ""limit-refs"": ""1"", ""limit-tu"": ""1"", ""me"": ""dia"", ""merange"": ""19"", ""open-gop"": ""1"", ""psy-rd"": ""3.5"", ""psy-rdoq"": ""4.5"", ""qcomp"": ""1.0"", ""qpmax"": ""21"", ""qpmin"": ""0"", ""rc-lookahead"": ""13"", ""rd"": ""2"", ""rdoq-level"": ""1"", ""rect"": ""0"", ""ref"": ""4"", ""rskip"": ""0"", ""sao"": ""0"", ""scenecut"": ""1"", ""subme"": ""2"", ""tu-inter-depth"": ""1"", ""tu-intra-depth"": ""2"", ""weightb"": ""0"", ""weightp"": ""0"", ""wpp"": ""1""}"
x265,hebo,7301,plain,false,60,27.44,9.42,27.44,9.75255012512207,"['Standard', '320p', 30, '10s']",0.0,9.75245189666748,0.0,"{""amp"": ""1"", ""aq-mode"": ""0"", ""aq-strength"": ""1.8"", ""b-adapt"": ""1"", ""bframes"": ""4"", ""crf"": ""20.0"", ""ctu"": ""32"", ""keyint"": ""243"", ""limit-refs"": ""3"", ""limit-tu"": ""1"", ""me"": ""star"", ""merange"": ""61"", ""open-gop"": ""0"", ""psy-rd"": ""2.0"", ""psy-rdoq"": ""3.5"", ""qcomp"": ""0.5"", ""qpmax"": ""25"", ""qpmin"": ""19"", ""rc-lookahead"": ""12"", ""rd"": ""4"", ""rdoq-level"": ""2"", ""rect"": ""0"", ""ref"": ""5"", ""rskip"": ""0"", ""sao"": ""0"", ""scenecut"": ""20"", ""subme"": ""2"", ""tu-inter-depth"": ""1"", ""tu-intra-depth"": ""4"", ""weightb"": ""0"", ""weightp"": ""0"", ""wpp"": ""0""}"
x265,hebo,7301,plain,false,61,6.19,27.21,6.19,27.549893140792847,"['Standard', '320p', 30, '10s']",0.0,27.54979109764099,0.0,"{""amp"": ""0"", ""aq-mode"": ""4"", ""aq-strength"": ""1.5"", ""b-adapt"": ""0"", ""bframes"": ""0"", ""crf"": ""20.0"", ""ctu"": ""16"", ""keyint"": ""62"", ""limit-refs"": ""3"", ""limit-tu"": ""2"", ""me"": ""dia"", ""merange"": ""28"", ""open-gop"": ""1"", ""psy-rd"": ""1.5"", ""psy-rdoq"": ""5.0"", ""qcomp"": ""0.9"", ""qpmax"": ""27"", ""qpmin"": ""6"", ""rc-lookahead"": ""13"", ""rd"": ""5"", ""rdoq-level"": ""2"", ""rect"": ""1"", ""ref"": ""5"", ""rskip"": ""0"", ""sao"": ""0"", ""scenecut"": ""54"", ""subme"": ""2"", ""tu-inter-depth"": ""3"", ""tu-intra-depth"": ""3"", ""weightb"": ""1"", ""weightp"": ""0"", ""wpp"": ""1""}"
x265,hebo,7301,plain,false,62,39.10,6.95,39.10,7.295902252197266,"['Standard', '320p', 30, '10s']",0.0,7.2958033084869385,0.0,"{""amp"": ""0"", ""aq-mode"": ""3"", ""aq-strength"": ""0.5"", ""b-adapt"": ""1"", ""bframes"": ""3"", ""crf"": ""32.0"", ""ctu"": ""16"", ""keyint"": ""290"", ""limit-refs"": ""3"", ""limit-tu"": ""4"", ""me"": ""star"", ""merange"": ""32"", ""open-gop"": ""0"", ""psy-rd"": ""1.5"", ""psy-rdoq"": ""4.5"", ""qcomp"": ""0.5"", ""qpmax"": ""21"", ""qpmin"": ""5"", ""rc-lookahead"": ""31"", ""rd"": ""1"", ""rdoq-level"": ""1"", ""rect"": ""0"", ""ref"": ""4"", ""rskip"": ""0"", ""sao"": ""0"", ""scenecut"": ""3"", ""subme"": ""3"", ""tu-inter-depth"": ""1"", ""tu-intra-depth"": ""1"", ""weightb"": ""0"", ""weightp"": ""0"", ""wpp"": ""0""}"
x265,hebo,7301,plain,false,63,21.50,11.53,21.50,11.859088897705078,"['Standard', '320p', 30, '10s']",0.0,11.858983993530273,0.0,"{""amp"": ""0"", ""aq-mode"": ""1"", ""aq-strength"": ""0.0"", ""b-adapt"": ""1"", ""bframes"": ""7"", ""crf"": ""20.0"", ""ctu"": ""64"", ""keyint"": ""130"", ""limit-refs"": ""1"", ""limit-tu"": ""2"", ""me"": ""full"", ""merange"": ""25"", ""open-gop"": ""0"", ""psy-rd"": ""3.0"", ""psy-rdoq"": ""0.5"", ""qcomp"": ""0.6"", ""qpmax"": ""32"", ""qpmin"": ""9"", ""rc-lookahead"": ""18"", ""rd"": ""2"", ""rdoq-level"": ""0"", ""rect"": ""0"", ""ref"": ""4"", ""rskip"": ""1"", ""sao"": ""0"", ""scenecut"": ""43"", ""subme"": ""4"", ""tu-inter-depth"": ""4"", ""tu-intra-depth"": ""3"", ""weightb"": ""0"", ""weightp"": ""0"", ""wpp"": ""1""}"
x265,hebo,7301,plain,false,64,14.40,15.73,14.40,16.067124605178833,"['Standard', '320p', 30, '10s']",0.0,16.0670268535614,0.0,"{""amp"": ""0"", ""aq-mode"": ""4"", ""aq-strength"": ""2.0"", ""b-adapt"": ""1"", ""bframes"": ""3"", ""crf"": ""22.0"", ""ctu"": ""64"", ""keyint"": ""271"", ""limit-refs"": ""1"", ""limit-tu"": ""1"", ""me"": ""full"", ""merange"": ""47"", ""open-gop"": ""0"", ""psy-rd"": ""3.0"", ""psy-rdoq"": ""1.5"", ""qcomp"": ""0.75"", ""qpmax"": ""51"", ""qpmin"": ""7"", ""rc-lookahead"": ""24"", ""rd"": ""1"", ""rdoq-level"": ""2"", ""rect"": ""1"", ""ref"": ""3"", ""rskip"": ""1"", ""sao"": ""0"", ""scenecut"": ""52"", ""subme"": ""4"", ""tu-inter-depth"": ""3"", ""tu-intra-depth"": ""4"", ""weightb"": ""1"", ""weightp"": ""1"", ""wpp"": ""0""}"
x265,hebo,7301,plain,false,65,8.24,23.01,8.24,23.3341224193573,"['Standard', '320p', 30, '10s']",0.0,23.334020614624023,0.0,"{""amp"": ""0"", ""aq-mode"": ""1"", ""aq-strength"": ""1.0"", ""b-adapt"": ""1"", ""bframes"": ""8"", ""crf"": ""32.0"", ""ctu"": ""64"", ""keyint"": ""264"", ""limit-refs"": ""0"", ""limit-tu"": ""0"", ""me"": ""dia"", ""merange"": ""50"", ""open-gop"": ""1"", ""psy-rd"": ""3.0"", ""psy-rdoq"": ""0.0"", ""qcomp"": ""0.5"", ""qpmax"": ""35"", ""qpmin"": ""6"", ""rc-lookahead"": ""51"", ""rd"": ""5"", ""rdoq-level"": ""0"", ""rect"": ""1"", ""ref"": ""5"", ""rskip"": ""0"", ""sao"": ""1"", ""scenecut"": ""81"", ""subme"": ""1"", ""tu-inter-depth"": ""3"", ""tu-intra-depth"": ""3"", ""weightb"": ""1"", ""weightp"": ""0"", ""wpp"": ""1""}"
x265,hebo,7301,plain,false,66,20.60,11.98,20.60,12.413143873214722,"['Standard', '320p', 30, '10s']",0.0,12.41304349899292,0.0,"{""amp"": ""1"", ""aq-mode"": ""1"", ""aq-strength"": ""0.0"", ""b-adapt"": ""1"", ""bframes"": ""5"", ""crf"": ""20.0"", ""ctu"": ""64"", ""keyint"": ""346"", ""limit-refs"": ""3"", ""limit-tu"": ""4"", ""me"": ""star"", ""merange"": ""51"", ""open-gop"": ""0"", ""psy-rd"": ""1.5"", ""psy-rdoq"": ""4.5"", ""qcomp"": ""0.75"", ""qpmax"": ""42"", ""qpmin"": ""4"", ""rc-lookahead"": ""40"", ""rd"": ""3"", ""rdoq-level"": ""0"", ""rect"": ""1"", ""ref"": ""3"", ""rskip"": ""0"", ""sao"": ""1"", ""scenecut"": ""90"", ""subme"": ""5"", ""tu-inter-depth"": ""4"", ""tu-intra-depth"": ""2"", ""weightb"": ""0"", ""weightp"": ""0"", ""wpp"": ""1""}"
x265,hebo,7301,plain,false,67,73.40,3.93,73.40,4.269443511962891,"['Standard', '320p', 30, '10s']",0.0,4.269346714019775,0.0,"{""amp"": ""0"", ""aq-mode"": ""0"", ""aq-strength"": ""0.8"", ""b-adapt"": ""0"", ""bframes"": ""8"", ""crf"": ""18.0"", ""ctu"": ""32"", ""keyint"": ""207"", ""limit-refs"": ""3"", ""limit-tu"": ""4"", ""me"": ""dia"", ""merange"": ""40"", ""open-gop"": ""1"", ""psy-rd"": ""1.0"", ""psy-rdoq"": ""3.0"", ""qcomp"": ""0.5"", ""qpmax"": ""34"", ""qpmin"": ""13"", ""rc-lookahead"": ""15"", ""rd"": ""1"", ""rdoq-level"": ""1"", ""rect"": ""0"", ""ref"": ""2"", ""rskip"": ""1"", ""sao"": ""1"", ""scenecut"": ""87"", ""subme"": ""5"", ""tu-inter-depth"": ""3"", ""tu-intra-depth"": ""3"", ""weightb"": ""1"", ""weightp"": ""0"", ""wpp"": ""0""}"
x265,hebo,7301,plain,false,68,5.74,28.36,5.74,28.692387342453003,"['Standard', '320p', 30, '10s']",0.0,28.69228458404541,0.0,"{""amp"": ""1"", ""aq-mode"": ""3"", ""aq-strength"": ""0.0"", ""b-adapt"": ""2"", ""bframes"": ""5"", ""crf"": ""20.0"", ""ctu"": ""32"", ""keyint"": ""416"", ""limit-refs"": ""2"", ""limit-tu"": ""3"", ""me"": ""umh"", ""merange"": ""57"", ""open-gop"": ""1"", ""psy-rd"": ""2.0"", ""psy-rdoq"": ""2.5"", ""qcomp"": ""0.5"", ""qpmax"": ""38"", ""qpmin"": ""14"", ""rc-lookahead"": ""28"", ""rd"": ""5"", ""rdoq-level"": ""1"", ""rect"": ""1"", ""ref"": ""3"", ""rskip"": ""1"", ""sao"": ""1"", ""scenecut"": ""44"", ""subme"": ""2"", ""tu-inter-depth"": ""4"", ""tu-intra-depth"": ""3"", ""weightb"": ""0"", ""weightp"": ""1"", ""wpp"": ""1""}"
x265,hebo,7301,plain,false,69,88.74,3.3,88.74,3.646730661392212,"['Standard', '320p', 30, '10s']",0.0,3.646629810333252,0.0,"{""amp"": ""1"", ""aq-mode"": ""3"", ""aq-strength"": ""2.0"", ""b-adapt"": ""2"", ""bframes"": ""6"", ""crf"": ""32.0"", ""ctu"": ""64"", ""keyint"": ""417"", ""limit-refs"": ""3"", ""limit-tu"": ""2"", ""me"": ""umh"", ""merange"": ""63"", ""open-gop"": ""1"", ""psy-rd"": ""4.0"", ""psy-rdoq"": ""5.0"", ""qcomp"": ""1.0"", ""qpmax"": ""41"", ""qpmin"": ""5"", ""rc-lookahead"": ""29"", ""rd"": ""1"", ""rdoq-level"": ""0"", ""rect"": ""1"", ""ref"": ""4"", ""rskip"": ""1"", ""sao"": ""1"", ""scenecut"": ""68"", ""subme"": ""2"", ""tu-inter-depth"": ""3"", ""tu-intra-depth"": ""4"", ""weightb"": ""1"", ""weightp"": ""0"", ""wpp"": ""0""}"
x265,hebo,7301,plain,false,70,1.95,43.83,1.95,44.36813187599182,"['Standard', '320p', 30, '10s']",0.0,44.36802053451538,0.0,"{""amp"": ""0"", ""aq-mode"": ""3"", ""aq-strength"": ""0.8"", ""b-adapt"": ""0"", ""bframes"": ""4"", ""crf"": ""22.0"", ""ctu"": ""64"", ""keyint"": ""233"", ""limit-refs"": ""2"", ""limit-tu"": ""3"", ""me"": ""hex"", ""merange"": ""22"", ""open-gop"": ""1"", ""psy-rd"": ""4.0"", ""psy-rdoq"": ""1.0"", ""qcomp"": ""1.0"", ""qpmax"": ""48"", ""qpmin"": ""20"", ""rc-lookahead"": ""28"", ""rd"": ""6"", ""rdoq-level"": ""2"", ""rect"": ""1"", ""ref"": ""2"", ""rskip"": ""1"", ""sao"": ""1"", ""scenecut"": ""89"", ""subme"": ""3"", ""tu-inter-depth"": ""3"", ""tu-intra-depth"": ""1"", ""weightb"": ""1"", ""weightp"": ""1"", ""wpp"": ""0""}"
x265,hebo,7301,plain,false,71,-2.09,104.48,-2.09,104.8138108253479,"['Standard', '320p', 30, '10s']",0.0,104.81370282173157,0.0,"{""amp"": ""1"", ""aq-mode"": ""0"", ""aq-strength"": ""0.0"", ""b-adapt"": ""0"", ""bframes"": ""4"", ""crf"": ""28.0"", ""ctu"": ""16"", ""keyint"": ""396"", ""limit-refs"": ""0"", ""limit-tu"": ""2"", ""me"": ""full"", ""merange"": ""49"", ""open-gop"": ""0"", ""psy-rd"": ""2.5"", ""psy-rdoq"": ""3.5"", ""qcomp"": ""0.5"", ""qpmax"": ""34"", ""qpmin"": ""2"", ""rc-lookahead"": ""28"", ""rd"": ""5"", ""rdoq-level"": ""1"", ""rect"": ""0"", ""ref"": ""2"", ""rskip"": ""0"", ""sao"": ""1"", ""scenecut"": ""75"", ""subme"": ""1"", ""tu-inter-depth"": ""2"", ""tu-intra-depth"": ""1"", ""weightb"": ""1"", ""weightp"": ""1"", ""wpp"": ""0""}"
x265,hebo,7301,plain,false,72,0.45,55.85,0.45,56.18269062042236,"['Standard', '320p', 30, '10s']",0.0,56.18259024620056,0.0,"{""amp"": ""0"", ""aq-mode"": ""2"", ""aq-strength"": ""1.0"", ""b-adapt"": ""2"", ""bframes"": ""2"", ""crf"": ""30.0"", ""ctu"": ""32"", ""keyint"": ""195"", ""limit-refs"": ""1"", ""limit-tu"": ""1"", ""me"": ""full"", ""merange"": ""26"", ""open-gop"": ""0"", ""psy-rd"": ""1.0"", ""psy-rdoq"": ""5.0"", ""qcomp"": ""0.5"", ""qpmax"": ""27"", ""qpmin"": ""6"", ""rc-lookahead"": ""41"", ""rd"": ""6"", ""rdoq-level"": ""1"", ""rect"": ""0"", ""ref"": ""4"", ""rskip"": ""1"", ""sao"": ""0"", ""scenecut"": ""37"", ""subme"": ""5"", ""tu-inter-depth"": ""3"", ""tu-intra-depth"": ""1"", ""weightb"": ""0"", ""weightp"": ""0"", ""wpp"": ""1""}"
x265,hebo,7301,plain,false,73,1.70,45.45,1.70,45.953829765319824,"['Standard', '320p', 30, '10s']",0.0,45.953718423843384,0.0,"{""amp"": ""0"", ""aq-mode"": ""1"", ""aq-strength"": ""0.8"", ""b-adapt"": ""0"", ""bframes"": ""8"", ""crf"": ""32.0"", ""ctu"": ""16"", ""keyint"": ""359"", ""limit-refs"": ""0"", ""limit-tu"": ""0"", ""me"": ""full"", ""merange"": ""16"", ""open-gop"": ""0"", ""psy-rd"": ""2.0"", ""psy-rdoq"": ""3.5"", ""qcomp"": ""0.5"", ""qpmax"": ""38"", ""qpmin"": ""16"", ""rc-lookahead"": ""51"", ""rd"": ""5"", ""rdoq-level"": ""2"", ""rect"": ""1"", ""ref"": ""6"", ""rskip"": ""1"", ""sao"": ""0"", ""scenecut"": ""90"", ""subme"": ""5"", ""tu-inter-depth"": ""3"", ""tu-intra-depth"": ""1"", ""weightb"": ""0"", ""weightp"": ""1"", ""wpp"": ""1""}"
x265,hebo,7301,plain,false,74,9.53,20.98,9.53,21.32441020011902,"['Standard', '320p', 30, '10s']",0.0,21.32430410385132,0.0,"{""amp"": ""0"", ""aq-mode"": ""4"", ""aq-strength"": ""1.2"", ""b-adapt"": ""0"", ""bframes"": ""1"", ""crf"": ""20.0"", ""ctu"": ""32"", ""keyint"": ""266"", ""limit-refs"": ""1"", ""limit-tu"": ""1"", ""me"": ""umh"", ""merange"": ""51"", ""open-gop"": ""1"", ""psy-rd"": ""0.0"", ""psy-rdoq"": ""2.0"", ""qcomp"": ""0.75"", ""qpmax"": ""22"", ""qpmin"": ""9"", ""rc-lookahead"": ""51"", ""rd"": ""5"", ""rdoq-level"": ""0"", ""rect"": ""1"", ""ref"": ""2"", ""rskip"": ""1"", ""sao"": ""0"", ""scenecut"": ""39"", ""subme"": ""2"", ""tu-inter-depth"": ""1"", ""tu-intra-depth"": ""2"", ""weightb"": ""1"", ""weightp"": ""0"", ""wpp"": ""0""}"
x265,hebo,7301,plain,false,75,5.43,29.2,5.43,29.53278136253357,"['Standard', '320p', 30, '10s']",0.0,29.53268313407898,0.0,"{""amp"": ""0"", ""aq-mode"": ""4"", ""aq-strength"": ""0.0"", ""b-adapt"": ""2"", ""bframes"": ""3"", ""crf"": ""18.0"", ""ctu"": ""16"", ""keyint"": ""371"", ""limit-refs"": ""3"", ""limit-tu"": ""3"", ""me"": ""star"", ""merange"": ""39"", ""open-gop"": ""0"", ""psy-rd"": ""0.5"", ""psy-rdoq"": ""4.0"", ""qcomp"": ""0.5"", ""qpmax"": ""38"", ""qpmin"": ""5"", ""rc-lookahead"": ""54"", ""rd"": ""6"", ""rdoq-level"": ""2"", ""rect"": ""0"", ""ref"": ""6"", ""rskip"": ""1"", ""sao"": ""0"", ""scenecut"": ""96"", ""subme"": ""3"", ""tu-inter-depth"": ""2"", ""tu-intra-depth"": ""3"", ""weightb"": ""1"", ""weightp"": ""1"", ""wpp"": ""0""}"
x265,hebo,7301,plain,false,76,28.27,9.19,28.27,9.52254319190979,"['Standard', '320p', 30, '10s']",0.0,9.522443532943726,0.0,"{""amp"": ""1"", ""aq-mode"": ""3"", ""aq-strength"": ""1.5"", ""b-adapt"": ""0"", ""bframes"": ""0"", ""crf"": ""32.0"", ""ctu"": ""16"", ""keyint"": ""239"", ""limit-refs"": ""0"", ""limit-tu"": ""0"", ""me"": ""umh"", ""merange"": ""19"", ""open-gop"": ""1"", ""psy-rd"": ""4.0"", ""psy-rdoq"": ""3.5"", ""qcomp"": ""0.9"", ""qpmax"": ""25"", ""qpmin"": ""11"", ""rc-lookahead"": ""59"", ""rd"": ""3"", ""rdoq-level"": ""2"", ""rect"": ""0"", ""ref"": ""1"", ""rskip"": ""0"", ""sao"": ""1"", ""scenecut"": ""26"", ""subme"": ""1"", ""tu-inter-depth"": ""1"", ""tu-intra-depth"": ""1"", ""weightb"": ""0"", ""weightp"": ""1"", ""wpp"": ""0""}"
x265,hebo,7301,plain,false,77,24.61,10.33,24.61,10.653620719909668,"['Standard', '320p', 30, '10s']",0.0,10.653522491455078,0.0,"{""amp"": ""1"", ""aq-mode"": ""3"", ""aq-strength"": ""1.8"", ""b-adapt"": ""1"", ""bframes"": ""3"", ""crf"": ""28.0"", ""ctu"": ""64"", ""keyint"": ""341"", ""limit-refs"": ""1"", ""limit-tu"": ""1"", ""me"": ""dia"", ""merange"": ""23"", ""open-gop"": ""0"", ""psy-rd"": ""1.5"", ""psy-rdoq"": ""4.5"", ""qcomp"": ""0.8"", ""qpmax"": ""27"", ""qpmin"": ""1"", ""rc-lookahead"": ""36"", ""rd"": ""2"", ""rdoq-level"": ""0"", ""rect"": ""1"", ""ref"": ""6"", ""rskip"": ""1"", ""sao"": ""1"", ""scenecut"": ""26"", ""subme"": ""3"", ""tu-inter-depth"": ""1"", ""tu-intra-depth"": ""3"", ""weightb"": ""1"", ""weightp"": ""0"", ""wpp"": ""0""}"
x265,hebo,7301,plain,false,78,1.41,47.46,1.41,47.79438519477844,"['Standard', '320p', 30, '10s']",0.0,47.7942750453949,0.0,"{""amp"": ""0"", ""aq-mode"": ""0"", ""aq-strength"": ""1.5"", ""b-adapt"": ""0"", ""bframes"": ""7"", ""crf"": ""20.0"", ""ctu"": ""32"", ""keyint"": ""86"", ""limit-refs"": ""0"", ""limit-tu"": ""1"", ""me"": ""star"", ""merange"": ""58"", ""open-gop"": ""1"", ""psy-rd"": ""2.0"", ""psy-rdoq"": ""0.5"", ""qcomp"": ""0.7"", ""qpmax"": ""23"", ""qpmin"": ""9"", ""rc-lookahead"": ""30"", ""rd"": ""6"", ""rdoq-level"": ""1"", ""rect"": ""1"", ""ref"": ""1"", ""rskip"": ""1"", ""sao"": ""1"", ""scenecut"": ""82"", ""subme"": ""1"", ""tu-inter-depth"": ""2"", ""tu-intra-depth"": ""2"", ""weightb"": ""0"", ""weightp"": ""0"", ""wpp"": ""1""}"
x265,hebo,7301,plain,false,79,36.09,7.49,36.09,8.112164735794067,"['Standard', '320p', 30, '10s']",0.0,8.111997127532959,0.0,"{""amp"": ""1"", ""aq-mode"": ""3"", ""aq-strength"": ""0.0"", ""b-adapt"": ""0"", ""bframes"": ""1"", ""crf"": ""20.0"", ""ctu"": ""16"", ""keyint"": ""233"", ""limit-refs"": ""3"", ""limit-tu"": ""2"", ""me"": ""star"", ""merange"": ""62"", ""open-gop"": ""1"", ""psy-rd"": ""3.5"", ""psy-rdoq"": ""5.0"", ""qcomp"": ""0.9"", ""qpmax"": ""39"", ""qpmin"": ""4"", ""rc-lookahead"": ""28"", ""rd"": ""2"", ""rdoq-level"": ""0"", ""rect"": ""1"", ""ref"": ""4"", ""rskip"": ""1"", ""sao"": ""1"", ""scenecut"": ""94"", ""subme"": ""1"", ""tu-inter-depth"": ""3"", ""tu-intra-depth"": ""2"", ""weightb"": ""0"", ""weightp"": ""0"", ""wpp"": ""1""}"
x265,hebo,7301,plain,false,80,74.48,3.88,74.48,4.217424392700195,"['Standard', '320p', 30, '10s']",0.0,4.21731972694397,0.0,"{""amp"": ""0"", ""aq-mode"": ""1"", ""aq-strength"": ""0.0"", ""b-adapt"": ""0"", ""bframes"": ""3"", ""crf"": ""25.0"", ""ctu"": ""16"", ""keyint"": ""480"", ""limit-refs"": ""1"", ""limit-tu"": ""2"", ""me"": ""dia"", ""merange"": ""20"", ""open-gop"": ""0"", ""psy-rd"": ""1.0"", ""psy-rdoq"": ""5.0"", ""qcomp"": ""0.75"", ""qpmax"": ""42"", ""qpmin"": ""13"", ""rc-lookahead"": ""22"", ""rd"": ""3"", ""rdoq-level"": ""0"", ""rect"": ""0"", ""ref"": ""4"", ""rskip"": ""1"", ""sao"": ""0"", ""scenecut"": ""35"", ""subme"": ""2"", ""tu-inter-depth"": ""3"", ""tu-intra-depth"": ""2"", ""weightb"": ""0"", ""weightp"": ""0"", ""wpp"": ""0""}"
x265,hebo,7301,plain,false,81,4.38,32.47,4.38,33.00793218612671,"['Standard', '320p', 30, '10s']",0.0,33.00781869888306,0.0,"{""amp"": ""1"", ""aq-mode"": ""2"", ""aq-strength"": ""1.2"", ""b-adapt"": ""1"", ""bframes"": ""8"", ""crf"": ""18.0"", ""ctu"": ""16"", ""keyint"": ""199"", ""limit-refs"": ""2"", ""limit-tu"": ""3"", ""me"": ""dia"", ""merange"": ""17"", ""open-gop"": ""1"", ""psy-rd"": ""0.5"", ""psy-rdoq"": ""1.5"", ""qcomp"": ""0.6"", ""qpmax"": ""30"", ""qpmin"": ""0"", ""rc-lookahead"": ""31"", ""rd"": ""5"", ""rdoq-level"": ""1"", ""rect"": ""1"", ""ref"": ""4"", ""rskip"": ""1"", ""sao"": ""1"", ""scenecut"": ""34"", ""subme"": ""1"", ""tu-inter-depth"": ""2"", ""tu-intra-depth"": ""3"", ""weightb"": ""1"", ""weightp"": ""1"", ""wpp"": ""0""}"
x265,hebo,7301,plain,false,82,2.25,42.01,2.25,42.34088635444641,"['Standard', '320p', 30, '10s']",0.0,42.340790033340454,0.0,"{""amp"": ""1"", ""aq-mode"": ""3"", ""aq-strength"": ""1.8"", ""b-adapt"": ""0"", ""bframes"": ""6"", ""crf"": ""18.0"", ""ctu"": ""16"", ""keyint"": ""133"", ""limit-refs"": ""3"", ""limit-tu"": ""3"", ""me"": ""full"", ""merange"": ""25"", ""open-gop"": ""1"", ""psy-rd"": ""0.5"", ""psy-rdoq"": ""4.5"", ""qcomp"": ""0.5"", ""qpmax"": ""31"", ""qpmin"": ""1"", ""rc-lookahead"": ""60"", ""rd"": ""6"", ""rdoq-level"": ""0"", ""rect"": ""0"", ""ref"": ""2"", ""rskip"": ""0"", ""sao"": ""0"", ""scenecut"": ""18"", ""subme"": ""5"", ""tu-inter-depth"": ""3"", ""tu-intra-depth"": ""3"", ""weightb"": ""1"", ""weightp"": ""0"", ""wpp"": ""0""}"
x265,hebo,7301,plain,false,83,80.21,3.62,80.21,3.9565610885620117,"['Standard', '320p', 30, '10s']",0.0,3.956465721130371,0.0,"{""amp"": ""1"", ""aq-mode"": ""3"", ""aq-strength"": ""0.0"", ""b-adapt"": ""0"", ""bframes"": ""6"", ""crf"": ""30.0"", ""ctu"": ""16"", ""keyint"": ""269"", ""limit-refs"": ""0"", ""limit-tu"": ""0"", ""me"": ""star"", ""merange"": ""30"", ""open-gop"": ""1"", ""psy-rd"": ""0.5"", ""psy-rdoq"": ""0.0"", ""qcomp"": ""0.5"", ""qpmax"": ""51"", ""qpmin"": ""2"", ""rc-lookahead"": ""23"", ""rd"": ""1"", ""rdoq-level"": ""2"", ""rect"": ""1"", ""ref"": ""2"", ""rskip"": ""1"", ""sao"": ""1"", ""scenecut"": ""85"", ""subme"": ""1"", ""tu-inter-depth"": ""3"", ""tu-intra-depth"": ""1"", ""weightb"": ""1"", ""weightp"": ""1"", ""wpp"": ""0""}"
x265,hebo,7301,plain,false,84,13.19,16.77,13.19,17.108648777008057,"['Standard', '320p', 30, '10s']",0.0,17.108551263809204,0.0,"{""amp"": ""1"", ""aq-mode"": ""4"", ""aq-strength"": ""0.5"", ""b-adapt"": ""1"", ""bframes"": ""2"", ""crf"": ""20.0"", ""ctu"": ""64"", ""keyint"": ""62"", ""limit-refs"": ""1"", ""limit-tu"": ""4"", ""me"": ""umh"", ""merange"": ""30"", ""open-gop"": ""1"", ""psy-rd"": ""2.0"", ""psy-rdoq"": ""4.5"", ""qcomp"": ""0.7"", ""qpmax"": ""46"", ""qpmin"": ""8"", ""rc-lookahead"": ""52"", ""rd"": ""3"", ""rdoq-level"": ""1"", ""rect"": ""1"", ""ref"": ""5"", ""rskip"": ""0"", ""sao"": ""0"", ""scenecut"": ""99"", ""subme"": ""4"", ""tu-inter-depth"": ""4"", ""tu-intra-depth"": ""2"", ""weightb"": ""1"", ""weightp"": ""1"", ""wpp"": ""1""}"
x265,hebo,7301,plain,false,85,5.18,29.91,5.18,30.25295877456665,"['Standard', '320p', 30, '10s']",0.0,30.25285243988037,0.0,"{""amp"": ""1"", ""aq-mode"": ""3"", ""aq-strength"": ""1.5"", ""b-adapt"": ""1"", ""bframes"": ""8"", ""crf"": ""28.0"", ""ctu"": ""32"", ""keyint"": ""404"", ""limit-refs"": ""3"", ""limit-tu"": ""4"", ""me"": ""full"", ""merange"": ""38"", ""open-gop"": ""0"", ""psy-rd"": ""3.0"", ""psy-rdoq"": ""0.0"", ""qcomp"": ""0.75"", ""qpmax"": ""46"", ""qpmin"": ""0"", ""rc-lookahead"": ""56"", ""rd"": ""4"", ""rdoq-level"": ""2"", ""rect"": ""1"", ""ref"": ""5"", ""rskip"": ""0"", ""sao"": ""1"", ""scenecut"": ""59"", ""subme"": ""4"", ""tu-inter-depth"": ""4"", ""tu-intra-depth"": ""4"", ""weightb"": ""1"", ""weightp"": ""1"", ""wpp"": ""1""}"
x265,hebo,7301,plain,false,86,52.01,5.39,52.01,5.725388288497925,"['Standard', '320p', 30, '10s']",0.0,5.725288152694702,0.0,"{""amp"": ""1"", ""aq-mode"": ""4"", ""aq-strength"": ""0.5"", ""b-adapt"": ""0"", ""bframes"": ""2"", ""crf"": ""32.0"", ""ctu"": ""32"", ""keyint"": ""355"", ""limit-refs"": ""3"", ""limit-tu"": ""0"", ""me"": ""star"", ""merange"": ""42"", ""open-gop"": ""0"", ""psy-rd"": ""2.5"", ""psy-rdoq"": ""3.0"", ""qcomp"": ""0.75"", ""qpmax"": ""45"", ""qpmin"": ""17"", ""rc-lookahead"": ""57"", ""rd"": ""4"", ""rdoq-level"": ""2"", ""rect"": ""1"", ""ref"": ""2"", ""rskip"": ""1"", ""sao"": ""1"", ""scenecut"": ""100"", ""subme"": ""2"", ""tu-inter-depth"": ""2"", ""tu-intra-depth"": ""1"", ""weightb"": ""0"", ""weightp"": ""0"", ""wpp"": ""0""}"
x265,hebo,7301,plain,false,87,19.95,12.24,19.95,12.569312572479248,"['Standard', '320p', 30, '10s']",0.0,12.569217205047607,0.0,"{""amp"": ""1"", ""aq-mode"": ""2"", ""aq-strength"": ""0.5"", ""b-adapt"": ""2"", ""bframes"": ""7"", ""crf"": ""18.0"", ""ctu"": ""16"", ""keyint"": ""427"", ""limit-refs"": ""3"", ""limit-tu"": ""4"", ""me"": ""star"", ""merange"": ""31"", ""open-gop"": ""1"", ""psy-rd"": ""1.0"", ""psy-rdoq"": ""2.5"", ""qcomp"": ""0.8"", ""qpmax"": ""40"", ""qpmin"": ""17"", ""rc-lookahead"": ""59"", ""rd"": ""4"", ""rdoq-level"": ""1"", ""rect"": ""1"", ""ref"": ""6"", ""rskip"": ""1"", ""sao"": ""0"", ""scenecut"": ""83"", ""subme"": ""4"", ""tu-inter-depth"": ""3"", ""tu-intra-depth"": ""2"", ""weightb"": ""1"", ""weightp"": ""1"", ""wpp"": ""1""}"
x265,hebo,7301,plain,false,88,16.57,14.15,16.57,14.488766193389893,"['Standard', '320p', 30, '10s']",0.0,14.488667249679565,0.0,"{""amp"": ""0"", ""aq-mode"": ""3"", ""aq-strength"": ""1.0"", ""b-adapt"": ""2"", ""bframes"": ""2"", ""crf"": ""18.0"", ""ctu"": ""32"", ""keyint"": ""367"", ""limit-refs"": ""1"", ""limit-tu"": ""3"", ""me"": ""hex"", ""merange"": ""60"", ""open-gop"": ""1"", ""psy-rd"": ""2.0"", ""psy-rdoq"": ""0.5"", ""qcomp"": ""0.7"", ""qpmax"": ""21"", ""qpmin"": ""15"", ""rc-lookahead"": ""21"", ""rd"": ""3"", ""rdoq-level"": ""0"", ""rect"": ""1"", ""ref"": ""3"", ""rskip"": ""0"", ""sao"": ""1"", ""scenecut"": ""85"", ""subme"": ""3"", ""tu-inter-depth"": ""4"", ""tu-intra-depth"": ""2"", ""weightb"": ""0"", ""weightp"": ""0"", ""wpp"": ""0""}"
x265,hebo,7301,plain,false,89,39.09,6.95,39.09,7.3403356075286865,"['Standard', '320p', 30, '10s']",0.0,7.340184211730957,0.0,"{""amp"": ""1"", ""aq-mode"": ""1"", ""aq-strength"": ""1.5"", ""b-adapt"": ""0"", ""bframes"": ""5"", ""crf"": ""32.0"", ""ctu"": ""16"", ""keyint"": ""296"", ""limit-refs"": ""1"", ""limit-tu"": ""3"", ""me"": ""star"", ""merange"": ""36"", ""open-gop"": ""1"", ""psy-rd"": ""2.0"", ""psy-rdoq"": ""1.0"", ""qcomp"": ""0.9"", ""qpmax"": ""42"", ""qpmin"": ""0"", ""rc-lookahead"": ""16"", ""rd"": ""6"", ""rdoq-level"": ""1"", ""rect"": ""0"", ""ref"": ""1"", ""rskip"": ""0"", ""sao"": ""1"", ""scenecut"": ""14"", ""subme"": ""2"", ""tu-inter-depth"": ""2"", ""tu-intra-depth"": ""3"", ""weightb"": ""0"", ""weightp"": ""1"", ""wpp"": ""0""}"
x265,hebo,7301,plain,false,90,36.13,7.45,36.13,7.7903008460998535,"['Standard', '320p', 30, '10s']",0.0,7.790204286575317,0.0,"{""amp"": ""1"", ""aq-mode"": ""0"", ""aq-strength"": ""1.2"", ""b-adapt"": ""0"", ""bframes"": ""1"", ""crf"": ""28.0"", ""ctu"": ""32"", ""keyint"": ""123"", ""limit-refs"": ""0"", ""limit-tu"": ""3"", ""me"": ""hex"", ""merange"": ""21"", ""open-gop"": ""0"", ""psy-rd"": ""2.5"", ""psy-rdoq"": ""4.0"", ""qcomp"": ""0.5"", ""qpmax"": ""25"", ""qpmin"": ""2"", ""rc-lookahead"": ""16"", ""rd"": ""1"", ""rdoq-level"": ""1"", ""rect"": ""0"", ""ref"": ""6"", ""rskip"": ""0"", ""sao"": ""0"", ""scenecut"": ""65"", ""subme"": ""1"", ""tu-inter-depth"": ""2"", ""tu-intra-depth"": ""2"", ""weightb"": ""0"", ""weightp"": ""0"", ""wpp"": ""0""}"
x265,hebo,7301,plain,false,91,14.37,15.75,14.37,16.09039616584778,"['Standard', '320p', 30, '10s']",0.0,16.090296745300293,0.0,"{""amp"": ""0"", ""aq-mode"": ""3"", ""aq-strength"": ""1.2"", ""b-adapt"": ""1"", ""bframes"": ""5"", ""crf"": ""18.0"", ""ctu"": ""16"", ""keyint"": ""162"", ""limit-refs"": ""3"", ""limit-tu"": ""2"", ""me"": ""umh"", ""merange"": ""64"", ""open-gop"": ""1"", ""psy-rd"": ""1.0"", ""psy-rdoq"": ""4.5"", ""qcomp"": ""0.8"", ""qpmax"": ""46"", ""qpmin"": ""0"", ""rc-lookahead"": ""59"", ""rd"": ""4"", ""rdoq-level"": ""2"", ""rect"": ""1"", ""ref"": ""5"", ""rskip"": ""1"", ""sao"": ""1"", ""scenecut"": ""58"", ""subme"": ""4"", ""tu-inter-depth"": ""3"", ""tu-intra-depth"": ""3"", ""weightb"": ""1"", ""weightp"": ""0"", ""wpp"": ""0""}"
x265,hebo,7301,plain,false,92,-4.10,336.56,-4.10,336.8971564769745,"['Standard', '320p', 30, '10s']",0.0,336.89704751968384,0.0,"{""amp"": ""1"", ""aq-mode"": ""3"", ""aq-strength"": ""1.8"", ""b-adapt"": ""0"", ""bframes"": ""5"", ""crf"": ""20.0"", ""ctu"": ""64"", ""keyint"": ""115"", ""limit-refs"": ""3"", ""limit-tu"": ""0"", ""me"": ""full"", ""merange"": ""53"", ""open-gop"": ""1"", ""psy-rd"": ""2.5"", ""psy-rdoq"": ""3.0"", ""qcomp"": ""1.0"", ""qpmax"": ""44"", ""qpmin"": ""10"", ""rc-lookahead"": ""17"", ""rd"": ""6"", ""rdoq-level"": ""0"", ""rect"": ""1"", ""ref"": ""5"", ""rskip"": ""1"", ""sao"": ""1"", ""scenecut"": ""86"", ""subme"": ""3"", ""tu-inter-depth"": ""3"", ""tu-intra-depth"": ""4"", ""weightb"": ""1"", ""weightp"": ""1"", ""wpp"": ""1""}"
x265,hebo,7301,plain,false,93,60.62,4.69,60.62,5.012779235839844,"['Standard', '320p', 30, '10s']",0.0,5.012679815292358,0.0,"{""amp"": ""0"", ""aq-mode"": ""1"", ""aq-strength"": ""1.8"", ""b-adapt"": ""2"", ""bframes"": ""8"", ""crf"": ""20.0"", ""ctu"": ""32"", ""keyint"": ""431"", ""limit-refs"": ""1"", ""limit-tu"": ""0"", ""me"": ""dia"", ""merange"": ""19"", ""open-gop"": ""0"", ""psy-rd"": ""1.0"", ""psy-rdoq"": ""4.5"", ""qcomp"": ""0.7"", ""qpmax"": ""47"", ""qpmin"": ""14"", ""rc-lookahead"": ""17"", ""rd"": ""3"", ""rdoq-level"": ""1"", ""rect"": ""0"", ""ref"": ""5"", ""rskip"": ""1"", ""sao"": ""0"", ""scenecut"": ""94"", ""subme"": ""1"", ""tu-inter-depth"": ""1"", ""tu-intra-depth"": ""1"", ""weightb"": ""0"", ""weightp"": ""0"", ""wpp"": ""0""}"
x265,hebo,7301,plain,false,94,119.42,2.5,119.42,2.8215906620025635,"['Standard', '320p', 30, '10s']",0.0,2.8214948177337646,0.0,"{""amp"": ""1"", ""aq-mode"": ""2"", ""aq-strength"": ""1.8"", ""b-adapt"": ""2"", ""bframes"": ""3"", ""crf"": ""32.0"", ""ctu"": ""64"", ""keyint"": ""342"", ""limit-refs"": ""0"", ""limit-tu"": ""3"", ""me"": ""umh"", ""merange"": ""59"", ""open-gop"": ""1"", ""psy-rd"": ""2.5"", ""psy-rdoq"": ""3.0"", ""qcomp"": ""0.6"", ""qpmax"": ""51"", ""qpmin"": ""13"", ""rc-lookahead"": ""19"", ""rd"": ""4"", ""rdoq-level"": ""0"", ""rect"": ""0"", ""ref"": ""2"", ""rskip"": ""1"", ""sao"": ""1"", ""scenecut"": ""98"", ""subme"": ""5"", ""tu-inter-depth"": ""3"", ""tu-intra-depth"": ""3"", ""weightb"": ""1"", ""weightp"": ""1"", ""wpp"": ""1""}"
x265,hebo,7301,plain,false,95,-2.97,150.08,-2.97,150.41976881027222,"['Standard', '320p', 30, '10s']",0.0,150.41965746879578,0.0,"{""amp"": ""1"", ""aq-mode"": ""1"", ""aq-strength"": ""0.8"", ""b-adapt"": ""1"", ""bframes"": ""6"", ""crf"": ""22.0"", ""ctu"": ""64"", ""keyint"": ""263"", ""limit-refs"": ""3"", ""limit-tu"": ""3"", ""me"": ""full"", ""merange"": ""36"", ""open-gop"": ""1"", ""psy-rd"": ""2.5"", ""psy-rdoq"": ""4.5"", ""qcomp"": ""1.0"", ""qpmax"": ""49"", ""qpmin"": ""19"", ""rc-lookahead"": ""51"", ""rd"": ""6"", ""rdoq-level"": ""0"", ""rect"": ""1"", ""ref"": ""6"", ""rskip"": ""1"", ""sao"": ""1"", ""scenecut"": ""85"", ""subme"": ""5"", ""tu-inter-depth"": ""2"", ""tu-intra-depth"": ""3"", ""weightb"": ""1"", ""weightp"": ""1"", ""wpp"": ""1""}"
x265,hebo,7301,plain,false,96,85.65,3.41,85.65,3.7429816722869873,"['Standard', '320p', 30, '10s']",0.0,3.742872953414917,0.0,"{""amp"": ""1"", ""aq-mode"": ""1"", ""aq-strength"": ""1.0"", ""b-adapt"": ""2"", ""bframes"": ""3"", ""crf"": ""30.0"", ""ctu"": ""32"", ""keyint"": ""236"", ""limit-refs"": ""0"", ""limit-tu"": ""1"", ""me"": ""umh"", ""merange"": ""37"", ""open-gop"": ""0"", ""psy-rd"": ""4.0"", ""psy-rdoq"": ""4.0"", ""qcomp"": ""0.5"", ""qpmax"": ""51"", ""qpmin"": ""3"", ""rc-lookahead"": ""19"", ""rd"": ""4"", ""rdoq-level"": ""0"", ""rect"": ""0"", ""ref"": ""2"", ""rskip"": ""0"", ""sao"": ""1"", ""scenecut"": ""77"", ""subme"": ""2"", ""tu-inter-depth"": ""1"", ""tu-intra-depth"": ""1"", ""weightb"": ""1"", ""weightp"": ""1"", ""wpp"": ""0""}"
x265,hebo,7301,plain,false,97,25.75,9.94,25.75,10.263870477676392,"['Standard', '320p', 30, '10s']",0.0,10.263765335083008,0.0,"{""amp"": ""1"", ""aq-mode"": ""2"", ""aq-strength"": ""1.5"", ""b-adapt"": ""1"", ""bframes"": ""0"", ""crf"": ""32.0"", ""ctu"": ""32"", ""keyint"": ""278"", ""limit-refs"": ""3"", ""limit-tu"": ""0"", ""me"": ""star"", ""merange"": ""36"", ""open-gop"": ""0"", ""psy-rd"": ""0.5"", ""psy-rdoq"": ""4.5"", ""qcomp"": ""1.0"", ""qpmax"": ""27"", ""qpmin"": ""15"", ""rc-lookahead"": ""32"", ""rd"": ""2"", ""rdoq-level"": ""1"", ""rect"": ""0"", ""ref"": ""6"", ""rskip"": ""0"", ""sao"": ""1"", ""scenecut"": ""51"", ""subme"": ""5"", ""tu-inter-depth"": ""3"", ""tu-intra-depth"": ""2"", ""weightb"": ""0"", ""weightp"": ""1"", ""wpp"": ""1""}"
x265,hebo,7301,plain,false,98,-1.27,81.47,-1.27,81.80434894561768,"['Standard', '320p', 30, '10s']",0.0,81.8042471408844,0.0,"{""amp"": ""0"", ""aq-mode"": ""1"", ""aq-strength"": ""1.8"", ""b-adapt"": ""2"", ""bframes"": ""2"", ""crf"": ""20.0"", ""ctu"": ""64"", ""keyint"": ""38"", ""limit-refs"": ""0"", ""limit-tu"": ""0"", ""me"": ""full"", ""merange"": ""22"", ""open-gop"": ""0"", ""psy-rd"": ""1.5"", ""psy-rdoq"": ""1.0"", ""qcomp"": ""0.8"", ""qpmax"": ""26"", ""qpmin"": ""8"", ""rc-lookahead"": ""49"", ""rd"": ""5"", ""rdoq-level"": ""1"", ""rect"": ""1"", ""ref"": ""3"", ""rskip"": ""1"", ""sao"": ""0"", ""scenecut"": ""91"", ""subme"": ""5"", ""tu-inter-depth"": ""1"", ""tu-intra-depth"": ""3"", ""weightb"": ""0"", ""weightp"": ""0"", ""wpp"": ""0""}"
x265,hebo,7301,plain,false,99,42.70,6.43,42.70,6.770521402359009,"['Standard', '320p', 30, '10s']",0.0,6.770413875579834,0.0,"{""amp"": ""0"", ""aq-mode"": ""2"", ""aq-strength"": ""1.5"", ""b-adapt"": ""2"", ""bframes"": ""0"", ""crf"": ""22.0"", ""ctu"": ""32"", ""keyint"": ""377"", ""limit-refs"": ""2"", ""limit-tu"": ""2"", ""me"": ""star"", ""merange"": ""21"", ""open-gop"": ""1"", ""psy-rd"": ""3.5"", ""psy-rdoq"": ""1.5"", ""qcomp"": ""0.75"", ""qpmax"": ""25"", ""qpmin"": ""7"", ""rc-lookahead"": ""29"", ""rd"": ""1"", ""rdoq-level"": ""2"", ""rect"": ""0"", ""ref"": ""1"", ""rskip"": ""0"", ""sao"": ""1"", ""scenecut"": ""24"", ""subme"": ""5"", ""tu-inter-depth"": ""1"", ""tu-intra-depth"": ""4"", ""weightb"": ""1"", ""weightp"": ""0"", ""wpp"": ""1""}"
x265,hebo,7301,plain,false,100,58.72,4.83,58.72,5.147002458572388,"['Standard', '320p', 30, '10s']",0.0,5.146909236907959,0.0,"{""amp"": ""1"", ""aq-mode"": ""1"", ""aq-strength"": ""0.8"", ""b-adapt"": ""0"", ""bframes"": ""6"", ""crf"": ""32.0"", ""ctu"": ""32"", ""keyint"": ""76"", ""limit-refs"": ""0"", ""limit-tu"": ""4"", ""me"": ""hex"", ""merange"": ""19"", ""open-gop"": ""0"", ""psy-rd"": ""0.0"", ""psy-rdoq"": ""0.5"", ""qcomp"": ""0.8"", ""qpmax"": ""51"", ""qpmin"": ""11"", ""rc-lookahead"": ""18"", ""rd"": ""2"", ""rdoq-level"": ""1"", ""rect"": ""1"", ""ref"": ""5"", ""rskip"": ""0"", ""sao"": ""1"", ""scenecut"": ""7"", ""subme"": ""1"", ""tu-inter-depth"": ""1"", ""tu-intra-depth"": ""3"", ""weightb"": ""1"", ""weightp"": ""1"", ""wpp"": ""0""}"
x265,hebo,7301,plain,false,101,1.91,44.06,1.91,44.399110317230225,"['Standard', '320p', 30, '10s']",0.0,44.399011850357056,0.0,"{""amp"": ""0"", ""aq-mode"": ""3"", ""aq-strength"": ""1.5"", ""b-adapt"": ""0"", ""bframes"": ""7"", ""crf"": ""20.0"", ""ctu"": ""64"", ""keyint"": ""441"", ""limit-refs"": ""0"", ""limit-tu"": ""2"", ""me"": ""full"", ""merange"": ""63"", ""open-gop"": ""1"", ""psy-rd"": ""0.5"", ""psy-rdoq"": ""3.0"", ""qcomp"": ""0.6"", ""qpmax"": ""49"", ""qpmin"": ""17"", ""rc-lookahead"": ""57"", ""rd"": ""3"", ""rdoq-level"": ""1"", ""rect"": ""0"", ""ref"": ""2"", ""rskip"": ""0"", ""sao"": ""1"", ""scenecut"": ""12"", ""subme"": ""3"", ""tu-inter-depth"": ""3"", ""tu-intra-depth"": ""1"", ""weightb"": ""1"", ""weightp"": ""0"", ""wpp"": ""0""}"
x265,hebo,7301,plain,false,102,44.11,6.24,44.11,6.577070713043213,"['Standard', '320p', 30, '10s']",0.0,6.5769782066345215,0.0,"{""amp"": ""1"", ""aq-mode"": ""0"", ""aq-strength"": ""0.0"", ""b-adapt"": ""2"", ""bframes"": ""3"", ""crf"": ""20.0"", ""ctu"": ""16"", ""keyint"": ""283"", ""limit-refs"": ""0"", ""limit-tu"": ""2"", ""me"": ""dia"", ""merange"": ""26"", ""open-gop"": ""0"", ""psy-rd"": ""3.0"", ""psy-rdoq"": ""0.5"", ""qcomp"": ""0.6"", ""qpmax"": ""33"", ""qpmin"": ""1"", ""rc-lookahead"": ""22"", ""rd"": ""3"", ""rdoq-level"": ""0"", ""rect"": ""0"", ""ref"": ""2"", ""rskip"": ""0"", ""sao"": ""0"", ""scenecut"": ""42"", ""subme"": ""5"", ""tu-inter-depth"": ""3"", ""tu-intra-depth"": ""1"", ""weightb"": ""1"", ""weightp"": ""0"", ""wpp"": ""1""}"
x265,hebo,7301,plain,false,103,56.62,4.99,56.62,5.31570029258728,"['Standard', '320p', 30, '10s']",0.0,5.315605878829956,0.0,"{""amp"": ""0"", ""aq-mode"": ""4"", ""aq-strength"": ""1.2"", ""b-adapt"": ""2"", ""bframes"": ""4"", ""crf"": ""32.0"", ""ctu"": ""16"", ""keyint"": ""37"", ""limit-refs"": ""3"", ""limit-tu"": ""3"", ""me"": ""hex"", ""merange"": ""36"", ""open-gop"": ""0"", ""psy-rd"": ""3.0"", ""psy-rdoq"": ""0.0"", ""qcomp"": ""0.8"", ""qpmax"": ""44"", ""qpmin"": ""1"", ""rc-lookahead"": ""47"", ""rd"": ""3"", ""rdoq-level"": ""1"", ""rect"": ""1"", ""ref"": ""4"", ""rskip"": ""1"", ""sao"": ""0"", ""scenecut"": ""41"", ""subme"": ""1"", ""tu-inter-depth"": ""3"", ""tu-intra-depth"": ""1"", ""weightb"": ""1"", ""weightp"": ""0"", ""wpp"": ""1""}"
x265,hebo,7301,plain,false,104,25.78,9.93,25.78,10.2726731300354,"['Standard', '320p', 30, '10s']",0.0,10.272577047348022,0.0,"{""amp"": ""0"", ""aq-mode"": ""0"", ""aq-strength"": ""2.0"", ""b-adapt"": ""0"", ""bframes"": ""2"", ""crf"": ""22.0"", ""ctu"": ""64"", ""keyint"": ""45"", ""limit-refs"": ""1"", ""limit-tu"": ""0"", ""me"": ""star"", ""merange"": ""44"", ""open-gop"": ""0"", ""psy-rd"": ""0.5"", ""psy-rdoq"": ""4.0"", ""qcomp"": ""0.75"", ""qpmax"": ""23"", ""qpmin"": ""7"", ""rc-lookahead"": ""21"", ""rd"": ""4"", ""rdoq-level"": ""1"", ""rect"": ""1"", ""ref"": ""1"", ""rskip"": ""1"", ""sao"": ""0"", ""scenecut"": ""16"", ""subme"": ""1"", ""tu-inter-depth"": ""1"", ""tu-intra-depth"": ""3"", ""weightb"": ""1"", ""weightp"": ""0"", ""wpp"": ""0""}"
x265,hebo,7301,plain,false,105,151.98,1.99,151.98,2.3190035820007324,"['Standard', '320p', 30, '10s']",0.0,2.318906784057617,0.0,"{""amp"": ""1"", ""aq-mode"": ""1"", ""aq-strength"": ""2.0"", ""b-adapt"": ""2"", ""bframes"": ""3"", ""crf"": ""32.0"", ""ctu"": ""64"", ""keyint"": ""339"", ""limit-refs"": ""1"", ""limit-tu"": ""3"", ""me"": ""hex"", ""merange"": ""59"", ""open-gop"": ""1"", ""psy-rd"": ""4.0"", ""psy-rdoq"": ""5.0"", ""qcomp"": ""1.0"", ""qpmax"": ""51"", ""qpmin"": ""10"", ""rc-lookahead"": ""20"", ""rd"": ""2"", ""rdoq-level"": ""0"", ""rect"": ""0"", ""ref"": ""2"", ""rskip"": ""1"", ""sao"": ""1"", ""scenecut"": ""4"", ""subme"": ""5"", ""tu-inter-depth"": ""3"", ""tu-intra-depth"": ""3"", ""weightb"": ""1"", ""weightp"": ""1"", ""wpp"": ""1""}"
x265,hebo,7301,plain,false,106,8.79,22.1,8.79,22.439064502716064,"['Standard', '320p', 30, '10s']",0.0,22.43896460533142,0.0,"{""amp"": ""0"", ""aq-mode"": ""2"", ""aq-strength"": ""0.0"", ""b-adapt"": ""0"", ""bframes"": ""3"", ""crf"": ""20.0"", ""ctu"": ""64"", ""keyint"": ""458"", ""limit-refs"": ""2"", ""limit-tu"": ""3"", ""me"": ""dia"", ""merange"": ""38"", ""open-gop"": ""0"", ""psy-rd"": ""4.0"", ""psy-rdoq"": ""0.5"", ""qcomp"": ""0.5"", ""qpmax"": ""42"", ""qpmin"": ""17"", ""rc-lookahead"": ""54"", ""rd"": ""5"", ""rdoq-level"": ""0"", ""rect"": ""1"", ""ref"": ""2"", ""rskip"": ""0"", ""sao"": ""0"", ""scenecut"": ""71"", ""subme"": ""4"", ""tu-inter-depth"": ""2"", ""tu-intra-depth"": ""3"", ""weightb"": ""1"", ""weightp"": ""1"", ""wpp"": ""1""}"
x265,hebo,7301,plain,false,107,-0.03,61.17,-0.03,61.50633525848389,"['Standard', '320p', 30, '10s']",0.0,61.50623297691345,0.0,"{""amp"": ""1"", ""aq-mode"": ""4"", ""aq-strength"": ""0.5"", ""b-adapt"": ""2"", ""bframes"": ""3"", ""crf"": ""22.0"", ""ctu"": ""16"", ""keyint"": ""381"", ""limit-refs"": ""3"", ""limit-tu"": ""4"", ""me"": ""full"", ""merange"": ""59"", ""open-gop"": ""1"", ""psy-rd"": ""1.5"", ""psy-rdoq"": ""4.5"", ""qcomp"": ""1.0"", ""qpmax"": ""31"", ""qpmin"": ""8"", ""rc-lookahead"": ""45"", ""rd"": ""3"", ""rdoq-level"": ""1"", ""rect"": ""1"", ""ref"": ""3"", ""rskip"": ""1"", ""sao"": ""0"", ""scenecut"": ""82"", ""subme"": ""5"", ""tu-inter-depth"": ""1"", ""tu-intra-depth"": ""3"", ""weightb"": ""1"", ""weightp"": ""0"", ""wpp"": ""1""}"
x265,hebo,7301,plain,false,108,31.42,8.4,31.42,8.72856616973877,"['Standard', '320p', 30, '10s']",0.0,8.728469848632812,0.0,"{""amp"": ""0"", ""aq-mode"": ""2"", ""aq-strength"": ""0.8"", ""b-adapt"": ""2"", ""bframes"": ""2"", ""crf"": ""20.0"", ""ctu"": ""16"", ""keyint"": ""127"", ""limit-refs"": ""2"", ""limit-tu"": ""4"", ""me"": ""hex"", ""merange"": ""56"", ""open-gop"": ""1"", ""psy-rd"": ""2.0"", ""psy-rdoq"": ""2.5"", ""qcomp"": ""0.7"", ""qpmax"": ""38"", ""qpmin"": ""13"", ""rc-lookahead"": ""13"", ""rd"": ""4"", ""rdoq-level"": ""2"", ""rect"": ""1"", ""ref"": ""1"", ""rskip"": ""1"", ""sao"": ""0"", ""scenecut"": ""61"", ""subme"": ""1"", ""tu-inter-depth"": ""3"", ""tu-intra-depth"": ""3"", ""weightb"": ""0"", ""weightp"": ""0"", ""wpp"": ""0""}"
x265,hebo,7301,plain,false,109,35.11,7.63,35.11,7.960453510284424,"['Standard', '320p', 30, '10s']",0.0,7.960350036621094,0.0,"{""amp"": ""0"", ""aq-mode"": ""0"", ""aq-strength"": ""0.5"", ""b-adapt"": ""0"", ""bframes"": ""0"", ""crf"": ""25.0"", ""ctu"": ""16"", ""keyint"": ""141"", ""limit-refs"": ""3"", ""limit-tu"": ""1"", ""me"": ""hex"", ""merange"": ""18"", ""open-gop"": ""0"", ""psy-rd"": ""2.5"", ""psy-rdoq"": ""5.0"", ""qcomp"": ""1.0"", ""qpmax"": ""39"", ""qpmin"": ""0"", ""rc-lookahead"": ""25"", ""rd"": ""4"", ""rdoq-level"": ""1"", ""rect"": ""1"", ""ref"": ""2"", ""rskip"": ""1"", ""sao"": ""0"", ""scenecut"": ""0"", ""subme"": ""5"", ""tu-inter-depth"": ""1"", ""tu-intra-depth"": ""3"", ""weightb"": ""0"", ""weightp"": ""1"", ""wpp"": ""0""}"
x265,hebo,7301,plain,false,110,16.79,14.01,16.79,14.408541440963745,"['Standard', '320p', 30, '10s']",0.0,14.408393144607544,0.0,"{""amp"": ""0"", ""aq-mode"": ""3"", ""aq-strength"": ""1.2"", ""b-adapt"": ""2"", ""bframes"": ""6"", ""crf"": ""20.0"", ""ctu"": ""64"", ""keyint"": ""254"", ""limit-refs"": ""0"", ""limit-tu"": ""4"", ""me"": ""star"", ""merange"": ""30"", ""open-gop"": ""0"", ""psy-rd"": ""4.0"", ""psy-rdoq"": ""2.0"", ""qcomp"": ""1.0"", ""qpmax"": ""26"", ""qpmin"": ""7"", ""rc-lookahead"": ""11"", ""rd"": ""3"", ""rdoq-level"": ""1"", ""rect"": ""0"", ""ref"": ""5"", ""rskip"": ""0"", ""sao"": ""0"", ""scenecut"": ""96"", ""subme"": ""2"", ""tu-inter-depth"": ""4"", ""tu-intra-depth"": ""3"", ""weightb"": ""1"", ""weightp"": ""0"", ""wpp"": ""1""}"
x265,hebo,7301,plain,false,111,20.00,12.21,20.00,12.53864312171936,"['Standard', '320p', 30, '10s']",0.0,12.53854513168335,0.0,"{""amp"": ""0"", ""aq-mode"": ""3"", ""aq-strength"": ""0.5"", ""b-adapt"": ""1"", ""bframes"": ""5"", ""crf"": ""28.0"", ""ctu"": ""32"", ""keyint"": ""292"", ""limit-refs"": ""2"", ""limit-tu"": ""0"", ""me"": ""full"", ""merange"": ""30"", ""open-gop"": ""1"", ""psy-rd"": ""0.5"", ""psy-rdoq"": ""1.0"", ""qcomp"": ""0.9"", ""qpmax"": ""27"", ""qpmin"": ""10"", ""rc-lookahead"": ""25"", ""rd"": ""2"", ""rdoq-level"": ""1"", ""rect"": ""0"", ""ref"": ""4"", ""rskip"": ""1"", ""sao"": ""1"", ""scenecut"": ""34"", ""subme"": ""1"", ""tu-inter-depth"": ""1"", ""tu-intra-depth"": ""4"", ""weightb"": ""1"", ""weightp"": ""0"", ""wpp"": ""1""}"
x265,hebo,7301,plain,false,112,34.49,7.76,34.49,8.08854341506958,"['Standard', '320p', 30, '10s']",0.0,8.088441848754883,0.0,"{""amp"": ""0"", ""aq-mode"": ""4"", ""aq-strength"": ""0.5"", ""b-adapt"": ""0"", ""bframes"": ""3"", ""crf"": ""20.0"", ""ctu"": ""64"", ""keyint"": ""436"", ""limit-refs"": ""3"", ""limit-tu"": ""0"", ""me"": ""umh"", ""merange"": ""35"", ""open-gop"": ""0"", ""psy-rd"": ""1.0"", ""psy-rdoq"": ""4.5"", ""qcomp"": ""0.8"", ""qpmax"": ""41"", ""qpmin"": ""14"", ""rc-lookahead"": ""54"", ""rd"": ""1"", ""rdoq-level"": ""0"", ""rect"": ""1"", ""ref"": ""1"", ""rskip"": ""0"", ""sao"": ""1"", ""scenecut"": ""42"", ""subme"": ""4"", ""tu-inter-depth"": ""4"", ""tu-intra-depth"": ""2"", ""weightb"": ""0"", ""weightp"": ""0"", ""wpp"": ""0""}"
x265,hebo,7301,plain,false,113,59.93,4.78,59.93,5.281449794769287,"['Standard', '320p', 30, '10s']",0.0,5.281358003616333,0.0,"{""amp"": ""0"", ""aq-mode"": ""1"", ""aq-strength"": ""1.8"", ""b-adapt"": ""2"", ""bframes"": ""6"", ""crf"": ""32.0"", ""ctu"": ""32"", ""keyint"": ""208"", ""limit-refs"": ""3"", ""limit-tu"": ""0"", ""me"": ""hex"", ""merange"": ""57"", ""open-gop"": ""1"", ""psy-rd"": ""3.0"", ""psy-rdoq"": ""4.5"", ""qcomp"": ""0.9"", ""qpmax"": ""33"", ""qpmin"": ""10"", ""rc-lookahead"": ""58"", ""rd"": ""1"", ""rdoq-level"": ""2"", ""rect"": ""0"", ""ref"": ""1"", ""rskip"": ""1"", ""sao"": ""0"", ""scenecut"": ""22"", ""subme"": ""3"", ""tu-inter-depth"": ""3"", ""tu-intra-depth"": ""3"", ""weightb"": ""0"", ""weightp"": ""0"", ""wpp"": ""0""}"
x265,hebo,7301,plain,false,114,18.98,12.73,18.98,13.067203760147095,"['Standard', '320p', 30, '10s']",0.0,13.067108869552612,0.0,"{""amp"": ""1"", ""aq-mode"": ""2"", ""aq-strength"": ""1.0"", ""b-adapt"": ""1"", ""bframes"": ""7"", ""crf"": ""30.0"", ""ctu"": ""16"", ""keyint"": ""351"", ""limit-refs"": ""2"", ""limit-tu"": ""2"", ""me"": ""full"", ""merange"": ""33"", ""open-gop"": ""1"", ""psy-rd"": ""0.5"", ""psy-rdoq"": ""1.5"", ""qcomp"": ""0.75"", ""qpmax"": ""34"", ""qpmin"": ""19"", ""rc-lookahead"": ""41"", ""rd"": ""3"", ""rdoq-level"": ""1"", ""rect"": ""1"", ""ref"": ""5"", ""rskip"": ""0"", ""sao"": ""1"", ""scenecut"": ""88"", ""subme"": ""4"", ""tu-inter-depth"": ""3"", ""tu-intra-depth"": ""1"", ""weightb"": ""0"", ""weightp"": ""1"", ""wpp"": ""1""}"
x265,hebo,7301,plain,false,115,5.85,28.08,5.85,28.40936017036438,"['Standard', '320p', 30, '10s']",0.0,28.409209728240967,0.0,"{""amp"": ""1"", ""aq-mode"": ""3"", ""aq-strength"": ""1.2"", ""b-adapt"": ""2"", ""bframes"": ""3"", ""crf"": ""25.0"", ""ctu"": ""64"", ""keyint"": ""145"", ""limit-refs"": ""0"", ""limit-tu"": ""2"", ""me"": ""dia"", ""merange"": ""36"", ""open-gop"": ""1"", ""psy-rd"": ""2.0"", ""psy-rdoq"": ""0.5"", ""qcomp"": ""0.6"", ""qpmax"": ""33"", ""qpmin"": ""2"", ""rc-lookahead"": ""20"", ""rd"": ""5"", ""rdoq-level"": ""2"", ""rect"": ""0"", ""ref"": ""4"", ""rskip"": ""0"", ""sao"": ""1"", ""scenecut"": ""9"", ""subme"": ""2"", ""tu-inter-depth"": ""4"", ""tu-intra-depth"": ""1"", ""weightb"": ""1"", ""weightp"": ""0"", ""wpp"": ""1""}"
x265,hebo,7301,plain,false,116,48.58,5.73,48.58,6.061776876449585,"['Standard', '320p', 30, '10s']",0.0,6.061672925949097,0.0,"{""amp"": ""0"", ""aq-mode"": ""1"", ""aq-strength"": ""2.0"", ""b-adapt"": ""0"", ""bframes"": ""2"", ""crf"": ""28.0"", ""ctu"": ""32"", ""keyint"": ""277"", ""limit-refs"": ""1"", ""limit-tu"": ""4"", ""me"": ""umh"", ""merange"": ""40"", ""open-gop"": ""0"", ""psy-rd"": ""4.0"", ""psy-rdoq"": ""2.0"", ""qcomp"": ""1.0"", ""qpmax"": ""35"", ""qpmin"": ""12"", ""rc-lookahead"": ""38"", ""rd"": ""4"", ""rdoq-level"": ""1"", ""rect"": ""1"", ""ref"": ""2"", ""rskip"": ""0"", ""sao"": ""0"", ""scenecut"": ""86"", ""subme"": ""2"", ""tu-inter-depth"": ""1"", ""tu-intra-depth"": ""2"", ""weightb"": ""1"", ""weightp"": ""0"", ""wpp"": ""0""}"
x265,hebo,7301,plain,false,117,35.74,7.51,35.74,7.834048271179199,"['Standard', '320p', 30, '10s']",0.0,7.833944082260132,0.0,"{""amp"": ""0"", ""aq-mode"": ""3"", ""aq-strength"": ""0.0"", ""b-adapt"": ""2"", ""bframes"": ""3"", ""crf"": ""32.0"", ""ctu"": ""32"", ""keyint"": ""348"", ""limit-refs"": ""0"", ""limit-tu"": ""0"", ""me"": ""hex"", ""merange"": ""52"", ""open-gop"": ""0"", ""psy-rd"": ""0.5"", ""psy-rdoq"": ""3.5"", ""qcomp"": ""1.0"", ""qpmax"": ""46"", ""qpmin"": ""6"", ""rc-lookahead"": ""10"", ""rd"": ""2"", ""rdoq-level"": ""1"", ""rect"": ""0"", ""ref"": ""1"", ""rskip"": ""0"", ""sao"": ""0"", ""scenecut"": ""23"", ""subme"": ""2"", ""tu-inter-depth"": ""3"", ""tu-intra-depth"": ""2"", ""weightb"": ""1"", ""weightp"": ""0"", ""wpp"": ""1""}"
x265,hebo,7301,plain,false,118,-0.14,62.59,-0.14,62.99485945701599,"['Standard', '320p', 30, '10s']",0.0,62.99470019340515,0.0,"{""amp"": ""1"", ""aq-mode"": ""0"", ""aq-strength"": ""1.2"", ""b-adapt"": ""0"", ""bframes"": ""1"", ""crf"": ""20.0"", ""ctu"": ""16"", ""keyint"": ""453"", ""limit-refs"": ""3"", ""limit-tu"": ""3"", ""me"": ""full"", ""merange"": ""48"", ""open-gop"": ""1"", ""psy-rd"": ""2.0"", ""psy-rdoq"": ""4.0"", ""qcomp"": ""0.6"", ""qpmax"": ""49"", ""qpmin"": ""12"", ""rc-lookahead"": ""52"", ""rd"": ""3"", ""rdoq-level"": ""2"", ""rect"": ""1"", ""ref"": ""2"", ""rskip"": ""1"", ""sao"": ""0"", ""scenecut"": ""94"", ""subme"": ""5"", ""tu-inter-depth"": ""3"", ""tu-intra-depth"": ""3"", ""weightb"": ""1"", ""weightp"": ""0"", ""wpp"": ""0""}"
x265,hebo,7301,plain,false,119,29.78,8.79,29.78,9.128288745880127,"['Standard', '320p', 30, '10s']",0.0,9.128190755844116,0.0,"{""amp"": ""1"", ""aq-mode"": ""1"", ""aq-strength"": ""0.5"", ""b-adapt"": ""1"", ""bframes"": ""0"", ""crf"": ""32.0"", ""ctu"": ""16"", ""keyint"": ""352"", ""limit-refs"": ""3"", ""limit-tu"": ""0"", ""me"": ""hex"", ""merange"": ""52"", ""open-gop"": ""0"", ""psy-rd"": ""3.0"", ""psy-rdoq"": ""4.5"", ""qcomp"": ""1.0"", ""qpmax"": ""21"", ""qpmin"": ""5"", ""rc-lookahead"": ""12"", ""rd"": ""4"", ""rdoq-level"": ""0"", ""rect"": ""0"", ""ref"": ""4"", ""rskip"": ""1"", ""sao"": ""0"", ""scenecut"": ""65"", ""subme"": ""5"", ""tu-inter-depth"": ""3"", ""tu-intra-depth"": ""2"", ""weightb"": ""0"", ""weightp"": ""1"", ""wpp"": ""1""}"
x265,hebo,7301,plain,false,120,123.96,2.41,123.96,2.733044385910034,"['Standard', '320p', 30, '10s']",0.0,2.7329444885253906,0.0,"{""amp"": ""1"", ""aq-mode"": ""3"", ""aq-strength"": ""0.5"", ""b-adapt"": ""2"", ""bframes"": ""0"", ""crf"": ""32.0"", ""ctu"": ""64"", ""keyint"": ""301"", ""limit-refs"": ""0"", ""limit-tu"": ""1"", ""me"": ""dia"", ""merange"": ""41"", ""open-gop"": ""1"", ""psy-rd"": ""0.0"", ""psy-rdoq"": ""4.0"", ""qcomp"": ""0.7"", ""qpmax"": ""37"", ""qpmin"": ""6"", ""rc-lookahead"": ""10"", ""rd"": ""1"", ""rdoq-level"": ""1"", ""rect"": ""1"", ""ref"": ""1"", ""rskip"": ""1"", ""sao"": ""0"", ""scenecut"": ""86"", ""subme"": ""5"", ""tu-inter-depth"": ""2"", ""tu-intra-depth"": ""1"", ""weightb"": ""0"", ""weightp"": ""0"", ""wpp"": ""0""}"
x265,hebo,7301,plain,false,121,8.31,22.9,8.31,23.236119508743286,"['Standard', '320p', 30, '10s']",0.0,23.236019611358643,0.0,"{""amp"": ""0"", ""aq-mode"": ""0"", ""aq-strength"": ""2.0"", ""b-adapt"": ""2"", ""bframes"": ""3"", ""crf"": ""22.0"", ""ctu"": ""16"", ""keyint"": ""145"", ""limit-refs"": ""1"", ""limit-tu"": ""1"", ""me"": ""hex"", ""merange"": ""34"", ""open-gop"": ""0"", ""psy-rd"": ""0.0"", ""psy-rdoq"": ""2.0"", ""qcomp"": ""0.5"", ""qpmax"": ""34"", ""qpmin"": ""20"", ""rc-lookahead"": ""26"", ""rd"": ""5"", ""rdoq-level"": ""2"", ""rect"": ""1"", ""ref"": ""4"", ""rskip"": ""0"", ""sao"": ""0"", ""scenecut"": ""93"", ""subme"": ""1"", ""tu-inter-depth"": ""3"", ""tu-intra-depth"": ""3"", ""weightb"": ""1"", ""weightp"": ""0"", ""wpp"": ""1""}"
x265,hebo,7301,plain,false,122,-0.75,71.51,-0.75,72.02672171592712,"['Standard', '320p', 30, '10s']",0.0,72.02659797668457,0.0,"{""amp"": ""1"", ""aq-mode"": ""1"", ""aq-strength"": ""0.8"", ""b-adapt"": ""1"", ""bframes"": ""2"", ""crf"": ""20.0"", ""ctu"": ""64"", ""keyint"": ""335"", ""limit-refs"": ""2"", ""limit-tu"": ""0"", ""me"": ""umh"", ""merange"": ""55"", ""open-gop"": ""0"", ""psy-rd"": ""3.0"", ""psy-rdoq"": ""4.5"", ""qcomp"": ""1.0"", ""qpmax"": ""40"", ""qpmin"": ""10"", ""rc-lookahead"": ""20"", ""rd"": ""5"", ""rdoq-level"": ""2"", ""rect"": ""1"", ""ref"": ""1"", ""rskip"": ""0"", ""sao"": ""1"", ""scenecut"": ""43"", ""subme"": ""3"", ""tu-inter-depth"": ""3"", ""tu-intra-depth"": ""1"", ""weightb"": ""1"", ""weightp"": ""0"", ""wpp"": ""0""}"
x265,hebo,7301,plain,false,123,19.83,12.3,19.83,12.624154090881348,"['Standard', '320p', 30, '10s']",0.0,12.624058246612549,0.0,"{""amp"": ""1"", ""aq-mode"": ""4"", ""aq-strength"": ""1.8"", ""b-adapt"": ""1"", ""bframes"": ""6"", ""crf"": ""20.0"", ""ctu"": ""32"", ""keyint"": ""413"", ""limit-refs"": ""2"", ""limit-tu"": ""3"", ""me"": ""full"", ""merange"": ""43"", ""open-gop"": ""0"", ""psy-rd"": ""3.5"", ""psy-rdoq"": ""2.5"", ""qcomp"": ""0.75"", ""qpmax"": ""51"", ""qpmin"": ""2"", ""rc-lookahead"": ""56"", ""rd"": ""1"", ""rdoq-level"": ""0"", ""rect"": ""1"", ""ref"": ""2"", ""rskip"": ""1"", ""sao"": ""0"", ""scenecut"": ""47"", ""subme"": ""4"", ""tu-inter-depth"": ""3"", ""tu-intra-depth"": ""2"", ""weightb"": ""0"", ""weightp"": ""1"", ""wpp"": ""0""}"
x265,hebo,7301,plain,false,124,14.23,15.87,14.23,16.205243825912476,"['Standard', '320p', 30, '10s']",0.0,16.205116748809814,0.0,"{""amp"": ""1"", ""aq-mode"": ""4"", ""aq-strength"": ""1.5"", ""b-adapt"": ""2"", ""bframes"": ""7"", ""crf"": ""32.0"", ""ctu"": ""64"", ""keyint"": ""294"", ""limit-refs"": ""1"", ""limit-tu"": ""4"", ""me"": ""dia"", ""merange"": ""60"", ""open-gop"": ""1"", ""psy-rd"": ""2.0"", ""psy-rdoq"": ""3.5"", ""qcomp"": ""0.6"", ""qpmax"": ""29"", ""qpmin"": ""15"", ""rc-lookahead"": ""59"", ""rd"": ""6"", ""rdoq-level"": ""0"", ""rect"": ""1"", ""ref"": ""3"", ""rskip"": ""1"", ""sao"": ""0"", ""scenecut"": ""72"", ""subme"": ""2"", ""tu-inter-depth"": ""1"", ""tu-intra-depth"": ""4"", ""weightb"": ""1"", ""weightp"": ""1"", ""wpp"": ""1""}"
x265,hebo,7301,plain,false,125,59.18,4.79,59.18,5.130152463912964,"['Standard', '320p', 30, '10s']",0.0,5.13004207611084,0.0,"{""amp"": ""1"", ""aq-mode"": ""3"", ""aq-strength"": ""0.8"", ""b-adapt"": ""2"", ""bframes"": ""5"", ""crf"": ""32.0"", ""ctu"": ""16"", ""keyint"": ""339"", ""limit-refs"": ""1"", ""limit-tu"": ""3"", ""me"": ""hex"", ""merange"": ""59"", ""open-gop"": ""1"", ""psy-rd"": ""4.0"", ""psy-rdoq"": ""5.0"", ""qcomp"": ""0.8"", ""qpmax"": ""26"", ""qpmin"": ""12"", ""rc-lookahead"": ""20"", ""rd"": ""2"", ""rdoq-level"": ""0"", ""rect"": ""0"", ""ref"": ""6"", ""rskip"": ""1"", ""sao"": ""1"", ""scenecut"": ""4"", ""subme"": ""5"", ""tu-inter-depth"": ""3"", ""tu-intra-depth"": ""3"", ""weightb"": ""1"", ""weightp"": ""1"", ""wpp"": ""0""}"
x265,hebo,7301,plain,false,126,20.93,11.78,20.93,12.116860628128052,"['Standard', '320p', 30, '10s']",0.0,12.116760492324829,0.0,"{""amp"": ""0"", ""aq-mode"": ""1"", ""aq-strength"": ""1.2"", ""b-adapt"": ""1"", ""bframes"": ""8"", ""crf"": ""18.0"", ""ctu"": ""64"", ""keyint"": ""298"", ""limit-refs"": ""2"", ""limit-tu"": ""0"", ""me"": ""full"", ""merange"": ""18"", ""open-gop"": ""0"", ""psy-rd"": ""4.0"", ""psy-rdoq"": ""0.5"", ""qcomp"": ""0.6"", ""qpmax"": ""47"", ""qpmin"": ""10"", ""rc-lookahead"": ""30"", ""rd"": ""1"", ""rdoq-level"": ""1"", ""rect"": ""1"", ""ref"": ""4"", ""rskip"": ""1"", ""sao"": ""0"", ""scenecut"": ""36"", ""subme"": ""1"", ""tu-inter-depth"": ""2"", ""tu-intra-depth"": ""1"", ""weightb"": ""0"", ""weightp"": ""0"", ""wpp"": ""0""}"
x265,hebo,7301,plain,false,127,3.55,35.6,3.55,35.9540638923645,"['Standard', '320p', 30, '10s']",0.0,35.95396280288696,0.0,"{""amp"": ""1"", ""aq-mode"": ""0"", ""aq-strength"": ""0.8"", ""b-adapt"": ""0"", ""bframes"": ""3"", ""crf"": ""30.0"", ""ctu"": ""32"", ""keyint"": ""492"", ""limit-refs"": ""0"", ""limit-tu"": ""3"", ""me"": ""dia"", ""merange"": ""53"", ""open-gop"": ""0"", ""psy-rd"": ""0.0"", ""psy-rdoq"": ""3.5"", ""qcomp"": ""0.9"", ""qpmax"": ""21"", ""qpmin"": ""10"", ""rc-lookahead"": ""54"", ""rd"": ""6"", ""rdoq-level"": ""0"", ""rect"": ""1"", ""ref"": ""2"", ""rskip"": ""0"", ""sao"": ""1"", ""scenecut"": ""1"", ""subme"": ""3"", ""tu-inter-depth"": ""2"", ""tu-intra-depth"": ""3"", ""weightb"": ""0"", ""weightp"": ""1"", ""wpp"": ""1""}"
x265,hebo,7301,plain,false,128,4.32,32.66,4.32,32.981982469558716,"['Standard', '320p', 30, '10s']",0.0,32.98188138008118,0.0,"{""amp"": ""0"", ""aq-mode"": ""1"", ""aq-strength"": ""1.8"", ""b-adapt"": ""0"", ""bframes"": ""1"", ""crf"": ""32.0"", ""ctu"": ""16"", ""keyint"": ""286"", ""limit-refs"": ""0"", ""limit-tu"": ""1"", ""me"": ""full"", ""merange"": ""25"", ""open-gop"": ""0"", ""psy-rd"": ""1.0"", ""psy-rdoq"": ""1.0"", ""qcomp"": ""0.7"", ""qpmax"": ""41"", ""qpmin"": ""4"", ""rc-lookahead"": ""57"", ""rd"": ""5"", ""rdoq-level"": ""0"", ""rect"": ""1"", ""ref"": ""3"", ""rskip"": ""0"", ""sao"": ""1"", ""scenecut"": ""5"", ""subme"": ""1"", ""tu-inter-depth"": ""3"", ""tu-intra-depth"": ""1"", ""weightb"": ""0"", ""weightp"": ""0"", ""wpp"": ""0""}"
x265,hebo,7301,plain,false,129,47.52,5.84,47.52,6.182096242904663,"['Standard', '320p', 30, '10s']",0.0,6.181995153427124,0.0,"{""amp"": ""1"", ""aq-mode"": ""1"", ""aq-strength"": ""1.8"", ""b-adapt"": ""0"", ""bframes"": ""5"", ""crf"": ""28.0"", ""ctu"": ""16"", ""keyint"": ""124"", ""limit-refs"": ""2"", ""limit-tu"": ""0"", ""me"": ""dia"", ""merange"": ""64"", ""open-gop"": ""0"", ""psy-rd"": ""3.5"", ""psy-rdoq"": ""3.0"", ""qcomp"": ""0.6"", ""qpmax"": ""30"", ""qpmin"": ""16"", ""rc-lookahead"": ""58"", ""rd"": ""4"", ""rdoq-level"": ""0"", ""rect"": ""1"", ""ref"": ""2"", ""rskip"": ""0"", ""sao"": ""1"", ""scenecut"": ""49"", ""subme"": ""1"", ""tu-inter-depth"": ""1"", ""tu-intra-depth"": ""2"", ""weightb"": ""0"", ""weightp"": ""1"", ""wpp"": ""0""}"
x265,hebo,7301,plain,false,130,12.16,17.76,12.16,18.087711811065674,"['Standard', '320p', 30, '10s']",0.0,18.087613582611084,0.0,"{""amp"": ""1"", ""aq-mode"": ""1"", ""aq-strength"": ""0.5"", ""b-adapt"": ""1"", ""bframes"": ""2"", ""crf"": ""18.0"", ""ctu"": ""16"", ""keyint"": ""456"", ""limit-refs"": ""0"", ""limit-tu"": ""4"", ""me"": ""dia"", ""merange"": ""53"", ""open-gop"": ""0"", ""psy-rd"": ""2.5"", ""psy-rdoq"": ""1.5"", ""qcomp"": ""0.75"", ""qpmax"": ""40"", ""qpmin"": ""18"", ""rc-lookahead"": ""52"", ""rd"": ""4"", ""rdoq-level"": ""1"", ""rect"": ""1"", ""ref"": ""5"", ""rskip"": ""0"", ""sao"": ""1"", ""scenecut"": ""94"", ""subme"": ""3"", ""tu-inter-depth"": ""2"", ""tu-intra-depth"": ""3"", ""weightb"": ""1"", ""weightp"": ""1"", ""wpp"": ""1""}"
x265,hebo,7301,plain,false,131,75.73,3.82,75.73,4.156338691711426,"['Standard', '320p', 30, '10s']",0.0,4.156237840652466,0.0,"{""amp"": ""1"", ""aq-mode"": ""0"", ""aq-strength"": ""0.8"", ""b-adapt"": ""0"", ""bframes"": ""3"", ""crf"": ""25.0"", ""ctu"": ""32"", ""keyint"": ""208"", ""limit-refs"": ""1"", ""limit-tu"": ""2"", ""me"": ""hex"", ""merange"": ""28"", ""open-gop"": ""1"", ""psy-rd"": ""2.5"", ""psy-rdoq"": ""3.0"", ""qcomp"": ""0.8"", ""qpmax"": ""51"", ""qpmin"": ""8"", ""rc-lookahead"": ""24"", ""rd"": ""2"", ""rdoq-level"": ""0"", ""rect"": ""0"", ""ref"": ""2"", ""rskip"": ""0"", ""sao"": ""0"", ""scenecut"": ""26"", ""subme"": ""3"", ""tu-inter-depth"": ""3"", ""tu-intra-depth"": ""1"", ""weightb"": ""0"", ""weightp"": ""0"", ""wpp"": ""0""}"
x265,hebo,7301,plain,false,132,19.96,12.23,19.96,12.557138442993164,"['Standard', '320p', 30, '10s']",0.0,12.557043552398682,0.0,"{""amp"": ""1"", ""aq-mode"": ""2"", ""aq-strength"": ""0.0"", ""b-adapt"": ""0"", ""bframes"": ""2"", ""crf"": ""30.0"", ""ctu"": ""16"", ""keyint"": ""268"", ""limit-refs"": ""2"", ""limit-tu"": ""1"", ""me"": ""star"", ""merange"": ""55"", ""open-gop"": ""0"", ""psy-rd"": ""3.5"", ""psy-rdoq"": ""4.0"", ""qcomp"": ""0.6"", ""qpmax"": ""43"", ""qpmin"": ""13"", ""rc-lookahead"": ""45"", ""rd"": ""5"", ""rdoq-level"": ""2"", ""rect"": ""0"", ""ref"": ""3"", ""rskip"": ""0"", ""sao"": ""1"", ""scenecut"": ""96"", ""subme"": ""1"", ""tu-inter-depth"": ""2"", ""tu-intra-depth"": ""3"", ""weightb"": ""1"", ""weightp"": ""0"", ""wpp"": ""0""}"
x265,hebo,7301,plain,false,133,18.46,13.01,18.46,13.343103647232056,"['Standard', '320p', 30, '10s']",0.0,13.3430016040802,0.0,"{""amp"": ""1"", ""aq-mode"": ""4"", ""aq-strength"": ""2.0"", ""b-adapt"": ""1"", ""bframes"": ""4"", ""crf"": ""28.0"", ""ctu"": ""32"", ""keyint"": ""82"", ""limit-refs"": ""0"", ""limit-tu"": ""0"", ""me"": ""full"", ""merange"": ""37"", ""open-gop"": ""1"", ""psy-rd"": ""0.0"", ""psy-rdoq"": ""2.0"", ""qcomp"": ""0.75"", ""qpmax"": ""43"", ""qpmin"": ""15"", ""rc-lookahead"": ""47"", ""rd"": ""1"", ""rdoq-level"": ""2"", ""rect"": ""0"", ""ref"": ""6"", ""rskip"": ""0"", ""sao"": ""0"", ""scenecut"": ""2"", ""subme"": ""1"", ""tu-inter-depth"": ""3"", ""tu-intra-depth"": ""1"", ""weightb"": ""1"", ""weightp"": ""0"", ""wpp"": ""0""}"
x265,hebo,7301,plain,false,134,18.16,13.18,18.16,13.510563135147095,"['Standard', '320p', 30, '10s']",0.0,13.510464191436768,0.0,"{""amp"": ""1"", ""aq-mode"": ""3"", ""aq-strength"": ""1.8"", ""b-adapt"": ""1"", ""bframes"": ""0"", ""crf"": ""32.0"", ""ctu"": ""64"", ""keyint"": ""151"", ""limit-refs"": ""3"", ""limit-tu"": ""1"", ""me"": ""full"", ""merange"": ""38"", ""open-gop"": ""0"", ""psy-rd"": ""2.0"", ""psy-rdoq"": ""0.0"", ""qcomp"": ""0.75"", ""qpmax"": ""35"", ""qpmin"": ""7"", ""rc-lookahead"": ""27"", ""rd"": ""4"", ""rdoq-level"": ""2"", ""rect"": ""0"", ""ref"": ""6"", ""rskip"": ""1"", ""sao"": ""0"", ""scenecut"": ""29"", ""subme"": ""2"", ""tu-inter-depth"": ""2"", ""tu-intra-depth"": ""2"", ""weightb"": ""0"", ""weightp"": ""0"", ""wpp"": ""1""}"
x265,hebo,7301,plain,false,135,47.93,5.8,47.93,6.137945652008057,"['Standard', '320p', 30, '10s']",0.0,6.137850046157837,0.0,"{""amp"": ""0"", ""aq-mode"": ""1"", ""aq-strength"": ""0.8"", ""b-adapt"": ""0"", ""bframes"": ""1"", ""crf"": ""28.0"", ""ctu"": ""32"", ""keyint"": ""331"", ""limit-refs"": ""2"", ""limit-tu"": ""3"", ""me"": ""dia"", ""merange"": ""27"", ""open-gop"": ""1"", ""psy-rd"": ""3.0"", ""psy-rdoq"": ""2.5"", ""qcomp"": ""0.5"", ""qpmax"": ""23"", ""qpmin"": ""20"", ""rc-lookahead"": ""56"", ""rd"": ""1"", ""rdoq-level"": ""1"", ""rect"": ""0"", ""ref"": ""2"", ""rskip"": ""1"", ""sao"": ""0"", ""scenecut"": ""20"", ""subme"": ""5"", ""tu-inter-depth"": ""2"", ""tu-intra-depth"": ""1"", ""weightb"": ""1"", ""weightp"": ""1"", ""wpp"": ""1""}"
x265,hebo,7301,plain,false,136,47.46,5.85,47.46,6.208935976028442,"['Standard', '320p', 30, '10s']",0.0,6.2088353633880615,0.0,"{""amp"": ""0"", ""aq-mode"": ""1"", ""aq-strength"": ""2.0"", ""b-adapt"": ""0"", ""bframes"": ""2"", ""crf"": ""25.0"", ""ctu"": ""32"", ""keyint"": ""217"", ""limit-refs"": ""1"", ""limit-tu"": ""4"", ""me"": ""dia"", ""merange"": ""43"", ""open-gop"": ""0"", ""psy-rd"": ""0.0"", ""psy-rdoq"": ""5.0"", ""qcomp"": ""1.0"", ""qpmax"": ""31"", ""qpmin"": ""5"", ""rc-lookahead"": ""30"", ""rd"": ""4"", ""rdoq-level"": ""1"", ""rect"": ""1"", ""ref"": ""6"", ""rskip"": ""1"", ""sao"": ""1"", ""scenecut"": ""70"", ""subme"": ""5"", ""tu-inter-depth"": ""2"", ""tu-intra-depth"": ""3"", ""weightb"": ""0"", ""weightp"": ""0"", ""wpp"": ""1""}"
x265,hebo,7301,plain,false,137,6.55,26.36,6.55,26.691070318222046,"['Standard', '320p', 30, '10s']",0.0,26.69097399711609,0.0,"{""amp"": ""0"", ""aq-mode"": ""4"", ""aq-strength"": ""1.8"", ""b-adapt"": ""2"", ""bframes"": ""0"", ""crf"": ""20.0"", ""ctu"": ""16"", ""keyint"": ""249"", ""limit-refs"": ""3"", ""limit-tu"": ""0"", ""me"": ""hex"", ""merange"": ""25"", ""open-gop"": ""1"", ""psy-rd"": ""0.0"", ""psy-rdoq"": ""1.5"", ""qcomp"": ""0.7"", ""qpmax"": ""30"", ""qpmin"": ""8"", ""rc-lookahead"": ""55"", ""rd"": ""6"", ""rdoq-level"": ""1"", ""rect"": ""1"", ""ref"": ""4"", ""rskip"": ""1"", ""sao"": ""1"", ""scenecut"": ""51"", ""subme"": ""2"", ""tu-inter-depth"": ""3"", ""tu-intra-depth"": ""2"", ""weightb"": ""0"", ""weightp"": ""1"", ""wpp"": ""1""}"
x265,hebo,7301,plain,false,138,109.21,2.72,109.21,3.061142921447754,"['Standard', '320p', 30, '10s']",0.0,3.061048746109009,0.0,"{""amp"": ""0"", ""aq-mode"": ""0"", ""aq-strength"": ""0.8"", ""b-adapt"": ""0"", ""bframes"": ""4"", ""crf"": ""32.0"", ""ctu"": ""64"", ""keyint"": ""54"", ""limit-refs"": ""1"", ""limit-tu"": ""4"", ""me"": ""hex"", ""merange"": ""52"", ""open-gop"": ""1"", ""psy-rd"": ""1.0"", ""psy-rdoq"": ""0.0"", ""qcomp"": ""0.75"", ""qpmax"": ""46"", ""qpmin"": ""5"", ""rc-lookahead"": ""20"", ""rd"": ""2"", ""rdoq-level"": ""1"", ""rect"": ""1"", ""ref"": ""2"", ""rskip"": ""1"", ""sao"": ""0"", ""scenecut"": ""77"", ""subme"": ""3"", ""tu-inter-depth"": ""3"", ""tu-intra-depth"": ""4"", ""weightb"": ""0"", ""weightp"": ""0"", ""wpp"": ""1""}"
x265,hebo,7301,plain,false,139,54.96,5.12,54.96,5.455203533172607,"['Standard', '320p', 30, '10s']",0.0,5.4551100730896,0.0,"{""amp"": ""1"", ""aq-mode"": ""2"", ""aq-strength"": ""0.5"", ""b-adapt"": ""1"", ""bframes"": ""5"", ""crf"": ""28.0"", ""ctu"": ""64"", ""keyint"": ""242"", ""limit-refs"": ""2"", ""limit-tu"": ""2"", ""me"": ""dia"", ""merange"": ""52"", ""open-gop"": ""0"", ""psy-rd"": ""1.5"", ""psy-rdoq"": ""4.0"", ""qcomp"": ""0.7"", ""qpmax"": ""39"", ""qpmin"": ""4"", ""rc-lookahead"": ""14"", ""rd"": ""4"", ""rdoq-level"": ""1"", ""rect"": ""1"", ""ref"": ""6"", ""rskip"": ""1"", ""sao"": ""0"", ""scenecut"": ""23"", ""subme"": ""1"", ""tu-inter-depth"": ""2"", ""tu-intra-depth"": ""4"", ""weightb"": ""0"", ""weightp"": ""1"", ""wpp"": ""0""}"
x265,hebo,7301,plain,false,140,4.95,30.6,4.95,30.935890674591064,"['Standard', '320p', 30, '10s']",0.0,30.93578290939331,0.0,"{""amp"": ""0"", ""aq-mode"": ""1"", ""aq-strength"": ""1.0"", ""b-adapt"": ""1"", ""bframes"": ""8"", ""crf"": ""25.0"", ""ctu"": ""64"", ""keyint"": ""358"", ""limit-refs"": ""0"", ""limit-tu"": ""3"", ""me"": ""full"", ""merange"": ""16"", ""open-gop"": ""0"", ""psy-rd"": ""1.0"", ""psy-rdoq"": ""2.5"", ""qcomp"": ""0.8"", ""qpmax"": ""34"", ""qpmin"": ""18"", ""rc-lookahead"": ""57"", ""rd"": ""6"", ""rdoq-level"": ""2"", ""rect"": ""1"", ""ref"": ""1"", ""rskip"": ""1"", ""sao"": ""1"", ""scenecut"": ""66"", ""subme"": ""4"", ""tu-inter-depth"": ""1"", ""tu-intra-depth"": ""4"", ""weightb"": ""0"", ""weightp"": ""1"", ""wpp"": ""0""}"
x265,hebo,7301,plain,false,141,21.79,11.4,21.79,11.73033881187439,"['Standard', '320p', 30, '10s']",0.0,11.730242013931274,0.0,"{""amp"": ""1"", ""aq-mode"": ""2"", ""aq-strength"": ""0.0"", ""b-adapt"": ""1"", ""bframes"": ""4"", ""crf"": ""28.0"", ""ctu"": ""64"", ""keyint"": ""300"", ""limit-refs"": ""0"", ""limit-tu"": ""3"", ""me"": ""full"", ""merange"": ""48"", ""open-gop"": ""0"", ""psy-rd"": ""2.5"", ""psy-rdoq"": ""4.0"", ""qcomp"": ""0.9"", ""qpmax"": ""43"", ""qpmin"": ""7"", ""rc-lookahead"": ""48"", ""rd"": ""4"", ""rdoq-level"": ""1"", ""rect"": ""0"", ""ref"": ""1"", ""rskip"": ""1"", ""sao"": ""0"", ""scenecut"": ""21"", ""subme"": ""3"", ""tu-inter-depth"": ""3"", ""tu-intra-depth"": ""2"", ""weightb"": ""1"", ""weightp"": ""1"", ""wpp"": ""0""}"
x265,hebo,7301,plain,false,142,45.31,6.09,45.31,6.429941177368164,"['Standard', '320p', 30, '10s']",0.0,6.429846286773682,0.0,"{""amp"": ""0"", ""aq-mode"": ""2"", ""aq-strength"": ""1.8"", ""b-adapt"": ""0"", ""bframes"": ""0"", ""crf"": ""20.0"", ""ctu"": ""16"", ""keyint"": ""132"", ""limit-refs"": ""1"", ""limit-tu"": ""3"", ""me"": ""hex"", ""merange"": ""32"", ""open-gop"": ""1"", ""psy-rd"": ""2.5"", ""psy-rdoq"": ""1.5"", ""qcomp"": ""0.5"", ""qpmax"": ""35"", ""qpmin"": ""5"", ""rc-lookahead"": ""45"", ""rd"": ""2"", ""rdoq-level"": ""2"", ""rect"": ""0"", ""ref"": ""4"", ""rskip"": ""1"", ""sao"": ""0"", ""scenecut"": ""34"", ""subme"": ""4"", ""tu-inter-depth"": ""2"", ""tu-intra-depth"": ""3"", ""weightb"": ""0"", ""weightp"": ""0"", ""wpp"": ""1""}"
x265,hebo,7301,plain,false,143,27.74,9.38,27.74,9.874296426773071,"['Standard', '320p', 30, '10s']",0.0,9.874183177947998,0.0,"{""amp"": ""1"", ""aq-mode"": ""3"", ""aq-strength"": ""0.5"", ""b-adapt"": ""2"", ""bframes"": ""1"", ""crf"": ""32.0"", ""ctu"": ""16"", ""keyint"": ""329"", ""limit-refs"": ""0"", ""limit-tu"": ""0"", ""me"": ""umh"", ""merange"": ""44"", ""open-gop"": ""1"", ""psy-rd"": ""3.0"", ""psy-rdoq"": ""0.5"", ""qcomp"": ""0.8"", ""qpmax"": ""36"", ""qpmin"": ""17"", ""rc-lookahead"": ""34"", ""rd"": ""4"", ""rdoq-level"": ""1"", ""rect"": ""1"", ""ref"": ""4"", ""rskip"": ""0"", ""sao"": ""1"", ""scenecut"": ""68"", ""subme"": ""5"", ""tu-inter-depth"": ""3"", ""tu-intra-depth"": ""3"", ""weightb"": ""0"", ""weightp"": ""0"", ""wpp"": ""1""}"
x265,hebo,7301,plain,false,144,58.72,4.83,58.72,5.158077239990234,"['Standard', '320p', 30, '10s']",0.0,5.157939434051514,0.0,"{""amp"": ""1"", ""aq-mode"": ""4"", ""aq-strength"": ""1.5"", ""b-adapt"": ""1"", ""bframes"": ""8"", ""crf"": ""30.0"", ""ctu"": ""32"", ""keyint"": ""261"", ""limit-refs"": ""0"", ""limit-tu"": ""2"", ""me"": ""umh"", ""merange"": ""17"", ""open-gop"": ""0"", ""psy-rd"": ""4.0"", ""psy-rdoq"": ""3.0"", ""qcomp"": ""0.6"", ""qpmax"": ""43"", ""qpmin"": ""20"", ""rc-lookahead"": ""36"", ""rd"": ""3"", ""rdoq-level"": ""2"", ""rect"": ""0"", ""ref"": ""4"", ""rskip"": ""1"", ""sao"": ""0"", ""scenecut"": ""16"", ""subme"": ""5"", ""tu-inter-depth"": ""3"", ""tu-intra-depth"": ""2"", ""weightb"": ""1"", ""weightp"": ""0"", ""wpp"": ""0""}"
x265,hebo,7301,plain,false,145,0.87,51.83,0.87,52.16523861885071,"['Standard', '320p', 30, '10s']",0.0,52.16513776779175,0.0,"{""amp"": ""1"", ""aq-mode"": ""2"", ""aq-strength"": ""2.0"", ""b-adapt"": ""1"", ""bframes"": ""8"", ""crf"": ""18.0"", ""ctu"": ""16"", ""keyint"": ""476"", ""limit-refs"": ""2"", ""limit-tu"": ""4"", ""me"": ""full"", ""merange"": ""32"", ""open-gop"": ""1"", ""psy-rd"": ""1.0"", ""psy-rdoq"": ""1.0"", ""qcomp"": ""0.75"", ""qpmax"": ""44"", ""qpmin"": ""13"", ""rc-lookahead"": ""26"", ""rd"": ""4"", ""rdoq-level"": ""1"", ""rect"": ""1"", ""ref"": ""6"", ""rskip"": ""1"", ""sao"": ""1"", ""scenecut"": ""87"", ""subme"": ""4"", ""tu-inter-depth"": ""2"", ""tu-intra-depth"": ""3"", ""weightb"": ""1"", ""weightp"": ""0"", ""wpp"": ""1""}"
x265,hebo,7301,plain,false,146,4.66,31.51,4.66,31.8504056930542,"['Standard', '320p', 30, '10s']",0.0,31.850306034088135,0.0,"{""amp"": ""1"", ""aq-mode"": ""4"", ""aq-strength"": ""1.5"", ""b-adapt"": ""1"", ""bframes"": ""6"", ""crf"": ""20.0"", ""ctu"": ""32"", ""keyint"": ""186"", ""limit-refs"": ""2"", ""limit-tu"": ""0"", ""me"": ""dia"", ""merange"": ""55"", ""open-gop"": ""1"", ""psy-rd"": ""0.0"", ""psy-rdoq"": ""4.0"", ""qcomp"": ""0.8"", ""qpmax"": ""38"", ""qpmin"": ""8"", ""rc-lookahead"": ""19"", ""rd"": ""6"", ""rdoq-level"": ""2"", ""rect"": ""0"", ""ref"": ""6"", ""rskip"": ""0"", ""sao"": ""1"", ""scenecut"": ""43"", ""subme"": ""1"", ""tu-inter-depth"": ""3"", ""tu-intra-depth"": ""1"", ""weightb"": ""0"", ""weightp"": ""1"", ""wpp"": ""0""}"
x265,hebo,7301,plain,false,147,64.27,4.44,64.27,4.7703611850738525,"['Standard', '320p', 30, '10s']",0.0,4.770250558853149,0.0,"{""amp"": ""1"", ""aq-mode"": ""3"", ""aq-strength"": ""0.0"", ""b-adapt"": ""2"", ""bframes"": ""5"", ""crf"": ""25.0"", ""ctu"": ""32"", ""keyint"": ""65"", ""limit-refs"": ""0"", ""limit-tu"": ""3"", ""me"": ""umh"", ""merange"": ""32"", ""open-gop"": ""0"", ""psy-rd"": ""3.5"", ""psy-rdoq"": ""2.0"", ""qcomp"": ""0.9"", ""qpmax"": ""45"", ""qpmin"": ""14"", ""rc-lookahead"": ""40"", ""rd"": ""1"", ""rdoq-level"": ""0"", ""rect"": ""1"", ""ref"": ""1"", ""rskip"": ""0"", ""sao"": ""0"", ""scenecut"": ""45"", ""subme"": ""5"", ""tu-inter-depth"": ""1"", ""tu-intra-depth"": ""1"", ""weightb"": ""1"", ""weightp"": ""0"", ""wpp"": ""1""}"
x265,hebo,7301,plain,false,148,13.40,16.57,13.40,16.892311811447144,"['Standard', '320p', 30, '10s']",0.0,16.89220881462097,0.0,"{""amp"": ""0"", ""aq-mode"": ""0"", ""aq-strength"": ""0.0"", ""b-adapt"": ""0"", ""bframes"": ""6"", ""crf"": ""32.0"", ""ctu"": ""16"", ""keyint"": ""153"", ""limit-refs"": ""1"", ""limit-tu"": ""2"", ""me"": ""full"", ""merange"": ""60"", ""open-gop"": ""1"", ""psy-rd"": ""3.5"", ""psy-rdoq"": ""1.0"", ""qcomp"": ""0.6"", ""qpmax"": ""47"", ""qpmin"": ""10"", ""rc-lookahead"": ""22"", ""rd"": ""4"", ""rdoq-level"": ""0"", ""rect"": ""1"", ""ref"": ""2"", ""rskip"": ""1"", ""sao"": ""1"", ""scenecut"": ""38"", ""subme"": ""3"", ""tu-inter-depth"": ""1"", ""tu-intra-depth"": ""3"", ""weightb"": ""1"", ""weightp"": ""0"", ""wpp"": ""1""}"
x265,hebo,7301,plain,false,149,29.73,8.81,29.73,9.1607027053833,"['Standard', '320p', 30, '10s']",0.0,9.160604476928711,0.0,"{""amp"": ""1"", ""aq-mode"": ""1"", ""aq-strength"": ""1.2"", ""b-adapt"": ""2"", ""bframes"": ""3"", ""crf"": ""20.0"", ""ctu"": ""16"", ""keyint"": ""462"", ""limit-refs"": ""0"", ""limit-tu"": ""4"", ""me"": ""hex"", ""merange"": ""57"", ""open-gop"": ""1"", ""psy-rd"": ""1.0"", ""psy-rdoq"": ""4.0"", ""qcomp"": ""0.9"", ""qpmax"": ""24"", ""qpmin"": ""16"", ""rc-lookahead"": ""43"", ""rd"": ""3"", ""rdoq-level"": ""1"", ""rect"": ""0"", ""ref"": ""3"", ""rskip"": ""0"", ""sao"": ""1"", ""scenecut"": ""33"", ""subme"": ""3"", ""tu-inter-depth"": ""3"", ""tu-intra-depth"": ""1"", ""weightb"": ""1"", ""weightp"": ""1"", ""wpp"": ""0""}"
x265,hebo,7301,plain,false,150,44.24,6.23,44.24,6.575233697891235,"['Standard', '320p', 30, '10s']",0.0,6.575134992599487,0.0,"{""amp"": ""0"", ""aq-mode"": ""1"", ""aq-strength"": ""0.5"", ""b-adapt"": ""2"", ""bframes"": ""6"", ""crf"": ""20.0"", ""ctu"": ""32"", ""keyint"": ""63"", ""limit-refs"": ""0"", ""limit-tu"": ""4"", ""me"": ""star"", ""merange"": ""34"", ""open-gop"": ""1"", ""psy-rd"": ""1.0"", ""psy-rdoq"": ""1.5"", ""qcomp"": ""0.9"", ""qpmax"": ""28"", ""qpmin"": ""4"", ""rc-lookahead"": ""20"", ""rd"": ""1"", ""rdoq-level"": ""0"", ""rect"": ""1"", ""ref"": ""4"", ""rskip"": ""0"", ""sao"": ""0"", ""scenecut"": ""16"", ""subme"": ""3"", ""tu-inter-depth"": ""4"", ""tu-intra-depth"": ""1"", ""weightb"": ""0"", ""weightp"": ""1"", ""wpp"": ""0""}"
x265,hebo,7301,plain,false,151,-2.35,114.81,-2.35,115.14066553115845,"['Standard', '320p', 30, '10s']",0.0,115.14055943489075,0.0,"{""amp"": ""0"", ""aq-mode"": ""2"", ""aq-strength"": ""1.2"", ""b-adapt"": ""0"", ""bframes"": ""2"", ""crf"": ""32.0"", ""ctu"": ""64"", ""keyint"": ""121"", ""limit-refs"": ""2"", ""limit-tu"": ""2"", ""me"": ""full"", ""merange"": ""47"", ""open-gop"": ""0"", ""psy-rd"": ""3.0"", ""psy-rdoq"": ""1.0"", ""qcomp"": ""1.0"", ""qpmax"": ""46"", ""qpmin"": ""19"", ""rc-lookahead"": ""38"", ""rd"": ""6"", ""rdoq-level"": ""2"", ""rect"": ""0"", ""ref"": ""6"", ""rskip"": ""1"", ""sao"": ""0"", ""scenecut"": ""52"", ""subme"": ""5"", ""tu-inter-depth"": ""4"", ""tu-intra-depth"": ""1"", ""weightb"": ""1"", ""weightp"": ""0"", ""wpp"": ""0""}"
x265,hebo,7301,plain,false,152,22.24,11.22,22.24,11.559443712234497,"['Standard', '320p', 30, '10s']",0.0,11.55934762954712,0.0,"{""amp"": ""0"", ""aq-mode"": ""0"", ""aq-strength"": ""0.5"", ""b-adapt"": ""1"", ""bframes"": ""0"", ""crf"": ""18.0"", ""ctu"": ""16"", ""keyint"": ""397"", ""limit-refs"": ""1"", ""limit-tu"": ""0"", ""me"": ""hex"", ""merange"": ""19"", ""open-gop"": ""1"", ""psy-rd"": ""2.5"", ""psy-rdoq"": ""2.0"", ""qcomp"": ""0.75"", ""qpmax"": ""26"", ""qpmin"": ""12"", ""rc-lookahead"": ""41"", ""rd"": ""3"", ""rdoq-level"": ""0"", ""rect"": ""0"", ""ref"": ""6"", ""rskip"": ""0"", ""sao"": ""1"", ""scenecut"": ""76"", ""subme"": ""4"", ""tu-inter-depth"": ""3"", ""tu-intra-depth"": ""1"", ""weightb"": ""0"", ""weightp"": ""1"", ""wpp"": ""0""}"
x265,hebo,7301,plain,false,153,9.11,21.6,9.11,21.94003987312317,"['Standard', '320p', 30, '10s']",0.0,21.939932107925415,0.0,"{""amp"": ""0"", ""aq-mode"": ""3"", ""aq-strength"": ""1.2"", ""b-adapt"": ""0"", ""bframes"": ""0"", ""crf"": ""30.0"", ""ctu"": ""32"", ""keyint"": ""466"", ""limit-refs"": ""1"", ""limit-tu"": ""2"", ""me"": ""star"", ""merange"": ""36"", ""open-gop"": ""0"", ""psy-rd"": ""2.0"", ""psy-rdoq"": ""1.0"", ""qcomp"": ""1.0"", ""qpmax"": ""21"", ""qpmin"": ""8"", ""rc-lookahead"": ""48"", ""rd"": ""4"", ""rdoq-level"": ""1"", ""rect"": ""1"", ""ref"": ""5"", ""rskip"": ""0"", ""sao"": ""0"", ""scenecut"": ""69"", ""subme"": ""4"", ""tu-inter-depth"": ""3"", ""tu-intra-depth"": ""3"", ""weightb"": ""0"", ""weightp"": ""1"", ""wpp"": ""0""}"
x265,hebo,7301,plain,false,154,7.07,25.25,7.07,25.592798471450806,"['Standard', '320p', 30, '10s']",0.0,25.592692852020264,0.0,"{""amp"": ""0"", ""aq-mode"": ""0"", ""aq-strength"": ""0.0"", ""b-adapt"": ""2"", ""bframes"": ""1"", ""crf"": ""25.0"", ""ctu"": ""64"", ""keyint"": ""365"", ""limit-refs"": ""3"", ""limit-tu"": ""3"", ""me"": ""umh"", ""merange"": ""18"", ""open-gop"": ""1"", ""psy-rd"": ""3.5"", ""psy-rdoq"": ""3.0"", ""qcomp"": ""0.9"", ""qpmax"": ""47"", ""qpmin"": ""7"", ""rc-lookahead"": ""28"", ""rd"": ""5"", ""rdoq-level"": ""1"", ""rect"": ""0"", ""ref"": ""4"", ""rskip"": ""0"", ""sao"": ""0"", ""scenecut"": ""46"", ""subme"": ""3"", ""tu-inter-depth"": ""2"", ""tu-intra-depth"": ""4"", ""weightb"": ""1"", ""weightp"": ""0"", ""wpp"": ""1""}"
x265,hebo,7301,plain,false,155,16.74,14.04,16.74,14.373042583465576,"['Standard', '320p', 30, '10s']",0.0,14.372944355010986,0.0,"{""amp"": ""0"", ""aq-mode"": ""3"", ""aq-strength"": ""1.5"", ""b-adapt"": ""1"", ""bframes"": ""6"", ""crf"": ""20.0"", ""ctu"": ""32"", ""keyint"": ""462"", ""limit-refs"": ""3"", ""limit-tu"": ""4"", ""me"": ""star"", ""merange"": ""62"", ""open-gop"": ""1"", ""psy-rd"": ""1.0"", ""psy-rdoq"": ""5.0"", ""qcomp"": ""0.75"", ""qpmax"": ""37"", ""qpmin"": ""14"", ""rc-lookahead"": ""37"", ""rd"": ""3"", ""rdoq-level"": ""2"", ""rect"": ""1"", ""ref"": ""5"", ""rskip"": ""0"", ""sao"": ""1"", ""scenecut"": ""92"", ""subme"": ""5"", ""tu-inter-depth"": ""4"", ""tu-intra-depth"": ""2"", ""weightb"": ""0"", ""weightp"": ""1"", ""wpp"": ""1""}"
x265,hebo,7301,plain,false,156,10.99,19.07,10.99,19.404433012008667,"['Standard', '320p', 30, '10s']",0.0,19.404330492019653,0.0,"{""amp"": ""1"", ""aq-mode"": ""4"", ""aq-strength"": ""1.5"", ""b-adapt"": ""0"", ""bframes"": ""5"", ""crf"": ""25.0"", ""ctu"": ""32"", ""keyint"": ""499"", ""limit-refs"": ""2"", ""limit-tu"": ""4"", ""me"": ""full"", ""merange"": ""20"", ""open-gop"": ""0"", ""psy-rd"": ""2.5"", ""psy-rdoq"": ""1.5"", ""qcomp"": ""1.0"", ""qpmax"": ""20"", ""qpmin"": ""5"", ""rc-lookahead"": ""30"", ""rd"": ""3"", ""rdoq-level"": ""1"", ""rect"": ""0"", ""ref"": ""4"", ""rskip"": ""0"", ""sao"": ""0"", ""scenecut"": ""65"", ""subme"": ""3"", ""tu-inter-depth"": ""2"", ""tu-intra-depth"": ""4"", ""weightb"": ""0"", ""weightp"": ""1"", ""wpp"": ""1""}"
x265,hebo,7301,plain,false,157,94.17,3.13,94.17,3.4740731716156006,"['Standard', '320p', 30, '10s']",0.0,3.473975896835327,0.0,"{""amp"": ""1"", ""aq-mode"": ""1"", ""aq-strength"": ""2.0"", ""b-adapt"": ""2"", ""bframes"": ""3"", ""crf"": ""32.0"", ""ctu"": ""64"", ""keyint"": ""344"", ""limit-refs"": ""3"", ""limit-tu"": ""3"", ""me"": ""hex"", ""merange"": ""31"", ""open-gop"": ""1"", ""psy-rd"": ""4.0"", ""psy-rdoq"": ""5.0"", ""qcomp"": ""1.0"", ""qpmax"": ""50"", ""qpmin"": ""5"", ""rc-lookahead"": ""45"", ""rd"": ""2"", ""rdoq-level"": ""0"", ""rect"": ""1"", ""ref"": ""2"", ""rskip"": ""1"", ""sao"": ""0"", ""scenecut"": ""4"", ""subme"": ""1"", ""tu-inter-depth"": ""2"", ""tu-intra-depth"": ""4"", ""weightb"": ""1"", ""weightp"": ""0"", ""wpp"": ""1""}"
x265,hebo,7301,plain,false,158,-3.88,271.92,-3.88,272.2585859298706,"['Standard', '320p', 30, '10s']",0.0,272.2584614753723,0.0,"{""amp"": ""1"", ""aq-mode"": ""2"", ""aq-strength"": ""1.2"", ""b-adapt"": ""0"", ""bframes"": ""4"", ""crf"": ""20.0"", ""ctu"": ""64"", ""keyint"": ""305"", ""limit-refs"": ""2"", ""limit-tu"": ""3"", ""me"": ""full"", ""merange"": ""57"", ""open-gop"": ""0"", ""psy-rd"": ""1.0"", ""psy-rdoq"": ""2.0"", ""qcomp"": ""0.75"", ""qpmax"": ""21"", ""qpmin"": ""6"", ""rc-lookahead"": ""34"", ""rd"": ""6"", ""rdoq-level"": ""0"", ""rect"": ""0"", ""ref"": ""4"", ""rskip"": ""0"", ""sao"": ""0"", ""scenecut"": ""20"", ""subme"": ""1"", ""tu-inter-depth"": ""1"", ""tu-intra-depth"": ""4"", ""weightb"": ""1"", ""weightp"": ""1"", ""wpp"": ""0""}"
x265,hebo,7301,plain,false,159,6.63,26.26,6.63,26.624833583831787,"['Standard', '320p', 30, '10s']",0.0,26.62471103668213,0.0,"{""amp"": ""1"", ""aq-mode"": ""4"", ""aq-strength"": ""1.2"", ""b-adapt"": ""1"", ""bframes"": ""8"", ""crf"": ""32.0"", ""ctu"": ""16"", ""keyint"": ""391"", ""limit-refs"": ""2"", ""limit-tu"": ""0"", ""me"": ""hex"", ""merange"": ""20"", ""open-gop"": ""0"", ""psy-rd"": ""3.5"", ""psy-rdoq"": ""3.0"", ""qcomp"": ""1.0"", ""qpmax"": ""33"", ""qpmin"": ""16"", ""rc-lookahead"": ""55"", ""rd"": ""5"", ""rdoq-level"": ""2"", ""rect"": ""0"", ""ref"": ""6"", ""rskip"": ""1"", ""sao"": ""1"", ""scenecut"": ""3"", ""subme"": ""5"", ""tu-inter-depth"": ""3"", ""tu-intra-depth"": ""3"", ""weightb"": ""1"", ""weightp"": ""1"", ""wpp"": ""0""}"
x265,hebo,7301,plain,false,160,-0.38,65.82,-0.38,66.15706586837769,"['Standard', '320p', 30, '10s']",0.0,66.15696406364441,0.0,"{""amp"": ""1"", ""aq-mode"": ""1"", ""aq-strength"": ""0.0"", ""b-adapt"": ""2"", ""bframes"": ""4"", ""crf"": ""30.0"", ""ctu"": ""16"", ""keyint"": ""496"", ""limit-refs"": ""1"", ""limit-tu"": ""4"", ""me"": ""full"", ""merange"": ""33"", ""open-gop"": ""1"", ""psy-rd"": ""1.0"", ""psy-rdoq"": ""0.0"", ""qcomp"": ""0.8"", ""qpmax"": ""43"", ""qpmin"": ""14"", ""rc-lookahead"": ""27"", ""rd"": ""6"", ""rdoq-level"": ""1"", ""rect"": ""0"", ""ref"": ""4"", ""rskip"": ""0"", ""sao"": ""0"", ""scenecut"": ""95"", ""subme"": ""3"", ""tu-inter-depth"": ""3"", ""tu-intra-depth"": ""2"", ""weightb"": ""1"", ""weightp"": ""1"", ""wpp"": ""1""}"
x265,hebo,7301,plain,false,161,20.09,12.17,20.09,12.487209558486938,"['Standard', '320p', 30, '10s']",0.0,12.487110614776611,0.0,"{""amp"": ""1"", ""aq-mode"": ""2"", ""aq-strength"": ""1.2"", ""b-adapt"": ""2"", ""bframes"": ""4"", ""crf"": ""30.0"", ""ctu"": ""64"", ""keyint"": ""347"", ""limit-refs"": ""2"", ""limit-tu"": ""2"", ""me"": ""hex"", ""merange"": ""37"", ""open-gop"": ""0"", ""psy-rd"": ""1.5"", ""psy-rdoq"": ""0.5"", ""qcomp"": ""0.8"", ""qpmax"": ""47"", ""qpmin"": ""13"", ""rc-lookahead"": ""41"", ""rd"": ""6"", ""rdoq-level"": ""1"", ""rect"": ""0"", ""ref"": ""5"", ""rskip"": ""1"", ""sao"": ""1"", ""scenecut"": ""16"", ""subme"": ""4"", ""tu-inter-depth"": ""3"", ""tu-intra-depth"": ""4"", ""weightb"": ""1"", ""weightp"": ""1"", ""wpp"": ""1""}"
x265,hebo,7301,plain,false,162,16.23,14.37,16.23,14.700170755386353,"['Standard', '320p', 30, '10s']",0.0,14.700072288513184,0.0,"{""amp"": ""0"", ""aq-mode"": ""1"", ""aq-strength"": ""0.5"", ""b-adapt"": ""0"", ""bframes"": ""0"", ""crf"": ""22.0"", ""ctu"": ""16"", ""keyint"": ""47"", ""limit-refs"": ""1"", ""limit-tu"": ""3"", ""me"": ""hex"", ""merange"": ""27"", ""open-gop"": ""1"", ""psy-rd"": ""3.5"", ""psy-rdoq"": ""3.0"", ""qcomp"": ""0.8"", ""qpmax"": ""22"", ""qpmin"": ""17"", ""rc-lookahead"": ""44"", ""rd"": ""6"", ""rdoq-level"": ""0"", ""rect"": ""0"", ""ref"": ""1"", ""rskip"": ""0"", ""sao"": ""0"", ""scenecut"": ""9"", ""subme"": ""4"", ""tu-inter-depth"": ""1"", ""tu-intra-depth"": ""2"", ""weightb"": ""0"", ""weightp"": ""1"", ""wpp"": ""0""}"
x265,hebo,7301,plain,false,163,1.25,48.68,1.25,49.0150089263916,"['Standard', '320p', 30, '10s']",0.0,49.01490330696106,0.0,"{""amp"": ""0"", ""aq-mode"": ""0"", ""aq-strength"": ""1.5"", ""b-adapt"": ""0"", ""bframes"": ""4"", ""crf"": ""32.0"", ""ctu"": ""64"", ""keyint"": ""394"", ""limit-refs"": ""0"", ""limit-tu"": ""2"", ""me"": ""full"", ""merange"": ""56"", ""open-gop"": ""0"", ""psy-rd"": ""0.5"", ""psy-rdoq"": ""0.0"", ""qcomp"": ""0.8"", ""qpmax"": ""32"", ""qpmin"": ""19"", ""rc-lookahead"": ""17"", ""rd"": ""2"", ""rdoq-level"": ""1"", ""rect"": ""1"", ""ref"": ""2"", ""rskip"": ""1"", ""sao"": ""1"", ""scenecut"": ""4"", ""subme"": ""3"", ""tu-inter-depth"": ""2"", ""tu-intra-depth"": ""1"", ""weightb"": ""0"", ""weightp"": ""0"", ""wpp"": ""0""}"
x265,hebo,7301,plain,false,164,31.28,8.43,31.28,8.76764726638794,"['Standard', '320p', 30, '10s']",0.0,8.767552614212036,0.0,"{""amp"": ""1"", ""aq-mode"": ""2"", ""aq-strength"": ""0.0"", ""b-adapt"": ""2"", ""bframes"": ""4"", ""crf"": ""22.0"", ""ctu"": ""32"", ""keyint"": ""373"", ""limit-refs"": ""1"", ""limit-tu"": ""1"", ""me"": ""hex"", ""merange"": ""35"", ""open-gop"": ""0"", ""psy-rd"": ""3.0"", ""psy-rdoq"": ""2.5"", ""qcomp"": ""0.5"", ""qpmax"": ""30"", ""qpmin"": ""18"", ""rc-lookahead"": ""18"", ""rd"": ""2"", ""rdoq-level"": ""1"", ""rect"": ""1"", ""ref"": ""2"", ""rskip"": ""1"", ""sao"": ""0"", ""scenecut"": ""87"", ""subme"": ""5"", ""tu-inter-depth"": ""2"", ""tu-intra-depth"": ""3"", ""weightb"": ""1"", ""weightp"": ""0"", ""wpp"": ""0""}"
x265,hebo,7301,plain,false,165,7.59,24.2,7.59,24.541778802871704,"['Standard', '320p', 30, '10s']",0.0,24.541664600372314,0.0,"{""amp"": ""1"", ""aq-mode"": ""4"", ""aq-strength"": ""1.2"", ""b-adapt"": ""0"", ""bframes"": ""6"", ""crf"": ""20.0"", ""ctu"": ""16"", ""keyint"": ""320"", ""limit-refs"": ""2"", ""limit-tu"": ""1"", ""me"": ""hex"", ""merange"": ""57"", ""open-gop"": ""1"", ""psy-rd"": ""0.5"", ""psy-rdoq"": ""0.0"", ""qcomp"": ""0.8"", ""qpmax"": ""39"", ""qpmin"": ""17"", ""rc-lookahead"": ""23"", ""rd"": ""5"", ""rdoq-level"": ""2"", ""rect"": ""0"", ""ref"": ""5"", ""rskip"": ""0"", ""sao"": ""1"", ""scenecut"": ""61"", ""subme"": ""5"", ""tu-inter-depth"": ""3"", ""tu-intra-depth"": ""3"", ""weightb"": ""1"", ""weightp"": ""0"", ""wpp"": ""0""}"
x265,hebo,7301,plain,false,166,57.60,4.91,57.60,5.228737831115723,"['Standard', '320p', 30, '10s']",0.0,5.228642463684082,0.0,"{""amp"": ""1"", ""aq-mode"": ""0"", ""aq-strength"": ""1.8"", ""b-adapt"": ""0"", ""bframes"": ""2"", ""crf"": ""20.0"", ""ctu"": ""16"", ""keyint"": ""274"", ""limit-refs"": ""2"", ""limit-tu"": ""2"", ""me"": ""dia"", ""merange"": ""60"", ""open-gop"": ""1"", ""psy-rd"": ""1.0"", ""psy-rdoq"": ""4.0"", ""qcomp"": ""0.5"", ""qpmax"": ""44"", ""qpmin"": ""18"", ""rc-lookahead"": ""41"", ""rd"": ""1"", ""rdoq-level"": ""1"", ""rect"": ""1"", ""ref"": ""1"", ""rskip"": ""0"", ""sao"": ""0"", ""scenecut"": ""39"", ""subme"": ""3"", ""tu-inter-depth"": ""3"", ""tu-intra-depth"": ""2"", ""weightb"": ""1"", ""weightp"": ""1"", ""wpp"": ""1""}"
x265,hebo,7301,plain,false,167,14.08,16.03,14.08,16.637988805770874,"['Standard', '320p', 30, '10s']",0.0,16.637871503829956,0.0,"{""amp"": ""0"", ""aq-mode"": ""4"", ""aq-strength"": ""1.0"", ""b-adapt"": ""1"", ""bframes"": ""1"", ""crf"": ""32.0"", ""ctu"": ""32"", ""keyint"": ""471"", ""limit-refs"": ""2"", ""limit-tu"": ""1"", ""me"": ""dia"", ""merange"": ""49"", ""open-gop"": ""1"", ""psy-rd"": ""0.5"", ""psy-rdoq"": ""4.0"", ""qcomp"": ""0.5"", ""qpmax"": ""33"", ""qpmin"": ""9"", ""rc-lookahead"": ""29"", ""rd"": ""6"", ""rdoq-level"": ""2"", ""rect"": ""0"", ""ref"": ""3"", ""rskip"": ""1"", ""sao"": ""1"", ""scenecut"": ""68"", ""subme"": ""4"", ""tu-inter-depth"": ""4"", ""tu-intra-depth"": ""2"", ""weightb"": ""0"", ""weightp"": ""1"", ""wpp"": ""0""}"
x265,hebo,7301,plain,false,168,25.17,10.14,25.17,10.459084033966064,"['Standard', '320p', 30, '10s']",0.0,10.458985328674316,0.0,"{""amp"": ""1"", ""aq-mode"": ""3"", ""aq-strength"": ""1.5"", ""b-adapt"": ""0"", ""bframes"": ""8"", ""crf"": ""18.0"", ""ctu"": ""64"", ""keyint"": ""481"", ""limit-refs"": ""3"", ""limit-tu"": ""4"", ""me"": ""star"", ""merange"": ""58"", ""open-gop"": ""0"", ""psy-rd"": ""3.5"", ""psy-rdoq"": ""3.5"", ""qcomp"": ""0.5"", ""qpmax"": ""47"", ""qpmin"": ""16"", ""rc-lookahead"": ""37"", ""rd"": ""4"", ""rdoq-level"": ""2"", ""rect"": ""1"", ""ref"": ""5"", ""rskip"": ""1"", ""sao"": ""0"", ""scenecut"": ""65"", ""subme"": ""2"", ""tu-inter-depth"": ""4"", ""tu-intra-depth"": ""3"", ""weightb"": ""1"", ""weightp"": ""1"", ""wpp"": ""1""}"
x265,hebo,7301,plain,false,169,45.65,6.06,45.65,6.372658014297485,"['Standard', '320p', 30, '10s']",0.0,6.372558832168579,0.0,"{""amp"": ""1"", ""aq-mode"": ""0"", ""aq-strength"": ""1.2"", ""b-adapt"": ""0"", ""bframes"": ""8"", ""crf"": ""28.0"", ""ctu"": ""32"", ""keyint"": ""302"", ""limit-refs"": ""0"", ""limit-tu"": ""1"", ""me"": ""star"", ""merange"": ""51"", ""open-gop"": ""1"", ""psy-rd"": ""1.5"", ""psy-rdoq"": ""3.0"", ""qcomp"": ""0.9"", ""qpmax"": ""38"", ""qpmin"": ""15"", ""rc-lookahead"": ""37"", ""rd"": ""4"", ""rdoq-level"": ""1"", ""rect"": ""0"", ""ref"": ""6"", ""rskip"": ""0"", ""sao"": ""0"", ""scenecut"": ""92"", ""subme"": ""3"", ""tu-inter-depth"": ""1"", ""tu-intra-depth"": ""1"", ""weightb"": ""0"", ""weightp"": ""1"", ""wpp"": ""1""}"
x265,hebo,7301,plain,false,170,30.08,8.72,30.08,9.048169612884521,"['Standard', '320p', 30, '10s']",0.0,9.04807162284851,0.0,"{""amp"": ""1"", ""aq-mode"": ""3"", ""aq-strength"": ""0.8"", ""b-adapt"": ""2"", ""bframes"": ""8"", ""crf"": ""30.0"", ""ctu"": ""32"", ""keyint"": ""319"", ""limit-refs"": ""3"", ""limit-tu"": ""0"", ""me"": ""umh"", ""merange"": ""28"", ""open-gop"": ""0"", ""psy-rd"": ""1.0"", ""psy-rdoq"": ""4.0"", ""qcomp"": ""0.7"", ""qpmax"": ""41"", ""qpmin"": ""18"", ""rc-lookahead"": ""26"", ""rd"": ""3"", ""rdoq-level"": ""1"", ""rect"": ""0"", ""ref"": ""4"", ""rskip"": ""0"", ""sao"": ""0"", ""scenecut"": ""78"", ""subme"": ""4"", ""tu-inter-depth"": ""3"", ""tu-intra-depth"": ""2"", ""weightb"": ""1"", ""weightp"": ""0"", ""wpp"": ""0""}"
x265,hebo,7301,plain,false,171,19.95,12.24,19.95,12.57257866859436,"['Standard', '320p', 30, '10s']",0.0,12.572478771209717,0.0,"{""amp"": ""0"", ""aq-mode"": ""1"", ""aq-strength"": ""2.0"", ""b-adapt"": ""2"", ""bframes"": ""3"", ""crf"": ""32.0"", ""ctu"": ""64"", ""keyint"": ""339"", ""limit-refs"": ""1"", ""limit-tu"": ""3"", ""me"": ""hex"", ""merange"": ""59"", ""open-gop"": ""1"", ""psy-rd"": ""4.0"", ""psy-rdoq"": ""5.0"", ""qcomp"": ""1.0"", ""qpmax"": ""25"", ""qpmin"": ""10"", ""rc-lookahead"": ""12"", ""rd"": ""2"", ""rdoq-level"": ""0"", ""rect"": ""1"", ""ref"": ""5"", ""rskip"": ""0"", ""sao"": ""1"", ""scenecut"": ""4"", ""subme"": ""5"", ""tu-inter-depth"": ""1"", ""tu-intra-depth"": ""3"", ""weightb"": ""1"", ""weightp"": ""1"", ""wpp"": ""1""}"
x265,hebo,7301,plain,false,172,16.63,14.11,16.63,14.500000476837158,"['Standard', '320p', 30, '10s']",0.0,14.499892473220825,0.0,"{""amp"": ""1"", ""aq-mode"": ""2"", ""aq-strength"": ""1.8"", ""b-adapt"": ""0"", ""bframes"": ""1"", ""crf"": ""32.0"", ""ctu"": ""64"", ""keyint"": ""327"", ""limit-refs"": ""2"", ""limit-tu"": ""4"", ""me"": ""full"", ""merange"": ""64"", ""open-gop"": ""0"", ""psy-rd"": ""1.0"", ""psy-rdoq"": ""4.0"", ""qcomp"": ""0.8"", ""qpmax"": ""48"", ""qpmin"": ""12"", ""rc-lookahead"": ""42"", ""rd"": ""3"", ""rdoq-level"": ""0"", ""rect"": ""0"", ""ref"": ""2"", ""rskip"": ""1"", ""sao"": ""1"", ""scenecut"": ""26"", ""subme"": ""2"", ""tu-inter-depth"": ""3"", ""tu-intra-depth"": ""3"", ""weightb"": ""0"", ""weightp"": ""1"", ""wpp"": ""0""}"
x265,hebo,7301,plain,false,173,-1.13,78.71,-1.13,79.0416362285614,"['Standard', '320p', 30, '10s']",0.0,79.04152703285217,0.0,"{""amp"": ""0"", ""aq-mode"": ""3"", ""aq-strength"": ""2.0"", ""b-adapt"": ""2"", ""bframes"": ""5"", ""crf"": ""18.0"", ""ctu"": ""64"", ""keyint"": ""98"", ""limit-refs"": ""3"", ""limit-tu"": ""0"", ""me"": ""full"", ""merange"": ""52"", ""open-gop"": ""0"", ""psy-rd"": ""2.5"", ""psy-rdoq"": ""3.5"", ""qcomp"": ""0.9"", ""qpmax"": ""51"", ""qpmin"": ""4"", ""rc-lookahead"": ""13"", ""rd"": ""2"", ""rdoq-level"": ""0"", ""rect"": ""1"", ""ref"": ""4"", ""rskip"": ""1"", ""sao"": ""1"", ""scenecut"": ""0"", ""subme"": ""5"", ""tu-inter-depth"": ""1"", ""tu-intra-depth"": ""3"", ""weightb"": ""1"", ""weightp"": ""1"", ""wpp"": ""1""}"
x265,hebo,7301,plain,false,174,-3.20,168.65,-3.20,168.98418283462524,"['Standard', '320p', 30, '10s']",0.0,168.98407888412476,0.0,"{""amp"": ""1"", ""aq-mode"": ""0"", ""aq-strength"": ""1.8"", ""b-adapt"": ""0"", ""bframes"": ""8"", ""crf"": ""20.0"", ""ctu"": ""64"", ""keyint"": ""346"", ""limit-refs"": ""2"", ""limit-tu"": ""0"", ""me"": ""full"", ""merange"": ""51"", ""open-gop"": ""1"", ""psy-rd"": ""2.0"", ""psy-rdoq"": ""0.0"", ""qcomp"": ""0.8"", ""qpmax"": ""33"", ""qpmin"": ""10"", ""rc-lookahead"": ""20"", ""rd"": ""5"", ""rdoq-level"": ""1"", ""rect"": ""0"", ""ref"": ""5"", ""rskip"": ""1"", ""sao"": ""1"", ""scenecut"": ""90"", ""subme"": ""1"", ""tu-inter-depth"": ""3"", ""tu-intra-depth"": ""2"", ""weightb"": ""1"", ""weightp"": ""1"", ""wpp"": ""1""}"
x265,hebo,7301,plain,false,175,74.80,3.86,74.80,4.202197074890137,"['Standard', '320p', 30, '10s']",0.0,4.202099800109863,0.0,"{""amp"": ""0"", ""aq-mode"": ""0"", ""aq-strength"": ""0.0"", ""b-adapt"": ""0"", ""bframes"": ""7"", ""crf"": ""28.0"", ""ctu"": ""32"", ""keyint"": ""253"", ""limit-refs"": ""0"", ""limit-tu"": ""2"", ""me"": ""hex"", ""merange"": ""47"", ""open-gop"": ""1"", ""psy-rd"": ""0.0"", ""psy-rdoq"": ""5.0"", ""qcomp"": ""0.9"", ""qpmax"": ""33"", ""qpmin"": ""3"", ""rc-lookahead"": ""25"", ""rd"": ""3"", ""rdoq-level"": ""2"", ""rect"": ""0"", ""ref"": ""2"", ""rskip"": ""1"", ""sao"": ""0"", ""scenecut"": ""3"", ""subme"": ""5"", ""tu-inter-depth"": ""1"", ""tu-intra-depth"": ""3"", ""weightb"": ""0"", ""weightp"": ""0"", ""wpp"": ""0""}"
x265,hebo,7301,plain,false,176,42.63,6.44,42.63,6.765119791030884,"['Standard', '320p', 30, '10s']",0.0,6.76502251625061,0.0,"{""amp"": ""0"", ""aq-mode"": ""4"", ""aq-strength"": ""0.5"", ""b-adapt"": ""1"", ""bframes"": ""3"", ""crf"": ""32.0"", ""ctu"": ""64"", ""keyint"": ""54"", ""limit-refs"": ""1"", ""limit-tu"": ""1"", ""me"": ""umh"", ""merange"": ""30"", ""open-gop"": ""0"", ""psy-rd"": ""2.0"", ""psy-rdoq"": ""2.5"", ""qcomp"": ""0.5"", ""qpmax"": ""32"", ""qpmin"": ""10"", ""rc-lookahead"": ""31"", ""rd"": ""1"", ""rdoq-level"": ""2"", ""rect"": ""0"", ""ref"": ""3"", ""rskip"": ""1"", ""sao"": ""1"", ""scenecut"": ""76"", ""subme"": ""5"", ""tu-inter-depth"": ""2"", ""tu-intra-depth"": ""3"", ""weightb"": ""1"", ""weightp"": ""1"", ""wpp"": ""0""}"
x265,hebo,7301,plain,false,177,35.08,7.64,35.08,7.986457347869873,"['Standard', '320p', 30, '10s']",0.0,7.986362934112549,0.0,"{""amp"": ""0"", ""aq-mode"": ""0"", ""aq-strength"": ""2.0"", ""b-adapt"": ""1"", ""bframes"": ""5"", ""crf"": ""32.0"", ""ctu"": ""16"", ""keyint"": ""80"", ""limit-refs"": ""3"", ""limit-tu"": ""2"", ""me"": ""dia"", ""merange"": ""16"", ""open-gop"": ""1"", ""psy-rd"": ""2.5"", ""psy-rdoq"": ""0.0"", ""qcomp"": ""0.75"", ""qpmax"": ""27"", ""qpmin"": ""5"", ""rc-lookahead"": ""42"", ""rd"": ""4"", ""rdoq-level"": ""1"", ""rect"": ""0"", ""ref"": ""2"", ""rskip"": ""0"", ""sao"": ""0"", ""scenecut"": ""71"", ""subme"": ""4"", ""tu-inter-depth"": ""3"", ""tu-intra-depth"": ""3"", ""weightb"": ""1"", ""weightp"": ""1"", ""wpp"": ""0""}"
x265,hebo,7301,plain,false,178,-3.79,250.66,-3.79,250.9849328994751,"['Standard', '320p', 30, '10s']",0.0,250.98481440544128,0.0,"{""amp"": ""1"", ""aq-mode"": ""4"", ""aq-strength"": ""0.8"", ""b-adapt"": ""2"", ""bframes"": ""0"", ""crf"": ""22.0"", ""ctu"": ""16"", ""keyint"": ""447"", ""limit-refs"": ""2"", ""limit-tu"": ""4"", ""me"": ""full"", ""merange"": ""56"", ""open-gop"": ""1"", ""psy-rd"": ""2.0"", ""psy-rdoq"": ""1.5"", ""qcomp"": ""0.75"", ""qpmax"": ""50"", ""qpmin"": ""19"", ""rc-lookahead"": ""55"", ""rd"": ""6"", ""rdoq-level"": ""1"", ""rect"": ""1"", ""ref"": ""5"", ""rskip"": ""0"", ""sao"": ""1"", ""scenecut"": ""53"", ""subme"": ""5"", ""tu-inter-depth"": ""3"", ""tu-intra-depth"": ""3"", ""weightb"": ""1"", ""weightp"": ""0"", ""wpp"": ""1""}"
x265,hebo,7301,plain,false,179,121.70,2.46,121.70,2.791499614715576,"['Standard', '320p', 30, '10s']",0.0,2.7913990020751953,0.0,"{""amp"": ""0"", ""aq-mode"": ""3"", ""aq-strength"": ""1.8"", ""b-adapt"": ""2"", ""bframes"": ""3"", ""crf"": ""32.0"", ""ctu"": ""64"", ""keyint"": ""477"", ""limit-refs"": ""2"", ""limit-tu"": ""4"", ""me"": ""dia"", ""merange"": ""32"", ""open-gop"": ""0"", ""psy-rd"": ""2.5"", ""psy-rdoq"": ""0.0"", ""qcomp"": ""0.5"", ""qpmax"": ""50"", ""qpmin"": ""10"", ""rc-lookahead"": ""44"", ""rd"": ""2"", ""rdoq-level"": ""0"", ""rect"": ""0"", ""ref"": ""5"", ""rskip"": ""1"", ""sao"": ""1"", ""scenecut"": ""26"", ""subme"": ""4"", ""tu-inter-depth"": ""1"", ""tu-intra-depth"": ""2"", ""weightb"": ""1"", ""weightp"": ""1"", ""wpp"": ""0""}"
x265,hebo,7301,plain,false,180,9.41,21.15,9.41,21.500549793243408,"['Standard', '320p', 30, '10s']",0.0,21.50044560432434,0.0,"{""amp"": ""1"", ""aq-mode"": ""1"", ""aq-strength"": ""0.8"", ""b-adapt"": ""2"", ""bframes"": ""3"", ""crf"": ""20.0"", ""ctu"": ""64"", ""keyint"": ""231"", ""limit-refs"": ""2"", ""limit-tu"": ""3"", ""me"": ""hex"", ""merange"": ""59"", ""open-gop"": ""1"", ""psy-rd"": ""0.5"", ""psy-rdoq"": ""1.0"", ""qcomp"": ""0.5"", ""qpmax"": ""47"", ""qpmin"": ""19"", ""rc-lookahead"": ""19"", ""rd"": ""6"", ""rdoq-level"": ""0"", ""rect"": ""0"", ""ref"": ""4"", ""rskip"": ""0"", ""sao"": ""1"", ""scenecut"": ""83"", ""subme"": ""5"", ""tu-inter-depth"": ""1"", ""tu-intra-depth"": ""1"", ""weightb"": ""1"", ""weightp"": ""1"", ""wpp"": ""1""}"
x265,hebo,7301,plain,false,181,-0.08,61.81,-0.08,62.190680742263794,"['Standard', '320p', 30, '10s']",0.0,62.190521240234375,0.0,"{""amp"": ""1"", ""aq-mode"": ""3"", ""aq-strength"": ""0.0"", ""b-adapt"": ""0"", ""bframes"": ""4"", ""crf"": ""28.0"", ""ctu"": ""64"", ""keyint"": ""439"", ""limit-refs"": ""2"", ""limit-tu"": ""2"", ""me"": ""full"", ""merange"": ""36"", ""open-gop"": ""1"", ""psy-rd"": ""2.5"", ""psy-rdoq"": ""4.5"", ""qcomp"": ""1.0"", ""qpmax"": ""31"", ""qpmin"": ""16"", ""rc-lookahead"": ""30"", ""rd"": ""3"", ""rdoq-level"": ""0"", ""rect"": ""1"", ""ref"": ""6"", ""rskip"": ""0"", ""sao"": ""1"", ""scenecut"": ""88"", ""subme"": ""4"", ""tu-inter-depth"": ""4"", ""tu-intra-depth"": ""1"", ""weightb"": ""0"", ""weightp"": ""1"", ""wpp"": ""0""}"
x265,hebo,7301,plain,false,182,46.53,5.95,46.53,6.286722421646118,"['Standard', '320p', 30, '10s']",0.0,6.28662896156311,0.0,"{""amp"": ""0"", ""aq-mode"": ""3"", ""aq-strength"": ""0.8"", ""b-adapt"": ""0"", ""bframes"": ""2"", ""crf"": ""32.0"", ""ctu"": ""32"", ""keyint"": ""477"", ""limit-refs"": ""0"", ""limit-tu"": ""1"", ""me"": ""hex"", ""merange"": ""34"", ""open-gop"": ""1"", ""psy-rd"": ""0.0"", ""psy-rdoq"": ""1.0"", ""qcomp"": ""0.6"", ""qpmax"": ""51"", ""qpmin"": ""14"", ""rc-lookahead"": ""14"", ""rd"": ""3"", ""rdoq-level"": ""2"", ""rect"": ""1"", ""ref"": ""4"", ""rskip"": ""0"", ""sao"": ""0"", ""scenecut"": ""51"", ""subme"": ""3"", ""tu-inter-depth"": ""3"", ""tu-intra-depth"": ""4"", ""weightb"": ""1"", ""weightp"": ""1"", ""wpp"": ""1""}"
x265,hebo,7301,plain,false,183,14.70,15.49,14.70,15.834389448165894,"['Standard', '320p', 30, '10s']",0.0,15.834291219711304,0.0,"{""amp"": ""0"", ""aq-mode"": ""2"", ""aq-strength"": ""1.8"", ""b-adapt"": ""0"", ""bframes"": ""3"", ""crf"": ""25.0"", ""ctu"": ""16"", ""keyint"": ""263"", ""limit-refs"": ""1"", ""limit-tu"": ""0"", ""me"": ""full"", ""merange"": ""41"", ""open-gop"": ""1"", ""psy-rd"": ""0.0"", ""psy-rdoq"": ""4.0"", ""qcomp"": ""0.9"", ""qpmax"": ""35"", ""qpmin"": ""4"", ""rc-lookahead"": ""19"", ""rd"": ""1"", ""rdoq-level"": ""2"", ""rect"": ""1"", ""ref"": ""4"", ""rskip"": ""0"", ""sao"": ""0"", ""scenecut"": ""90"", ""subme"": ""1"", ""tu-inter-depth"": ""2"", ""tu-intra-depth"": ""2"", ""weightb"": ""0"", ""weightp"": ""0"", ""wpp"": ""0""}"
x265,hebo,7301,plain,false,184,5.15,30.04,5.15,30.59785270690918,"['Standard', '320p', 30, '10s']",0.0,30.597737550735474,0.0,"{""amp"": ""1"", ""aq-mode"": ""4"", ""aq-strength"": ""0.8"", ""b-adapt"": ""1"", ""bframes"": ""8"", ""crf"": ""20.0"", ""ctu"": ""16"", ""keyint"": ""354"", ""limit-refs"": ""3"", ""limit-tu"": ""0"", ""me"": ""hex"", ""merange"": ""46"", ""open-gop"": ""0"", ""psy-rd"": ""0.0"", ""psy-rdoq"": ""0.5"", ""qcomp"": ""0.7"", ""qpmax"": ""39"", ""qpmin"": ""10"", ""rc-lookahead"": ""14"", ""rd"": ""5"", ""rdoq-level"": ""1"", ""rect"": ""1"", ""ref"": ""2"", ""rskip"": ""1"", ""sao"": ""1"", ""scenecut"": ""60"", ""subme"": ""1"", ""tu-inter-depth"": ""3"", ""tu-intra-depth"": ""2"", ""weightb"": ""1"", ""weightp"": ""1"", ""wpp"": ""1""}"
x265,hebo,7301,plain,false,185,35.11,7.63,35.11,7.980447769165039,"['Standard', '320p', 30, '10s']",0.0,7.980344533920288,0.0,"{""amp"": ""0"", ""aq-mode"": ""3"", ""aq-strength"": ""1.8"", ""b-adapt"": ""2"", ""bframes"": ""4"", ""crf"": ""20.0"", ""ctu"": ""32"", ""keyint"": ""326"", ""limit-refs"": ""3"", ""limit-tu"": ""3"", ""me"": ""star"", ""merange"": ""41"", ""open-gop"": ""0"", ""psy-rd"": ""0.5"", ""psy-rdoq"": ""0.5"", ""qcomp"": ""0.6"", ""qpmax"": ""48"", ""qpmin"": ""18"", ""rc-lookahead"": ""26"", ""rd"": ""4"", ""rdoq-level"": ""0"", ""rect"": ""1"", ""ref"": ""5"", ""rskip"": ""0"", ""sao"": ""1"", ""scenecut"": ""82"", ""subme"": ""1"", ""tu-inter-depth"": ""1"", ""tu-intra-depth"": ""2"", ""weightb"": ""1"", ""weightp"": ""1"", ""wpp"": ""1""}"
x265,hebo,7301,plain,false,186,2.76,39.21,2.76,39.53720307350159,"['Standard', '320p', 30, '10s']",0.0,39.53709864616394,0.0,"{""amp"": ""0"", ""aq-mode"": ""2"", ""aq-strength"": ""0.5"", ""b-adapt"": ""1"", ""bframes"": ""7"", ""crf"": ""20.0"", ""ctu"": ""16"", ""keyint"": ""191"", ""limit-refs"": ""1"", ""limit-tu"": ""4"", ""me"": ""full"", ""merange"": ""49"", ""open-gop"": ""1"", ""psy-rd"": ""2.0"", ""psy-rdoq"": ""1.5"", ""qcomp"": ""0.9"", ""qpmax"": ""27"", ""qpmin"": ""7"", ""rc-lookahead"": ""35"", ""rd"": ""4"", ""rdoq-level"": ""1"", ""rect"": ""0"", ""ref"": ""5"", ""rskip"": ""0"", ""sao"": ""1"", ""scenecut"": ""50"", ""subme"": ""3"", ""tu-inter-depth"": ""2"", ""tu-intra-depth"": ""2"", ""weightb"": ""1"", ""weightp"": ""0"", ""wpp"": ""0""}"
x265,hebo,7301,plain,false,187,-1.56,88.46,-1.56,88.78761291503906,"['Standard', '320p', 30, '10s']",0.0,88.78750038146973,0.0,"{""amp"": ""0"", ""aq-mode"": ""1"", ""aq-strength"": ""1.2"", ""b-adapt"": ""0"", ""bframes"": ""5"", ""crf"": ""22.0"", ""ctu"": ""16"", ""keyint"": ""345"", ""limit-refs"": ""2"", ""limit-tu"": ""0"", ""me"": ""full"", ""merange"": ""63"", ""open-gop"": ""1"", ""psy-rd"": ""0.0"", ""psy-rdoq"": ""0.5"", ""qcomp"": ""0.8"", ""qpmax"": ""25"", ""qpmin"": ""19"", ""rc-lookahead"": ""38"", ""rd"": ""2"", ""rdoq-level"": ""2"", ""rect"": ""1"", ""ref"": ""4"", ""rskip"": ""0"", ""sao"": ""1"", ""scenecut"": ""85"", ""subme"": ""3"", ""tu-inter-depth"": ""3"", ""tu-intra-depth"": ""2"", ""weightb"": ""0"", ""weightp"": ""1"", ""wpp"": ""1""}"
x265,hebo,7301,plain,false,188,20.18,12.13,20.18,12.465185403823853,"['Standard', '320p', 30, '10s']",0.0,12.465083122253418,0.0,"{""amp"": ""1"", ""aq-mode"": ""2"", ""aq-strength"": ""1.8"", ""b-adapt"": ""2"", ""bframes"": ""7"", ""crf"": ""30.0"", ""ctu"": ""64"", ""keyint"": ""241"", ""limit-refs"": ""1"", ""limit-tu"": ""1"", ""me"": ""umh"", ""merange"": ""53"", ""open-gop"": ""0"", ""psy-rd"": ""2.5"", ""psy-rdoq"": ""4.0"", ""qcomp"": ""1.0"", ""qpmax"": ""31"", ""qpmin"": ""20"", ""rc-lookahead"": ""36"", ""rd"": ""2"", ""rdoq-level"": ""2"", ""rect"": ""1"", ""ref"": ""2"", ""rskip"": ""0"", ""sao"": ""1"", ""scenecut"": ""18"", ""subme"": ""2"", ""tu-inter-depth"": ""4"", ""tu-intra-depth"": ""3"", ""weightb"": ""0"", ""weightp"": ""1"", ""wpp"": ""0""}"
x265,hebo,7301,plain,false,189,64.48,4.43,64.48,4.758894681930542,"['Standard', '320p', 30, '10s']",0.0,4.758794069290161,0.0,"{""amp"": ""1"", ""aq-mode"": ""3"", ""aq-strength"": ""1.0"", ""b-adapt"": ""1"", ""bframes"": ""6"", ""crf"": ""30.0"", ""ctu"": ""32"", ""keyint"": ""284"", ""limit-refs"": ""2"", ""limit-tu"": ""2"", ""me"": ""dia"", ""merange"": ""29"", ""open-gop"": ""1"", ""psy-rd"": ""1.0"", ""psy-rdoq"": ""2.5"", ""qcomp"": ""0.5"", ""qpmax"": ""44"", ""qpmin"": ""7"", ""rc-lookahead"": ""48"", ""rd"": ""4"", ""rdoq-level"": ""0"", ""rect"": ""1"", ""ref"": ""6"", ""rskip"": ""1"", ""sao"": ""1"", ""scenecut"": ""96"", ""subme"": ""4"", ""tu-inter-depth"": ""2"", ""tu-intra-depth"": ""3"", ""weightb"": ""1"", ""weightp"": ""1"", ""wpp"": ""0""}"
x265,hebo,7301,plain,false,190,-0.19,63.24,-0.19,63.57817554473877,"['Standard', '320p', 30, '10s']",0.0,63.57806873321533,0.0,"{""amp"": ""0"", ""aq-mode"": ""2"", ""aq-strength"": ""1.0"", ""b-adapt"": ""1"", ""bframes"": ""0"", ""crf"": ""25.0"", ""ctu"": ""64"", ""keyint"": ""407"", ""limit-refs"": ""3"", ""limit-tu"": ""0"", ""me"": ""hex"", ""merange"": ""25"", ""open-gop"": ""0"", ""psy-rd"": ""2.5"", ""psy-rdoq"": ""2.5"", ""qcomp"": ""0.7"", ""qpmax"": ""46"", ""qpmin"": ""7"", ""rc-lookahead"": ""55"", ""rd"": ""5"", ""rdoq-level"": ""1"", ""rect"": ""1"", ""ref"": ""2"", ""rskip"": ""0"", ""sao"": ""0"", ""scenecut"": ""6"", ""subme"": ""4"", ""tu-inter-depth"": ""4"", ""tu-intra-depth"": ""4"", ""weightb"": ""1"", ""weightp"": ""1"", ""wpp"": ""0""}"
x265,hebo,7301,plain,false,191,-1.45,85.79,-1.45,86.18622612953186,"['Standard', '320p', 30, '10s']",0.0,86.1860613822937,0.0,"{""amp"": ""1"", ""aq-mode"": ""2"", ""aq-strength"": ""2.0"", ""b-adapt"": ""2"", ""bframes"": ""3"", ""crf"": ""32.0"", ""ctu"": ""64"", ""keyint"": ""485"", ""limit-refs"": ""3"", ""limit-tu"": ""4"", ""me"": ""full"", ""merange"": ""30"", ""open-gop"": ""0"", ""psy-rd"": ""3.0"", ""psy-rdoq"": ""5.0"", ""qcomp"": ""0.75"", ""qpmax"": ""34"", ""qpmin"": ""12"", ""rc-lookahead"": ""26"", ""rd"": ""6"", ""rdoq-level"": ""2"", ""rect"": ""0"", ""ref"": ""3"", ""rskip"": ""0"", ""sao"": ""1"", ""scenecut"": ""35"", ""subme"": ""5"", ""tu-inter-depth"": ""3"", ""tu-intra-depth"": ""3"", ""weightb"": ""0"", ""weightp"": ""1"", ""wpp"": ""1""}"
x265,hebo,7301,plain,false,192,3.49,35.87,3.49,36.22176432609558,"['Standard', '320p', 30, '10s']",0.0,36.2216591835022,0.0,"{""amp"": ""0"", ""aq-mode"": ""0"", ""aq-strength"": ""1.8"", ""b-adapt"": ""1"", ""bframes"": ""2"", ""crf"": ""18.0"", ""ctu"": ""16"", ""keyint"": ""93"", ""limit-refs"": ""0"", ""limit-tu"": ""1"", ""me"": ""star"", ""merange"": ""20"", ""open-gop"": ""0"", ""psy-rd"": ""4.0"", ""psy-rdoq"": ""4.0"", ""qcomp"": ""0.75"", ""qpmax"": ""21"", ""qpmin"": ""18"", ""rc-lookahead"": ""14"", ""rd"": ""5"", ""rdoq-level"": ""1"", ""rect"": ""1"", ""ref"": ""2"", ""rskip"": ""1"", ""sao"": ""1"", ""scenecut"": ""13"", ""subme"": ""2"", ""tu-inter-depth"": ""1"", ""tu-intra-depth"": ""1"", ""weightb"": ""0"", ""weightp"": ""0"", ""wpp"": ""0""}"
x265,hebo,7301,plain,false,193,79.16,3.66,79.16,3.98099422454834,"['Standard', '320p', 30, '10s']",0.0,3.98089599609375,0.0,"{""amp"": ""1"", ""aq-mode"": ""3"", ""aq-strength"": ""1.8"", ""b-adapt"": ""0"", ""bframes"": ""5"", ""crf"": ""28.0"", ""ctu"": ""16"", ""keyint"": ""210"", ""limit-refs"": ""3"", ""limit-tu"": ""2"", ""me"": ""hex"", ""merange"": ""37"", ""open-gop"": ""1"", ""psy-rd"": ""3.5"", ""psy-rdoq"": ""1.5"", ""qcomp"": ""0.9"", ""qpmax"": ""51"", ""qpmin"": ""16"", ""rc-lookahead"": ""56"", ""rd"": ""3"", ""rdoq-level"": ""0"", ""rect"": ""1"", ""ref"": ""2"", ""rskip"": ""1"", ""sao"": ""1"", ""scenecut"": ""70"", ""subme"": ""3"", ""tu-inter-depth"": ""3"", ""tu-intra-depth"": ""3"", ""weightb"": ""0"", ""weightp"": ""0"", ""wpp"": ""1""}"
x265,hebo,7301,plain,false,194,161.07,1.89,161.07,2.2297372817993164,"['Standard', '320p', 30, '10s']",0.0,2.229640007019043,0.0,"{""amp"": ""1"", ""aq-mode"": ""1"", ""aq-strength"": ""2.0"", ""b-adapt"": ""0"", ""bframes"": ""3"", ""crf"": ""32.0"", ""ctu"": ""64"", ""keyint"": ""94"", ""limit-refs"": ""1"", ""limit-tu"": ""2"", ""me"": ""dia"", ""merange"": ""58"", ""open-gop"": ""1"", ""psy-rd"": ""4.0"", ""psy-rdoq"": ""5.0"", ""qcomp"": ""1.0"", ""qpmax"": ""51"", ""qpmin"": ""10"", ""rc-lookahead"": ""20"", ""rd"": ""2"", ""rdoq-level"": ""0"", ""rect"": ""0"", ""ref"": ""2"", ""rskip"": ""1"", ""sao"": ""1"", ""scenecut"": ""40"", ""subme"": ""5"", ""tu-inter-depth"": ""2"", ""tu-intra-depth"": ""3"", ""weightb"": ""1"", ""weightp"": ""0"", ""wpp"": ""0""}"
x265,hebo,7301,plain,false,195,15.45,14.92,15.45,15.257058143615723,"['Standard', '320p', 30, '10s']",0.0,15.256958484649658,0.0,"{""amp"": ""1"", ""aq-mode"": ""1"", ""aq-strength"": ""0.8"", ""b-adapt"": ""1"", ""bframes"": ""0"", ""crf"": ""25.0"", ""ctu"": ""64"", ""keyint"": ""82"", ""limit-refs"": ""3"", ""limit-tu"": ""1"", ""me"": ""full"", ""merange"": ""17"", ""open-gop"": ""0"", ""psy-rd"": ""3.5"", ""psy-rdoq"": ""0.0"", ""qcomp"": ""0.6"", ""qpmax"": ""49"", ""qpmin"": ""5"", ""rc-lookahead"": ""14"", ""rd"": ""2"", ""rdoq-level"": ""2"", ""rect"": ""1"", ""ref"": ""2"", ""rskip"": ""1"", ""sao"": ""0"", ""scenecut"": ""11"", ""subme"": ""2"", ""tu-inter-depth"": ""1"", ""tu-intra-depth"": ""3"", ""weightb"": ""1"", ""weightp"": ""1"", ""wpp"": ""0""}"
x265,hebo,7301,plain,false,196,169.08,1.8,169.08,2.1298229694366455,"['Standard', '320p', 30, '10s']",0.0,2.1297214031219482,0.0,"{""amp"": ""1"", ""aq-mode"": ""1"", ""aq-strength"": ""1.5"", ""b-adapt"": ""1"", ""bframes"": ""2"", ""crf"": ""28.0"", ""ctu"": ""32"", ""keyint"": ""253"", ""limit-refs"": ""0"", ""limit-tu"": ""2"", ""me"": ""umh"", ""merange"": ""57"", ""open-gop"": ""0"", ""psy-rd"": ""0.0"", ""psy-rdoq"": ""1.5"", ""qcomp"": ""0.8"", ""qpmax"": ""38"", ""qpmin"": ""14"", ""rc-lookahead"": ""29"", ""rd"": ""2"", ""rdoq-level"": ""0"", ""rect"": ""0"", ""ref"": ""1"", ""rskip"": ""1"", ""sao"": ""0"", ""scenecut"": ""37"", ""subme"": ""1"", ""tu-inter-depth"": ""1"", ""tu-intra-depth"": ""2"", ""weightb"": ""0"", ""weightp"": ""0"", ""wpp"": ""1""}"
x265,hebo,7301,plain,false,197,24.71,10.29,24.71,10.63880705833435,"['Standard', '320p', 30, '10s']",0.0,10.638705492019653,0.0,"{""amp"": ""0"", ""aq-mode"": ""2"", ""aq-strength"": ""2.0"", ""b-adapt"": ""0"", ""bframes"": ""6"", ""crf"": ""28.0"", ""ctu"": ""64"", ""keyint"": ""291"", ""limit-refs"": ""2"", ""limit-tu"": ""0"", ""me"": ""star"", ""merange"": ""33"", ""open-gop"": ""0"", ""psy-rd"": ""3.5"", ""psy-rdoq"": ""0.5"", ""qcomp"": ""0.7"", ""qpmax"": ""33"", ""qpmin"": ""11"", ""rc-lookahead"": ""31"", ""rd"": ""3"", ""rdoq-level"": ""2"", ""rect"": ""0"", ""ref"": ""5"", ""rskip"": ""0"", ""sao"": ""0"", ""scenecut"": ""46"", ""subme"": ""1"", ""tu-inter-depth"": ""4"", ""tu-intra-depth"": ""1"", ""weightb"": ""1"", ""weightp"": ""1"", ""wpp"": ""1""}"
x265,hebo,7301,plain,false,198,44.46,6.2,44.46,6.540103912353516,"['Standard', '320p', 30, '10s']",0.0,6.540006399154663,0.0,"{""amp"": ""0"", ""aq-mode"": ""4"", ""aq-strength"": ""0.0"", ""b-adapt"": ""2"", ""bframes"": ""0"", ""crf"": ""32.0"", ""ctu"": ""16"", ""keyint"": ""402"", ""limit-refs"": ""1"", ""limit-tu"": ""4"", ""me"": ""hex"", ""merange"": ""45"", ""open-gop"": ""1"", ""psy-rd"": ""1.5"", ""psy-rdoq"": ""1.0"", ""qcomp"": ""0.6"", ""qpmax"": ""24"", ""qpmin"": ""11"", ""rc-lookahead"": ""22"", ""rd"": ""4"", ""rdoq-level"": ""0"", ""rect"": ""0"", ""ref"": ""1"", ""rskip"": ""0"", ""sao"": ""0"", ""scenecut"": ""58"", ""subme"": ""2"", ""tu-inter-depth"": ""3"", ""tu-intra-depth"": ""3"", ""weightb"": ""0"", ""weightp"": ""1"", ""wpp"": ""0""}"
x265,hebo,7301,plain,false,199,32.63,8.13,32.63,8.470890760421753,"['Standard', '320p', 30, '10s']",0.0,8.470796823501587,0.0,"{""amp"": ""1"", ""aq-mode"": ""0"", ""aq-strength"": ""0.8"", ""b-adapt"": ""2"", ""bframes"": ""0"", ""crf"": ""25.0"", ""ctu"": ""32"", ""keyint"": ""213"", ""limit-refs"": ""2"", ""limit-tu"": ""0"", ""me"": ""dia"", ""merange"": ""32"", ""open-gop"": ""0"", ""psy-rd"": ""0.0"", ""psy-rdoq"": ""2.5"", ""qcomp"": ""0.7"", ""qpmax"": ""28"", ""qpmin"": ""1"", ""rc-lookahead"": ""49"", ""rd"": ""3"", ""rdoq-level"": ""0"", ""rect"": ""0"", ""ref"": ""4"", ""rskip"": ""0"", ""sao"": ""1"", ""scenecut"": ""24"", ""subme"": ""4"", ""tu-inter-depth"": ""3"", ""tu-intra-depth"": ""1"", ""weightb"": ""1"", ""weightp"": ""1"", ""wpp"": ""1""}"
x265,hebo,7301,plain,false,200,78.74,3.69,78.74,4.01111102104187,"['Standard', '320p', 30, '10s']",0.0,4.011015892028809,0.0,"{""amp"": ""1"", ""aq-mode"": ""4"", ""aq-strength"": ""0.8"", ""b-adapt"": ""0"", ""bframes"": ""7"", ""crf"": ""32.0"", ""ctu"": ""16"", ""keyint"": ""480"", ""limit-refs"": ""1"", ""limit-tu"": ""2"", ""me"": ""dia"", ""merange"": ""41"", ""open-gop"": ""1"", ""psy-rd"": ""1.5"", ""psy-rdoq"": ""1.5"", ""qcomp"": ""0.6"", ""qpmax"": ""49"", ""qpmin"": ""5"", ""rc-lookahead"": ""24"", ""rd"": ""1"", ""rdoq-level"": ""0"", ""rect"": ""0"", ""ref"": ""2"", ""rskip"": ""1"", ""sao"": ""1"", ""scenecut"": ""43"", ""subme"": ""5"", ""tu-inter-depth"": ""2"", ""tu-intra-depth"": ""3"", ""weightb"": ""1"", ""weightp"": ""0"", ""wpp"": ""1""}"
x265,hebo,7302,plain,false,1,30.02,8.74,30.02,9.098463296890259,"['Standard', '320p', 30, '10s']",0.0,9.09716534614563,0.0,"{""amp"": ""0"", ""aq-mode"": ""4"", ""aq-strength"": ""0.5"", ""b-adapt"": ""1"", ""bframes"": ""2"", ""crf"": ""30.0"", ""ctu"": ""64"", ""keyint"": ""37"", ""limit-refs"": ""2"", ""limit-tu"": ""4"", ""me"": ""umh"", ""merange"": ""18"", ""open-gop"": ""1"", ""psy-rd"": ""2.5"", ""psy-rdoq"": ""4.0"", ""qcomp"": ""0.8"", ""qpmax"": ""28"", ""qpmin"": ""3"", ""rc-lookahead"": ""58"", ""rd"": ""2"", ""rdoq-level"": ""2"", ""rect"": ""0"", ""ref"": ""5"", ""rskip"": ""0"", ""sao"": ""0"", ""scenecut"": ""43"", ""subme"": ""4"", ""tu-inter-depth"": ""2"", ""tu-intra-depth"": ""2"", ""weightb"": ""1"", ""weightp"": ""0"", ""wpp"": ""1""}"
x265,hebo,7302,plain,false,2,15.73,14.72,15.73,15.194238662719727,"['Standard', '320p', 30, '10s']",0.0,15.19414234161377,0.0,"{""amp"": ""1"", ""aq-mode"": ""0"", ""aq-strength"": ""1.8"", ""b-adapt"": ""0"", ""bframes"": ""7"", ""crf"": ""20.0"", ""ctu"": ""16"", ""keyint"": ""397"", ""limit-refs"": ""1"", ""limit-tu"": ""2"", ""me"": ""hex"", ""merange"": ""42"", ""open-gop"": ""0"", ""psy-rd"": ""0.5"", ""psy-rdoq"": ""0.5"", ""qcomp"": ""0.6"", ""qpmax"": ""43"", ""qpmin"": ""17"", ""rc-lookahead"": ""10"", ""rd"": ""5"", ""rdoq-level"": ""0"", ""rect"": ""1"", ""ref"": ""1"", ""rskip"": ""1"", ""sao"": ""1"", ""scenecut"": ""86"", ""subme"": ""3"", ""tu-inter-depth"": ""3"", ""tu-intra-depth"": ""3"", ""weightb"": ""0"", ""weightp"": ""1"", ""wpp"": ""0""}"
x265,hebo,7302,plain,false,3,34.10,7.85,34.10,8.460612535476685,"['Standard', '320p', 30, '10s']",0.0,8.460467338562012,0.0,"{""amp"": ""1"", ""aq-mode"": ""3"", ""aq-strength"": ""0.8"", ""b-adapt"": ""2"", ""bframes"": ""6"", ""crf"": ""22.0"", ""ctu"": ""32"", ""keyint"": ""320"", ""limit-refs"": ""3"", ""limit-tu"": ""3"", ""me"": ""hex"", ""merange"": ""63"", ""open-gop"": ""1"", ""psy-rd"": ""3.0"", ""psy-rdoq"": ""3.5"", ""qcomp"": ""0.9"", ""qpmax"": ""26"", ""qpmin"": ""14"", ""rc-lookahead"": ""32"", ""rd"": ""4"", ""rdoq-level"": ""1"", ""rect"": ""0"", ""ref"": ""3"", ""rskip"": ""0"", ""sao"": ""0"", ""scenecut"": ""0"", ""subme"": ""2"", ""tu-inter-depth"": ""1"", ""tu-intra-depth"": ""4"", ""weightb"": ""0"", ""weightp"": ""0"", ""wpp"": ""0""}"
x265,hebo,7302,plain,false,4,2.32,41.57,2.32,41.90068435668945,"['Standard', '320p', 30, '10s']",0.0,41.90058493614197,0.0,"{""amp"": ""0"", ""aq-mode"": ""1"", ""aq-strength"": ""1.2"", ""b-adapt"": ""1"", ""bframes"": ""3"", ""crf"": ""25.0"", ""ctu"": ""32"", ""keyint"": ""174"", ""limit-refs"": ""0"", ""limit-tu"": ""1"", ""me"": ""full"", ""merange"": ""39"", ""open-gop"": ""0"", ""psy-rd"": ""1.0"", ""psy-rdoq"": ""2.0"", ""qcomp"": ""0.7"", ""qpmax"": ""42"", ""qpmin"": ""5"", ""rc-lookahead"": ""36"", ""rd"": ""3"", ""rdoq-level"": ""1"", ""rect"": ""1"", ""ref"": ""4"", ""rskip"": ""1"", ""sao"": ""1"", ""scenecut"": ""69"", ""subme"": ""5"", ""tu-inter-depth"": ""3"", ""tu-intra-depth"": ""2"", ""weightb"": ""1"", ""weightp"": ""1"", ""wpp"": ""1""}"
x265,hebo,7302,plain,false,5,5.00,30.47,5.00,30.809346437454224,"['Standard', '320p', 30, '10s']",0.0,30.809250116348267,0.0,"{""amp"": ""0"", ""aq-mode"": ""2"", ""aq-strength"": ""1.0"", ""b-adapt"": ""2"", ""bframes"": ""4"", ""crf"": ""22.0"", ""ctu"": ""16"", ""keyint"": ""260"", ""limit-refs"": ""0"", ""limit-tu"": ""0"", ""me"": ""star"", ""merange"": ""25"", ""open-gop"": ""1"", ""psy-rd"": ""3.0"", ""psy-rdoq"": ""2.5"", ""qcomp"": ""0.75"", ""qpmax"": ""39"", ""qpmin"": ""8"", ""rc-lookahead"": ""23"", ""rd"": ""6"", ""rdoq-level"": ""1"", ""rect"": ""0"", ""ref"": ""2"", ""rskip"": ""1"", ""sao"": ""1"", ""scenecut"": ""24"", ""subme"": ""4"", ""tu-inter-depth"": ""3"", ""tu-intra-depth"": ""3"", ""weightb"": ""1"", ""weightp"": ""0"", ""wpp"": ""1""}"
x265,hebo,7302,plain,false,6,30.20,8.69,30.20,9.026720523834229,"['Standard', '320p', 30, '10s']",0.0,9.026631116867065,0.0,"{""amp"": ""1"", ""aq-mode"": ""2"", ""aq-strength"": ""1.2"", ""b-adapt"": ""1"", ""bframes"": ""3"", ""crf"": ""28.0"", ""ctu"": ""64"", ""keyint"": ""352"", ""limit-refs"": ""2"", ""limit-tu"": ""2"", ""me"": ""dia"", ""merange"": ""49"", ""open-gop"": ""0"", ""psy-rd"": ""1.0"", ""psy-rdoq"": ""2.0"", ""qcomp"": ""0.5"", ""qpmax"": ""24"", ""qpmin"": ""12"", ""rc-lookahead"": ""46"", ""rd"": ""1"", ""rdoq-level"": ""1"", ""rect"": ""1"", ""ref"": ""4"", ""rskip"": ""0"", ""sao"": ""0"", ""scenecut"": ""55"", ""subme"": ""1"", ""tu-inter-depth"": ""1"", ""tu-intra-depth"": ""1"", ""weightb"": ""0"", ""weightp"": ""1"", ""wpp"": ""0""}"
x265,hebo,7302,plain,false,7,79.25,3.66,79.25,3.988657236099243,"['Standard', '320p', 30, '10s']",0.0,3.988521099090576,0.0,"{""amp"": ""1"", ""aq-mode"": ""3"", ""aq-strength"": ""0.5"", ""b-adapt"": ""1"", ""bframes"": ""0"", ""crf"": ""30.0"", ""ctu"": ""32"", ""keyint"": ""453"", ""limit-refs"": ""1"", ""limit-tu"": ""1"", ""me"": ""umh"", ""merange"": ""57"", ""open-gop"": ""1"", ""psy-rd"": ""3.5"", ""psy-rdoq"": ""5.0"", ""qcomp"": ""0.9"", ""qpmax"": ""49"", ""qpmin"": ""19"", ""rc-lookahead"": ""49"", ""rd"": ""3"", ""rdoq-level"": ""0"", ""rect"": ""0"", ""ref"": ""6"", ""rskip"": ""1"", ""sao"": ""1"", ""scenecut"": ""32"", ""subme"": ""2"", ""tu-inter-depth"": ""3"", ""tu-intra-depth"": ""2"", ""weightb"": ""0"", ""weightp"": ""0"", ""wpp"": ""0""}"
x265,hebo,7302,plain,false,8,5.20,29.85,5.20,30.333643913269043,"['Standard', '320p', 30, '10s']",0.0,30.33354139328003,0.0,"{""amp"": ""0"", ""aq-mode"": ""1"", ""aq-strength"": ""1.8"", ""b-adapt"": ""0"", ""bframes"": ""7"", ""crf"": ""18.0"", ""ctu"": ""32"", ""keyint"": ""101"", ""limit-refs"": ""2"", ""limit-tu"": ""3"", ""me"": ""star"", ""merange"": ""34"", ""open-gop"": ""0"", ""psy-rd"": ""1.5"", ""psy-rdoq"": ""0.5"", ""qcomp"": ""0.75"", ""qpmax"": ""33"", ""qpmin"": ""0"", ""rc-lookahead"": ""19"", ""rd"": ""5"", ""rdoq-level"": ""2"", ""rect"": ""1"", ""ref"": ""2"", ""rskip"": ""0"", ""sao"": ""0"", ""scenecut"": ""88"", ""subme"": ""3"", ""tu-inter-depth"": ""2"", ""tu-intra-depth"": ""3"", ""weightb"": ""1"", ""weightp"": ""1"", ""wpp"": ""1""}"
x265,hebo,7302,plain,false,9,63.56,4.49,63.56,4.82864785194397,"['Standard', '320p', 30, '10s']",0.0,4.828557252883911,0.0,"{""amp"": ""0"", ""aq-mode"": ""3"", ""aq-strength"": ""1.5"", ""b-adapt"": ""2"", ""bframes"": ""5"", ""crf"": ""32.0"", ""ctu"": ""64"", ""keyint"": ""82"", ""limit-refs"": ""1"", ""limit-tu"": ""2"", ""me"": ""umh"", ""merange"": ""36"", ""open-gop"": ""1"", ""psy-rd"": ""0.5"", ""psy-rdoq"": ""3.0"", ""qcomp"": ""0.7"", ""qpmax"": ""36"", ""qpmin"": ""13"", ""rc-lookahead"": ""19"", ""rd"": ""3"", ""rdoq-level"": ""1"", ""rect"": ""0"", ""ref"": ""3"", ""rskip"": ""1"", ""sao"": ""1"", ""scenecut"": ""61"", ""subme"": ""3"", ""tu-inter-depth"": ""3"", ""tu-intra-depth"": ""3"", ""weightb"": ""0"", ""weightp"": ""0"", ""wpp"": ""0""}"
x265,hebo,7302,plain,false,10,15.93,14.58,15.93,14.909889698028564,"['Standard', '320p', 30, '10s']",0.0,14.909803628921509,0.0,"{""amp"": ""1"", ""aq-mode"": ""1"", ""aq-strength"": ""0.0"", ""b-adapt"": ""1"", ""bframes"": ""2"", ""crf"": ""20.0"", ""ctu"": ""16"", ""keyint"": ""412"", ""limit-refs"": ""3"", ""limit-tu"": ""0"", ""me"": ""star"", ""merange"": ""60"", ""open-gop"": ""0"", ""psy-rd"": ""2.5"", ""psy-rdoq"": ""2.5"", ""qcomp"": ""0.9"", ""qpmax"": ""20"", ""qpmin"": ""6"", ""rc-lookahead"": ""52"", ""rd"": ""4"", ""rdoq-level"": ""1"", ""rect"": ""1"", ""ref"": ""4"", ""rskip"": ""0"", ""sao"": ""0"", ""scenecut"": ""16"", ""subme"": ""4"", ""tu-inter-depth"": ""1"", ""tu-intra-depth"": ""1"", ""weightb"": ""1"", ""weightp"": ""1"", ""wpp"": ""1""}"
x265,hebo,7302,plain,false,11,8.88,21.96,8.88,22.271165132522583,"['Standard', '320p', 30, '10s']",0.0,22.271076917648315,0.0,"{""amp"": ""1"", ""aq-mode"": ""4"", ""aq-strength"": ""1.2"", ""b-adapt"": ""1"", ""bframes"": ""1"", ""crf"": ""22.0"", ""ctu"": ""32"", ""keyint"": ""275"", ""limit-refs"": ""1"", ""limit-tu"": ""3"", ""me"": ""star"", ""merange"": ""45"", ""open-gop"": ""1"", ""psy-rd"": ""2.0"", ""psy-rdoq"": ""4.5"", ""qcomp"": ""0.6"", ""qpmax"": ""49"", ""qpmin"": ""4"", ""rc-lookahead"": ""43"", ""rd"": ""5"", ""rdoq-level"": ""2"", ""rect"": ""0"", ""ref"": ""6"", ""rskip"": ""1"", ""sao"": ""1"", ""scenecut"": ""97"", ""subme"": ""5"", ""tu-inter-depth"": ""4"", ""tu-intra-depth"": ""2"", ""weightb"": ""1"", ""weightp"": ""0"", ""wpp"": ""1""}"
x265,hebo,7302,plain,false,12,64.50,4.43,64.50,4.765897035598755,"['Standard', '320p', 30, '10s']",0.0,4.765807628631592,0.0,"{""amp"": ""0"", ""aq-mode"": ""0"", ""aq-strength"": ""0.8"", ""b-adapt"": ""0"", ""bframes"": ""6"", ""crf"": ""28.0"", ""ctu"": ""32"", ""keyint"": ""160"", ""limit-refs"": ""2"", ""limit-tu"": ""1"", ""me"": ""dia"", ""merange"": ""21"", ""open-gop"": ""0"", ""psy-rd"": ""4.0"", ""psy-rdoq"": ""0.0"", ""qcomp"": ""0.8"", ""qpmax"": ""34"", ""qpmin"": ""15"", ""rc-lookahead"": ""28"", ""rd"": ""2"", ""rdoq-level"": ""0"", ""rect"": ""1"", ""ref"": ""2"", ""rskip"": ""0"", ""sao"": ""0"", ""scenecut"": ""27"", ""subme"": ""2"", ""tu-inter-depth"": ""2"", ""tu-intra-depth"": ""3"", ""weightb"": ""0"", ""weightp"": ""1"", ""wpp"": ""0""}"
x265,hebo,7302,plain,false,13,55.51,5.08,55.51,5.40776515007019,"['Standard', '320p', 30, '10s']",0.0,5.407677888870239,0.0,"{""amp"": ""0"", ""aq-mode"": ""3"", ""aq-strength"": ""1.5"", ""b-adapt"": ""1"", ""bframes"": ""1"", ""crf"": ""25.0"", ""ctu"": ""16"", ""keyint"": ""215"", ""limit-refs"": ""2"", ""limit-tu"": ""2"", ""me"": ""hex"", ""merange"": ""31"", ""open-gop"": ""1"", ""psy-rd"": ""0.0"", ""psy-rdoq"": ""4.0"", ""qcomp"": ""0.75"", ""qpmax"": ""31"", ""qpmin"": ""18"", ""rc-lookahead"": ""40"", ""rd"": ""4"", ""rdoq-level"": ""0"", ""rect"": ""0"", ""ref"": ""5"", ""rskip"": ""0"", ""sao"": ""0"", ""scenecut"": ""80"", ""subme"": ""1"", ""tu-inter-depth"": ""2"", ""tu-intra-depth"": ""2"", ""weightb"": ""0"", ""weightp"": ""0"", ""wpp"": ""0""}"
x265,hebo,7302,plain,false,14,-1.45,85.58,-1.45,85.89788389205933,"['Standard', '320p', 30, '10s']",0.0,85.897789478302,0.0,"{""amp"": ""1"", ""aq-mode"": ""1"", ""aq-strength"": ""1.0"", ""b-adapt"": ""0"", ""bframes"": ""8"", ""crf"": ""28.0"", ""ctu"": ""64"", ""keyint"": ""338"", ""limit-refs"": ""1"", ""limit-tu"": ""4"", ""me"": ""full"", ""merange"": ""55"", ""open-gop"": ""0"", ""psy-rd"": ""2.0"", ""psy-rdoq"": ""1.0"", ""qcomp"": ""1.0"", ""qpmax"": ""47"", ""qpmin"": ""1"", ""rc-lookahead"": ""32"", ""rd"": ""3"", ""rdoq-level"": ""2"", ""rect"": ""1"", ""ref"": ""2"", ""rskip"": ""1"", ""sao"": ""1"", ""scenecut"": ""48"", ""subme"": ""4"", ""tu-inter-depth"": ""4"", ""tu-intra-depth"": ""3"", ""weightb"": ""1"", ""weightp"": ""1"", ""wpp"": ""1""}"
x265,hebo,7302,plain,false,15,35.07,7.64,35.07,7.980876207351685,"['Standard', '320p', 30, '10s']",0.0,7.980780601501465,0.0,"{""amp"": ""1"", ""aq-mode"": ""2"", ""aq-strength"": ""2.0"", ""b-adapt"": ""2"", ""bframes"": ""5"", ""crf"": ""30.0"", ""ctu"": ""32"", ""keyint"": ""497"", ""limit-refs"": ""3"", ""limit-tu"": ""1"", ""me"": ""umh"", ""merange"": ""51"", ""open-gop"": ""1"", ""psy-rd"": ""1.5"", ""psy-rdoq"": ""3.0"", ""qcomp"": ""0.6"", ""qpmax"": ""26"", ""qpmin"": ""9"", ""rc-lookahead"": ""16"", ""rd"": ""1"", ""rdoq-level"": ""1"", ""rect"": ""0"", ""ref"": ""3"", ""rskip"": ""0"", ""sao"": ""0"", ""scenecut"": ""65"", ""subme"": ""3"", ""tu-inter-depth"": ""2"", ""tu-intra-depth"": ""4"", ""weightb"": ""1"", ""weightp"": ""0"", ""wpp"": ""1""}"
x265,hebo,7302,plain,false,16,0.90,51.61,0.90,51.96019268035889,"['Standard', '320p', 30, '10s']",0.0,51.96009683609009,0.0,"{""amp"": ""0"", ""aq-mode"": ""2"", ""aq-strength"": ""0.8"", ""b-adapt"": ""1"", ""bframes"": ""4"", ""crf"": ""20.0"", ""ctu"": ""32"", ""keyint"": ""114"", ""limit-refs"": ""0"", ""limit-tu"": ""3"", ""me"": ""hex"", ""merange"": ""28"", ""open-gop"": ""0"", ""psy-rd"": ""3.5"", ""psy-rdoq"": ""1.5"", ""qcomp"": ""0.8"", ""qpmax"": ""41"", ""qpmin"": ""10"", ""rc-lookahead"": ""55"", ""rd"": ""6"", ""rdoq-level"": ""1"", ""rect"": ""1"", ""ref"": ""5"", ""rskip"": ""1"", ""sao"": ""1"", ""scenecut"": ""9"", ""subme"": ""2"", ""tu-inter-depth"": ""3"", ""tu-intra-depth"": ""2"", ""weightb"": ""0"", ""weightp"": ""1"", ""wpp"": ""0""}"
x265,hebo,7302,plain,false,17,8.62,22.41,8.62,22.92293429374695,"['Standard', '320p', 30, '10s']",0.0,22.922847270965576,0.0,"{""amp"": ""0"", ""aq-mode"": ""2"", ""aq-strength"": ""0.5"", ""b-adapt"": ""0"", ""bframes"": ""5"", ""crf"": ""30.0"", ""ctu"": ""32"", ""keyint"": ""235"", ""limit-refs"": ""1"", ""limit-tu"": ""2"", ""me"": ""full"", ""merange"": ""53"", ""open-gop"": ""1"", ""psy-rd"": ""2.5"", ""psy-rdoq"": ""2.5"", ""qcomp"": ""0.9"", ""qpmax"": ""29"", ""qpmin"": ""14"", ""rc-lookahead"": ""54"", ""rd"": ""1"", ""rdoq-level"": ""0"", ""rect"": ""1"", ""ref"": ""4"", ""rskip"": ""0"", ""sao"": ""1"", ""scenecut"": ""93"", ""subme"": ""5"", ""tu-inter-depth"": ""4"", ""tu-intra-depth"": ""4"", ""weightb"": ""0"", ""weightp"": ""1"", ""wpp"": ""1""}"
x265,hebo,7302,plain,false,18,5.92,27.9,5.92,28.245254039764404,"['Standard', '320p', 30, '10s']",0.0,28.24514603614807,0.0,"{""amp"": ""1"", ""aq-mode"": ""2"", ""aq-strength"": ""1.8"", ""b-adapt"": ""1"", ""bframes"": ""4"", ""crf"": ""18.0"", ""ctu"": ""32"", ""keyint"": ""381"", ""limit-refs"": ""2"", ""limit-tu"": ""4"", ""me"": ""hex"", ""merange"": ""29"", ""open-gop"": ""0"", ""psy-rd"": ""0.5"", ""psy-rdoq"": ""2.0"", ""qcomp"": ""0.7"", ""qpmax"": ""45"", ""qpmin"": ""6"", ""rc-lookahead"": ""14"", ""rd"": ""6"", ""rdoq-level"": ""2"", ""rect"": ""0"", ""ref"": ""3"", ""rskip"": ""1"", ""sao"": ""0"", ""scenecut"": ""36"", ""subme"": ""2"", ""tu-inter-depth"": ""2"", ""tu-intra-depth"": ""1"", ""weightb"": ""1"", ""weightp"": ""0"", ""wpp"": ""0""}"
x265,hebo,7302,plain,false,19,-1.14,78.8,-1.14,79.13668632507324,"['Standard', '320p', 30, '10s']",0.0,79.13659477233887,0.0,"{""amp"": ""1"", ""aq-mode"": ""3"", ""aq-strength"": ""1.0"", ""b-adapt"": ""1"", ""bframes"": ""1"", ""crf"": ""22.0"", ""ctu"": ""64"", ""keyint"": ""459"", ""limit-refs"": ""0"", ""limit-tu"": ""1"", ""me"": ""hex"", ""merange"": ""26"", ""open-gop"": ""1"", ""psy-rd"": ""4.0"", ""psy-rdoq"": ""4.5"", ""qcomp"": ""0.8"", ""qpmax"": ""27"", ""qpmin"": ""3"", ""rc-lookahead"": ""30"", ""rd"": ""5"", ""rdoq-level"": ""1"", ""rect"": ""1"", ""ref"": ""2"", ""rskip"": ""0"", ""sao"": ""1"", ""scenecut"": ""51"", ""subme"": ""3"", ""tu-inter-depth"": ""3"", ""tu-intra-depth"": ""2"", ""weightb"": ""1"", ""weightp"": ""1"", ""wpp"": ""0""}"
x265,hebo,7302,plain,false,20,71.15,4.05,71.15,4.371746063232422,"['Standard', '320p', 30, '10s']",0.0,4.3716583251953125,0.0,"{""amp"": ""0"", ""aq-mode"": ""1"", ""aq-strength"": ""1.5"", ""b-adapt"": ""2"", ""bframes"": ""8"", ""crf"": ""28.0"", ""ctu"": ""16"", ""keyint"": ""98"", ""limit-refs"": ""3"", ""limit-tu"": ""3"", ""me"": ""umh"", ""merange"": ""50"", ""open-gop"": ""0"", ""psy-rd"": ""2.0"", ""psy-rdoq"": ""0.5"", ""qcomp"": ""0.6"", ""qpmax"": ""42"", ""qpmin"": ""17"", ""rc-lookahead"": ""39"", ""rd"": ""2"", ""rdoq-level"": ""1"", ""rect"": ""0"", ""ref"": ""6"", ""rskip"": ""1"", ""sao"": ""0"", ""scenecut"": ""19"", ""subme"": ""4"", ""tu-inter-depth"": ""1"", ""tu-intra-depth"": ""3"", ""weightb"": ""0"", ""weightp"": ""0"", ""wpp"": ""1""}"
x265,hebo,7302,plain,false,21,7.35,24.71,7.35,25.20035719871521,"['Standard', '320p', 30, '10s']",0.0,25.20026397705078,0.0,"{""amp"": ""0"", ""aq-mode"": ""4"", ""aq-strength"": ""0.8"", ""b-adapt"": ""1"", ""bframes"": ""1"", ""crf"": ""22.0"", ""ctu"": ""32"", ""keyint"": ""43"", ""limit-refs"": ""2"", ""limit-tu"": ""2"", ""me"": ""star"", ""merange"": ""58"", ""open-gop"": ""1"", ""psy-rd"": ""2.0"", ""psy-rdoq"": ""4.0"", ""qcomp"": ""1.0"", ""qpmax"": ""38"", ""qpmin"": ""20"", ""rc-lookahead"": ""27"", ""rd"": ""5"", ""rdoq-level"": ""1"", ""rect"": ""1"", ""ref"": ""1"", ""rskip"": ""1"", ""sao"": ""0"", ""scenecut"": ""74"", ""subme"": ""3"", ""tu-inter-depth"": ""2"", ""tu-intra-depth"": ""2"", ""weightb"": ""0"", ""weightp"": ""1"", ""wpp"": ""1""}"
x265,hebo,7302,plain,false,22,20.35,12.05,20.35,12.355523347854614,"['Standard', '320p', 30, '10s']",0.0,12.355433940887451,0.0,"{""amp"": ""1"", ""aq-mode"": ""0"", ""aq-strength"": ""1.2"", ""b-adapt"": ""2"", ""bframes"": ""6"", ""crf"": ""25.0"", ""ctu"": ""32"", ""keyint"": ""394"", ""limit-refs"": ""1"", ""limit-tu"": ""0"", ""me"": ""umh"", ""merange"": ""34"", ""open-gop"": ""0"", ""psy-rd"": ""0.0"", ""psy-rdoq"": ""1.0"", ""qcomp"": ""0.75"", ""qpmax"": ""23"", ""qpmin"": ""1"", ""rc-lookahead"": ""42"", ""rd"": ""2"", ""rdoq-level"": ""1"", ""rect"": ""0"", ""ref"": ""5"", ""rskip"": ""0"", ""sao"": ""1"", ""scenecut"": ""5"", ""subme"": ""2"", ""tu-inter-depth"": ""3"", ""tu-intra-depth"": ""3"", ""weightb"": ""1"", ""weightp"": ""0"", ""wpp"": ""0""}"
x265,hebo,7302,plain,false,23,68.73,4.18,68.73,4.504481077194214,"['Standard', '320p', 30, '10s']",0.0,4.504393815994263,0.0,"{""amp"": ""1"", ""aq-mode"": ""3"", ""aq-strength"": ""0.0"", ""b-adapt"": ""0"", ""bframes"": ""5"", ""crf"": ""30.0"", ""ctu"": ""16"", ""keyint"": ""294"", ""limit-refs"": ""2"", ""limit-tu"": ""3"", ""me"": ""dia"", ""merange"": ""20"", ""open-gop"": ""1"", ""psy-rd"": ""3.5"", ""psy-rdoq"": ""3.5"", ""qcomp"": ""0.8"", ""qpmax"": ""48"", ""qpmin"": ""8"", ""rc-lookahead"": ""51"", ""rd"": ""3"", ""rdoq-level"": ""2"", ""rect"": ""1"", ""ref"": ""5"", ""rskip"": ""1"", ""sao"": ""0"", ""scenecut"": ""82"", ""subme"": ""1"", ""tu-inter-depth"": ""2"", ""tu-intra-depth"": ""3"", ""weightb"": ""1"", ""weightp"": ""1"", ""wpp"": ""0""}"
x265,hebo,7302,plain,false,24,46.25,5.98,46.25,6.322342395782471,"['Standard', '320p', 30, '10s']",0.0,6.32225775718689,0.0,"{""amp"": ""0"", ""aq-mode"": ""1"", ""aq-strength"": ""1.8"", ""b-adapt"": ""1"", ""bframes"": ""2"", ""crf"": ""20.0"", ""ctu"": ""64"", ""keyint"": ""202"", ""limit-refs"": ""1"", ""limit-tu"": ""1"", ""me"": ""star"", ""merange"": ""43"", ""open-gop"": ""0"", ""psy-rd"": ""1.5"", ""psy-rdoq"": ""1.5"", ""qcomp"": ""0.5"", ""qpmax"": ""32"", ""qpmin"": ""12"", ""rc-lookahead"": ""17"", ""rd"": ""4"", ""rdoq-level"": ""0"", ""rect"": ""0"", ""ref"": ""3"", ""rskip"": ""0"", ""sao"": ""1"", ""scenecut"": ""38"", ""subme"": ""4"", ""tu-inter-depth"": ""3"", ""tu-intra-depth"": ""1"", ""weightb"": ""0"", ""weightp"": ""0"", ""wpp"": ""1""}"
x265,hebo,7302,plain,false,25,89.37,3.27,89.37,3.6048166751861572,"['Standard', '320p', 30, '10s']",0.0,3.604707956314087,0.0,"{""amp"": ""0"", ""aq-mode"": ""3"", ""aq-strength"": ""2.0"", ""b-adapt"": ""1"", ""bframes"": ""0"", ""crf"": ""30.0"", ""ctu"": ""32"", ""keyint"": ""221"", ""limit-refs"": ""2"", ""limit-tu"": ""0"", ""me"": ""dia"", ""merange"": ""47"", ""open-gop"": ""1"", ""psy-rd"": ""0.5"", ""psy-rdoq"": ""4.0"", ""qcomp"": ""0.6"", ""qpmax"": ""37"", ""qpmin"": ""5"", ""rc-lookahead"": ""22"", ""rd"": ""3"", ""rdoq-level"": ""1"", ""rect"": ""1"", ""ref"": ""1"", ""rskip"": ""1"", ""sao"": ""0"", ""scenecut"": ""11"", ""subme"": ""2"", ""tu-inter-depth"": ""1"", ""tu-intra-depth"": ""2"", ""weightb"": ""1"", ""weightp"": ""1"", ""wpp"": ""0""}"
x265,hebo,7302,plain,false,26,12.96,16.98,12.96,17.31843328475952,"['Standard', '320p', 30, '10s']",0.0,17.318342924118042,0.0,"{""amp"": ""1"", ""aq-mode"": ""1"", ""aq-strength"": ""0.5"", ""b-adapt"": ""2"", ""bframes"": ""7"", ""crf"": ""20.0"", ""ctu"": ""32"", ""keyint"": ""335"", ""limit-refs"": ""0"", ""limit-tu"": ""2"", ""me"": ""star"", ""merange"": ""23"", ""open-gop"": ""0"", ""psy-rd"": ""2.5"", ""psy-rdoq"": ""1.0"", ""qcomp"": ""0.8"", ""qpmax"": ""21"", ""qpmin"": ""16"", ""rc-lookahead"": ""50"", ""rd"": ""4"", ""rdoq-level"": ""1"", ""rect"": ""0"", ""ref"": ""5"", ""rskip"": ""0"", ""sao"": ""1"", ""scenecut"": ""67"", ""subme"": ""5"", ""tu-inter-depth"": ""3"", ""tu-intra-depth"": ""3"", ""weightb"": ""0"", ""weightp"": ""0"", ""wpp"": ""1""}"
x265,hebo,7302,plain,false,27,13.52,16.47,13.52,16.80407428741455,"['Standard', '320p', 30, '10s']",0.0,16.80398440361023,0.0,"{""amp"": ""1"", ""aq-mode"": ""2"", ""aq-strength"": ""1.5"", ""b-adapt"": ""0"", ""bframes"": ""4"", ""crf"": ""25.0"", ""ctu"": ""64"", ""keyint"": ""472"", ""limit-refs"": ""2"", ""limit-tu"": ""1"", ""me"": ""star"", ""merange"": ""32"", ""open-gop"": ""1"", ""psy-rd"": ""1.0"", ""psy-rdoq"": ""3.5"", ""qcomp"": ""0.7"", ""qpmax"": ""50"", ""qpmin"": ""14"", ""rc-lookahead"": ""47"", ""rd"": ""5"", ""rdoq-level"": ""0"", ""rect"": ""1"", ""ref"": ""4"", ""rskip"": ""1"", ""sao"": ""0"", ""scenecut"": ""47"", ""subme"": ""4"", ""tu-inter-depth"": ""2"", ""tu-intra-depth"": ""3"", ""weightb"": ""0"", ""weightp"": ""1"", ""wpp"": ""1""}"
x265,hebo,7302,plain,false,28,62.17,4.58,62.17,4.900475025177002,"['Standard', '320p', 30, '10s']",0.0,4.900389194488525,0.0,"{""amp"": ""0"", ""aq-mode"": ""2"", ""aq-strength"": ""1.0"", ""b-adapt"": ""1"", ""bframes"": ""3"", ""crf"": ""28.0"", ""ctu"": ""16"", ""keyint"": ""143"", ""limit-refs"": ""1"", ""limit-tu"": ""3"", ""me"": ""umh"", ""merange"": ""56"", ""open-gop"": ""0"", ""psy-rd"": ""3.0"", ""psy-rdoq"": ""1.5"", ""qcomp"": ""0.9"", ""qpmax"": ""35"", ""qpmin"": ""7"", ""rc-lookahead"": ""25"", ""rd"": ""1"", ""rdoq-level"": ""2"", ""rect"": ""0"", ""ref"": ""3"", ""rskip"": ""0"", ""sao"": ""1"", ""scenecut"": ""78"", ""subme"": ""3"", ""tu-inter-depth"": ""3"", ""tu-intra-depth"": ""1"", ""weightb"": ""1"", ""weightp"": ""0"", ""wpp"": ""0""}"
x265,hebo,7302,plain,false,29,25.47,10.03,25.47,10.355364561080933,"['Standard', '320p', 30, '10s']",0.0,10.355239152908325,0.0,"{""amp"": ""0"", ""aq-mode"": ""3"", ""aq-strength"": ""1.2"", ""b-adapt"": ""0"", ""bframes"": ""6"", ""crf"": ""22.0"", ""ctu"": ""32"", ""keyint"": ""57"", ""limit-refs"": ""1"", ""limit-tu"": ""4"", ""me"": ""hex"", ""merange"": ""41"", ""open-gop"": ""1"", ""psy-rd"": ""1.0"", ""psy-rdoq"": ""3.0"", ""qcomp"": ""0.5"", ""qpmax"": ""31"", ""qpmin"": ""10"", ""rc-lookahead"": ""37"", ""rd"": ""4"", ""rdoq-level"": ""2"", ""rect"": ""1"", ""ref"": ""4"", ""rskip"": ""0"", ""sao"": ""1"", ""scenecut"": ""29"", ""subme"": ""2"", ""tu-inter-depth"": ""3"", ""tu-intra-depth"": ""4"", ""weightb"": ""1"", ""weightp"": ""1"", ""wpp"": ""0""}"
x265,hebo,7302,plain,false,30,99.25,2.97,99.25,3.296492576599121,"['Standard', '320p', 30, '10s']",0.0,3.2964067459106445,0.0,"{""amp"": ""1"", ""aq-mode"": ""1"", ""aq-strength"": ""0.8"", ""b-adapt"": ""1"", ""bframes"": ""3"", ""crf"": ""28.0"", ""ctu"": ""32"", ""keyint"": ""440"", ""limit-refs"": ""2"", ""limit-tu"": ""2"", ""me"": ""umh"", ""merange"": ""16"", ""open-gop"": ""0"", ""psy-rd"": ""3.0"", ""psy-rdoq"": ""2.5"", ""qcomp"": ""0.75"", ""qpmax"": ""46"", ""qpmin"": ""11"", ""rc-lookahead"": ""34"", ""rd"": ""3"", ""rdoq-level"": ""0"", ""rect"": ""0"", ""ref"": ""2"", ""rskip"": ""1"", ""sao"": ""0"", ""scenecut"": ""98"", ""subme"": ""3"", ""tu-inter-depth"": ""2"", ""tu-intra-depth"": ""2"", ""weightb"": ""0"", ""weightp"": ""0"", ""wpp"": ""1""}"
x265,hebo,7302,plain,false,31,19.79,12.36,19.79,12.920489072799683,"['Standard', '320p', 30, '10s']",0.0,12.920378684997559,0.0,"{""amp"": ""0"", ""aq-mode"": ""4"", ""aq-strength"": ""0.5"", ""b-adapt"": ""1"", ""bframes"": ""8"", ""crf"": ""32.0"", ""ctu"": ""16"", ""keyint"": ""220"", ""limit-refs"": ""3"", ""limit-tu"": ""3"", ""me"": ""dia"", ""merange"": ""48"", ""open-gop"": ""0"", ""psy-rd"": ""3.0"", ""psy-rdoq"": ""5.0"", ""qcomp"": ""0.5"", ""qpmax"": ""27"", ""qpmin"": ""18"", ""rc-lookahead"": ""32"", ""rd"": ""3"", ""rdoq-level"": ""2"", ""rect"": ""1"", ""ref"": ""4"", ""rskip"": ""0"", ""sao"": ""1"", ""scenecut"": ""41"", ""subme"": ""5"", ""tu-inter-depth"": ""2"", ""tu-intra-depth"": ""3"", ""weightb"": ""1"", ""weightp"": ""1"", ""wpp"": ""1""}"
x265,hebo,7302,plain,false,32,4.98,30.52,4.98,30.854487657546997,"['Standard', '320p', 30, '10s']",0.0,30.854383945465088,0.0,"{""amp"": ""1"", ""aq-mode"": ""4"", ""aq-strength"": ""1.0"", ""b-adapt"": ""2"", ""bframes"": ""7"", ""crf"": ""20.0"", ""ctu"": ""32"", ""keyint"": ""150"", ""limit-refs"": ""2"", ""limit-tu"": ""4"", ""me"": ""star"", ""merange"": ""46"", ""open-gop"": ""1"", ""psy-rd"": ""1.5"", ""psy-rdoq"": ""2.0"", ""qcomp"": ""0.7"", ""qpmax"": ""47"", ""qpmin"": ""19"", ""rc-lookahead"": ""57"", ""rd"": ""5"", ""rdoq-level"": ""1"", ""rect"": ""1"", ""ref"": ""6"", ""rskip"": ""1"", ""sao"": ""1"", ""scenecut"": ""67"", ""subme"": ""5"", ""tu-inter-depth"": ""4"", ""tu-intra-depth"": ""4"", ""weightb"": ""1"", ""weightp"": ""1"", ""wpp"": ""1""}"
x265,hebo,7302,plain,false,33,5.40,29.28,5.40,29.615408658981323,"['Standard', '320p', 30, '10s']",0.0,29.615301370620728,0.0,"{""amp"": ""0"", ""aq-mode"": ""3"", ""aq-strength"": ""2.0"", ""b-adapt"": ""0"", ""bframes"": ""2"", ""crf"": ""18.0"", ""ctu"": ""16"", ""keyint"": ""235"", ""limit-refs"": ""3"", ""limit-tu"": ""2"", ""me"": ""umh"", ""merange"": ""29"", ""open-gop"": ""0"", ""psy-rd"": ""3.5"", ""psy-rdoq"": ""2.0"", ""qcomp"": ""0.7"", ""qpmax"": ""20"", ""qpmin"": ""15"", ""rc-lookahead"": ""29"", ""rd"": ""5"", ""rdoq-level"": ""2"", ""rect"": ""0"", ""ref"": ""3"", ""rskip"": ""0"", ""sao"": ""1"", ""scenecut"": ""22"", ""subme"": ""1"", ""tu-inter-depth"": ""1"", ""tu-intra-depth"": ""1"", ""weightb"": ""0"", ""weightp"": ""1"", ""wpp"": ""1""}"
x265,hebo,7302,plain,false,34,22.81,10.99,22.81,11.315433979034424,"['Standard', '320p', 30, '10s']",0.0,11.315340042114258,0.0,"{""amp"": ""0"", ""aq-mode"": ""3"", ""aq-strength"": ""1.5"", ""b-adapt"": ""0"", ""bframes"": ""2"", ""crf"": ""28.0"", ""ctu"": ""64"", ""keyint"": ""359"", ""limit-refs"": ""2"", ""limit-tu"": ""2"", ""me"": ""star"", ""merange"": ""51"", ""open-gop"": ""1"", ""psy-rd"": ""1.5"", ""psy-rdoq"": ""0.0"", ""qcomp"": ""0.9"", ""qpmax"": ""25"", ""qpmin"": ""7"", ""rc-lookahead"": ""27"", ""rd"": ""3"", ""rdoq-level"": ""0"", ""rect"": ""1"", ""ref"": ""2"", ""rskip"": ""0"", ""sao"": ""1"", ""scenecut"": ""42"", ""subme"": ""5"", ""tu-inter-depth"": ""3"", ""tu-intra-depth"": ""2"", ""weightb"": ""0"", ""weightp"": ""1"", ""wpp"": ""0""}"
x265,hebo,7302,plain,false,35,8.06,23.33,8.06,23.671233654022217,"['Standard', '320p', 30, '10s']",0.0,23.67113208770752,0.0,"{""amp"": ""1"", ""aq-mode"": ""0"", ""aq-strength"": ""2.0"", ""b-adapt"": ""0"", ""bframes"": ""6"", ""crf"": ""22.0"", ""ctu"": ""64"", ""keyint"": ""435"", ""limit-refs"": ""2"", ""limit-tu"": ""4"", ""me"": ""star"", ""merange"": ""62"", ""open-gop"": ""1"", ""psy-rd"": ""3.5"", ""psy-rdoq"": ""2.5"", ""qcomp"": ""0.6"", ""qpmax"": ""34"", ""qpmin"": ""11"", ""rc-lookahead"": ""43"", ""rd"": ""5"", ""rdoq-level"": ""2"", ""rect"": ""0"", ""ref"": ""4"", ""rskip"": ""0"", ""sao"": ""0"", ""scenecut"": ""72"", ""subme"": ""2"", ""tu-inter-depth"": ""2"", ""tu-intra-depth"": ""2"", ""weightb"": ""1"", ""weightp"": ""0"", ""wpp"": ""1""}"
x265,hebo,7302,plain,false,36,2.58,40.16,2.58,40.489484786987305,"['Standard', '320p', 30, '10s']",0.0,40.48938727378845,0.0,"{""amp"": ""1"", ""aq-mode"": ""3"", ""aq-strength"": ""0.8"", ""b-adapt"": ""2"", ""bframes"": ""6"", ""crf"": ""20.0"", ""ctu"": ""32"", ""keyint"": ""500"", ""limit-refs"": ""3"", ""limit-tu"": ""4"", ""me"": ""dia"", ""merange"": ""53"", ""open-gop"": ""1"", ""psy-rd"": ""0.0"", ""psy-rdoq"": ""5.0"", ""qcomp"": ""0.8"", ""qpmax"": ""47"", ""qpmin"": ""12"", ""rc-lookahead"": ""26"", ""rd"": ""6"", ""rdoq-level"": ""2"", ""rect"": ""1"", ""ref"": ""5"", ""rskip"": ""1"", ""sao"": ""1"", ""scenecut"": ""48"", ""subme"": ""5"", ""tu-inter-depth"": ""3"", ""tu-intra-depth"": ""3"", ""weightb"": ""1"", ""weightp"": ""1"", ""wpp"": ""0""}"
x265,hebo,7302,plain,false,37,2.32,41.64,2.32,42.093101024627686,"['Standard', '320p', 30, '10s']",0.0,42.09300374984741,0.0,"{""amp"": ""1"", ""aq-mode"": ""3"", ""aq-strength"": ""2.0"", ""b-adapt"": ""1"", ""bframes"": ""6"", ""crf"": ""28.0"", ""ctu"": ""64"", ""keyint"": ""382"", ""limit-refs"": ""1"", ""limit-tu"": ""2"", ""me"": ""hex"", ""merange"": ""55"", ""open-gop"": ""1"", ""psy-rd"": ""4.0"", ""psy-rdoq"": ""3.5"", ""qcomp"": ""0.9"", ""qpmax"": ""48"", ""qpmin"": ""2"", ""rc-lookahead"": ""57"", ""rd"": ""6"", ""rdoq-level"": ""2"", ""rect"": ""1"", ""ref"": ""5"", ""rskip"": ""0"", ""sao"": ""1"", ""scenecut"": ""12"", ""subme"": ""3"", ""tu-inter-depth"": ""3"", ""tu-intra-depth"": ""2"", ""weightb"": ""1"", ""weightp"": ""0"", ""wpp"": ""1""}"
x265,hebo,7302,plain,false,38,-0.08,61.79,-0.08,62.127272605895996,"['Standard', '320p', 30, '10s']",0.0,62.127166509628296,0.0,"{""amp"": ""0"", ""aq-mode"": ""4"", ""aq-strength"": ""0.8"", ""b-adapt"": ""2"", ""bframes"": ""2"", ""crf"": ""22.0"", ""ctu"": ""32"", ""keyint"": ""127"", ""limit-refs"": ""1"", ""limit-tu"": ""4"", ""me"": ""umh"", ""merange"": ""39"", ""open-gop"": ""0"", ""psy-rd"": ""4.0"", ""psy-rdoq"": ""4.0"", ""qcomp"": ""0.5"", ""qpmax"": ""20"", ""qpmin"": ""18"", ""rc-lookahead"": ""38"", ""rd"": ""6"", ""rdoq-level"": ""2"", ""rect"": ""1"", ""ref"": ""6"", ""rskip"": ""1"", ""sao"": ""1"", ""scenecut"": ""43"", ""subme"": ""5"", ""tu-inter-depth"": ""2"", ""tu-intra-depth"": ""2"", ""weightb"": ""1"", ""weightp"": ""1"", ""wpp"": ""1""}"
x265,hebo,7302,plain,false,39,2.30,41.7,2.30,42.02296829223633,"['Standard', '320p', 30, '10s']",0.0,42.02285671234131,0.0,"{""amp"": ""0"", ""aq-mode"": ""4"", ""aq-strength"": ""0.0"", ""b-adapt"": ""0"", ""bframes"": ""0"", ""crf"": ""28.0"", ""ctu"": ""64"", ""keyint"": ""326"", ""limit-refs"": ""2"", ""limit-tu"": ""3"", ""me"": ""full"", ""merange"": ""63"", ""open-gop"": ""0"", ""psy-rd"": ""3.0"", ""psy-rdoq"": ""4.5"", ""qcomp"": ""0.9"", ""qpmax"": ""41"", ""qpmin"": ""1"", ""rc-lookahead"": ""40"", ""rd"": ""3"", ""rdoq-level"": ""2"", ""rect"": ""0"", ""ref"": ""2"", ""rskip"": ""0"", ""sao"": ""1"", ""scenecut"": ""46"", ""subme"": ""5"", ""tu-inter-depth"": ""2"", ""tu-intra-depth"": ""3"", ""weightb"": ""1"", ""weightp"": ""1"", ""wpp"": ""0""}"
x265,hebo,7302,plain,false,40,-1.15,79.0,-1.15,79.35392713546753,"['Standard', '320p', 30, '10s']",0.0,79.35381865501404,0.0,"{""amp"": ""0"", ""aq-mode"": ""3"", ""aq-strength"": ""1.8"", ""b-adapt"": ""0"", ""bframes"": ""6"", ""crf"": ""32.0"", ""ctu"": ""32"", ""keyint"": ""338"", ""limit-refs"": ""1"", ""limit-tu"": ""1"", ""me"": ""full"", ""merange"": ""38"", ""open-gop"": ""0"", ""psy-rd"": ""2.0"", ""psy-rdoq"": ""2.5"", ""qcomp"": ""1.0"", ""qpmax"": ""31"", ""qpmin"": ""14"", ""rc-lookahead"": ""45"", ""rd"": ""6"", ""rdoq-level"": ""2"", ""rect"": ""1"", ""ref"": ""2"", ""rskip"": ""1"", ""sao"": ""1"", ""scenecut"": ""34"", ""subme"": ""2"", ""tu-inter-depth"": ""1"", ""tu-intra-depth"": ""3"", ""weightb"": ""1"", ""weightp"": ""1"", ""wpp"": ""1""}"
x265,hebo,7302,plain,false,41,10.35,19.86,10.35,20.17291259765625,"['Standard', '320p', 30, '10s']",0.0,20.172815322875977,0.0,"{""amp"": ""1"", ""aq-mode"": ""4"", ""aq-strength"": ""1.2"", ""b-adapt"": ""1"", ""bframes"": ""1"", ""crf"": ""25.0"", ""ctu"": ""32"", ""keyint"": ""422"", ""limit-refs"": ""0"", ""limit-tu"": ""3"", ""me"": ""umh"", ""merange"": ""48"", ""open-gop"": ""1"", ""psy-rd"": ""0.0"", ""psy-rdoq"": ""2.5"", ""qcomp"": ""0.9"", ""qpmax"": ""40"", ""qpmin"": ""12"", ""rc-lookahead"": ""32"", ""rd"": ""6"", ""rdoq-level"": ""0"", ""rect"": ""1"", ""ref"": ""4"", ""rskip"": ""1"", ""sao"": ""0"", ""scenecut"": ""88"", ""subme"": ""5"", ""tu-inter-depth"": ""2"", ""tu-intra-depth"": ""1"", ""weightb"": ""1"", ""weightp"": ""1"", ""wpp"": ""1""}"
x265,hebo,7302,plain,false,42,54.20,5.19,54.20,5.521376848220825,"['Standard', '320p', 30, '10s']",0.0,5.52128005027771,0.0,"{""amp"": ""1"", ""aq-mode"": ""2"", ""aq-strength"": ""2.0"", ""b-adapt"": ""0"", ""bframes"": ""7"", ""crf"": ""25.0"", ""ctu"": ""16"", ""keyint"": ""211"", ""limit-refs"": ""1"", ""limit-tu"": ""2"", ""me"": ""umh"", ""merange"": ""48"", ""open-gop"": ""0"", ""psy-rd"": ""2.5"", ""psy-rdoq"": ""2.5"", ""qcomp"": ""0.6"", ""qpmax"": ""50"", ""qpmin"": ""14"", ""rc-lookahead"": ""48"", ""rd"": ""2"", ""rdoq-level"": ""0"", ""rect"": ""1"", ""ref"": ""1"", ""rskip"": ""0"", ""sao"": ""0"", ""scenecut"": ""52"", ""subme"": ""1"", ""tu-inter-depth"": ""1"", ""tu-intra-depth"": ""1"", ""weightb"": ""1"", ""weightp"": ""1"", ""wpp"": ""1""}"
x265,hebo,7302,plain,false,43,41.66,6.57,41.66,6.898611545562744,"['Standard', '320p', 30, '10s']",0.0,6.898505926132202,0.0,"{""amp"": ""0"", ""aq-mode"": ""2"", ""aq-strength"": ""0.0"", ""b-adapt"": ""1"", ""bframes"": ""3"", ""crf"": ""28.0"", ""ctu"": ""16"", ""keyint"": ""29"", ""limit-refs"": ""0"", ""limit-tu"": ""0"", ""me"": ""full"", ""merange"": ""23"", ""open-gop"": ""0"", ""psy-rd"": ""1.5"", ""psy-rdoq"": ""3.0"", ""qcomp"": ""0.9"", ""qpmax"": ""26"", ""qpmin"": ""4"", ""rc-lookahead"": ""19"", ""rd"": ""2"", ""rdoq-level"": ""0"", ""rect"": ""0"", ""ref"": ""1"", ""rskip"": ""1"", ""sao"": ""0"", ""scenecut"": ""3"", ""subme"": ""1"", ""tu-inter-depth"": ""3"", ""tu-intra-depth"": ""3"", ""weightb"": ""0"", ""weightp"": ""0"", ""wpp"": ""0""}"
x265,hebo,7302,plain,false,44,77.35,3.75,77.35,4.082767486572266,"['Standard', '320p', 30, '10s']",0.0,4.082673788070679,0.0,"{""amp"": ""1"", ""aq-mode"": ""0"", ""aq-strength"": ""1.5"", ""b-adapt"": ""0"", ""bframes"": ""2"", ""crf"": ""30.0"", ""ctu"": ""64"", ""keyint"": ""68"", ""limit-refs"": ""3"", ""limit-tu"": ""4"", ""me"": ""dia"", ""merange"": ""50"", ""open-gop"": ""1"", ""psy-rd"": ""2.0"", ""psy-rdoq"": ""0.0"", ""qcomp"": ""1.0"", ""qpmax"": ""50"", ""qpmin"": ""15"", ""rc-lookahead"": ""45"", ""rd"": ""3"", ""rdoq-level"": ""0"", ""rect"": ""0"", ""ref"": ""1"", ""rskip"": ""0"", ""sao"": ""1"", ""scenecut"": ""70"", ""subme"": ""1"", ""tu-inter-depth"": ""3"", ""tu-intra-depth"": ""2"", ""weightb"": ""1"", ""weightp"": ""1"", ""wpp"": ""0""}"
x265,hebo,7302,plain,false,45,21.61,11.48,21.61,11.82026720046997,"['Standard', '320p', 30, '10s']",0.0,11.820158004760742,0.0,"{""amp"": ""0"", ""aq-mode"": ""1"", ""aq-strength"": ""1.8"", ""b-adapt"": ""0"", ""bframes"": ""1"", ""crf"": ""18.0"", ""ctu"": ""64"", ""keyint"": ""160"", ""limit-refs"": ""1"", ""limit-tu"": ""0"", ""me"": ""dia"", ""merange"": ""49"", ""open-gop"": ""0"", ""psy-rd"": ""0.0"", ""psy-rdoq"": ""2.5"", ""qcomp"": ""0.5"", ""qpmax"": ""24"", ""qpmin"": ""13"", ""rc-lookahead"": ""39"", ""rd"": ""2"", ""rdoq-level"": ""0"", ""rect"": ""1"", ""ref"": ""5"", ""rskip"": ""0"", ""sao"": ""0"", ""scenecut"": ""33"", ""subme"": ""2"", ""tu-inter-depth"": ""2"", ""tu-intra-depth"": ""2"", ""weightb"": ""1"", ""weightp"": ""0"", ""wpp"": ""0""}"
x265,hebo,7302,plain,false,46,5.48,29.05,5.48,29.38134217262268,"['Standard', '320p', 30, '10s']",0.0,29.38124442100525,0.0,"{""amp"": ""1"", ""aq-mode"": ""2"", ""aq-strength"": ""1.8"", ""b-adapt"": ""2"", ""bframes"": ""2"", ""crf"": ""28.0"", ""ctu"": ""32"", ""keyint"": ""82"", ""limit-refs"": ""1"", ""limit-tu"": ""2"", ""me"": ""umh"", ""merange"": ""42"", ""open-gop"": ""1"", ""psy-rd"": ""3.5"", ""psy-rdoq"": ""2.5"", ""qcomp"": ""0.5"", ""qpmax"": ""29"", ""qpmin"": ""13"", ""rc-lookahead"": ""24"", ""rd"": ""6"", ""rdoq-level"": ""0"", ""rect"": ""1"", ""ref"": ""4"", ""rskip"": ""0"", ""sao"": ""0"", ""scenecut"": ""50"", ""subme"": ""4"", ""tu-inter-depth"": ""2"", ""tu-intra-depth"": ""2"", ""weightb"": ""0"", ""weightp"": ""1"", ""wpp"": ""1""}"
x265,hebo,7302,plain,false,47,4.35,32.59,4.35,32.92645978927612,"['Standard', '320p', 30, '10s']",0.0,32.926363945007324,0.0,"{""amp"": ""1"", ""aq-mode"": ""4"", ""aq-strength"": ""0.5"", ""b-adapt"": ""0"", ""bframes"": ""7"", ""crf"": ""20.0"", ""ctu"": ""64"", ""keyint"": ""318"", ""limit-refs"": ""3"", ""limit-tu"": ""2"", ""me"": ""dia"", ""merange"": ""27"", ""open-gop"": ""0"", ""psy-rd"": ""2.5"", ""psy-rdoq"": ""4.5"", ""qcomp"": ""0.8"", ""qpmax"": ""42"", ""qpmin"": ""15"", ""rc-lookahead"": ""21"", ""rd"": ""6"", ""rdoq-level"": ""1"", ""rect"": ""0"", ""ref"": ""2"", ""rskip"": ""0"", ""sao"": ""1"", ""scenecut"": ""45"", ""subme"": ""1"", ""tu-inter-depth"": ""2"", ""tu-intra-depth"": ""2"", ""weightb"": ""0"", ""weightp"": ""1"", ""wpp"": ""0""}"
x265,hebo,7302,plain,false,48,106.07,2.79,106.07,3.1156134605407715,"['Standard', '320p', 30, '10s']",0.0,3.1155121326446533,0.0,"{""amp"": ""0"", ""aq-mode"": ""1"", ""aq-strength"": ""2.0"", ""b-adapt"": ""1"", ""bframes"": ""3"", ""crf"": ""32.0"", ""ctu"": ""64"", ""keyint"": ""377"", ""limit-refs"": ""2"", ""limit-tu"": ""2"", ""me"": ""star"", ""merange"": ""16"", ""open-gop"": ""0"", ""psy-rd"": ""4.0"", ""psy-rdoq"": ""5.0"", ""qcomp"": ""1.0"", ""qpmax"": ""46"", ""qpmin"": ""11"", ""rc-lookahead"": ""33"", ""rd"": ""3"", ""rdoq-level"": ""2"", ""rect"": ""0"", ""ref"": ""2"", ""rskip"": ""1"", ""sao"": ""0"", ""scenecut"": ""98"", ""subme"": ""3"", ""tu-inter-depth"": ""2"", ""tu-intra-depth"": ""2"", ""weightb"": ""0"", ""weightp"": ""0"", ""wpp"": ""1""}"
x265,hebo,7302,plain,false,49,11.30,18.71,11.30,19.03869080543518,"['Standard', '320p', 30, '10s']",0.0,19.038578033447266,0.0,"{""amp"": ""1"", ""aq-mode"": ""2"", ""aq-strength"": ""1.8"", ""b-adapt"": ""0"", ""bframes"": ""1"", ""crf"": ""28.0"", ""ctu"": ""16"", ""keyint"": ""368"", ""limit-refs"": ""1"", ""limit-tu"": ""1"", ""me"": ""umh"", ""merange"": ""24"", ""open-gop"": ""1"", ""psy-rd"": ""1.5"", ""psy-rdoq"": ""5.0"", ""qcomp"": ""0.75"", ""qpmax"": ""32"", ""qpmin"": ""6"", ""rc-lookahead"": ""16"", ""rd"": ""6"", ""rdoq-level"": ""2"", ""rect"": ""1"", ""ref"": ""1"", ""rskip"": ""1"", ""sao"": ""1"", ""scenecut"": ""46"", ""subme"": ""3"", ""tu-inter-depth"": ""3"", ""tu-intra-depth"": ""2"", ""weightb"": ""0"", ""weightp"": ""0"", ""wpp"": ""0""}"
x265,hebo,7302,plain,false,50,3.60,35.42,3.60,35.76085948944092,"['Standard', '320p', 30, '10s']",0.0,35.760759353637695,0.0,"{""amp"": ""0"", ""aq-mode"": ""4"", ""aq-strength"": ""1.8"", ""b-adapt"": ""1"", ""bframes"": ""2"", ""crf"": ""22.0"", ""ctu"": ""16"", ""keyint"": ""232"", ""limit-refs"": ""0"", ""limit-tu"": ""2"", ""me"": ""full"", ""merange"": ""37"", ""open-gop"": ""0"", ""psy-rd"": ""4.0"", ""psy-rdoq"": ""4.0"", ""qcomp"": ""0.7"", ""qpmax"": ""41"", ""qpmin"": ""15"", ""rc-lookahead"": ""53"", ""rd"": ""4"", ""rdoq-level"": ""2"", ""rect"": ""1"", ""ref"": ""3"", ""rskip"": ""0"", ""sao"": ""0"", ""scenecut"": ""2"", ""subme"": ""1"", ""tu-inter-depth"": ""3"", ""tu-intra-depth"": ""2"", ""weightb"": ""0"", ""weightp"": ""1"", ""wpp"": ""1""}"
x265,hebo,7302,plain,false,51,29.00,9.0,29.00,9.338627099990845,"['Standard', '320p', 30, '10s']",0.0,9.338529825210571,0.0,"{""amp"": ""1"", ""aq-mode"": ""4"", ""aq-strength"": ""1.0"", ""b-adapt"": ""2"", ""bframes"": ""7"", ""crf"": ""30.0"", ""ctu"": ""32"", ""keyint"": ""354"", ""limit-refs"": ""2"", ""limit-tu"": ""3"", ""me"": ""dia"", ""merange"": ""42"", ""open-gop"": ""1"", ""psy-rd"": ""2.5"", ""psy-rdoq"": ""4.0"", ""qcomp"": ""1.0"", ""qpmax"": ""31"", ""qpmin"": ""15"", ""rc-lookahead"": ""58"", ""rd"": ""2"", ""rdoq-level"": ""1"", ""rect"": ""1"", ""ref"": ""2"", ""rskip"": ""0"", ""sao"": ""0"", ""scenecut"": ""94"", ""subme"": ""4"", ""tu-inter-depth"": ""3"", ""tu-intra-depth"": ""4"", ""weightb"": ""0"", ""weightp"": ""0"", ""wpp"": ""0""}"
x265,hebo,7302,plain,false,52,7.96,23.51,7.96,23.840574741363525,"['Standard', '320p', 30, '10s']",0.0,23.840455293655396,0.0,"{""amp"": ""0"", ""aq-mode"": ""3"", ""aq-strength"": ""1.5"", ""b-adapt"": ""2"", ""bframes"": ""7"", ""crf"": ""18.0"", ""ctu"": ""16"", ""keyint"": ""60"", ""limit-refs"": ""2"", ""limit-tu"": ""0"", ""me"": ""umh"", ""merange"": ""63"", ""open-gop"": ""1"", ""psy-rd"": ""1.0"", ""psy-rdoq"": ""1.5"", ""qcomp"": ""0.9"", ""qpmax"": ""27"", ""qpmin"": ""14"", ""rc-lookahead"": ""56"", ""rd"": ""5"", ""rdoq-level"": ""0"", ""rect"": ""0"", ""ref"": ""5"", ""rskip"": ""1"", ""sao"": ""0"", ""scenecut"": ""31"", ""subme"": ""1"", ""tu-inter-depth"": ""3"", ""tu-intra-depth"": ""1"", ""weightb"": ""1"", ""weightp"": ""1"", ""wpp"": ""0""}"
x265,hebo,7302,plain,false,53,32.88,8.08,32.88,8.414873600006104,"['Standard', '320p', 30, '10s']",0.0,8.414778232574463,0.0,"{""amp"": ""0"", ""aq-mode"": ""3"", ""aq-strength"": ""1.0"", ""b-adapt"": ""1"", ""bframes"": ""0"", ""crf"": ""18.0"", ""ctu"": ""64"", ""keyint"": ""176"", ""limit-refs"": ""3"", ""limit-tu"": ""1"", ""me"": ""dia"", ""merange"": ""21"", ""open-gop"": ""0"", ""psy-rd"": ""1.0"", ""psy-rdoq"": ""0.5"", ""qcomp"": ""0.6"", ""qpmax"": ""25"", ""qpmin"": ""3"", ""rc-lookahead"": ""24"", ""rd"": ""1"", ""rdoq-level"": ""0"", ""rect"": ""0"", ""ref"": ""5"", ""rskip"": ""0"", ""sao"": ""0"", ""scenecut"": ""64"", ""subme"": ""4"", ""tu-inter-depth"": ""3"", ""tu-intra-depth"": ""2"", ""weightb"": ""1"", ""weightp"": ""0"", ""wpp"": ""0""}"
x265,hebo,7302,plain,false,54,-3.98,296.8,-3.98,297.33641266822815,"['Standard', '320p', 30, '10s']",0.0,297.3362946510315,0.0,"{""amp"": ""0"", ""aq-mode"": ""2"", ""aq-strength"": ""0.8"", ""b-adapt"": ""2"", ""bframes"": ""3"", ""crf"": ""20.0"", ""ctu"": ""16"", ""keyint"": ""461"", ""limit-refs"": ""3"", ""limit-tu"": ""4"", ""me"": ""full"", ""merange"": ""64"", ""open-gop"": ""1"", ""psy-rd"": ""0.0"", ""psy-rdoq"": ""2.0"", ""qcomp"": ""0.5"", ""qpmax"": ""47"", ""qpmin"": ""13"", ""rc-lookahead"": ""36"", ""rd"": ""6"", ""rdoq-level"": ""2"", ""rect"": ""1"", ""ref"": ""5"", ""rskip"": ""1"", ""sao"": ""0"", ""scenecut"": ""99"", ""subme"": ""3"", ""tu-inter-depth"": ""3"", ""tu-intra-depth"": ""3"", ""weightb"": ""1"", ""weightp"": ""1"", ""wpp"": ""0""}"
x265,hebo,7302,plain,false,55,10.21,20.04,10.21,20.367846488952637,"['Standard', '320p', 30, '10s']",0.0,20.3677499294281,0.0,"{""amp"": ""0"", ""aq-mode"": ""1"", ""aq-strength"": ""0.5"", ""b-adapt"": ""1"", ""bframes"": ""7"", ""crf"": ""30.0"", ""ctu"": ""16"", ""keyint"": ""151"", ""limit-refs"": ""2"", ""limit-tu"": ""2"", ""me"": ""star"", ""merange"": ""24"", ""open-gop"": ""0"", ""psy-rd"": ""3.0"", ""psy-rdoq"": ""0.0"", ""qcomp"": ""0.7"", ""qpmax"": ""26"", ""qpmin"": ""14"", ""rc-lookahead"": ""52"", ""rd"": ""6"", ""rdoq-level"": ""0"", ""rect"": ""0"", ""ref"": ""6"", ""rskip"": ""1"", ""sao"": ""1"", ""scenecut"": ""19"", ""subme"": ""3"", ""tu-inter-depth"": ""3"", ""tu-intra-depth"": ""3"", ""weightb"": ""0"", ""weightp"": ""1"", ""wpp"": ""0""}"
x265,hebo,7302,plain,false,56,49.80,5.6,49.80,5.926405429840088,"['Standard', '320p', 30, '10s']",0.0,5.926306486129761,0.0,"{""amp"": ""0"", ""aq-mode"": ""4"", ""aq-strength"": ""2.0"", ""b-adapt"": ""2"", ""bframes"": ""8"", ""crf"": ""28.0"", ""ctu"": ""16"", ""keyint"": ""65"", ""limit-refs"": ""3"", ""limit-tu"": ""2"", ""me"": ""star"", ""merange"": ""52"", ""open-gop"": ""0"", ""psy-rd"": ""1.5"", ""psy-rdoq"": ""1.5"", ""qcomp"": ""0.75"", ""qpmax"": ""48"", ""qpmin"": ""8"", ""rc-lookahead"": ""27"", ""rd"": ""2"", ""rdoq-level"": ""0"", ""rect"": ""1"", ""ref"": ""5"", ""rskip"": ""1"", ""sao"": ""0"", ""scenecut"": ""90"", ""subme"": ""4"", ""tu-inter-depth"": ""2"", ""tu-intra-depth"": ""3"", ""weightb"": ""1"", ""weightp"": ""1"", ""wpp"": ""1""}"
x265,hebo,7302,plain,false,57,67.72,4.24,67.72,4.571874380111694,"['Standard', '320p', 30, '10s']",0.0,4.5717785358428955,0.0,"{""amp"": ""0"", ""aq-mode"": ""3"", ""aq-strength"": ""2.0"", ""b-adapt"": ""1"", ""bframes"": ""3"", ""crf"": ""32.0"", ""ctu"": ""64"", ""keyint"": ""403"", ""limit-refs"": ""2"", ""limit-tu"": ""1"", ""me"": ""full"", ""merange"": ""16"", ""open-gop"": ""0"", ""psy-rd"": ""4.0"", ""psy-rdoq"": ""5.0"", ""qcomp"": ""1.0"", ""qpmax"": ""40"", ""qpmin"": ""0"", ""rc-lookahead"": ""32"", ""rd"": ""3"", ""rdoq-level"": ""2"", ""rect"": ""0"", ""ref"": ""1"", ""rskip"": ""1"", ""sao"": ""0"", ""scenecut"": ""74"", ""subme"": ""5"", ""tu-inter-depth"": ""1"", ""tu-intra-depth"": ""4"", ""weightb"": ""1"", ""weightp"": ""0"", ""wpp"": ""0""}"
x265,hebo,7302,plain,false,58,30.63,8.59,30.63,8.924753904342651,"['Standard', '320p', 30, '10s']",0.0,8.924601078033447,0.0,"{""amp"": ""0"", ""aq-mode"": ""0"", ""aq-strength"": ""2.0"", ""b-adapt"": ""1"", ""bframes"": ""0"", ""crf"": ""32.0"", ""ctu"": ""64"", ""keyint"": ""192"", ""limit-refs"": ""2"", ""limit-tu"": ""2"", ""me"": ""umh"", ""merange"": ""16"", ""open-gop"": ""0"", ""psy-rd"": ""4.0"", ""psy-rdoq"": ""5.0"", ""qcomp"": ""1.0"", ""qpmax"": ""25"", ""qpmin"": ""11"", ""rc-lookahead"": ""31"", ""rd"": ""2"", ""rdoq-level"": ""2"", ""rect"": ""0"", ""ref"": ""3"", ""rskip"": ""0"", ""sao"": ""0"", ""scenecut"": ""19"", ""subme"": ""3"", ""tu-inter-depth"": ""2"", ""tu-intra-depth"": ""2"", ""weightb"": ""0"", ""weightp"": ""0"", ""wpp"": ""1""}"
x265,hebo,7302,plain,false,59,24.23,10.45,24.23,10.791123867034912,"['Standard', '320p', 30, '10s']",0.0,10.791025400161743,0.0,"{""amp"": ""0"", ""aq-mode"": ""2"", ""aq-strength"": ""1.8"", ""b-adapt"": ""0"", ""bframes"": ""1"", ""crf"": ""18.0"", ""ctu"": ""16"", ""keyint"": ""105"", ""limit-refs"": ""2"", ""limit-tu"": ""1"", ""me"": ""umh"", ""merange"": ""33"", ""open-gop"": ""1"", ""psy-rd"": ""1.5"", ""psy-rdoq"": ""4.5"", ""qcomp"": ""0.6"", ""qpmax"": ""46"", ""qpmin"": ""9"", ""rc-lookahead"": ""52"", ""rd"": ""3"", ""rdoq-level"": ""1"", ""rect"": ""0"", ""ref"": ""2"", ""rskip"": ""1"", ""sao"": ""1"", ""scenecut"": ""43"", ""subme"": ""1"", ""tu-inter-depth"": ""3"", ""tu-intra-depth"": ""1"", ""weightb"": ""1"", ""weightp"": ""0"", ""wpp"": ""1""}"
x265,hebo,7302,plain,false,60,23.79,10.62,23.79,10.950347900390625,"['Standard', '320p', 30, '10s']",0.0,10.950251579284668,0.0,"{""amp"": ""1"", ""aq-mode"": ""4"", ""aq-strength"": ""2.0"", ""b-adapt"": ""1"", ""bframes"": ""0"", ""crf"": ""18.0"", ""ctu"": ""16"", ""keyint"": ""448"", ""limit-refs"": ""3"", ""limit-tu"": ""0"", ""me"": ""umh"", ""merange"": ""54"", ""open-gop"": ""1"", ""psy-rd"": ""1.5"", ""psy-rdoq"": ""4.0"", ""qcomp"": ""0.6"", ""qpmax"": ""39"", ""qpmin"": ""19"", ""rc-lookahead"": ""41"", ""rd"": ""2"", ""rdoq-level"": ""2"", ""rect"": ""1"", ""ref"": ""6"", ""rskip"": ""1"", ""sao"": ""0"", ""scenecut"": ""16"", ""subme"": ""5"", ""tu-inter-depth"": ""2"", ""tu-intra-depth"": ""2"", ""weightb"": ""1"", ""weightp"": ""1"", ""wpp"": ""0""}"
x265,hebo,7302,plain,false,61,10.50,19.67,10.50,20.002073049545288,"['Standard', '320p', 30, '10s']",0.0,20.001978158950806,0.0,"{""amp"": ""0"", ""aq-mode"": ""4"", ""aq-strength"": ""2.0"", ""b-adapt"": ""2"", ""bframes"": ""6"", ""crf"": ""22.0"", ""ctu"": ""32"", ""keyint"": ""441"", ""limit-refs"": ""1"", ""limit-tu"": ""1"", ""me"": ""umh"", ""merange"": ""61"", ""open-gop"": ""0"", ""psy-rd"": ""3.5"", ""psy-rdoq"": ""0.5"", ""qcomp"": ""0.5"", ""qpmax"": ""41"", ""qpmin"": ""10"", ""rc-lookahead"": ""18"", ""rd"": ""5"", ""rdoq-level"": ""2"", ""rect"": ""0"", ""ref"": ""4"", ""rskip"": ""0"", ""sao"": ""0"", ""scenecut"": ""98"", ""subme"": ""2"", ""tu-inter-depth"": ""3"", ""tu-intra-depth"": ""4"", ""weightb"": ""0"", ""weightp"": ""0"", ""wpp"": ""0""}"
x265,hebo,7302,plain,false,62,12.03,17.91,12.03,18.233697414398193,"['Standard', '320p', 30, '10s']",0.0,18.23358702659607,0.0,"{""amp"": ""0"", ""aq-mode"": ""1"", ""aq-strength"": ""1.2"", ""b-adapt"": ""2"", ""bframes"": ""6"", ""crf"": ""30.0"", ""ctu"": ""64"", ""keyint"": ""455"", ""limit-refs"": ""2"", ""limit-tu"": ""4"", ""me"": ""full"", ""merange"": ""37"", ""open-gop"": ""1"", ""psy-rd"": ""1.0"", ""psy-rdoq"": ""2.5"", ""qcomp"": ""0.8"", ""qpmax"": ""29"", ""qpmin"": ""11"", ""rc-lookahead"": ""12"", ""rd"": ""4"", ""rdoq-level"": ""1"", ""rect"": ""0"", ""ref"": ""4"", ""rskip"": ""1"", ""sao"": ""1"", ""scenecut"": ""87"", ""subme"": ""5"", ""tu-inter-depth"": ""3"", ""tu-intra-depth"": ""1"", ""weightb"": ""0"", ""weightp"": ""1"", ""wpp"": ""0""}"
x265,hebo,7302,plain,false,63,18.35,13.07,18.35,13.39583706855774,"['Standard', '320p', 30, '10s']",0.0,13.395729064941406,0.0,"{""amp"": ""1"", ""aq-mode"": ""1"", ""aq-strength"": ""1.0"", ""b-adapt"": ""2"", ""bframes"": ""5"", ""crf"": ""32.0"", ""ctu"": ""32"", ""keyint"": ""460"", ""limit-refs"": ""3"", ""limit-tu"": ""3"", ""me"": ""star"", ""merange"": ""22"", ""open-gop"": ""0"", ""psy-rd"": ""2.5"", ""psy-rdoq"": ""0.5"", ""qcomp"": ""0.7"", ""qpmax"": ""32"", ""qpmin"": ""4"", ""rc-lookahead"": ""43"", ""rd"": ""5"", ""rdoq-level"": ""1"", ""rect"": ""1"", ""ref"": ""5"", ""rskip"": ""1"", ""sao"": ""0"", ""scenecut"": ""54"", ""subme"": ""1"", ""tu-inter-depth"": ""2"", ""tu-intra-depth"": ""4"", ""weightb"": ""0"", ""weightp"": ""1"", ""wpp"": ""1""}"
x265,hebo,7302,plain,false,64,107.76,2.75,107.76,3.0743350982666016,"['Standard', '320p', 30, '10s']",0.0,3.0742273330688477,0.0,"{""amp"": ""1"", ""aq-mode"": ""3"", ""aq-strength"": ""1.0"", ""b-adapt"": ""1"", ""bframes"": ""3"", ""crf"": ""32.0"", ""ctu"": ""16"", ""keyint"": ""477"", ""limit-refs"": ""3"", ""limit-tu"": ""4"", ""me"": ""star"", ""merange"": ""63"", ""open-gop"": ""1"", ""psy-rd"": ""3.0"", ""psy-rdoq"": ""1.5"", ""qcomp"": ""0.9"", ""qpmax"": ""37"", ""qpmin"": ""1"", ""rc-lookahead"": ""59"", ""rd"": ""4"", ""rdoq-level"": ""1"", ""rect"": ""0"", ""ref"": ""2"", ""rskip"": ""1"", ""sao"": ""0"", ""scenecut"": ""17"", ""subme"": ""5"", ""tu-inter-depth"": ""3"", ""tu-intra-depth"": ""3"", ""weightb"": ""0"", ""weightp"": ""1"", ""wpp"": ""1""}"
x265,hebo,7302,plain,false,65,14.16,15.92,14.16,16.2464542388916,"['Standard', '320p', 30, '10s']",0.0,16.246352195739746,0.0,"{""amp"": ""1"", ""aq-mode"": ""1"", ""aq-strength"": ""2.0"", ""b-adapt"": ""0"", ""bframes"": ""8"", ""crf"": ""20.0"", ""ctu"": ""32"", ""keyint"": ""470"", ""limit-refs"": ""1"", ""limit-tu"": ""2"", ""me"": ""dia"", ""merange"": ""33"", ""open-gop"": ""1"", ""psy-rd"": ""3.0"", ""psy-rdoq"": ""0.5"", ""qcomp"": ""0.6"", ""qpmax"": ""47"", ""qpmin"": ""15"", ""rc-lookahead"": ""44"", ""rd"": ""5"", ""rdoq-level"": ""1"", ""rect"": ""0"", ""ref"": ""6"", ""rskip"": ""1"", ""sao"": ""0"", ""scenecut"": ""35"", ""subme"": ""3"", ""tu-inter-depth"": ""2"", ""tu-intra-depth"": ""3"", ""weightb"": ""1"", ""weightp"": ""1"", ""wpp"": ""1""}"
x265,hebo,7302,plain,false,66,5.60,28.78,5.60,29.332913875579834,"['Standard', '320p', 30, '10s']",0.0,29.332799196243286,0.0,"{""amp"": ""1"", ""aq-mode"": ""1"", ""aq-strength"": ""0.0"", ""b-adapt"": ""0"", ""bframes"": ""3"", ""crf"": ""22.0"", ""ctu"": ""64"", ""keyint"": ""418"", ""limit-refs"": ""0"", ""limit-tu"": ""0"", ""me"": ""star"", ""merange"": ""18"", ""open-gop"": ""0"", ""psy-rd"": ""0.5"", ""psy-rdoq"": ""1.0"", ""qcomp"": ""0.8"", ""qpmax"": ""27"", ""qpmin"": ""10"", ""rc-lookahead"": ""26"", ""rd"": ""3"", ""rdoq-level"": ""2"", ""rect"": ""1"", ""ref"": ""4"", ""rskip"": ""0"", ""sao"": ""0"", ""scenecut"": ""44"", ""subme"": ""5"", ""tu-inter-depth"": ""3"", ""tu-intra-depth"": ""1"", ""weightb"": ""0"", ""weightp"": ""0"", ""wpp"": ""1""}"
x265,hebo,7302,plain,false,67,4.53,31.95,4.53,32.288952112197876,"['Standard', '320p', 30, '10s']",0.0,32.288853883743286,0.0,"{""amp"": ""0"", ""aq-mode"": ""0"", ""aq-strength"": ""1.8"", ""b-adapt"": ""0"", ""bframes"": ""7"", ""crf"": ""28.0"", ""ctu"": ""32"", ""keyint"": ""253"", ""limit-refs"": ""2"", ""limit-tu"": ""2"", ""me"": ""full"", ""merange"": ""54"", ""open-gop"": ""1"", ""psy-rd"": ""2.0"", ""psy-rdoq"": ""2.0"", ""qcomp"": ""0.9"", ""qpmax"": ""47"", ""qpmin"": ""12"", ""rc-lookahead"": ""36"", ""rd"": ""2"", ""rdoq-level"": ""2"", ""rect"": ""0"", ""ref"": ""6"", ""rskip"": ""1"", ""sao"": ""1"", ""scenecut"": ""87"", ""subme"": ""1"", ""tu-inter-depth"": ""2"", ""tu-intra-depth"": ""3"", ""weightb"": ""1"", ""weightp"": ""0"", ""wpp"": ""0""}"
x265,hebo,7302,plain,false,68,41.90,6.54,41.90,6.861530780792236,"['Standard', '320p', 30, '10s']",0.0,6.861425876617432,0.0,"{""amp"": ""0"", ""aq-mode"": ""0"", ""aq-strength"": ""2.0"", ""b-adapt"": ""1"", ""bframes"": ""3"", ""crf"": ""32.0"", ""ctu"": ""16"", ""keyint"": ""60"", ""limit-refs"": ""1"", ""limit-tu"": ""2"", ""me"": ""hex"", ""merange"": ""34"", ""open-gop"": ""0"", ""psy-rd"": ""4.0"", ""psy-rdoq"": ""0.0"", ""qcomp"": ""1.0"", ""qpmax"": ""25"", ""qpmin"": ""1"", ""rc-lookahead"": ""36"", ""rd"": ""3"", ""rdoq-level"": ""0"", ""rect"": ""0"", ""ref"": ""2"", ""rskip"": ""0"", ""sao"": ""0"", ""scenecut"": ""63"", ""subme"": ""5"", ""tu-inter-depth"": ""3"", ""tu-intra-depth"": ""3"", ""weightb"": ""1"", ""weightp"": ""0"", ""wpp"": ""0""}"
x265,hebo,7302,plain,false,69,25.94,9.88,25.94,10.202993154525757,"['Standard', '320p', 30, '10s']",0.0,10.202896356582642,0.0,"{""amp"": ""1"", ""aq-mode"": ""4"", ""aq-strength"": ""1.0"", ""b-adapt"": ""2"", ""bframes"": ""4"", ""crf"": ""30.0"", ""ctu"": ""32"", ""keyint"": ""388"", ""limit-refs"": ""0"", ""limit-tu"": ""4"", ""me"": ""hex"", ""merange"": ""30"", ""open-gop"": ""1"", ""psy-rd"": ""2.5"", ""psy-rdoq"": ""0.0"", ""qcomp"": ""0.8"", ""qpmax"": ""48"", ""qpmin"": ""9"", ""rc-lookahead"": ""47"", ""rd"": ""6"", ""rdoq-level"": ""2"", ""rect"": ""0"", ""ref"": ""6"", ""rskip"": ""1"", ""sao"": ""0"", ""scenecut"": ""83"", ""subme"": ""2"", ""tu-inter-depth"": ""3"", ""tu-intra-depth"": ""1"", ""weightb"": ""0"", ""weightp"": ""1"", ""wpp"": ""0""}"
x265,hebo,7302,plain,false,70,85.38,3.42,85.38,3.746900796890259,"['Standard', '320p', 30, '10s']",0.0,3.7467854022979736,0.0,"{""amp"": ""1"", ""aq-mode"": ""3"", ""aq-strength"": ""2.0"", ""b-adapt"": ""1"", ""bframes"": ""7"", ""crf"": ""32.0"", ""ctu"": ""64"", ""keyint"": ""170"", ""limit-refs"": ""2"", ""limit-tu"": ""2"", ""me"": ""hex"", ""merange"": ""34"", ""open-gop"": ""1"", ""psy-rd"": ""4.0"", ""psy-rdoq"": ""5.0"", ""qcomp"": ""1.0"", ""qpmax"": ""41"", ""qpmin"": ""10"", ""rc-lookahead"": ""31"", ""rd"": ""2"", ""rdoq-level"": ""0"", ""rect"": ""1"", ""ref"": ""2"", ""rskip"": ""1"", ""sao"": ""1"", ""scenecut"": ""2"", ""subme"": ""1"", ""tu-inter-depth"": ""2"", ""tu-intra-depth"": ""4"", ""weightb"": ""1"", ""weightp"": ""1"", ""wpp"": ""1""}"
x265,hebo,7302,plain,false,71,-3.88,271.25,-3.88,271.56646037101746,"['Standard', '320p', 30, '10s']",0.0,271.5663547515869,0.0,"{""amp"": ""1"", ""aq-mode"": ""3"", ""aq-strength"": ""1.2"", ""b-adapt"": ""1"", ""bframes"": ""2"", ""crf"": ""25.0"", ""ctu"": ""32"", ""keyint"": ""424"", ""limit-refs"": ""0"", ""limit-tu"": ""3"", ""me"": ""full"", ""merange"": ""52"", ""open-gop"": ""0"", ""psy-rd"": ""1.0"", ""psy-rdoq"": ""1.0"", ""qcomp"": ""0.75"", ""qpmax"": ""44"", ""qpmin"": ""19"", ""rc-lookahead"": ""40"", ""rd"": ""6"", ""rdoq-level"": ""2"", ""rect"": ""1"", ""ref"": ""3"", ""rskip"": ""1"", ""sao"": ""1"", ""scenecut"": ""94"", ""subme"": ""5"", ""tu-inter-depth"": ""3"", ""tu-intra-depth"": ""3"", ""weightb"": ""1"", ""weightp"": ""1"", ""wpp"": ""1""}"
x265,hebo,7302,plain,false,72,14.99,15.26,14.99,15.588901042938232,"['Standard', '320p', 30, '10s']",0.0,15.588802576065063,0.0,"{""amp"": ""1"", ""aq-mode"": ""0"", ""aq-strength"": ""1.8"", ""b-adapt"": ""0"", ""bframes"": ""8"", ""crf"": ""22.0"", ""ctu"": ""32"", ""keyint"": ""362"", ""limit-refs"": ""0"", ""limit-tu"": ""3"", ""me"": ""hex"", ""merange"": ""56"", ""open-gop"": ""1"", ""psy-rd"": ""1.5"", ""psy-rdoq"": ""2.5"", ""qcomp"": ""0.7"", ""qpmax"": ""38"", ""qpmin"": ""13"", ""rc-lookahead"": ""47"", ""rd"": ""4"", ""rdoq-level"": ""1"", ""rect"": ""1"", ""ref"": ""6"", ""rskip"": ""1"", ""sao"": ""0"", ""scenecut"": ""83"", ""subme"": ""4"", ""tu-inter-depth"": ""3"", ""tu-intra-depth"": ""4"", ""weightb"": ""0"", ""weightp"": ""1"", ""wpp"": ""0""}"
x265,hebo,7302,plain,false,73,39.02,6.96,39.02,7.30841326713562,"['Standard', '320p', 30, '10s']",0.0,7.308315992355347,0.0,"{""amp"": ""0"", ""aq-mode"": ""3"", ""aq-strength"": ""0.0"", ""b-adapt"": ""1"", ""bframes"": ""7"", ""crf"": ""18.0"", ""ctu"": ""64"", ""keyint"": ""271"", ""limit-refs"": ""1"", ""limit-tu"": ""4"", ""me"": ""star"", ""merange"": ""31"", ""open-gop"": ""0"", ""psy-rd"": ""0.5"", ""psy-rdoq"": ""0.5"", ""qcomp"": ""0.75"", ""qpmax"": ""26"", ""qpmin"": ""7"", ""rc-lookahead"": ""38"", ""rd"": ""4"", ""rdoq-level"": ""0"", ""rect"": ""0"", ""ref"": ""6"", ""rskip"": ""0"", ""sao"": ""0"", ""scenecut"": ""3"", ""subme"": ""2"", ""tu-inter-depth"": ""2"", ""tu-intra-depth"": ""1"", ""weightb"": ""0"", ""weightp"": ""0"", ""wpp"": ""1""}"
x265,hebo,7302,plain,false,74,35.48,7.56,35.48,7.890031099319458,"['Standard', '320p', 30, '10s']",0.0,7.889937162399292,0.0,"{""amp"": ""0"", ""aq-mode"": ""0"", ""aq-strength"": ""1.5"", ""b-adapt"": ""2"", ""bframes"": ""3"", ""crf"": ""18.0"", ""ctu"": ""16"", ""keyint"": ""283"", ""limit-refs"": ""2"", ""limit-tu"": ""1"", ""me"": ""hex"", ""merange"": ""57"", ""open-gop"": ""0"", ""psy-rd"": ""2.5"", ""psy-rdoq"": ""4.0"", ""qcomp"": ""0.75"", ""qpmax"": ""38"", ""qpmin"": ""2"", ""rc-lookahead"": ""57"", ""rd"": ""3"", ""rdoq-level"": ""0"", ""rect"": ""1"", ""ref"": ""2"", ""rskip"": ""0"", ""sao"": ""1"", ""scenecut"": ""74"", ""subme"": ""2"", ""tu-inter-depth"": ""1"", ""tu-intra-depth"": ""1"", ""weightb"": ""0"", ""weightp"": ""1"", ""wpp"": ""1""}"
x265,hebo,7302,plain,false,75,37.31,7.28,37.31,7.653235912322998,"['Standard', '320p', 30, '10s']",0.0,7.653135061264038,0.0,"{""amp"": ""1"", ""aq-mode"": ""3"", ""aq-strength"": ""0.0"", ""b-adapt"": ""0"", ""bframes"": ""6"", ""crf"": ""20.0"", ""ctu"": ""16"", ""keyint"": ""433"", ""limit-refs"": ""0"", ""limit-tu"": ""2"", ""me"": ""dia"", ""merange"": ""57"", ""open-gop"": ""0"", ""psy-rd"": ""4.0"", ""psy-rdoq"": ""4.0"", ""qcomp"": ""0.8"", ""qpmax"": ""35"", ""qpmin"": ""3"", ""rc-lookahead"": ""27"", ""rd"": ""4"", ""rdoq-level"": ""2"", ""rect"": ""0"", ""ref"": ""1"", ""rskip"": ""1"", ""sao"": ""0"", ""scenecut"": ""54"", ""subme"": ""1"", ""tu-inter-depth"": ""1"", ""tu-intra-depth"": ""1"", ""weightb"": ""0"", ""weightp"": ""0"", ""wpp"": ""1""}"
x265,hebo,7302,plain,false,76,38.45,7.06,38.45,7.392854690551758,"['Standard', '320p', 30, '10s']",0.0,7.392756223678589,0.0,"{""amp"": ""1"", ""aq-mode"": ""4"", ""aq-strength"": ""1.5"", ""b-adapt"": ""0"", ""bframes"": ""3"", ""crf"": ""25.0"", ""ctu"": ""32"", ""keyint"": ""298"", ""limit-refs"": ""1"", ""limit-tu"": ""0"", ""me"": ""star"", ""merange"": ""20"", ""open-gop"": ""1"", ""psy-rd"": ""2.0"", ""psy-rdoq"": ""2.5"", ""qcomp"": ""0.6"", ""qpmax"": ""27"", ""qpmin"": ""0"", ""rc-lookahead"": ""48"", ""rd"": ""2"", ""rdoq-level"": ""0"", ""rect"": ""0"", ""ref"": ""5"", ""rskip"": ""0"", ""sao"": ""0"", ""scenecut"": ""30"", ""subme"": ""2"", ""tu-inter-depth"": ""2"", ""tu-intra-depth"": ""4"", ""weightb"": ""0"", ""weightp"": ""1"", ""wpp"": ""0""}"
x265,hebo,7302,plain,false,77,48.04,5.78,48.04,6.118753671646118,"['Standard', '320p', 30, '10s']",0.0,6.1186535358428955,0.0,"{""amp"": ""1"", ""aq-mode"": ""3"", ""aq-strength"": ""1.0"", ""b-adapt"": ""0"", ""bframes"": ""3"", ""crf"": ""20.0"", ""ctu"": ""32"", ""keyint"": ""294"", ""limit-refs"": ""0"", ""limit-tu"": ""2"", ""me"": ""star"", ""merange"": ""40"", ""open-gop"": ""0"", ""psy-rd"": ""2.5"", ""psy-rdoq"": ""3.0"", ""qcomp"": ""0.75"", ""qpmax"": ""36"", ""qpmin"": ""20"", ""rc-lookahead"": ""40"", ""rd"": ""3"", ""rdoq-level"": ""0"", ""rect"": ""0"", ""ref"": ""2"", ""rskip"": ""1"", ""sao"": ""1"", ""scenecut"": ""96"", ""subme"": ""4"", ""tu-inter-depth"": ""2"", ""tu-intra-depth"": ""2"", ""weightb"": ""1"", ""weightp"": ""1"", ""wpp"": ""1""}"
x265,hebo,7302,plain,false,78,16.34,14.3,16.34,14.625315189361572,"['Standard', '320p', 30, '10s']",0.0,14.625214576721191,0.0,"{""amp"": ""0"", ""aq-mode"": ""4"", ""aq-strength"": ""0.5"", ""b-adapt"": ""1"", ""bframes"": ""7"", ""crf"": ""32.0"", ""ctu"": ""32"", ""keyint"": ""422"", ""limit-refs"": ""0"", ""limit-tu"": ""4"", ""me"": ""umh"", ""merange"": ""38"", ""open-gop"": ""1"", ""psy-rd"": ""2.5"", ""psy-rdoq"": ""2.5"", ""qcomp"": ""0.5"", ""qpmax"": ""40"", ""qpmin"": ""6"", ""rc-lookahead"": ""50"", ""rd"": ""6"", ""rdoq-level"": ""2"", ""rect"": ""0"", ""ref"": ""6"", ""rskip"": ""1"", ""sao"": ""1"", ""scenecut"": ""88"", ""subme"": ""4"", ""tu-inter-depth"": ""3"", ""tu-intra-depth"": ""3"", ""weightb"": ""1"", ""weightp"": ""1"", ""wpp"": ""1""}"
x265,hebo,7302,plain,false,79,36.49,7.43,36.49,8.030177593231201,"['Standard', '320p', 30, '10s']",0.0,8.030014991760254,0.0,"{""amp"": ""1"", ""aq-mode"": ""3"", ""aq-strength"": ""2.0"", ""b-adapt"": ""1"", ""bframes"": ""7"", ""crf"": ""22.0"", ""ctu"": ""32"", ""keyint"": ""327"", ""limit-refs"": ""1"", ""limit-tu"": ""1"", ""me"": ""dia"", ""merange"": ""27"", ""open-gop"": ""1"", ""psy-rd"": ""2.0"", ""psy-rdoq"": ""1.0"", ""qcomp"": ""0.75"", ""qpmax"": ""23"", ""qpmin"": ""3"", ""rc-lookahead"": ""49"", ""rd"": ""2"", ""rdoq-level"": ""0"", ""rect"": ""0"", ""ref"": ""5"", ""rskip"": ""0"", ""sao"": ""1"", ""scenecut"": ""12"", ""subme"": ""4"", ""tu-inter-depth"": ""4"", ""tu-intra-depth"": ""2"", ""weightb"": ""1"", ""weightp"": ""1"", ""wpp"": ""0""}"
x265,hebo,7302,plain,false,80,18.76,12.85,18.76,13.182616233825684,"['Standard', '320p', 30, '10s']",0.0,13.182514190673828,0.0,"{""amp"": ""1"", ""aq-mode"": ""4"", ""aq-strength"": ""1.5"", ""b-adapt"": ""2"", ""bframes"": ""7"", ""crf"": ""32.0"", ""ctu"": ""16"", ""keyint"": ""468"", ""limit-refs"": ""1"", ""limit-tu"": ""4"", ""me"": ""dia"", ""merange"": ""27"", ""open-gop"": ""1"", ""psy-rd"": ""2.5"", ""psy-rdoq"": ""4.5"", ""qcomp"": ""0.6"", ""qpmax"": ""37"", ""qpmin"": ""5"", ""rc-lookahead"": ""34"", ""rd"": ""5"", ""rdoq-level"": ""1"", ""rect"": ""1"", ""ref"": ""1"", ""rskip"": ""1"", ""sao"": ""1"", ""scenecut"": ""24"", ""subme"": ""5"", ""tu-inter-depth"": ""3"", ""tu-intra-depth"": ""3"", ""weightb"": ""0"", ""weightp"": ""1"", ""wpp"": ""1""}"
x265,hebo,7302,plain,false,81,39.98,6.81,39.98,7.159416198730469,"['Standard', '320p', 30, '10s']",0.0,7.159318923950195,0.0,"{""amp"": ""0"", ""aq-mode"": ""4"", ""aq-strength"": ""0.5"", ""b-adapt"": ""2"", ""bframes"": ""1"", ""crf"": ""25.0"", ""ctu"": ""32"", ""keyint"": ""433"", ""limit-refs"": ""1"", ""limit-tu"": ""1"", ""me"": ""dia"", ""merange"": ""28"", ""open-gop"": ""1"", ""psy-rd"": ""2.5"", ""psy-rdoq"": ""3.5"", ""qcomp"": ""1.0"", ""qpmax"": ""48"", ""qpmin"": ""16"", ""rc-lookahead"": ""21"", ""rd"": ""4"", ""rdoq-level"": ""1"", ""rect"": ""0"", ""ref"": ""2"", ""rskip"": ""0"", ""sao"": ""1"", ""scenecut"": ""30"", ""subme"": ""1"", ""tu-inter-depth"": ""1"", ""tu-intra-depth"": ""3"", ""weightb"": ""0"", ""weightp"": ""0"", ""wpp"": ""0""}"
x265,hebo,7302,plain,false,82,6.67,26.1,6.67,26.43546223640442,"['Standard', '320p', 30, '10s']",0.0,26.435367822647095,0.0,"{""amp"": ""1"", ""aq-mode"": ""4"", ""aq-strength"": ""0.0"", ""b-adapt"": ""2"", ""bframes"": ""1"", ""crf"": ""20.0"", ""ctu"": ""16"", ""keyint"": ""156"", ""limit-refs"": ""1"", ""limit-tu"": ""2"", ""me"": ""star"", ""merange"": ""33"", ""open-gop"": ""0"", ""psy-rd"": ""2.5"", ""psy-rdoq"": ""2.0"", ""qcomp"": ""0.8"", ""qpmax"": ""30"", ""qpmin"": ""2"", ""rc-lookahead"": ""16"", ""rd"": ""6"", ""rdoq-level"": ""1"", ""rect"": ""1"", ""ref"": ""1"", ""rskip"": ""0"", ""sao"": ""0"", ""scenecut"": ""4"", ""subme"": ""4"", ""tu-inter-depth"": ""1"", ""tu-intra-depth"": ""3"", ""weightb"": ""1"", ""weightp"": ""0"", ""wpp"": ""0""}"
x265,hebo,7302,plain,false,83,21.12,11.69,21.12,12.077475309371948,"['Standard', '320p', 30, '10s']",0.0,12.07732367515564,0.0,"{""amp"": ""1"", ""aq-mode"": ""0"", ""aq-strength"": ""0.8"", ""b-adapt"": ""1"", ""bframes"": ""5"", ""crf"": ""22.0"", ""ctu"": ""32"", ""keyint"": ""246"", ""limit-refs"": ""2"", ""limit-tu"": ""4"", ""me"": ""star"", ""merange"": ""62"", ""open-gop"": ""1"", ""psy-rd"": ""2.0"", ""psy-rdoq"": ""1.0"", ""qcomp"": ""1.0"", ""qpmax"": ""43"", ""qpmin"": ""16"", ""rc-lookahead"": ""54"", ""rd"": ""2"", ""rdoq-level"": ""2"", ""rect"": ""1"", ""ref"": ""3"", ""rskip"": ""0"", ""sao"": ""1"", ""scenecut"": ""97"", ""subme"": ""1"", ""tu-inter-depth"": ""3"", ""tu-intra-depth"": ""4"", ""weightb"": ""0"", ""weightp"": ""1"", ""wpp"": ""1""}"
x265,hebo,7302,plain,false,84,28.00,9.32,28.00,9.76802134513855,"['Standard', '320p', 30, '10s']",0.0,9.76792597770691,0.0,"{""amp"": ""1"", ""aq-mode"": ""4"", ""aq-strength"": ""1.0"", ""b-adapt"": ""1"", ""bframes"": ""8"", ""crf"": ""25.0"", ""ctu"": ""64"", ""keyint"": ""485"", ""limit-refs"": ""2"", ""limit-tu"": ""3"", ""me"": ""umh"", ""merange"": ""45"", ""open-gop"": ""1"", ""psy-rd"": ""3.0"", ""psy-rdoq"": ""2.0"", ""qcomp"": ""0.5"", ""qpmax"": ""42"", ""qpmin"": ""19"", ""rc-lookahead"": ""53"", ""rd"": ""2"", ""rdoq-level"": ""2"", ""rect"": ""1"", ""ref"": ""5"", ""rskip"": ""0"", ""sao"": ""1"", ""scenecut"": ""84"", ""subme"": ""4"", ""tu-inter-depth"": ""4"", ""tu-intra-depth"": ""3"", ""weightb"": ""1"", ""weightp"": ""1"", ""wpp"": ""1""}"
x265,hebo,7302,plain,false,85,19.09,12.68,19.09,13.080453634262085,"['Standard', '320p', 30, '10s']",0.0,13.080307722091675,0.0,"{""amp"": ""1"", ""aq-mode"": ""4"", ""aq-strength"": ""2.0"", ""b-adapt"": ""0"", ""bframes"": ""1"", ""crf"": ""32.0"", ""ctu"": ""16"", ""keyint"": ""289"", ""limit-refs"": ""1"", ""limit-tu"": ""2"", ""me"": ""star"", ""merange"": ""56"", ""open-gop"": ""1"", ""psy-rd"": ""1.5"", ""psy-rdoq"": ""2.5"", ""qcomp"": ""0.5"", ""qpmax"": ""22"", ""qpmin"": ""4"", ""rc-lookahead"": ""48"", ""rd"": ""3"", ""rdoq-level"": ""0"", ""rect"": ""1"", ""ref"": ""1"", ""rskip"": ""0"", ""sao"": ""1"", ""scenecut"": ""2"", ""subme"": ""5"", ""tu-inter-depth"": ""1"", ""tu-intra-depth"": ""1"", ""weightb"": ""0"", ""weightp"": ""1"", ""wpp"": ""0""}"
x265,hebo,7302,plain,false,86,36.54,7.38,36.54,7.700953006744385,"['Standard', '320p', 30, '10s']",0.0,7.700857639312744,0.0,"{""amp"": ""1"", ""aq-mode"": ""1"", ""aq-strength"": ""1.0"", ""b-adapt"": ""1"", ""bframes"": ""6"", ""crf"": ""22.0"", ""ctu"": ""16"", ""keyint"": ""453"", ""limit-refs"": ""3"", ""limit-tu"": ""0"", ""me"": ""umh"", ""merange"": ""44"", ""open-gop"": ""1"", ""psy-rd"": ""2.5"", ""psy-rdoq"": ""2.5"", ""qcomp"": ""0.9"", ""qpmax"": ""30"", ""qpmin"": ""19"", ""rc-lookahead"": ""34"", ""rd"": ""1"", ""rdoq-level"": ""2"", ""rect"": ""1"", ""ref"": ""2"", ""rskip"": ""0"", ""sao"": ""1"", ""scenecut"": ""28"", ""subme"": ""3"", ""tu-inter-depth"": ""3"", ""tu-intra-depth"": ""3"", ""weightb"": ""0"", ""weightp"": ""0"", ""wpp"": ""0""}"
x265,hebo,7302,plain,false,87,33.18,8.02,33.18,8.345120668411255,"['Standard', '320p', 30, '10s']",0.0,8.3450186252594,0.0,"{""amp"": ""1"", ""aq-mode"": ""3"", ""aq-strength"": ""0.8"", ""b-adapt"": ""1"", ""bframes"": ""2"", ""crf"": ""25.0"", ""ctu"": ""32"", ""keyint"": ""429"", ""limit-refs"": ""1"", ""limit-tu"": ""2"", ""me"": ""hex"", ""merange"": ""23"", ""open-gop"": ""1"", ""psy-rd"": ""2.5"", ""psy-rdoq"": ""5.0"", ""qcomp"": ""0.8"", ""qpmax"": ""38"", ""qpmin"": ""1"", ""rc-lookahead"": ""46"", ""rd"": ""4"", ""rdoq-level"": ""2"", ""rect"": ""0"", ""ref"": ""4"", ""rskip"": ""0"", ""sao"": ""1"", ""scenecut"": ""81"", ""subme"": ""4"", ""tu-inter-depth"": ""2"", ""tu-intra-depth"": ""4"", ""weightb"": ""0"", ""weightp"": ""0"", ""wpp"": ""0""}"
x265,hebo,7302,plain,false,88,18.28,13.12,18.28,13.50235891342163,"['Standard', '320p', 30, '10s']",0.0,13.502211570739746,0.0,"{""amp"": ""0"", ""aq-mode"": ""0"", ""aq-strength"": ""0.5"", ""b-adapt"": ""1"", ""bframes"": ""6"", ""crf"": ""28.0"", ""ctu"": ""32"", ""keyint"": ""233"", ""limit-refs"": ""1"", ""limit-tu"": ""0"", ""me"": ""star"", ""merange"": ""26"", ""open-gop"": ""1"", ""psy-rd"": ""2.0"", ""psy-rdoq"": ""2.0"", ""qcomp"": ""1.0"", ""qpmax"": ""49"", ""qpmin"": ""11"", ""rc-lookahead"": ""53"", ""rd"": ""6"", ""rdoq-level"": ""0"", ""rect"": ""0"", ""ref"": ""3"", ""rskip"": ""1"", ""sao"": ""1"", ""scenecut"": ""7"", ""subme"": ""3"", ""tu-inter-depth"": ""3"", ""tu-intra-depth"": ""2"", ""weightb"": ""0"", ""weightp"": ""1"", ""wpp"": ""0""}"
x265,hebo,7302,plain,false,89,65.18,4.39,65.18,4.699469089508057,"['Standard', '320p', 30, '10s']",0.0,4.699368000030518,0.0,"{""amp"": ""1"", ""aq-mode"": ""3"", ""aq-strength"": ""2.0"", ""b-adapt"": ""1"", ""bframes"": ""3"", ""crf"": ""32.0"", ""ctu"": ""64"", ""keyint"": ""236"", ""limit-refs"": ""3"", ""limit-tu"": ""4"", ""me"": ""hex"", ""merange"": ""63"", ""open-gop"": ""1"", ""psy-rd"": ""4.0"", ""psy-rdoq"": ""5.0"", ""qcomp"": ""1.0"", ""qpmax"": ""37"", ""qpmin"": ""1"", ""rc-lookahead"": ""59"", ""rd"": ""3"", ""rdoq-level"": ""1"", ""rect"": ""0"", ""ref"": ""2"", ""rskip"": ""1"", ""sao"": ""0"", ""scenecut"": ""10"", ""subme"": ""4"", ""tu-inter-depth"": ""3"", ""tu-intra-depth"": ""3"", ""weightb"": ""0"", ""weightp"": ""1"", ""wpp"": ""0""}"
x265,hebo,7302,plain,false,90,48.52,5.73,48.52,6.0680718421936035,"['Standard', '320p', 30, '10s']",0.0,6.067975282669067,0.0,"{""amp"": ""0"", ""aq-mode"": ""1"", ""aq-strength"": ""0.0"", ""b-adapt"": ""0"", ""bframes"": ""0"", ""crf"": ""22.0"", ""ctu"": ""16"", ""keyint"": ""174"", ""limit-refs"": ""2"", ""limit-tu"": ""0"", ""me"": ""hex"", ""merange"": ""19"", ""open-gop"": ""0"", ""psy-rd"": ""0.0"", ""psy-rdoq"": ""4.5"", ""qcomp"": ""0.6"", ""qpmax"": ""35"", ""qpmin"": ""15"", ""rc-lookahead"": ""12"", ""rd"": ""3"", ""rdoq-level"": ""2"", ""rect"": ""0"", ""ref"": ""2"", ""rskip"": ""1"", ""sao"": ""0"", ""scenecut"": ""77"", ""subme"": ""3"", ""tu-inter-depth"": ""1"", ""tu-intra-depth"": ""3"", ""weightb"": ""0"", ""weightp"": ""0"", ""wpp"": ""0""}"
x265,hebo,7302,plain,false,91,39.20,6.93,39.20,7.252514600753784,"['Standard', '320p', 30, '10s']",0.0,7.25242018699646,0.0,"{""amp"": ""0"", ""aq-mode"": ""1"", ""aq-strength"": ""1.2"", ""b-adapt"": ""2"", ""bframes"": ""0"", ""crf"": ""22.0"", ""ctu"": ""64"", ""keyint"": ""109"", ""limit-refs"": ""3"", ""limit-tu"": ""2"", ""me"": ""dia"", ""merange"": ""17"", ""open-gop"": ""0"", ""psy-rd"": ""1.5"", ""psy-rdoq"": ""2.0"", ""qcomp"": ""0.75"", ""qpmax"": ""28"", ""qpmin"": ""2"", ""rc-lookahead"": ""16"", ""rd"": ""2"", ""rdoq-level"": ""0"", ""rect"": ""1"", ""ref"": ""5"", ""rskip"": ""0"", ""sao"": ""1"", ""scenecut"": ""16"", ""subme"": ""2"", ""tu-inter-depth"": ""2"", ""tu-intra-depth"": ""1"", ""weightb"": ""0"", ""weightp"": ""0"", ""wpp"": ""0""}"
x265,hebo,7302,plain,false,92,69.60,4.13,69.60,4.451018810272217,"['Standard', '320p', 30, '10s']",0.0,4.450925827026367,0.0,"{""amp"": ""1"", ""aq-mode"": ""4"", ""aq-strength"": ""0.5"", ""b-adapt"": ""0"", ""bframes"": ""7"", ""crf"": ""30.0"", ""ctu"": ""64"", ""keyint"": ""70"", ""limit-refs"": ""2"", ""limit-tu"": ""3"", ""me"": ""star"", ""merange"": ""44"", ""open-gop"": ""0"", ""psy-rd"": ""0.0"", ""psy-rdoq"": ""0.0"", ""qcomp"": ""0.6"", ""qpmax"": ""39"", ""qpmin"": ""13"", ""rc-lookahead"": ""42"", ""rd"": ""1"", ""rdoq-level"": ""1"", ""rect"": ""1"", ""ref"": ""5"", ""rskip"": ""1"", ""sao"": ""0"", ""scenecut"": ""83"", ""subme"": ""2"", ""tu-inter-depth"": ""3"", ""tu-intra-depth"": ""4"", ""weightb"": ""1"", ""weightp"": ""1"", ""wpp"": ""0""}"
x265,hebo,7302,plain,false,93,25.95,9.88,25.95,10.224364519119263,"['Standard', '320p', 30, '10s']",0.0,10.22426438331604,0.0,"{""amp"": ""0"", ""aq-mode"": ""0"", ""aq-strength"": ""1.8"", ""b-adapt"": ""0"", ""bframes"": ""2"", ""crf"": ""22.0"", ""ctu"": ""16"", ""keyint"": ""65"", ""limit-refs"": ""2"", ""limit-tu"": ""2"", ""me"": ""umh"", ""merange"": ""54"", ""open-gop"": ""1"", ""psy-rd"": ""2.0"", ""psy-rdoq"": ""1.5"", ""qcomp"": ""0.75"", ""qpmax"": ""35"", ""qpmin"": ""3"", ""rc-lookahead"": ""45"", ""rd"": ""4"", ""rdoq-level"": ""1"", ""rect"": ""1"", ""ref"": ""4"", ""rskip"": ""1"", ""sao"": ""0"", ""scenecut"": ""34"", ""subme"": ""5"", ""tu-inter-depth"": ""3"", ""tu-intra-depth"": ""2"", ""weightb"": ""1"", ""weightp"": ""1"", ""wpp"": ""0""}"
x265,hebo,7302,plain,false,94,8.70,22.24,8.70,22.56913447380066,"['Standard', '320p', 30, '10s']",0.0,22.5690336227417,0.0,"{""amp"": ""0"", ""aq-mode"": ""2"", ""aq-strength"": ""1.8"", ""b-adapt"": ""2"", ""bframes"": ""4"", ""crf"": ""25.0"", ""ctu"": ""64"", ""keyint"": ""210"", ""limit-refs"": ""3"", ""limit-tu"": ""4"", ""me"": ""umh"", ""merange"": ""24"", ""open-gop"": ""0"", ""psy-rd"": ""4.0"", ""psy-rdoq"": ""0.0"", ""qcomp"": ""0.5"", ""qpmax"": ""33"", ""qpmin"": ""20"", ""rc-lookahead"": ""44"", ""rd"": ""5"", ""rdoq-level"": ""2"", ""rect"": ""1"", ""ref"": ""3"", ""rskip"": ""1"", ""sao"": ""1"", ""scenecut"": ""23"", ""subme"": ""2"", ""tu-inter-depth"": ""3"", ""tu-intra-depth"": ""3"", ""weightb"": ""1"", ""weightp"": ""1"", ""wpp"": ""0""}"
x265,hebo,7302,plain,false,95,6.61,26.23,6.61,26.57120370864868,"['Standard', '320p', 30, '10s']",0.0,26.571105480194092,0.0,"{""amp"": ""1"", ""aq-mode"": ""4"", ""aq-strength"": ""0.0"", ""b-adapt"": ""1"", ""bframes"": ""6"", ""crf"": ""28.0"", ""ctu"": ""64"", ""keyint"": ""455"", ""limit-refs"": ""3"", ""limit-tu"": ""2"", ""me"": ""full"", ""merange"": ""58"", ""open-gop"": ""1"", ""psy-rd"": ""2.0"", ""psy-rdoq"": ""1.0"", ""qcomp"": ""0.6"", ""qpmax"": ""36"", ""qpmin"": ""17"", ""rc-lookahead"": ""35"", ""rd"": ""3"", ""rdoq-level"": ""2"", ""rect"": ""0"", ""ref"": ""5"", ""rskip"": ""0"", ""sao"": ""1"", ""scenecut"": ""75"", ""subme"": ""1"", ""tu-inter-depth"": ""3"", ""tu-intra-depth"": ""2"", ""weightb"": ""0"", ""weightp"": ""0"", ""wpp"": ""1""}"
x265,hebo,7302,plain,false,96,22.53,11.1,22.53,11.423804998397827,"['Standard', '320p', 30, '10s']",0.0,11.423707485198975,0.0,"{""amp"": ""1"", ""aq-mode"": ""4"", ""aq-strength"": ""1.8"", ""b-adapt"": ""0"", ""bframes"": ""1"", ""crf"": ""30.0"", ""ctu"": ""64"", ""keyint"": ""351"", ""limit-refs"": ""3"", ""limit-tu"": ""2"", ""me"": ""dia"", ""merange"": ""22"", ""open-gop"": ""0"", ""psy-rd"": ""1.0"", ""psy-rdoq"": ""4.5"", ""qcomp"": ""0.75"", ""qpmax"": ""48"", ""qpmin"": ""19"", ""rc-lookahead"": ""21"", ""rd"": ""5"", ""rdoq-level"": ""1"", ""rect"": ""1"", ""ref"": ""5"", ""rskip"": ""1"", ""sao"": ""0"", ""scenecut"": ""64"", ""subme"": ""3"", ""tu-inter-depth"": ""3"", ""tu-intra-depth"": ""4"", ""weightb"": ""1"", ""weightp"": ""1"", ""wpp"": ""1""}"
x265,hebo,7302,plain,false,97,23.33,10.78,23.33,11.111579656600952,"['Standard', '320p', 30, '10s']",0.0,11.111475229263306,0.0,"{""amp"": ""0"", ""aq-mode"": ""3"", ""aq-strength"": ""2.0"", ""b-adapt"": ""1"", ""bframes"": ""2"", ""crf"": ""30.0"", ""ctu"": ""16"", ""keyint"": ""96"", ""limit-refs"": ""3"", ""limit-tu"": ""1"", ""me"": ""full"", ""merange"": ""47"", ""open-gop"": ""1"", ""psy-rd"": ""1.0"", ""psy-rdoq"": ""5.0"", ""qcomp"": ""0.6"", ""qpmax"": ""49"", ""qpmin"": ""3"", ""rc-lookahead"": ""50"", ""rd"": ""2"", ""rdoq-level"": ""0"", ""rect"": ""1"", ""ref"": ""1"", ""rskip"": ""1"", ""sao"": ""1"", ""scenecut"": ""96"", ""subme"": ""3"", ""tu-inter-depth"": ""3"", ""tu-intra-depth"": ""2"", ""weightb"": ""1"", ""weightp"": ""1"", ""wpp"": ""1""}"
x265,hebo,7302,plain,false,98,14.00,16.06,14.00,16.388022899627686,"['Standard', '320p', 30, '10s']",0.0,16.38792395591736,0.0,"{""amp"": ""0"", ""aq-mode"": ""3"", ""aq-strength"": ""1.5"", ""b-adapt"": ""2"", ""bframes"": ""7"", ""crf"": ""28.0"", ""ctu"": ""64"", ""keyint"": ""459"", ""limit-refs"": ""0"", ""limit-tu"": ""4"", ""me"": ""star"", ""merange"": ""34"", ""open-gop"": ""1"", ""psy-rd"": ""3.0"", ""psy-rdoq"": ""0.0"", ""qcomp"": ""0.5"", ""qpmax"": ""42"", ""qpmin"": ""9"", ""rc-lookahead"": ""25"", ""rd"": ""6"", ""rdoq-level"": ""0"", ""rect"": ""1"", ""ref"": ""2"", ""rskip"": ""1"", ""sao"": ""1"", ""scenecut"": ""73"", ""subme"": ""5"", ""tu-inter-depth"": ""4"", ""tu-intra-depth"": ""2"", ""weightb"": ""1"", ""weightp"": ""0"", ""wpp"": ""0""}"
x265,hebo,7302,plain,false,99,11.37,18.62,11.37,18.951892614364624,"['Standard', '320p', 30, '10s']",0.0,18.95177435874939,0.0,"{""amp"": ""0"", ""aq-mode"": ""2"", ""aq-strength"": ""1.8"", ""b-adapt"": ""0"", ""bframes"": ""0"", ""crf"": ""28.0"", ""ctu"": ""32"", ""keyint"": ""450"", ""limit-refs"": ""0"", ""limit-tu"": ""0"", ""me"": ""hex"", ""merange"": ""61"", ""open-gop"": ""1"", ""psy-rd"": ""0.0"", ""psy-rdoq"": ""1.5"", ""qcomp"": ""0.9"", ""qpmax"": ""27"", ""qpmin"": ""11"", ""rc-lookahead"": ""23"", ""rd"": ""5"", ""rdoq-level"": ""0"", ""rect"": ""1"", ""ref"": ""1"", ""rskip"": ""1"", ""sao"": ""0"", ""scenecut"": ""50"", ""subme"": ""2"", ""tu-inter-depth"": ""2"", ""tu-intra-depth"": ""3"", ""weightb"": ""1"", ""weightp"": ""1"", ""wpp"": ""1""}"
x265,hebo,7302,plain,false,100,72.09,3.99,72.09,4.321705341339111,"['Standard', '320p', 30, '10s']",0.0,4.321611642837524,0.0,"{""amp"": ""0"", ""aq-mode"": ""2"", ""aq-strength"": ""1.2"", ""b-adapt"": ""2"", ""bframes"": ""2"", ""crf"": ""32.0"", ""ctu"": ""32"", ""keyint"": ""345"", ""limit-refs"": ""0"", ""limit-tu"": ""1"", ""me"": ""hex"", ""merange"": ""20"", ""open-gop"": ""0"", ""psy-rd"": ""0.5"", ""psy-rdoq"": ""3.0"", ""qcomp"": ""0.7"", ""qpmax"": ""27"", ""qpmin"": ""5"", ""rc-lookahead"": ""19"", ""rd"": ""2"", ""rdoq-level"": ""0"", ""rect"": ""0"", ""ref"": ""4"", ""rskip"": ""1"", ""sao"": ""1"", ""scenecut"": ""2"", ""subme"": ""2"", ""tu-inter-depth"": ""1"", ""tu-intra-depth"": ""1"", ""weightb"": ""0"", ""weightp"": ""0"", ""wpp"": ""0""}"
x265,hebo,7302,plain,false,101,63.36,4.5,63.36,4.8381712436676025,"['Standard', '320p', 30, '10s']",0.0,4.838069200515747,0.0,"{""amp"": ""0"", ""aq-mode"": ""0"", ""aq-strength"": ""1.0"", ""b-adapt"": ""2"", ""bframes"": ""2"", ""crf"": ""20.0"", ""ctu"": ""16"", ""keyint"": ""111"", ""limit-refs"": ""3"", ""limit-tu"": ""3"", ""me"": ""dia"", ""merange"": ""55"", ""open-gop"": ""1"", ""psy-rd"": ""0.0"", ""psy-rdoq"": ""3.0"", ""qcomp"": ""0.7"", ""qpmax"": ""34"", ""qpmin"": ""7"", ""rc-lookahead"": ""14"", ""rd"": ""3"", ""rdoq-level"": ""0"", ""rect"": ""0"", ""ref"": ""1"", ""rskip"": ""1"", ""sao"": ""1"", ""scenecut"": ""34"", ""subme"": ""4"", ""tu-inter-depth"": ""3"", ""tu-intra-depth"": ""3"", ""weightb"": ""1"", ""weightp"": ""0"", ""wpp"": ""0""}"
x265,hebo,7302,plain,false,102,7.77,23.85,7.77,24.18435502052307,"['Standard', '320p', 30, '10s']",0.0,24.184258460998535,0.0,"{""amp"": ""0"", ""aq-mode"": ""3"", ""aq-strength"": ""1.5"", ""b-adapt"": ""0"", ""bframes"": ""1"", ""crf"": ""32.0"", ""ctu"": ""16"", ""keyint"": ""200"", ""limit-refs"": ""1"", ""limit-tu"": ""0"", ""me"": ""umh"", ""merange"": ""63"", ""open-gop"": ""0"", ""psy-rd"": ""0.0"", ""psy-rdoq"": ""4.0"", ""qcomp"": ""0.5"", ""qpmax"": ""48"", ""qpmin"": ""15"", ""rc-lookahead"": ""57"", ""rd"": ""5"", ""rdoq-level"": ""1"", ""rect"": ""0"", ""ref"": ""6"", ""rskip"": ""1"", ""sao"": ""1"", ""scenecut"": ""4"", ""subme"": ""5"", ""tu-inter-depth"": ""3"", ""tu-intra-depth"": ""3"", ""weightb"": ""1"", ""weightp"": ""1"", ""wpp"": ""1""}"
x265,hebo,7302,plain,false,103,29.92,8.77,29.92,9.107261657714844,"['Standard', '320p', 30, '10s']",0.0,9.107159614562988,0.0,"{""amp"": ""1"", ""aq-mode"": ""4"", ""aq-strength"": ""1.8"", ""b-adapt"": ""1"", ""bframes"": ""4"", ""crf"": ""25.0"", ""ctu"": ""16"", ""keyint"": ""496"", ""limit-refs"": ""3"", ""limit-tu"": ""0"", ""me"": ""full"", ""merange"": ""59"", ""open-gop"": ""1"", ""psy-rd"": ""1.0"", ""psy-rdoq"": ""2.5"", ""qcomp"": ""1.0"", ""qpmax"": ""39"", ""qpmin"": ""9"", ""rc-lookahead"": ""25"", ""rd"": ""1"", ""rdoq-level"": ""0"", ""rect"": ""0"", ""ref"": ""2"", ""rskip"": ""1"", ""sao"": ""0"", ""scenecut"": ""70"", ""subme"": ""2"", ""tu-inter-depth"": ""1"", ""tu-intra-depth"": ""3"", ""weightb"": ""1"", ""weightp"": ""1"", ""wpp"": ""0""}"
x265,hebo,7302,plain,false,104,48.07,5.78,48.07,6.107006311416626,"['Standard', '320p', 30, '10s']",0.0,6.106908559799194,0.0,"{""amp"": ""0"", ""aq-mode"": ""1"", ""aq-strength"": ""1.2"", ""b-adapt"": ""1"", ""bframes"": ""2"", ""crf"": ""30.0"", ""ctu"": ""32"", ""keyint"": ""118"", ""limit-refs"": ""1"", ""limit-tu"": ""1"", ""me"": ""hex"", ""merange"": ""22"", ""open-gop"": ""1"", ""psy-rd"": ""3.0"", ""psy-rdoq"": ""3.0"", ""qcomp"": ""0.8"", ""qpmax"": ""35"", ""qpmin"": ""0"", ""rc-lookahead"": ""60"", ""rd"": ""6"", ""rdoq-level"": ""0"", ""rect"": ""0"", ""ref"": ""2"", ""rskip"": ""1"", ""sao"": ""1"", ""scenecut"": ""38"", ""subme"": ""1"", ""tu-inter-depth"": ""2"", ""tu-intra-depth"": ""2"", ""weightb"": ""1"", ""weightp"": ""0"", ""wpp"": ""0""}"
x265,hebo,7302,plain,false,105,69.00,4.16,69.00,4.47743821144104,"['Standard', '320p', 30, '10s']",0.0,4.477334260940552,0.0,"{""amp"": ""1"", ""aq-mode"": ""1"", ""aq-strength"": ""1.8"", ""b-adapt"": ""2"", ""bframes"": ""4"", ""crf"": ""25.0"", ""ctu"": ""16"", ""keyint"": ""458"", ""limit-refs"": ""3"", ""limit-tu"": ""0"", ""me"": ""star"", ""merange"": ""21"", ""open-gop"": ""1"", ""psy-rd"": ""1.0"", ""psy-rdoq"": ""0.5"", ""qcomp"": ""1.0"", ""qpmax"": ""35"", ""qpmin"": ""7"", ""rc-lookahead"": ""59"", ""rd"": ""4"", ""rdoq-level"": ""0"", ""rect"": ""0"", ""ref"": ""4"", ""rskip"": ""1"", ""sao"": ""0"", ""scenecut"": ""11"", ""subme"": ""5"", ""tu-inter-depth"": ""3"", ""tu-intra-depth"": ""1"", ""weightb"": ""1"", ""weightp"": ""1"", ""wpp"": ""1""}"
x265,hebo,7302,plain,false,106,6.26,27.06,6.26,27.397080183029175,"['Standard', '320p', 30, '10s']",0.0,27.39698600769043,0.0,"{""amp"": ""1"", ""aq-mode"": ""1"", ""aq-strength"": ""1.2"", ""b-adapt"": ""1"", ""bframes"": ""6"", ""crf"": ""25.0"", ""ctu"": ""64"", ""keyint"": ""272"", ""limit-refs"": ""3"", ""limit-tu"": ""3"", ""me"": ""star"", ""merange"": ""41"", ""open-gop"": ""0"", ""psy-rd"": ""0.0"", ""psy-rdoq"": ""0.0"", ""qcomp"": ""0.5"", ""qpmax"": ""28"", ""qpmin"": ""2"", ""rc-lookahead"": ""53"", ""rd"": ""5"", ""rdoq-level"": ""2"", ""rect"": ""0"", ""ref"": ""6"", ""rskip"": ""1"", ""sao"": ""1"", ""scenecut"": ""73"", ""subme"": ""4"", ""tu-inter-depth"": ""4"", ""tu-intra-depth"": ""3"", ""weightb"": ""1"", ""weightp"": ""0"", ""wpp"": ""1""}"
x265,hebo,7302,plain,false,107,45.33,6.1,45.33,6.428476095199585,"['Standard', '320p', 30, '10s']",0.0,6.428378343582153,0.0,"{""amp"": ""0"", ""aq-mode"": ""0"", ""aq-strength"": ""0.5"", ""b-adapt"": ""0"", ""bframes"": ""2"", ""crf"": ""25.0"", ""ctu"": ""16"", ""keyint"": ""99"", ""limit-refs"": ""3"", ""limit-tu"": ""0"", ""me"": ""full"", ""merange"": ""17"", ""open-gop"": ""0"", ""psy-rd"": ""4.0"", ""psy-rdoq"": ""5.0"", ""qcomp"": ""0.75"", ""qpmax"": ""26"", ""qpmin"": ""9"", ""rc-lookahead"": ""19"", ""rd"": ""3"", ""rdoq-level"": ""0"", ""rect"": ""0"", ""ref"": ""4"", ""rskip"": ""1"", ""sao"": ""0"", ""scenecut"": ""48"", ""subme"": ""2"", ""tu-inter-depth"": ""1"", ""tu-intra-depth"": ""1"", ""weightb"": ""1"", ""weightp"": ""0"", ""wpp"": ""0""}"
x265,hebo,7302,plain,false,108,-3.64,223.99,-3.64,224.33030819892883,"['Standard', '320p', 30, '10s']",0.0,224.33019995689392,0.0,"{""amp"": ""1"", ""aq-mode"": ""1"", ""aq-strength"": ""1.5"", ""b-adapt"": ""2"", ""bframes"": ""7"", ""crf"": ""30.0"", ""ctu"": ""64"", ""keyint"": ""178"", ""limit-refs"": ""1"", ""limit-tu"": ""0"", ""me"": ""full"", ""merange"": ""22"", ""open-gop"": ""0"", ""psy-rd"": ""3.5"", ""psy-rdoq"": ""1.5"", ""qcomp"": ""0.5"", ""qpmax"": ""22"", ""qpmin"": ""4"", ""rc-lookahead"": ""21"", ""rd"": ""6"", ""rdoq-level"": ""1"", ""rect"": ""1"", ""ref"": ""6"", ""rskip"": ""0"", ""sao"": ""0"", ""scenecut"": ""11"", ""subme"": ""3"", ""tu-inter-depth"": ""4"", ""tu-intra-depth"": ""1"", ""weightb"": ""1"", ""weightp"": ""0"", ""wpp"": ""0""}"
x265,hebo,7302,plain,false,109,24.56,10.34,24.56,10.684520959854126,"['Standard', '320p', 30, '10s']",0.0,10.684424638748169,0.0,"{""amp"": ""1"", ""aq-mode"": ""3"", ""aq-strength"": ""2.0"", ""b-adapt"": ""1"", ""bframes"": ""6"", ""crf"": ""18.0"", ""ctu"": ""32"", ""keyint"": ""477"", ""limit-refs"": ""3"", ""limit-tu"": ""4"", ""me"": ""star"", ""merange"": ""63"", ""open-gop"": ""1"", ""psy-rd"": ""2.0"", ""psy-rdoq"": ""5.0"", ""qcomp"": ""0.7"", ""qpmax"": ""38"", ""qpmin"": ""19"", ""rc-lookahead"": ""60"", ""rd"": ""4"", ""rdoq-level"": ""2"", ""rect"": ""0"", ""ref"": ""4"", ""rskip"": ""1"", ""sao"": ""0"", ""scenecut"": ""17"", ""subme"": ""5"", ""tu-inter-depth"": ""3"", ""tu-intra-depth"": ""3"", ""weightb"": ""0"", ""weightp"": ""1"", ""wpp"": ""1""}"
x265,hebo,7302,plain,false,110,5.05,30.31,5.05,30.640631437301636,"['Standard', '320p', 30, '10s']",0.0,30.640525817871094,0.0,"{""amp"": ""1"", ""aq-mode"": ""4"", ""aq-strength"": ""0.5"", ""b-adapt"": ""1"", ""bframes"": ""5"", ""crf"": ""22.0"", ""ctu"": ""64"", ""keyint"": ""457"", ""limit-refs"": ""0"", ""limit-tu"": ""3"", ""me"": ""star"", ""merange"": ""56"", ""open-gop"": ""0"", ""psy-rd"": ""2.5"", ""psy-rdoq"": ""5.0"", ""qcomp"": ""0.75"", ""qpmax"": ""35"", ""qpmin"": ""13"", ""rc-lookahead"": ""11"", ""rd"": ""5"", ""rdoq-level"": ""2"", ""rect"": ""0"", ""ref"": ""3"", ""rskip"": ""1"", ""sao"": ""1"", ""scenecut"": ""91"", ""subme"": ""1"", ""tu-inter-depth"": ""2"", ""tu-intra-depth"": ""2"", ""weightb"": ""0"", ""weightp"": ""0"", ""wpp"": ""0""}"
x265,hebo,7302,plain,false,111,44.23,6.23,44.23,6.560968399047852,"['Standard', '320p', 30, '10s']",0.0,6.5608649253845215,0.0,"{""amp"": ""0"", ""aq-mode"": ""1"", ""aq-strength"": ""2.0"", ""b-adapt"": ""2"", ""bframes"": ""7"", ""crf"": ""20.0"", ""ctu"": ""64"", ""keyint"": ""430"", ""limit-refs"": ""3"", ""limit-tu"": ""0"", ""me"": ""star"", ""merange"": ""25"", ""open-gop"": ""0"", ""psy-rd"": ""0.0"", ""psy-rdoq"": ""4.5"", ""qcomp"": ""0.8"", ""qpmax"": ""34"", ""qpmin"": ""9"", ""rc-lookahead"": ""28"", ""rd"": ""1"", ""rdoq-level"": ""1"", ""rect"": ""0"", ""ref"": ""1"", ""rskip"": ""1"", ""sao"": ""1"", ""scenecut"": ""67"", ""subme"": ""2"", ""tu-inter-depth"": ""3"", ""tu-intra-depth"": ""1"", ""weightb"": ""0"", ""weightp"": ""1"", ""wpp"": ""0""}"
x265,hebo,7302,plain,false,112,55.31,5.09,55.31,5.424917936325073,"['Standard', '320p', 30, '10s']",0.0,5.424821376800537,0.0,"{""amp"": ""1"", ""aq-mode"": ""2"", ""aq-strength"": ""0.0"", ""b-adapt"": ""0"", ""bframes"": ""4"", ""crf"": ""25.0"", ""ctu"": ""64"", ""keyint"": ""441"", ""limit-refs"": ""1"", ""limit-tu"": ""1"", ""me"": ""star"", ""merange"": ""62"", ""open-gop"": ""1"", ""psy-rd"": ""1.5"", ""psy-rdoq"": ""0.5"", ""qcomp"": ""0.5"", ""qpmax"": ""30"", ""qpmin"": ""1"", ""rc-lookahead"": ""13"", ""rd"": ""3"", ""rdoq-level"": ""0"", ""rect"": ""0"", ""ref"": ""2"", ""rskip"": ""0"", ""sao"": ""1"", ""scenecut"": ""24"", ""subme"": ""3"", ""tu-inter-depth"": ""3"", ""tu-intra-depth"": ""1"", ""weightb"": ""1"", ""weightp"": ""0"", ""wpp"": ""1""}"
x265,hebo,7302,plain,false,113,22.01,11.31,22.01,11.647596597671509,"['Standard', '320p', 30, '10s']",0.0,11.647499084472656,0.0,"{""amp"": ""1"", ""aq-mode"": ""3"", ""aq-strength"": ""0.5"", ""b-adapt"": ""0"", ""bframes"": ""0"", ""crf"": ""30.0"", ""ctu"": ""64"", ""keyint"": ""307"", ""limit-refs"": ""3"", ""limit-tu"": ""0"", ""me"": ""hex"", ""merange"": ""59"", ""open-gop"": ""0"", ""psy-rd"": ""1.5"", ""psy-rdoq"": ""3.0"", ""qcomp"": ""0.75"", ""qpmax"": ""27"", ""qpmin"": ""7"", ""rc-lookahead"": ""13"", ""rd"": ""4"", ""rdoq-level"": ""2"", ""rect"": ""1"", ""ref"": ""6"", ""rskip"": ""0"", ""sao"": ""0"", ""scenecut"": ""53"", ""subme"": ""1"", ""tu-inter-depth"": ""1"", ""tu-intra-depth"": ""4"", ""weightb"": ""0"", ""weightp"": ""1"", ""wpp"": ""1""}"
x265,hebo,7302,plain,false,114,26.51,9.71,26.51,10.047045230865479,"['Standard', '320p', 30, '10s']",0.0,10.046938419342041,0.0,"{""amp"": ""0"", ""aq-mode"": ""4"", ""aq-strength"": ""1.8"", ""b-adapt"": ""1"", ""bframes"": ""8"", ""crf"": ""28.0"", ""ctu"": ""32"", ""keyint"": ""463"", ""limit-refs"": ""2"", ""limit-tu"": ""2"", ""me"": ""hex"", ""merange"": ""20"", ""open-gop"": ""1"", ""psy-rd"": ""0.5"", ""psy-rdoq"": ""0.0"", ""qcomp"": ""0.6"", ""qpmax"": ""35"", ""qpmin"": ""7"", ""rc-lookahead"": ""47"", ""rd"": ""6"", ""rdoq-level"": ""2"", ""rect"": ""1"", ""ref"": ""5"", ""rskip"": ""1"", ""sao"": ""1"", ""scenecut"": ""32"", ""subme"": ""1"", ""tu-inter-depth"": ""1"", ""tu-intra-depth"": ""4"", ""weightb"": ""1"", ""weightp"": ""1"", ""wpp"": ""1""}"
x265,hebo,7302,plain,false,115,14.04,16.03,14.04,16.352495431900024,"['Standard', '320p', 30, '10s']",0.0,16.352349281311035,0.0,"{""amp"": ""0"", ""aq-mode"": ""4"", ""aq-strength"": ""1.8"", ""b-adapt"": ""2"", ""bframes"": ""6"", ""crf"": ""30.0"", ""ctu"": ""64"", ""keyint"": ""72"", ""limit-refs"": ""2"", ""limit-tu"": ""1"", ""me"": ""star"", ""merange"": ""17"", ""open-gop"": ""1"", ""psy-rd"": ""4.0"", ""psy-rdoq"": ""1.0"", ""qcomp"": ""0.9"", ""qpmax"": ""31"", ""qpmin"": ""2"", ""rc-lookahead"": ""39"", ""rd"": ""6"", ""rdoq-level"": ""1"", ""rect"": ""1"", ""ref"": ""2"", ""rskip"": ""1"", ""sao"": ""1"", ""scenecut"": ""29"", ""subme"": ""3"", ""tu-inter-depth"": ""1"", ""tu-intra-depth"": ""2"", ""weightb"": ""0"", ""weightp"": ""1"", ""wpp"": ""0""}"
x265,hebo,7302,plain,false,116,54.66,5.16,54.66,5.476971864700317,"['Standard', '320p', 30, '10s']",0.0,5.476874589920044,0.0,"{""amp"": ""0"", ""aq-mode"": ""4"", ""aq-strength"": ""1.0"", ""b-adapt"": ""0"", ""bframes"": ""6"", ""crf"": ""30.0"", ""ctu"": ""64"", ""keyint"": ""26"", ""limit-refs"": ""1"", ""limit-tu"": ""2"", ""me"": ""umh"", ""merange"": ""34"", ""open-gop"": ""0"", ""psy-rd"": ""0.0"", ""psy-rdoq"": ""3.0"", ""qcomp"": ""0.7"", ""qpmax"": ""42"", ""qpmin"": ""19"", ""rc-lookahead"": ""58"", ""rd"": ""2"", ""rdoq-level"": ""0"", ""rect"": ""0"", ""ref"": ""5"", ""rskip"": ""0"", ""sao"": ""0"", ""scenecut"": ""34"", ""subme"": ""3"", ""tu-inter-depth"": ""1"", ""tu-intra-depth"": ""3"", ""weightb"": ""0"", ""weightp"": ""0"", ""wpp"": ""0""}"
x265,hebo,7302,plain,false,117,11.40,18.59,11.40,18.940306663513184,"['Standard', '320p', 30, '10s']",0.0,18.94020986557007,0.0,"{""amp"": ""1"", ""aq-mode"": ""1"", ""aq-strength"": ""0.5"", ""b-adapt"": ""1"", ""bframes"": ""3"", ""crf"": ""18.0"", ""ctu"": ""64"", ""keyint"": ""85"", ""limit-refs"": ""2"", ""limit-tu"": ""3"", ""me"": ""star"", ""merange"": ""53"", ""open-gop"": ""1"", ""psy-rd"": ""0.5"", ""psy-rdoq"": ""1.0"", ""qcomp"": ""0.9"", ""qpmax"": ""33"", ""qpmin"": ""5"", ""rc-lookahead"": ""49"", ""rd"": ""3"", ""rdoq-level"": ""1"", ""rect"": ""1"", ""ref"": ""5"", ""rskip"": ""0"", ""sao"": ""0"", ""scenecut"": ""63"", ""subme"": ""4"", ""tu-inter-depth"": ""3"", ""tu-intra-depth"": ""3"", ""weightb"": ""1"", ""weightp"": ""1"", ""wpp"": ""0""}"
x265,hebo,7302,plain,false,118,61.19,4.65,61.19,4.988391160964966,"['Standard', '320p', 30, '10s']",0.0,4.988277196884155,0.0,"{""amp"": ""0"", ""aq-mode"": ""2"", ""aq-strength"": ""0.8"", ""b-adapt"": ""0"", ""bframes"": ""2"", ""crf"": ""18.0"", ""ctu"": ""16"", ""keyint"": ""369"", ""limit-refs"": ""2"", ""limit-tu"": ""4"", ""me"": ""umh"", ""merange"": ""36"", ""open-gop"": ""1"", ""psy-rd"": ""3.0"", ""psy-rdoq"": ""1.5"", ""qcomp"": ""0.8"", ""qpmax"": ""22"", ""qpmin"": ""17"", ""rc-lookahead"": ""33"", ""rd"": ""3"", ""rdoq-level"": ""0"", ""rect"": ""0"", ""ref"": ""1"", ""rskip"": ""1"", ""sao"": ""0"", ""scenecut"": ""79"", ""subme"": ""1"", ""tu-inter-depth"": ""1"", ""tu-intra-depth"": ""1"", ""weightb"": ""0"", ""weightp"": ""0"", ""wpp"": ""0""}"
x265,hebo,7302,plain,false,119,48.43,5.75,48.43,6.075292348861694,"['Standard', '320p', 30, '10s']",0.0,6.075193166732788,0.0,"{""amp"": ""1"", ""aq-mode"": ""4"", ""aq-strength"": ""0.5"", ""b-adapt"": ""0"", ""bframes"": ""0"", ""crf"": ""25.0"", ""ctu"": ""64"", ""keyint"": ""107"", ""limit-refs"": ""2"", ""limit-tu"": ""0"", ""me"": ""dia"", ""merange"": ""24"", ""open-gop"": ""0"", ""psy-rd"": ""2.0"", ""psy-rdoq"": ""3.0"", ""qcomp"": ""1.0"", ""qpmax"": ""33"", ""qpmin"": ""4"", ""rc-lookahead"": ""36"", ""rd"": ""1"", ""rdoq-level"": ""1"", ""rect"": ""1"", ""ref"": ""3"", ""rskip"": ""1"", ""sao"": ""0"", ""scenecut"": ""14"", ""subme"": ""4"", ""tu-inter-depth"": ""1"", ""tu-intra-depth"": ""4"", ""weightb"": ""0"", ""weightp"": ""1"", ""wpp"": ""0""}"
x265,hebo,7302,plain,false,120,81.14,3.58,81.14,3.9146084785461426,"['Standard', '320p', 30, '10s']",0.0,3.9145095348358154,0.0,"{""amp"": ""0"", ""aq-mode"": ""0"", ""aq-strength"": ""2.0"", ""b-adapt"": ""0"", ""bframes"": ""0"", ""crf"": ""32.0"", ""ctu"": ""64"", ""keyint"": ""90"", ""limit-refs"": ""3"", ""limit-tu"": ""4"", ""me"": ""star"", ""merange"": ""25"", ""open-gop"": ""1"", ""psy-rd"": ""4.0"", ""psy-rdoq"": ""5.0"", ""qcomp"": ""1.0"", ""qpmax"": ""39"", ""qpmin"": ""13"", ""rc-lookahead"": ""57"", ""rd"": ""2"", ""rdoq-level"": ""2"", ""rect"": ""0"", ""ref"": ""1"", ""rskip"": ""1"", ""sao"": ""0"", ""scenecut"": ""17"", ""subme"": ""5"", ""tu-inter-depth"": ""3"", ""tu-intra-depth"": ""3"", ""weightb"": ""0"", ""weightp"": ""0"", ""wpp"": ""1""}"
x265,hebo,7302,plain,false,121,36.81,7.32,36.81,7.666344404220581,"['Standard', '320p', 30, '10s']",0.0,7.6662445068359375,0.0,"{""amp"": ""0"", ""aq-mode"": ""0"", ""aq-strength"": ""0.5"", ""b-adapt"": ""1"", ""bframes"": ""0"", ""crf"": ""30.0"", ""ctu"": ""16"", ""keyint"": ""172"", ""limit-refs"": ""2"", ""limit-tu"": ""0"", ""me"": ""dia"", ""merange"": ""20"", ""open-gop"": ""1"", ""psy-rd"": ""3.0"", ""psy-rdoq"": ""0.5"", ""qcomp"": ""0.8"", ""qpmax"": ""27"", ""qpmin"": ""3"", ""rc-lookahead"": ""40"", ""rd"": ""1"", ""rdoq-level"": ""2"", ""rect"": ""0"", ""ref"": ""3"", ""rskip"": ""1"", ""sao"": ""0"", ""scenecut"": ""1"", ""subme"": ""5"", ""tu-inter-depth"": ""3"", ""tu-intra-depth"": ""2"", ""weightb"": ""0"", ""weightp"": ""0"", ""wpp"": ""0""}"
x265,hebo,7302,plain,false,122,30.25,8.68,30.25,9.009586811065674,"['Standard', '320p', 30, '10s']",0.0,9.009478092193604,0.0,"{""amp"": ""0"", ""aq-mode"": ""4"", ""aq-strength"": ""1.0"", ""b-adapt"": ""1"", ""bframes"": ""3"", ""crf"": ""32.0"", ""ctu"": ""64"", ""keyint"": ""74"", ""limit-refs"": ""1"", ""limit-tu"": ""1"", ""me"": ""full"", ""merange"": ""25"", ""open-gop"": ""0"", ""psy-rd"": ""0.5"", ""psy-rdoq"": ""2.5"", ""qcomp"": ""0.7"", ""qpmax"": ""29"", ""qpmin"": ""6"", ""rc-lookahead"": ""27"", ""rd"": ""2"", ""rdoq-level"": ""0"", ""rect"": ""0"", ""ref"": ""4"", ""rskip"": ""1"", ""sao"": ""0"", ""scenecut"": ""17"", ""subme"": ""1"", ""tu-inter-depth"": ""2"", ""tu-intra-depth"": ""3"", ""weightb"": ""1"", ""weightp"": ""0"", ""wpp"": ""0""}"
x265,hebo,7302,plain,false,123,62.73,4.59,62.73,5.090878248214722,"['Standard', '320p', 30, '10s']",0.0,5.090780973434448,0.0,"{""amp"": ""0"", ""aq-mode"": ""2"", ""aq-strength"": ""1.8"", ""b-adapt"": ""1"", ""bframes"": ""0"", ""crf"": ""32.0"", ""ctu"": ""32"", ""keyint"": ""471"", ""limit-refs"": ""1"", ""limit-tu"": ""1"", ""me"": ""star"", ""merange"": ""47"", ""open-gop"": ""0"", ""psy-rd"": ""1.5"", ""psy-rdoq"": ""5.0"", ""qcomp"": ""1.0"", ""qpmax"": ""29"", ""qpmin"": ""13"", ""rc-lookahead"": ""40"", ""rd"": ""4"", ""rdoq-level"": ""0"", ""rect"": ""0"", ""ref"": ""6"", ""rskip"": ""1"", ""sao"": ""0"", ""scenecut"": ""35"", ""subme"": ""3"", ""tu-inter-depth"": ""3"", ""tu-intra-depth"": ""3"", ""weightb"": ""0"", ""weightp"": ""1"", ""wpp"": ""0""}"
x265,hebo,7302,plain,false,124,21.09,11.71,21.09,12.048681497573853,"['Standard', '320p', 30, '10s']",0.0,12.048583507537842,0.0,"{""amp"": ""1"", ""aq-mode"": ""0"", ""aq-strength"": ""1.5"", ""b-adapt"": ""0"", ""bframes"": ""4"", ""crf"": ""22.0"", ""ctu"": ""64"", ""keyint"": ""323"", ""limit-refs"": ""2"", ""limit-tu"": ""3"", ""me"": ""dia"", ""merange"": ""26"", ""open-gop"": ""1"", ""psy-rd"": ""3.0"", ""psy-rdoq"": ""3.5"", ""qcomp"": ""0.9"", ""qpmax"": ""49"", ""qpmin"": ""19"", ""rc-lookahead"": ""27"", ""rd"": ""3"", ""rdoq-level"": ""0"", ""rect"": ""1"", ""ref"": ""4"", ""rskip"": ""0"", ""sao"": ""0"", ""scenecut"": ""94"", ""subme"": ""3"", ""tu-inter-depth"": ""3"", ""tu-intra-depth"": ""3"", ""weightb"": ""1"", ""weightp"": ""0"", ""wpp"": ""0""}"
x265,hebo,7302,plain,false,125,-4.52,638.61,-4.52,638.9483463764191,"['Standard', '320p', 30, '10s']",0.0,638.9482307434082,0.0,"{""amp"": ""0"", ""aq-mode"": ""3"", ""aq-strength"": ""0.0"", ""b-adapt"": ""1"", ""bframes"": ""0"", ""crf"": ""18.0"", ""ctu"": ""32"", ""keyint"": ""244"", ""limit-refs"": ""0"", ""limit-tu"": ""3"", ""me"": ""full"", ""merange"": ""53"", ""open-gop"": ""1"", ""psy-rd"": ""3.5"", ""psy-rdoq"": ""2.5"", ""qcomp"": ""0.8"", ""qpmax"": ""42"", ""qpmin"": ""0"", ""rc-lookahead"": ""29"", ""rd"": ""5"", ""rdoq-level"": ""2"", ""rect"": ""1"", ""ref"": ""6"", ""rskip"": ""1"", ""sao"": ""1"", ""scenecut"": ""26"", ""subme"": ""1"", ""tu-inter-depth"": ""4"", ""tu-intra-depth"": ""2"", ""weightb"": ""1"", ""weightp"": ""1"", ""wpp"": ""1""}"
x265,hebo,7302,plain,false,126,-1.92,98.68,-1.92,99.00435996055603,"['Standard', '320p', 30, '10s']",0.0,99.00423955917358,0.0,"{""amp"": ""1"", ""aq-mode"": ""4"", ""aq-strength"": ""0.5"", ""b-adapt"": ""2"", ""bframes"": ""2"", ""crf"": ""20.0"", ""ctu"": ""16"", ""keyint"": ""274"", ""limit-refs"": ""1"", ""limit-tu"": ""3"", ""me"": ""full"", ""merange"": ""38"", ""open-gop"": ""0"", ""psy-rd"": ""0.5"", ""psy-rdoq"": ""2.5"", ""qcomp"": ""0.8"", ""qpmax"": ""20"", ""qpmin"": ""9"", ""rc-lookahead"": ""28"", ""rd"": ""6"", ""rdoq-level"": ""2"", ""rect"": ""0"", ""ref"": ""4"", ""rskip"": ""1"", ""sao"": ""0"", ""scenecut"": ""84"", ""subme"": ""3"", ""tu-inter-depth"": ""3"", ""tu-intra-depth"": ""3"", ""weightb"": ""1"", ""weightp"": ""1"", ""wpp"": ""0""}"
x265,hebo,7302,plain,false,127,7.04,25.3,7.04,25.637279272079468,"['Standard', '320p', 30, '10s']",0.0,25.63716745376587,0.0,"{""amp"": ""1"", ""aq-mode"": ""1"", ""aq-strength"": ""1.2"", ""b-adapt"": ""2"", ""bframes"": ""0"", ""crf"": ""30.0"", ""ctu"": ""32"", ""keyint"": ""277"", ""limit-refs"": ""2"", ""limit-tu"": ""0"", ""me"": ""umh"", ""merange"": ""30"", ""open-gop"": ""0"", ""psy-rd"": ""4.0"", ""psy-rdoq"": ""5.0"", ""qcomp"": ""0.9"", ""qpmax"": ""43"", ""qpmin"": ""0"", ""rc-lookahead"": ""17"", ""rd"": ""5"", ""rdoq-level"": ""2"", ""rect"": ""1"", ""ref"": ""1"", ""rskip"": ""0"", ""sao"": ""0"", ""scenecut"": ""7"", ""subme"": ""3"", ""tu-inter-depth"": ""4"", ""tu-intra-depth"": ""2"", ""weightb"": ""0"", ""weightp"": ""1"", ""wpp"": ""1""}"
x265,hebo,7302,plain,false,128,1.89,44.14,1.89,44.46934485435486,"['Standard', '320p', 30, '10s']",0.0,44.469245195388794,0.0,"{""amp"": ""1"", ""aq-mode"": ""3"", ""aq-strength"": ""2.0"", ""b-adapt"": ""2"", ""bframes"": ""6"", ""crf"": ""22.0"", ""ctu"": ""32"", ""keyint"": ""484"", ""limit-refs"": ""2"", ""limit-tu"": ""2"", ""me"": ""star"", ""merange"": ""36"", ""open-gop"": ""1"", ""psy-rd"": ""1.0"", ""psy-rdoq"": ""2.0"", ""qcomp"": ""0.6"", ""qpmax"": ""47"", ""qpmin"": ""2"", ""rc-lookahead"": ""50"", ""rd"": ""5"", ""rdoq-level"": ""1"", ""rect"": ""1"", ""ref"": ""6"", ""rskip"": ""0"", ""sao"": ""1"", ""scenecut"": ""53"", ""subme"": ""4"", ""tu-inter-depth"": ""4"", ""tu-intra-depth"": ""2"", ""weightb"": ""1"", ""weightp"": ""1"", ""wpp"": ""0""}"
x265,hebo,7302,plain,false,129,4.61,31.67,4.61,32.00392389297485,"['Standard', '320p', 30, '10s']",0.0,32.00382423400879,0.0,"{""amp"": ""0"", ""aq-mode"": ""3"", ""aq-strength"": ""1.5"", ""b-adapt"": ""2"", ""bframes"": ""5"", ""crf"": ""20.0"", ""ctu"": ""16"", ""keyint"": ""325"", ""limit-refs"": ""0"", ""limit-tu"": ""2"", ""me"": ""hex"", ""merange"": ""60"", ""open-gop"": ""1"", ""psy-rd"": ""2.0"", ""psy-rdoq"": ""4.0"", ""qcomp"": ""0.8"", ""qpmax"": ""22"", ""qpmin"": ""3"", ""rc-lookahead"": ""12"", ""rd"": ""5"", ""rdoq-level"": ""0"", ""rect"": ""1"", ""ref"": ""2"", ""rskip"": ""1"", ""sao"": ""0"", ""scenecut"": ""6"", ""subme"": ""5"", ""tu-inter-depth"": ""3"", ""tu-intra-depth"": ""3"", ""weightb"": ""1"", ""weightp"": ""0"", ""wpp"": ""1""}"
x265,hebo,7302,plain,false,130,42.69,6.43,42.69,6.756309986114502,"['Standard', '320p', 30, '10s']",0.0,6.75621771812439,0.0,"{""amp"": ""0"", ""aq-mode"": ""3"", ""aq-strength"": ""1.5"", ""b-adapt"": ""2"", ""bframes"": ""2"", ""crf"": ""30.0"", ""ctu"": ""64"", ""keyint"": ""486"", ""limit-refs"": ""3"", ""limit-tu"": ""4"", ""me"": ""star"", ""merange"": ""59"", ""open-gop"": ""1"", ""psy-rd"": ""3.5"", ""psy-rdoq"": ""2.0"", ""qcomp"": ""0.7"", ""qpmax"": ""25"", ""qpmin"": ""16"", ""rc-lookahead"": ""39"", ""rd"": ""1"", ""rdoq-level"": ""1"", ""rect"": ""0"", ""ref"": ""2"", ""rskip"": ""0"", ""sao"": ""1"", ""scenecut"": ""68"", ""subme"": ""5"", ""tu-inter-depth"": ""4"", ""tu-intra-depth"": ""3"", ""weightb"": ""1"", ""weightp"": ""1"", ""wpp"": ""1""}"
x265,hebo,7302,plain,false,131,46.85,5.92,46.85,6.3141930103302,"['Standard', '320p', 30, '10s']",0.0,6.314043998718262,0.0,"{""amp"": ""0"", ""aq-mode"": ""1"", ""aq-strength"": ""2.0"", ""b-adapt"": ""1"", ""bframes"": ""3"", ""crf"": ""18.0"", ""ctu"": ""16"", ""keyint"": ""170"", ""limit-refs"": ""2"", ""limit-tu"": ""3"", ""me"": ""umh"", ""merange"": ""52"", ""open-gop"": ""0"", ""psy-rd"": ""0.0"", ""psy-rdoq"": ""2.0"", ""qcomp"": ""0.9"", ""qpmax"": ""30"", ""qpmin"": ""1"", ""rc-lookahead"": ""44"", ""rd"": ""2"", ""rdoq-level"": ""2"", ""rect"": ""0"", ""ref"": ""4"", ""rskip"": ""0"", ""sao"": ""0"", ""scenecut"": ""2"", ""subme"": ""3"", ""tu-inter-depth"": ""3"", ""tu-intra-depth"": ""1"", ""weightb"": ""0"", ""weightp"": ""1"", ""wpp"": ""0""}"
x265,hebo,7302,plain,false,132,-2.63,128.22,-2.63,128.553204536438,"['Standard', '320p', 30, '10s']",0.0,128.55310034751892,0.0,"{""amp"": ""0"", ""aq-mode"": ""2"", ""aq-strength"": ""2.0"", ""b-adapt"": ""0"", ""bframes"": ""2"", ""crf"": ""25.0"", ""ctu"": ""64"", ""keyint"": ""297"", ""limit-refs"": ""2"", ""limit-tu"": ""2"", ""me"": ""full"", ""merange"": ""36"", ""open-gop"": ""0"", ""psy-rd"": ""4.0"", ""psy-rdoq"": ""4.0"", ""qcomp"": ""0.6"", ""qpmax"": ""49"", ""qpmin"": ""11"", ""rc-lookahead"": ""22"", ""rd"": ""6"", ""rdoq-level"": ""1"", ""rect"": ""0"", ""ref"": ""4"", ""rskip"": ""0"", ""sao"": ""1"", ""scenecut"": ""20"", ""subme"": ""5"", ""tu-inter-depth"": ""4"", ""tu-intra-depth"": ""4"", ""weightb"": ""0"", ""weightp"": ""1"", ""wpp"": ""1""}"
x265,hebo,7302,plain,false,133,19.41,12.51,19.41,12.842655420303345,"['Standard', '320p', 30, '10s']",0.0,12.842552900314331,0.0,"{""amp"": ""0"", ""aq-mode"": ""0"", ""aq-strength"": ""1.8"", ""b-adapt"": ""2"", ""bframes"": ""5"", ""crf"": ""20.0"", ""ctu"": ""64"", ""keyint"": ""99"", ""limit-refs"": ""2"", ""limit-tu"": ""1"", ""me"": ""dia"", ""merange"": ""48"", ""open-gop"": ""0"", ""psy-rd"": ""0.5"", ""psy-rdoq"": ""0.5"", ""qcomp"": ""0.8"", ""qpmax"": ""36"", ""qpmin"": ""7"", ""rc-lookahead"": ""58"", ""rd"": ""5"", ""rdoq-level"": ""0"", ""rect"": ""0"", ""ref"": ""2"", ""rskip"": ""1"", ""sao"": ""1"", ""scenecut"": ""78"", ""subme"": ""2"", ""tu-inter-depth"": ""1"", ""tu-intra-depth"": ""2"", ""weightb"": ""0"", ""weightp"": ""0"", ""wpp"": ""1""}"
x265,hebo,7302,plain,false,134,69.25,4.15,69.25,4.484960317611694,"['Standard', '320p', 30, '10s']",0.0,4.484863996505737,0.0,"{""amp"": ""1"", ""aq-mode"": ""3"", ""aq-strength"": ""2.0"", ""b-adapt"": ""1"", ""bframes"": ""3"", ""crf"": ""32.0"", ""ctu"": ""64"", ""keyint"": ""477"", ""limit-refs"": ""3"", ""limit-tu"": ""4"", ""me"": ""star"", ""merange"": ""63"", ""open-gop"": ""1"", ""psy-rd"": ""4.0"", ""psy-rdoq"": ""5.0"", ""qcomp"": ""1.0"", ""qpmax"": ""37"", ""qpmin"": ""1"", ""rc-lookahead"": ""56"", ""rd"": ""4"", ""rdoq-level"": ""1"", ""rect"": ""0"", ""ref"": ""2"", ""rskip"": ""1"", ""sao"": ""0"", ""scenecut"": ""17"", ""subme"": ""5"", ""tu-inter-depth"": ""3"", ""tu-intra-depth"": ""3"", ""weightb"": ""0"", ""weightp"": ""1"", ""wpp"": ""1""}"
x265,hebo,7302,plain,false,135,3.31,36.64,3.31,36.970277547836304,"['Standard', '320p', 30, '10s']",0.0,36.970179080963135,0.0,"{""amp"": ""1"", ""aq-mode"": ""1"", ""aq-strength"": ""0.8"", ""b-adapt"": ""2"", ""bframes"": ""8"", ""crf"": ""18.0"", ""ctu"": ""16"", ""keyint"": ""267"", ""limit-refs"": ""0"", ""limit-tu"": ""4"", ""me"": ""star"", ""merange"": ""24"", ""open-gop"": ""1"", ""psy-rd"": ""1.0"", ""psy-rdoq"": ""2.0"", ""qcomp"": ""0.6"", ""qpmax"": ""43"", ""qpmin"": ""4"", ""rc-lookahead"": ""11"", ""rd"": ""6"", ""rdoq-level"": ""1"", ""rect"": ""1"", ""ref"": ""6"", ""rskip"": ""0"", ""sao"": ""0"", ""scenecut"": ""22"", ""subme"": ""4"", ""tu-inter-depth"": ""3"", ""tu-intra-depth"": ""3"", ""weightb"": ""1"", ""weightp"": ""1"", ""wpp"": ""0""}"
x265,hebo,7302,plain,false,136,62.43,4.58,62.43,4.907224416732788,"['Standard', '320p', 30, '10s']",0.0,4.907132863998413,0.0,"{""amp"": ""0"", ""aq-mode"": ""3"", ""aq-strength"": ""1.8"", ""b-adapt"": ""2"", ""bframes"": ""8"", ""crf"": ""28.0"", ""ctu"": ""16"", ""keyint"": ""456"", ""limit-refs"": ""1"", ""limit-tu"": ""3"", ""me"": ""dia"", ""merange"": ""37"", ""open-gop"": ""0"", ""psy-rd"": ""4.0"", ""psy-rdoq"": ""3.5"", ""qcomp"": ""0.7"", ""qpmax"": ""39"", ""qpmin"": ""9"", ""rc-lookahead"": ""44"", ""rd"": ""2"", ""rdoq-level"": ""1"", ""rect"": ""0"", ""ref"": ""4"", ""rskip"": ""1"", ""sao"": ""0"", ""scenecut"": ""57"", ""subme"": ""5"", ""tu-inter-depth"": ""2"", ""tu-intra-depth"": ""3"", ""weightb"": ""1"", ""weightp"": ""0"", ""wpp"": ""0""}"
x265,hebo,7302,plain,false,137,118.57,2.51,118.57,2.831667184829712,"['Standard', '320p', 30, '10s']",0.0,2.8315744400024414,0.0,"{""amp"": ""1"", ""aq-mode"": ""1"", ""aq-strength"": ""1.8"", ""b-adapt"": ""2"", ""bframes"": ""0"", ""crf"": ""25.0"", ""ctu"": ""32"", ""keyint"": ""272"", ""limit-refs"": ""1"", ""limit-tu"": ""3"", ""me"": ""dia"", ""merange"": ""31"", ""open-gop"": ""1"", ""psy-rd"": ""3.0"", ""psy-rdoq"": ""3.0"", ""qcomp"": ""0.5"", ""qpmax"": ""49"", ""qpmin"": ""4"", ""rc-lookahead"": ""56"", ""rd"": ""1"", ""rdoq-level"": ""2"", ""rect"": ""1"", ""ref"": ""5"", ""rskip"": ""1"", ""sao"": ""0"", ""scenecut"": ""40"", ""subme"": ""1"", ""tu-inter-depth"": ""1"", ""tu-intra-depth"": ""4"", ""weightb"": ""1"", ""weightp"": ""1"", ""wpp"": ""1""}"
x265,hebo,7302,plain,false,138,-1.77,94.26,-1.77,94.5995421409607,"['Standard', '320p', 30, '10s']",0.0,94.59944033622742,0.0,"{""amp"": ""0"", ""aq-mode"": ""3"", ""aq-strength"": ""1.5"", ""b-adapt"": ""2"", ""bframes"": ""8"", ""crf"": ""18.0"", ""ctu"": ""16"", ""keyint"": ""354"", ""limit-refs"": ""1"", ""limit-tu"": ""0"", ""me"": ""full"", ""merange"": ""17"", ""open-gop"": ""1"", ""psy-rd"": ""1.0"", ""psy-rdoq"": ""4.0"", ""qcomp"": ""1.0"", ""qpmax"": ""50"", ""qpmin"": ""4"", ""rc-lookahead"": ""51"", ""rd"": ""5"", ""rdoq-level"": ""2"", ""rect"": ""1"", ""ref"": ""6"", ""rskip"": ""1"", ""sao"": ""0"", ""scenecut"": ""40"", ""subme"": ""2"", ""tu-inter-depth"": ""3"", ""tu-intra-depth"": ""2"", ""weightb"": ""1"", ""weightp"": ""0"", ""wpp"": ""0""}"
x265,hebo,7302,plain,false,139,106.65,2.78,106.65,3.1232662200927734,"['Standard', '320p', 30, '10s']",0.0,3.123173236846924,0.0,"{""amp"": ""0"", ""aq-mode"": ""0"", ""aq-strength"": ""1.2"", ""b-adapt"": ""1"", ""bframes"": ""7"", ""crf"": ""32.0"", ""ctu"": ""32"", ""keyint"": ""233"", ""limit-refs"": ""0"", ""limit-tu"": ""3"", ""me"": ""star"", ""merange"": ""59"", ""open-gop"": ""0"", ""psy-rd"": ""0.0"", ""psy-rdoq"": ""1.0"", ""qcomp"": ""0.6"", ""qpmax"": ""43"", ""qpmin"": ""3"", ""rc-lookahead"": ""25"", ""rd"": ""3"", ""rdoq-level"": ""0"", ""rect"": ""0"", ""ref"": ""3"", ""rskip"": ""1"", ""sao"": ""1"", ""scenecut"": ""20"", ""subme"": ""2"", ""tu-inter-depth"": ""2"", ""tu-intra-depth"": ""2"", ""weightb"": ""1"", ""weightp"": ""1"", ""wpp"": ""0""}"
x265,hebo,7302,plain,false,140,-2.01,101.73,-2.01,102.05807089805603,"['Standard', '320p', 30, '10s']",0.0,102.05796408653259,0.0,"{""amp"": ""1"", ""aq-mode"": ""2"", ""aq-strength"": ""1.0"", ""b-adapt"": ""2"", ""bframes"": ""5"", ""crf"": ""32.0"", ""ctu"": ""64"", ""keyint"": ""497"", ""limit-refs"": ""2"", ""limit-tu"": ""0"", ""me"": ""full"", ""merange"": ""47"", ""open-gop"": ""1"", ""psy-rd"": ""3.0"", ""psy-rdoq"": ""3.5"", ""qcomp"": ""0.6"", ""qpmax"": ""40"", ""qpmin"": ""20"", ""rc-lookahead"": ""32"", ""rd"": ""5"", ""rdoq-level"": ""2"", ""rect"": ""1"", ""ref"": ""3"", ""rskip"": ""1"", ""sao"": ""0"", ""scenecut"": ""38"", ""subme"": ""4"", ""tu-inter-depth"": ""4"", ""tu-intra-depth"": ""3"", ""weightb"": ""1"", ""weightp"": ""1"", ""wpp"": ""0""}"
x265,hebo,7302,plain,false,141,43.02,6.39,43.02,6.71134614944458,"['Standard', '320p', 30, '10s']",0.0,6.711245536804199,0.0,"{""amp"": ""1"", ""aq-mode"": ""1"", ""aq-strength"": ""0.5"", ""b-adapt"": ""1"", ""bframes"": ""0"", ""crf"": ""18.0"", ""ctu"": ""32"", ""keyint"": ""267"", ""limit-refs"": ""1"", ""limit-tu"": ""0"", ""me"": ""hex"", ""merange"": ""28"", ""open-gop"": ""1"", ""psy-rd"": ""2.5"", ""psy-rdoq"": ""2.0"", ""qcomp"": ""0.5"", ""qpmax"": ""40"", ""qpmin"": ""3"", ""rc-lookahead"": ""24"", ""rd"": ""1"", ""rdoq-level"": ""2"", ""rect"": ""1"", ""ref"": ""5"", ""rskip"": ""1"", ""sao"": ""0"", ""scenecut"": ""39"", ""subme"": ""1"", ""tu-inter-depth"": ""1"", ""tu-intra-depth"": ""1"", ""weightb"": ""1"", ""weightp"": ""1"", ""wpp"": ""0""}"
x265,hebo,7302,plain,false,142,10.85,19.23,10.85,19.561091423034668,"['Standard', '320p', 30, '10s']",0.0,19.560993909835815,0.0,"{""amp"": ""0"", ""aq-mode"": ""4"", ""aq-strength"": ""1.8"", ""b-adapt"": ""2"", ""bframes"": ""3"", ""crf"": ""20.0"", ""ctu"": ""32"", ""keyint"": ""227"", ""limit-refs"": ""2"", ""limit-tu"": ""4"", ""me"": ""umh"", ""merange"": ""24"", ""open-gop"": ""1"", ""psy-rd"": ""1.0"", ""psy-rdoq"": ""4.5"", ""qcomp"": ""0.75"", ""qpmax"": ""50"", ""qpmin"": ""11"", ""rc-lookahead"": ""31"", ""rd"": ""6"", ""rdoq-level"": ""1"", ""rect"": ""1"", ""ref"": ""2"", ""rskip"": ""1"", ""sao"": ""1"", ""scenecut"": ""84"", ""subme"": ""5"", ""tu-inter-depth"": ""4"", ""tu-intra-depth"": ""4"", ""weightb"": ""1"", ""weightp"": ""1"", ""wpp"": ""1""}"
x265,hebo,7302,plain,false,143,56.44,5.05,56.44,5.603939771652222,"['Standard', '320p', 30, '10s']",0.0,5.603837966918945,0.0,"{""amp"": ""0"", ""aq-mode"": ""1"", ""aq-strength"": ""0.8"", ""b-adapt"": ""1"", ""bframes"": ""2"", ""crf"": ""18.0"", ""ctu"": ""64"", ""keyint"": ""121"", ""limit-refs"": ""1"", ""limit-tu"": ""1"", ""me"": ""dia"", ""merange"": ""30"", ""open-gop"": ""1"", ""psy-rd"": ""0.5"", ""psy-rdoq"": ""3.0"", ""qcomp"": ""0.8"", ""qpmax"": ""21"", ""qpmin"": ""10"", ""rc-lookahead"": ""15"", ""rd"": ""1"", ""rdoq-level"": ""1"", ""rect"": ""0"", ""ref"": ""2"", ""rskip"": ""1"", ""sao"": ""1"", ""scenecut"": ""3"", ""subme"": ""1"", ""tu-inter-depth"": ""1"", ""tu-intra-depth"": ""1"", ""weightb"": ""0"", ""weightp"": ""0"", ""wpp"": ""1""}"
x265,hebo,7302,plain,false,144,27.85,9.31,27.85,9.641948699951172,"['Standard', '320p', 30, '10s']",0.0,9.641796112060547,0.0,"{""amp"": ""1"", ""aq-mode"": ""4"", ""aq-strength"": ""1.0"", ""b-adapt"": ""0"", ""bframes"": ""2"", ""crf"": ""20.0"", ""ctu"": ""32"", ""keyint"": ""251"", ""limit-refs"": ""3"", ""limit-tu"": ""0"", ""me"": ""star"", ""merange"": ""47"", ""open-gop"": ""1"", ""psy-rd"": ""0.0"", ""psy-rdoq"": ""5.0"", ""qcomp"": ""0.9"", ""qpmax"": ""48"", ""qpmin"": ""4"", ""rc-lookahead"": ""26"", ""rd"": ""4"", ""rdoq-level"": ""1"", ""rect"": ""1"", ""ref"": ""1"", ""rskip"": ""0"", ""sao"": ""0"", ""scenecut"": ""95"", ""subme"": ""2"", ""tu-inter-depth"": ""1"", ""tu-intra-depth"": ""4"", ""weightb"": ""1"", ""weightp"": ""0"", ""wpp"": ""0""}"
x265,hebo,7302,plain,false,145,3.87,34.32,3.87,34.66437768936157,"['Standard', '320p', 30, '10s']",0.0,34.66427135467529,0.0,"{""amp"": ""0"", ""aq-mode"": ""1"", ""aq-strength"": ""0.8"", ""b-adapt"": ""2"", ""bframes"": ""6"", ""crf"": ""20.0"", ""ctu"": ""16"", ""keyint"": ""206"", ""limit-refs"": ""0"", ""limit-tu"": ""1"", ""me"": ""hex"", ""merange"": ""16"", ""open-gop"": ""1"", ""psy-rd"": ""2.0"", ""psy-rdoq"": ""3.5"", ""qcomp"": ""1.0"", ""qpmax"": ""22"", ""qpmin"": ""19"", ""rc-lookahead"": ""33"", ""rd"": ""6"", ""rdoq-level"": ""0"", ""rect"": ""1"", ""ref"": ""4"", ""rskip"": ""0"", ""sao"": ""1"", ""scenecut"": ""52"", ""subme"": ""5"", ""tu-inter-depth"": ""3"", ""tu-intra-depth"": ""3"", ""weightb"": ""0"", ""weightp"": ""0"", ""wpp"": ""0""}"
x265,hebo,7302,plain,false,146,14.54,15.61,14.54,15.945529699325562,"['Standard', '320p', 30, '10s']",0.0,15.945427656173706,0.0,"{""amp"": ""0"", ""aq-mode"": ""4"", ""aq-strength"": ""1.8"", ""b-adapt"": ""1"", ""bframes"": ""5"", ""crf"": ""30.0"", ""ctu"": ""32"", ""keyint"": ""87"", ""limit-refs"": ""3"", ""limit-tu"": ""2"", ""me"": ""hex"", ""merange"": ""45"", ""open-gop"": ""1"", ""psy-rd"": ""2.5"", ""psy-rdoq"": ""1.0"", ""qcomp"": ""1.0"", ""qpmax"": ""35"", ""qpmin"": ""10"", ""rc-lookahead"": ""14"", ""rd"": ""5"", ""rdoq-level"": ""2"", ""rect"": ""1"", ""ref"": ""1"", ""rskip"": ""0"", ""sao"": ""1"", ""scenecut"": ""68"", ""subme"": ""4"", ""tu-inter-depth"": ""3"", ""tu-intra-depth"": ""4"", ""weightb"": ""1"", ""weightp"": ""1"", ""wpp"": ""0""}"
x265,hebo,7302,plain,false,147,24.14,10.48,24.14,10.819120407104492,"['Standard', '320p', 30, '10s']",0.0,10.819018363952637,0.0,"{""amp"": ""1"", ""aq-mode"": ""0"", ""aq-strength"": ""1.2"", ""b-adapt"": ""2"", ""bframes"": ""0"", ""crf"": ""25.0"", ""ctu"": ""16"", ""keyint"": ""251"", ""limit-refs"": ""3"", ""limit-tu"": ""3"", ""me"": ""full"", ""merange"": ""30"", ""open-gop"": ""1"", ""psy-rd"": ""0.5"", ""psy-rdoq"": ""2.5"", ""qcomp"": ""0.9"", ""qpmax"": ""49"", ""qpmin"": ""15"", ""rc-lookahead"": ""31"", ""rd"": ""1"", ""rdoq-level"": ""1"", ""rect"": ""1"", ""ref"": ""5"", ""rskip"": ""1"", ""sao"": ""0"", ""scenecut"": ""40"", ""subme"": ""1"", ""tu-inter-depth"": ""1"", ""tu-intra-depth"": ""3"", ""weightb"": ""1"", ""weightp"": ""1"", ""wpp"": ""1""}"
x265,hebo,7302,plain,false,148,15.60,14.81,15.60,15.13849401473999,"['Standard', '320p', 30, '10s']",0.0,15.138393640518188,0.0,"{""amp"": ""1"", ""aq-mode"": ""1"", ""aq-strength"": ""2.0"", ""b-adapt"": ""1"", ""bframes"": ""4"", ""crf"": ""20.0"", ""ctu"": ""16"", ""keyint"": ""225"", ""limit-refs"": ""1"", ""limit-tu"": ""4"", ""me"": ""star"", ""merange"": ""20"", ""open-gop"": ""1"", ""psy-rd"": ""0.5"", ""psy-rdoq"": ""5.0"", ""qcomp"": ""0.5"", ""qpmax"": ""33"", ""qpmin"": ""18"", ""rc-lookahead"": ""57"", ""rd"": ""6"", ""rdoq-level"": ""0"", ""rect"": ""0"", ""ref"": ""3"", ""rskip"": ""0"", ""sao"": ""1"", ""scenecut"": ""72"", ""subme"": ""5"", ""tu-inter-depth"": ""1"", ""tu-intra-depth"": ""3"", ""weightb"": ""1"", ""weightp"": ""1"", ""wpp"": ""1""}"
x265,hebo,7302,plain,false,149,26.73,9.64,26.73,9.961228370666504,"['Standard', '320p', 30, '10s']",0.0,9.961111068725586,0.0,"{""amp"": ""1"", ""aq-mode"": ""2"", ""aq-strength"": ""1.2"", ""b-adapt"": ""2"", ""bframes"": ""5"", ""crf"": ""25.0"", ""ctu"": ""16"", ""keyint"": ""416"", ""limit-refs"": ""1"", ""limit-tu"": ""1"", ""me"": ""full"", ""merange"": ""20"", ""open-gop"": ""0"", ""psy-rd"": ""3.0"", ""psy-rdoq"": ""4.0"", ""qcomp"": ""0.5"", ""qpmax"": ""26"", ""qpmin"": ""17"", ""rc-lookahead"": ""22"", ""rd"": ""4"", ""rdoq-level"": ""0"", ""rect"": ""0"", ""ref"": ""3"", ""rskip"": ""1"", ""sao"": ""1"", ""scenecut"": ""4"", ""subme"": ""3"", ""tu-inter-depth"": ""3"", ""tu-intra-depth"": ""2"", ""weightb"": ""1"", ""weightp"": ""0"", ""wpp"": ""0""}"
x265,hebo,7302,plain,false,150,44.89,6.15,44.89,6.483644723892212,"['Standard', '320p', 30, '10s']",0.0,6.483526706695557,0.0,"{""amp"": ""0"", ""aq-mode"": ""0"", ""aq-strength"": ""0.8"", ""b-adapt"": ""0"", ""bframes"": ""5"", ""crf"": ""28.0"", ""ctu"": ""16"", ""keyint"": ""166"", ""limit-refs"": ""2"", ""limit-tu"": ""0"", ""me"": ""star"", ""merange"": ""27"", ""open-gop"": ""0"", ""psy-rd"": ""2.0"", ""psy-rdoq"": ""5.0"", ""qcomp"": ""0.7"", ""qpmax"": ""23"", ""qpmin"": ""7"", ""rc-lookahead"": ""22"", ""rd"": ""2"", ""rdoq-level"": ""2"", ""rect"": ""0"", ""ref"": ""1"", ""rskip"": ""0"", ""sao"": ""0"", ""scenecut"": ""71"", ""subme"": ""1"", ""tu-inter-depth"": ""1"", ""tu-intra-depth"": ""3"", ""weightb"": ""0"", ""weightp"": ""1"", ""wpp"": ""0""}"
x265,hebo,7302,plain,false,151,3.04,37.86,3.04,38.18974947929382,"['Standard', '320p', 30, '10s']",0.0,38.1896493434906,0.0,"{""amp"": ""0"", ""aq-mode"": ""0"", ""aq-strength"": ""0.0"", ""b-adapt"": ""1"", ""bframes"": ""7"", ""crf"": ""25.0"", ""ctu"": ""32"", ""keyint"": ""422"", ""limit-refs"": ""3"", ""limit-tu"": ""1"", ""me"": ""full"", ""merange"": ""17"", ""open-gop"": ""1"", ""psy-rd"": ""2.5"", ""psy-rdoq"": ""3.0"", ""qcomp"": ""0.5"", ""qpmax"": ""40"", ""qpmin"": ""6"", ""rc-lookahead"": ""36"", ""rd"": ""6"", ""rdoq-level"": ""0"", ""rect"": ""1"", ""ref"": ""6"", ""rskip"": ""1"", ""sao"": ""1"", ""scenecut"": ""69"", ""subme"": ""4"", ""tu-inter-depth"": ""4"", ""tu-intra-depth"": ""3"", ""weightb"": ""1"", ""weightp"": ""1"", ""wpp"": ""1""}"
x265,hebo,7302,plain,false,152,61.33,4.69,61.33,5.252245664596558,"['Standard', '320p', 30, '10s']",0.0,5.252141714096069,0.0,"{""amp"": ""1"", ""aq-mode"": ""3"", ""aq-strength"": ""0.0"", ""b-adapt"": ""0"", ""bframes"": ""8"", ""crf"": ""25.0"", ""ctu"": ""32"", ""keyint"": ""157"", ""limit-refs"": ""3"", ""limit-tu"": ""3"", ""me"": ""dia"", ""merange"": ""36"", ""open-gop"": ""1"", ""psy-rd"": ""3.0"", ""psy-rdoq"": ""0.0"", ""qcomp"": ""0.8"", ""qpmax"": ""35"", ""qpmin"": ""18"", ""rc-lookahead"": ""38"", ""rd"": ""2"", ""rdoq-level"": ""1"", ""rect"": ""1"", ""ref"": ""4"", ""rskip"": ""1"", ""sao"": ""1"", ""scenecut"": ""29"", ""subme"": ""3"", ""tu-inter-depth"": ""2"", ""tu-intra-depth"": ""4"", ""weightb"": ""1"", ""weightp"": ""1"", ""wpp"": ""0""}"
x265,hebo,7302,plain,false,153,4.73,31.31,4.73,31.64232087135315,"['Standard', '320p', 30, '10s']",0.0,31.642218828201294,0.0,"{""amp"": ""1"", ""aq-mode"": ""1"", ""aq-strength"": ""0.8"", ""b-adapt"": ""1"", ""bframes"": ""0"", ""crf"": ""28.0"", ""ctu"": ""16"", ""keyint"": ""306"", ""limit-refs"": ""0"", ""limit-tu"": ""2"", ""me"": ""full"", ""merange"": ""39"", ""open-gop"": ""1"", ""psy-rd"": ""0.5"", ""psy-rdoq"": ""3.0"", ""qcomp"": ""0.8"", ""qpmax"": ""35"", ""qpmin"": ""4"", ""rc-lookahead"": ""28"", ""rd"": ""6"", ""rdoq-level"": ""1"", ""rect"": ""0"", ""ref"": ""1"", ""rskip"": ""0"", ""sao"": ""0"", ""scenecut"": ""9"", ""subme"": ""4"", ""tu-inter-depth"": ""3"", ""tu-intra-depth"": ""2"", ""weightb"": ""1"", ""weightp"": ""1"", ""wpp"": ""0""}"
x265,hebo,7302,plain,false,154,22.92,10.95,22.92,11.360275506973267,"['Standard', '320p', 30, '10s']",0.0,11.360109567642212,0.0,"{""amp"": ""0"", ""aq-mode"": ""3"", ""aq-strength"": ""1.5"", ""b-adapt"": ""2"", ""bframes"": ""2"", ""crf"": ""28.0"", ""ctu"": ""64"", ""keyint"": ""457"", ""limit-refs"": ""3"", ""limit-tu"": ""2"", ""me"": ""dia"", ""merange"": ""34"", ""open-gop"": ""1"", ""psy-rd"": ""3.5"", ""psy-rdoq"": ""1.0"", ""qcomp"": ""0.6"", ""qpmax"": ""22"", ""qpmin"": ""12"", ""rc-lookahead"": ""13"", ""rd"": ""2"", ""rdoq-level"": ""2"", ""rect"": ""1"", ""ref"": ""3"", ""rskip"": ""1"", ""sao"": ""1"", ""scenecut"": ""44"", ""subme"": ""4"", ""tu-inter-depth"": ""2"", ""tu-intra-depth"": ""3"", ""weightb"": ""0"", ""weightp"": ""1"", ""wpp"": ""1""}"
x265,hebo,7302,plain,false,155,136.26,2.25,136.26,2.7896673679351807,"['Standard', '320p', 30, '10s']",0.0,2.7895567417144775,0.0,"{""amp"": ""1"", ""aq-mode"": ""1"", ""aq-strength"": ""2.0"", ""b-adapt"": ""2"", ""bframes"": ""0"", ""crf"": ""30.0"", ""ctu"": ""32"", ""keyint"": ""272"", ""limit-refs"": ""1"", ""limit-tu"": ""1"", ""me"": ""hex"", ""merange"": ""31"", ""open-gop"": ""1"", ""psy-rd"": ""0.5"", ""psy-rdoq"": ""5.0"", ""qcomp"": ""0.6"", ""qpmax"": ""49"", ""qpmin"": ""4"", ""rc-lookahead"": ""56"", ""rd"": ""1"", ""rdoq-level"": ""2"", ""rect"": ""1"", ""ref"": ""5"", ""rskip"": ""1"", ""sao"": ""0"", ""scenecut"": ""21"", ""subme"": ""1"", ""tu-inter-depth"": ""1"", ""tu-intra-depth"": ""4"", ""weightb"": ""1"", ""weightp"": ""1"", ""wpp"": ""1""}"
x265,hebo,7302,plain,false,156,15.68,14.76,15.68,15.089786291122437,"['Standard', '320p', 30, '10s']",0.0,15.089681386947632,0.0,"{""amp"": ""0"", ""aq-mode"": ""0"", ""aq-strength"": ""0.0"", ""b-adapt"": ""2"", ""bframes"": ""3"", ""crf"": ""25.0"", ""ctu"": ""32"", ""keyint"": ""38"", ""limit-refs"": ""1"", ""limit-tu"": ""4"", ""me"": ""full"", ""merange"": ""38"", ""open-gop"": ""0"", ""psy-rd"": ""0.5"", ""psy-rdoq"": ""4.5"", ""qcomp"": ""0.75"", ""qpmax"": ""41"", ""qpmin"": ""20"", ""rc-lookahead"": ""24"", ""rd"": ""3"", ""rdoq-level"": ""0"", ""rect"": ""0"", ""ref"": ""6"", ""rskip"": ""1"", ""sao"": ""1"", ""scenecut"": ""44"", ""subme"": ""2"", ""tu-inter-depth"": ""4"", ""tu-intra-depth"": ""3"", ""weightb"": ""1"", ""weightp"": ""0"", ""wpp"": ""0""}"
x265,hebo,7302,plain,false,157,-0.71,70.91,-0.71,71.30490493774414,"['Standard', '320p', 30, '10s']",0.0,71.30473780632019,0.0,"{""amp"": ""1"", ""aq-mode"": ""3"", ""aq-strength"": ""2.0"", ""b-adapt"": ""1"", ""bframes"": ""6"", ""crf"": ""28.0"", ""ctu"": ""64"", ""keyint"": ""201"", ""limit-refs"": ""2"", ""limit-tu"": ""0"", ""me"": ""full"", ""merange"": ""43"", ""open-gop"": ""0"", ""psy-rd"": ""0.0"", ""psy-rdoq"": ""3.0"", ""qcomp"": ""1.0"", ""qpmax"": ""42"", ""qpmin"": ""18"", ""rc-lookahead"": ""50"", ""rd"": ""4"", ""rdoq-level"": ""2"", ""rect"": ""1"", ""ref"": ""5"", ""rskip"": ""0"", ""sao"": ""1"", ""scenecut"": ""98"", ""subme"": ""2"", ""tu-inter-depth"": ""4"", ""tu-intra-depth"": ""4"", ""weightb"": ""1"", ""weightp"": ""1"", ""wpp"": ""1""}"
x265,hebo,7302,plain,false,158,63.24,4.51,63.24,4.827149391174316,"['Standard', '320p', 30, '10s']",0.0,4.827048301696777,0.0,"{""amp"": ""0"", ""aq-mode"": ""2"", ""aq-strength"": ""1.5"", ""b-adapt"": ""1"", ""bframes"": ""6"", ""crf"": ""30.0"", ""ctu"": ""32"", ""keyint"": ""223"", ""limit-refs"": ""2"", ""limit-tu"": ""1"", ""me"": ""hex"", ""merange"": ""58"", ""open-gop"": ""0"", ""psy-rd"": ""2.5"", ""psy-rdoq"": ""4.0"", ""qcomp"": ""0.5"", ""qpmax"": ""42"", ""qpmin"": ""1"", ""rc-lookahead"": ""37"", ""rd"": ""2"", ""rdoq-level"": ""0"", ""rect"": ""1"", ""ref"": ""5"", ""rskip"": ""0"", ""sao"": ""1"", ""scenecut"": ""45"", ""subme"": ""5"", ""tu-inter-depth"": ""2"", ""tu-intra-depth"": ""2"", ""weightb"": ""1"", ""weightp"": ""1"", ""wpp"": ""1""}"
x265,hebo,7302,plain,false,159,16.80,14.0,16.80,14.348006963729858,"['Standard', '320p', 30, '10s']",0.0,14.34791111946106,0.0,"{""amp"": ""0"", ""aq-mode"": ""3"", ""aq-strength"": ""0.5"", ""b-adapt"": ""2"", ""bframes"": ""7"", ""crf"": ""28.0"", ""ctu"": ""16"", ""keyint"": ""275"", ""limit-refs"": ""2"", ""limit-tu"": ""2"", ""me"": ""full"", ""merange"": ""42"", ""open-gop"": ""1"", ""psy-rd"": ""3.5"", ""psy-rdoq"": ""5.0"", ""qcomp"": ""0.7"", ""qpmax"": ""36"", ""qpmin"": ""4"", ""rc-lookahead"": ""58"", ""rd"": ""4"", ""rdoq-level"": ""1"", ""rect"": ""0"", ""ref"": ""5"", ""rskip"": ""1"", ""sao"": ""1"", ""scenecut"": ""30"", ""subme"": ""2"", ""tu-inter-depth"": ""3"", ""tu-intra-depth"": ""2"", ""weightb"": ""1"", ""weightp"": ""0"", ""wpp"": ""0""}"
x265,hebo,7302,plain,false,160,5.28,29.62,5.28,29.95405864715576,"['Standard', '320p', 30, '10s']",0.0,29.953956604003906,0.0,"{""amp"": ""1"", ""aq-mode"": ""0"", ""aq-strength"": ""1.8"", ""b-adapt"": ""0"", ""bframes"": ""3"", ""crf"": ""22.0"", ""ctu"": ""16"", ""keyint"": ""486"", ""limit-refs"": ""3"", ""limit-tu"": ""1"", ""me"": ""umh"", ""merange"": ""52"", ""open-gop"": ""1"", ""psy-rd"": ""1.5"", ""psy-rdoq"": ""4.0"", ""qcomp"": ""1.0"", ""qpmax"": ""25"", ""qpmin"": ""3"", ""rc-lookahead"": ""33"", ""rd"": ""6"", ""rdoq-level"": ""1"", ""rect"": ""1"", ""ref"": ""6"", ""rskip"": ""0"", ""sao"": ""1"", ""scenecut"": ""10"", ""subme"": ""1"", ""tu-inter-depth"": ""1"", ""tu-intra-depth"": ""3"", ""weightb"": ""0"", ""weightp"": ""0"", ""wpp"": ""0""}"
x265,hebo,7302,plain,false,161,-1.19,79.94,-1.19,80.49796867370605,"['Standard', '320p', 30, '10s']",0.0,80.49784278869629,0.0,"{""amp"": ""1"", ""aq-mode"": ""0"", ""aq-strength"": ""0.0"", ""b-adapt"": ""2"", ""bframes"": ""0"", ""crf"": ""20.0"", ""ctu"": ""64"", ""keyint"": ""424"", ""limit-refs"": ""1"", ""limit-tu"": ""3"", ""me"": ""star"", ""merange"": ""23"", ""open-gop"": ""1"", ""psy-rd"": ""1.0"", ""psy-rdoq"": ""1.5"", ""qcomp"": ""1.0"", ""qpmax"": ""33"", ""qpmin"": ""4"", ""rc-lookahead"": ""20"", ""rd"": ""5"", ""rdoq-level"": ""2"", ""rect"": ""1"", ""ref"": ""6"", ""rskip"": ""0"", ""sao"": ""0"", ""scenecut"": ""55"", ""subme"": ""1"", ""tu-inter-depth"": ""4"", ""tu-intra-depth"": ""3"", ""weightb"": ""1"", ""weightp"": ""1"", ""wpp"": ""0""}"
x265,hebo,7302,plain,false,162,29.34,8.96,29.34,9.30482530593872,"['Standard', '320p', 30, '10s']",0.0,9.304723262786865,0.0,"{""amp"": ""0"", ""aq-mode"": ""2"", ""aq-strength"": ""1.5"", ""b-adapt"": ""2"", ""bframes"": ""2"", ""crf"": ""25.0"", ""ctu"": ""64"", ""keyint"": ""288"", ""limit-refs"": ""0"", ""limit-tu"": ""2"", ""me"": ""hex"", ""merange"": ""33"", ""open-gop"": ""0"", ""psy-rd"": ""0.0"", ""psy-rdoq"": ""3.0"", ""qcomp"": ""0.7"", ""qpmax"": ""25"", ""qpmin"": ""3"", ""rc-lookahead"": ""21"", ""rd"": ""1"", ""rdoq-level"": ""1"", ""rect"": ""1"", ""ref"": ""2"", ""rskip"": ""0"", ""sao"": ""0"", ""scenecut"": ""63"", ""subme"": ""3"", ""tu-inter-depth"": ""4"", ""tu-intra-depth"": ""2"", ""weightb"": ""0"", ""weightp"": ""1"", ""wpp"": ""1""}"
x265,hebo,7302,plain,false,163,2.69,39.56,2.69,39.897944927215576,"['Standard', '320p', 30, '10s']",0.0,39.89783787727356,0.0,"{""amp"": ""0"", ""aq-mode"": ""3"", ""aq-strength"": ""0.8"", ""b-adapt"": ""2"", ""bframes"": ""2"", ""crf"": ""18.0"", ""ctu"": ""64"", ""keyint"": ""154"", ""limit-refs"": ""1"", ""limit-tu"": ""0"", ""me"": ""umh"", ""merange"": ""29"", ""open-gop"": ""1"", ""psy-rd"": ""4.0"", ""psy-rdoq"": ""1.0"", ""qcomp"": ""0.6"", ""qpmax"": ""32"", ""qpmin"": ""16"", ""rc-lookahead"": ""59"", ""rd"": ""6"", ""rdoq-level"": ""0"", ""rect"": ""1"", ""ref"": ""6"", ""rskip"": ""1"", ""sao"": ""1"", ""scenecut"": ""77"", ""subme"": ""3"", ""tu-inter-depth"": ""3"", ""tu-intra-depth"": ""3"", ""weightb"": ""1"", ""weightp"": ""1"", ""wpp"": ""1""}"
x265,hebo,7302,plain,false,164,2.21,42.24,2.21,42.57547664642334,"['Standard', '320p', 30, '10s']",0.0,42.57537364959717,0.0,"{""amp"": ""0"", ""aq-mode"": ""4"", ""aq-strength"": ""1.5"", ""b-adapt"": ""2"", ""bframes"": ""0"", ""crf"": ""22.0"", ""ctu"": ""64"", ""keyint"": ""210"", ""limit-refs"": ""0"", ""limit-tu"": ""2"", ""me"": ""star"", ""merange"": ""60"", ""open-gop"": ""1"", ""psy-rd"": ""3.0"", ""psy-rdoq"": ""1.0"", ""qcomp"": ""0.8"", ""qpmax"": ""28"", ""qpmin"": ""6"", ""rc-lookahead"": ""59"", ""rd"": ""5"", ""rdoq-level"": ""1"", ""rect"": ""1"", ""ref"": ""1"", ""rskip"": ""0"", ""sao"": ""1"", ""scenecut"": ""75"", ""subme"": ""4"", ""tu-inter-depth"": ""3"", ""tu-intra-depth"": ""3"", ""weightb"": ""1"", ""weightp"": ""0"", ""wpp"": ""1""}"
x265,hebo,7302,plain,false,165,8.64,22.34,8.64,22.664266109466553,"['Standard', '320p', 30, '10s']",0.0,22.664153575897217,0.0,"{""amp"": ""1"", ""aq-mode"": ""4"", ""aq-strength"": ""0.8"", ""b-adapt"": ""1"", ""bframes"": ""7"", ""crf"": ""22.0"", ""ctu"": ""32"", ""keyint"": ""284"", ""limit-refs"": ""2"", ""limit-tu"": ""4"", ""me"": ""hex"", ""merange"": ""17"", ""open-gop"": ""0"", ""psy-rd"": ""3.0"", ""psy-rdoq"": ""0.5"", ""qcomp"": ""0.8"", ""qpmax"": ""46"", ""qpmin"": ""20"", ""rc-lookahead"": ""39"", ""rd"": ""5"", ""rdoq-level"": ""1"", ""rect"": ""1"", ""ref"": ""2"", ""rskip"": ""1"", ""sao"": ""1"", ""scenecut"": ""78"", ""subme"": ""2"", ""tu-inter-depth"": ""4"", ""tu-intra-depth"": ""4"", ""weightb"": ""1"", ""weightp"": ""1"", ""wpp"": ""1""}"
x265,hebo,7302,plain,false,166,21.12,11.74,21.12,12.089222431182861,"['Standard', '320p', 30, '10s']",0.0,12.089120388031006,0.0,"{""amp"": ""0"", ""aq-mode"": ""3"", ""aq-strength"": ""1.5"", ""b-adapt"": ""0"", ""bframes"": ""2"", ""crf"": ""20.0"", ""ctu"": ""64"", ""keyint"": ""195"", ""limit-refs"": ""1"", ""limit-tu"": ""2"", ""me"": ""dia"", ""merange"": ""20"", ""open-gop"": ""1"", ""psy-rd"": ""1.5"", ""psy-rdoq"": ""3.5"", ""qcomp"": ""0.9"", ""qpmax"": ""37"", ""qpmin"": ""8"", ""rc-lookahead"": ""24"", ""rd"": ""4"", ""rdoq-level"": ""0"", ""rect"": ""1"", ""ref"": ""5"", ""rskip"": ""0"", ""sao"": ""0"", ""scenecut"": ""46"", ""subme"": ""2"", ""tu-inter-depth"": ""2"", ""tu-intra-depth"": ""2"", ""weightb"": ""0"", ""weightp"": ""0"", ""wpp"": ""1""}"
x265,hebo,7302,plain,false,167,58.37,4.85,58.37,5.187109708786011,"['Standard', '320p', 30, '10s']",0.0,5.186974763870239,0.0,"{""amp"": ""0"", ""aq-mode"": ""1"", ""aq-strength"": ""1.2"", ""b-adapt"": ""2"", ""bframes"": ""4"", ""crf"": ""30.0"", ""ctu"": ""32"", ""keyint"": ""403"", ""limit-refs"": ""3"", ""limit-tu"": ""3"", ""me"": ""dia"", ""merange"": ""19"", ""open-gop"": ""1"", ""psy-rd"": ""1.0"", ""psy-rdoq"": ""3.5"", ""qcomp"": ""0.5"", ""qpmax"": ""44"", ""qpmin"": ""14"", ""rc-lookahead"": ""55"", ""rd"": ""3"", ""rdoq-level"": ""2"", ""rect"": ""1"", ""ref"": ""3"", ""rskip"": ""0"", ""sao"": ""1"", ""scenecut"": ""13"", ""subme"": ""2"", ""tu-inter-depth"": ""4"", ""tu-intra-depth"": ""4"", ""weightb"": ""0"", ""weightp"": ""1"", ""wpp"": ""1""}"
x265,hebo,7302,plain,false,168,4.70,31.39,4.70,31.717071533203125,"['Standard', '320p', 30, '10s']",0.0,31.716968059539795,0.0,"{""amp"": ""1"", ""aq-mode"": ""3"", ""aq-strength"": ""2.0"", ""b-adapt"": ""0"", ""bframes"": ""7"", ""crf"": ""20.0"", ""ctu"": ""16"", ""keyint"": ""132"", ""limit-refs"": ""3"", ""limit-tu"": ""4"", ""me"": ""star"", ""merange"": ""57"", ""open-gop"": ""1"", ""psy-rd"": ""3.0"", ""psy-rdoq"": ""0.0"", ""qcomp"": ""0.9"", ""qpmax"": ""47"", ""qpmin"": ""9"", ""rc-lookahead"": ""49"", ""rd"": ""6"", ""rdoq-level"": ""1"", ""rect"": ""1"", ""ref"": ""4"", ""rskip"": ""0"", ""sao"": ""1"", ""scenecut"": ""60"", ""subme"": ""2"", ""tu-inter-depth"": ""3"", ""tu-intra-depth"": ""2"", ""weightb"": ""1"", ""weightp"": ""0"", ""wpp"": ""0""}"
x265,hebo,7302,plain,false,169,2.82,38.94,2.82,39.274351358413696,"['Standard', '320p', 30, '10s']",0.0,39.274251222610474,0.0,"{""amp"": ""1"", ""aq-mode"": ""3"", ""aq-strength"": ""1.0"", ""b-adapt"": ""0"", ""bframes"": ""7"", ""crf"": ""32.0"", ""ctu"": ""64"", ""keyint"": ""463"", ""limit-refs"": ""1"", ""limit-tu"": ""4"", ""me"": ""dia"", ""merange"": ""19"", ""open-gop"": ""0"", ""psy-rd"": ""4.0"", ""psy-rdoq"": ""5.0"", ""qcomp"": ""1.0"", ""qpmax"": ""29"", ""qpmin"": ""17"", ""rc-lookahead"": ""45"", ""rd"": ""5"", ""rdoq-level"": ""2"", ""rect"": ""1"", ""ref"": ""6"", ""rskip"": ""1"", ""sao"": ""1"", ""scenecut"": ""61"", ""subme"": ""3"", ""tu-inter-depth"": ""2"", ""tu-intra-depth"": ""3"", ""weightb"": ""1"", ""weightp"": ""1"", ""wpp"": ""0""}"
x265,hebo,7302,plain,false,170,4.31,32.7,4.31,33.037452936172485,"['Standard', '320p', 30, '10s']",0.0,33.037349462509155,0.0,"{""amp"": ""1"", ""aq-mode"": ""2"", ""aq-strength"": ""0.8"", ""b-adapt"": ""0"", ""bframes"": ""7"", ""crf"": ""32.0"", ""ctu"": ""64"", ""keyint"": ""486"", ""limit-refs"": ""0"", ""limit-tu"": ""2"", ""me"": ""hex"", ""merange"": ""47"", ""open-gop"": ""1"", ""psy-rd"": ""2.5"", ""psy-rdoq"": ""3.5"", ""qcomp"": ""0.9"", ""qpmax"": ""49"", ""qpmin"": ""19"", ""rc-lookahead"": ""28"", ""rd"": ""6"", ""rdoq-level"": ""2"", ""rect"": ""1"", ""ref"": ""6"", ""rskip"": ""0"", ""sao"": ""0"", ""scenecut"": ""97"", ""subme"": ""3"", ""tu-inter-depth"": ""1"", ""tu-intra-depth"": ""3"", ""weightb"": ""1"", ""weightp"": ""1"", ""wpp"": ""0""}"
x265,hebo,7302,plain,false,171,14.57,15.59,14.57,15.91967487335205,"['Standard', '320p', 30, '10s']",0.0,15.919581651687622,0.0,"{""amp"": ""1"", ""aq-mode"": ""2"", ""aq-strength"": ""1.0"", ""b-adapt"": ""1"", ""bframes"": ""5"", ""crf"": ""25.0"", ""ctu"": ""16"", ""keyint"": ""163"", ""limit-refs"": ""3"", ""limit-tu"": ""2"", ""me"": ""star"", ""merange"": ""21"", ""open-gop"": ""1"", ""psy-rd"": ""4.0"", ""psy-rdoq"": ""0.0"", ""qcomp"": ""0.9"", ""qpmax"": ""37"", ""qpmin"": ""16"", ""rc-lookahead"": ""16"", ""rd"": ""5"", ""rdoq-level"": ""1"", ""rect"": ""0"", ""ref"": ""1"", ""rskip"": ""0"", ""sao"": ""1"", ""scenecut"": ""25"", ""subme"": ""4"", ""tu-inter-depth"": ""2"", ""tu-intra-depth"": ""2"", ""weightb"": ""0"", ""weightp"": ""1"", ""wpp"": ""1""}"
x265,hebo,7302,plain,false,172,134.58,2.23,134.58,2.5655131340026855,"['Standard', '320p', 30, '10s']",0.0,2.565413236618042,0.0,"{""amp"": ""0"", ""aq-mode"": ""0"", ""aq-strength"": ""0.8"", ""b-adapt"": ""2"", ""bframes"": ""1"", ""crf"": ""28.0"", ""ctu"": ""32"", ""keyint"": ""65"", ""limit-refs"": ""3"", ""limit-tu"": ""4"", ""me"": ""dia"", ""merange"": ""63"", ""open-gop"": ""0"", ""psy-rd"": ""1.0"", ""psy-rdoq"": ""0.5"", ""qcomp"": ""0.6"", ""qpmax"": ""38"", ""qpmin"": ""2"", ""rc-lookahead"": ""26"", ""rd"": ""1"", ""rdoq-level"": ""0"", ""rect"": ""0"", ""ref"": ""4"", ""rskip"": ""1"", ""sao"": ""0"", ""scenecut"": ""24"", ""subme"": ""5"", ""tu-inter-depth"": ""1"", ""tu-intra-depth"": ""3"", ""weightb"": ""1"", ""weightp"": ""0"", ""wpp"": ""0""}"
x265,hebo,7302,plain,false,173,11.71,18.25,11.71,18.58739733695984,"['Standard', '320p', 30, '10s']",0.0,18.58729124069214,0.0,"{""amp"": ""1"", ""aq-mode"": ""3"", ""aq-strength"": ""1.5"", ""b-adapt"": ""0"", ""bframes"": ""1"", ""crf"": ""28.0"", ""ctu"": ""64"", ""keyint"": ""32"", ""limit-refs"": ""1"", ""limit-tu"": ""3"", ""me"": ""umh"", ""merange"": ""50"", ""open-gop"": ""1"", ""psy-rd"": ""2.0"", ""psy-rdoq"": ""1.5"", ""qcomp"": ""0.75"", ""qpmax"": ""48"", ""qpmin"": ""13"", ""rc-lookahead"": ""22"", ""rd"": ""5"", ""rdoq-level"": ""0"", ""rect"": ""0"", ""ref"": ""5"", ""rskip"": ""0"", ""sao"": ""0"", ""scenecut"": ""42"", ""subme"": ""3"", ""tu-inter-depth"": ""2"", ""tu-intra-depth"": ""1"", ""weightb"": ""1"", ""weightp"": ""1"", ""wpp"": ""0""}"
x265,hebo,7302,plain,false,174,0.28,57.59,0.28,57.939417123794556,"['Standard', '320p', 30, '10s']",0.0,57.939308881759644,0.0,"{""amp"": ""1"", ""aq-mode"": ""0"", ""aq-strength"": ""1.0"", ""b-adapt"": ""2"", ""bframes"": ""6"", ""crf"": ""30.0"", ""ctu"": ""64"", ""keyint"": ""283"", ""limit-refs"": ""0"", ""limit-tu"": ""2"", ""me"": ""hex"", ""merange"": ""30"", ""open-gop"": ""1"", ""psy-rd"": ""2.0"", ""psy-rdoq"": ""3.5"", ""qcomp"": ""0.9"", ""qpmax"": ""20"", ""qpmin"": ""1"", ""rc-lookahead"": ""40"", ""rd"": ""5"", ""rdoq-level"": ""1"", ""rect"": ""0"", ""ref"": ""3"", ""rskip"": ""1"", ""sao"": ""0"", ""scenecut"": ""2"", ""subme"": ""4"", ""tu-inter-depth"": ""2"", ""tu-intra-depth"": ""3"", ""weightb"": ""0"", ""weightp"": ""0"", ""wpp"": ""0""}"
x265,hebo,7302,plain,false,175,36.48,7.39,36.48,7.705860614776611,"['Standard', '320p', 30, '10s']",0.0,7.7057600021362305,0.0,"{""amp"": ""1"", ""aq-mode"": ""2"", ""aq-strength"": ""1.5"", ""b-adapt"": ""2"", ""bframes"": ""5"", ""crf"": ""30.0"", ""ctu"": ""64"", ""keyint"": ""491"", ""limit-refs"": ""2"", ""limit-tu"": ""1"", ""me"": ""dia"", ""merange"": ""60"", ""open-gop"": ""0"", ""psy-rd"": ""2.0"", ""psy-rdoq"": ""3.0"", ""qcomp"": ""1.0"", ""qpmax"": ""51"", ""qpmin"": ""17"", ""rc-lookahead"": ""54"", ""rd"": ""3"", ""rdoq-level"": ""2"", ""rect"": ""1"", ""ref"": ""1"", ""rskip"": ""1"", ""sao"": ""1"", ""scenecut"": ""4"", ""subme"": ""5"", ""tu-inter-depth"": ""3"", ""tu-intra-depth"": ""3"", ""weightb"": ""1"", ""weightp"": ""1"", ""wpp"": ""1""}"
x265,hebo,7302,plain,false,176,18.47,13.05,18.47,13.481882095336914,"['Standard', '320p', 30, '10s']",0.0,13.481769561767578,0.0,"{""amp"": ""1"", ""aq-mode"": ""3"", ""aq-strength"": ""0.5"", ""b-adapt"": ""1"", ""bframes"": ""5"", ""crf"": ""30.0"", ""ctu"": ""64"", ""keyint"": ""424"", ""limit-refs"": ""3"", ""limit-tu"": ""4"", ""me"": ""full"", ""merange"": ""44"", ""open-gop"": ""0"", ""psy-rd"": ""4.0"", ""psy-rdoq"": ""3.5"", ""qcomp"": ""0.9"", ""qpmax"": ""29"", ""qpmin"": ""6"", ""rc-lookahead"": ""11"", ""rd"": ""1"", ""rdoq-level"": ""0"", ""rect"": ""0"", ""ref"": ""1"", ""rskip"": ""0"", ""sao"": ""0"", ""scenecut"": ""82"", ""subme"": ""2"", ""tu-inter-depth"": ""4"", ""tu-intra-depth"": ""4"", ""weightb"": ""0"", ""weightp"": ""0"", ""wpp"": ""1""}"
x265,hebo,7302,plain,false,177,5.35,29.42,5.35,29.743044137954712,"['Standard', '320p', 30, '10s']",0.0,29.742939949035645,0.0,"{""amp"": ""0"", ""aq-mode"": ""2"", ""aq-strength"": ""0.0"", ""b-adapt"": ""0"", ""bframes"": ""8"", ""crf"": ""28.0"", ""ctu"": ""64"", ""keyint"": ""363"", ""limit-refs"": ""3"", ""limit-tu"": ""3"", ""me"": ""full"", ""merange"": ""20"", ""open-gop"": ""1"", ""psy-rd"": ""2.5"", ""psy-rdoq"": ""5.0"", ""qcomp"": ""0.75"", ""qpmax"": ""45"", ""qpmin"": ""5"", ""rc-lookahead"": ""58"", ""rd"": ""6"", ""rdoq-level"": ""1"", ""rect"": ""0"", ""ref"": ""6"", ""rskip"": ""1"", ""sao"": ""1"", ""scenecut"": ""64"", ""subme"": ""3"", ""tu-inter-depth"": ""2"", ""tu-intra-depth"": ""1"", ""weightb"": ""1"", ""weightp"": ""1"", ""wpp"": ""1""}"
x265,hebo,7302,plain,false,178,1.99,43.57,1.99,43.89238214492798,"['Standard', '320p', 30, '10s']",0.0,43.892282247543335,0.0,"{""amp"": ""0"", ""aq-mode"": ""2"", ""aq-strength"": ""1.5"", ""b-adapt"": ""0"", ""bframes"": ""1"", ""crf"": ""22.0"", ""ctu"": ""16"", ""keyint"": ""174"", ""limit-refs"": ""1"", ""limit-tu"": ""2"", ""me"": ""full"", ""merange"": ""31"", ""open-gop"": ""0"", ""psy-rd"": ""0.0"", ""psy-rdoq"": ""2.5"", ""qcomp"": ""0.6"", ""qpmax"": ""37"", ""qpmin"": ""17"", ""rc-lookahead"": ""52"", ""rd"": ""3"", ""rdoq-level"": ""0"", ""rect"": ""1"", ""ref"": ""4"", ""rskip"": ""0"", ""sao"": ""0"", ""scenecut"": ""17"", ""subme"": ""3"", ""tu-inter-depth"": ""1"", ""tu-intra-depth"": ""3"", ""weightb"": ""0"", ""weightp"": ""0"", ""wpp"": ""0""}"
x265,hebo,7302,plain,false,179,30.78,8.55,30.78,8.874159336090088,"['Standard', '320p', 30, '10s']",0.0,8.87406325340271,0.0,"{""amp"": ""0"", ""aq-mode"": ""1"", ""aq-strength"": ""0.0"", ""b-adapt"": ""2"", ""bframes"": ""6"", ""crf"": ""22.0"", ""ctu"": ""32"", ""keyint"": ""408"", ""limit-refs"": ""2"", ""limit-tu"": ""3"", ""me"": ""hex"", ""merange"": ""48"", ""open-gop"": ""1"", ""psy-rd"": ""3.0"", ""psy-rdoq"": ""3.0"", ""qcomp"": ""0.75"", ""qpmax"": ""34"", ""qpmin"": ""11"", ""rc-lookahead"": ""58"", ""rd"": ""3"", ""rdoq-level"": ""1"", ""rect"": ""1"", ""ref"": ""6"", ""rskip"": ""1"", ""sao"": ""0"", ""scenecut"": ""88"", ""subme"": ""4"", ""tu-inter-depth"": ""1"", ""tu-intra-depth"": ""3"", ""weightb"": ""0"", ""weightp"": ""0"", ""wpp"": ""1""}"
x265,hebo,7302,plain,false,180,45.95,6.02,45.95,6.363021612167358,"['Standard', '320p', 30, '10s']",0.0,6.362928628921509,0.0,"{""amp"": ""1"", ""aq-mode"": ""1"", ""aq-strength"": ""1.2"", ""b-adapt"": ""2"", ""bframes"": ""7"", ""crf"": ""18.0"", ""ctu"": ""64"", ""keyint"": ""287"", ""limit-refs"": ""1"", ""limit-tu"": ""3"", ""me"": ""star"", ""merange"": ""37"", ""open-gop"": ""1"", ""psy-rd"": ""1.0"", ""psy-rdoq"": ""2.5"", ""qcomp"": ""0.75"", ""qpmax"": ""43"", ""qpmin"": ""16"", ""rc-lookahead"": ""18"", ""rd"": ""4"", ""rdoq-level"": ""0"", ""rect"": ""0"", ""ref"": ""1"", ""rskip"": ""0"", ""sao"": ""0"", ""scenecut"": ""19"", ""subme"": ""2"", ""tu-inter-depth"": ""4"", ""tu-intra-depth"": ""2"", ""weightb"": ""0"", ""weightp"": ""0"", ""wpp"": ""1""}"
x265,hebo,7302,plain,false,181,70.64,4.07,70.64,4.401695013046265,"['Standard', '320p', 30, '10s']",0.0,4.401588439941406,0.0,"{""amp"": ""1"", ""aq-mode"": ""1"", ""aq-strength"": ""1.0"", ""b-adapt"": ""0"", ""bframes"": ""5"", ""crf"": ""28.0"", ""ctu"": ""64"", ""keyint"": ""474"", ""limit-refs"": ""3"", ""limit-tu"": ""1"", ""me"": ""star"", ""merange"": ""26"", ""open-gop"": ""0"", ""psy-rd"": ""2.0"", ""psy-rdoq"": ""5.0"", ""qcomp"": ""0.6"", ""qpmax"": ""43"", ""qpmin"": ""1"", ""rc-lookahead"": ""26"", ""rd"": ""4"", ""rdoq-level"": ""2"", ""rect"": ""1"", ""ref"": ""3"", ""rskip"": ""1"", ""sao"": ""0"", ""scenecut"": ""43"", ""subme"": ""4"", ""tu-inter-depth"": ""3"", ""tu-intra-depth"": ""2"", ""weightb"": ""1"", ""weightp"": ""1"", ""wpp"": ""1""}"
x265,hebo,7302,plain,false,182,17.43,13.61,17.43,13.947827339172363,"['Standard', '320p', 30, '10s']",0.0,13.947712421417236,0.0,"{""amp"": ""1"", ""aq-mode"": ""0"", ""aq-strength"": ""0.8"", ""b-adapt"": ""1"", ""bframes"": ""5"", ""crf"": ""30.0"", ""ctu"": ""16"", ""keyint"": ""231"", ""limit-refs"": ""2"", ""limit-tu"": ""2"", ""me"": ""hex"", ""merange"": ""47"", ""open-gop"": ""0"", ""psy-rd"": ""1.0"", ""psy-rdoq"": ""3.5"", ""qcomp"": ""1.0"", ""qpmax"": ""47"", ""qpmin"": ""14"", ""rc-lookahead"": ""45"", ""rd"": ""6"", ""rdoq-level"": ""1"", ""rect"": ""0"", ""ref"": ""6"", ""rskip"": ""1"", ""sao"": ""1"", ""scenecut"": ""11"", ""subme"": ""1"", ""tu-inter-depth"": ""3"", ""tu-intra-depth"": ""3"", ""weightb"": ""0"", ""weightp"": ""0"", ""wpp"": ""1""}"
x265,hebo,7302,plain,false,183,53.40,5.26,53.40,5.6022114753723145,"['Standard', '320p', 30, '10s']",0.0,5.60209321975708,0.0,"{""amp"": ""1"", ""aq-mode"": ""2"", ""aq-strength"": ""1.2"", ""b-adapt"": ""2"", ""bframes"": ""7"", ""crf"": ""25.0"", ""ctu"": ""32"", ""keyint"": ""476"", ""limit-refs"": ""2"", ""limit-tu"": ""2"", ""me"": ""umh"", ""merange"": ""46"", ""open-gop"": ""1"", ""psy-rd"": ""4.0"", ""psy-rdoq"": ""2.0"", ""qcomp"": ""0.75"", ""qpmax"": ""39"", ""qpmin"": ""3"", ""rc-lookahead"": ""55"", ""rd"": ""1"", ""rdoq-level"": ""1"", ""rect"": ""1"", ""ref"": ""3"", ""rskip"": ""1"", ""sao"": ""1"", ""scenecut"": ""98"", ""subme"": ""5"", ""tu-inter-depth"": ""4"", ""tu-intra-depth"": ""4"", ""weightb"": ""1"", ""weightp"": ""1"", ""wpp"": ""1""}"
x265,hebo,7302,plain,false,184,15.74,14.71,15.74,15.028838872909546,"['Standard', '320p', 30, '10s']",0.0,15.028732538223267,0.0,"{""amp"": ""0"", ""aq-mode"": ""3"", ""aq-strength"": ""0.8"", ""b-adapt"": ""1"", ""bframes"": ""8"", ""crf"": ""20.0"", ""ctu"": ""32"", ""keyint"": ""471"", ""limit-refs"": ""2"", ""limit-tu"": ""2"", ""me"": ""star"", ""merange"": ""61"", ""open-gop"": ""0"", ""psy-rd"": ""0.5"", ""psy-rdoq"": ""1.5"", ""qcomp"": ""0.75"", ""qpmax"": ""43"", ""qpmin"": ""19"", ""rc-lookahead"": ""46"", ""rd"": ""4"", ""rdoq-level"": ""2"", ""rect"": ""1"", ""ref"": ""4"", ""rskip"": ""0"", ""sao"": ""0"", ""scenecut"": ""69"", ""subme"": ""3"", ""tu-inter-depth"": ""4"", ""tu-intra-depth"": ""2"", ""weightb"": ""1"", ""weightp"": ""1"", ""wpp"": ""1""}"
x265,hebo,7302,plain,false,185,27.71,9.35,27.71,9.686011552810669,"['Standard', '320p', 30, '10s']",0.0,9.685907363891602,0.0,"{""amp"": ""1"", ""aq-mode"": ""4"", ""aq-strength"": ""1.5"", ""b-adapt"": ""0"", ""bframes"": ""8"", ""crf"": ""32.0"", ""ctu"": ""64"", ""keyint"": ""273"", ""limit-refs"": ""1"", ""limit-tu"": ""3"", ""me"": ""umh"", ""merange"": ""21"", ""open-gop"": ""0"", ""psy-rd"": ""2.0"", ""psy-rdoq"": ""0.5"", ""qcomp"": ""0.6"", ""qpmax"": ""50"", ""qpmin"": ""0"", ""rc-lookahead"": ""54"", ""rd"": ""6"", ""rdoq-level"": ""2"", ""rect"": ""0"", ""ref"": ""3"", ""rskip"": ""1"", ""sao"": ""1"", ""scenecut"": ""11"", ""subme"": ""5"", ""tu-inter-depth"": ""4"", ""tu-intra-depth"": ""4"", ""weightb"": ""1"", ""weightp"": ""0"", ""wpp"": ""1""}"
x265,hebo,7302,plain,false,186,33.36,7.98,33.36,8.35979700088501,"['Standard', '320p', 30, '10s']",0.0,8.35968279838562,0.0,"{""amp"": ""0"", ""aq-mode"": ""2"", ""aq-strength"": ""1.2"", ""b-adapt"": ""2"", ""bframes"": ""4"", ""crf"": ""18.0"", ""ctu"": ""16"", ""keyint"": ""490"", ""limit-refs"": ""2"", ""limit-tu"": ""1"", ""me"": ""dia"", ""merange"": ""17"", ""open-gop"": ""1"", ""psy-rd"": ""1.0"", ""psy-rdoq"": ""4.0"", ""qcomp"": ""0.5"", ""qpmax"": ""36"", ""qpmin"": ""8"", ""rc-lookahead"": ""39"", ""rd"": ""2"", ""rdoq-level"": ""1"", ""rect"": ""1"", ""ref"": ""4"", ""rskip"": ""1"", ""sao"": ""0"", ""scenecut"": ""97"", ""subme"": ""5"", ""tu-inter-depth"": ""2"", ""tu-intra-depth"": ""2"", ""weightb"": ""0"", ""weightp"": ""1"", ""wpp"": ""0""}"
x265,hebo,7302,plain,false,187,66.44,4.31,66.44,4.639144659042358,"['Standard', '320p', 30, '10s']",0.0,4.639051675796509,0.0,"{""amp"": ""1"", ""aq-mode"": ""1"", ""aq-strength"": ""1.2"", ""b-adapt"": ""2"", ""bframes"": ""7"", ""crf"": ""20.0"", ""ctu"": ""16"", ""keyint"": ""291"", ""limit-refs"": ""3"", ""limit-tu"": ""3"", ""me"": ""hex"", ""merange"": ""57"", ""open-gop"": ""1"", ""psy-rd"": ""3.5"", ""psy-rdoq"": ""3.0"", ""qcomp"": ""0.7"", ""qpmax"": ""34"", ""qpmin"": ""2"", ""rc-lookahead"": ""51"", ""rd"": ""2"", ""rdoq-level"": ""0"", ""rect"": ""0"", ""ref"": ""1"", ""rskip"": ""1"", ""sao"": ""0"", ""scenecut"": ""23"", ""subme"": ""1"", ""tu-inter-depth"": ""3"", ""tu-intra-depth"": ""3"", ""weightb"": ""1"", ""weightp"": ""1"", ""wpp"": ""1""}"
x265,hebo,7302,plain,false,188,27.66,9.36,27.66,9.701659202575684,"['Standard', '320p', 30, '10s']",0.0,9.701560497283936,0.0,"{""amp"": ""0"", ""aq-mode"": ""0"", ""aq-strength"": ""1.2"", ""b-adapt"": ""2"", ""bframes"": ""6"", ""crf"": ""28.0"", ""ctu"": ""64"", ""keyint"": ""117"", ""limit-refs"": ""2"", ""limit-tu"": ""2"", ""me"": ""dia"", ""merange"": ""18"", ""open-gop"": ""0"", ""psy-rd"": ""4.0"", ""psy-rdoq"": ""0.0"", ""qcomp"": ""0.8"", ""qpmax"": ""21"", ""qpmin"": ""19"", ""rc-lookahead"": ""47"", ""rd"": ""3"", ""rdoq-level"": ""0"", ""rect"": ""0"", ""ref"": ""4"", ""rskip"": ""0"", ""sao"": ""1"", ""scenecut"": ""12"", ""subme"": ""3"", ""tu-inter-depth"": ""1"", ""tu-intra-depth"": ""2"", ""weightb"": ""1"", ""weightp"": ""1"", ""wpp"": ""1""}"
x265,hebo,7302,plain,false,189,17.84,13.36,17.84,13.68944525718689,"['Standard', '320p', 30, '10s']",0.0,13.68934178352356,0.0,"{""amp"": ""1"", ""aq-mode"": ""2"", ""aq-strength"": ""0.5"", ""b-adapt"": ""1"", ""bframes"": ""4"", ""crf"": ""30.0"", ""ctu"": ""64"", ""keyint"": ""380"", ""limit-refs"": ""0"", ""limit-tu"": ""4"", ""me"": ""star"", ""merange"": ""28"", ""open-gop"": ""0"", ""psy-rd"": ""2.0"", ""psy-rdoq"": ""0.5"", ""qcomp"": ""0.6"", ""qpmax"": ""35"", ""qpmin"": ""9"", ""rc-lookahead"": ""57"", ""rd"": ""6"", ""rdoq-level"": ""0"", ""rect"": ""1"", ""ref"": ""2"", ""rskip"": ""1"", ""sao"": ""1"", ""scenecut"": ""33"", ""subme"": ""2"", ""tu-inter-depth"": ""4"", ""tu-intra-depth"": ""3"", ""weightb"": ""1"", ""weightp"": ""0"", ""wpp"": ""1""}"
x265,hebo,7302,plain,false,190,95.23,3.13,95.23,3.491286516189575,"['Standard', '320p', 30, '10s']",0.0,3.4911906719207764,0.0,"{""amp"": ""0"", ""aq-mode"": ""2"", ""aq-strength"": ""1.5"", ""b-adapt"": ""0"", ""bframes"": ""0"", ""crf"": ""32.0"", ""ctu"": ""32"", ""keyint"": ""450"", ""limit-refs"": ""0"", ""limit-tu"": ""1"", ""me"": ""star"", ""merange"": ""24"", ""open-gop"": ""1"", ""psy-rd"": ""2.0"", ""psy-rdoq"": ""5.0"", ""qcomp"": ""1.0"", ""qpmax"": ""42"", ""qpmin"": ""17"", ""rc-lookahead"": ""10"", ""rd"": ""1"", ""rdoq-level"": ""2"", ""rect"": ""1"", ""ref"": ""3"", ""rskip"": ""1"", ""sao"": ""1"", ""scenecut"": ""27"", ""subme"": ""2"", ""tu-inter-depth"": ""3"", ""tu-intra-depth"": ""4"", ""weightb"": ""0"", ""weightp"": ""0"", ""wpp"": ""1""}"
x265,hebo,7302,plain,false,191,119.69,2.5,119.69,2.8803117275238037,"['Standard', '320p', 30, '10s']",0.0,2.8801257610321045,0.0,"{""amp"": ""0"", ""aq-mode"": ""2"", ""aq-strength"": ""0.8"", ""b-adapt"": ""0"", ""bframes"": ""3"", ""crf"": ""32.0"", ""ctu"": ""32"", ""keyint"": ""212"", ""limit-refs"": ""1"", ""limit-tu"": ""2"", ""me"": ""dia"", ""merange"": ""36"", ""open-gop"": ""0"", ""psy-rd"": ""4.0"", ""psy-rdoq"": ""3.0"", ""qcomp"": ""0.9"", ""qpmax"": ""28"", ""qpmin"": ""8"", ""rc-lookahead"": ""42"", ""rd"": ""1"", ""rdoq-level"": ""0"", ""rect"": ""1"", ""ref"": ""6"", ""rskip"": ""1"", ""sao"": ""0"", ""scenecut"": ""13"", ""subme"": ""1"", ""tu-inter-depth"": ""3"", ""tu-intra-depth"": ""1"", ""weightb"": ""0"", ""weightp"": ""1"", ""wpp"": ""0""}"
x265,hebo,7302,plain,false,192,16.33,14.32,16.33,14.713679790496826,"['Standard', '320p', 30, '10s']",0.0,14.713525295257568,0.0,"{""amp"": ""1"", ""aq-mode"": ""1"", ""aq-strength"": ""1.8"", ""b-adapt"": ""0"", ""bframes"": ""4"", ""crf"": ""25.0"", ""ctu"": ""16"", ""keyint"": ""274"", ""limit-refs"": ""0"", ""limit-tu"": ""2"", ""me"": ""star"", ""merange"": ""24"", ""open-gop"": ""0"", ""psy-rd"": ""3.0"", ""psy-rdoq"": ""0.0"", ""qcomp"": ""0.9"", ""qpmax"": ""22"", ""qpmin"": ""4"", ""rc-lookahead"": ""40"", ""rd"": ""2"", ""rdoq-level"": ""1"", ""rect"": ""1"", ""ref"": ""2"", ""rskip"": ""0"", ""sao"": ""0"", ""scenecut"": ""73"", ""subme"": ""4"", ""tu-inter-depth"": ""3"", ""tu-intra-depth"": ""3"", ""weightb"": ""1"", ""weightp"": ""0"", ""wpp"": ""0""}"
x265,hebo,7302,plain,false,193,19.65,12.39,19.65,12.732932090759277,"['Standard', '320p', 30, '10s']",0.0,12.732829570770264,0.0,"{""amp"": ""0"", ""aq-mode"": ""1"", ""aq-strength"": ""0.8"", ""b-adapt"": ""1"", ""bframes"": ""1"", ""crf"": ""22.0"", ""ctu"": ""32"", ""keyint"": ""114"", ""limit-refs"": ""2"", ""limit-tu"": ""3"", ""me"": ""hex"", ""merange"": ""27"", ""open-gop"": ""1"", ""psy-rd"": ""0.5"", ""psy-rdoq"": ""2.0"", ""qcomp"": ""0.75"", ""qpmax"": ""26"", ""qpmin"": ""8"", ""rc-lookahead"": ""50"", ""rd"": ""6"", ""rdoq-level"": ""0"", ""rect"": ""0"", ""ref"": ""3"", ""rskip"": ""1"", ""sao"": ""0"", ""scenecut"": ""8"", ""subme"": ""4"", ""tu-inter-depth"": ""2"", ""tu-intra-depth"": ""3"", ""weightb"": ""0"", ""weightp"": ""0"", ""wpp"": ""0""}"
x265,hebo,7302,plain,false,194,3.60,35.4,3.60,35.724425077438354,"['Standard', '320p', 30, '10s']",0.0,35.72432255744934,0.0,"{""amp"": ""0"", ""aq-mode"": ""1"", ""aq-strength"": ""0.8"", ""b-adapt"": ""0"", ""bframes"": ""7"", ""crf"": ""20.0"", ""ctu"": ""32"", ""keyint"": ""210"", ""limit-refs"": ""0"", ""limit-tu"": ""3"", ""me"": ""umh"", ""merange"": ""40"", ""open-gop"": ""1"", ""psy-rd"": ""2.5"", ""psy-rdoq"": ""2.0"", ""qcomp"": ""0.9"", ""qpmax"": ""23"", ""qpmin"": ""18"", ""rc-lookahead"": ""16"", ""rd"": ""5"", ""rdoq-level"": ""0"", ""rect"": ""1"", ""ref"": ""2"", ""rskip"": ""1"", ""sao"": ""0"", ""scenecut"": ""15"", ""subme"": ""4"", ""tu-inter-depth"": ""2"", ""tu-intra-depth"": ""2"", ""weightb"": ""1"", ""weightp"": ""1"", ""wpp"": ""1""}"
x265,hebo,7302,plain,false,195,52.92,5.3,52.92,5.644105911254883,"['Standard', '320p', 30, '10s']",0.0,5.6440088748931885,0.0,"{""amp"": ""1"", ""aq-mode"": ""2"", ""aq-strength"": ""2.0"", ""b-adapt"": ""0"", ""bframes"": ""1"", ""crf"": ""32.0"", ""ctu"": ""16"", ""keyint"": ""445"", ""limit-refs"": ""0"", ""limit-tu"": ""0"", ""me"": ""full"", ""merange"": ""31"", ""open-gop"": ""1"", ""psy-rd"": ""0.5"", ""psy-rdoq"": ""1.0"", ""qcomp"": ""0.9"", ""qpmax"": ""47"", ""qpmin"": ""5"", ""rc-lookahead"": ""53"", ""rd"": ""1"", ""rdoq-level"": ""1"", ""rect"": ""0"", ""ref"": ""1"", ""rskip"": ""0"", ""sao"": ""1"", ""scenecut"": ""18"", ""subme"": ""4"", ""tu-inter-depth"": ""2"", ""tu-intra-depth"": ""3"", ""weightb"": ""1"", ""weightp"": ""0"", ""wpp"": ""0""}"
x265,hebo,7302,plain,false,196,7.12,25.19,7.12,25.744728088378906,"['Standard', '320p', 30, '10s']",0.0,25.74461054801941,0.0,"{""amp"": ""1"", ""aq-mode"": ""4"", ""aq-strength"": ""1.5"", ""b-adapt"": ""1"", ""bframes"": ""3"", ""crf"": ""20.0"", ""ctu"": ""64"", ""keyint"": ""118"", ""limit-refs"": ""3"", ""limit-tu"": ""4"", ""me"": ""star"", ""merange"": ""18"", ""open-gop"": ""0"", ""psy-rd"": ""1.0"", ""psy-rdoq"": ""3.5"", ""qcomp"": ""0.5"", ""qpmax"": ""42"", ""qpmin"": ""16"", ""rc-lookahead"": ""47"", ""rd"": ""5"", ""rdoq-level"": ""0"", ""rect"": ""1"", ""ref"": ""3"", ""rskip"": ""0"", ""sao"": ""0"", ""scenecut"": ""95"", ""subme"": ""3"", ""tu-inter-depth"": ""4"", ""tu-intra-depth"": ""4"", ""weightb"": ""1"", ""weightp"": ""1"", ""wpp"": ""0""}"
x265,hebo,7302,plain,false,197,81.56,3.57,81.56,3.908057451248169,"['Standard', '320p', 30, '10s']",0.0,3.907956600189209,0.0,"{""amp"": ""1"", ""aq-mode"": ""0"", ""aq-strength"": ""0.5"", ""b-adapt"": ""0"", ""bframes"": ""2"", ""crf"": ""22.0"", ""ctu"": ""16"", ""keyint"": ""68"", ""limit-refs"": ""1"", ""limit-tu"": ""3"", ""me"": ""umh"", ""merange"": ""18"", ""open-gop"": ""1"", ""psy-rd"": ""4.0"", ""psy-rdoq"": ""4.5"", ""qcomp"": ""0.5"", ""qpmax"": ""46"", ""qpmin"": ""0"", ""rc-lookahead"": ""11"", ""rd"": ""1"", ""rdoq-level"": ""1"", ""rect"": ""0"", ""ref"": ""2"", ""rskip"": ""1"", ""sao"": ""1"", ""scenecut"": ""48"", ""subme"": ""5"", ""tu-inter-depth"": ""2"", ""tu-intra-depth"": ""2"", ""weightb"": ""0"", ""weightp"": ""1"", ""wpp"": ""0""}"
x265,hebo,7302,plain,false,198,0.52,55.1,0.52,55.427077770233154,"['Standard', '320p', 30, '10s']",0.0,55.426952838897705,0.0,"{""amp"": ""1"", ""aq-mode"": ""2"", ""aq-strength"": ""1.5"", ""b-adapt"": ""2"", ""bframes"": ""3"", ""crf"": ""25.0"", ""ctu"": ""64"", ""keyint"": ""416"", ""limit-refs"": ""1"", ""limit-tu"": ""4"", ""me"": ""full"", ""merange"": ""51"", ""open-gop"": ""0"", ""psy-rd"": ""0.0"", ""psy-rdoq"": ""3.5"", ""qcomp"": ""1.0"", ""qpmax"": ""31"", ""qpmin"": ""3"", ""rc-lookahead"": ""56"", ""rd"": ""6"", ""rdoq-level"": ""1"", ""rect"": ""0"", ""ref"": ""1"", ""rskip"": ""1"", ""sao"": ""0"", ""scenecut"": ""86"", ""subme"": ""2"", ""tu-inter-depth"": ""2"", ""tu-intra-depth"": ""3"", ""weightb"": ""0"", ""weightp"": ""0"", ""wpp"": ""0""}"
x265,hebo,7302,plain,false,199,19.36,12.54,19.36,12.881116390228271,"['Standard', '320p', 30, '10s']",0.0,12.881019830703735,0.0,"{""amp"": ""0"", ""aq-mode"": ""0"", ""aq-strength"": ""1.0"", ""b-adapt"": ""0"", ""bframes"": ""5"", ""crf"": ""32.0"", ""ctu"": ""64"", ""keyint"": ""462"", ""limit-refs"": ""0"", ""limit-tu"": ""4"", ""me"": ""umh"", ""merange"": ""24"", ""open-gop"": ""0"", ""psy-rd"": ""1.0"", ""psy-rdoq"": ""4.0"", ""qcomp"": ""0.9"", ""qpmax"": ""23"", ""qpmin"": ""13"", ""rc-lookahead"": ""24"", ""rd"": ""4"", ""rdoq-level"": ""2"", ""rect"": ""0"", ""ref"": ""4"", ""rskip"": ""0"", ""sao"": ""1"", ""scenecut"": ""25"", ""subme"": ""1"", ""tu-inter-depth"": ""1"", ""tu-intra-depth"": ""4"", ""weightb"": ""0"", ""weightp"": ""0"", ""wpp"": ""0""}"
x265,hebo,7302,plain,false,200,14.38,15.74,14.38,16.081313848495483,"['Standard', '320p', 30, '10s']",0.0,16.08121085166931,0.0,"{""amp"": ""0"", ""aq-mode"": ""2"", ""aq-strength"": ""0.5"", ""b-adapt"": ""2"", ""bframes"": ""7"", ""crf"": ""18.0"", ""ctu"": ""64"", ""keyint"": ""324"", ""limit-refs"": ""3"", ""limit-tu"": ""0"", ""me"": ""dia"", ""merange"": ""28"", ""open-gop"": ""0"", ""psy-rd"": ""3.0"", ""psy-rdoq"": ""3.5"", ""qcomp"": ""0.9"", ""qpmax"": ""21"", ""qpmin"": ""14"", ""rc-lookahead"": ""43"", ""rd"": ""4"", ""rdoq-level"": ""1"", ""rect"": ""1"", ""ref"": ""5"", ""rskip"": ""0"", ""sao"": ""1"", ""scenecut"": ""92"", ""subme"": ""3"", ""tu-inter-depth"": ""1"", ""tu-intra-depth"": ""2"", ""weightb"": ""0"", ""weightp"": ""0"", ""wpp"": ""0""}"
x265,hebo,7303,plain,false,1,31.48,8.39,31.48,8.716269493103027,"['Standard', '320p', 30, '10s']",0.0,8.715600728988647,0.0,"{""amp"": ""1"", ""aq-mode"": ""1"", ""aq-strength"": ""2.0"", ""b-adapt"": ""0"", ""bframes"": ""3"", ""crf"": ""20.0"", ""ctu"": ""64"", ""keyint"": ""219"", ""limit-refs"": ""0"", ""limit-tu"": ""1"", ""me"": ""hex"", ""merange"": ""25"", ""open-gop"": ""0"", ""psy-rd"": ""3.0"", ""psy-rdoq"": ""3.5"", ""qcomp"": ""0.9"", ""qpmax"": ""43"", ""qpmin"": ""15"", ""rc-lookahead"": ""30"", ""rd"": ""2"", ""rdoq-level"": ""1"", ""rect"": ""1"", ""ref"": ""2"", ""rskip"": ""1"", ""sao"": ""0"", ""scenecut"": ""98"", ""subme"": ""4"", ""tu-inter-depth"": ""2"", ""tu-intra-depth"": ""2"", ""weightb"": ""1"", ""weightp"": ""0"", ""wpp"": ""0""}"
x265,hebo,7303,plain,false,2,48.48,5.74,48.48,6.068748474121094,"['Standard', '320p', 30, '10s']",0.0,6.068663835525513,0.0,"{""amp"": ""0"", ""aq-mode"": ""3"", ""aq-strength"": ""0.8"", ""b-adapt"": ""2"", ""bframes"": ""6"", ""crf"": ""30.0"", ""ctu"": ""16"", ""keyint"": ""295"", ""limit-refs"": ""3"", ""limit-tu"": ""2"", ""me"": ""umh"", ""merange"": ""45"", ""open-gop"": ""1"", ""psy-rd"": ""0.5"", ""psy-rdoq"": ""2.5"", ""qcomp"": ""0.6"", ""qpmax"": ""33"", ""qpmin"": ""3"", ""rc-lookahead"": ""47"", ""rd"": ""4"", ""rdoq-level"": ""0"", ""rect"": ""0"", ""ref"": ""6"", ""rskip"": ""0"", ""sao"": ""1"", ""scenecut"": ""49"", ""subme"": ""2"", ""tu-inter-depth"": ""3"", ""tu-intra-depth"": ""3"", ""weightb"": ""0"", ""weightp"": ""1"", ""wpp"": ""1""}"
x265,hebo,7303,plain,false,3,-3.86,266.52,-3.86,266.8602125644684,"['Standard', '320p', 30, '10s']",0.0,266.8601095676422,0.0,"{""amp"": ""0"", ""aq-mode"": ""0"", ""aq-strength"": ""1.2"", ""b-adapt"": ""1"", ""bframes"": ""7"", ""crf"": ""25.0"", ""ctu"": ""32"", ""keyint"": ""404"", ""limit-refs"": ""1"", ""limit-tu"": ""2"", ""me"": ""full"", ""merange"": ""57"", ""open-gop"": ""0"", ""psy-rd"": ""2.5"", ""psy-rdoq"": ""4.5"", ""qcomp"": ""0.8"", ""qpmax"": ""43"", ""qpmin"": ""8"", ""rc-lookahead"": ""48"", ""rd"": ""5"", ""rdoq-level"": ""2"", ""rect"": ""1"", ""ref"": ""5"", ""rskip"": ""1"", ""sao"": ""0"", ""scenecut"": ""58"", ""subme"": ""2"", ""tu-inter-depth"": ""1"", ""tu-intra-depth"": ""3"", ""weightb"": ""0"", ""weightp"": ""0"", ""wpp"": ""1""}"
x265,hebo,7303,plain,false,4,21.85,11.37,21.85,11.717581510543823,"['Standard', '320p', 30, '10s']",0.0,11.717493772506714,0.0,"{""amp"": ""1"", ""aq-mode"": ""4"", ""aq-strength"": ""0.0"", ""b-adapt"": ""1"", ""bframes"": ""0"", ""crf"": ""22.0"", ""ctu"": ""32"", ""keyint"": ""124"", ""limit-refs"": ""2"", ""limit-tu"": ""3"", ""me"": ""hex"", ""merange"": ""36"", ""open-gop"": ""1"", ""psy-rd"": ""2.0"", ""psy-rdoq"": ""0.0"", ""qcomp"": ""0.7"", ""qpmax"": ""22"", ""qpmin"": ""11"", ""rc-lookahead"": ""15"", ""rd"": ""3"", ""rdoq-level"": ""1"", ""rect"": ""0"", ""ref"": ""2"", ""rskip"": ""0"", ""sao"": ""1"", ""scenecut"": ""9"", ""subme"": ""4"", ""tu-inter-depth"": ""4"", ""tu-intra-depth"": ""1"", ""weightb"": ""1"", ""weightp"": ""1"", ""wpp"": ""0""}"
x265,hebo,7303,plain,false,5,6.67,26.11,6.67,26.428260564804077,"['Standard', '320p', 30, '10s']",0.0,26.428170680999756,0.0,"{""amp"": ""1"", ""aq-mode"": ""1"", ""aq-strength"": ""1.2"", ""b-adapt"": ""1"", ""bframes"": ""8"", ""crf"": ""28.0"", ""ctu"": ""16"", ""keyint"": ""60"", ""limit-refs"": ""2"", ""limit-tu"": ""4"", ""me"": ""dia"", ""merange"": ""21"", ""open-gop"": ""0"", ""psy-rd"": ""4.0"", ""psy-rdoq"": ""4.5"", ""qcomp"": ""1.0"", ""qpmax"": ""25"", ""qpmin"": ""14"", ""rc-lookahead"": ""59"", ""rd"": ""5"", ""rdoq-level"": ""1"", ""rect"": ""1"", ""ref"": ""4"", ""rskip"": ""0"", ""sao"": ""1"", ""scenecut"": ""67"", ""subme"": ""3"", ""tu-inter-depth"": ""3"", ""tu-intra-depth"": ""3"", ""weightb"": ""1"", ""weightp"": ""0"", ""wpp"": ""0""}"
x265,hebo,7303,plain,false,6,53.50,5.25,53.50,5.574440002441406,"['Standard', '320p', 30, '10s']",0.0,5.574352979660034,0.0,"{""amp"": ""0"", ""aq-mode"": ""3"", ""aq-strength"": ""0.8"", ""b-adapt"": ""1"", ""bframes"": ""1"", ""crf"": ""22.0"", ""ctu"": ""64"", ""keyint"": ""462"", ""limit-refs"": ""1"", ""limit-tu"": ""1"", ""me"": ""star"", ""merange"": ""48"", ""open-gop"": ""1"", ""psy-rd"": ""0.5"", ""psy-rdoq"": ""1.0"", ""qcomp"": ""0.5"", ""qpmax"": ""36"", ""qpmin"": ""6"", ""rc-lookahead"": ""17"", ""rd"": ""1"", ""rdoq-level"": ""2"", ""rect"": ""0"", ""ref"": ""2"", ""rskip"": ""1"", ""sao"": ""0"", ""scenecut"": ""18"", ""subme"": ""3"", ""tu-inter-depth"": ""2"", ""tu-intra-depth"": ""1"", ""weightb"": ""0"", ""weightp"": ""1"", ""wpp"": ""1""}"
x265,hebo,7303,plain,false,7,28.29,9.18,28.29,9.505873441696167,"['Standard', '320p', 30, '10s']",0.0,9.505787372589111,0.0,"{""amp"": ""0"", ""aq-mode"": ""2"", ""aq-strength"": ""1.8"", ""b-adapt"": ""0"", ""bframes"": ""2"", ""crf"": ""18.0"", ""ctu"": ""32"", ""keyint"": ""364"", ""limit-refs"": ""2"", ""limit-tu"": ""3"", ""me"": ""star"", ""merange"": ""61"", ""open-gop"": ""0"", ""psy-rd"": ""2.5"", ""psy-rdoq"": ""3.0"", ""qcomp"": ""0.75"", ""qpmax"": ""30"", ""qpmin"": ""0"", ""rc-lookahead"": ""28"", ""rd"": ""3"", ""rdoq-level"": ""0"", ""rect"": ""1"", ""ref"": ""3"", ""rskip"": ""0"", ""sao"": ""1"", ""scenecut"": ""76"", ""subme"": ""1"", ""tu-inter-depth"": ""3"", ""tu-intra-depth"": ""2"", ""weightb"": ""0"", ""weightp"": ""0"", ""wpp"": ""1""}"
x265,hebo,7303,plain,false,8,15.28,15.05,15.28,15.3840491771698,"['Standard', '320p', 30, '10s']",0.0,15.383939743041992,0.0,"{""amp"": ""1"", ""aq-mode"": ""2"", ""aq-strength"": ""1.0"", ""b-adapt"": ""2"", ""bframes"": ""5"", ""crf"": ""32.0"", ""ctu"": ""32"", ""keyint"": ""173"", ""limit-refs"": ""1"", ""limit-tu"": ""0"", ""me"": ""umh"", ""merange"": ""33"", ""open-gop"": ""1"", ""psy-rd"": ""1.0"", ""psy-rdoq"": ""1.5"", ""qcomp"": ""0.75"", ""qpmax"": ""51"", ""qpmin"": ""18"", ""rc-lookahead"": ""36"", ""rd"": ""5"", ""rdoq-level"": ""1"", ""rect"": ""0"", ""ref"": ""5"", ""rskip"": ""1"", ""sao"": ""0"", ""scenecut"": ""27"", ""subme"": ""5"", ""tu-inter-depth"": ""2"", ""tu-intra-depth"": ""3"", ""weightb"": ""1"", ""weightp"": ""1"", ""wpp"": ""0""}"
x265,hebo,7303,plain,false,9,12.58,17.35,12.58,17.67932653427124,"['Standard', '320p', 30, '10s']",0.0,17.679238319396973,0.0,"{""amp"": ""1"", ""aq-mode"": ""0"", ""aq-strength"": ""0.8"", ""b-adapt"": ""1"", ""bframes"": ""7"", ""crf"": ""20.0"", ""ctu"": ""64"", ""keyint"": ""260"", ""limit-refs"": ""2"", ""limit-tu"": ""1"", ""me"": ""star"", ""merange"": ""40"", ""open-gop"": ""0"", ""psy-rd"": ""1.0"", ""psy-rdoq"": ""5.0"", ""qcomp"": ""0.7"", ""qpmax"": ""28"", ""qpmin"": ""10"", ""rc-lookahead"": ""41"", ""rd"": ""3"", ""rdoq-level"": ""2"", ""rect"": ""1"", ""ref"": ""4"", ""rskip"": ""0"", ""sao"": ""1"", ""scenecut"": ""24"", ""subme"": ""2"", ""tu-inter-depth"": ""4"", ""tu-intra-depth"": ""3"", ""weightb"": ""0"", ""weightp"": ""0"", ""wpp"": ""1""}"
x265,hebo,7303,plain,false,10,19.19,12.63,19.19,12.960415601730347,"['Standard', '320p', 30, '10s']",0.0,12.960304975509644,0.0,"{""amp"": ""0"", ""aq-mode"": ""4"", ""aq-strength"": ""1.8"", ""b-adapt"": ""1"", ""bframes"": ""2"", ""crf"": ""30.0"", ""ctu"": ""16"", ""keyint"": ""277"", ""limit-refs"": ""1"", ""limit-tu"": ""4"", ""me"": ""umh"", ""merange"": ""55"", ""open-gop"": ""1"", ""psy-rd"": ""3.5"", ""psy-rdoq"": ""1.0"", ""qcomp"": ""0.8"", ""qpmax"": ""38"", ""qpmin"": ""12"", ""rc-lookahead"": ""23"", ""rd"": ""5"", ""rdoq-level"": ""1"", ""rect"": ""0"", ""ref"": ""2"", ""rskip"": ""1"", ""sao"": ""0"", ""scenecut"": ""73"", ""subme"": ""4"", ""tu-inter-depth"": ""1"", ""tu-intra-depth"": ""2"", ""weightb"": ""1"", ""weightp"": ""1"", ""wpp"": ""0""}"
x265,hebo,7303,plain,false,11,17.47,13.58,17.47,13.892556428909302,"['Standard', '320p', 30, '10s']",0.0,13.89246416091919,0.0,"{""amp"": ""0"", ""aq-mode"": ""1"", ""aq-strength"": ""0.5"", ""b-adapt"": ""0"", ""bframes"": ""3"", ""crf"": ""28.0"", ""ctu"": ""32"", ""keyint"": ""431"", ""limit-refs"": ""2"", ""limit-tu"": ""0"", ""me"": ""dia"", ""merange"": ""42"", ""open-gop"": ""0"", ""psy-rd"": ""1.5"", ""psy-rdoq"": ""2.5"", ""qcomp"": ""0.6"", ""qpmax"": ""28"", ""qpmin"": ""16"", ""rc-lookahead"": ""22"", ""rd"": ""4"", ""rdoq-level"": ""1"", ""rect"": ""1"", ""ref"": ""3"", ""rskip"": ""0"", ""sao"": ""1"", ""scenecut"": ""33"", ""subme"": ""4"", ""tu-inter-depth"": ""3"", ""tu-intra-depth"": ""2"", ""weightb"": ""1"", ""weightp"": ""0"", ""wpp"": ""0""}"
x265,hebo,7303,plain,false,12,67.02,4.28,67.02,4.609812021255493,"['Standard', '320p', 30, '10s']",0.0,4.609711408615112,0.0,"{""amp"": ""1"", ""aq-mode"": ""3"", ""aq-strength"": ""1.5"", ""b-adapt"": ""2"", ""bframes"": ""4"", ""crf"": ""25.0"", ""ctu"": ""32"", ""keyint"": ""92"", ""limit-refs"": ""0"", ""limit-tu"": ""3"", ""me"": ""star"", ""merange"": ""27"", ""open-gop"": ""1"", ""psy-rd"": ""2.0"", ""psy-rdoq"": ""2.0"", ""qcomp"": ""0.9"", ""qpmax"": ""48"", ""qpmin"": ""4"", ""rc-lookahead"": ""54"", ""rd"": ""2"", ""rdoq-level"": ""0"", ""rect"": ""0"", ""ref"": ""5"", ""rskip"": ""1"", ""sao"": ""0"", ""scenecut"": ""82"", ""subme"": ""2"", ""tu-inter-depth"": ""2"", ""tu-intra-depth"": ""4"", ""weightb"": ""0"", ""weightp"": ""1"", ""wpp"": ""1""}"
x265,hebo,7303,plain,false,13,0.00,60.85,0.00,61.18449854850769,"['Standard', '320p', 30, '10s']",0.0,61.184406757354736,0.0,"{""amp"": ""1"", ""aq-mode"": ""2"", ""aq-strength"": ""0.5"", ""b-adapt"": ""0"", ""bframes"": ""4"", ""crf"": ""28.0"", ""ctu"": ""16"", ""keyint"": ""33"", ""limit-refs"": ""0"", ""limit-tu"": ""2"", ""me"": ""full"", ""merange"": ""30"", ""open-gop"": ""0"", ""psy-rd"": ""0.0"", ""psy-rdoq"": ""3.5"", ""qcomp"": ""0.7"", ""qpmax"": ""46"", ""qpmin"": ""2"", ""rc-lookahead"": ""10"", ""rd"": ""6"", ""rdoq-level"": ""0"", ""rect"": ""1"", ""ref"": ""3"", ""rskip"": ""1"", ""sao"": ""0"", ""scenecut"": ""42"", ""subme"": ""3"", ""tu-inter-depth"": ""2"", ""tu-intra-depth"": ""2"", ""weightb"": ""0"", ""weightp"": ""0"", ""wpp"": ""1""}"
x265,hebo,7303,plain,false,14,27.81,9.32,27.81,9.654791831970215,"['Standard', '320p', 30, '10s']",0.0,9.654699325561523,0.0,"{""amp"": ""0"", ""aq-mode"": ""2"", ""aq-strength"": ""1.2"", ""b-adapt"": ""2"", ""bframes"": ""5"", ""crf"": ""22.0"", ""ctu"": ""64"", ""keyint"": ""495"", ""limit-refs"": ""3"", ""limit-tu"": ""1"", ""me"": ""hex"", ""merange"": ""63"", ""open-gop"": ""1"", ""psy-rd"": ""3.5"", ""psy-rdoq"": ""2.0"", ""qcomp"": ""0.8"", ""qpmax"": ""35"", ""qpmin"": ""19"", ""rc-lookahead"": ""54"", ""rd"": ""2"", ""rdoq-level"": ""1"", ""rect"": ""0"", ""ref"": ""6"", ""rskip"": ""0"", ""sao"": ""1"", ""scenecut"": ""91"", ""subme"": ""3"", ""tu-inter-depth"": ""3"", ""tu-intra-depth"": ""4"", ""weightb"": ""1"", ""weightp"": ""1"", ""wpp"": ""0""}"
x265,hebo,7303,plain,false,15,22.84,10.98,22.84,11.303595781326294,"['Standard', '320p', 30, '10s']",0.0,11.303494215011597,0.0,"{""amp"": ""0"", ""aq-mode"": ""1"", ""aq-strength"": ""1.0"", ""b-adapt"": ""1"", ""bframes"": ""6"", ""crf"": ""18.0"", ""ctu"": ""32"", ""keyint"": ""322"", ""limit-refs"": ""1"", ""limit-tu"": ""3"", ""me"": ""hex"", ""merange"": ""51"", ""open-gop"": ""0"", ""psy-rd"": ""1.5"", ""psy-rdoq"": ""4.0"", ""qcomp"": ""0.6"", ""qpmax"": ""41"", ""qpmin"": ""15"", ""rc-lookahead"": ""41"", ""rd"": ""2"", ""rdoq-level"": ""1"", ""rect"": ""1"", ""ref"": ""4"", ""rskip"": ""1"", ""sao"": ""0"", ""scenecut"": ""2"", ""subme"": ""5"", ""tu-inter-depth"": ""2"", ""tu-intra-depth"": ""3"", ""weightb"": ""1"", ""weightp"": ""0"", ""wpp"": ""0""}"
x265,hebo,7303,plain,false,16,13.67,16.33,13.67,16.66853427886963,"['Standard', '320p', 30, '10s']",0.0,16.66844892501831,0.0,"{""amp"": ""1"", ""aq-mode"": ""3"", ""aq-strength"": ""1.8"", ""b-adapt"": ""1"", ""bframes"": ""1"", ""crf"": ""32.0"", ""ctu"": ""32"", ""keyint"": ""190"", ""limit-refs"": ""2"", ""limit-tu"": ""2"", ""me"": ""umh"", ""merange"": ""19"", ""open-gop"": ""1"", ""psy-rd"": ""3.0"", ""psy-rdoq"": ""0.5"", ""qcomp"": ""0.9"", ""qpmax"": ""20"", ""qpmin"": ""7"", ""rc-lookahead"": ""35"", ""rd"": ""4"", ""rdoq-level"": ""2"", ""rect"": ""0"", ""ref"": ""1"", ""rskip"": ""0"", ""sao"": ""1"", ""scenecut"": ""51"", ""subme"": ""1"", ""tu-inter-depth"": ""4"", ""tu-intra-depth"": ""1"", ""weightb"": ""0"", ""weightp"": ""1"", ""wpp"": ""1""}"
x265,hebo,7303,plain,false,17,77.37,3.75,77.37,4.077847719192505,"['Standard', '320p', 30, '10s']",0.0,4.077761888504028,0.0,"{""amp"": ""1"", ""aq-mode"": ""1"", ""aq-strength"": ""1.5"", ""b-adapt"": ""2"", ""bframes"": ""6"", ""crf"": ""20.0"", ""ctu"": ""32"", ""keyint"": ""72"", ""limit-refs"": ""3"", ""limit-tu"": ""2"", ""me"": ""hex"", ""merange"": ""62"", ""open-gop"": ""0"", ""psy-rd"": ""3.5"", ""psy-rdoq"": ""4.5"", ""qcomp"": ""0.8"", ""qpmax"": ""45"", ""qpmin"": ""8"", ""rc-lookahead"": ""32"", ""rd"": ""1"", ""rdoq-level"": ""0"", ""rect"": ""0"", ""ref"": ""2"", ""rskip"": ""1"", ""sao"": ""1"", ""scenecut"": ""29"", ""subme"": ""4"", ""tu-inter-depth"": ""3"", ""tu-intra-depth"": ""3"", ""weightb"": ""0"", ""weightp"": ""1"", ""wpp"": ""0""}"
x265,hebo,7303,plain,false,18,-2.06,103.54,-2.06,103.85445642471313,"['Standard', '320p', 30, '10s']",0.0,103.85435676574707,0.0,"{""amp"": ""0"", ""aq-mode"": ""3"", ""aq-strength"": ""1.0"", ""b-adapt"": ""0"", ""bframes"": ""1"", ""crf"": ""32.0"", ""ctu"": ""32"", ""keyint"": ""441"", ""limit-refs"": ""0"", ""limit-tu"": ""1"", ""me"": ""full"", ""merange"": ""29"", ""open-gop"": ""1"", ""psy-rd"": ""1.0"", ""psy-rdoq"": ""1.0"", ""qcomp"": ""0.7"", ""qpmax"": ""32"", ""qpmin"": ""10"", ""rc-lookahead"": ""44"", ""rd"": ""5"", ""rdoq-level"": ""1"", ""rect"": ""1"", ""ref"": ""4"", ""rskip"": ""0"", ""sao"": ""0"", ""scenecut"": ""80"", ""subme"": ""2"", ""tu-inter-depth"": ""2"", ""tu-intra-depth"": ""1"", ""weightb"": ""1"", ""weightp"": ""0"", ""wpp"": ""1""}"
x265,hebo,7303,plain,false,19,16.87,13.96,16.87,14.299235582351685,"['Standard', '320p', 30, '10s']",0.0,14.29914402961731,0.0,"{""amp"": ""0"", ""aq-mode"": ""2"", ""aq-strength"": ""1.2"", ""b-adapt"": ""1"", ""bframes"": ""4"", ""crf"": ""28.0"", ""ctu"": ""64"", ""keyint"": ""376"", ""limit-refs"": ""2"", ""limit-tu"": ""3"", ""me"": ""umh"", ""merange"": ""16"", ""open-gop"": ""0"", ""psy-rd"": ""2.0"", ""psy-rdoq"": ""3.0"", ""qcomp"": ""0.9"", ""qpmax"": ""42"", ""qpmin"": ""16"", ""rc-lookahead"": ""51"", ""rd"": ""6"", ""rdoq-level"": ""1"", ""rect"": ""0"", ""ref"": ""5"", ""rskip"": ""1"", ""sao"": ""1"", ""scenecut"": ""14"", ""subme"": ""2"", ""tu-inter-depth"": ""4"", ""tu-intra-depth"": ""2"", ""weightb"": ""1"", ""weightp"": ""1"", ""wpp"": ""1""}"
x265,hebo,7303,plain,false,20,14.78,15.42,14.78,15.763063192367554,"['Standard', '320p', 30, '10s']",0.0,15.76297664642334,0.0,"{""amp"": ""1"", ""aq-mode"": ""2"", ""aq-strength"": ""0.5"", ""b-adapt"": ""1"", ""bframes"": ""5"", ""crf"": ""22.0"", ""ctu"": ""16"", ""keyint"": ""152"", ""limit-refs"": ""1"", ""limit-tu"": ""2"", ""me"": ""hex"", ""merange"": ""50"", ""open-gop"": ""1"", ""psy-rd"": ""1.5"", ""psy-rdoq"": ""1.5"", ""qcomp"": ""0.6"", ""qpmax"": ""23"", ""qpmin"": ""4"", ""rc-lookahead"": ""13"", ""rd"": ""3"", ""rdoq-level"": ""2"", ""rect"": ""1"", ""ref"": ""3"", ""rskip"": ""0"", ""sao"": ""0"", ""scenecut"": ""65"", ""subme"": ""4"", ""tu-inter-depth"": ""1"", ""tu-intra-depth"": ""3"", ""weightb"": ""0"", ""weightp"": ""0"", ""wpp"": ""0""}"
x265,hebo,7303,plain,false,21,21.50,11.53,21.50,11.878230810165405,"['Standard', '320p', 30, '10s']",0.0,11.878135681152344,0.0,"{""amp"": ""1"", ""aq-mode"": ""1"", ""aq-strength"": ""1.5"", ""b-adapt"": ""1"", ""bframes"": ""3"", ""crf"": ""25.0"", ""ctu"": ""32"", ""keyint"": ""210"", ""limit-refs"": ""1"", ""limit-tu"": ""1"", ""me"": ""umh"", ""merange"": ""52"", ""open-gop"": ""0"", ""psy-rd"": ""3.5"", ""psy-rdoq"": ""3.0"", ""qcomp"": ""0.8"", ""qpmax"": ""24"", ""qpmin"": ""1"", ""rc-lookahead"": ""56"", ""rd"": ""4"", ""rdoq-level"": ""2"", ""rect"": ""0"", ""ref"": ""6"", ""rskip"": ""0"", ""sao"": ""0"", ""scenecut"": ""11"", ""subme"": ""5"", ""tu-inter-depth"": ""1"", ""tu-intra-depth"": ""2"", ""weightb"": ""0"", ""weightp"": ""1"", ""wpp"": ""0""}"
x265,hebo,7303,plain,false,22,41.47,6.6,41.47,6.924367904663086,"['Standard', '320p', 30, '10s']",0.0,6.924276351928711,0.0,"{""amp"": ""0"", ""aq-mode"": ""3"", ""aq-strength"": ""0.0"", ""b-adapt"": ""1"", ""bframes"": ""4"", ""crf"": ""22.0"", ""ctu"": ""32"", ""keyint"": ""312"", ""limit-refs"": ""2"", ""limit-tu"": ""4"", ""me"": ""star"", ""merange"": ""37"", ""open-gop"": ""1"", ""psy-rd"": ""0.0"", ""psy-rdoq"": ""2.5"", ""qcomp"": ""0.75"", ""qpmax"": ""37"", ""qpmin"": ""18"", ""rc-lookahead"": ""20"", ""rd"": ""2"", ""rdoq-level"": ""1"", ""rect"": ""1"", ""ref"": ""3"", ""rskip"": ""1"", ""sao"": ""1"", ""scenecut"": ""62"", ""subme"": ""1"", ""tu-inter-depth"": ""4"", ""tu-intra-depth"": ""3"", ""weightb"": ""1"", ""weightp"": ""0"", ""wpp"": ""1""}"
x265,hebo,7303,plain,false,23,15.10,15.18,15.10,15.515376091003418,"['Standard', '320p', 30, '10s']",0.0,15.515284299850464,0.0,"{""amp"": ""0"", ""aq-mode"": ""0"", ""aq-strength"": ""2.0"", ""b-adapt"": ""2"", ""bframes"": ""7"", ""crf"": ""20.0"", ""ctu"": ""16"", ""keyint"": ""395"", ""limit-refs"": ""0"", ""limit-tu"": ""0"", ""me"": ""star"", ""merange"": ""26"", ""open-gop"": ""0"", ""psy-rd"": ""3.0"", ""psy-rdoq"": ""4.0"", ""qcomp"": ""1.0"", ""qpmax"": ""32"", ""qpmin"": ""13"", ""rc-lookahead"": ""25"", ""rd"": ""3"", ""rdoq-level"": ""1"", ""rect"": ""0"", ""ref"": ""1"", ""rskip"": ""0"", ""sao"": ""0"", ""scenecut"": ""44"", ""subme"": ""3"", ""tu-inter-depth"": ""2"", ""tu-intra-depth"": ""3"", ""weightb"": ""1"", ""weightp"": ""1"", ""wpp"": ""1""}"
x265,hebo,7303,plain,false,24,28.28,9.19,28.28,9.52181887626648,"['Standard', '320p', 30, '10s']",0.0,9.521732330322266,0.0,"{""amp"": ""1"", ""aq-mode"": ""4"", ""aq-strength"": ""1.0"", ""b-adapt"": ""0"", ""bframes"": ""2"", ""crf"": ""30.0"", ""ctu"": ""64"", ""keyint"": ""141"", ""limit-refs"": ""2"", ""limit-tu"": ""3"", ""me"": ""dia"", ""merange"": ""41"", ""open-gop"": ""1"", ""psy-rd"": ""1.5"", ""psy-rdoq"": ""0.0"", ""qcomp"": ""0.6"", ""qpmax"": ""49"", ""qpmin"": ""5"", ""rc-lookahead"": ""38"", ""rd"": ""5"", ""rdoq-level"": ""0"", ""rect"": ""1"", ""ref"": ""4"", ""rskip"": ""1"", ""sao"": ""1"", ""scenecut"": ""95"", ""subme"": ""3"", ""tu-inter-depth"": ""3"", ""tu-intra-depth"": ""2"", ""weightb"": ""0"", ""weightp"": ""0"", ""wpp"": ""0""}"
x265,hebo,7303,plain,false,25,37.42,7.22,37.42,7.55455207824707,"['Standard', '320p', 30, '10s']",0.0,7.554462432861328,0.0,"{""amp"": ""1"", ""aq-mode"": ""2"", ""aq-strength"": ""1.0"", ""b-adapt"": ""1"", ""bframes"": ""2"", ""crf"": ""18.0"", ""ctu"": ""32"", ""keyint"": ""55"", ""limit-refs"": ""1"", ""limit-tu"": ""4"", ""me"": ""star"", ""merange"": ""47"", ""open-gop"": ""0"", ""psy-rd"": ""0.5"", ""psy-rdoq"": ""3.5"", ""qcomp"": ""0.6"", ""qpmax"": ""26"", ""qpmin"": ""17"", ""rc-lookahead"": ""37"", ""rd"": ""2"", ""rdoq-level"": ""1"", ""rect"": ""0"", ""ref"": ""5"", ""rskip"": ""0"", ""sao"": ""0"", ""scenecut"": ""56"", ""subme"": ""2"", ""tu-inter-depth"": ""1"", ""tu-intra-depth"": ""2"", ""weightb"": ""1"", ""weightp"": ""1"", ""wpp"": ""1""}"
x265,hebo,7303,plain,false,26,13.02,16.93,13.02,17.261080980300903,"['Standard', '320p', 30, '10s']",0.0,17.26098608970642,0.0,"{""amp"": ""0"", ""aq-mode"": ""2"", ""aq-strength"": ""1.8"", ""b-adapt"": ""1"", ""bframes"": ""5"", ""crf"": ""30.0"", ""ctu"": ""32"", ""keyint"": ""483"", ""limit-refs"": ""2"", ""limit-tu"": ""1"", ""me"": ""dia"", ""merange"": ""20"", ""open-gop"": ""1"", ""psy-rd"": ""3.0"", ""psy-rdoq"": ""2.0"", ""qcomp"": ""0.9"", ""qpmax"": ""39"", ""qpmin"": ""5"", ""rc-lookahead"": ""27"", ""rd"": ""6"", ""rdoq-level"": ""2"", ""rect"": ""1"", ""ref"": ""2"", ""rskip"": ""1"", ""sao"": ""1"", ""scenecut"": ""5"", ""subme"": ""4"", ""tu-inter-depth"": ""4"", ""tu-intra-depth"": ""4"", ""weightb"": ""0"", ""weightp"": ""0"", ""wpp"": ""0""}"
x265,hebo,7303,plain,false,27,45.01,6.14,45.01,6.474637746810913,"['Standard', '320p', 30, '10s']",0.0,6.474554061889648,0.0,"{""amp"": ""0"", ""aq-mode"": ""1"", ""aq-strength"": ""0.5"", ""b-adapt"": ""2"", ""bframes"": ""8"", ""crf"": ""28.0"", ""ctu"": ""64"", ""keyint"": ""344"", ""limit-refs"": ""1"", ""limit-tu"": ""3"", ""me"": ""umh"", ""merange"": ""32"", ""open-gop"": ""0"", ""psy-rd"": ""2.0"", ""psy-rdoq"": ""4.0"", ""qcomp"": ""0.7"", ""qpmax"": ""29"", ""qpmin"": ""9"", ""rc-lookahead"": ""18"", ""rd"": ""4"", ""rdoq-level"": ""0"", ""rect"": ""0"", ""ref"": ""1"", ""rskip"": ""0"", ""sao"": ""0"", ""scenecut"": ""89"", ""subme"": ""4"", ""tu-inter-depth"": ""2"", ""tu-intra-depth"": ""3"", ""weightb"": ""0"", ""weightp"": ""1"", ""wpp"": ""0""}"
x265,hebo,7303,plain,false,28,38.19,7.09,38.19,7.418934345245361,"['Standard', '320p', 30, '10s']",0.0,7.418851137161255,0.0,"{""amp"": ""1"", ""aq-mode"": ""3"", ""aq-strength"": ""1.2"", ""b-adapt"": ""0"", ""bframes"": ""1"", ""crf"": ""22.0"", ""ctu"": ""16"", ""keyint"": ""179"", ""limit-refs"": ""3"", ""limit-tu"": ""0"", ""me"": ""star"", ""merange"": ""58"", ""open-gop"": ""1"", ""psy-rd"": ""2.5"", ""psy-rdoq"": ""0.5"", ""qcomp"": ""0.8"", ""qpmax"": ""48"", ""qpmin"": ""12"", ""rc-lookahead"": ""58"", ""rd"": ""1"", ""rdoq-level"": ""1"", ""rect"": ""1"", ""ref"": ""5"", ""rskip"": ""1"", ""sao"": ""1"", ""scenecut"": ""38"", ""subme"": ""2"", ""tu-inter-depth"": ""3"", ""tu-intra-depth"": ""2"", ""weightb"": ""1"", ""weightp"": ""0"", ""wpp"": ""1""}"
x265,hebo,7303,plain,false,29,24.72,10.29,24.72,10.605207681655884,"['Standard', '320p', 30, '10s']",0.0,10.605082273483276,0.0,"{""amp"": ""1"", ""aq-mode"": ""0"", ""aq-strength"": ""0.5"", ""b-adapt"": ""2"", ""bframes"": ""7"", ""crf"": ""28.0"", ""ctu"": ""32"", ""keyint"": ""242"", ""limit-refs"": ""3"", ""limit-tu"": ""1"", ""me"": ""umh"", ""merange"": ""43"", ""open-gop"": ""0"", ""psy-rd"": ""0.5"", ""psy-rdoq"": ""5.0"", ""qcomp"": ""0.5"", ""qpmax"": ""47"", ""qpmin"": ""14"", ""rc-lookahead"": ""14"", ""rd"": ""5"", ""rdoq-level"": ""1"", ""rect"": ""0"", ""ref"": ""2"", ""rskip"": ""1"", ""sao"": ""1"", ""scenecut"": ""86"", ""subme"": ""1"", ""tu-inter-depth"": ""3"", ""tu-intra-depth"": ""3"", ""weightb"": ""1"", ""weightp"": ""1"", ""wpp"": ""1""}"
x265,hebo,7303,plain,false,30,23.36,10.77,23.36,11.094891786575317,"['Standard', '320p', 30, '10s']",0.0,11.094801187515259,0.0,"{""amp"": ""0"", ""aq-mode"": ""4"", ""aq-strength"": ""1.5"", ""b-adapt"": ""0"", ""bframes"": ""0"", ""crf"": ""25.0"", ""ctu"": ""32"", ""keyint"": ""285"", ""limit-refs"": ""0"", ""limit-tu"": ""2"", ""me"": ""hex"", ""merange"": ""22"", ""open-gop"": ""1"", ""psy-rd"": ""4.0"", ""psy-rdoq"": ""0.5"", ""qcomp"": ""1.0"", ""qpmax"": ""34"", ""qpmin"": ""6"", ""rc-lookahead"": ""50"", ""rd"": ""3"", ""rdoq-level"": ""0"", ""rect"": ""1"", ""ref"": ""4"", ""rskip"": ""0"", ""sao"": ""0"", ""scenecut"": ""35"", ""subme"": ""5"", ""tu-inter-depth"": ""2"", ""tu-intra-depth"": ""1"", ""weightb"": ""0"", ""weightp"": ""0"", ""wpp"": ""0""}"
x265,hebo,7303,plain,false,31,151.18,2.04,151.18,2.5876357555389404,"['Standard', '320p', 30, '10s']",0.0,2.5875165462493896,0.0,"{""amp"": ""1"", ""aq-mode"": ""1"", ""aq-strength"": ""1.0"", ""b-adapt"": ""0"", ""bframes"": ""7"", ""crf"": ""30.0"", ""ctu"": ""32"", ""keyint"": ""65"", ""limit-refs"": ""0"", ""limit-tu"": ""2"", ""me"": ""hex"", ""merange"": ""62"", ""open-gop"": ""0"", ""psy-rd"": ""0.5"", ""psy-rdoq"": ""4.0"", ""qcomp"": ""0.9"", ""qpmax"": ""35"", ""qpmin"": ""4"", ""rc-lookahead"": ""32"", ""rd"": ""1"", ""rdoq-level"": ""0"", ""rect"": ""0"", ""ref"": ""4"", ""rskip"": ""1"", ""sao"": ""0"", ""scenecut"": ""30"", ""subme"": ""1"", ""tu-inter-depth"": ""3"", ""tu-intra-depth"": ""2"", ""weightb"": ""1"", ""weightp"": ""1"", ""wpp"": ""0""}"
x265,hebo,7303,plain,false,32,16.02,14.51,16.02,14.85562801361084,"['Standard', '320p', 30, '10s']",0.0,14.855528831481934,0.0,"{""amp"": ""1"", ""aq-mode"": ""3"", ""aq-strength"": ""1.2"", ""b-adapt"": ""0"", ""bframes"": ""2"", ""crf"": ""30.0"", ""ctu"": ""16"", ""keyint"": ""374"", ""limit-refs"": ""1"", ""limit-tu"": ""2"", ""me"": ""umh"", ""merange"": ""58"", ""open-gop"": ""1"", ""psy-rd"": ""3.0"", ""psy-rdoq"": ""3.5"", ""qcomp"": ""0.5"", ""qpmax"": ""32"", ""qpmin"": ""10"", ""rc-lookahead"": ""60"", ""rd"": ""6"", ""rdoq-level"": ""0"", ""rect"": ""0"", ""ref"": ""2"", ""rskip"": ""1"", ""sao"": ""1"", ""scenecut"": ""25"", ""subme"": ""4"", ""tu-inter-depth"": ""3"", ""tu-intra-depth"": ""3"", ""weightb"": ""1"", ""weightp"": ""0"", ""wpp"": ""0""}"
x265,hebo,7303,plain,false,33,78.71,3.69,78.71,4.0366175174713135,"['Standard', '320p', 30, '10s']",0.0,4.036513805389404,0.0,"{""amp"": ""0"", ""aq-mode"": ""0"", ""aq-strength"": ""0.0"", ""b-adapt"": ""0"", ""bframes"": ""1"", ""crf"": ""25.0"", ""ctu"": ""64"", ""keyint"": ""289"", ""limit-refs"": ""0"", ""limit-tu"": ""0"", ""me"": ""umh"", ""merange"": ""23"", ""open-gop"": ""1"", ""psy-rd"": ""2.0"", ""psy-rdoq"": ""0.5"", ""qcomp"": ""0.6"", ""qpmax"": ""33"", ""qpmin"": ""19"", ""rc-lookahead"": ""30"", ""rd"": ""2"", ""rdoq-level"": ""0"", ""rect"": ""0"", ""ref"": ""2"", ""rskip"": ""1"", ""sao"": ""0"", ""scenecut"": ""9"", ""subme"": ""2"", ""tu-inter-depth"": ""3"", ""tu-intra-depth"": ""2"", ""weightb"": ""0"", ""weightp"": ""0"", ""wpp"": ""1""}"
x265,hebo,7303,plain,false,34,13.36,16.61,13.36,16.954596519470215,"['Standard', '320p', 30, '10s']",0.0,16.954498767852783,0.0,"{""amp"": ""1"", ""aq-mode"": ""3"", ""aq-strength"": ""2.0"", ""b-adapt"": ""1"", ""bframes"": ""5"", ""crf"": ""28.0"", ""ctu"": ""16"", ""keyint"": ""43"", ""limit-refs"": ""0"", ""limit-tu"": ""1"", ""me"": ""star"", ""merange"": ""19"", ""open-gop"": ""1"", ""psy-rd"": ""3.5"", ""psy-rdoq"": ""1.5"", ""qcomp"": ""0.6"", ""qpmax"": ""20"", ""qpmin"": ""3"", ""rc-lookahead"": ""14"", ""rd"": ""4"", ""rdoq-level"": ""1"", ""rect"": ""0"", ""ref"": ""2"", ""rskip"": ""1"", ""sao"": ""0"", ""scenecut"": ""37"", ""subme"": ""1"", ""tu-inter-depth"": ""2"", ""tu-intra-depth"": ""2"", ""weightb"": ""1"", ""weightp"": ""1"", ""wpp"": ""0""}"
x265,hebo,7303,plain,false,35,49.06,5.67,49.06,6.002354383468628,"['Standard', '320p', 30, '10s']",0.0,6.002259016036987,0.0,"{""amp"": ""0"", ""aq-mode"": ""0"", ""aq-strength"": ""0.0"", ""b-adapt"": ""0"", ""bframes"": ""1"", ""crf"": ""20.0"", ""ctu"": ""32"", ""keyint"": ""342"", ""limit-refs"": ""1"", ""limit-tu"": ""0"", ""me"": ""star"", ""merange"": ""19"", ""open-gop"": ""0"", ""psy-rd"": ""0.5"", ""psy-rdoq"": ""5.0"", ""qcomp"": ""1.0"", ""qpmax"": ""23"", ""qpmin"": ""3"", ""rc-lookahead"": ""18"", ""rd"": ""4"", ""rdoq-level"": ""0"", ""rect"": ""0"", ""ref"": ""1"", ""rskip"": ""0"", ""sao"": ""0"", ""scenecut"": ""27"", ""subme"": ""2"", ""tu-inter-depth"": ""1"", ""tu-intra-depth"": ""4"", ""weightb"": ""1"", ""weightp"": ""1"", ""wpp"": ""1""}"
x265,hebo,7303,plain,false,36,-3.98,299.45,-3.98,299.78558826446533,"['Standard', '320p', 30, '10s']",0.0,299.7854778766632,0.0,"{""amp"": ""0"", ""aq-mode"": ""2"", ""aq-strength"": ""1.2"", ""b-adapt"": ""2"", ""bframes"": ""7"", ""crf"": ""25.0"", ""ctu"": ""64"", ""keyint"": ""362"", ""limit-refs"": ""0"", ""limit-tu"": ""0"", ""me"": ""full"", ""merange"": ""62"", ""open-gop"": ""0"", ""psy-rd"": ""1.0"", ""psy-rdoq"": ""1.5"", ""qcomp"": ""1.0"", ""qpmax"": ""31"", ""qpmin"": ""4"", ""rc-lookahead"": ""42"", ""rd"": ""6"", ""rdoq-level"": ""0"", ""rect"": ""0"", ""ref"": ""3"", ""rskip"": ""0"", ""sao"": ""0"", ""scenecut"": ""71"", ""subme"": ""3"", ""tu-inter-depth"": ""4"", ""tu-intra-depth"": ""1"", ""weightb"": ""1"", ""weightp"": ""0"", ""wpp"": ""0""}"
x265,hebo,7303,plain,false,37,147.78,2.04,147.78,2.3697080612182617,"['Standard', '320p', 30, '10s']",0.0,2.3696129322052,0.0,"{""amp"": ""1"", ""aq-mode"": ""0"", ""aq-strength"": ""2.0"", ""b-adapt"": ""0"", ""bframes"": ""5"", ""crf"": ""32.0"", ""ctu"": ""64"", ""keyint"": ""71"", ""limit-refs"": ""2"", ""limit-tu"": ""2"", ""me"": ""star"", ""merange"": ""21"", ""open-gop"": ""0"", ""psy-rd"": ""4.0"", ""psy-rdoq"": ""5.0"", ""qcomp"": ""1.0"", ""qpmax"": ""35"", ""qpmin"": ""4"", ""rc-lookahead"": ""31"", ""rd"": ""1"", ""rdoq-level"": ""0"", ""rect"": ""0"", ""ref"": ""3"", ""rskip"": ""1"", ""sao"": ""0"", ""scenecut"": ""60"", ""subme"": ""3"", ""tu-inter-depth"": ""2"", ""tu-intra-depth"": ""1"", ""weightb"": ""0"", ""weightp"": ""1"", ""wpp"": ""0""}"
x265,hebo,7303,plain,false,38,94.75,3.14,94.75,3.6842401027679443,"['Standard', '320p', 30, '10s']",0.0,3.6841301918029785,0.0,"{""amp"": ""0"", ""aq-mode"": ""3"", ""aq-strength"": ""0.5"", ""b-adapt"": ""0"", ""bframes"": ""5"", ""crf"": ""30.0"", ""ctu"": ""16"", ""keyint"": ""353"", ""limit-refs"": ""0"", ""limit-tu"": ""3"", ""me"": ""dia"", ""merange"": ""61"", ""open-gop"": ""1"", ""psy-rd"": ""1.0"", ""psy-rdoq"": ""0.0"", ""qcomp"": ""0.7"", ""qpmax"": ""38"", ""qpmin"": ""14"", ""rc-lookahead"": ""33"", ""rd"": ""2"", ""rdoq-level"": ""0"", ""rect"": ""1"", ""ref"": ""4"", ""rskip"": ""1"", ""sao"": ""1"", ""scenecut"": ""3"", ""subme"": ""4"", ""tu-inter-depth"": ""3"", ""tu-intra-depth"": ""3"", ""weightb"": ""0"", ""weightp"": ""1"", ""wpp"": ""1""}"
x265,hebo,7303,plain,false,39,61.22,4.64,61.22,4.9687395095825195,"['Standard', '320p', 30, '10s']",0.0,4.968638896942139,0.0,"{""amp"": ""1"", ""aq-mode"": ""1"", ""aq-strength"": ""2.0"", ""b-adapt"": ""0"", ""bframes"": ""2"", ""crf"": ""32.0"", ""ctu"": ""64"", ""keyint"": ""64"", ""limit-refs"": ""2"", ""limit-tu"": ""0"", ""me"": ""hex"", ""merange"": ""61"", ""open-gop"": ""0"", ""psy-rd"": ""4.0"", ""psy-rdoq"": ""5.0"", ""qcomp"": ""1.0"", ""qpmax"": ""36"", ""qpmin"": ""18"", ""rc-lookahead"": ""19"", ""rd"": ""1"", ""rdoq-level"": ""0"", ""rect"": ""0"", ""ref"": ""4"", ""rskip"": ""0"", ""sao"": ""0"", ""scenecut"": ""72"", ""subme"": ""1"", ""tu-inter-depth"": ""3"", ""tu-intra-depth"": ""1"", ""weightb"": ""0"", ""weightp"": ""1"", ""wpp"": ""0""}"
x265,hebo,7303,plain,false,40,152.82,1.98,152.82,2.2950079441070557,"['Standard', '320p', 30, '10s']",0.0,2.2949142456054688,0.0,"{""amp"": ""1"", ""aq-mode"": ""1"", ""aq-strength"": ""1.5"", ""b-adapt"": ""1"", ""bframes"": ""2"", ""crf"": ""32.0"", ""ctu"": ""64"", ""keyint"": ""372"", ""limit-refs"": ""0"", ""limit-tu"": ""3"", ""me"": ""star"", ""merange"": ""28"", ""open-gop"": ""0"", ""psy-rd"": ""1.0"", ""psy-rdoq"": ""0.5"", ""qcomp"": ""0.9"", ""qpmax"": ""49"", ""qpmin"": ""13"", ""rc-lookahead"": ""30"", ""rd"": ""1"", ""rdoq-level"": ""1"", ""rect"": ""0"", ""ref"": ""5"", ""rskip"": ""1"", ""sao"": ""0"", ""scenecut"": ""54"", ""subme"": ""3"", ""tu-inter-depth"": ""1"", ""tu-intra-depth"": ""1"", ""weightb"": ""1"", ""weightp"": ""1"", ""wpp"": ""1""}"
x265,hebo,7303,plain,false,41,4.75,31.23,4.75,31.55142855644226,"['Standard', '320p', 30, '10s']",0.0,31.55132508277893,0.0,"{""amp"": ""1"", ""aq-mode"": ""1"", ""aq-strength"": ""1.0"", ""b-adapt"": ""2"", ""bframes"": ""2"", ""crf"": ""30.0"", ""ctu"": ""32"", ""keyint"": ""367"", ""limit-refs"": ""0"", ""limit-tu"": ""0"", ""me"": ""hex"", ""merange"": ""57"", ""open-gop"": ""1"", ""psy-rd"": ""0.0"", ""psy-rdoq"": ""4.5"", ""qcomp"": ""0.9"", ""qpmax"": ""23"", ""qpmin"": ""13"", ""rc-lookahead"": ""30"", ""rd"": ""4"", ""rdoq-level"": ""2"", ""rect"": ""1"", ""ref"": ""5"", ""rskip"": ""0"", ""sao"": ""0"", ""scenecut"": ""70"", ""subme"": ""3"", ""tu-inter-depth"": ""3"", ""tu-intra-depth"": ""4"", ""weightb"": ""1"", ""weightp"": ""1"", ""wpp"": ""1""}"
x265,hebo,7303,plain,false,42,60.41,4.71,60.41,5.105677127838135,"['Standard', '320p', 30, '10s']",0.0,5.105525970458984,0.0,"{""amp"": ""1"", ""aq-mode"": ""2"", ""aq-strength"": ""2.0"", ""b-adapt"": ""1"", ""bframes"": ""5"", ""crf"": ""28.0"", ""ctu"": ""64"", ""keyint"": ""456"", ""limit-refs"": ""1"", ""limit-tu"": ""1"", ""me"": ""star"", ""merange"": ""40"", ""open-gop"": ""0"", ""psy-rd"": ""0.5"", ""psy-rdoq"": ""4.5"", ""qcomp"": ""0.75"", ""qpmax"": ""43"", ""qpmin"": ""3"", ""rc-lookahead"": ""39"", ""rd"": ""1"", ""rdoq-level"": ""1"", ""rect"": ""1"", ""ref"": ""4"", ""rskip"": ""1"", ""sao"": ""0"", ""scenecut"": ""94"", ""subme"": ""5"", ""tu-inter-depth"": ""4"", ""tu-intra-depth"": ""4"", ""weightb"": ""1"", ""weightp"": ""0"", ""wpp"": ""0""}"
x265,hebo,7303,plain,false,43,2.62,39.95,2.62,40.28905725479126,"['Standard', '320p', 30, '10s']",0.0,40.28895282745361,0.0,"{""amp"": ""1"", ""aq-mode"": ""1"", ""aq-strength"": ""1.2"", ""b-adapt"": ""0"", ""bframes"": ""5"", ""crf"": ""18.0"", ""ctu"": ""32"", ""keyint"": ""45"", ""limit-refs"": ""2"", ""limit-tu"": ""0"", ""me"": ""full"", ""merange"": ""40"", ""open-gop"": ""0"", ""psy-rd"": ""2.5"", ""psy-rdoq"": ""2.0"", ""qcomp"": ""0.5"", ""qpmax"": ""21"", ""qpmin"": ""6"", ""rc-lookahead"": ""19"", ""rd"": ""1"", ""rdoq-level"": ""0"", ""rect"": ""0"", ""ref"": ""3"", ""rskip"": ""0"", ""sao"": ""1"", ""scenecut"": ""18"", ""subme"": ""1"", ""tu-inter-depth"": ""3"", ""tu-intra-depth"": ""1"", ""weightb"": ""0"", ""weightp"": ""0"", ""wpp"": ""0""}"
x265,hebo,7303,plain,false,44,3.60,35.4,3.60,35.81301474571228,"['Standard', '320p', 30, '10s']",0.0,35.81285881996155,0.0,"{""amp"": ""1"", ""aq-mode"": ""2"", ""aq-strength"": ""0.8"", ""b-adapt"": ""0"", ""bframes"": ""4"", ""crf"": ""30.0"", ""ctu"": ""16"", ""keyint"": ""366"", ""limit-refs"": ""1"", ""limit-tu"": ""1"", ""me"": ""full"", ""merange"": ""55"", ""open-gop"": ""0"", ""psy-rd"": ""3.5"", ""psy-rdoq"": ""0.0"", ""qcomp"": ""0.8"", ""qpmax"": ""48"", ""qpmin"": ""12"", ""rc-lookahead"": ""22"", ""rd"": ""3"", ""rdoq-level"": ""2"", ""rect"": ""1"", ""ref"": ""3"", ""rskip"": ""0"", ""sao"": ""1"", ""scenecut"": ""61"", ""subme"": ""3"", ""tu-inter-depth"": ""3"", ""tu-intra-depth"": ""3"", ""weightb"": ""1"", ""weightp"": ""0"", ""wpp"": ""1""}"
x265,hebo,7303,plain,false,45,41.72,6.56,41.72,6.889132738113403,"['Standard', '320p', 30, '10s']",0.0,6.8890321254730225,0.0,"{""amp"": ""1"", ""aq-mode"": ""3"", ""aq-strength"": ""0.8"", ""b-adapt"": ""1"", ""bframes"": ""1"", ""crf"": ""18.0"", ""ctu"": ""64"", ""keyint"": ""415"", ""limit-refs"": ""1"", ""limit-tu"": ""4"", ""me"": ""star"", ""merange"": ""63"", ""open-gop"": ""0"", ""psy-rd"": ""0.0"", ""psy-rdoq"": ""3.5"", ""qcomp"": ""0.9"", ""qpmax"": ""50"", ""qpmin"": ""14"", ""rc-lookahead"": ""36"", ""rd"": ""1"", ""rdoq-level"": ""0"", ""rect"": ""1"", ""ref"": ""6"", ""rskip"": ""0"", ""sao"": ""1"", ""scenecut"": ""57"", ""subme"": ""5"", ""tu-inter-depth"": ""4"", ""tu-intra-depth"": ""1"", ""weightb"": ""1"", ""weightp"": ""0"", ""wpp"": ""1""}"
x265,hebo,7303,plain,false,46,43.04,6.38,43.04,6.7089269161224365,"['Standard', '320p', 30, '10s']",0.0,6.708827018737793,0.0,"{""amp"": ""1"", ""aq-mode"": ""1"", ""aq-strength"": ""0.8"", ""b-adapt"": ""0"", ""bframes"": ""7"", ""crf"": ""22.0"", ""ctu"": ""16"", ""keyint"": ""417"", ""limit-refs"": ""1"", ""limit-tu"": ""2"", ""me"": ""hex"", ""merange"": ""44"", ""open-gop"": ""0"", ""psy-rd"": ""2.0"", ""psy-rdoq"": ""3.5"", ""qcomp"": ""0.7"", ""qpmax"": ""38"", ""qpmin"": ""20"", ""rc-lookahead"": ""50"", ""rd"": ""3"", ""rdoq-level"": ""1"", ""rect"": ""0"", ""ref"": ""4"", ""rskip"": ""0"", ""sao"": ""1"", ""scenecut"": ""20"", ""subme"": ""3"", ""tu-inter-depth"": ""3"", ""tu-intra-depth"": ""3"", ""weightb"": ""1"", ""weightp"": ""0"", ""wpp"": ""1""}"
x265,hebo,7303,plain,false,47,65.42,4.38,65.42,4.713256597518921,"['Standard', '320p', 30, '10s']",0.0,4.713163614273071,0.0,"{""amp"": ""1"", ""aq-mode"": ""4"", ""aq-strength"": ""0.8"", ""b-adapt"": ""1"", ""bframes"": ""7"", ""crf"": ""28.0"", ""ctu"": ""64"", ""keyint"": ""495"", ""limit-refs"": ""0"", ""limit-tu"": ""3"", ""me"": ""dia"", ""merange"": ""60"", ""open-gop"": ""0"", ""psy-rd"": ""1.0"", ""psy-rdoq"": ""1.0"", ""qcomp"": ""0.5"", ""qpmax"": ""49"", ""qpmin"": ""13"", ""rc-lookahead"": ""30"", ""rd"": ""1"", ""rdoq-level"": ""1"", ""rect"": ""0"", ""ref"": ""6"", ""rskip"": ""1"", ""sao"": ""0"", ""scenecut"": ""56"", ""subme"": ""3"", ""tu-inter-depth"": ""4"", ""tu-intra-depth"": ""4"", ""weightb"": ""1"", ""weightp"": ""1"", ""wpp"": ""0""}"
x265,hebo,7303,plain,false,48,38.17,7.09,38.17,7.426894903182983,"['Standard', '320p', 30, '10s']",0.0,7.426781892776489,0.0,"{""amp"": ""0"", ""aq-mode"": ""2"", ""aq-strength"": ""1.0"", ""b-adapt"": ""1"", ""bframes"": ""2"", ""crf"": ""30.0"", ""ctu"": ""32"", ""keyint"": ""104"", ""limit-refs"": ""1"", ""limit-tu"": ""1"", ""me"": ""hex"", ""merange"": ""18"", ""open-gop"": ""0"", ""psy-rd"": ""0.5"", ""psy-rdoq"": ""3.0"", ""qcomp"": ""0.7"", ""qpmax"": ""24"", ""qpmin"": ""12"", ""rc-lookahead"": ""15"", ""rd"": ""3"", ""rdoq-level"": ""0"", ""rect"": ""0"", ""ref"": ""5"", ""rskip"": ""1"", ""sao"": ""0"", ""scenecut"": ""35"", ""subme"": ""2"", ""tu-inter-depth"": ""3"", ""tu-intra-depth"": ""1"", ""weightb"": ""0"", ""weightp"": ""1"", ""wpp"": ""1""}"
x265,hebo,7303,plain,false,49,2.86,38.75,2.86,39.09105467796326,"['Standard', '320p', 30, '10s']",0.0,39.09095597267151,0.0,"{""amp"": ""1"", ""aq-mode"": ""2"", ""aq-strength"": ""1.0"", ""b-adapt"": ""0"", ""bframes"": ""5"", ""crf"": ""22.0"", ""ctu"": ""32"", ""keyint"": ""175"", ""limit-refs"": ""2"", ""limit-tu"": ""4"", ""me"": ""umh"", ""merange"": ""41"", ""open-gop"": ""0"", ""psy-rd"": ""3.5"", ""psy-rdoq"": ""3.5"", ""qcomp"": ""0.6"", ""qpmax"": ""26"", ""qpmin"": ""16"", ""rc-lookahead"": ""35"", ""rd"": ""6"", ""rdoq-level"": ""2"", ""rect"": ""1"", ""ref"": ""4"", ""rskip"": ""1"", ""sao"": ""1"", ""scenecut"": ""56"", ""subme"": ""3"", ""tu-inter-depth"": ""4"", ""tu-intra-depth"": ""3"", ""weightb"": ""0"", ""weightp"": ""0"", ""wpp"": ""1""}"
x265,hebo,7303,plain,false,50,-0.47,67.2,-0.47,67.5218276977539,"['Standard', '320p', 30, '10s']",0.0,67.52172255516052,0.0,"{""amp"": ""1"", ""aq-mode"": ""0"", ""aq-strength"": ""1.8"", ""b-adapt"": ""0"", ""bframes"": ""6"", ""crf"": ""32.0"", ""ctu"": ""32"", ""keyint"": ""131"", ""limit-refs"": ""0"", ""limit-tu"": ""0"", ""me"": ""full"", ""merange"": ""27"", ""open-gop"": ""0"", ""psy-rd"": ""1.0"", ""psy-rdoq"": ""2.5"", ""qcomp"": ""0.6"", ""qpmax"": ""33"", ""qpmin"": ""13"", ""rc-lookahead"": ""30"", ""rd"": ""5"", ""rdoq-level"": ""1"", ""rect"": ""0"", ""ref"": ""3"", ""rskip"": ""0"", ""sao"": ""0"", ""scenecut"": ""27"", ""subme"": ""2"", ""tu-inter-depth"": ""2"", ""tu-intra-depth"": ""1"", ""weightb"": ""0"", ""weightp"": ""0"", ""wpp"": ""0""}"
x265,hebo,7303,plain,false,51,11.63,18.34,11.63,18.723726749420166,"['Standard', '320p', 30, '10s']",0.0,18.723557233810425,0.0,"{""amp"": ""1"", ""aq-mode"": ""3"", ""aq-strength"": ""0.5"", ""b-adapt"": ""2"", ""bframes"": ""1"", ""crf"": ""20.0"", ""ctu"": ""32"", ""keyint"": ""404"", ""limit-refs"": ""3"", ""limit-tu"": ""0"", ""me"": ""dia"", ""merange"": ""53"", ""open-gop"": ""1"", ""psy-rd"": ""4.0"", ""psy-rdoq"": ""4.0"", ""qcomp"": ""0.6"", ""qpmax"": ""48"", ""qpmin"": ""19"", ""rc-lookahead"": ""52"", ""rd"": ""4"", ""rdoq-level"": ""1"", ""rect"": ""1"", ""ref"": ""6"", ""rskip"": ""1"", ""sao"": ""1"", ""scenecut"": ""73"", ""subme"": ""5"", ""tu-inter-depth"": ""4"", ""tu-intra-depth"": ""4"", ""weightb"": ""1"", ""weightp"": ""1"", ""wpp"": ""1""}"
x265,hebo,7303,plain,false,52,48.31,5.76,48.31,6.082829236984253,"['Standard', '320p', 30, '10s']",0.0,6.08272910118103,0.0,"{""amp"": ""0"", ""aq-mode"": ""0"", ""aq-strength"": ""0.8"", ""b-adapt"": ""2"", ""bframes"": ""3"", ""crf"": ""32.0"", ""ctu"": ""16"", ""keyint"": ""30"", ""limit-refs"": ""3"", ""limit-tu"": ""1"", ""me"": ""hex"", ""merange"": ""23"", ""open-gop"": ""0"", ""psy-rd"": ""4.0"", ""psy-rdoq"": ""5.0"", ""qcomp"": ""0.9"", ""qpmax"": ""31"", ""qpmin"": ""11"", ""rc-lookahead"": ""51"", ""rd"": ""4"", ""rdoq-level"": ""1"", ""rect"": ""1"", ""ref"": ""5"", ""rskip"": ""1"", ""sao"": ""1"", ""scenecut"": ""90"", ""subme"": ""2"", ""tu-inter-depth"": ""1"", ""tu-intra-depth"": ""3"", ""weightb"": ""1"", ""weightp"": ""0"", ""wpp"": ""0""}"
x265,hebo,7303,plain,false,53,87.14,3.35,87.14,3.7126305103302,"['Standard', '320p', 30, '10s']",0.0,3.712531328201294,0.0,"{""amp"": ""0"", ""aq-mode"": ""3"", ""aq-strength"": ""1.5"", ""b-adapt"": ""1"", ""bframes"": ""4"", ""crf"": ""25.0"", ""ctu"": ""32"", ""keyint"": ""353"", ""limit-refs"": ""1"", ""limit-tu"": ""2"", ""me"": ""star"", ""merange"": ""39"", ""open-gop"": ""0"", ""psy-rd"": ""4.0"", ""psy-rdoq"": ""1.0"", ""qcomp"": ""0.5"", ""qpmax"": ""51"", ""qpmin"": ""0"", ""rc-lookahead"": ""29"", ""rd"": ""2"", ""rdoq-level"": ""2"", ""rect"": ""0"", ""ref"": ""2"", ""rskip"": ""1"", ""sao"": ""1"", ""scenecut"": ""8"", ""subme"": ""2"", ""tu-inter-depth"": ""1"", ""tu-intra-depth"": ""4"", ""weightb"": ""1"", ""weightp"": ""1"", ""wpp"": ""0""}"
x265,hebo,7303,plain,false,54,6.40,26.71,6.40,27.044567584991455,"['Standard', '320p', 30, '10s']",0.0,27.04447102546692,0.0,"{""amp"": ""1"", ""aq-mode"": ""0"", ""aq-strength"": ""0.5"", ""b-adapt"": ""1"", ""bframes"": ""6"", ""crf"": ""18.0"", ""ctu"": ""16"", ""keyint"": ""121"", ""limit-refs"": ""3"", ""limit-tu"": ""4"", ""me"": ""star"", ""merange"": ""22"", ""open-gop"": ""0"", ""psy-rd"": ""2.0"", ""psy-rdoq"": ""0.5"", ""qcomp"": ""0.6"", ""qpmax"": ""27"", ""qpmin"": ""7"", ""rc-lookahead"": ""56"", ""rd"": ""5"", ""rdoq-level"": ""2"", ""rect"": ""0"", ""ref"": ""4"", ""rskip"": ""0"", ""sao"": ""1"", ""scenecut"": ""61"", ""subme"": ""5"", ""tu-inter-depth"": ""3"", ""tu-intra-depth"": ""1"", ""weightb"": ""0"", ""weightp"": ""0"", ""wpp"": ""1""}"
x265,hebo,7303,plain,false,55,51.45,5.44,51.45,5.77248740196228,"['Standard', '320p', 30, '10s']",0.0,5.772386074066162,0.0,"{""amp"": ""1"", ""aq-mode"": ""3"", ""aq-strength"": ""1.2"", ""b-adapt"": ""0"", ""bframes"": ""3"", ""crf"": ""25.0"", ""ctu"": ""16"", ""keyint"": ""469"", ""limit-refs"": ""0"", ""limit-tu"": ""3"", ""me"": ""star"", ""merange"": ""60"", ""open-gop"": ""0"", ""psy-rd"": ""4.0"", ""psy-rdoq"": ""5.0"", ""qcomp"": ""0.75"", ""qpmax"": ""24"", ""qpmin"": ""13"", ""rc-lookahead"": ""46"", ""rd"": ""1"", ""rdoq-level"": ""1"", ""rect"": ""0"", ""ref"": ""1"", ""rskip"": ""0"", ""sao"": ""0"", ""scenecut"": ""54"", ""subme"": ""1"", ""tu-inter-depth"": ""2"", ""tu-intra-depth"": ""1"", ""weightb"": ""1"", ""weightp"": ""1"", ""wpp"": ""1""}"
x265,hebo,7303,plain,false,56,50.23,5.56,50.23,5.882184028625488,"['Standard', '320p', 30, '10s']",0.0,5.8820860385894775,0.0,"{""amp"": ""1"", ""aq-mode"": ""2"", ""aq-strength"": ""1.0"", ""b-adapt"": ""0"", ""bframes"": ""6"", ""crf"": ""25.0"", ""ctu"": ""32"", ""keyint"": ""88"", ""limit-refs"": ""3"", ""limit-tu"": ""0"", ""me"": ""umh"", ""merange"": ""32"", ""open-gop"": ""1"", ""psy-rd"": ""1.0"", ""psy-rdoq"": ""4.0"", ""qcomp"": ""0.6"", ""qpmax"": ""29"", ""qpmin"": ""3"", ""rc-lookahead"": ""39"", ""rd"": ""3"", ""rdoq-level"": ""0"", ""rect"": ""0"", ""ref"": ""6"", ""rskip"": ""0"", ""sao"": ""1"", ""scenecut"": ""41"", ""subme"": ""4"", ""tu-inter-depth"": ""1"", ""tu-intra-depth"": ""3"", ""weightb"": ""0"", ""weightp"": ""0"", ""wpp"": ""0""}"
x265,hebo,7303,plain,false,57,33.25,8.0,33.25,8.331294775009155,"['Standard', '320p', 30, '10s']",0.0,8.331193208694458,0.0,"{""amp"": ""0"", ""aq-mode"": ""1"", ""aq-strength"": ""2.0"", ""b-adapt"": ""0"", ""bframes"": ""2"", ""crf"": ""25.0"", ""ctu"": ""64"", ""keyint"": ""41"", ""limit-refs"": ""0"", ""limit-tu"": ""1"", ""me"": ""umh"", ""merange"": ""27"", ""open-gop"": ""1"", ""psy-rd"": ""1.0"", ""psy-rdoq"": ""0.0"", ""qcomp"": ""0.75"", ""qpmax"": ""26"", ""qpmin"": ""7"", ""rc-lookahead"": ""25"", ""rd"": ""3"", ""rdoq-level"": ""0"", ""rect"": ""0"", ""ref"": ""3"", ""rskip"": ""0"", ""sao"": ""1"", ""scenecut"": ""3"", ""subme"": ""3"", ""tu-inter-depth"": ""1"", ""tu-intra-depth"": ""3"", ""weightb"": ""0"", ""weightp"": ""0"", ""wpp"": ""0""}"
x265,hebo,7303,plain,false,58,8.54,22.5,8.54,22.834455490112305,"['Standard', '320p', 30, '10s']",0.0,22.83431649208069,0.0,"{""amp"": ""0"", ""aq-mode"": ""2"", ""aq-strength"": ""1.0"", ""b-adapt"": ""2"", ""bframes"": ""2"", ""crf"": ""22.0"", ""ctu"": ""32"", ""keyint"": ""260"", ""limit-refs"": ""3"", ""limit-tu"": ""3"", ""me"": ""full"", ""merange"": ""39"", ""open-gop"": ""1"", ""psy-rd"": ""3.0"", ""psy-rdoq"": ""3.0"", ""qcomp"": ""0.6"", ""qpmax"": ""30"", ""qpmin"": ""11"", ""rc-lookahead"": ""29"", ""rd"": ""4"", ""rdoq-level"": ""0"", ""rect"": ""0"", ""ref"": ""6"", ""rskip"": ""1"", ""sao"": ""0"", ""scenecut"": ""37"", ""subme"": ""2"", ""tu-inter-depth"": ""2"", ""tu-intra-depth"": ""4"", ""weightb"": ""0"", ""weightp"": ""1"", ""wpp"": ""1""}"
x265,hebo,7303,plain,false,59,74.10,3.94,74.10,4.482744216918945,"['Standard', '320p', 30, '10s']",0.0,4.482638359069824,0.0,"{""amp"": ""0"", ""aq-mode"": ""0"", ""aq-strength"": ""1.5"", ""b-adapt"": ""0"", ""bframes"": ""5"", ""crf"": ""30.0"", ""ctu"": ""64"", ""keyint"": ""109"", ""limit-refs"": ""0"", ""limit-tu"": ""3"", ""me"": ""umh"", ""merange"": ""37"", ""open-gop"": ""0"", ""psy-rd"": ""3.0"", ""psy-rdoq"": ""1.5"", ""qcomp"": ""0.8"", ""qpmax"": ""47"", ""qpmin"": ""7"", ""rc-lookahead"": ""43"", ""rd"": ""2"", ""rdoq-level"": ""0"", ""rect"": ""0"", ""ref"": ""4"", ""rskip"": ""0"", ""sao"": ""0"", ""scenecut"": ""17"", ""subme"": ""2"", ""tu-inter-depth"": ""1"", ""tu-intra-depth"": ""2"", ""weightb"": ""0"", ""weightp"": ""1"", ""wpp"": ""0""}"
x265,hebo,7303,plain,false,60,66.21,4.33,66.21,4.652100563049316,"['Standard', '320p', 30, '10s']",0.0,4.652005672454834,0.0,"{""amp"": ""0"", ""aq-mode"": ""2"", ""aq-strength"": ""0.0"", ""b-adapt"": ""2"", ""bframes"": ""3"", ""crf"": ""30.0"", ""ctu"": ""16"", ""keyint"": ""468"", ""limit-refs"": ""2"", ""limit-tu"": ""1"", ""me"": ""umh"", ""merange"": ""36"", ""open-gop"": ""0"", ""psy-rd"": ""0.0"", ""psy-rdoq"": ""0.0"", ""qcomp"": ""1.0"", ""qpmax"": ""47"", ""qpmin"": ""14"", ""rc-lookahead"": ""59"", ""rd"": ""3"", ""rdoq-level"": ""1"", ""rect"": ""0"", ""ref"": ""3"", ""rskip"": ""0"", ""sao"": ""1"", ""scenecut"": ""50"", ""subme"": ""3"", ""tu-inter-depth"": ""1"", ""tu-intra-depth"": ""2"", ""weightb"": ""1"", ""weightp"": ""0"", ""wpp"": ""0""}"
x265,hebo,7303,plain,false,61,80.58,3.61,80.58,3.9474143981933594,"['Standard', '320p', 30, '10s']",0.0,3.947321653366089,0.0,"{""amp"": ""1"", ""aq-mode"": ""4"", ""aq-strength"": ""1.5"", ""b-adapt"": ""0"", ""bframes"": ""5"", ""crf"": ""30.0"", ""ctu"": ""32"", ""keyint"": ""314"", ""limit-refs"": ""2"", ""limit-tu"": ""3"", ""me"": ""dia"", ""merange"": ""40"", ""open-gop"": ""0"", ""psy-rd"": ""1.0"", ""psy-rdoq"": ""0.0"", ""qcomp"": ""0.9"", ""qpmax"": ""35"", ""qpmin"": ""18"", ""rc-lookahead"": ""35"", ""rd"": ""1"", ""rdoq-level"": ""1"", ""rect"": ""1"", ""ref"": ""6"", ""rskip"": ""1"", ""sao"": ""0"", ""scenecut"": ""74"", ""subme"": ""2"", ""tu-inter-depth"": ""2"", ""tu-intra-depth"": ""1"", ""weightb"": ""0"", ""weightp"": ""1"", ""wpp"": ""0""}"
x265,hebo,7303,plain,false,62,120.48,2.48,120.48,2.8169355392456055,"['Standard', '320p', 30, '10s']",0.0,2.8168325424194336,0.0,"{""amp"": ""1"", ""aq-mode"": ""1"", ""aq-strength"": ""2.0"", ""b-adapt"": ""1"", ""bframes"": ""5"", ""crf"": ""32.0"", ""ctu"": ""64"", ""keyint"": ""373"", ""limit-refs"": ""0"", ""limit-tu"": ""3"", ""me"": ""hex"", ""merange"": ""35"", ""open-gop"": ""0"", ""psy-rd"": ""4.0"", ""psy-rdoq"": ""5.0"", ""qcomp"": ""1.0"", ""qpmax"": ""49"", ""qpmin"": ""13"", ""rc-lookahead"": ""30"", ""rd"": ""1"", ""rdoq-level"": ""1"", ""rect"": ""0"", ""ref"": ""5"", ""rskip"": ""1"", ""sao"": ""0"", ""scenecut"": ""96"", ""subme"": ""3"", ""tu-inter-depth"": ""4"", ""tu-intra-depth"": ""3"", ""weightb"": ""1"", ""weightp"": ""1"", ""wpp"": ""1""}"
x265,hebo,7303,plain,false,63,14.92,15.36,14.92,15.698514461517334,"['Standard', '320p', 30, '10s']",0.0,15.69840931892395,0.0,"{""amp"": ""1"", ""aq-mode"": ""2"", ""aq-strength"": ""2.0"", ""b-adapt"": ""2"", ""bframes"": ""6"", ""crf"": ""28.0"", ""ctu"": ""16"", ""keyint"": ""399"", ""limit-refs"": ""0"", ""limit-tu"": ""0"", ""me"": ""full"", ""merange"": ""18"", ""open-gop"": ""0"", ""psy-rd"": ""1.5"", ""psy-rdoq"": ""5.0"", ""qcomp"": ""0.5"", ""qpmax"": ""25"", ""qpmin"": ""13"", ""rc-lookahead"": ""54"", ""rd"": ""1"", ""rdoq-level"": ""2"", ""rect"": ""0"", ""ref"": ""6"", ""rskip"": ""1"", ""sao"": ""0"", ""scenecut"": ""59"", ""subme"": ""3"", ""tu-inter-depth"": ""3"", ""tu-intra-depth"": ""3"", ""weightb"": ""0"", ""weightp"": ""0"", ""wpp"": ""0""}"
x265,hebo,7303,plain,false,64,12.41,17.51,12.41,17.84298849105835,"['Standard', '320p', 30, '10s']",0.0,17.842884063720703,0.0,"{""amp"": ""0"", ""aq-mode"": ""2"", ""aq-strength"": ""1.8"", ""b-adapt"": ""0"", ""bframes"": ""4"", ""crf"": ""22.0"", ""ctu"": ""16"", ""keyint"": ""87"", ""limit-refs"": ""3"", ""limit-tu"": ""1"", ""me"": ""full"", ""merange"": ""32"", ""open-gop"": ""1"", ""psy-rd"": ""0.5"", ""psy-rdoq"": ""3.0"", ""qcomp"": ""0.8"", ""qpmax"": ""33"", ""qpmin"": ""1"", ""rc-lookahead"": ""24"", ""rd"": ""4"", ""rdoq-level"": ""0"", ""rect"": ""1"", ""ref"": ""2"", ""rskip"": ""0"", ""sao"": ""0"", ""scenecut"": ""15"", ""subme"": ""2"", ""tu-inter-depth"": ""2"", ""tu-intra-depth"": ""3"", ""weightb"": ""0"", ""weightp"": ""1"", ""wpp"": ""1""}"
x265,hebo,7303,plain,false,65,16.70,14.07,16.70,14.393417358398438,"['Standard', '320p', 30, '10s']",0.0,14.393315553665161,0.0,"{""amp"": ""0"", ""aq-mode"": ""3"", ""aq-strength"": ""1.0"", ""b-adapt"": ""1"", ""bframes"": ""6"", ""crf"": ""20.0"", ""ctu"": ""32"", ""keyint"": ""242"", ""limit-refs"": ""2"", ""limit-tu"": ""1"", ""me"": ""hex"", ""merange"": ""48"", ""open-gop"": ""0"", ""psy-rd"": ""4.0"", ""psy-rdoq"": ""4.5"", ""qcomp"": ""1.0"", ""qpmax"": ""30"", ""qpmin"": ""13"", ""rc-lookahead"": ""43"", ""rd"": ""4"", ""rdoq-level"": ""1"", ""rect"": ""0"", ""ref"": ""5"", ""rskip"": ""0"", ""sao"": ""1"", ""scenecut"": ""13"", ""subme"": ""4"", ""tu-inter-depth"": ""2"", ""tu-intra-depth"": ""2"", ""weightb"": ""1"", ""weightp"": ""0"", ""wpp"": ""0""}"
x265,hebo,7303,plain,false,66,22.52,11.1,22.52,11.426110029220581,"['Standard', '320p', 30, '10s']",0.0,11.426011323928833,0.0,"{""amp"": ""1"", ""aq-mode"": ""4"", ""aq-strength"": ""1.8"", ""b-adapt"": ""2"", ""bframes"": ""4"", ""crf"": ""32.0"", ""ctu"": ""32"", ""keyint"": ""384"", ""limit-refs"": ""2"", ""limit-tu"": ""4"", ""me"": ""dia"", ""merange"": ""56"", ""open-gop"": ""1"", ""psy-rd"": ""3.0"", ""psy-rdoq"": ""1.0"", ""qcomp"": ""0.9"", ""qpmax"": ""42"", ""qpmin"": ""15"", ""rc-lookahead"": ""42"", ""rd"": ""5"", ""rdoq-level"": ""2"", ""rect"": ""1"", ""ref"": ""4"", ""rskip"": ""1"", ""sao"": ""1"", ""scenecut"": ""18"", ""subme"": ""5"", ""tu-inter-depth"": ""4"", ""tu-intra-depth"": ""4"", ""weightb"": ""1"", ""weightp"": ""1"", ""wpp"": ""1""}"
x265,hebo,7303,plain,false,67,1.68,45.54,1.68,45.872201442718506,"['Standard', '320p', 30, '10s']",0.0,45.872095584869385,0.0,"{""amp"": ""0"", ""aq-mode"": ""1"", ""aq-strength"": ""1.0"", ""b-adapt"": ""0"", ""bframes"": ""6"", ""crf"": ""28.0"", ""ctu"": ""16"", ""keyint"": ""98"", ""limit-refs"": ""2"", ""limit-tu"": ""0"", ""me"": ""full"", ""merange"": ""56"", ""open-gop"": ""1"", ""psy-rd"": ""3.5"", ""psy-rdoq"": ""2.0"", ""qcomp"": ""0.9"", ""qpmax"": ""25"", ""qpmin"": ""18"", ""rc-lookahead"": ""28"", ""rd"": ""3"", ""rdoq-level"": ""1"", ""rect"": ""0"", ""ref"": ""4"", ""rskip"": ""1"", ""sao"": ""0"", ""scenecut"": ""80"", ""subme"": ""4"", ""tu-inter-depth"": ""2"", ""tu-intra-depth"": ""2"", ""weightb"": ""1"", ""weightp"": ""0"", ""wpp"": ""0""}"
x265,hebo,7303,plain,false,68,7.82,23.77,7.82,24.112581253051758,"['Standard', '320p', 30, '10s']",0.0,24.112471103668213,0.0,"{""amp"": ""0"", ""aq-mode"": ""1"", ""aq-strength"": ""1.0"", ""b-adapt"": ""0"", ""bframes"": ""5"", ""crf"": ""25.0"", ""ctu"": ""16"", ""keyint"": ""153"", ""limit-refs"": ""3"", ""limit-tu"": ""2"", ""me"": ""hex"", ""merange"": ""57"", ""open-gop"": ""0"", ""psy-rd"": ""4.0"", ""psy-rdoq"": ""1.5"", ""qcomp"": ""1.0"", ""qpmax"": ""22"", ""qpmin"": ""8"", ""rc-lookahead"": ""37"", ""rd"": ""5"", ""rdoq-level"": ""0"", ""rect"": ""1"", ""ref"": ""3"", ""rskip"": ""0"", ""sao"": ""0"", ""scenecut"": ""61"", ""subme"": ""3"", ""tu-inter-depth"": ""3"", ""tu-intra-depth"": ""1"", ""weightb"": ""0"", ""weightp"": ""1"", ""wpp"": ""1""}"
x265,hebo,7303,plain,false,69,37.99,7.12,37.99,7.458788156509399,"['Standard', '320p', 30, '10s']",0.0,7.458683729171753,0.0,"{""amp"": ""0"", ""aq-mode"": ""0"", ""aq-strength"": ""0.5"", ""b-adapt"": ""2"", ""bframes"": ""1"", ""crf"": ""32.0"", ""ctu"": ""32"", ""keyint"": ""409"", ""limit-refs"": ""1"", ""limit-tu"": ""3"", ""me"": ""full"", ""merange"": ""17"", ""open-gop"": ""0"", ""psy-rd"": ""4.0"", ""psy-rdoq"": ""1.0"", ""qcomp"": ""0.75"", ""qpmax"": ""25"", ""qpmin"": ""6"", ""rc-lookahead"": ""40"", ""rd"": ""1"", ""rdoq-level"": ""2"", ""rect"": ""1"", ""ref"": ""1"", ""rskip"": ""0"", ""sao"": ""1"", ""scenecut"": ""57"", ""subme"": ""4"", ""tu-inter-depth"": ""1"", ""tu-intra-depth"": ""2"", ""weightb"": ""0"", ""weightp"": ""0"", ""wpp"": ""1""}"
x265,hebo,7303,plain,false,70,8.42,22.7,8.42,23.040695190429688,"['Standard', '320p', 30, '10s']",0.0,23.040597200393677,0.0,"{""amp"": ""0"", ""aq-mode"": ""1"", ""aq-strength"": ""0.8"", ""b-adapt"": ""2"", ""bframes"": ""7"", ""crf"": ""18.0"", ""ctu"": ""16"", ""keyint"": ""372"", ""limit-refs"": ""0"", ""limit-tu"": ""3"", ""me"": ""full"", ""merange"": ""28"", ""open-gop"": ""1"", ""psy-rd"": ""1.5"", ""psy-rdoq"": ""5.0"", ""qcomp"": ""0.5"", ""qpmax"": ""22"", ""qpmin"": ""15"", ""rc-lookahead"": ""38"", ""rd"": ""2"", ""rdoq-level"": ""1"", ""rect"": ""0"", ""ref"": ""6"", ""rskip"": ""1"", ""sao"": ""0"", ""scenecut"": ""52"", ""subme"": ""3"", ""tu-inter-depth"": ""3"", ""tu-intra-depth"": ""3"", ""weightb"": ""1"", ""weightp"": ""1"", ""wpp"": ""1""}"
x265,hebo,7303,plain,false,71,3.63,35.3,3.63,35.623093605041504,"['Standard', '320p', 30, '10s']",0.0,35.622984886169434,0.0,"{""amp"": ""0"", ""aq-mode"": ""1"", ""aq-strength"": ""1.8"", ""b-adapt"": ""2"", ""bframes"": ""7"", ""crf"": ""22.0"", ""ctu"": ""32"", ""keyint"": ""333"", ""limit-refs"": ""3"", ""limit-tu"": ""0"", ""me"": ""umh"", ""merange"": ""48"", ""open-gop"": ""0"", ""psy-rd"": ""3.5"", ""psy-rdoq"": ""0.5"", ""qcomp"": ""1.0"", ""qpmax"": ""48"", ""qpmin"": ""12"", ""rc-lookahead"": ""59"", ""rd"": ""6"", ""rdoq-level"": ""2"", ""rect"": ""1"", ""ref"": ""3"", ""rskip"": ""1"", ""sao"": ""1"", ""scenecut"": ""94"", ""subme"": ""3"", ""tu-inter-depth"": ""3"", ""tu-intra-depth"": ""4"", ""weightb"": ""1"", ""weightp"": ""1"", ""wpp"": ""0""}"
x265,hebo,7303,plain,false,72,8.64,22.35,8.64,22.689223051071167,"['Standard', '320p', 30, '10s']",0.0,22.689121961593628,0.0,"{""amp"": ""0"", ""aq-mode"": ""3"", ""aq-strength"": ""1.0"", ""b-adapt"": ""2"", ""bframes"": ""2"", ""crf"": ""18.0"", ""ctu"": ""32"", ""keyint"": ""408"", ""limit-refs"": ""1"", ""limit-tu"": ""4"", ""me"": ""umh"", ""merange"": ""21"", ""open-gop"": ""1"", ""psy-rd"": ""3.5"", ""psy-rdoq"": ""2.5"", ""qcomp"": ""1.0"", ""qpmax"": ""36"", ""qpmin"": ""8"", ""rc-lookahead"": ""28"", ""rd"": ""4"", ""rdoq-level"": ""0"", ""rect"": ""1"", ""ref"": ""6"", ""rskip"": ""0"", ""sao"": ""0"", ""scenecut"": ""20"", ""subme"": ""5"", ""tu-inter-depth"": ""2"", ""tu-intra-depth"": ""4"", ""weightb"": ""1"", ""weightp"": ""1"", ""wpp"": ""0""}"
x265,hebo,7303,plain,false,73,81.13,3.58,81.13,3.904987096786499,"['Standard', '320p', 30, '10s']",0.0,3.904891014099121,0.0,"{""amp"": ""0"", ""aq-mode"": ""0"", ""aq-strength"": ""2.0"", ""b-adapt"": ""0"", ""bframes"": ""3"", ""crf"": ""25.0"", ""ctu"": ""16"", ""keyint"": ""279"", ""limit-refs"": ""3"", ""limit-tu"": ""1"", ""me"": ""umh"", ""merange"": ""29"", ""open-gop"": ""1"", ""psy-rd"": ""1.5"", ""psy-rdoq"": ""4.0"", ""qcomp"": ""0.6"", ""qpmax"": ""32"", ""qpmin"": ""5"", ""rc-lookahead"": ""22"", ""rd"": ""1"", ""rdoq-level"": ""0"", ""rect"": ""0"", ""ref"": ""1"", ""rskip"": ""0"", ""sao"": ""0"", ""scenecut"": ""53"", ""subme"": ""2"", ""tu-inter-depth"": ""1"", ""tu-intra-depth"": ""1"", ""weightb"": ""0"", ""weightp"": ""0"", ""wpp"": ""1""}"
x265,hebo,7303,plain,false,74,34.39,7.77,34.39,8.384129524230957,"['Standard', '320p', 30, '10s']",0.0,8.38396406173706,0.0,"{""amp"": ""0"", ""aq-mode"": ""2"", ""aq-strength"": ""1.8"", ""b-adapt"": ""0"", ""bframes"": ""3"", ""crf"": ""22.0"", ""ctu"": ""32"", ""keyint"": ""197"", ""limit-refs"": ""1"", ""limit-tu"": ""0"", ""me"": ""star"", ""merange"": ""45"", ""open-gop"": ""1"", ""psy-rd"": ""3.0"", ""psy-rdoq"": ""2.5"", ""qcomp"": ""0.5"", ""qpmax"": ""34"", ""qpmin"": ""18"", ""rc-lookahead"": ""37"", ""rd"": ""3"", ""rdoq-level"": ""0"", ""rect"": ""1"", ""ref"": ""3"", ""rskip"": ""1"", ""sao"": ""0"", ""scenecut"": ""27"", ""subme"": ""3"", ""tu-inter-depth"": ""3"", ""tu-intra-depth"": ""3"", ""weightb"": ""1"", ""weightp"": ""0"", ""wpp"": ""1""}"
x265,hebo,7303,plain,false,75,7.89,23.63,7.89,23.960028886795044,"['Standard', '320p', 30, '10s']",0.0,23.95992875099182,0.0,"{""amp"": ""1"", ""aq-mode"": ""4"", ""aq-strength"": ""1.0"", ""b-adapt"": ""0"", ""bframes"": ""6"", ""crf"": ""28.0"", ""ctu"": ""32"", ""keyint"": ""284"", ""limit-refs"": ""1"", ""limit-tu"": ""2"", ""me"": ""dia"", ""merange"": ""30"", ""open-gop"": ""1"", ""psy-rd"": ""1.5"", ""psy-rdoq"": ""3.5"", ""qcomp"": ""0.9"", ""qpmax"": ""28"", ""qpmin"": ""1"", ""rc-lookahead"": ""36"", ""rd"": ""6"", ""rdoq-level"": ""0"", ""rect"": ""1"", ""ref"": ""6"", ""rskip"": ""1"", ""sao"": ""1"", ""scenecut"": ""4"", ""subme"": ""4"", ""tu-inter-depth"": ""3"", ""tu-intra-depth"": ""4"", ""weightb"": ""0"", ""weightp"": ""0"", ""wpp"": ""1""}"
x265,hebo,7303,plain,false,76,65.87,4.34,65.87,4.6762213706970215,"['Standard', '320p', 30, '10s']",0.0,4.676115989685059,0.0,"{""amp"": ""0"", ""aq-mode"": ""4"", ""aq-strength"": ""1.5"", ""b-adapt"": ""0"", ""bframes"": ""1"", ""crf"": ""25.0"", ""ctu"": ""64"", ""keyint"": ""182"", ""limit-refs"": ""3"", ""limit-tu"": ""0"", ""me"": ""star"", ""merange"": ""27"", ""open-gop"": ""0"", ""psy-rd"": ""0.5"", ""psy-rdoq"": ""1.0"", ""qcomp"": ""0.8"", ""qpmax"": ""49"", ""qpmin"": ""10"", ""rc-lookahead"": ""23"", ""rd"": ""1"", ""rdoq-level"": ""0"", ""rect"": ""1"", ""ref"": ""6"", ""rskip"": ""1"", ""sao"": ""0"", ""scenecut"": ""10"", ""subme"": ""1"", ""tu-inter-depth"": ""3"", ""tu-intra-depth"": ""1"", ""weightb"": ""1"", ""weightp"": ""1"", ""wpp"": ""1""}"
x265,hebo,7303,plain,false,77,89.09,3.29,89.09,3.6180009841918945,"['Standard', '320p', 30, '10s']",0.0,3.6179006099700928,0.0,"{""amp"": ""0"", ""aq-mode"": ""1"", ""aq-strength"": ""2.0"", ""b-adapt"": ""0"", ""bframes"": ""7"", ""crf"": ""30.0"", ""ctu"": ""64"", ""keyint"": ""318"", ""limit-refs"": ""2"", ""limit-tu"": ""3"", ""me"": ""umh"", ""merange"": ""30"", ""open-gop"": ""0"", ""psy-rd"": ""1.5"", ""psy-rdoq"": ""0.0"", ""qcomp"": ""0.9"", ""qpmax"": ""41"", ""qpmin"": ""10"", ""rc-lookahead"": ""32"", ""rd"": ""3"", ""rdoq-level"": ""2"", ""rect"": ""1"", ""ref"": ""6"", ""rskip"": ""1"", ""sao"": ""1"", ""scenecut"": ""8"", ""subme"": ""1"", ""tu-inter-depth"": ""4"", ""tu-intra-depth"": ""2"", ""weightb"": ""0"", ""weightp"": ""0"", ""wpp"": ""1""}"
x265,hebo,7303,plain,false,78,33.40,7.97,33.40,8.298553466796875,"['Standard', '320p', 30, '10s']",0.0,8.298436880111694,0.0,"{""amp"": ""0"", ""aq-mode"": ""2"", ""aq-strength"": ""0.5"", ""b-adapt"": ""0"", ""bframes"": ""3"", ""crf"": ""20.0"", ""ctu"": ""16"", ""keyint"": ""326"", ""limit-refs"": ""1"", ""limit-tu"": ""2"", ""me"": ""dia"", ""merange"": ""57"", ""open-gop"": ""1"", ""psy-rd"": ""1.5"", ""psy-rdoq"": ""2.5"", ""qcomp"": ""0.8"", ""qpmax"": ""44"", ""qpmin"": ""5"", ""rc-lookahead"": ""38"", ""rd"": ""4"", ""rdoq-level"": ""0"", ""rect"": ""1"", ""ref"": ""2"", ""rskip"": ""1"", ""sao"": ""1"", ""scenecut"": ""41"", ""subme"": ""4"", ""tu-inter-depth"": ""3"", ""tu-intra-depth"": ""1"", ""weightb"": ""0"", ""weightp"": ""1"", ""wpp"": ""0""}"
x265,hebo,7303,plain,false,79,40.86,6.68,40.86,7.009249687194824,"['Standard', '320p', 30, '10s']",0.0,7.009148359298706,0.0,"{""amp"": ""1"", ""aq-mode"": ""1"", ""aq-strength"": ""0.5"", ""b-adapt"": ""1"", ""bframes"": ""1"", ""crf"": ""22.0"", ""ctu"": ""16"", ""keyint"": ""494"", ""limit-refs"": ""2"", ""limit-tu"": ""1"", ""me"": ""dia"", ""merange"": ""35"", ""open-gop"": ""1"", ""psy-rd"": ""3.5"", ""psy-rdoq"": ""2.0"", ""qcomp"": ""1.0"", ""qpmax"": ""48"", ""qpmin"": ""9"", ""rc-lookahead"": ""18"", ""rd"": ""4"", ""rdoq-level"": ""2"", ""rect"": ""0"", ""ref"": ""6"", ""rskip"": ""1"", ""sao"": ""0"", ""scenecut"": ""80"", ""subme"": ""2"", ""tu-inter-depth"": ""1"", ""tu-intra-depth"": ""3"", ""weightb"": ""1"", ""weightp"": ""1"", ""wpp"": ""0""}"
x265,hebo,7303,plain,false,80,20.63,11.91,20.63,12.24704384803772,"['Standard', '320p', 30, '10s']",0.0,12.246939182281494,0.0,"{""amp"": ""0"", ""aq-mode"": ""0"", ""aq-strength"": ""2.0"", ""b-adapt"": ""0"", ""bframes"": ""2"", ""crf"": ""18.0"", ""ctu"": ""32"", ""keyint"": ""264"", ""limit-refs"": ""3"", ""limit-tu"": ""1"", ""me"": ""dia"", ""merange"": ""41"", ""open-gop"": ""1"", ""psy-rd"": ""2.5"", ""psy-rdoq"": ""4.5"", ""qcomp"": ""0.6"", ""qpmax"": ""48"", ""qpmin"": ""9"", ""rc-lookahead"": ""46"", ""rd"": ""4"", ""rdoq-level"": ""1"", ""rect"": ""0"", ""ref"": ""1"", ""rskip"": ""0"", ""sao"": ""1"", ""scenecut"": ""56"", ""subme"": ""1"", ""tu-inter-depth"": ""3"", ""tu-intra-depth"": ""2"", ""weightb"": ""1"", ""weightp"": ""0"", ""wpp"": ""0""}"
x265,hebo,7303,plain,false,81,15.34,15.0,15.34,15.333340167999268,"['Standard', '320p', 30, '10s']",0.0,15.333241939544678,0.0,"{""amp"": ""1"", ""aq-mode"": ""3"", ""aq-strength"": ""0.5"", ""b-adapt"": ""0"", ""bframes"": ""6"", ""crf"": ""18.0"", ""ctu"": ""32"", ""keyint"": ""135"", ""limit-refs"": ""1"", ""limit-tu"": ""4"", ""me"": ""hex"", ""merange"": ""26"", ""open-gop"": ""1"", ""psy-rd"": ""2.5"", ""psy-rdoq"": ""4.0"", ""qcomp"": ""0.5"", ""qpmax"": ""39"", ""qpmin"": ""4"", ""rc-lookahead"": ""21"", ""rd"": ""5"", ""rdoq-level"": ""0"", ""rect"": ""0"", ""ref"": ""3"", ""rskip"": ""0"", ""sao"": ""0"", ""scenecut"": ""72"", ""subme"": ""1"", ""tu-inter-depth"": ""3"", ""tu-intra-depth"": ""2"", ""weightb"": ""0"", ""weightp"": ""0"", ""wpp"": ""0""}"
x265,hebo,7303,plain,false,82,44.65,6.18,44.65,6.506015062332153,"['Standard', '320p', 30, '10s']",0.0,6.505918502807617,0.0,"{""amp"": ""1"", ""aq-mode"": ""4"", ""aq-strength"": ""1.5"", ""b-adapt"": ""1"", ""bframes"": ""3"", ""crf"": ""32.0"", ""ctu"": ""16"", ""keyint"": ""142"", ""limit-refs"": ""0"", ""limit-tu"": ""2"", ""me"": ""star"", ""merange"": ""33"", ""open-gop"": ""0"", ""psy-rd"": ""2.0"", ""psy-rdoq"": ""4.0"", ""qcomp"": ""0.8"", ""qpmax"": ""28"", ""qpmin"": ""10"", ""rc-lookahead"": ""49"", ""rd"": ""1"", ""rdoq-level"": ""2"", ""rect"": ""0"", ""ref"": ""3"", ""rskip"": ""1"", ""sao"": ""0"", ""scenecut"": ""30"", ""subme"": ""5"", ""tu-inter-depth"": ""3"", ""tu-intra-depth"": ""3"", ""weightb"": ""1"", ""weightp"": ""0"", ""wpp"": ""0""}"
x265,hebo,7303,plain,false,83,27.14,9.51,27.14,9.837100267410278,"['Standard', '320p', 30, '10s']",0.0,9.836999416351318,0.0,"{""amp"": ""1"", ""aq-mode"": ""0"", ""aq-strength"": ""0.5"", ""b-adapt"": ""0"", ""bframes"": ""0"", ""crf"": ""22.0"", ""ctu"": ""32"", ""keyint"": ""27"", ""limit-refs"": ""3"", ""limit-tu"": ""4"", ""me"": ""dia"", ""merange"": ""20"", ""open-gop"": ""0"", ""psy-rd"": ""1.5"", ""psy-rdoq"": ""3.0"", ""qcomp"": ""0.9"", ""qpmax"": ""24"", ""qpmin"": ""11"", ""rc-lookahead"": ""10"", ""rd"": ""3"", ""rdoq-level"": ""2"", ""rect"": ""0"", ""ref"": ""3"", ""rskip"": ""0"", ""sao"": ""0"", ""scenecut"": ""32"", ""subme"": ""2"", ""tu-inter-depth"": ""1"", ""tu-intra-depth"": ""1"", ""weightb"": ""0"", ""weightp"": ""1"", ""wpp"": ""1""}"
x265,hebo,7303,plain,false,84,83.90,3.47,83.90,3.80371356010437,"['Standard', '320p', 30, '10s']",0.0,3.8036184310913086,0.0,"{""amp"": ""0"", ""aq-mode"": ""0"", ""aq-strength"": ""2.0"", ""b-adapt"": ""0"", ""bframes"": ""1"", ""crf"": ""28.0"", ""ctu"": ""16"", ""keyint"": ""296"", ""limit-refs"": ""3"", ""limit-tu"": ""2"", ""me"": ""dia"", ""merange"": ""28"", ""open-gop"": ""0"", ""psy-rd"": ""1.5"", ""psy-rdoq"": ""0.5"", ""qcomp"": ""0.7"", ""qpmax"": ""26"", ""qpmin"": ""8"", ""rc-lookahead"": ""21"", ""rd"": ""1"", ""rdoq-level"": ""0"", ""rect"": ""1"", ""ref"": ""4"", ""rskip"": ""1"", ""sao"": ""0"", ""scenecut"": ""51"", ""subme"": ""2"", ""tu-inter-depth"": ""2"", ""tu-intra-depth"": ""1"", ""weightb"": ""1"", ""weightp"": ""1"", ""wpp"": ""1""}"
x265,hebo,7303,plain,false,85,-2.21,108.97,-2.21,109.2912654876709,"['Standard', '320p', 30, '10s']",0.0,109.29115152359009,0.0,"{""amp"": ""1"", ""aq-mode"": ""2"", ""aq-strength"": ""2.0"", ""b-adapt"": ""2"", ""bframes"": ""7"", ""crf"": ""30.0"", ""ctu"": ""32"", ""keyint"": ""406"", ""limit-refs"": ""0"", ""limit-tu"": ""0"", ""me"": ""full"", ""merange"": ""52"", ""open-gop"": ""1"", ""psy-rd"": ""1.0"", ""psy-rdoq"": ""2.5"", ""qcomp"": ""0.8"", ""qpmax"": ""44"", ""qpmin"": ""5"", ""rc-lookahead"": ""37"", ""rd"": ""6"", ""rdoq-level"": ""2"", ""rect"": ""0"", ""ref"": ""1"", ""rskip"": ""0"", ""sao"": ""1"", ""scenecut"": ""45"", ""subme"": ""3"", ""tu-inter-depth"": ""2"", ""tu-intra-depth"": ""4"", ""weightb"": ""1"", ""weightp"": ""1"", ""wpp"": ""1""}"
x265,hebo,7303,plain,false,86,10.68,19.45,10.68,19.786125898361206,"['Standard', '320p', 30, '10s']",0.0,19.78601908683777,0.0,"{""amp"": ""0"", ""aq-mode"": ""3"", ""aq-strength"": ""2.0"", ""b-adapt"": ""1"", ""bframes"": ""7"", ""crf"": ""30.0"", ""ctu"": ""64"", ""keyint"": ""100"", ""limit-refs"": ""1"", ""limit-tu"": ""3"", ""me"": ""star"", ""merange"": ""19"", ""open-gop"": ""0"", ""psy-rd"": ""2.0"", ""psy-rdoq"": ""4.0"", ""qcomp"": ""0.75"", ""qpmax"": ""43"", ""qpmin"": ""2"", ""rc-lookahead"": ""35"", ""rd"": ""6"", ""rdoq-level"": ""0"", ""rect"": ""1"", ""ref"": ""6"", ""rskip"": ""0"", ""sao"": ""0"", ""scenecut"": ""30"", ""subme"": ""1"", ""tu-inter-depth"": ""4"", ""tu-intra-depth"": ""3"", ""weightb"": ""0"", ""weightp"": ""0"", ""wpp"": ""0""}"
x265,hebo,7303,plain,false,87,110.27,2.69,110.27,3.012138605117798,"['Standard', '320p', 30, '10s']",0.0,3.0120368003845215,0.0,"{""amp"": ""0"", ""aq-mode"": ""2"", ""aq-strength"": ""1.2"", ""b-adapt"": ""1"", ""bframes"": ""6"", ""crf"": ""32.0"", ""ctu"": ""16"", ""keyint"": ""168"", ""limit-refs"": ""2"", ""limit-tu"": ""1"", ""me"": ""star"", ""merange"": ""25"", ""open-gop"": ""1"", ""psy-rd"": ""1.5"", ""psy-rdoq"": ""0.0"", ""qcomp"": ""0.6"", ""qpmax"": ""44"", ""qpmin"": ""18"", ""rc-lookahead"": ""14"", ""rd"": ""2"", ""rdoq-level"": ""2"", ""rect"": ""0"", ""ref"": ""6"", ""rskip"": ""1"", ""sao"": ""1"", ""scenecut"": ""65"", ""subme"": ""2"", ""tu-inter-depth"": ""2"", ""tu-intra-depth"": ""3"", ""weightb"": ""0"", ""weightp"": ""1"", ""wpp"": ""1""}"
x265,hebo,7303,plain,false,88,13.46,16.52,13.46,16.84563374519348,"['Standard', '320p', 30, '10s']",0.0,16.84551215171814,0.0,"{""amp"": ""1"", ""aq-mode"": ""3"", ""aq-strength"": ""0.5"", ""b-adapt"": ""2"", ""bframes"": ""5"", ""crf"": ""20.0"", ""ctu"": ""32"", ""keyint"": ""212"", ""limit-refs"": ""1"", ""limit-tu"": ""0"", ""me"": ""dia"", ""merange"": ""40"", ""open-gop"": ""0"", ""psy-rd"": ""0.0"", ""psy-rdoq"": ""1.0"", ""qcomp"": ""0.9"", ""qpmax"": ""23"", ""qpmin"": ""9"", ""rc-lookahead"": ""26"", ""rd"": ""4"", ""rdoq-level"": ""1"", ""rect"": ""1"", ""ref"": ""5"", ""rskip"": ""0"", ""sao"": ""0"", ""scenecut"": ""92"", ""subme"": ""2"", ""tu-inter-depth"": ""2"", ""tu-intra-depth"": ""1"", ""weightb"": ""0"", ""weightp"": ""0"", ""wpp"": ""1""}"
x265,hebo,7303,plain,false,89,56.60,4.99,56.60,5.315910577774048,"['Standard', '320p', 30, '10s']",0.0,5.31579852104187,0.0,"{""amp"": ""1"", ""aq-mode"": ""3"", ""aq-strength"": ""1.8"", ""b-adapt"": ""2"", ""bframes"": ""3"", ""crf"": ""25.0"", ""ctu"": ""32"", ""keyint"": ""367"", ""limit-refs"": ""1"", ""limit-tu"": ""4"", ""me"": ""hex"", ""merange"": ""37"", ""open-gop"": ""1"", ""psy-rd"": ""0.5"", ""psy-rdoq"": ""3.5"", ""qcomp"": ""0.8"", ""qpmax"": ""49"", ""qpmin"": ""4"", ""rc-lookahead"": ""36"", ""rd"": ""1"", ""rdoq-level"": ""2"", ""rect"": ""1"", ""ref"": ""1"", ""rskip"": ""0"", ""sao"": ""1"", ""scenecut"": ""62"", ""subme"": ""3"", ""tu-inter-depth"": ""4"", ""tu-intra-depth"": ""2"", ""weightb"": ""1"", ""weightp"": ""0"", ""wpp"": ""0""}"
x265,hebo,7303,plain,false,90,10.42,19.78,10.42,20.101019620895386,"['Standard', '320p', 30, '10s']",0.0,20.100921392440796,0.0,"{""amp"": ""0"", ""aq-mode"": ""3"", ""aq-strength"": ""2.0"", ""b-adapt"": ""2"", ""bframes"": ""4"", ""crf"": ""28.0"", ""ctu"": ""32"", ""keyint"": ""103"", ""limit-refs"": ""0"", ""limit-tu"": ""2"", ""me"": ""full"", ""merange"": ""46"", ""open-gop"": ""1"", ""psy-rd"": ""1.0"", ""psy-rdoq"": ""2.0"", ""qcomp"": ""0.9"", ""qpmax"": ""32"", ""qpmin"": ""0"", ""rc-lookahead"": ""47"", ""rd"": ""3"", ""rdoq-level"": ""1"", ""rect"": ""0"", ""ref"": ""5"", ""rskip"": ""1"", ""sao"": ""0"", ""scenecut"": ""21"", ""subme"": ""2"", ""tu-inter-depth"": ""1"", ""tu-intra-depth"": ""2"", ""weightb"": ""0"", ""weightp"": ""0"", ""wpp"": ""0""}"
x265,hebo,7303,plain,false,91,31.55,8.37,31.55,8.677046060562134,"['Standard', '320p', 30, '10s']",0.0,8.676931858062744,0.0,"{""amp"": ""0"", ""aq-mode"": ""3"", ""aq-strength"": ""2.0"", ""b-adapt"": ""0"", ""bframes"": ""3"", ""crf"": ""32.0"", ""ctu"": ""64"", ""keyint"": ""59"", ""limit-refs"": ""2"", ""limit-tu"": ""1"", ""me"": ""star"", ""merange"": ""29"", ""open-gop"": ""0"", ""psy-rd"": ""2.0"", ""psy-rdoq"": ""3.5"", ""qcomp"": ""0.5"", ""qpmax"": ""30"", ""qpmin"": ""10"", ""rc-lookahead"": ""33"", ""rd"": ""1"", ""rdoq-level"": ""1"", ""rect"": ""0"", ""ref"": ""5"", ""rskip"": ""0"", ""sao"": ""0"", ""scenecut"": ""99"", ""subme"": ""4"", ""tu-inter-depth"": ""3"", ""tu-intra-depth"": ""1"", ""weightb"": ""0"", ""weightp"": ""1"", ""wpp"": ""1""}"
x265,hebo,7303,plain,false,92,44.55,6.24,44.55,6.792136907577515,"['Standard', '320p', 30, '10s']",0.0,6.792032480239868,0.0,"{""amp"": ""1"", ""aq-mode"": ""3"", ""aq-strength"": ""1.5"", ""b-adapt"": ""0"", ""bframes"": ""2"", ""crf"": ""28.0"", ""ctu"": ""64"", ""keyint"": ""42"", ""limit-refs"": ""3"", ""limit-tu"": ""1"", ""me"": ""star"", ""merange"": ""59"", ""open-gop"": ""0"", ""psy-rd"": ""0.0"", ""psy-rdoq"": ""4.5"", ""qcomp"": ""0.6"", ""qpmax"": ""49"", ""qpmin"": ""19"", ""rc-lookahead"": ""57"", ""rd"": ""1"", ""rdoq-level"": ""2"", ""rect"": ""0"", ""ref"": ""5"", ""rskip"": ""0"", ""sao"": ""1"", ""scenecut"": ""38"", ""subme"": ""2"", ""tu-inter-depth"": ""4"", ""tu-intra-depth"": ""4"", ""weightb"": ""0"", ""weightp"": ""0"", ""wpp"": ""1""}"
x265,hebo,7303,plain,false,93,5.01,30.42,5.01,30.825860261917114,"['Standard', '320p', 30, '10s']",0.0,30.82570719718933,0.0,"{""amp"": ""1"", ""aq-mode"": ""0"", ""aq-strength"": ""1.2"", ""b-adapt"": ""1"", ""bframes"": ""5"", ""crf"": ""18.0"", ""ctu"": ""64"", ""keyint"": ""162"", ""limit-refs"": ""0"", ""limit-tu"": ""1"", ""me"": ""star"", ""merange"": ""62"", ""open-gop"": ""1"", ""psy-rd"": ""0.5"", ""psy-rdoq"": ""0.0"", ""qcomp"": ""0.7"", ""qpmax"": ""35"", ""qpmin"": ""19"", ""rc-lookahead"": ""52"", ""rd"": ""4"", ""rdoq-level"": ""0"", ""rect"": ""1"", ""ref"": ""5"", ""rskip"": ""1"", ""sao"": ""1"", ""scenecut"": ""7"", ""subme"": ""5"", ""tu-inter-depth"": ""4"", ""tu-intra-depth"": ""2"", ""weightb"": ""0"", ""weightp"": ""0"", ""wpp"": ""1""}"
x265,hebo,7303,plain,false,94,6.18,27.25,6.18,27.590967655181885,"['Standard', '320p', 30, '10s']",0.0,27.590866565704346,0.0,"{""amp"": ""0"", ""aq-mode"": ""3"", ""aq-strength"": ""0.0"", ""b-adapt"": ""1"", ""bframes"": ""4"", ""crf"": ""20.0"", ""ctu"": ""64"", ""keyint"": ""128"", ""limit-refs"": ""1"", ""limit-tu"": ""0"", ""me"": ""star"", ""merange"": ""62"", ""open-gop"": ""0"", ""psy-rd"": ""2.5"", ""psy-rdoq"": ""1.5"", ""qcomp"": ""0.9"", ""qpmax"": ""40"", ""qpmin"": ""11"", ""rc-lookahead"": ""17"", ""rd"": ""6"", ""rdoq-level"": ""0"", ""rect"": ""0"", ""ref"": ""4"", ""rskip"": ""0"", ""sao"": ""0"", ""scenecut"": ""75"", ""subme"": ""4"", ""tu-inter-depth"": ""2"", ""tu-intra-depth"": ""3"", ""weightb"": ""0"", ""weightp"": ""1"", ""wpp"": ""1""}"
x265,hebo,7303,plain,false,95,4.63,31.63,4.63,31.964767456054688,"['Standard', '320p', 30, '10s']",0.0,31.964662075042725,0.0,"{""amp"": ""1"", ""aq-mode"": ""1"", ""aq-strength"": ""0.0"", ""b-adapt"": ""0"", ""bframes"": ""8"", ""crf"": ""22.0"", ""ctu"": ""16"", ""keyint"": ""239"", ""limit-refs"": ""2"", ""limit-tu"": ""0"", ""me"": ""star"", ""merange"": ""27"", ""open-gop"": ""1"", ""psy-rd"": ""2.0"", ""psy-rdoq"": ""3.5"", ""qcomp"": ""0.6"", ""qpmax"": ""23"", ""qpmin"": ""11"", ""rc-lookahead"": ""16"", ""rd"": ""5"", ""rdoq-level"": ""0"", ""rect"": ""1"", ""ref"": ""5"", ""rskip"": ""0"", ""sao"": ""1"", ""scenecut"": ""66"", ""subme"": ""4"", ""tu-inter-depth"": ""3"", ""tu-intra-depth"": ""1"", ""weightb"": ""1"", ""weightp"": ""0"", ""wpp"": ""0""}"
x265,hebo,7303,plain,false,96,66.77,4.29,66.77,4.632559776306152,"['Standard', '320p', 30, '10s']",0.0,4.6324474811553955,0.0,"{""amp"": ""1"", ""aq-mode"": ""3"", ""aq-strength"": ""2.0"", ""b-adapt"": ""1"", ""bframes"": ""1"", ""crf"": ""20.0"", ""ctu"": ""16"", ""keyint"": ""154"", ""limit-refs"": ""0"", ""limit-tu"": ""0"", ""me"": ""hex"", ""merange"": ""61"", ""open-gop"": ""0"", ""psy-rd"": ""2.5"", ""psy-rdoq"": ""5.0"", ""qcomp"": ""0.5"", ""qpmax"": ""35"", ""qpmin"": ""12"", ""rc-lookahead"": ""24"", ""rd"": ""1"", ""rdoq-level"": ""1"", ""rect"": ""0"", ""ref"": ""3"", ""rskip"": ""1"", ""sao"": ""0"", ""scenecut"": ""19"", ""subme"": ""2"", ""tu-inter-depth"": ""1"", ""tu-intra-depth"": ""2"", ""weightb"": ""0"", ""weightp"": ""1"", ""wpp"": ""0""}"
x265,hebo,7303,plain,false,97,8.12,23.22,8.12,23.54280710220337,"['Standard', '320p', 30, '10s']",0.0,23.54270362854004,0.0,"{""amp"": ""1"", ""aq-mode"": ""4"", ""aq-strength"": ""1.5"", ""b-adapt"": ""2"", ""bframes"": ""3"", ""crf"": ""18.0"", ""ctu"": ""64"", ""keyint"": ""67"", ""limit-refs"": ""2"", ""limit-tu"": ""1"", ""me"": ""dia"", ""merange"": ""23"", ""open-gop"": ""0"", ""psy-rd"": ""0.5"", ""psy-rdoq"": ""2.0"", ""qcomp"": ""0.6"", ""qpmax"": ""27"", ""qpmin"": ""10"", ""rc-lookahead"": ""44"", ""rd"": ""5"", ""rdoq-level"": ""1"", ""rect"": ""0"", ""ref"": ""2"", ""rskip"": ""0"", ""sao"": ""1"", ""scenecut"": ""13"", ""subme"": ""1"", ""tu-inter-depth"": ""1"", ""tu-intra-depth"": ""1"", ""weightb"": ""0"", ""weightp"": ""0"", ""wpp"": ""1""}"
x265,hebo,7303,plain,false,98,72.17,3.99,72.17,4.313518047332764,"['Standard', '320p', 30, '10s']",0.0,4.3134167194366455,0.0,"{""amp"": ""1"", ""aq-mode"": ""1"", ""aq-strength"": ""0.8"", ""b-adapt"": ""1"", ""bframes"": ""2"", ""crf"": ""25.0"", ""ctu"": ""16"", ""keyint"": ""368"", ""limit-refs"": ""0"", ""limit-tu"": ""3"", ""me"": ""umh"", ""merange"": ""28"", ""open-gop"": ""0"", ""psy-rd"": ""4.0"", ""psy-rdoq"": ""5.0"", ""qcomp"": ""0.8"", ""qpmax"": ""49"", ""qpmin"": ""13"", ""rc-lookahead"": ""30"", ""rd"": ""1"", ""rdoq-level"": ""1"", ""rect"": ""1"", ""ref"": ""5"", ""rskip"": ""0"", ""sao"": ""0"", ""scenecut"": ""88"", ""subme"": ""3"", ""tu-inter-depth"": ""3"", ""tu-intra-depth"": ""1"", ""weightb"": ""1"", ""weightp"": ""1"", ""wpp"": ""1""}"
x265,hebo,7303,plain,false,99,78.86,3.68,78.86,3.984488010406494,"['Standard', '320p', 30, '10s']",0.0,3.9843924045562744,0.0,"{""amp"": ""1"", ""aq-mode"": ""4"", ""aq-strength"": ""1.5"", ""b-adapt"": ""2"", ""bframes"": ""6"", ""crf"": ""32.0"", ""ctu"": ""32"", ""keyint"": ""143"", ""limit-refs"": ""2"", ""limit-tu"": ""3"", ""me"": ""dia"", ""merange"": ""42"", ""open-gop"": ""1"", ""psy-rd"": ""4.0"", ""psy-rdoq"": ""2.0"", ""qcomp"": ""0.75"", ""qpmax"": ""50"", ""qpmin"": ""10"", ""rc-lookahead"": ""27"", ""rd"": ""2"", ""rdoq-level"": ""0"", ""rect"": ""0"", ""ref"": ""3"", ""rskip"": ""1"", ""sao"": ""0"", ""scenecut"": ""86"", ""subme"": ""2"", ""tu-inter-depth"": ""1"", ""tu-intra-depth"": ""4"", ""weightb"": ""1"", ""weightp"": ""1"", ""wpp"": ""1""}"
x265,hebo,7303,plain,false,100,18.58,12.95,18.58,13.278120279312134,"['Standard', '320p', 30, '10s']",0.0,13.27802062034607,0.0,"{""amp"": ""0"", ""aq-mode"": ""4"", ""aq-strength"": ""1.2"", ""b-adapt"": ""2"", ""bframes"": ""3"", ""crf"": ""32.0"", ""ctu"": ""64"", ""keyint"": ""202"", ""limit-refs"": ""1"", ""limit-tu"": ""2"", ""me"": ""dia"", ""merange"": ""38"", ""open-gop"": ""1"", ""psy-rd"": ""4.0"", ""psy-rdoq"": ""2.5"", ""qcomp"": ""0.8"", ""qpmax"": ""27"", ""qpmin"": ""5"", ""rc-lookahead"": ""46"", ""rd"": ""4"", ""rdoq-level"": ""1"", ""rect"": ""1"", ""ref"": ""5"", ""rskip"": ""1"", ""sao"": ""1"", ""scenecut"": ""2"", ""subme"": ""5"", ""tu-inter-depth"": ""2"", ""tu-intra-depth"": ""3"", ""weightb"": ""1"", ""weightp"": ""0"", ""wpp"": ""1""}"
x265,hebo,7303,plain,false,101,33.13,8.03,33.13,8.360941886901855,"['Standard', '320p', 30, '10s']",0.0,8.360847234725952,0.0,"{""amp"": ""0"", ""aq-mode"": ""3"", ""aq-strength"": ""2.0"", ""b-adapt"": ""2"", ""bframes"": ""3"", ""crf"": ""32.0"", ""ctu"": ""64"", ""keyint"": ""170"", ""limit-refs"": ""0"", ""limit-tu"": ""1"", ""me"": ""star"", ""merange"": ""46"", ""open-gop"": ""1"", ""psy-rd"": ""2.5"", ""psy-rdoq"": ""0.0"", ""qcomp"": ""1.0"", ""qpmax"": ""50"", ""qpmin"": ""14"", ""rc-lookahead"": ""12"", ""rd"": ""4"", ""rdoq-level"": ""2"", ""rect"": ""1"", ""ref"": ""3"", ""rskip"": ""0"", ""sao"": ""1"", ""scenecut"": ""65"", ""subme"": ""3"", ""tu-inter-depth"": ""3"", ""tu-intra-depth"": ""4"", ""weightb"": ""1"", ""weightp"": ""1"", ""wpp"": ""1""}"
x265,hebo,7303,plain,false,102,7.08,25.21,7.08,25.54321527481079,"['Standard', '320p', 30, '10s']",0.0,25.54311728477478,0.0,"{""amp"": ""1"", ""aq-mode"": ""1"", ""aq-strength"": ""1.8"", ""b-adapt"": ""1"", ""bframes"": ""4"", ""crf"": ""25.0"", ""ctu"": ""32"", ""keyint"": ""338"", ""limit-refs"": ""3"", ""limit-tu"": ""2"", ""me"": ""umh"", ""merange"": ""58"", ""open-gop"": ""0"", ""psy-rd"": ""1.5"", ""psy-rdoq"": ""1.0"", ""qcomp"": ""1.0"", ""qpmax"": ""25"", ""qpmin"": ""17"", ""rc-lookahead"": ""38"", ""rd"": ""5"", ""rdoq-level"": ""2"", ""rect"": ""0"", ""ref"": ""4"", ""rskip"": ""1"", ""sao"": ""1"", ""scenecut"": ""51"", ""subme"": ""1"", ""tu-inter-depth"": ""2"", ""tu-intra-depth"": ""3"", ""weightb"": ""0"", ""weightp"": ""1"", ""wpp"": ""0""}"
x265,hebo,7303,plain,false,103,65.65,4.35,65.65,4.689884185791016,"['Standard', '320p', 30, '10s']",0.0,4.689779996871948,0.0,"{""amp"": ""0"", ""aq-mode"": ""2"", ""aq-strength"": ""2.0"", ""b-adapt"": ""0"", ""bframes"": ""8"", ""crf"": ""22.0"", ""ctu"": ""32"", ""keyint"": ""306"", ""limit-refs"": ""2"", ""limit-tu"": ""0"", ""me"": ""umh"", ""merange"": ""50"", ""open-gop"": ""1"", ""psy-rd"": ""0.5"", ""psy-rdoq"": ""4.0"", ""qcomp"": ""0.6"", ""qpmax"": ""31"", ""qpmin"": ""15"", ""rc-lookahead"": ""21"", ""rd"": ""1"", ""rdoq-level"": ""0"", ""rect"": ""0"", ""ref"": ""1"", ""rskip"": ""0"", ""sao"": ""1"", ""scenecut"": ""26"", ""subme"": ""1"", ""tu-inter-depth"": ""2"", ""tu-intra-depth"": ""1"", ""weightb"": ""0"", ""weightp"": ""1"", ""wpp"": ""0""}"
x265,hebo,7303,plain,false,104,62.56,4.56,62.56,4.884251594543457,"['Standard', '320p', 30, '10s']",0.0,4.884144067764282,0.0,"{""amp"": ""0"", ""aq-mode"": ""0"", ""aq-strength"": ""1.0"", ""b-adapt"": ""2"", ""bframes"": ""7"", ""crf"": ""32.0"", ""ctu"": ""64"", ""keyint"": ""111"", ""limit-refs"": ""0"", ""limit-tu"": ""3"", ""me"": ""star"", ""merange"": ""34"", ""open-gop"": ""0"", ""psy-rd"": ""0.5"", ""psy-rdoq"": ""5.0"", ""qcomp"": ""0.75"", ""qpmax"": ""39"", ""qpmin"": ""3"", ""rc-lookahead"": ""59"", ""rd"": ""4"", ""rdoq-level"": ""0"", ""rect"": ""0"", ""ref"": ""6"", ""rskip"": ""1"", ""sao"": ""1"", ""scenecut"": ""73"", ""subme"": ""5"", ""tu-inter-depth"": ""3"", ""tu-intra-depth"": ""4"", ""weightb"": ""1"", ""weightp"": ""1"", ""wpp"": ""1""}"
x265,hebo,7303,plain,false,105,9.67,20.81,9.67,21.366183519363403,"['Standard', '320p', 30, '10s']",0.0,21.366076946258545,0.0,"{""amp"": ""1"", ""aq-mode"": ""3"", ""aq-strength"": ""0.5"", ""b-adapt"": ""0"", ""bframes"": ""0"", ""crf"": ""28.0"", ""ctu"": ""64"", ""keyint"": ""141"", ""limit-refs"": ""0"", ""limit-tu"": ""2"", ""me"": ""dia"", ""merange"": ""37"", ""open-gop"": ""1"", ""psy-rd"": ""1.5"", ""psy-rdoq"": ""1.5"", ""qcomp"": ""1.0"", ""qpmax"": ""41"", ""qpmin"": ""11"", ""rc-lookahead"": ""11"", ""rd"": ""6"", ""rdoq-level"": ""0"", ""rect"": ""1"", ""ref"": ""1"", ""rskip"": ""0"", ""sao"": ""0"", ""scenecut"": ""9"", ""subme"": ""1"", ""tu-inter-depth"": ""1"", ""tu-intra-depth"": ""2"", ""weightb"": ""1"", ""weightp"": ""0"", ""wpp"": ""0""}"
x265,hebo,7303,plain,false,106,63.75,4.48,63.75,4.866780519485474,"['Standard', '320p', 30, '10s']",0.0,4.866633415222168,0.0,"{""amp"": ""0"", ""aq-mode"": ""1"", ""aq-strength"": ""1.0"", ""b-adapt"": ""1"", ""bframes"": ""2"", ""crf"": ""25.0"", ""ctu"": ""64"", ""keyint"": ""367"", ""limit-refs"": ""1"", ""limit-tu"": ""4"", ""me"": ""star"", ""merange"": ""25"", ""open-gop"": ""0"", ""psy-rd"": ""2.5"", ""psy-rdoq"": ""0.0"", ""qcomp"": ""0.6"", ""qpmax"": ""39"", ""qpmin"": ""17"", ""rc-lookahead"": ""37"", ""rd"": ""4"", ""rdoq-level"": ""2"", ""rect"": ""0"", ""ref"": ""3"", ""rskip"": ""1"", ""sao"": ""0"", ""scenecut"": ""4"", ""subme"": ""4"", ""tu-inter-depth"": ""4"", ""tu-intra-depth"": ""3"", ""weightb"": ""0"", ""weightp"": ""1"", ""wpp"": ""1""}"
x265,hebo,7303,plain,false,107,-1.87,97.33,-1.87,97.66200613975525,"['Standard', '320p', 30, '10s']",0.0,97.66189169883728,0.0,"{""amp"": ""1"", ""aq-mode"": ""1"", ""aq-strength"": ""1.5"", ""b-adapt"": ""1"", ""bframes"": ""6"", ""crf"": ""18.0"", ""ctu"": ""64"", ""keyint"": ""256"", ""limit-refs"": ""2"", ""limit-tu"": ""4"", ""me"": ""full"", ""merange"": ""37"", ""open-gop"": ""1"", ""psy-rd"": ""4.0"", ""psy-rdoq"": ""3.5"", ""qcomp"": ""1.0"", ""qpmax"": ""29"", ""qpmin"": ""12"", ""rc-lookahead"": ""51"", ""rd"": ""2"", ""rdoq-level"": ""0"", ""rect"": ""1"", ""ref"": ""6"", ""rskip"": ""0"", ""sao"": ""1"", ""scenecut"": ""39"", ""subme"": ""5"", ""tu-inter-depth"": ""3"", ""tu-intra-depth"": ""4"", ""weightb"": ""1"", ""weightp"": ""1"", ""wpp"": ""1""}"
x265,hebo,7303,plain,false,108,44.65,6.18,44.65,6.489739179611206,"['Standard', '320p', 30, '10s']",0.0,6.489636182785034,0.0,"{""amp"": ""1"", ""aq-mode"": ""3"", ""aq-strength"": ""2.0"", ""b-adapt"": ""1"", ""bframes"": ""8"", ""crf"": ""32.0"", ""ctu"": ""32"", ""keyint"": ""472"", ""limit-refs"": ""0"", ""limit-tu"": ""3"", ""me"": ""full"", ""merange"": ""27"", ""open-gop"": ""0"", ""psy-rd"": ""0.5"", ""psy-rdoq"": ""1.5"", ""qcomp"": ""0.9"", ""qpmax"": ""49"", ""qpmin"": ""1"", ""rc-lookahead"": ""30"", ""rd"": ""3"", ""rdoq-level"": ""1"", ""rect"": ""0"", ""ref"": ""5"", ""rskip"": ""1"", ""sao"": ""0"", ""scenecut"": ""27"", ""subme"": ""2"", ""tu-inter-depth"": ""1"", ""tu-intra-depth"": ""1"", ""weightb"": ""1"", ""weightp"": ""0"", ""wpp"": ""1""}"
x265,hebo,7303,plain,false,109,22.97,10.92,22.97,11.246424198150635,"['Standard', '320p', 30, '10s']",0.0,11.24633002281189,0.0,"{""amp"": ""1"", ""aq-mode"": ""2"", ""aq-strength"": ""2.0"", ""b-adapt"": ""0"", ""bframes"": ""3"", ""crf"": ""30.0"", ""ctu"": ""32"", ""keyint"": ""406"", ""limit-refs"": ""3"", ""limit-tu"": ""1"", ""me"": ""star"", ""merange"": ""50"", ""open-gop"": ""1"", ""psy-rd"": ""3.5"", ""psy-rdoq"": ""5.0"", ""qcomp"": ""0.9"", ""qpmax"": ""25"", ""qpmin"": ""20"", ""rc-lookahead"": ""10"", ""rd"": ""2"", ""rdoq-level"": ""2"", ""rect"": ""1"", ""ref"": ""1"", ""rskip"": ""0"", ""sao"": ""0"", ""scenecut"": ""23"", ""subme"": ""4"", ""tu-inter-depth"": ""2"", ""tu-intra-depth"": ""2"", ""weightb"": ""0"", ""weightp"": ""0"", ""wpp"": ""0""}"
x265,hebo,7303,plain,false,110,28.72,9.07,28.72,9.426558494567871,"['Standard', '320p', 30, '10s']",0.0,9.426445722579956,0.0,"{""amp"": ""0"", ""aq-mode"": ""1"", ""aq-strength"": ""1.2"", ""b-adapt"": ""2"", ""bframes"": ""4"", ""crf"": ""22.0"", ""ctu"": ""16"", ""keyint"": ""385"", ""limit-refs"": ""2"", ""limit-tu"": ""4"", ""me"": ""hex"", ""merange"": ""17"", ""open-gop"": ""0"", ""psy-rd"": ""3.0"", ""psy-rdoq"": ""3.0"", ""qcomp"": ""0.9"", ""qpmax"": ""45"", ""qpmin"": ""19"", ""rc-lookahead"": ""31"", ""rd"": ""4"", ""rdoq-level"": ""2"", ""rect"": ""1"", ""ref"": ""6"", ""rskip"": ""0"", ""sao"": ""0"", ""scenecut"": ""91"", ""subme"": ""5"", ""tu-inter-depth"": ""3"", ""tu-intra-depth"": ""3"", ""weightb"": ""0"", ""weightp"": ""1"", ""wpp"": ""0""}"
x265,hebo,7303,plain,false,111,15.00,15.26,15.00,15.580436944961548,"['Standard', '320p', 30, '10s']",0.0,15.58033561706543,0.0,"{""amp"": ""1"", ""aq-mode"": ""1"", ""aq-strength"": ""0.8"", ""b-adapt"": ""2"", ""bframes"": ""3"", ""crf"": ""22.0"", ""ctu"": ""16"", ""keyint"": ""105"", ""limit-refs"": ""3"", ""limit-tu"": ""0"", ""me"": ""star"", ""merange"": ""51"", ""open-gop"": ""1"", ""psy-rd"": ""0.5"", ""psy-rdoq"": ""3.0"", ""qcomp"": ""0.6"", ""qpmax"": ""39"", ""qpmin"": ""8"", ""rc-lookahead"": ""59"", ""rd"": ""5"", ""rdoq-level"": ""2"", ""rect"": ""0"", ""ref"": ""3"", ""rskip"": ""0"", ""sao"": ""1"", ""scenecut"": ""32"", ""subme"": ""2"", ""tu-inter-depth"": ""1"", ""tu-intra-depth"": ""3"", ""weightb"": ""1"", ""weightp"": ""1"", ""wpp"": ""0""}"
x265,hebo,7303,plain,false,112,12.55,17.37,12.55,17.706704139709473,"['Standard', '320p', 30, '10s']",0.0,17.706605195999146,0.0,"{""amp"": ""0"", ""aq-mode"": ""0"", ""aq-strength"": ""0.0"", ""b-adapt"": ""1"", ""bframes"": ""2"", ""crf"": ""28.0"", ""ctu"": ""32"", ""keyint"": ""454"", ""limit-refs"": ""1"", ""limit-tu"": ""3"", ""me"": ""dia"", ""merange"": ""35"", ""open-gop"": ""1"", ""psy-rd"": ""2.5"", ""psy-rdoq"": ""3.5"", ""qcomp"": ""0.75"", ""qpmax"": ""43"", ""qpmin"": ""12"", ""rc-lookahead"": ""18"", ""rd"": ""6"", ""rdoq-level"": ""2"", ""rect"": ""1"", ""ref"": ""2"", ""rskip"": ""0"", ""sao"": ""1"", ""scenecut"": ""45"", ""subme"": ""2"", ""tu-inter-depth"": ""4"", ""tu-intra-depth"": ""4"", ""weightb"": ""0"", ""weightp"": ""1"", ""wpp"": ""1""}"
x265,hebo,7303,plain,false,113,39.11,6.94,39.11,7.2732250690460205,"['Standard', '320p', 30, '10s']",0.0,7.273122310638428,0.0,"{""amp"": ""1"", ""aq-mode"": ""2"", ""aq-strength"": ""0.5"", ""b-adapt"": ""2"", ""bframes"": ""5"", ""crf"": ""28.0"", ""ctu"": ""16"", ""keyint"": ""371"", ""limit-refs"": ""1"", ""limit-tu"": ""1"", ""me"": ""hex"", ""merange"": ""48"", ""open-gop"": ""1"", ""psy-rd"": ""0.0"", ""psy-rdoq"": ""0.5"", ""qcomp"": ""0.9"", ""qpmax"": ""30"", ""qpmin"": ""10"", ""rc-lookahead"": ""30"", ""rd"": ""2"", ""rdoq-level"": ""1"", ""rect"": ""1"", ""ref"": ""4"", ""rskip"": ""0"", ""sao"": ""1"", ""scenecut"": ""92"", ""subme"": ""1"", ""tu-inter-depth"": ""3"", ""tu-intra-depth"": ""2"", ""weightb"": ""1"", ""weightp"": ""0"", ""wpp"": ""1""}"
x265,hebo,7303,plain,false,114,25.84,9.91,25.84,10.229368686676025,"['Standard', '320p', 30, '10s']",0.0,10.229264974594116,0.0,"{""amp"": ""0"", ""aq-mode"": ""2"", ""aq-strength"": ""2.0"", ""b-adapt"": ""1"", ""bframes"": ""0"", ""crf"": ""32.0"", ""ctu"": ""16"", ""keyint"": ""36"", ""limit-refs"": ""3"", ""limit-tu"": ""1"", ""me"": ""dia"", ""merange"": ""54"", ""open-gop"": ""0"", ""psy-rd"": ""0.0"", ""psy-rdoq"": ""2.0"", ""qcomp"": ""0.5"", ""qpmax"": ""47"", ""qpmin"": ""4"", ""rc-lookahead"": ""20"", ""rd"": ""5"", ""rdoq-level"": ""0"", ""rect"": ""1"", ""ref"": ""4"", ""rskip"": ""1"", ""sao"": ""0"", ""scenecut"": ""79"", ""subme"": ""4"", ""tu-inter-depth"": ""3"", ""tu-intra-depth"": ""1"", ""weightb"": ""1"", ""weightp"": ""1"", ""wpp"": ""1""}"
x265,hebo,7303,plain,false,115,14.92,15.32,14.92,15.653618335723877,"['Standard', '320p', 30, '10s']",0.0,15.653472900390625,0.0,"{""amp"": ""0"", ""aq-mode"": ""4"", ""aq-strength"": ""2.0"", ""b-adapt"": ""2"", ""bframes"": ""3"", ""crf"": ""20.0"", ""ctu"": ""16"", ""keyint"": ""492"", ""limit-refs"": ""0"", ""limit-tu"": ""1"", ""me"": ""dia"", ""merange"": ""22"", ""open-gop"": ""1"", ""psy-rd"": ""0.5"", ""psy-rdoq"": ""0.5"", ""qcomp"": ""0.6"", ""qpmax"": ""38"", ""qpmin"": ""4"", ""rc-lookahead"": ""26"", ""rd"": ""6"", ""rdoq-level"": ""0"", ""rect"": ""1"", ""ref"": ""5"", ""rskip"": ""1"", ""sao"": ""1"", ""scenecut"": ""60"", ""subme"": ""1"", ""tu-inter-depth"": ""2"", ""tu-intra-depth"": ""2"", ""weightb"": ""0"", ""weightp"": ""0"", ""wpp"": ""0""}"
x265,hebo,7303,plain,false,116,7.91,23.6,7.91,23.935510635375977,"['Standard', '320p', 30, '10s']",0.0,23.93541145324707,0.0,"{""amp"": ""1"", ""aq-mode"": ""1"", ""aq-strength"": ""0.8"", ""b-adapt"": ""1"", ""bframes"": ""1"", ""crf"": ""18.0"", ""ctu"": ""64"", ""keyint"": ""129"", ""limit-refs"": ""3"", ""limit-tu"": ""3"", ""me"": ""full"", ""merange"": ""17"", ""open-gop"": ""0"", ""psy-rd"": ""1.5"", ""psy-rdoq"": ""0.5"", ""qcomp"": ""0.6"", ""qpmax"": ""23"", ""qpmin"": ""3"", ""rc-lookahead"": ""42"", ""rd"": ""5"", ""rdoq-level"": ""0"", ""rect"": ""0"", ""ref"": ""2"", ""rskip"": ""1"", ""sao"": ""1"", ""scenecut"": ""89"", ""subme"": ""1"", ""tu-inter-depth"": ""2"", ""tu-intra-depth"": ""1"", ""weightb"": ""0"", ""weightp"": ""1"", ""wpp"": ""1""}"
x265,hebo,7303,plain,false,117,3.51,35.77,3.51,36.107274293899536,"['Standard', '320p', 30, '10s']",0.0,36.10716438293457,0.0,"{""amp"": ""0"", ""aq-mode"": ""1"", ""aq-strength"": ""1.5"", ""b-adapt"": ""1"", ""bframes"": ""8"", ""crf"": ""30.0"", ""ctu"": ""64"", ""keyint"": ""191"", ""limit-refs"": ""1"", ""limit-tu"": ""4"", ""me"": ""umh"", ""merange"": ""33"", ""open-gop"": ""1"", ""psy-rd"": ""0.5"", ""psy-rdoq"": ""1.0"", ""qcomp"": ""0.75"", ""qpmax"": ""26"", ""qpmin"": ""11"", ""rc-lookahead"": ""60"", ""rd"": ""5"", ""rdoq-level"": ""1"", ""rect"": ""1"", ""ref"": ""5"", ""rskip"": ""1"", ""sao"": ""1"", ""scenecut"": ""37"", ""subme"": ""4"", ""tu-inter-depth"": ""3"", ""tu-intra-depth"": ""2"", ""weightb"": ""1"", ""weightp"": ""1"", ""wpp"": ""0""}"
x265,hebo,7303,plain,false,118,154.62,1.96,154.62,2.2935404777526855,"['Standard', '320p', 30, '10s']",0.0,2.2934398651123047,0.0,"{""amp"": ""1"", ""aq-mode"": ""1"", ""aq-strength"": ""2.0"", ""b-adapt"": ""1"", ""bframes"": ""2"", ""crf"": ""32.0"", ""ctu"": ""64"", ""keyint"": ""292"", ""limit-refs"": ""0"", ""limit-tu"": ""3"", ""me"": ""star"", ""merange"": ""28"", ""open-gop"": ""0"", ""psy-rd"": ""4.0"", ""psy-rdoq"": ""5.0"", ""qcomp"": ""1.0"", ""qpmax"": ""49"", ""qpmin"": ""13"", ""rc-lookahead"": ""30"", ""rd"": ""1"", ""rdoq-level"": ""1"", ""rect"": ""0"", ""ref"": ""5"", ""rskip"": ""1"", ""sao"": ""0"", ""scenecut"": ""54"", ""subme"": ""3"", ""tu-inter-depth"": ""1"", ""tu-intra-depth"": ""1"", ""weightb"": ""1"", ""weightp"": ""0"", ""wpp"": ""1""}"
x265,hebo,7303,plain,false,119,29.42,8.88,29.42,9.226898670196533,"['Standard', '320p', 30, '10s']",0.0,9.226794242858887,0.0,"{""amp"": ""1"", ""aq-mode"": ""4"", ""aq-strength"": ""0.8"", ""b-adapt"": ""1"", ""bframes"": ""3"", ""crf"": ""30.0"", ""ctu"": ""32"", ""keyint"": ""274"", ""limit-refs"": ""1"", ""limit-tu"": ""2"", ""me"": ""umh"", ""merange"": ""52"", ""open-gop"": ""0"", ""psy-rd"": ""0.0"", ""psy-rdoq"": ""0.0"", ""qcomp"": ""0.5"", ""qpmax"": ""28"", ""qpmin"": ""3"", ""rc-lookahead"": ""21"", ""rd"": ""4"", ""rdoq-level"": ""1"", ""rect"": ""0"", ""ref"": ""6"", ""rskip"": ""1"", ""sao"": ""0"", ""scenecut"": ""52"", ""subme"": ""5"", ""tu-inter-depth"": ""4"", ""tu-intra-depth"": ""3"", ""weightb"": ""1"", ""weightp"": ""1"", ""wpp"": ""1""}"
x265,hebo,7303,plain,false,120,37.06,7.28,37.06,7.615069389343262,"['Standard', '320p', 30, '10s']",0.0,7.614969253540039,0.0,"{""amp"": ""0"", ""aq-mode"": ""0"", ""aq-strength"": ""0.5"", ""b-adapt"": ""2"", ""bframes"": ""4"", ""crf"": ""25.0"", ""ctu"": ""16"", ""keyint"": ""116"", ""limit-refs"": ""1"", ""limit-tu"": ""0"", ""me"": ""hex"", ""merange"": ""20"", ""open-gop"": ""0"", ""psy-rd"": ""2.0"", ""psy-rdoq"": ""3.5"", ""qcomp"": ""0.9"", ""qpmax"": ""29"", ""qpmin"": ""3"", ""rc-lookahead"": ""10"", ""rd"": ""2"", ""rdoq-level"": ""1"", ""rect"": ""0"", ""ref"": ""6"", ""rskip"": ""0"", ""sao"": ""0"", ""scenecut"": ""99"", ""subme"": ""1"", ""tu-inter-depth"": ""2"", ""tu-intra-depth"": ""2"", ""weightb"": ""1"", ""weightp"": ""1"", ""wpp"": ""0""}"
x265,hebo,7303,plain,false,121,53.84,5.22,53.84,5.549011707305908,"['Standard', '320p', 30, '10s']",0.0,5.548917531967163,0.0,"{""amp"": ""1"", ""aq-mode"": ""1"", ""aq-strength"": ""2.0"", ""b-adapt"": ""0"", ""bframes"": ""4"", ""crf"": ""22.0"", ""ctu"": ""64"", ""keyint"": ""178"", ""limit-refs"": ""2"", ""limit-tu"": ""2"", ""me"": ""star"", ""merange"": ""28"", ""open-gop"": ""0"", ""psy-rd"": ""0.5"", ""psy-rdoq"": ""3.5"", ""qcomp"": ""0.8"", ""qpmax"": ""38"", ""qpmin"": ""20"", ""rc-lookahead"": ""14"", ""rd"": ""2"", ""rdoq-level"": ""0"", ""rect"": ""1"", ""ref"": ""6"", ""rskip"": ""1"", ""sao"": ""0"", ""scenecut"": ""64"", ""subme"": ""5"", ""tu-inter-depth"": ""4"", ""tu-intra-depth"": ""1"", ""weightb"": ""1"", ""weightp"": ""0"", ""wpp"": ""1""}"
x265,hebo,7303,plain,false,122,36.87,7.32,36.87,7.652265310287476,"['Standard', '320p', 30, '10s']",0.0,7.65216588973999,0.0,"{""amp"": ""1"", ""aq-mode"": ""4"", ""aq-strength"": ""1.0"", ""b-adapt"": ""0"", ""bframes"": ""1"", ""crf"": ""28.0"", ""ctu"": ""64"", ""keyint"": ""278"", ""limit-refs"": ""2"", ""limit-tu"": ""0"", ""me"": ""star"", ""merange"": ""54"", ""open-gop"": ""1"", ""psy-rd"": ""0.5"", ""psy-rdoq"": ""3.5"", ""qcomp"": ""0.9"", ""qpmax"": ""46"", ""qpmin"": ""16"", ""rc-lookahead"": ""43"", ""rd"": ""4"", ""rdoq-level"": ""1"", ""rect"": ""0"", ""ref"": ""2"", ""rskip"": ""1"", ""sao"": ""1"", ""scenecut"": ""86"", ""subme"": ""4"", ""tu-inter-depth"": ""4"", ""tu-intra-depth"": ""4"", ""weightb"": ""1"", ""weightp"": ""0"", ""wpp"": ""0""}"
x265,hebo,7303,plain,false,123,51.89,5.4,51.89,5.7327141761779785,"['Standard', '320p', 30, '10s']",0.0,5.7326133251190186,0.0,"{""amp"": ""0"", ""aq-mode"": ""1"", ""aq-strength"": ""2.0"", ""b-adapt"": ""2"", ""bframes"": ""1"", ""crf"": ""28.0"", ""ctu"": ""64"", ""keyint"": ""375"", ""limit-refs"": ""3"", ""limit-tu"": ""0"", ""me"": ""star"", ""merange"": ""47"", ""open-gop"": ""1"", ""psy-rd"": ""1.5"", ""psy-rdoq"": ""1.5"", ""qcomp"": ""0.9"", ""qpmax"": ""51"", ""qpmin"": ""8"", ""rc-lookahead"": ""11"", ""rd"": ""4"", ""rdoq-level"": ""1"", ""rect"": ""0"", ""ref"": ""4"", ""rskip"": ""1"", ""sao"": ""0"", ""scenecut"": ""34"", ""subme"": ""1"", ""tu-inter-depth"": ""4"", ""tu-intra-depth"": ""1"", ""weightb"": ""0"", ""weightp"": ""0"", ""wpp"": ""1""}"
x265,hebo,7303,plain,false,124,90.96,3.22,90.96,3.5487260818481445,"['Standard', '320p', 30, '10s']",0.0,3.54862642288208,0.0,"{""amp"": ""1"", ""aq-mode"": ""1"", ""aq-strength"": ""2.0"", ""b-adapt"": ""0"", ""bframes"": ""8"", ""crf"": ""32.0"", ""ctu"": ""64"", ""keyint"": ""284"", ""limit-refs"": ""1"", ""limit-tu"": ""1"", ""me"": ""umh"", ""merange"": ""28"", ""open-gop"": ""1"", ""psy-rd"": ""4.0"", ""psy-rdoq"": ""5.0"", ""qcomp"": ""1.0"", ""qpmax"": ""49"", ""qpmin"": ""12"", ""rc-lookahead"": ""13"", ""rd"": ""2"", ""rdoq-level"": ""2"", ""rect"": ""0"", ""ref"": ""2"", ""rskip"": ""1"", ""sao"": ""1"", ""scenecut"": ""53"", ""subme"": ""5"", ""tu-inter-depth"": ""3"", ""tu-intra-depth"": ""1"", ""weightb"": ""1"", ""weightp"": ""0"", ""wpp"": ""1""}"
x265,hebo,7303,plain,false,125,102.25,2.89,102.25,3.215815544128418,"['Standard', '320p', 30, '10s']",0.0,3.215721845626831,0.0,"{""amp"": ""1"", ""aq-mode"": ""3"", ""aq-strength"": ""1.5"", ""b-adapt"": ""0"", ""bframes"": ""1"", ""crf"": ""28.0"", ""ctu"": ""32"", ""keyint"": ""170"", ""limit-refs"": ""1"", ""limit-tu"": ""2"", ""me"": ""dia"", ""merange"": ""41"", ""open-gop"": ""1"", ""psy-rd"": ""2.0"", ""psy-rdoq"": ""5.0"", ""qcomp"": ""0.7"", ""qpmax"": ""31"", ""qpmin"": ""15"", ""rc-lookahead"": ""58"", ""rd"": ""2"", ""rdoq-level"": ""0"", ""rect"": ""0"", ""ref"": ""6"", ""rskip"": ""1"", ""sao"": ""1"", ""scenecut"": ""48"", ""subme"": ""3"", ""tu-inter-depth"": ""2"", ""tu-intra-depth"": ""1"", ""weightb"": ""1"", ""weightp"": ""0"", ""wpp"": ""1""}"
x265,hebo,7303,plain,false,126,2.66,39.76,2.66,40.094175815582275,"['Standard', '320p', 30, '10s']",0.0,40.094074010849,0.0,"{""amp"": ""1"", ""aq-mode"": ""4"", ""aq-strength"": ""0.0"", ""b-adapt"": ""2"", ""bframes"": ""2"", ""crf"": ""25.0"", ""ctu"": ""64"", ""keyint"": ""397"", ""limit-refs"": ""1"", ""limit-tu"": ""2"", ""me"": ""hex"", ""merange"": ""61"", ""open-gop"": ""1"", ""psy-rd"": ""3.5"", ""psy-rdoq"": ""3.5"", ""qcomp"": ""0.75"", ""qpmax"": ""32"", ""qpmin"": ""8"", ""rc-lookahead"": ""54"", ""rd"": ""5"", ""rdoq-level"": ""2"", ""rect"": ""1"", ""ref"": ""5"", ""rskip"": ""0"", ""sao"": ""0"", ""scenecut"": ""66"", ""subme"": ""1"", ""tu-inter-depth"": ""4"", ""tu-intra-depth"": ""4"", ""weightb"": ""1"", ""weightp"": ""1"", ""wpp"": ""1""}"
x265,hebo,7303,plain,false,127,4.92,30.68,4.92,31.00261878967285,"['Standard', '320p', 30, '10s']",0.0,31.002516984939575,0.0,"{""amp"": ""1"", ""aq-mode"": ""0"", ""aq-strength"": ""1.8"", ""b-adapt"": ""1"", ""bframes"": ""7"", ""crf"": ""18.0"", ""ctu"": ""16"", ""keyint"": ""478"", ""limit-refs"": ""2"", ""limit-tu"": ""3"", ""me"": ""dia"", ""merange"": ""51"", ""open-gop"": ""0"", ""psy-rd"": ""2.0"", ""psy-rdoq"": ""5.0"", ""qcomp"": ""0.8"", ""qpmax"": ""40"", ""qpmin"": ""19"", ""rc-lookahead"": ""17"", ""rd"": ""6"", ""rdoq-level"": ""2"", ""rect"": ""1"", ""ref"": ""3"", ""rskip"": ""1"", ""sao"": ""1"", ""scenecut"": ""32"", ""subme"": ""2"", ""tu-inter-depth"": ""1"", ""tu-intra-depth"": ""1"", ""weightb"": ""1"", ""weightp"": ""0"", ""wpp"": ""1""}"
x265,hebo,7303,plain,false,128,33.44,7.97,33.44,8.282033920288086,"['Standard', '320p', 30, '10s']",0.0,8.281934976577759,0.0,"{""amp"": ""1"", ""aq-mode"": ""1"", ""aq-strength"": ""0.8"", ""b-adapt"": ""1"", ""bframes"": ""2"", ""crf"": ""32.0"", ""ctu"": ""64"", ""keyint"": ""298"", ""limit-refs"": ""0"", ""limit-tu"": ""2"", ""me"": ""umh"", ""merange"": ""28"", ""open-gop"": ""0"", ""psy-rd"": ""0.0"", ""psy-rdoq"": ""0.0"", ""qcomp"": ""0.8"", ""qpmax"": ""49"", ""qpmin"": ""13"", ""rc-lookahead"": ""29"", ""rd"": ""6"", ""rdoq-level"": ""1"", ""rect"": ""0"", ""ref"": ""4"", ""rskip"": ""1"", ""sao"": ""0"", ""scenecut"": ""65"", ""subme"": ""3"", ""tu-inter-depth"": ""1"", ""tu-intra-depth"": ""3"", ""weightb"": ""1"", ""weightp"": ""0"", ""wpp"": ""0""}"
x265,hebo,7303,plain,false,129,18.24,13.15,18.24,13.490875720977783,"['Standard', '320p', 30, '10s']",0.0,13.490775108337402,0.0,"{""amp"": ""0"", ""aq-mode"": ""4"", ""aq-strength"": ""1.2"", ""b-adapt"": ""0"", ""bframes"": ""5"", ""crf"": ""28.0"", ""ctu"": ""64"", ""keyint"": ""78"", ""limit-refs"": ""0"", ""limit-tu"": ""0"", ""me"": ""star"", ""merange"": ""40"", ""open-gop"": ""1"", ""psy-rd"": ""3.5"", ""psy-rdoq"": ""3.5"", ""qcomp"": ""0.8"", ""qpmax"": ""26"", ""qpmin"": ""13"", ""rc-lookahead"": ""54"", ""rd"": ""3"", ""rdoq-level"": ""1"", ""rect"": ""0"", ""ref"": ""5"", ""rskip"": ""0"", ""sao"": ""0"", ""scenecut"": ""67"", ""subme"": ""3"", ""tu-inter-depth"": ""1"", ""tu-intra-depth"": ""1"", ""weightb"": ""0"", ""weightp"": ""0"", ""wpp"": ""0""}"
x265,hebo,7303,plain,false,130,14.56,15.6,14.56,15.9209566116333,"['Standard', '320p', 30, '10s']",0.0,15.920860290527344,0.0,"{""amp"": ""1"", ""aq-mode"": ""4"", ""aq-strength"": ""0.8"", ""b-adapt"": ""0"", ""bframes"": ""2"", ""crf"": ""28.0"", ""ctu"": ""16"", ""keyint"": ""183"", ""limit-refs"": ""0"", ""limit-tu"": ""2"", ""me"": ""hex"", ""merange"": ""51"", ""open-gop"": ""1"", ""psy-rd"": ""2.0"", ""psy-rdoq"": ""3.0"", ""qcomp"": ""0.5"", ""qpmax"": ""26"", ""qpmin"": ""11"", ""rc-lookahead"": ""40"", ""rd"": ""4"", ""rdoq-level"": ""0"", ""rect"": ""1"", ""ref"": ""5"", ""rskip"": ""0"", ""sao"": ""1"", ""scenecut"": ""48"", ""subme"": ""3"", ""tu-inter-depth"": ""3"", ""tu-intra-depth"": ""3"", ""weightb"": ""1"", ""weightp"": ""1"", ""wpp"": ""0""}"
x265,hebo,7303,plain,false,131,49.99,5.58,49.99,5.912661790847778,"['Standard', '320p', 30, '10s']",0.0,5.912566423416138,0.0,"{""amp"": ""1"", ""aq-mode"": ""3"", ""aq-strength"": ""0.5"", ""b-adapt"": ""1"", ""bframes"": ""4"", ""crf"": ""25.0"", ""ctu"": ""64"", ""keyint"": ""163"", ""limit-refs"": ""0"", ""limit-tu"": ""3"", ""me"": ""umh"", ""merange"": ""32"", ""open-gop"": ""1"", ""psy-rd"": ""2.0"", ""psy-rdoq"": ""2.0"", ""qcomp"": ""0.75"", ""qpmax"": ""30"", ""qpmin"": ""8"", ""rc-lookahead"": ""51"", ""rd"": ""1"", ""rdoq-level"": ""0"", ""rect"": ""0"", ""ref"": ""5"", ""rskip"": ""0"", ""sao"": ""0"", ""scenecut"": ""19"", ""subme"": ""1"", ""tu-inter-depth"": ""1"", ""tu-intra-depth"": ""1"", ""weightb"": ""0"", ""weightp"": ""1"", ""wpp"": ""1""}"
x265,hebo,7303,plain,false,132,43.52,6.32,43.52,6.657001256942749,"['Standard', '320p', 30, '10s']",0.0,6.656900405883789,0.0,"{""amp"": ""0"", ""aq-mode"": ""1"", ""aq-strength"": ""0.8"", ""b-adapt"": ""1"", ""bframes"": ""3"", ""crf"": ""25.0"", ""ctu"": ""16"", ""keyint"": ""65"", ""limit-refs"": ""2"", ""limit-tu"": ""0"", ""me"": ""umh"", ""merange"": ""24"", ""open-gop"": ""0"", ""psy-rd"": ""4.0"", ""psy-rdoq"": ""4.5"", ""qcomp"": ""0.5"", ""qpmax"": ""26"", ""qpmin"": ""3"", ""rc-lookahead"": ""40"", ""rd"": ""2"", ""rdoq-level"": ""0"", ""rect"": ""0"", ""ref"": ""4"", ""rskip"": ""0"", ""sao"": ""0"", ""scenecut"": ""25"", ""subme"": ""1"", ""tu-inter-depth"": ""2"", ""tu-intra-depth"": ""3"", ""weightb"": ""0"", ""weightp"": ""0"", ""wpp"": ""0""}"
x265,hebo,7303,plain,false,133,52.73,5.32,52.73,5.641168594360352,"['Standard', '320p', 30, '10s']",0.0,5.641051530838013,0.0,"{""amp"": ""1"", ""aq-mode"": ""3"", ""aq-strength"": ""1.8"", ""b-adapt"": ""1"", ""bframes"": ""3"", ""crf"": ""32.0"", ""ctu"": ""32"", ""keyint"": ""71"", ""limit-refs"": ""1"", ""limit-tu"": ""3"", ""me"": ""umh"", ""merange"": ""59"", ""open-gop"": ""1"", ""psy-rd"": ""2.5"", ""psy-rdoq"": ""1.0"", ""qcomp"": ""0.6"", ""qpmax"": ""40"", ""qpmin"": ""4"", ""rc-lookahead"": ""58"", ""rd"": ""4"", ""rdoq-level"": ""0"", ""rect"": ""1"", ""ref"": ""4"", ""rskip"": ""1"", ""sao"": ""0"", ""scenecut"": ""45"", ""subme"": ""4"", ""tu-inter-depth"": ""3"", ""tu-intra-depth"": ""3"", ""weightb"": ""1"", ""weightp"": ""1"", ""wpp"": ""0""}"
x265,hebo,7303,plain,false,134,22.74,11.04,22.74,11.569939851760864,"['Standard', '320p', 30, '10s']",0.0,11.569823741912842,0.0,"{""amp"": ""1"", ""aq-mode"": ""4"", ""aq-strength"": ""2.0"", ""b-adapt"": ""2"", ""bframes"": ""2"", ""crf"": ""32.0"", ""ctu"": ""32"", ""keyint"": ""414"", ""limit-refs"": ""3"", ""limit-tu"": ""2"", ""me"": ""full"", ""merange"": ""23"", ""open-gop"": ""0"", ""psy-rd"": ""1.0"", ""psy-rdoq"": ""4.5"", ""qcomp"": ""0.6"", ""qpmax"": ""34"", ""qpmin"": ""5"", ""rc-lookahead"": ""15"", ""rd"": ""3"", ""rdoq-level"": ""0"", ""rect"": ""1"", ""ref"": ""2"", ""rskip"": ""0"", ""sao"": ""1"", ""scenecut"": ""41"", ""subme"": ""4"", ""tu-inter-depth"": ""4"", ""tu-intra-depth"": ""2"", ""weightb"": ""1"", ""weightp"": ""1"", ""wpp"": ""0""}"
x265,hebo,7303,plain,false,135,42.40,6.47,42.40,6.79902720451355,"['Standard', '320p', 30, '10s']",0.0,6.798933267593384,0.0,"{""amp"": ""1"", ""aq-mode"": ""0"", ""aq-strength"": ""2.0"", ""b-adapt"": ""1"", ""bframes"": ""3"", ""crf"": ""30.0"", ""ctu"": ""64"", ""keyint"": ""414"", ""limit-refs"": ""2"", ""limit-tu"": ""1"", ""me"": ""dia"", ""merange"": ""29"", ""open-gop"": ""1"", ""psy-rd"": ""2.0"", ""psy-rdoq"": ""3.0"", ""qcomp"": ""0.7"", ""qpmax"": ""41"", ""qpmin"": ""13"", ""rc-lookahead"": ""48"", ""rd"": ""3"", ""rdoq-level"": ""2"", ""rect"": ""0"", ""ref"": ""6"", ""rskip"": ""0"", ""sao"": ""0"", ""scenecut"": ""44"", ""subme"": ""3"", ""tu-inter-depth"": ""3"", ""tu-intra-depth"": ""1"", ""weightb"": ""0"", ""weightp"": ""1"", ""wpp"": ""1""}"
x265,hebo,7303,plain,false,136,14.01,16.05,14.01,16.386351108551025,"['Standard', '320p', 30, '10s']",0.0,16.386234283447266,0.0,"{""amp"": ""0"", ""aq-mode"": ""4"", ""aq-strength"": ""1.2"", ""b-adapt"": ""0"", ""bframes"": ""2"", ""crf"": ""25.0"", ""ctu"": ""64"", ""keyint"": ""69"", ""limit-refs"": ""2"", ""limit-tu"": ""3"", ""me"": ""full"", ""merange"": ""36"", ""open-gop"": ""1"", ""psy-rd"": ""2.5"", ""psy-rdoq"": ""3.5"", ""qcomp"": ""0.6"", ""qpmax"": ""43"", ""qpmin"": ""15"", ""rc-lookahead"": ""22"", ""rd"": ""3"", ""rdoq-level"": ""0"", ""rect"": ""0"", ""ref"": ""6"", ""rskip"": ""0"", ""sao"": ""0"", ""scenecut"": ""32"", ""subme"": ""4"", ""tu-inter-depth"": ""3"", ""tu-intra-depth"": ""4"", ""weightb"": ""0"", ""weightp"": ""1"", ""wpp"": ""1""}"
x265,hebo,7303,plain,false,137,13.40,16.57,13.40,16.901660442352295,"['Standard', '320p', 30, '10s']",0.0,16.901561498641968,0.0,"{""amp"": ""1"", ""aq-mode"": ""2"", ""aq-strength"": ""1.0"", ""b-adapt"": ""2"", ""bframes"": ""4"", ""crf"": ""25.0"", ""ctu"": ""16"", ""keyint"": ""303"", ""limit-refs"": ""2"", ""limit-tu"": ""4"", ""me"": ""umh"", ""merange"": ""40"", ""open-gop"": ""0"", ""psy-rd"": ""4.0"", ""psy-rdoq"": ""1.0"", ""qcomp"": ""0.6"", ""qpmax"": ""31"", ""qpmin"": ""6"", ""rc-lookahead"": ""36"", ""rd"": ""5"", ""rdoq-level"": ""1"", ""rect"": ""0"", ""ref"": ""6"", ""rskip"": ""1"", ""sao"": ""1"", ""scenecut"": ""73"", ""subme"": ""2"", ""tu-inter-depth"": ""3"", ""tu-intra-depth"": ""1"", ""weightb"": ""1"", ""weightp"": ""0"", ""wpp"": ""1""}"
x265,hebo,7303,plain,false,138,14.39,15.74,14.39,16.073803186416626,"['Standard', '320p', 30, '10s']",0.0,16.073704719543457,0.0,"{""amp"": ""0"", ""aq-mode"": ""3"", ""aq-strength"": ""1.8"", ""b-adapt"": ""2"", ""bframes"": ""8"", ""crf"": ""28.0"", ""ctu"": ""32"", ""keyint"": ""484"", ""limit-refs"": ""3"", ""limit-tu"": ""0"", ""me"": ""dia"", ""merange"": ""61"", ""open-gop"": ""0"", ""psy-rd"": ""1.0"", ""psy-rdoq"": ""4.5"", ""qcomp"": ""0.5"", ""qpmax"": ""22"", ""qpmin"": ""15"", ""rc-lookahead"": ""21"", ""rd"": ""1"", ""rdoq-level"": ""2"", ""rect"": ""0"", ""ref"": ""5"", ""rskip"": ""0"", ""sao"": ""1"", ""scenecut"": ""92"", ""subme"": ""4"", ""tu-inter-depth"": ""4"", ""tu-intra-depth"": ""1"", ""weightb"": ""0"", ""weightp"": ""0"", ""wpp"": ""0""}"
x265,hebo,7303,plain,false,139,16.69,14.07,16.69,14.412604808807373,"['Standard', '320p', 30, '10s']",0.0,14.412505865097046,0.0,"{""amp"": ""0"", ""aq-mode"": ""0"", ""aq-strength"": ""2.0"", ""b-adapt"": ""1"", ""bframes"": ""6"", ""crf"": ""22.0"", ""ctu"": ""16"", ""keyint"": ""81"", ""limit-refs"": ""1"", ""limit-tu"": ""4"", ""me"": ""hex"", ""merange"": ""43"", ""open-gop"": ""1"", ""psy-rd"": ""0.0"", ""psy-rdoq"": ""5.0"", ""qcomp"": ""0.7"", ""qpmax"": ""25"", ""qpmin"": ""13"", ""rc-lookahead"": ""31"", ""rd"": ""5"", ""rdoq-level"": ""0"", ""rect"": ""0"", ""ref"": ""5"", ""rskip"": ""1"", ""sao"": ""1"", ""scenecut"": ""79"", ""subme"": ""1"", ""tu-inter-depth"": ""3"", ""tu-intra-depth"": ""3"", ""weightb"": ""1"", ""weightp"": ""0"", ""wpp"": ""0""}"
x265,hebo,7303,plain,false,140,8.90,21.93,8.90,22.267287015914917,"['Standard', '320p', 30, '10s']",0.0,22.267168760299683,0.0,"{""amp"": ""0"", ""aq-mode"": ""4"", ""aq-strength"": ""1.8"", ""b-adapt"": ""0"", ""bframes"": ""6"", ""crf"": ""25.0"", ""ctu"": ""16"", ""keyint"": ""255"", ""limit-refs"": ""3"", ""limit-tu"": ""0"", ""me"": ""full"", ""merange"": ""21"", ""open-gop"": ""0"", ""psy-rd"": ""1.5"", ""psy-rdoq"": ""3.0"", ""qcomp"": ""0.9"", ""qpmax"": ""22"", ""qpmin"": ""0"", ""rc-lookahead"": ""31"", ""rd"": ""4"", ""rdoq-level"": ""1"", ""rect"": ""1"", ""ref"": ""1"", ""rskip"": ""0"", ""sao"": ""1"", ""scenecut"": ""44"", ""subme"": ""3"", ""tu-inter-depth"": ""1"", ""tu-intra-depth"": ""1"", ""weightb"": ""0"", ""weightp"": ""0"", ""wpp"": ""0""}"
x265,hebo,7303,plain,false,141,8.99,21.78,8.99,22.105621814727783,"['Standard', '320p', 30, '10s']",0.0,22.10551953315735,0.0,"{""amp"": ""1"", ""aq-mode"": ""0"", ""aq-strength"": ""1.2"", ""b-adapt"": ""1"", ""bframes"": ""4"", ""crf"": ""18.0"", ""ctu"": ""32"", ""keyint"": ""300"", ""limit-refs"": ""3"", ""limit-tu"": ""0"", ""me"": ""dia"", ""merange"": ""44"", ""open-gop"": ""1"", ""psy-rd"": ""0.5"", ""psy-rdoq"": ""1.0"", ""qcomp"": ""0.7"", ""qpmax"": ""21"", ""qpmin"": ""0"", ""rc-lookahead"": ""33"", ""rd"": ""3"", ""rdoq-level"": ""1"", ""rect"": ""1"", ""ref"": ""6"", ""rskip"": ""1"", ""sao"": ""0"", ""scenecut"": ""16"", ""subme"": ""3"", ""tu-inter-depth"": ""4"", ""tu-intra-depth"": ""1"", ""weightb"": ""0"", ""weightp"": ""0"", ""wpp"": ""0""}"
x265,hebo,7303,plain,false,142,14.91,15.33,14.91,15.652453660964966,"['Standard', '320p', 30, '10s']",0.0,15.652352571487427,0.0,"{""amp"": ""1"", ""aq-mode"": ""3"", ""aq-strength"": ""1.2"", ""b-adapt"": ""2"", ""bframes"": ""0"", ""crf"": ""25.0"", ""ctu"": ""64"", ""keyint"": ""320"", ""limit-refs"": ""1"", ""limit-tu"": ""4"", ""me"": ""star"", ""merange"": ""51"", ""open-gop"": ""1"", ""psy-rd"": ""2.5"", ""psy-rdoq"": ""1.0"", ""qcomp"": ""0.75"", ""qpmax"": ""31"", ""qpmin"": ""17"", ""rc-lookahead"": ""46"", ""rd"": ""3"", ""rdoq-level"": ""2"", ""rect"": ""1"", ""ref"": ""3"", ""rskip"": ""0"", ""sao"": ""1"", ""scenecut"": ""24"", ""subme"": ""5"", ""tu-inter-depth"": ""4"", ""tu-intra-depth"": ""4"", ""weightb"": ""1"", ""weightp"": ""0"", ""wpp"": ""1""}"
x265,hebo,7303,plain,false,143,20.13,12.15,20.13,12.484169960021973,"['Standard', '320p', 30, '10s']",0.0,12.484071969985962,0.0,"{""amp"": ""0"", ""aq-mode"": ""1"", ""aq-strength"": ""0.0"", ""b-adapt"": ""0"", ""bframes"": ""5"", ""crf"": ""25.0"", ""ctu"": ""32"", ""keyint"": ""377"", ""limit-refs"": ""3"", ""limit-tu"": ""4"", ""me"": ""umh"", ""merange"": ""28"", ""open-gop"": ""1"", ""psy-rd"": ""4.0"", ""psy-rdoq"": ""0.5"", ""qcomp"": ""0.5"", ""qpmax"": ""26"", ""qpmin"": ""11"", ""rc-lookahead"": ""46"", ""rd"": ""4"", ""rdoq-level"": ""2"", ""rect"": ""1"", ""ref"": ""4"", ""rskip"": ""0"", ""sao"": ""0"", ""scenecut"": ""60"", ""subme"": ""4"", ""tu-inter-depth"": ""4"", ""tu-intra-depth"": ""4"", ""weightb"": ""1"", ""weightp"": ""0"", ""wpp"": ""0""}"
x265,hebo,7303,plain,false,144,23.04,10.89,23.04,11.22726321220398,"['Standard', '320p', 30, '10s']",0.0,11.227117776870728,0.0,"{""amp"": ""0"", ""aq-mode"": ""4"", ""aq-strength"": ""0.0"", ""b-adapt"": ""0"", ""bframes"": ""0"", ""crf"": ""30.0"", ""ctu"": ""16"", ""keyint"": ""251"", ""limit-refs"": ""1"", ""limit-tu"": ""2"", ""me"": ""star"", ""merange"": ""41"", ""open-gop"": ""0"", ""psy-rd"": ""3.0"", ""psy-rdoq"": ""3.0"", ""qcomp"": ""0.7"", ""qpmax"": ""25"", ""qpmin"": ""10"", ""rc-lookahead"": ""39"", ""rd"": ""4"", ""rdoq-level"": ""2"", ""rect"": ""0"", ""ref"": ""5"", ""rskip"": ""0"", ""sao"": ""0"", ""scenecut"": ""86"", ""subme"": ""1"", ""tu-inter-depth"": ""2"", ""tu-intra-depth"": ""1"", ""weightb"": ""1"", ""weightp"": ""1"", ""wpp"": ""0""}"
x265,hebo,7303,plain,false,145,27.61,9.38,27.61,9.699681282043457,"['Standard', '320p', 30, '10s']",0.0,9.699584245681763,0.0,"{""amp"": ""0"", ""aq-mode"": ""1"", ""aq-strength"": ""1.2"", ""b-adapt"": ""1"", ""bframes"": ""2"", ""crf"": ""28.0"", ""ctu"": ""64"", ""keyint"": ""279"", ""limit-refs"": ""0"", ""limit-tu"": ""3"", ""me"": ""full"", ""merange"": ""20"", ""open-gop"": ""0"", ""psy-rd"": ""0.5"", ""psy-rdoq"": ""1.5"", ""qcomp"": ""1.0"", ""qpmax"": ""32"", ""qpmin"": ""14"", ""rc-lookahead"": ""36"", ""rd"": ""1"", ""rdoq-level"": ""2"", ""rect"": ""0"", ""ref"": ""5"", ""rskip"": ""0"", ""sao"": ""1"", ""scenecut"": ""36"", ""subme"": ""3"", ""tu-inter-depth"": ""2"", ""tu-intra-depth"": ""1"", ""weightb"": ""1"", ""weightp"": ""0"", ""wpp"": ""0""}"
x265,hebo,7303,plain,false,146,20.45,12.0,20.45,12.318695306777954,"['Standard', '320p', 30, '10s']",0.0,12.318599224090576,0.0,"{""amp"": ""1"", ""aq-mode"": ""0"", ""aq-strength"": ""0.8"", ""b-adapt"": ""1"", ""bframes"": ""5"", ""crf"": ""20.0"", ""ctu"": ""64"", ""keyint"": ""160"", ""limit-refs"": ""2"", ""limit-tu"": ""2"", ""me"": ""star"", ""merange"": ""24"", ""open-gop"": ""1"", ""psy-rd"": ""2.5"", ""psy-rdoq"": ""5.0"", ""qcomp"": ""0.7"", ""qpmax"": ""41"", ""qpmin"": ""5"", ""rc-lookahead"": ""54"", ""rd"": ""4"", ""rdoq-level"": ""2"", ""rect"": ""1"", ""ref"": ""2"", ""rskip"": ""1"", ""sao"": ""1"", ""scenecut"": ""91"", ""subme"": ""1"", ""tu-inter-depth"": ""3"", ""tu-intra-depth"": ""2"", ""weightb"": ""1"", ""weightp"": ""1"", ""wpp"": ""1""}"
x265,hebo,7303,plain,false,147,18.44,13.02,18.44,13.353660106658936,"['Standard', '320p', 30, '10s']",0.0,13.353549480438232,0.0,"{""amp"": ""0"", ""aq-mode"": ""1"", ""aq-strength"": ""0.8"", ""b-adapt"": ""1"", ""bframes"": ""8"", ""crf"": ""22.0"", ""ctu"": ""32"", ""keyint"": ""116"", ""limit-refs"": ""1"", ""limit-tu"": ""4"", ""me"": ""hex"", ""merange"": ""47"", ""open-gop"": ""0"", ""psy-rd"": ""2.5"", ""psy-rdoq"": ""1.0"", ""qcomp"": ""0.9"", ""qpmax"": ""34"", ""qpmin"": ""13"", ""rc-lookahead"": ""13"", ""rd"": ""3"", ""rdoq-level"": ""1"", ""rect"": ""1"", ""ref"": ""6"", ""rskip"": ""0"", ""sao"": ""0"", ""scenecut"": ""70"", ""subme"": ""5"", ""tu-inter-depth"": ""4"", ""tu-intra-depth"": ""4"", ""weightb"": ""0"", ""weightp"": ""1"", ""wpp"": ""0""}"
x265,hebo,7303,plain,false,148,49.71,5.61,49.71,5.933252334594727,"['Standard', '320p', 30, '10s']",0.0,5.933152914047241,0.0,"{""amp"": ""1"", ""aq-mode"": ""2"", ""aq-strength"": ""1.2"", ""b-adapt"": ""2"", ""bframes"": ""2"", ""crf"": ""28.0"", ""ctu"": ""64"", ""keyint"": ""392"", ""limit-refs"": ""0"", ""limit-tu"": ""1"", ""me"": ""star"", ""merange"": ""44"", ""open-gop"": ""1"", ""psy-rd"": ""3.0"", ""psy-rdoq"": ""0.5"", ""qcomp"": ""1.0"", ""qpmax"": ""42"", ""qpmin"": ""1"", ""rc-lookahead"": ""47"", ""rd"": ""2"", ""rdoq-level"": ""0"", ""rect"": ""0"", ""ref"": ""6"", ""rskip"": ""0"", ""sao"": ""1"", ""scenecut"": ""18"", ""subme"": ""1"", ""tu-inter-depth"": ""4"", ""tu-intra-depth"": ""2"", ""weightb"": ""0"", ""weightp"": ""1"", ""wpp"": ""1""}"
x265,hebo,7303,plain,false,149,22.57,11.13,22.57,11.665162086486816,"['Standard', '320p', 30, '10s']",0.0,11.665053367614746,0.0,"{""amp"": ""0"", ""aq-mode"": ""2"", ""aq-strength"": ""0.5"", ""b-adapt"": ""0"", ""bframes"": ""6"", ""crf"": ""18.0"", ""ctu"": ""16"", ""keyint"": ""464"", ""limit-refs"": ""1"", ""limit-tu"": ""1"", ""me"": ""umh"", ""merange"": ""38"", ""open-gop"": ""0"", ""psy-rd"": ""2.0"", ""psy-rdoq"": ""1.5"", ""qcomp"": ""0.8"", ""qpmax"": ""23"", ""qpmin"": ""7"", ""rc-lookahead"": ""45"", ""rd"": ""3"", ""rdoq-level"": ""1"", ""rect"": ""0"", ""ref"": ""6"", ""rskip"": ""0"", ""sao"": ""0"", ""scenecut"": ""46"", ""subme"": ""1"", ""tu-inter-depth"": ""2"", ""tu-intra-depth"": ""3"", ""weightb"": ""0"", ""weightp"": ""1"", ""wpp"": ""0""}"
x265,hebo,7303,plain,false,150,19.15,12.64,19.15,12.97214651107788,"['Standard', '320p', 30, '10s']",0.0,12.972044706344604,0.0,"{""amp"": ""1"", ""aq-mode"": ""2"", ""aq-strength"": ""0.5"", ""b-adapt"": ""0"", ""bframes"": ""0"", ""crf"": ""32.0"", ""ctu"": ""64"", ""keyint"": ""370"", ""limit-refs"": ""2"", ""limit-tu"": ""3"", ""me"": ""hex"", ""merange"": ""24"", ""open-gop"": ""1"", ""psy-rd"": ""0.0"", ""psy-rdoq"": ""1.5"", ""qcomp"": ""0.8"", ""qpmax"": ""45"", ""qpmin"": ""16"", ""rc-lookahead"": ""19"", ""rd"": ""5"", ""rdoq-level"": ""2"", ""rect"": ""1"", ""ref"": ""4"", ""rskip"": ""1"", ""sao"": ""1"", ""scenecut"": ""90"", ""subme"": ""2"", ""tu-inter-depth"": ""3"", ""tu-intra-depth"": ""4"", ""weightb"": ""1"", ""weightp"": ""1"", ""wpp"": ""1""}"
x265,hebo,7303,plain,false,151,-0.27,64.36,-0.27,64.68173599243164,"['Standard', '320p', 30, '10s']",0.0,64.68162679672241,0.0,"{""amp"": ""0"", ""aq-mode"": ""1"", ""aq-strength"": ""0.0"", ""b-adapt"": ""0"", ""bframes"": ""8"", ""crf"": ""28.0"", ""ctu"": ""16"", ""keyint"": ""251"", ""limit-refs"": ""2"", ""limit-tu"": ""3"", ""me"": ""full"", ""merange"": ""38"", ""open-gop"": ""1"", ""psy-rd"": ""2.5"", ""psy-rdoq"": ""4.5"", ""qcomp"": ""0.6"", ""qpmax"": ""32"", ""qpmin"": ""5"", ""rc-lookahead"": ""43"", ""rd"": ""6"", ""rdoq-level"": ""1"", ""rect"": ""1"", ""ref"": ""1"", ""rskip"": ""0"", ""sao"": ""1"", ""scenecut"": ""81"", ""subme"": ""5"", ""tu-inter-depth"": ""3"", ""tu-intra-depth"": ""3"", ""weightb"": ""1"", ""weightp"": ""0"", ""wpp"": ""1""}"
x265,hebo,7303,plain,false,152,26.41,9.74,26.41,10.123270750045776,"['Standard', '320p', 30, '10s']",0.0,10.123117685317993,0.0,"{""amp"": ""1"", ""aq-mode"": ""1"", ""aq-strength"": ""1.0"", ""b-adapt"": ""2"", ""bframes"": ""5"", ""crf"": ""22.0"", ""ctu"": ""32"", ""keyint"": ""480"", ""limit-refs"": ""2"", ""limit-tu"": ""1"", ""me"": ""hex"", ""merange"": ""47"", ""open-gop"": ""0"", ""psy-rd"": ""1.0"", ""psy-rdoq"": ""1.0"", ""qcomp"": ""1.0"", ""qpmax"": ""35"", ""qpmin"": ""1"", ""rc-lookahead"": ""43"", ""rd"": ""3"", ""rdoq-level"": ""2"", ""rect"": ""0"", ""ref"": ""4"", ""rskip"": ""1"", ""sao"": ""0"", ""scenecut"": ""77"", ""subme"": ""4"", ""tu-inter-depth"": ""4"", ""tu-intra-depth"": ""3"", ""weightb"": ""1"", ""weightp"": ""0"", ""wpp"": ""0""}"
x265,hebo,7303,plain,false,153,56.67,4.98,56.67,5.305339336395264,"['Standard', '320p', 30, '10s']",0.0,5.305239915847778,0.0,"{""amp"": ""1"", ""aq-mode"": ""4"", ""aq-strength"": ""1.5"", ""b-adapt"": ""1"", ""bframes"": ""2"", ""crf"": ""32.0"", ""ctu"": ""16"", ""keyint"": ""292"", ""limit-refs"": ""2"", ""limit-tu"": ""0"", ""me"": ""dia"", ""merange"": ""28"", ""open-gop"": ""1"", ""psy-rd"": ""0.5"", ""psy-rdoq"": ""3.0"", ""qcomp"": ""1.0"", ""qpmax"": ""49"", ""qpmin"": ""13"", ""rc-lookahead"": ""49"", ""rd"": ""1"", ""rdoq-level"": ""1"", ""rect"": ""1"", ""ref"": ""3"", ""rskip"": ""0"", ""sao"": ""1"", ""scenecut"": ""95"", ""subme"": ""1"", ""tu-inter-depth"": ""1"", ""tu-intra-depth"": ""1"", ""weightb"": ""1"", ""weightp"": ""0"", ""wpp"": ""1""}"
x265,hebo,7303,plain,false,154,44.15,6.23,44.15,6.576099634170532,"['Standard', '320p', 30, '10s']",0.0,6.5760016441345215,0.0,"{""amp"": ""0"", ""aq-mode"": ""2"", ""aq-strength"": ""1.2"", ""b-adapt"": ""1"", ""bframes"": ""0"", ""crf"": ""25.0"", ""ctu"": ""16"", ""keyint"": ""188"", ""limit-refs"": ""3"", ""limit-tu"": ""3"", ""me"": ""hex"", ""merange"": ""18"", ""open-gop"": ""1"", ""psy-rd"": ""4.0"", ""psy-rdoq"": ""0.5"", ""qcomp"": ""0.6"", ""qpmax"": ""21"", ""qpmin"": ""10"", ""rc-lookahead"": ""28"", ""rd"": ""1"", ""rdoq-level"": ""2"", ""rect"": ""0"", ""ref"": ""2"", ""rskip"": ""1"", ""sao"": ""0"", ""scenecut"": ""50"", ""subme"": ""1"", ""tu-inter-depth"": ""2"", ""tu-intra-depth"": ""2"", ""weightb"": ""1"", ""weightp"": ""0"", ""wpp"": ""1""}"
x265,hebo,7303,plain,false,155,54.33,5.18,54.33,5.509247303009033,"['Standard', '320p', 30, '10s']",0.0,5.5091471672058105,0.0,"{""amp"": ""0"", ""aq-mode"": ""3"", ""aq-strength"": ""0.0"", ""b-adapt"": ""1"", ""bframes"": ""5"", ""crf"": ""22.0"", ""ctu"": ""16"", ""keyint"": ""131"", ""limit-refs"": ""3"", ""limit-tu"": ""0"", ""me"": ""hex"", ""merange"": ""39"", ""open-gop"": ""1"", ""psy-rd"": ""0.5"", ""psy-rdoq"": ""3.5"", ""qcomp"": ""0.5"", ""qpmax"": ""32"", ""qpmin"": ""17"", ""rc-lookahead"": ""11"", ""rd"": ""4"", ""rdoq-level"": ""0"", ""rect"": ""0"", ""ref"": ""1"", ""rskip"": ""1"", ""sao"": ""0"", ""scenecut"": ""35"", ""subme"": ""3"", ""tu-inter-depth"": ""3"", ""tu-intra-depth"": ""1"", ""weightb"": ""0"", ""weightp"": ""1"", ""wpp"": ""0""}"
x265,hebo,7303,plain,false,156,1.88,44.26,1.88,44.59865856170654,"['Standard', '320p', 30, '10s']",0.0,44.598554849624634,0.0,"{""amp"": ""1"", ""aq-mode"": ""4"", ""aq-strength"": ""1.0"", ""b-adapt"": ""0"", ""bframes"": ""3"", ""crf"": ""22.0"", ""ctu"": ""16"", ""keyint"": ""56"", ""limit-refs"": ""0"", ""limit-tu"": ""2"", ""me"": ""full"", ""merange"": ""31"", ""open-gop"": ""1"", ""psy-rd"": ""1.5"", ""psy-rdoq"": ""3.5"", ""qcomp"": ""0.8"", ""qpmax"": ""20"", ""qpmin"": ""20"", ""rc-lookahead"": ""11"", ""rd"": ""5"", ""rdoq-level"": ""0"", ""rect"": ""0"", ""ref"": ""1"", ""rskip"": ""1"", ""sao"": ""1"", ""scenecut"": ""23"", ""subme"": ""2"", ""tu-inter-depth"": ""2"", ""tu-intra-depth"": ""2"", ""weightb"": ""1"", ""weightp"": ""1"", ""wpp"": ""0""}"
x265,hebo,7303,plain,false,157,46.08,6.01,46.08,6.337795734405518,"['Standard', '320p', 30, '10s']",0.0,6.337699890136719,0.0,"{""amp"": ""0"", ""aq-mode"": ""1"", ""aq-strength"": ""2.0"", ""b-adapt"": ""0"", ""bframes"": ""2"", ""crf"": ""28.0"", ""ctu"": ""64"", ""keyint"": ""293"", ""limit-refs"": ""3"", ""limit-tu"": ""3"", ""me"": ""full"", ""merange"": ""24"", ""open-gop"": ""0"", ""psy-rd"": ""1.0"", ""psy-rdoq"": ""3.5"", ""qcomp"": ""0.6"", ""qpmax"": ""33"", ""qpmin"": ""15"", ""rc-lookahead"": ""23"", ""rd"": ""1"", ""rdoq-level"": ""1"", ""rect"": ""0"", ""ref"": ""2"", ""rskip"": ""0"", ""sao"": ""0"", ""scenecut"": ""9"", ""subme"": ""2"", ""tu-inter-depth"": ""1"", ""tu-intra-depth"": ""2"", ""weightb"": ""0"", ""weightp"": ""0"", ""wpp"": ""0""}"
x265,hebo,7303,plain,false,158,4.66,31.51,4.66,31.847209453582764,"['Standard', '320p', 30, '10s']",0.0,31.847102165222168,0.0,"{""amp"": ""1"", ""aq-mode"": ""3"", ""aq-strength"": ""1.0"", ""b-adapt"": ""0"", ""bframes"": ""6"", ""crf"": ""25.0"", ""ctu"": ""32"", ""keyint"": ""474"", ""limit-refs"": ""0"", ""limit-tu"": ""2"", ""me"": ""umh"", ""merange"": ""44"", ""open-gop"": ""0"", ""psy-rd"": ""0.0"", ""psy-rdoq"": ""3.5"", ""qcomp"": ""0.5"", ""qpmax"": ""30"", ""qpmin"": ""18"", ""rc-lookahead"": ""50"", ""rd"": ""6"", ""rdoq-level"": ""2"", ""rect"": ""0"", ""ref"": ""3"", ""rskip"": ""0"", ""sao"": ""1"", ""scenecut"": ""100"", ""subme"": ""4"", ""tu-inter-depth"": ""2"", ""tu-intra-depth"": ""1"", ""weightb"": ""0"", ""weightp"": ""0"", ""wpp"": ""0""}"
x265,hebo,7303,plain,false,159,22.00,11.35,22.00,11.913300037384033,"['Standard', '320p', 30, '10s']",0.0,11.91319227218628,0.0,"{""amp"": ""1"", ""aq-mode"": ""2"", ""aq-strength"": ""1.2"", ""b-adapt"": ""1"", ""bframes"": ""1"", ""crf"": ""20.0"", ""ctu"": ""16"", ""keyint"": ""305"", ""limit-refs"": ""0"", ""limit-tu"": ""3"", ""me"": ""hex"", ""merange"": ""29"", ""open-gop"": ""0"", ""psy-rd"": ""1.5"", ""psy-rdoq"": ""2.5"", ""qcomp"": ""0.9"", ""qpmax"": ""48"", ""qpmin"": ""3"", ""rc-lookahead"": ""30"", ""rd"": ""4"", ""rdoq-level"": ""2"", ""rect"": ""0"", ""ref"": ""6"", ""rskip"": ""0"", ""sao"": ""0"", ""scenecut"": ""70"", ""subme"": ""3"", ""tu-inter-depth"": ""3"", ""tu-intra-depth"": ""2"", ""weightb"": ""1"", ""weightp"": ""0"", ""wpp"": ""1""}"
x265,hebo,7303,plain,false,160,34.84,7.68,34.84,8.01326036453247,"['Standard', '320p', 30, '10s']",0.0,8.013164758682251,0.0,"{""amp"": ""0"", ""aq-mode"": ""4"", ""aq-strength"": ""0.5"", ""b-adapt"": ""2"", ""bframes"": ""8"", ""crf"": ""22.0"", ""ctu"": ""16"", ""keyint"": ""300"", ""limit-refs"": ""3"", ""limit-tu"": ""1"", ""me"": ""hex"", ""merange"": ""37"", ""open-gop"": ""1"", ""psy-rd"": ""2.5"", ""psy-rdoq"": ""3.5"", ""qcomp"": ""0.5"", ""qpmax"": ""45"", ""qpmin"": ""1"", ""rc-lookahead"": ""14"", ""rd"": ""3"", ""rdoq-level"": ""1"", ""rect"": ""1"", ""ref"": ""3"", ""rskip"": ""1"", ""sao"": ""0"", ""scenecut"": ""38"", ""subme"": ""1"", ""tu-inter-depth"": ""3"", ""tu-intra-depth"": ""3"", ""weightb"": ""1"", ""weightp"": ""1"", ""wpp"": ""1""}"
x265,hebo,7303,plain,false,161,31.47,8.4,31.47,8.736598253250122,"['Standard', '320p', 30, '10s']",0.0,8.736503601074219,0.0,"{""amp"": ""0"", ""aq-mode"": ""2"", ""aq-strength"": ""2.0"", ""b-adapt"": ""2"", ""bframes"": ""6"", ""crf"": ""20.0"", ""ctu"": ""32"", ""keyint"": ""395"", ""limit-refs"": ""1"", ""limit-tu"": ""1"", ""me"": ""star"", ""merange"": ""58"", ""open-gop"": ""1"", ""psy-rd"": ""1.0"", ""psy-rdoq"": ""2.5"", ""qcomp"": ""0.7"", ""qpmax"": ""50"", ""qpmin"": ""15"", ""rc-lookahead"": ""56"", ""rd"": ""2"", ""rdoq-level"": ""2"", ""rect"": ""0"", ""ref"": ""2"", ""rskip"": ""1"", ""sao"": ""1"", ""scenecut"": ""76"", ""subme"": ""2"", ""tu-inter-depth"": ""4"", ""tu-intra-depth"": ""3"", ""weightb"": ""1"", ""weightp"": ""1"", ""wpp"": ""0""}"
x265,hebo,7303,plain,false,162,8.44,22.72,8.44,23.265495777130127,"['Standard', '320p', 30, '10s']",0.0,23.26538324356079,0.0,"{""amp"": ""1"", ""aq-mode"": ""4"", ""aq-strength"": ""1.8"", ""b-adapt"": ""2"", ""bframes"": ""6"", ""crf"": ""25.0"", ""ctu"": ""16"", ""keyint"": ""89"", ""limit-refs"": ""3"", ""limit-tu"": ""1"", ""me"": ""hex"", ""merange"": ""22"", ""open-gop"": ""0"", ""psy-rd"": ""2.0"", ""psy-rdoq"": ""0.5"", ""qcomp"": ""0.9"", ""qpmax"": ""29"", ""qpmin"": ""4"", ""rc-lookahead"": ""22"", ""rd"": ""6"", ""rdoq-level"": ""2"", ""rect"": ""0"", ""ref"": ""3"", ""rskip"": ""1"", ""sao"": ""1"", ""scenecut"": ""26"", ""subme"": ""5"", ""tu-inter-depth"": ""3"", ""tu-intra-depth"": ""3"", ""weightb"": ""0"", ""weightp"": ""1"", ""wpp"": ""1""}"
x265,hebo,7303,plain,false,163,2.00,43.5,2.00,43.817936420440674,"['Standard', '320p', 30, '10s']",0.0,43.81782937049866,0.0,"{""amp"": ""0"", ""aq-mode"": ""0"", ""aq-strength"": ""0.8"", ""b-adapt"": ""0"", ""bframes"": ""2"", ""crf"": ""18.0"", ""ctu"": ""16"", ""keyint"": ""188"", ""limit-refs"": ""1"", ""limit-tu"": ""0"", ""me"": ""star"", ""merange"": ""46"", ""open-gop"": ""0"", ""psy-rd"": ""2.5"", ""psy-rdoq"": ""2.5"", ""qcomp"": ""0.8"", ""qpmax"": ""38"", ""qpmin"": ""4"", ""rc-lookahead"": ""17"", ""rd"": ""5"", ""rdoq-level"": ""2"", ""rect"": ""1"", ""ref"": ""3"", ""rskip"": ""1"", ""sao"": ""0"", ""scenecut"": ""94"", ""subme"": ""1"", ""tu-inter-depth"": ""3"", ""tu-intra-depth"": ""1"", ""weightb"": ""0"", ""weightp"": ""0"", ""wpp"": ""1""}"
x265,hebo,7303,plain,false,164,13.08,16.87,13.08,17.247116327285767,"['Standard', '320p', 30, '10s']",0.0,17.247009754180908,0.0,"{""amp"": ""1"", ""aq-mode"": ""3"", ""aq-strength"": ""0.8"", ""b-adapt"": ""0"", ""bframes"": ""4"", ""crf"": ""25.0"", ""ctu"": ""32"", ""keyint"": ""359"", ""limit-refs"": ""0"", ""limit-tu"": ""4"", ""me"": ""umh"", ""merange"": ""29"", ""open-gop"": ""0"", ""psy-rd"": ""1.5"", ""psy-rdoq"": ""2.5"", ""qcomp"": ""0.7"", ""qpmax"": ""41"", ""qpmin"": ""3"", ""rc-lookahead"": ""20"", ""rd"": ""6"", ""rdoq-level"": ""1"", ""rect"": ""0"", ""ref"": ""3"", ""rskip"": ""1"", ""sao"": ""1"", ""scenecut"": ""80"", ""subme"": ""1"", ""tu-inter-depth"": ""1"", ""tu-intra-depth"": ""2"", ""weightb"": ""1"", ""weightp"": ""0"", ""wpp"": ""0""}"
x265,hebo,7303,plain,false,165,56.99,4.97,56.99,5.302089214324951,"['Standard', '320p', 30, '10s']",0.0,5.301989793777466,0.0,"{""amp"": ""1"", ""aq-mode"": ""2"", ""aq-strength"": ""2.0"", ""b-adapt"": ""1"", ""bframes"": ""1"", ""crf"": ""32.0"", ""ctu"": ""32"", ""keyint"": ""399"", ""limit-refs"": ""2"", ""limit-tu"": ""3"", ""me"": ""umh"", ""merange"": ""60"", ""open-gop"": ""1"", ""psy-rd"": ""0.0"", ""psy-rdoq"": ""2.0"", ""qcomp"": ""0.75"", ""qpmax"": ""35"", ""qpmin"": ""10"", ""rc-lookahead"": ""46"", ""rd"": ""3"", ""rdoq-level"": ""1"", ""rect"": ""1"", ""ref"": ""3"", ""rskip"": ""0"", ""sao"": ""0"", ""scenecut"": ""84"", ""subme"": ""2"", ""tu-inter-depth"": ""3"", ""tu-intra-depth"": ""3"", ""weightb"": ""1"", ""weightp"": ""1"", ""wpp"": ""0""}"
x265,hebo,7303,plain,false,166,21.94,11.39,21.94,11.746615648269653,"['Standard', '320p', 30, '10s']",0.0,11.746517896652222,0.0,"{""amp"": ""1"", ""aq-mode"": ""3"", ""aq-strength"": ""1.8"", ""b-adapt"": ""2"", ""bframes"": ""2"", ""crf"": ""20.0"", ""ctu"": ""16"", ""keyint"": ""163"", ""limit-refs"": ""3"", ""limit-tu"": ""1"", ""me"": ""star"", ""merange"": ""61"", ""open-gop"": ""1"", ""psy-rd"": ""2.5"", ""psy-rdoq"": ""5.0"", ""qcomp"": ""0.75"", ""qpmax"": ""29"", ""qpmin"": ""1"", ""rc-lookahead"": ""34"", ""rd"": ""4"", ""rdoq-level"": ""0"", ""rect"": ""1"", ""ref"": ""6"", ""rskip"": ""1"", ""sao"": ""1"", ""scenecut"": ""59"", ""subme"": ""5"", ""tu-inter-depth"": ""3"", ""tu-intra-depth"": ""1"", ""weightb"": ""1"", ""weightp"": ""1"", ""wpp"": ""0""}"
x265,hebo,7303,plain,false,167,8.61,22.38,8.61,22.72429060935974,"['Standard', '320p', 30, '10s']",0.0,22.724189281463623,0.0,"{""amp"": ""1"", ""aq-mode"": ""3"", ""aq-strength"": ""1.0"", ""b-adapt"": ""2"", ""bframes"": ""6"", ""crf"": ""28.0"", ""ctu"": ""64"", ""keyint"": ""96"", ""limit-refs"": ""2"", ""limit-tu"": ""1"", ""me"": ""full"", ""merange"": ""18"", ""open-gop"": ""1"", ""psy-rd"": ""4.0"", ""psy-rdoq"": ""1.5"", ""qcomp"": ""0.6"", ""qpmax"": ""26"", ""qpmin"": ""8"", ""rc-lookahead"": ""50"", ""rd"": ""4"", ""rdoq-level"": ""2"", ""rect"": ""1"", ""ref"": ""5"", ""rskip"": ""1"", ""sao"": ""0"", ""scenecut"": ""73"", ""subme"": ""2"", ""tu-inter-depth"": ""1"", ""tu-intra-depth"": ""1"", ""weightb"": ""1"", ""weightp"": ""0"", ""wpp"": ""1""}"
x265,hebo,7303,plain,false,168,75.08,3.85,75.08,4.169652223587036,"['Standard', '320p', 30, '10s']",0.0,4.16955304145813,0.0,"{""amp"": ""1"", ""aq-mode"": ""2"", ""aq-strength"": ""0.8"", ""b-adapt"": ""2"", ""bframes"": ""2"", ""crf"": ""28.0"", ""ctu"": ""16"", ""keyint"": ""343"", ""limit-refs"": ""1"", ""limit-tu"": ""2"", ""me"": ""star"", ""merange"": ""33"", ""open-gop"": ""0"", ""psy-rd"": ""4.0"", ""psy-rdoq"": ""3.0"", ""qcomp"": ""0.9"", ""qpmax"": ""36"", ""qpmin"": ""11"", ""rc-lookahead"": ""15"", ""rd"": ""1"", ""rdoq-level"": ""1"", ""rect"": ""0"", ""ref"": ""3"", ""rskip"": ""0"", ""sao"": ""0"", ""scenecut"": ""60"", ""subme"": ""3"", ""tu-inter-depth"": ""1"", ""tu-intra-depth"": ""2"", ""weightb"": ""1"", ""weightp"": ""1"", ""wpp"": ""0""}"
x265,hebo,7303,plain,false,169,1.09,50.0,1.09,50.326632499694824,"['Standard', '320p', 30, '10s']",0.0,50.32652759552002,0.0,"{""amp"": ""0"", ""aq-mode"": ""1"", ""aq-strength"": ""0.0"", ""b-adapt"": ""1"", ""bframes"": ""6"", ""crf"": ""22.0"", ""ctu"": ""64"", ""keyint"": ""398"", ""limit-refs"": ""3"", ""limit-tu"": ""1"", ""me"": ""hex"", ""merange"": ""47"", ""open-gop"": ""1"", ""psy-rd"": ""3.0"", ""psy-rdoq"": ""2.5"", ""qcomp"": ""0.8"", ""qpmax"": ""50"", ""qpmin"": ""7"", ""rc-lookahead"": ""29"", ""rd"": ""6"", ""rdoq-level"": ""1"", ""rect"": ""1"", ""ref"": ""4"", ""rskip"": ""0"", ""sao"": ""1"", ""scenecut"": ""98"", ""subme"": ""1"", ""tu-inter-depth"": ""4"", ""tu-intra-depth"": ""2"", ""weightb"": ""0"", ""weightp"": ""1"", ""wpp"": ""1""}"
x265,hebo,7303,plain,false,170,46.39,5.97,46.39,6.301522254943848,"['Standard', '320p', 30, '10s']",0.0,6.301429748535156,0.0,"{""amp"": ""1"", ""aq-mode"": ""4"", ""aq-strength"": ""1.8"", ""b-adapt"": ""0"", ""bframes"": ""7"", ""crf"": ""20.0"", ""ctu"": ""16"", ""keyint"": ""304"", ""limit-refs"": ""2"", ""limit-tu"": ""3"", ""me"": ""dia"", ""merange"": ""63"", ""open-gop"": ""0"", ""psy-rd"": ""4.0"", ""psy-rdoq"": ""4.0"", ""qcomp"": ""1.0"", ""qpmax"": ""26"", ""qpmin"": ""19"", ""rc-lookahead"": ""34"", ""rd"": ""1"", ""rdoq-level"": ""2"", ""rect"": ""1"", ""ref"": ""3"", ""rskip"": ""1"", ""sao"": ""0"", ""scenecut"": ""72"", ""subme"": ""4"", ""tu-inter-depth"": ""3"", ""tu-intra-depth"": ""3"", ""weightb"": ""1"", ""weightp"": ""0"", ""wpp"": ""0""}"
x265,hebo,7303,plain,false,171,35.35,7.59,35.35,7.921487808227539,"['Standard', '320p', 30, '10s']",0.0,7.921386957168579,0.0,"{""amp"": ""0"", ""aq-mode"": ""0"", ""aq-strength"": ""2.0"", ""b-adapt"": ""2"", ""bframes"": ""8"", ""crf"": ""30.0"", ""ctu"": ""16"", ""keyint"": ""35"", ""limit-refs"": ""3"", ""limit-tu"": ""2"", ""me"": ""full"", ""merange"": ""21"", ""open-gop"": ""0"", ""psy-rd"": ""0.5"", ""psy-rdoq"": ""5.0"", ""qcomp"": ""0.9"", ""qpmax"": ""31"", ""qpmin"": ""3"", ""rc-lookahead"": ""30"", ""rd"": ""1"", ""rdoq-level"": ""2"", ""rect"": ""0"", ""ref"": ""4"", ""rskip"": ""0"", ""sao"": ""1"", ""scenecut"": ""11"", ""subme"": ""4"", ""tu-inter-depth"": ""2"", ""tu-intra-depth"": ""3"", ""weightb"": ""0"", ""weightp"": ""1"", ""wpp"": ""1""}"
x265,hebo,7303,plain,false,172,44.91,6.15,44.91,6.470548152923584,"['Standard', '320p', 30, '10s']",0.0,6.470452785491943,0.0,"{""amp"": ""0"", ""aq-mode"": ""3"", ""aq-strength"": ""0.0"", ""b-adapt"": ""1"", ""bframes"": ""2"", ""crf"": ""25.0"", ""ctu"": ""64"", ""keyint"": ""38"", ""limit-refs"": ""0"", ""limit-tu"": ""3"", ""me"": ""dia"", ""merange"": ""53"", ""open-gop"": ""0"", ""psy-rd"": ""2.0"", ""psy-rdoq"": ""4.5"", ""qcomp"": ""0.5"", ""qpmax"": ""47"", ""qpmin"": ""15"", ""rc-lookahead"": ""35"", ""rd"": ""1"", ""rdoq-level"": ""1"", ""rect"": ""1"", ""ref"": ""6"", ""rskip"": ""0"", ""sao"": ""1"", ""scenecut"": ""36"", ""subme"": ""3"", ""tu-inter-depth"": ""2"", ""tu-intra-depth"": ""1"", ""weightb"": ""0"", ""weightp"": ""0"", ""wpp"": ""0""}"
x265,hebo,7303,plain,false,173,1.19,49.14,1.19,49.471195697784424,"['Standard', '320p', 30, '10s']",0.0,49.471086263656616,0.0,"{""amp"": ""0"", ""aq-mode"": ""2"", ""aq-strength"": ""0.8"", ""b-adapt"": ""0"", ""bframes"": ""5"", ""crf"": ""20.0"", ""ctu"": ""32"", ""keyint"": ""339"", ""limit-refs"": ""0"", ""limit-tu"": ""0"", ""me"": ""star"", ""merange"": ""31"", ""open-gop"": ""1"", ""psy-rd"": ""0.5"", ""psy-rdoq"": ""0.0"", ""qcomp"": ""0.6"", ""qpmax"": ""24"", ""qpmin"": ""1"", ""rc-lookahead"": ""43"", ""rd"": ""6"", ""rdoq-level"": ""1"", ""rect"": ""0"", ""ref"": ""3"", ""rskip"": ""0"", ""sao"": ""1"", ""scenecut"": ""80"", ""subme"": ""1"", ""tu-inter-depth"": ""3"", ""tu-intra-depth"": ""1"", ""weightb"": ""1"", ""weightp"": ""1"", ""wpp"": ""1""}"
x265,hebo,7303,plain,false,174,19.85,12.28,19.85,12.624004364013672,"['Standard', '320p', 30, '10s']",0.0,12.623901844024658,0.0,"{""amp"": ""1"", ""aq-mode"": ""4"", ""aq-strength"": ""1.8"", ""b-adapt"": ""1"", ""bframes"": ""5"", ""crf"": ""25.0"", ""ctu"": ""16"", ""keyint"": ""455"", ""limit-refs"": ""1"", ""limit-tu"": ""4"", ""me"": ""hex"", ""merange"": ""60"", ""open-gop"": ""1"", ""psy-rd"": ""1.0"", ""psy-rdoq"": ""3.5"", ""qcomp"": ""0.5"", ""qpmax"": ""40"", ""qpmin"": ""19"", ""rc-lookahead"": ""15"", ""rd"": ""5"", ""rdoq-level"": ""2"", ""rect"": ""0"", ""ref"": ""6"", ""rskip"": ""0"", ""sao"": ""1"", ""scenecut"": ""6"", ""subme"": ""1"", ""tu-inter-depth"": ""3"", ""tu-intra-depth"": ""3"", ""weightb"": ""1"", ""weightp"": ""1"", ""wpp"": ""1""}"
x265,hebo,7303,plain,false,175,129.29,2.36,129.29,2.8954918384552,"['Standard', '320p', 30, '10s']",0.0,2.8953850269317627,0.0,"{""amp"": ""0"", ""aq-mode"": ""4"", ""aq-strength"": ""0.0"", ""b-adapt"": ""2"", ""bframes"": ""2"", ""crf"": ""32.0"", ""ctu"": ""32"", ""keyint"": ""316"", ""limit-refs"": ""0"", ""limit-tu"": ""3"", ""me"": ""hex"", ""merange"": ""29"", ""open-gop"": ""1"", ""psy-rd"": ""2.5"", ""psy-rdoq"": ""4.5"", ""qcomp"": ""1.0"", ""qpmax"": ""49"", ""qpmin"": ""19"", ""rc-lookahead"": ""30"", ""rd"": ""1"", ""rdoq-level"": ""1"", ""rect"": ""0"", ""ref"": ""6"", ""rskip"": ""1"", ""sao"": ""0"", ""scenecut"": ""53"", ""subme"": ""3"", ""tu-inter-depth"": ""1"", ""tu-intra-depth"": ""4"", ""weightb"": ""1"", ""weightp"": ""0"", ""wpp"": ""1""}"
x265,hebo,7303,plain,false,176,64.59,4.42,64.59,4.757346153259277,"['Standard', '320p', 30, '10s']",0.0,4.757247686386108,0.0,"{""amp"": ""0"", ""aq-mode"": ""1"", ""aq-strength"": ""1.0"", ""b-adapt"": ""1"", ""bframes"": ""5"", ""crf"": ""28.0"", ""ctu"": ""64"", ""keyint"": ""436"", ""limit-refs"": ""2"", ""limit-tu"": ""3"", ""me"": ""star"", ""merange"": ""29"", ""open-gop"": ""1"", ""psy-rd"": ""1.0"", ""psy-rdoq"": ""5.0"", ""qcomp"": ""0.5"", ""qpmax"": ""31"", ""qpmin"": ""18"", ""rc-lookahead"": ""47"", ""rd"": ""1"", ""rdoq-level"": ""2"", ""rect"": ""1"", ""ref"": ""5"", ""rskip"": ""1"", ""sao"": ""0"", ""scenecut"": ""74"", ""subme"": ""5"", ""tu-inter-depth"": ""4"", ""tu-intra-depth"": ""4"", ""weightb"": ""0"", ""weightp"": ""1"", ""wpp"": ""1""}"
x265,hebo,7303,plain,false,177,44.09,6.29,44.09,6.836141347885132,"['Standard', '320p', 30, '10s']",0.0,6.836034774780273,0.0,"{""amp"": ""0"", ""aq-mode"": ""2"", ""aq-strength"": ""0.8"", ""b-adapt"": ""2"", ""bframes"": ""2"", ""crf"": ""20.0"", ""ctu"": ""64"", ""keyint"": ""332"", ""limit-refs"": ""0"", ""limit-tu"": ""1"", ""me"": ""umh"", ""merange"": ""21"", ""open-gop"": ""0"", ""psy-rd"": ""3.5"", ""psy-rdoq"": ""3.5"", ""qcomp"": ""0.7"", ""qpmax"": ""25"", ""qpmin"": ""18"", ""rc-lookahead"": ""41"", ""rd"": ""2"", ""rdoq-level"": ""0"", ""rect"": ""0"", ""ref"": ""5"", ""rskip"": ""1"", ""sao"": ""1"", ""scenecut"": ""19"", ""subme"": ""1"", ""tu-inter-depth"": ""3"", ""tu-intra-depth"": ""2"", ""weightb"": ""0"", ""weightp"": ""1"", ""wpp"": ""0""}"
x265,hebo,7303,plain,false,178,32.83,8.09,32.83,8.417666673660278,"['Standard', '320p', 30, '10s']",0.0,8.417571544647217,0.0,"{""amp"": ""1"", ""aq-mode"": ""2"", ""aq-strength"": ""1.0"", ""b-adapt"": ""2"", ""bframes"": ""4"", ""crf"": ""30.0"", ""ctu"": ""16"", ""keyint"": ""335"", ""limit-refs"": ""2"", ""limit-tu"": ""1"", ""me"": ""umh"", ""merange"": ""64"", ""open-gop"": ""0"", ""psy-rd"": ""1.0"", ""psy-rdoq"": ""4.5"", ""qcomp"": ""1.0"", ""qpmax"": ""29"", ""qpmin"": ""4"", ""rc-lookahead"": ""17"", ""rd"": ""2"", ""rdoq-level"": ""1"", ""rect"": ""1"", ""ref"": ""5"", ""rskip"": ""0"", ""sao"": ""1"", ""scenecut"": ""43"", ""subme"": ""4"", ""tu-inter-depth"": ""3"", ""tu-intra-depth"": ""3"", ""weightb"": ""0"", ""weightp"": ""1"", ""wpp"": ""0""}"
x265,hebo,7303,plain,false,179,47.54,5.84,47.54,6.1653923988342285,"['Standard', '320p', 30, '10s']",0.0,6.165290832519531,0.0,"{""amp"": ""0"", ""aq-mode"": ""4"", ""aq-strength"": ""1.8"", ""b-adapt"": ""1"", ""bframes"": ""8"", ""crf"": ""32.0"", ""ctu"": ""32"", ""keyint"": ""64"", ""limit-refs"": ""2"", ""limit-tu"": ""1"", ""me"": ""star"", ""merange"": ""52"", ""open-gop"": ""0"", ""psy-rd"": ""1.5"", ""psy-rdoq"": ""3.5"", ""qcomp"": ""0.6"", ""qpmax"": ""27"", ""qpmin"": ""12"", ""rc-lookahead"": ""19"", ""rd"": ""1"", ""rdoq-level"": ""2"", ""rect"": ""0"", ""ref"": ""4"", ""rskip"": ""1"", ""sao"": ""0"", ""scenecut"": ""14"", ""subme"": ""4"", ""tu-inter-depth"": ""1"", ""tu-intra-depth"": ""2"", ""weightb"": ""0"", ""weightp"": ""0"", ""wpp"": ""1""}"
x265,hebo,7303,plain,false,180,47.53,5.85,47.53,6.236859083175659,"['Standard', '320p', 30, '10s']",0.0,6.236701011657715,0.0,"{""amp"": ""0"", ""aq-mode"": ""4"", ""aq-strength"": ""1.2"", ""b-adapt"": ""0"", ""bframes"": ""2"", ""crf"": ""32.0"", ""ctu"": ""32"", ""keyint"": ""234"", ""limit-refs"": ""2"", ""limit-tu"": ""4"", ""me"": ""full"", ""merange"": ""19"", ""open-gop"": ""1"", ""psy-rd"": ""3.5"", ""psy-rdoq"": ""1.0"", ""qcomp"": ""0.5"", ""qpmax"": ""38"", ""qpmin"": ""1"", ""rc-lookahead"": ""26"", ""rd"": ""4"", ""rdoq-level"": ""1"", ""rect"": ""0"", ""ref"": ""4"", ""rskip"": ""0"", ""sao"": ""0"", ""scenecut"": ""33"", ""subme"": ""4"", ""tu-inter-depth"": ""2"", ""tu-intra-depth"": ""4"", ""weightb"": ""0"", ""weightp"": ""0"", ""wpp"": ""1""}"
x265,hebo,7303,plain,false,181,27.79,9.32,27.79,9.676011800765991,"['Standard', '320p', 30, '10s']",0.0,9.675910949707031,0.0,"{""amp"": ""0"", ""aq-mode"": ""1"", ""aq-strength"": ""1.5"", ""b-adapt"": ""0"", ""bframes"": ""1"", ""crf"": ""20.0"", ""ctu"": ""16"", ""keyint"": ""427"", ""limit-refs"": ""2"", ""limit-tu"": ""3"", ""me"": ""umh"", ""merange"": ""42"", ""open-gop"": ""0"", ""psy-rd"": ""1.5"", ""psy-rdoq"": ""2.5"", ""qcomp"": ""0.7"", ""qpmax"": ""21"", ""qpmin"": ""14"", ""rc-lookahead"": ""43"", ""rd"": ""3"", ""rdoq-level"": ""1"", ""rect"": ""0"", ""ref"": ""4"", ""rskip"": ""0"", ""sao"": ""0"", ""scenecut"": ""4"", ""subme"": ""2"", ""tu-inter-depth"": ""3"", ""tu-intra-depth"": ""2"", ""weightb"": ""0"", ""weightp"": ""0"", ""wpp"": ""0""}"
x265,hebo,7303,plain,false,182,67.86,4.23,67.86,4.611005544662476,"['Standard', '320p', 30, '10s']",0.0,4.610862731933594,0.0,"{""amp"": ""0"", ""aq-mode"": ""0"", ""aq-strength"": ""0.0"", ""b-adapt"": ""2"", ""bframes"": ""4"", ""crf"": ""28.0"", ""ctu"": ""32"", ""keyint"": ""232"", ""limit-refs"": ""3"", ""limit-tu"": ""1"", ""me"": ""star"", ""merange"": ""47"", ""open-gop"": ""1"", ""psy-rd"": ""1.0"", ""psy-rdoq"": ""2.0"", ""qcomp"": ""0.8"", ""qpmax"": ""51"", ""qpmin"": ""19"", ""rc-lookahead"": ""11"", ""rd"": ""4"", ""rdoq-level"": ""2"", ""rect"": ""1"", ""ref"": ""5"", ""rskip"": ""1"", ""sao"": ""0"", ""scenecut"": ""78"", ""subme"": ""1"", ""tu-inter-depth"": ""1"", ""tu-intra-depth"": ""1"", ""weightb"": ""1"", ""weightp"": ""0"", ""wpp"": ""0""}"
x265,hebo,7303,plain,false,183,47.52,5.84,47.52,6.167520523071289,"['Standard', '320p', 30, '10s']",0.0,6.1674230098724365,0.0,"{""amp"": ""0"", ""aq-mode"": ""2"", ""aq-strength"": ""2.0"", ""b-adapt"": ""0"", ""bframes"": ""1"", ""crf"": ""30.0"", ""ctu"": ""16"", ""keyint"": ""243"", ""limit-refs"": ""0"", ""limit-tu"": ""3"", ""me"": ""umh"", ""merange"": ""34"", ""open-gop"": ""0"", ""psy-rd"": ""2.0"", ""psy-rdoq"": ""0.5"", ""qcomp"": ""0.6"", ""qpmax"": ""25"", ""qpmin"": ""11"", ""rc-lookahead"": ""40"", ""rd"": ""1"", ""rdoq-level"": ""1"", ""rect"": ""0"", ""ref"": ""2"", ""rskip"": ""0"", ""sao"": ""0"", ""scenecut"": ""20"", ""subme"": ""1"", ""tu-inter-depth"": ""3"", ""tu-intra-depth"": ""3"", ""weightb"": ""1"", ""weightp"": ""0"", ""wpp"": ""0""}"
x265,hebo,7303,plain,false,184,103.40,2.86,103.40,3.1746511459350586,"['Standard', '320p', 30, '10s']",0.0,3.1745355129241943,0.0,"{""amp"": ""1"", ""aq-mode"": ""1"", ""aq-strength"": ""1.5"", ""b-adapt"": ""0"", ""bframes"": ""8"", ""crf"": ""25.0"", ""ctu"": ""64"", ""keyint"": ""244"", ""limit-refs"": ""2"", ""limit-tu"": ""2"", ""me"": ""star"", ""merange"": ""16"", ""open-gop"": ""0"", ""psy-rd"": ""2.0"", ""psy-rdoq"": ""5.0"", ""qcomp"": ""0.9"", ""qpmax"": ""48"", ""qpmin"": ""19"", ""rc-lookahead"": ""22"", ""rd"": ""1"", ""rdoq-level"": ""1"", ""rect"": ""0"", ""ref"": ""2"", ""rskip"": ""1"", ""sao"": ""1"", ""scenecut"": ""29"", ""subme"": ""3"", ""tu-inter-depth"": ""3"", ""tu-intra-depth"": ""2"", ""weightb"": ""1"", ""weightp"": ""1"", ""wpp"": ""1""}"
x265,hebo,7303,plain,false,185,2.62,39.94,2.62,40.28486919403076,"['Standard', '320p', 30, '10s']",0.0,40.284767627716064,0.0,"{""amp"": ""1"", ""aq-mode"": ""3"", ""aq-strength"": ""0.8"", ""b-adapt"": ""1"", ""bframes"": ""0"", ""crf"": ""18.0"", ""ctu"": ""32"", ""keyint"": ""459"", ""limit-refs"": ""0"", ""limit-tu"": ""2"", ""me"": ""hex"", ""merange"": ""25"", ""open-gop"": ""1"", ""psy-rd"": ""3.0"", ""psy-rdoq"": ""0.5"", ""qcomp"": ""0.8"", ""qpmax"": ""24"", ""qpmin"": ""15"", ""rc-lookahead"": ""52"", ""rd"": ""4"", ""rdoq-level"": ""1"", ""rect"": ""1"", ""ref"": ""6"", ""rskip"": ""1"", ""sao"": ""0"", ""scenecut"": ""96"", ""subme"": ""3"", ""tu-inter-depth"": ""4"", ""tu-intra-depth"": ""4"", ""weightb"": ""0"", ""weightp"": ""1"", ""wpp"": ""0""}"
x265,hebo,7303,plain,false,186,30.17,8.7,30.17,9.02110767364502,"['Standard', '320p', 30, '10s']",0.0,9.021002531051636,0.0,"{""amp"": ""0"", ""aq-mode"": ""2"", ""aq-strength"": ""1.0"", ""b-adapt"": ""2"", ""bframes"": ""8"", ""crf"": ""28.0"", ""ctu"": ""64"", ""keyint"": ""268"", ""limit-refs"": ""0"", ""limit-tu"": ""1"", ""me"": ""umh"", ""merange"": ""36"", ""open-gop"": ""0"", ""psy-rd"": ""2.5"", ""psy-rdoq"": ""3.0"", ""qcomp"": ""0.6"", ""qpmax"": ""41"", ""qpmin"": ""16"", ""rc-lookahead"": ""39"", ""rd"": ""2"", ""rdoq-level"": ""0"", ""rect"": ""1"", ""ref"": ""6"", ""rskip"": ""1"", ""sao"": ""0"", ""scenecut"": ""39"", ""subme"": ""5"", ""tu-inter-depth"": ""4"", ""tu-intra-depth"": ""3"", ""weightb"": ""1"", ""weightp"": ""1"", ""wpp"": ""1""}"
x265,hebo,7303,plain,false,187,26.84,9.6,26.84,9.945228815078735,"['Standard', '320p', 30, '10s']",0.0,9.945130109786987,0.0,"{""amp"": ""0"", ""aq-mode"": ""3"", ""aq-strength"": ""1.8"", ""b-adapt"": ""1"", ""bframes"": ""0"", ""crf"": ""28.0"", ""ctu"": ""64"", ""keyint"": ""259"", ""limit-refs"": ""1"", ""limit-tu"": ""4"", ""me"": ""hex"", ""merange"": ""34"", ""open-gop"": ""1"", ""psy-rd"": ""3.0"", ""psy-rdoq"": ""4.0"", ""qcomp"": ""0.6"", ""qpmax"": ""24"", ""qpmin"": ""12"", ""rc-lookahead"": ""20"", ""rd"": ""2"", ""rdoq-level"": ""1"", ""rect"": ""0"", ""ref"": ""5"", ""rskip"": ""0"", ""sao"": ""0"", ""scenecut"": ""20"", ""subme"": ""4"", ""tu-inter-depth"": ""1"", ""tu-intra-depth"": ""3"", ""weightb"": ""0"", ""weightp"": ""0"", ""wpp"": ""0""}"
x265,hebo,7303,plain,false,188,11.84,18.11,11.84,18.434871673583984,"['Standard', '320p', 30, '10s']",0.0,18.434762477874756,0.0,"{""amp"": ""0"", ""aq-mode"": ""2"", ""aq-strength"": ""0.5"", ""b-adapt"": ""1"", ""bframes"": ""7"", ""crf"": ""20.0"", ""ctu"": ""32"", ""keyint"": ""360"", ""limit-refs"": ""0"", ""limit-tu"": ""0"", ""me"": ""umh"", ""merange"": ""17"", ""open-gop"": ""1"", ""psy-rd"": ""3.5"", ""psy-rdoq"": ""0.5"", ""qcomp"": ""0.6"", ""qpmax"": ""28"", ""qpmin"": ""0"", ""rc-lookahead"": ""42"", ""rd"": ""4"", ""rdoq-level"": ""0"", ""rect"": ""1"", ""ref"": ""3"", ""rskip"": ""0"", ""sao"": ""0"", ""scenecut"": ""49"", ""subme"": ""5"", ""tu-inter-depth"": ""3"", ""tu-intra-depth"": ""3"", ""weightb"": ""0"", ""weightp"": ""1"", ""wpp"": ""0""}"
x265,hebo,7303,plain,false,189,0.71,53.28,0.71,53.61096739768982,"['Standard', '320p', 30, '10s']",0.0,53.61086344718933,0.0,"{""amp"": ""1"", ""aq-mode"": ""3"", ""aq-strength"": ""2.0"", ""b-adapt"": ""1"", ""bframes"": ""6"", ""crf"": ""20.0"", ""ctu"": ""64"", ""keyint"": ""496"", ""limit-refs"": ""2"", ""limit-tu"": ""3"", ""me"": ""umh"", ""merange"": ""41"", ""open-gop"": ""1"", ""psy-rd"": ""3.5"", ""psy-rdoq"": ""0.0"", ""qcomp"": ""0.7"", ""qpmax"": ""33"", ""qpmin"": ""10"", ""rc-lookahead"": ""49"", ""rd"": ""5"", ""rdoq-level"": ""1"", ""rect"": ""1"", ""ref"": ""6"", ""rskip"": ""1"", ""sao"": ""1"", ""scenecut"": ""94"", ""subme"": ""5"", ""tu-inter-depth"": ""1"", ""tu-intra-depth"": ""3"", ""weightb"": ""1"", ""weightp"": ""0"", ""wpp"": ""0""}"
x265,hebo,7303,plain,false,190,7.60,24.19,7.60,24.521398067474365,"['Standard', '320p', 30, '10s']",0.0,24.521286010742188,0.0,"{""amp"": ""0"", ""aq-mode"": ""3"", ""aq-strength"": ""1.8"", ""b-adapt"": ""2"", ""bframes"": ""8"", ""crf"": ""18.0"", ""ctu"": ""64"", ""keyint"": ""479"", ""limit-refs"": ""1"", ""limit-tu"": ""1"", ""me"": ""dia"", ""merange"": ""39"", ""open-gop"": ""0"", ""psy-rd"": ""1.5"", ""psy-rdoq"": ""4.5"", ""qcomp"": ""0.9"", ""qpmax"": ""43"", ""qpmin"": ""15"", ""rc-lookahead"": ""50"", ""rd"": ""4"", ""rdoq-level"": ""1"", ""rect"": ""1"", ""ref"": ""5"", ""rskip"": ""0"", ""sao"": ""1"", ""scenecut"": ""18"", ""subme"": ""4"", ""tu-inter-depth"": ""4"", ""tu-intra-depth"": ""1"", ""weightb"": ""1"", ""weightp"": ""0"", ""wpp"": ""1""}"
x265,hebo,7303,plain,false,191,87.08,3.36,87.08,3.681074857711792,"['Standard', '320p', 30, '10s']",0.0,3.6809818744659424,0.0,"{""amp"": ""1"", ""aq-mode"": ""1"", ""aq-strength"": ""0.5"", ""b-adapt"": ""0"", ""bframes"": ""4"", ""crf"": ""32.0"", ""ctu"": ""16"", ""keyint"": ""419"", ""limit-refs"": ""2"", ""limit-tu"": ""4"", ""me"": ""hex"", ""merange"": ""38"", ""open-gop"": ""1"", ""psy-rd"": ""3.5"", ""psy-rdoq"": ""3.0"", ""qcomp"": ""0.6"", ""qpmax"": ""46"", ""qpmin"": ""12"", ""rc-lookahead"": ""44"", ""rd"": ""2"", ""rdoq-level"": ""2"", ""rect"": ""1"", ""ref"": ""6"", ""rskip"": ""1"", ""sao"": ""0"", ""scenecut"": ""65"", ""subme"": ""3"", ""tu-inter-depth"": ""3"", ""tu-intra-depth"": ""3"", ""weightb"": ""0"", ""weightp"": ""1"", ""wpp"": ""1""}"
x265,hebo,7303,plain,false,192,34.09,7.83,34.09,8.162632703781128,"['Standard', '320p', 30, '10s']",0.0,8.162539720535278,0.0,"{""amp"": ""0"", ""aq-mode"": ""4"", ""aq-strength"": ""1.8"", ""b-adapt"": ""2"", ""bframes"": ""4"", ""crf"": ""22.0"", ""ctu"": ""16"", ""keyint"": ""451"", ""limit-refs"": ""1"", ""limit-tu"": ""4"", ""me"": ""hex"", ""merange"": ""32"", ""open-gop"": ""1"", ""psy-rd"": ""3.5"", ""psy-rdoq"": ""5.0"", ""qcomp"": ""0.6"", ""qpmax"": ""45"", ""qpmin"": ""18"", ""rc-lookahead"": ""28"", ""rd"": ""4"", ""rdoq-level"": ""2"", ""rect"": ""1"", ""ref"": ""1"", ""rskip"": ""0"", ""sao"": ""1"", ""scenecut"": ""57"", ""subme"": ""5"", ""tu-inter-depth"": ""3"", ""tu-intra-depth"": ""3"", ""weightb"": ""1"", ""weightp"": ""1"", ""wpp"": ""1""}"
x265,hebo,7303,plain,false,193,35.10,7.64,35.10,7.973816633224487,"['Standard', '320p', 30, '10s']",0.0,7.9737160205841064,0.0,"{""amp"": ""1"", ""aq-mode"": ""1"", ""aq-strength"": ""1.0"", ""b-adapt"": ""1"", ""bframes"": ""8"", ""crf"": ""20.0"", ""ctu"": ""64"", ""keyint"": ""146"", ""limit-refs"": ""1"", ""limit-tu"": ""2"", ""me"": ""hex"", ""merange"": ""19"", ""open-gop"": ""0"", ""psy-rd"": ""3.5"", ""psy-rdoq"": ""3.5"", ""qcomp"": ""0.7"", ""qpmax"": ""44"", ""qpmin"": ""11"", ""rc-lookahead"": ""25"", ""rd"": ""4"", ""rdoq-level"": ""0"", ""rect"": ""1"", ""ref"": ""3"", ""rskip"": ""1"", ""sao"": ""1"", ""scenecut"": ""12"", ""subme"": ""1"", ""tu-inter-depth"": ""1"", ""tu-intra-depth"": ""1"", ""weightb"": ""0"", ""weightp"": ""0"", ""wpp"": ""1""}"
x265,hebo,7303,plain,false,194,138.61,2.17,138.61,2.4823036193847656,"['Standard', '320p', 30, '10s']",0.0,2.4822099208831787,0.0,"{""amp"": ""1"", ""aq-mode"": ""1"", ""aq-strength"": ""2.0"", ""b-adapt"": ""1"", ""bframes"": ""2"", ""crf"": ""32.0"", ""ctu"": ""64"", ""keyint"": ""318"", ""limit-refs"": ""0"", ""limit-tu"": ""3"", ""me"": ""star"", ""merange"": ""28"", ""open-gop"": ""0"", ""psy-rd"": ""4.0"", ""psy-rdoq"": ""5.0"", ""qcomp"": ""1.0"", ""qpmax"": ""38"", ""qpmin"": ""9"", ""rc-lookahead"": ""30"", ""rd"": ""1"", ""rdoq-level"": ""1"", ""rect"": ""0"", ""ref"": ""5"", ""rskip"": ""1"", ""sao"": ""0"", ""scenecut"": ""13"", ""subme"": ""5"", ""tu-inter-depth"": ""1"", ""tu-intra-depth"": ""1"", ""weightb"": ""1"", ""weightp"": ""1"", ""wpp"": ""1""}"
x265,hebo,7303,plain,false,195,21.63,11.47,21.63,11.801652431488037,"['Standard', '320p', 30, '10s']",0.0,11.8015615940094,0.0,"{""amp"": ""1"", ""aq-mode"": ""4"", ""aq-strength"": ""0.0"", ""b-adapt"": ""2"", ""bframes"": ""0"", ""crf"": ""25.0"", ""ctu"": ""32"", ""keyint"": ""345"", ""limit-refs"": ""2"", ""limit-tu"": ""4"", ""me"": ""star"", ""merange"": ""62"", ""open-gop"": ""0"", ""psy-rd"": ""1.0"", ""psy-rdoq"": ""4.5"", ""qcomp"": ""1.0"", ""qpmax"": ""29"", ""qpmin"": ""16"", ""rc-lookahead"": ""25"", ""rd"": ""4"", ""rdoq-level"": ""1"", ""rect"": ""1"", ""ref"": ""3"", ""rskip"": ""1"", ""sao"": ""0"", ""scenecut"": ""60"", ""subme"": ""5"", ""tu-inter-depth"": ""3"", ""tu-intra-depth"": ""4"", ""weightb"": ""1"", ""weightp"": ""0"", ""wpp"": ""0""}"
x265,hebo,7303,plain,false,196,5.04,30.32,5.04,30.635297775268555,"['Standard', '320p', 30, '10s']",0.0,30.635197639465332,0.0,"{""amp"": ""1"", ""aq-mode"": ""1"", ""aq-strength"": ""1.0"", ""b-adapt"": ""2"", ""bframes"": ""8"", ""crf"": ""22.0"", ""ctu"": ""16"", ""keyint"": ""435"", ""limit-refs"": ""2"", ""limit-tu"": ""3"", ""me"": ""star"", ""merange"": ""45"", ""open-gop"": ""1"", ""psy-rd"": ""2.0"", ""psy-rdoq"": ""3.0"", ""qcomp"": ""1.0"", ""qpmax"": ""36"", ""qpmin"": ""1"", ""rc-lookahead"": ""42"", ""rd"": ""5"", ""rdoq-level"": ""2"", ""rect"": ""1"", ""ref"": ""5"", ""rskip"": ""1"", ""sao"": ""1"", ""scenecut"": ""44"", ""subme"": ""5"", ""tu-inter-depth"": ""3"", ""tu-intra-depth"": ""3"", ""weightb"": ""1"", ""weightp"": ""0"", ""wpp"": ""1""}"
x265,hebo,7303,plain,false,197,65.49,4.37,65.49,4.70253849029541,"['Standard', '320p', 30, '10s']",0.0,4.70243763923645,0.0,"{""amp"": ""0"", ""aq-mode"": ""3"", ""aq-strength"": ""1.5"", ""b-adapt"": ""1"", ""bframes"": ""4"", ""crf"": ""28.0"", ""ctu"": ""64"", ""keyint"": ""48"", ""limit-refs"": ""3"", ""limit-tu"": ""3"", ""me"": ""dia"", ""merange"": ""53"", ""open-gop"": ""0"", ""psy-rd"": ""2.5"", ""psy-rdoq"": ""4.5"", ""qcomp"": ""0.75"", ""qpmax"": ""25"", ""qpmin"": ""3"", ""rc-lookahead"": ""44"", ""rd"": ""2"", ""rdoq-level"": ""0"", ""rect"": ""0"", ""ref"": ""1"", ""rskip"": ""0"", ""sao"": ""1"", ""scenecut"": ""92"", ""subme"": ""2"", ""tu-inter-depth"": ""4"", ""tu-intra-depth"": ""2"", ""weightb"": ""0"", ""weightp"": ""0"", ""wpp"": ""0""}"
x265,hebo,7303,plain,false,198,67.92,4.22,67.92,4.555460691452026,"['Standard', '320p', 30, '10s']",0.0,4.555364608764648,0.0,"{""amp"": ""0"", ""aq-mode"": ""3"", ""aq-strength"": ""1.8"", ""b-adapt"": ""2"", ""bframes"": ""4"", ""crf"": ""30.0"", ""ctu"": ""64"", ""keyint"": ""445"", ""limit-refs"": ""0"", ""limit-tu"": ""0"", ""me"": ""dia"", ""merange"": ""48"", ""open-gop"": ""1"", ""psy-rd"": ""2.5"", ""psy-rdoq"": ""1.0"", ""qcomp"": ""0.5"", ""qpmax"": ""47"", ""qpmin"": ""17"", ""rc-lookahead"": ""43"", ""rd"": ""3"", ""rdoq-level"": ""1"", ""rect"": ""0"", ""ref"": ""1"", ""rskip"": ""1"", ""sao"": ""1"", ""scenecut"": ""57"", ""subme"": ""1"", ""tu-inter-depth"": ""2"", ""tu-intra-depth"": ""2"", ""weightb"": ""1"", ""weightp"": ""1"", ""wpp"": ""1""}"
x265,hebo,7303,plain,false,199,10.81,19.28,10.81,19.616187572479248,"['Standard', '320p', 30, '10s']",0.0,19.61607813835144,0.0,"{""amp"": ""0"", ""aq-mode"": ""2"", ""aq-strength"": ""1.0"", ""b-adapt"": ""1"", ""bframes"": ""1"", ""crf"": ""30.0"", ""ctu"": ""32"", ""keyint"": ""173"", ""limit-refs"": ""0"", ""limit-tu"": ""2"", ""me"": ""full"", ""merange"": ""29"", ""open-gop"": ""0"", ""psy-rd"": ""4.0"", ""psy-rdoq"": ""0.5"", ""qcomp"": ""0.7"", ""qpmax"": ""21"", ""qpmin"": ""5"", ""rc-lookahead"": ""14"", ""rd"": ""1"", ""rdoq-level"": ""0"", ""rect"": ""0"", ""ref"": ""3"", ""rskip"": ""1"", ""sao"": ""0"", ""scenecut"": ""34"", ""subme"": ""4"", ""tu-inter-depth"": ""1"", ""tu-intra-depth"": ""3"", ""weightb"": ""0"", ""weightp"": ""0"", ""wpp"": ""1""}"
x265,hebo,7303,plain,false,200,8.29,22.92,8.29,23.25292205810547,"['Standard', '320p', 30, '10s']",0.0,23.252814054489136,0.0,"{""amp"": ""0"", ""aq-mode"": ""1"", ""aq-strength"": ""0.5"", ""b-adapt"": ""0"", ""bframes"": ""1"", ""crf"": ""20.0"", ""ctu"": ""64"", ""keyint"": ""235"", ""limit-refs"": ""2"", ""limit-tu"": ""3"", ""me"": ""full"", ""merange"": ""23"", ""open-gop"": ""0"", ""psy-rd"": ""4.0"", ""psy-rdoq"": ""2.5"", ""qcomp"": ""0.6"", ""qpmax"": ""23"", ""qpmin"": ""0"", ""rc-lookahead"": ""21"", ""rd"": ""3"", ""rdoq-level"": ""0"", ""rect"": ""0"", ""ref"": ""5"", ""rskip"": ""1"", ""sao"": ""1"", ""scenecut"": ""6"", ""subme"": ""4"", ""tu-inter-depth"": ""2"", ""tu-intra-depth"": ""3"", ""weightb"": ""0"", ""weightp"": ""0"", ""wpp"": ""0""}"
x265,hebo,7304,plain,false,1,15.58,14.83,15.58,15.147258043289185,"['Standard', '320p', 30, '10s']",0.0,15.146581172943115,0.0,"{""amp"": ""1"", ""aq-mode"": ""1"", ""aq-strength"": ""1.2"", ""b-adapt"": ""0"", ""bframes"": ""0"", ""crf"": ""30.0"", ""ctu"": ""16"", ""keyint"": ""416"", ""limit-refs"": ""0"", ""limit-tu"": ""0"", ""me"": ""umh"", ""merange"": ""47"", ""open-gop"": ""1"", ""psy-rd"": ""1.5"", ""psy-rdoq"": ""2.5"", ""qcomp"": ""0.9"", ""qpmax"": ""34"", ""qpmin"": ""15"", ""rc-lookahead"": ""16"", ""rd"": ""5"", ""rdoq-level"": ""1"", ""rect"": ""0"", ""ref"": ""2"", ""rskip"": ""1"", ""sao"": ""0"", ""scenecut"": ""72"", ""subme"": ""3"", ""tu-inter-depth"": ""2"", ""tu-intra-depth"": ""2"", ""weightb"": ""1"", ""weightp"": ""1"", ""wpp"": ""0""}"
x265,hebo,7304,plain,false,2,21.68,11.45,21.68,11.78721284866333,"['Standard', '320p', 30, '10s']",0.0,11.787113428115845,0.0,"{""amp"": ""0"", ""aq-mode"": ""3"", ""aq-strength"": ""0.8"", ""b-adapt"": ""2"", ""bframes"": ""7"", ""crf"": ""18.0"", ""ctu"": ""64"", ""keyint"": ""186"", ""limit-refs"": ""2"", ""limit-tu"": ""3"", ""me"": ""star"", ""merange"": ""23"", ""open-gop"": ""0"", ""psy-rd"": ""4.0"", ""psy-rdoq"": ""0.5"", ""qcomp"": ""0.7"", ""qpmax"": ""46"", ""qpmin"": ""4"", ""rc-lookahead"": ""48"", ""rd"": ""2"", ""rdoq-level"": ""1"", ""rect"": ""1"", ""ref"": ""4"", ""rskip"": ""0"", ""sao"": ""1"", ""scenecut"": ""21"", ""subme"": ""2"", ""tu-inter-depth"": ""3"", ""tu-intra-depth"": ""3"", ""weightb"": ""0"", ""weightp"": ""0"", ""wpp"": ""1""}"
x265,hebo,7304,plain,false,3,8.66,22.31,8.66,22.651062726974487,"['Standard', '320p', 30, '10s']",0.0,22.65097427368164,0.0,"{""amp"": ""0"", ""aq-mode"": ""0"", ""aq-strength"": ""1.8"", ""b-adapt"": ""1"", ""bframes"": ""5"", ""crf"": ""25.0"", ""ctu"": ""32"", ""keyint"": ""133"", ""limit-refs"": ""1"", ""limit-tu"": ""1"", ""me"": ""full"", ""merange"": ""37"", ""open-gop"": ""1"", ""psy-rd"": ""0.5"", ""psy-rdoq"": ""4.5"", ""qcomp"": ""0.8"", ""qpmax"": ""25"", ""qpmin"": ""9"", ""rc-lookahead"": ""46"", ""rd"": ""3"", ""rdoq-level"": ""2"", ""rect"": ""0"", ""ref"": ""5"", ""rskip"": ""1"", ""sao"": ""0"", ""scenecut"": ""85"", ""subme"": ""3"", ""tu-inter-depth"": ""1"", ""tu-intra-depth"": ""3"", ""weightb"": ""0"", ""weightp"": ""1"", ""wpp"": ""1""}"
x265,hebo,7304,plain,false,4,46.34,5.97,46.34,6.296452760696411,"['Standard', '320p', 30, '10s']",0.0,6.2963645458221436,0.0,"{""amp"": ""1"", ""aq-mode"": ""2"", ""aq-strength"": ""0.8"", ""b-adapt"": ""1"", ""bframes"": ""2"", ""crf"": ""28.0"", ""ctu"": ""32"", ""keyint"": ""378"", ""limit-refs"": ""3"", ""limit-tu"": ""2"", ""me"": ""hex"", ""merange"": ""61"", ""open-gop"": ""0"", ""psy-rd"": ""3.0"", ""psy-rdoq"": ""1.5"", ""qcomp"": ""0.5"", ""qpmax"": ""39"", ""qpmin"": ""11"", ""rc-lookahead"": ""30"", ""rd"": ""4"", ""rdoq-level"": ""0"", ""rect"": ""1"", ""ref"": ""1"", ""rskip"": ""0"", ""sao"": ""1"", ""scenecut"": ""35"", ""subme"": ""4"", ""tu-inter-depth"": ""3"", ""tu-intra-depth"": ""1"", ""weightb"": ""1"", ""weightp"": ""0"", ""wpp"": ""0""}"
x265,hebo,7304,plain,false,5,60.87,4.67,60.87,4.992307662963867,"['Standard', '320p', 30, '10s']",0.0,4.992218255996704,0.0,"{""amp"": ""1"", ""aq-mode"": ""1"", ""aq-strength"": ""1.8"", ""b-adapt"": ""1"", ""bframes"": ""4"", ""crf"": ""22.0"", ""ctu"": ""64"", ""keyint"": ""296"", ""limit-refs"": ""3"", ""limit-tu"": ""3"", ""me"": ""hex"", ""merange"": ""44"", ""open-gop"": ""1"", ""psy-rd"": ""1.5"", ""psy-rdoq"": ""4.0"", ""qcomp"": ""0.9"", ""qpmax"": ""41"", ""qpmin"": ""13"", ""rc-lookahead"": ""40"", ""rd"": ""2"", ""rdoq-level"": ""0"", ""rect"": ""0"", ""ref"": ""6"", ""rskip"": ""0"", ""sao"": ""1"", ""scenecut"": ""99"", ""subme"": ""5"", ""tu-inter-depth"": ""3"", ""tu-intra-depth"": ""4"", ""weightb"": ""1"", ""weightp"": ""1"", ""wpp"": ""0""}"
x265,hebo,7304,plain,false,6,3.86,34.36,3.86,34.699713706970215,"['Standard', '320p', 30, '10s']",0.0,34.699620723724365,0.0,"{""amp"": ""0"", ""aq-mode"": ""3"", ""aq-strength"": ""1.0"", ""b-adapt"": ""1"", ""bframes"": ""3"", ""crf"": ""28.0"", ""ctu"": ""16"", ""keyint"": ""66"", ""limit-refs"": ""1"", ""limit-tu"": ""2"", ""me"": ""umh"", ""merange"": ""20"", ""open-gop"": ""0"", ""psy-rd"": ""3.0"", ""psy-rdoq"": ""2.0"", ""qcomp"": ""0.75"", ""qpmax"": ""23"", ""qpmin"": ""7"", ""rc-lookahead"": ""23"", ""rd"": ""5"", ""rdoq-level"": ""2"", ""rect"": ""1"", ""ref"": ""2"", ""rskip"": ""1"", ""sao"": ""0"", ""scenecut"": ""49"", ""subme"": ""2"", ""tu-inter-depth"": ""2"", ""tu-intra-depth"": ""1"", ""weightb"": ""0"", ""weightp"": ""0"", ""wpp"": ""1""}"
x265,hebo,7304,plain,false,7,64.98,4.4,64.98,4.731284856796265,"['Standard', '320p', 30, '10s']",0.0,4.731195449829102,0.0,"{""amp"": ""0"", ""aq-mode"": ""2"", ""aq-strength"": ""1.5"", ""b-adapt"": ""0"", ""bframes"": ""1"", ""crf"": ""30.0"", ""ctu"": ""32"", ""keyint"": ""250"", ""limit-refs"": ""2"", ""limit-tu"": ""4"", ""me"": ""star"", ""merange"": ""28"", ""open-gop"": ""1"", ""psy-rd"": ""0.5"", ""psy-rdoq"": ""3.0"", ""qcomp"": ""0.8"", ""qpmax"": ""48"", ""qpmin"": ""2"", ""rc-lookahead"": ""22"", ""rd"": ""4"", ""rdoq-level"": ""1"", ""rect"": ""0"", ""ref"": ""3"", ""rskip"": ""0"", ""sao"": ""1"", ""scenecut"": ""57"", ""subme"": ""1"", ""tu-inter-depth"": ""4"", ""tu-intra-depth"": ""2"", ""weightb"": ""0"", ""weightp"": ""1"", ""wpp"": ""1""}"
x265,hebo,7304,plain,false,8,14.23,15.87,14.23,16.209238052368164,"['Standard', '320p', 30, '10s']",0.0,16.209151029586792,0.0,"{""amp"": ""1"", ""aq-mode"": ""4"", ""aq-strength"": ""0.0"", ""b-adapt"": ""2"", ""bframes"": ""6"", ""crf"": ""20.0"", ""ctu"": ""32"", ""keyint"": ""495"", ""limit-refs"": ""0"", ""limit-tu"": ""1"", ""me"": ""dia"", ""merange"": ""52"", ""open-gop"": ""0"", ""psy-rd"": ""2.0"", ""psy-rdoq"": ""0.0"", ""qcomp"": ""0.6"", ""qpmax"": ""31"", ""qpmin"": ""18"", ""rc-lookahead"": ""55"", ""rd"": ""3"", ""rdoq-level"": ""1"", ""rect"": ""1"", ""ref"": ""4"", ""rskip"": ""1"", ""sao"": ""0"", ""scenecut"": ""7"", ""subme"": ""4"", ""tu-inter-depth"": ""2"", ""tu-intra-depth"": ""3"", ""weightb"": ""1"", ""weightp"": ""0"", ""wpp"": ""0""}"
x265,hebo,7304,plain,false,9,60.87,4.67,60.87,4.9854207038879395,"['Standard', '320p', 30, '10s']",0.0,4.985332727432251,0.0,"{""amp"": ""1"", ""aq-mode"": ""0"", ""aq-strength"": ""0.5"", ""b-adapt"": ""1"", ""bframes"": ""5"", ""crf"": ""30.0"", ""ctu"": ""16"", ""keyint"": ""403"", ""limit-refs"": ""3"", ""limit-tu"": ""2"", ""me"": ""star"", ""merange"": ""59"", ""open-gop"": ""1"", ""psy-rd"": ""3.5"", ""psy-rdoq"": ""4.5"", ""qcomp"": ""0.6"", ""qpmax"": ""42"", ""qpmin"": ""9"", ""rc-lookahead"": ""58"", ""rd"": ""4"", ""rdoq-level"": ""2"", ""rect"": ""0"", ""ref"": ""6"", ""rskip"": ""0"", ""sao"": ""1"", ""scenecut"": ""40"", ""subme"": ""2"", ""tu-inter-depth"": ""3"", ""tu-intra-depth"": ""3"", ""weightb"": ""0"", ""weightp"": ""1"", ""wpp"": ""1""}"
x265,hebo,7304,plain,false,10,23.00,10.96,23.00,11.510727882385254,"['Standard', '320p', 30, '10s']",0.0,11.510626316070557,0.0,"{""amp"": ""0"", ""aq-mode"": ""2"", ""aq-strength"": ""1.2"", ""b-adapt"": ""1"", ""bframes"": ""4"", ""crf"": ""20.0"", ""ctu"": ""64"", ""keyint"": ""173"", ""limit-refs"": ""1"", ""limit-tu"": ""3"", ""me"": ""dia"", ""merange"": ""35"", ""open-gop"": ""0"", ""psy-rd"": ""1.0"", ""psy-rdoq"": ""2.5"", ""qcomp"": ""0.8"", ""qpmax"": ""20"", ""qpmin"": ""12"", ""rc-lookahead"": ""18"", ""rd"": ""3"", ""rdoq-level"": ""0"", ""rect"": ""1"", ""ref"": ""2"", ""rskip"": ""1"", ""sao"": ""0"", ""scenecut"": ""90"", ""subme"": ""3"", ""tu-inter-depth"": ""1"", ""tu-intra-depth"": ""1"", ""weightb"": ""1"", ""weightp"": ""0"", ""wpp"": ""0""}"
x265,hebo,7304,plain,false,11,38.71,7.02,38.71,7.342356204986572,"['Standard', '320p', 30, '10s']",0.0,7.342267751693726,0.0,"{""amp"": ""0"", ""aq-mode"": ""1"", ""aq-strength"": ""1.0"", ""b-adapt"": ""0"", ""bframes"": ""2"", ""crf"": ""22.0"", ""ctu"": ""32"", ""keyint"": ""90"", ""limit-refs"": ""2"", ""limit-tu"": ""1"", ""me"": ""hex"", ""merange"": ""25"", ""open-gop"": ""1"", ""psy-rd"": ""2.5"", ""psy-rdoq"": ""3.5"", ""qcomp"": ""0.7"", ""qpmax"": ""49"", ""qpmin"": ""16"", ""rc-lookahead"": ""26"", ""rd"": ""2"", ""rdoq-level"": ""1"", ""rect"": ""0"", ""ref"": ""3"", ""rskip"": ""0"", ""sao"": ""1"", ""scenecut"": ""4"", ""subme"": ""4"", ""tu-inter-depth"": ""4"", ""tu-intra-depth"": ""2"", ""weightb"": ""1"", ""weightp"": ""1"", ""wpp"": ""0""}"
x265,hebo,7304,plain,false,12,5.41,29.25,5.41,29.576558589935303,"['Standard', '320p', 30, '10s']",0.0,29.576465606689453,0.0,"{""amp"": ""1"", ""aq-mode"": ""3"", ""aq-strength"": ""2.0"", ""b-adapt"": ""2"", ""bframes"": ""7"", ""crf"": ""28.0"", ""ctu"": ""32"", ""keyint"": ""335"", ""limit-refs"": ""0"", ""limit-tu"": ""4"", ""me"": ""umh"", ""merange"": ""49"", ""open-gop"": ""0"", ""psy-rd"": ""0.0"", ""psy-rdoq"": ""0.5"", ""qcomp"": ""1.0"", ""qpmax"": ""29"", ""qpmin"": ""3"", ""rc-lookahead"": ""38"", ""rd"": ""5"", ""rdoq-level"": ""1"", ""rect"": ""1"", ""ref"": ""4"", ""rskip"": ""1"", ""sao"": ""0"", ""scenecut"": ""53"", ""subme"": ""3"", ""tu-inter-depth"": ""2"", ""tu-intra-depth"": ""3"", ""weightb"": ""0"", ""weightp"": ""0"", ""wpp"": ""1""}"
x265,hebo,7304,plain,false,13,5.57,28.81,5.57,29.14478898048401,"['Standard', '320p', 30, '10s']",0.0,29.144693851470947,0.0,"{""amp"": ""1"", ""aq-mode"": ""2"", ""aq-strength"": ""1.0"", ""b-adapt"": ""0"", ""bframes"": ""1"", ""crf"": ""22.0"", ""ctu"": ""64"", ""keyint"": ""279"", ""limit-refs"": ""1"", ""limit-tu"": ""3"", ""me"": ""full"", ""merange"": ""56"", ""open-gop"": ""1"", ""psy-rd"": ""3.5"", ""psy-rdoq"": ""3.0"", ""qcomp"": ""0.6"", ""qpmax"": ""35"", ""qpmin"": ""0"", ""rc-lookahead"": ""32"", ""rd"": ""2"", ""rdoq-level"": ""1"", ""rect"": ""0"", ""ref"": ""3"", ""rskip"": ""1"", ""sao"": ""0"", ""scenecut"": ""18"", ""subme"": ""2"", ""tu-inter-depth"": ""2"", ""tu-intra-depth"": ""2"", ""weightb"": ""0"", ""weightp"": ""1"", ""wpp"": ""1""}"
x265,hebo,7304,plain,false,14,8.44,22.68,8.44,23.004164695739746,"['Standard', '320p', 30, '10s']",0.0,23.004075527191162,0.0,"{""amp"": ""0"", ""aq-mode"": ""4"", ""aq-strength"": ""1.5"", ""b-adapt"": ""2"", ""bframes"": ""8"", ""crf"": ""25.0"", ""ctu"": ""16"", ""keyint"": ""49"", ""limit-refs"": ""2"", ""limit-tu"": ""0"", ""me"": ""hex"", ""merange"": ""32"", ""open-gop"": ""0"", ""psy-rd"": ""2.0"", ""psy-rdoq"": ""1.0"", ""qcomp"": ""0.75"", ""qpmax"": ""44"", ""qpmin"": ""19"", ""rc-lookahead"": ""44"", ""rd"": ""5"", ""rdoq-level"": ""1"", ""rect"": ""1"", ""ref"": ""4"", ""rskip"": ""0"", ""sao"": ""1"", ""scenecut"": ""67"", ""subme"": ""5"", ""tu-inter-depth"": ""3"", ""tu-intra-depth"": ""3"", ""weightb"": ""1"", ""weightp"": ""0"", ""wpp"": ""0""}"
x265,hebo,7304,plain,false,15,13.40,16.59,13.40,16.92174983024597,"['Standard', '320p', 30, '10s']",0.0,16.92166233062744,0.0,"{""amp"": ""0"", ""aq-mode"": ""1"", ""aq-strength"": ""0.0"", ""b-adapt"": ""1"", ""bframes"": ""6"", ""crf"": ""32.0"", ""ctu"": ""32"", ""keyint"": ""204"", ""limit-refs"": ""1"", ""limit-tu"": ""2"", ""me"": ""umh"", ""merange"": ""16"", ""open-gop"": ""1"", ""psy-rd"": ""2.5"", ""psy-rdoq"": ""5.0"", ""qcomp"": ""0.7"", ""qpmax"": ""26"", ""qpmin"": ""15"", ""rc-lookahead"": ""52"", ""rd"": ""6"", ""rdoq-level"": ""0"", ""rect"": ""0"", ""ref"": ""5"", ""rskip"": ""1"", ""sao"": ""0"", ""scenecut"": ""26"", ""subme"": ""4"", ""tu-inter-depth"": ""1"", ""tu-intra-depth"": ""4"", ""weightb"": ""1"", ""weightp"": ""1"", ""wpp"": ""0""}"
x265,hebo,7304,plain,false,16,26.79,9.61,26.79,9.939798355102539,"['Standard', '320p', 30, '10s']",0.0,9.939706325531006,0.0,"{""amp"": ""1"", ""aq-mode"": ""3"", ""aq-strength"": ""1.5"", ""b-adapt"": ""1"", ""bframes"": ""3"", ""crf"": ""20.0"", ""ctu"": ""32"", ""keyint"": ""449"", ""limit-refs"": ""2"", ""limit-tu"": ""1"", ""me"": ""star"", ""merange"": ""40"", ""open-gop"": ""0"", ""psy-rd"": ""1.0"", ""psy-rdoq"": ""2.0"", ""qcomp"": ""0.9"", ""qpmax"": ""37"", ""qpmin"": ""6"", ""rc-lookahead"": ""12"", ""rd"": ""1"", ""rdoq-level"": ""2"", ""rect"": ""1"", ""ref"": ""2"", ""rskip"": ""0"", ""sao"": ""1"", ""scenecut"": ""76"", ""subme"": ""1"", ""tu-inter-depth"": ""3"", ""tu-intra-depth"": ""2"", ""weightb"": ""0"", ""weightp"": ""0"", ""wpp"": ""1""}"
x265,hebo,7304,plain,false,17,18.30,13.1,18.30,13.41916036605835,"['Standard', '320p', 30, '10s']",0.0,13.419074058532715,0.0,"{""amp"": ""1"", ""aq-mode"": ""1"", ""aq-strength"": ""1.5"", ""b-adapt"": ""2"", ""bframes"": ""6"", ""crf"": ""30.0"", ""ctu"": ""32"", ""keyint"": ""313"", ""limit-refs"": ""2"", ""limit-tu"": ""3"", ""me"": ""hex"", ""merange"": ""33"", ""open-gop"": ""1"", ""psy-rd"": ""1.0"", ""psy-rdoq"": ""4.0"", ""qcomp"": ""0.8"", ""qpmax"": ""32"", ""qpmin"": ""9"", ""rc-lookahead"": ""11"", ""rd"": ""6"", ""rdoq-level"": ""1"", ""rect"": ""1"", ""ref"": ""2"", ""rskip"": ""1"", ""sao"": ""1"", ""scenecut"": ""10"", ""subme"": ""4"", ""tu-inter-depth"": ""4"", ""tu-intra-depth"": ""3"", ""weightb"": ""0"", ""weightp"": ""0"", ""wpp"": ""0""}"
x265,hebo,7304,plain,false,18,1.96,43.76,1.96,44.085904598236084,"['Standard', '320p', 30, '10s']",0.0,44.08579087257385,0.0,"{""amp"": ""0"", ""aq-mode"": ""3"", ""aq-strength"": ""0.0"", ""b-adapt"": ""0"", ""bframes"": ""3"", ""crf"": ""20.0"", ""ctu"": ""32"", ""keyint"": ""83"", ""limit-refs"": ""1"", ""limit-tu"": ""0"", ""me"": ""full"", ""merange"": ""57"", ""open-gop"": ""0"", ""psy-rd"": ""3.5"", ""psy-rdoq"": ""2.0"", ""qcomp"": ""0.5"", ""qpmax"": ""46"", ""qpmin"": ""10"", ""rc-lookahead"": ""53"", ""rd"": ""1"", ""rdoq-level"": ""1"", ""rect"": ""0"", ""ref"": ""6"", ""rskip"": ""0"", ""sao"": ""0"", ""scenecut"": ""60"", ""subme"": ""3"", ""tu-inter-depth"": ""2"", ""tu-intra-depth"": ""2"", ""weightb"": ""1"", ""weightp"": ""1"", ""wpp"": ""1""}"
x265,hebo,7304,plain,false,19,35.28,7.6,35.28,7.930988311767578,"['Standard', '320p', 30, '10s']",0.0,7.9309046268463135,0.0,"{""amp"": ""0"", ""aq-mode"": ""2"", ""aq-strength"": ""1.8"", ""b-adapt"": ""1"", ""bframes"": ""1"", ""crf"": ""22.0"", ""ctu"": ""16"", ""keyint"": ""240"", ""limit-refs"": ""2"", ""limit-tu"": ""2"", ""me"": ""star"", ""merange"": ""43"", ""open-gop"": ""1"", ""psy-rd"": ""0.0"", ""psy-rdoq"": ""3.5"", ""qcomp"": ""1.0"", ""qpmax"": ""25"", ""qpmin"": ""16"", ""rc-lookahead"": ""42"", ""rd"": ""3"", ""rdoq-level"": ""0"", ""rect"": ""1"", ""ref"": ""5"", ""rskip"": ""1"", ""sao"": ""1"", ""scenecut"": ""46"", ""subme"": ""2"", ""tu-inter-depth"": ""3"", ""tu-intra-depth"": ""2"", ""weightb"": ""1"", ""weightp"": ""0"", ""wpp"": ""1""}"
x265,hebo,7304,plain,false,20,46.42,5.97,46.42,6.2951672077178955,"['Standard', '320p', 30, '10s']",0.0,6.295076370239258,0.0,"{""amp"": ""1"", ""aq-mode"": ""4"", ""aq-strength"": ""1.0"", ""b-adapt"": ""1"", ""bframes"": ""8"", ""crf"": ""28.0"", ""ctu"": ""64"", ""keyint"": ""485"", ""limit-refs"": ""1"", ""limit-tu"": ""1"", ""me"": ""umh"", ""merange"": ""18"", ""open-gop"": ""0"", ""psy-rd"": ""2.5"", ""psy-rdoq"": ""0.5"", ""qcomp"": ""0.7"", ""qpmax"": ""38"", ""qpmin"": ""5"", ""rc-lookahead"": ""34"", ""rd"": ""4"", ""rdoq-level"": ""2"", ""rect"": ""0"", ""ref"": ""3"", ""rskip"": ""0"", ""sao"": ""0"", ""scenecut"": ""97"", ""subme"": ""3"", ""tu-inter-depth"": ""1"", ""tu-intra-depth"": ""3"", ""weightb"": ""0"", ""weightp"": ""1"", ""wpp"": ""0""}"
x265,hebo,7304,plain,false,21,37.78,7.16,37.78,7.485727310180664,"['Standard', '320p', 30, '10s']",0.0,7.48564076423645,0.0,"{""amp"": ""1"", ""aq-mode"": ""1"", ""aq-strength"": ""1.8"", ""b-adapt"": ""1"", ""bframes"": ""2"", ""crf"": ""25.0"", ""ctu"": ""32"", ""keyint"": ""426"", ""limit-refs"": ""1"", ""limit-tu"": ""2"", ""me"": ""dia"", ""merange"": ""36"", ""open-gop"": ""1"", ""psy-rd"": ""2.0"", ""psy-rdoq"": ""2.5"", ""qcomp"": ""0.75"", ""qpmax"": ""40"", ""qpmin"": ""2"", ""rc-lookahead"": ""36"", ""rd"": ""2"", ""rdoq-level"": ""2"", ""rect"": ""1"", ""ref"": ""4"", ""rskip"": ""0"", ""sao"": ""0"", ""scenecut"": ""32"", ""subme"": ""4"", ""tu-inter-depth"": ""2"", ""tu-intra-depth"": ""2"", ""weightb"": ""0"", ""weightp"": ""0"", ""wpp"": ""0""}"
x265,hebo,7304,plain,false,22,13.97,16.07,13.97,16.40367317199707,"['Standard', '320p', 30, '10s']",0.0,16.40358257293701,0.0,"{""amp"": ""0"", ""aq-mode"": ""3"", ""aq-strength"": ""0.8"", ""b-adapt"": ""1"", ""bframes"": ""7"", ""crf"": ""28.0"", ""ctu"": ""32"", ""keyint"": ""196"", ""limit-refs"": ""3"", ""limit-tu"": ""3"", ""me"": ""star"", ""merange"": ""60"", ""open-gop"": ""0"", ""psy-rd"": ""3.5"", ""psy-rdoq"": ""1.0"", ""qcomp"": ""0.6"", ""qpmax"": ""23"", ""qpmin"": ""19"", ""rc-lookahead"": ""29"", ""rd"": ""5"", ""rdoq-level"": ""0"", ""rect"": ""0"", ""ref"": ""3"", ""rskip"": ""1"", ""sao"": ""1"", ""scenecut"": ""83"", ""subme"": ""1"", ""tu-inter-depth"": ""3"", ""tu-intra-depth"": ""3"", ""weightb"": ""1"", ""weightp"": ""1"", ""wpp"": ""1""}"
x265,hebo,7304,plain,false,23,35.95,7.48,35.95,7.803269863128662,"['Standard', '320p', 30, '10s']",0.0,7.803184270858765,0.0,"{""amp"": ""0"", ""aq-mode"": ""0"", ""aq-strength"": ""1.2"", ""b-adapt"": ""2"", ""bframes"": ""5"", ""crf"": ""30.0"", ""ctu"": ""64"", ""keyint"": ""115"", ""limit-refs"": ""0"", ""limit-tu"": ""1"", ""me"": ""umh"", ""merange"": ""51"", ""open-gop"": ""1"", ""psy-rd"": ""1.0"", ""psy-rdoq"": ""4.5"", ""qcomp"": ""0.9"", ""qpmax"": ""48"", ""qpmin"": ""13"", ""rc-lookahead"": ""17"", ""rd"": ""4"", ""rdoq-level"": ""1"", ""rect"": ""1"", ""ref"": ""1"", ""rskip"": ""0"", ""sao"": ""0"", ""scenecut"": ""24"", ""subme"": ""2"", ""tu-inter-depth"": ""2"", ""tu-intra-depth"": ""4"", ""weightb"": ""1"", ""weightp"": ""0"", ""wpp"": ""1""}"
x265,hebo,7304,plain,false,24,31.22,8.45,31.22,8.77342438697815,"['Standard', '320p', 30, '10s']",0.0,8.773328304290771,0.0,"{""amp"": ""1"", ""aq-mode"": ""2"", ""aq-strength"": ""0.8"", ""b-adapt"": ""0"", ""bframes"": ""4"", ""crf"": ""18.0"", ""ctu"": ""16"", ""keyint"": ""360"", ""limit-refs"": ""2"", ""limit-tu"": ""4"", ""me"": ""hex"", ""merange"": ""28"", ""open-gop"": ""0"", ""psy-rd"": ""2.5"", ""psy-rdoq"": ""1.5"", ""qcomp"": ""0.75"", ""qpmax"": ""30"", ""qpmin"": ""6"", ""rc-lookahead"": ""59"", ""rd"": ""3"", ""rdoq-level"": ""1"", ""rect"": ""0"", ""ref"": ""5"", ""rskip"": ""1"", ""sao"": ""1"", ""scenecut"": ""74"", ""subme"": ""5"", ""tu-inter-depth"": ""3"", ""tu-intra-depth"": ""1"", ""weightb"": ""0"", ""weightp"": ""1"", ""wpp"": ""0""}"
x265,hebo,7304,plain,false,25,16.18,14.4,16.18,14.720458269119263,"['Standard', '320p', 30, '10s']",0.0,14.720369338989258,0.0,"{""amp"": ""1"", ""aq-mode"": ""2"", ""aq-strength"": ""0.5"", ""b-adapt"": ""1"", ""bframes"": ""1"", ""crf"": ""32.0"", ""ctu"": ""32"", ""keyint"": ""266"", ""limit-refs"": ""1"", ""limit-tu"": ""3"", ""me"": ""umh"", ""merange"": ""21"", ""open-gop"": ""1"", ""psy-rd"": ""4.0"", ""psy-rdoq"": ""3.0"", ""qcomp"": ""0.7"", ""qpmax"": ""42"", ""qpmin"": ""17"", ""rc-lookahead"": ""57"", ""rd"": ""5"", ""rdoq-level"": ""0"", ""rect"": ""1"", ""ref"": ""4"", ""rskip"": ""0"", ""sao"": ""0"", ""scenecut"": ""78"", ""subme"": ""3"", ""tu-inter-depth"": ""1"", ""tu-intra-depth"": ""2"", ""weightb"": ""1"", ""weightp"": ""0"", ""wpp"": ""1""}"
x265,hebo,7304,plain,false,26,23.70,10.65,23.70,10.985704183578491,"['Standard', '320p', 30, '10s']",0.0,10.985617399215698,0.0,"{""amp"": ""0"", ""aq-mode"": ""4"", ""aq-strength"": ""1.5"", ""b-adapt"": ""1"", ""bframes"": ""6"", ""crf"": ""20.0"", ""ctu"": ""32"", ""keyint"": ""36"", ""limit-refs"": ""3"", ""limit-tu"": ""2"", ""me"": ""hex"", ""merange"": ""45"", ""open-gop"": ""0"", ""psy-rd"": ""1.5"", ""psy-rdoq"": ""1.0"", ""qcomp"": ""1.0"", ""qpmax"": ""22"", ""qpmin"": ""3"", ""rc-lookahead"": ""20"", ""rd"": ""2"", ""rdoq-level"": ""2"", ""rect"": ""0"", ""ref"": ""3"", ""rskip"": ""1"", ""sao"": ""1"", ""scenecut"": ""29"", ""subme"": ""4"", ""tu-inter-depth"": ""3"", ""tu-intra-depth"": ""3"", ""weightb"": ""0"", ""weightp"": ""1"", ""wpp"": ""0""}"
x265,hebo,7304,plain,false,27,61.58,4.62,61.58,4.952323913574219,"['Standard', '320p', 30, '10s']",0.0,4.952233076095581,0.0,"{""amp"": ""0"", ""aq-mode"": ""1"", ""aq-strength"": ""1.0"", ""b-adapt"": ""2"", ""bframes"": ""4"", ""crf"": ""22.0"", ""ctu"": ""16"", ""keyint"": ""223"", ""limit-refs"": ""0"", ""limit-tu"": ""4"", ""me"": ""dia"", ""merange"": ""54"", ""open-gop"": ""1"", ""psy-rd"": ""3.0"", ""psy-rdoq"": ""5.0"", ""qcomp"": ""0.5"", ""qpmax"": ""51"", ""qpmin"": ""8"", ""rc-lookahead"": ""24"", ""rd"": ""1"", ""rdoq-level"": ""1"", ""rect"": ""1"", ""ref"": ""1"", ""rskip"": ""0"", ""sao"": ""0"", ""scenecut"": ""65"", ""subme"": ""3"", ""tu-inter-depth"": ""2"", ""tu-intra-depth"": ""3"", ""weightb"": ""0"", ""weightp"": ""0"", ""wpp"": ""0""}"
x265,hebo,7304,plain,false,28,8.04,23.37,8.04,23.71508479118347,"['Standard', '320p', 30, '10s']",0.0,23.71498966217041,0.0,"{""amp"": ""1"", ""aq-mode"": ""3"", ""aq-strength"": ""1.8"", ""b-adapt"": ""0"", ""bframes"": ""3"", ""crf"": ""25.0"", ""ctu"": ""64"", ""keyint"": ""468"", ""limit-refs"": ""2"", ""limit-tu"": ""1"", ""me"": ""star"", ""merange"": ""30"", ""open-gop"": ""0"", ""psy-rd"": ""0.5"", ""psy-rdoq"": ""1.5"", ""qcomp"": ""0.8"", ""qpmax"": ""29"", ""qpmin"": ""12"", ""rc-lookahead"": ""39"", ""rd"": ""6"", ""rdoq-level"": ""1"", ""rect"": ""0"", ""ref"": ""5"", ""rskip"": ""1"", ""sao"": ""1"", ""scenecut"": ""15"", ""subme"": ""2"", ""tu-inter-depth"": ""3"", ""tu-intra-depth"": ""1"", ""weightb"": ""1"", ""weightp"": ""1"", ""wpp"": ""1""}"
x265,hebo,7304,plain,false,29,26.62,9.67,26.62,10.00400710105896,"['Standard', '320p', 30, '10s']",0.0,10.003873586654663,0.0,"{""amp"": ""1"", ""aq-mode"": ""0"", ""aq-strength"": ""0.8"", ""b-adapt"": ""2"", ""bframes"": ""5"", ""crf"": ""25.0"", ""ctu"": ""32"", ""keyint"": ""383"", ""limit-refs"": ""2"", ""limit-tu"": ""0"", ""me"": ""star"", ""merange"": ""24"", ""open-gop"": ""1"", ""psy-rd"": ""3.0"", ""psy-rdoq"": ""4.0"", ""qcomp"": ""0.75"", ""qpmax"": ""34"", ""qpmin"": ""14"", ""rc-lookahead"": ""31"", ""rd"": ""3"", ""rdoq-level"": ""1"", ""rect"": ""1"", ""ref"": ""2"", ""rskip"": ""1"", ""sao"": ""1"", ""scenecut"": ""51"", ""subme"": ""1"", ""tu-inter-depth"": ""4"", ""tu-intra-depth"": ""4"", ""weightb"": ""1"", ""weightp"": ""0"", ""wpp"": ""1""}"
x265,hebo,7304,plain,false,30,41.07,6.65,41.07,6.990459442138672,"['Standard', '320p', 30, '10s']",0.0,6.990362882614136,0.0,"{""amp"": ""0"", ""aq-mode"": ""2"", ""aq-strength"": ""2.0"", ""b-adapt"": ""0"", ""bframes"": ""2"", ""crf"": ""28.0"", ""ctu"": ""32"", ""keyint"": ""153"", ""limit-refs"": ""0"", ""limit-tu"": ""3"", ""me"": ""umh"", ""merange"": ""48"", ""open-gop"": ""0"", ""psy-rd"": ""1.5"", ""psy-rdoq"": ""2.5"", ""qcomp"": ""0.9"", ""qpmax"": ""45"", ""qpmin"": ""5"", ""rc-lookahead"": ""46"", ""rd"": ""4"", ""rdoq-level"": ""1"", ""rect"": ""0"", ""ref"": ""5"", ""rskip"": ""0"", ""sao"": ""0"", ""scenecut"": ""1"", ""subme"": ""4"", ""tu-inter-depth"": ""2"", ""tu-intra-depth"": ""2"", ""weightb"": ""0"", ""weightp"": ""1"", ""wpp"": ""0""}"
x265,hebo,7304,plain,false,31,34.71,7.71,34.71,8.034420490264893,"['Standard', '320p', 30, '10s']",0.0,8.034321069717407,0.0,"{""amp"": ""0"", ""aq-mode"": ""2"", ""aq-strength"": ""1.5"", ""b-adapt"": ""1"", ""bframes"": ""7"", ""crf"": ""20.0"", ""ctu"": ""16"", ""keyint"": ""218"", ""limit-refs"": ""1"", ""limit-tu"": ""4"", ""me"": ""umh"", ""merange"": ""48"", ""open-gop"": ""0"", ""psy-rd"": ""2.5"", ""psy-rdoq"": ""3.5"", ""qcomp"": ""0.5"", ""qpmax"": ""46"", ""qpmin"": ""18"", ""rc-lookahead"": ""50"", ""rd"": ""3"", ""rdoq-level"": ""2"", ""rect"": ""0"", ""ref"": ""2"", ""rskip"": ""0"", ""sao"": ""1"", ""scenecut"": ""92"", ""subme"": ""3"", ""tu-inter-depth"": ""1"", ""tu-intra-depth"": ""2"", ""weightb"": ""1"", ""weightp"": ""1"", ""wpp"": ""1""}"
x265,hebo,7304,plain,false,32,17.99,13.28,17.99,13.661224126815796,"['Standard', '320p', 30, '10s']",0.0,13.66107439994812,0.0,"{""amp"": ""1"", ""aq-mode"": ""2"", ""aq-strength"": ""1.5"", ""b-adapt"": ""1"", ""bframes"": ""2"", ""crf"": ""28.0"", ""ctu"": ""32"", ""keyint"": ""149"", ""limit-refs"": ""2"", ""limit-tu"": ""3"", ""me"": ""umh"", ""merange"": ""35"", ""open-gop"": ""1"", ""psy-rd"": ""0.5"", ""psy-rdoq"": ""2.5"", ""qcomp"": ""0.9"", ""qpmax"": ""51"", ""qpmin"": ""2"", ""rc-lookahead"": ""16"", ""rd"": ""6"", ""rdoq-level"": ""1"", ""rect"": ""0"", ""ref"": ""1"", ""rskip"": ""0"", ""sao"": ""0"", ""scenecut"": ""56"", ""subme"": ""2"", ""tu-inter-depth"": ""3"", ""tu-intra-depth"": ""4"", ""weightb"": ""0"", ""weightp"": ""0"", ""wpp"": ""1""}"
x265,hebo,7304,plain,false,33,25.75,9.94,25.75,10.336673498153687,"['Standard', '320p', 30, '10s']",0.0,10.336524963378906,0.0,"{""amp"": ""0"", ""aq-mode"": ""3"", ""aq-strength"": ""0.5"", ""b-adapt"": ""1"", ""bframes"": ""0"", ""crf"": ""25.0"", ""ctu"": ""32"", ""keyint"": ""464"", ""limit-refs"": ""3"", ""limit-tu"": ""1"", ""me"": ""dia"", ""merange"": ""47"", ""open-gop"": ""0"", ""psy-rd"": ""4.0"", ""psy-rdoq"": ""1.0"", ""qcomp"": ""0.8"", ""qpmax"": ""20"", ""qpmin"": ""9"", ""rc-lookahead"": ""24"", ""rd"": ""4"", ""rdoq-level"": ""0"", ""rect"": ""0"", ""ref"": ""4"", ""rskip"": ""0"", ""sao"": ""0"", ""scenecut"": ""4"", ""subme"": ""5"", ""tu-inter-depth"": ""1"", ""tu-intra-depth"": ""1"", ""weightb"": ""0"", ""weightp"": ""1"", ""wpp"": ""0""}"
x265,hebo,7304,plain,false,34,-1.25,81.02,-1.25,81.3582751750946,"['Standard', '320p', 30, '10s']",0.0,81.35817337036133,0.0,"{""amp"": ""1"", ""aq-mode"": ""4"", ""aq-strength"": ""0.0"", ""b-adapt"": ""0"", ""bframes"": ""1"", ""crf"": ""20.0"", ""ctu"": ""64"", ""keyint"": ""226"", ""limit-refs"": ""0"", ""limit-tu"": ""3"", ""me"": ""full"", ""merange"": ""43"", ""open-gop"": ""0"", ""psy-rd"": ""1.0"", ""psy-rdoq"": ""3.0"", ""qcomp"": ""0.9"", ""qpmax"": ""22"", ""qpmin"": ""13"", ""rc-lookahead"": ""49"", ""rd"": ""3"", ""rdoq-level"": ""2"", ""rect"": ""0"", ""ref"": ""6"", ""rskip"": ""0"", ""sao"": ""1"", ""scenecut"": ""7"", ""subme"": ""4"", ""tu-inter-depth"": ""4"", ""tu-intra-depth"": ""4"", ""weightb"": ""0"", ""weightp"": ""1"", ""wpp"": ""0""}"
x265,hebo,7304,plain,false,35,-4.01,308.21,-4.01,308.53915762901306,"['Standard', '320p', 30, '10s']",0.0,308.5390419960022,0.0,"{""amp"": ""1"", ""aq-mode"": ""1"", ""aq-strength"": ""1.8"", ""b-adapt"": ""1"", ""bframes"": ""6"", ""crf"": ""25.0"", ""ctu"": ""32"", ""keyint"": ""109"", ""limit-refs"": ""3"", ""limit-tu"": ""0"", ""me"": ""full"", ""merange"": ""62"", ""open-gop"": ""1"", ""psy-rd"": ""3.5"", ""psy-rdoq"": ""5.0"", ""qcomp"": ""0.8"", ""qpmax"": ""43"", ""qpmin"": ""9"", ""rc-lookahead"": ""20"", ""rd"": ""6"", ""rdoq-level"": ""0"", ""rect"": ""1"", ""ref"": ""4"", ""rskip"": ""0"", ""sao"": ""0"", ""scenecut"": ""58"", ""subme"": ""5"", ""tu-inter-depth"": ""3"", ""tu-intra-depth"": ""1"", ""weightb"": ""1"", ""weightp"": ""1"", ""wpp"": ""0""}"
x265,hebo,7304,plain,false,36,6.98,25.43,6.98,25.824135303497314,"['Standard', '320p', 30, '10s']",0.0,25.823976755142212,0.0,"{""amp"": ""0"", ""aq-mode"": ""3"", ""aq-strength"": ""1.0"", ""b-adapt"": ""1"", ""bframes"": ""6"", ""crf"": ""28.0"", ""ctu"": ""32"", ""keyint"": ""136"", ""limit-refs"": ""0"", ""limit-tu"": ""4"", ""me"": ""dia"", ""merange"": ""35"", ""open-gop"": ""1"", ""psy-rd"": ""3.5"", ""psy-rdoq"": ""4.5"", ""qcomp"": ""0.9"", ""qpmax"": ""29"", ""qpmin"": ""18"", ""rc-lookahead"": ""42"", ""rd"": ""6"", ""rdoq-level"": ""1"", ""rect"": ""0"", ""ref"": ""4"", ""rskip"": ""0"", ""sao"": ""1"", ""scenecut"": ""77"", ""subme"": ""4"", ""tu-inter-depth"": ""1"", ""tu-intra-depth"": ""3"", ""weightb"": ""1"", ""weightp"": ""1"", ""wpp"": ""1""}"
x265,hebo,7304,plain,false,37,37.13,7.27,37.13,7.611380577087402,"['Standard', '320p', 30, '10s']",0.0,7.611278295516968,0.0,"{""amp"": ""1"", ""aq-mode"": ""4"", ""aq-strength"": ""0.5"", ""b-adapt"": ""2"", ""bframes"": ""4"", ""crf"": ""20.0"", ""ctu"": ""64"", ""keyint"": ""209"", ""limit-refs"": ""2"", ""limit-tu"": ""1"", ""me"": ""umh"", ""merange"": ""34"", ""open-gop"": ""1"", ""psy-rd"": ""0.0"", ""psy-rdoq"": ""5.0"", ""qcomp"": ""0.75"", ""qpmax"": ""30"", ""qpmin"": ""9"", ""rc-lookahead"": ""21"", ""rd"": ""1"", ""rdoq-level"": ""0"", ""rect"": ""1"", ""ref"": ""6"", ""rskip"": ""1"", ""sao"": ""0"", ""scenecut"": ""47"", ""subme"": ""5"", ""tu-inter-depth"": ""2"", ""tu-intra-depth"": ""3"", ""weightb"": ""0"", ""weightp"": ""1"", ""wpp"": ""1""}"
x265,hebo,7304,plain,false,38,83.14,3.5,83.14,3.8378334045410156,"['Standard', '320p', 30, '10s']",0.0,3.837735414505005,0.0,"{""amp"": ""0"", ""aq-mode"": ""1"", ""aq-strength"": ""2.0"", ""b-adapt"": ""1"", ""bframes"": ""4"", ""crf"": ""25.0"", ""ctu"": ""32"", ""keyint"": ""302"", ""limit-refs"": ""2"", ""limit-tu"": ""3"", ""me"": ""umh"", ""merange"": ""42"", ""open-gop"": ""0"", ""psy-rd"": ""1.5"", ""psy-rdoq"": ""2.0"", ""qcomp"": ""0.5"", ""qpmax"": ""36"", ""qpmin"": ""1"", ""rc-lookahead"": ""20"", ""rd"": ""2"", ""rdoq-level"": ""0"", ""rect"": ""0"", ""ref"": ""4"", ""rskip"": ""0"", ""sao"": ""0"", ""scenecut"": ""84"", ""subme"": ""2"", ""tu-inter-depth"": ""3"", ""tu-intra-depth"": ""2"", ""weightb"": ""1"", ""weightp"": ""1"", ""wpp"": ""1""}"
x265,hebo,7304,plain,false,39,2.71,39.48,2.71,39.80801224708557,"['Standard', '320p', 30, '10s']",0.0,39.807905435562134,0.0,"{""amp"": ""1"", ""aq-mode"": ""3"", ""aq-strength"": ""0.5"", ""b-adapt"": ""1"", ""bframes"": ""2"", ""crf"": ""22.0"", ""ctu"": ""32"", ""keyint"": ""313"", ""limit-refs"": ""2"", ""limit-tu"": ""2"", ""me"": ""full"", ""merange"": ""39"", ""open-gop"": ""1"", ""psy-rd"": ""1.0"", ""psy-rdoq"": ""3.5"", ""qcomp"": ""0.6"", ""qpmax"": ""43"", ""qpmin"": ""8"", ""rc-lookahead"": ""56"", ""rd"": ""2"", ""rdoq-level"": ""1"", ""rect"": ""1"", ""ref"": ""1"", ""rskip"": ""1"", ""sao"": ""0"", ""scenecut"": ""90"", ""subme"": ""5"", ""tu-inter-depth"": ""1"", ""tu-intra-depth"": ""3"", ""weightb"": ""0"", ""weightp"": ""1"", ""wpp"": ""0""}"
x265,hebo,7304,plain,false,40,-3.70,234.12,-3.70,234.45259952545166,"['Standard', '320p', 30, '10s']",0.0,234.45248913764954,0.0,"{""amp"": ""1"", ""aq-mode"": ""4"", ""aq-strength"": ""1.2"", ""b-adapt"": ""1"", ""bframes"": ""4"", ""crf"": ""20.0"", ""ctu"": ""64"", ""keyint"": ""431"", ""limit-refs"": ""1"", ""limit-tu"": ""3"", ""me"": ""full"", ""merange"": ""41"", ""open-gop"": ""0"", ""psy-rd"": ""3.0"", ""psy-rdoq"": ""4.5"", ""qcomp"": ""0.9"", ""qpmax"": ""43"", ""qpmin"": ""10"", ""rc-lookahead"": ""56"", ""rd"": ""6"", ""rdoq-level"": ""1"", ""rect"": ""1"", ""ref"": ""5"", ""rskip"": ""1"", ""sao"": ""0"", ""scenecut"": ""96"", ""subme"": ""3"", ""tu-inter-depth"": ""4"", ""tu-intra-depth"": ""4"", ""weightb"": ""0"", ""weightp"": ""1"", ""wpp"": ""1""}"
x265,hebo,7304,plain,false,41,26.92,9.58,26.92,9.918917894363403,"['Standard', '320p', 30, '10s']",0.0,9.918817043304443,0.0,"{""amp"": ""0"", ""aq-mode"": ""1"", ""aq-strength"": ""1.0"", ""b-adapt"": ""2"", ""bframes"": ""5"", ""crf"": ""18.0"", ""ctu"": ""16"", ""keyint"": ""377"", ""limit-refs"": ""2"", ""limit-tu"": ""4"", ""me"": ""star"", ""merange"": ""40"", ""open-gop"": ""0"", ""psy-rd"": ""0.0"", ""psy-rdoq"": ""3.5"", ""qcomp"": ""0.9"", ""qpmax"": ""44"", ""qpmin"": ""18"", ""rc-lookahead"": ""25"", ""rd"": ""4"", ""rdoq-level"": ""1"", ""rect"": ""1"", ""ref"": ""2"", ""rskip"": ""0"", ""sao"": ""1"", ""scenecut"": ""78"", ""subme"": ""2"", ""tu-inter-depth"": ""3"", ""tu-intra-depth"": ""1"", ""weightb"": ""0"", ""weightp"": ""1"", ""wpp"": ""0""}"
x265,hebo,7304,plain,false,42,11.66,18.3,11.66,18.631635904312134,"['Standard', '320p', 30, '10s']",0.0,18.631531953811646,0.0,"{""amp"": ""1"", ""aq-mode"": ""2"", ""aq-strength"": ""0.0"", ""b-adapt"": ""2"", ""bframes"": ""3"", ""crf"": ""28.0"", ""ctu"": ""16"", ""keyint"": ""41"", ""limit-refs"": ""0"", ""limit-tu"": ""0"", ""me"": ""star"", ""merange"": ""32"", ""open-gop"": ""1"", ""psy-rd"": ""4.0"", ""psy-rdoq"": ""0.5"", ""qcomp"": ""0.6"", ""qpmax"": ""41"", ""qpmin"": ""12"", ""rc-lookahead"": ""47"", ""rd"": ""6"", ""rdoq-level"": ""1"", ""rect"": ""0"", ""ref"": ""4"", ""rskip"": ""0"", ""sao"": ""0"", ""scenecut"": ""59"", ""subme"": ""1"", ""tu-inter-depth"": ""3"", ""tu-intra-depth"": ""2"", ""weightb"": ""1"", ""weightp"": ""0"", ""wpp"": ""1""}"
x265,hebo,7304,plain,false,43,52.60,5.33,52.60,5.6699957847595215,"['Standard', '320p', 30, '10s']",0.0,5.669896841049194,0.0,"{""amp"": ""0"", ""aq-mode"": ""0"", ""aq-strength"": ""0.5"", ""b-adapt"": ""0"", ""bframes"": ""2"", ""crf"": ""18.0"", ""ctu"": ""32"", ""keyint"": ""428"", ""limit-refs"": ""0"", ""limit-tu"": ""1"", ""me"": ""hex"", ""merange"": ""40"", ""open-gop"": ""1"", ""psy-rd"": ""4.0"", ""psy-rdoq"": ""1.0"", ""qcomp"": ""0.5"", ""qpmax"": ""28"", ""qpmin"": ""0"", ""rc-lookahead"": ""16"", ""rd"": ""1"", ""rdoq-level"": ""0"", ""rect"": ""0"", ""ref"": ""1"", ""rskip"": ""0"", ""sao"": ""0"", ""scenecut"": ""73"", ""subme"": ""5"", ""tu-inter-depth"": ""4"", ""tu-intra-depth"": ""2"", ""weightb"": ""1"", ""weightp"": ""0"", ""wpp"": ""0""}"
x265,hebo,7304,plain,false,44,52.76,5.32,52.76,5.660539388656616,"['Standard', '320p', 30, '10s']",0.0,5.6604413986206055,0.0,"{""amp"": ""0"", ""aq-mode"": ""4"", ""aq-strength"": ""1.0"", ""b-adapt"": ""0"", ""bframes"": ""1"", ""crf"": ""30.0"", ""ctu"": ""64"", ""keyint"": ""311"", ""limit-refs"": ""0"", ""limit-tu"": ""3"", ""me"": ""hex"", ""merange"": ""49"", ""open-gop"": ""1"", ""psy-rd"": ""2.5"", ""psy-rdoq"": ""1.5"", ""qcomp"": ""0.7"", ""qpmax"": ""32"", ""qpmin"": ""12"", ""rc-lookahead"": ""20"", ""rd"": ""2"", ""rdoq-level"": ""0"", ""rect"": ""1"", ""ref"": ""1"", ""rskip"": ""1"", ""sao"": ""0"", ""scenecut"": ""95"", ""subme"": ""5"", ""tu-inter-depth"": ""2"", ""tu-intra-depth"": ""2"", ""weightb"": ""1"", ""weightp"": ""1"", ""wpp"": ""0""}"
x265,hebo,7304,plain,false,45,5.86,28.06,5.86,28.40186882019043,"['Standard', '320p', 30, '10s']",0.0,28.401764154434204,0.0,"{""amp"": ""1"", ""aq-mode"": ""4"", ""aq-strength"": ""1.0"", ""b-adapt"": ""2"", ""bframes"": ""2"", ""crf"": ""18.0"", ""ctu"": ""16"", ""keyint"": ""343"", ""limit-refs"": ""1"", ""limit-tu"": ""1"", ""me"": ""dia"", ""merange"": ""22"", ""open-gop"": ""1"", ""psy-rd"": ""4.0"", ""psy-rdoq"": ""3.0"", ""qcomp"": ""0.8"", ""qpmax"": ""24"", ""qpmin"": ""1"", ""rc-lookahead"": ""16"", ""rd"": ""5"", ""rdoq-level"": ""1"", ""rect"": ""0"", ""ref"": ""4"", ""rskip"": ""0"", ""sao"": ""0"", ""scenecut"": ""26"", ""subme"": ""3"", ""tu-inter-depth"": ""2"", ""tu-intra-depth"": ""3"", ""weightb"": ""0"", ""weightp"": ""1"", ""wpp"": ""0""}"
x265,hebo,7304,plain,false,46,7.29,24.81,7.29,25.142080545425415,"['Standard', '320p', 30, '10s']",0.0,25.14196801185608,0.0,"{""amp"": ""0"", ""aq-mode"": ""4"", ""aq-strength"": ""2.0"", ""b-adapt"": ""0"", ""bframes"": ""5"", ""crf"": ""18.0"", ""ctu"": ""64"", ""keyint"": ""410"", ""limit-refs"": ""1"", ""limit-tu"": ""2"", ""me"": ""dia"", ""merange"": ""47"", ""open-gop"": ""1"", ""psy-rd"": ""3.0"", ""psy-rdoq"": ""0.0"", ""qcomp"": ""0.5"", ""qpmax"": ""34"", ""qpmin"": ""16"", ""rc-lookahead"": ""19"", ""rd"": ""6"", ""rdoq-level"": ""0"", ""rect"": ""0"", ""ref"": ""4"", ""rskip"": ""0"", ""sao"": ""1"", ""scenecut"": ""51"", ""subme"": ""5"", ""tu-inter-depth"": ""4"", ""tu-intra-depth"": ""3"", ""weightb"": ""1"", ""weightp"": ""0"", ""wpp"": ""0""}"
x265,hebo,7304,plain,false,47,43.70,6.3,43.70,6.635603427886963,"['Standard', '320p', 30, '10s']",0.0,6.635492563247681,0.0,"{""amp"": ""0"", ""aq-mode"": ""2"", ""aq-strength"": ""2.0"", ""b-adapt"": ""1"", ""bframes"": ""4"", ""crf"": ""32.0"", ""ctu"": ""64"", ""keyint"": ""300"", ""limit-refs"": ""2"", ""limit-tu"": ""1"", ""me"": ""star"", ""merange"": ""42"", ""open-gop"": ""0"", ""psy-rd"": ""4.0"", ""psy-rdoq"": ""5.0"", ""qcomp"": ""1.0"", ""qpmax"": ""36"", ""qpmin"": ""11"", ""rc-lookahead"": ""20"", ""rd"": ""2"", ""rdoq-level"": ""1"", ""rect"": ""1"", ""ref"": ""6"", ""rskip"": ""0"", ""sao"": ""1"", ""scenecut"": ""57"", ""subme"": ""4"", ""tu-inter-depth"": ""2"", ""tu-intra-depth"": ""2"", ""weightb"": ""1"", ""weightp"": ""1"", ""wpp"": ""1""}"
x265,hebo,7304,plain,false,48,12.43,17.53,12.43,18.05409550666809,"['Standard', '320p', 30, '10s']",0.0,18.053994178771973,0.0,"{""amp"": ""1"", ""aq-mode"": ""0"", ""aq-strength"": ""0.0"", ""b-adapt"": ""0"", ""bframes"": ""5"", ""crf"": ""30.0"", ""ctu"": ""64"", ""keyint"": ""361"", ""limit-refs"": ""0"", ""limit-tu"": ""0"", ""me"": ""full"", ""merange"": ""18"", ""open-gop"": ""1"", ""psy-rd"": ""4.0"", ""psy-rdoq"": ""0.0"", ""qcomp"": ""0.7"", ""qpmax"": ""21"", ""qpmin"": ""14"", ""rc-lookahead"": ""10"", ""rd"": ""1"", ""rdoq-level"": ""0"", ""rect"": ""0"", ""ref"": ""3"", ""rskip"": ""1"", ""sao"": ""0"", ""scenecut"": ""22"", ""subme"": ""1"", ""tu-inter-depth"": ""4"", ""tu-intra-depth"": ""4"", ""weightb"": ""0"", ""weightp"": ""0"", ""wpp"": ""0""}"
x265,hebo,7304,plain,false,49,30.29,8.67,30.29,9.054683685302734,"['Standard', '320p', 30, '10s']",0.0,9.054524183273315,0.0,"{""amp"": ""0"", ""aq-mode"": ""0"", ""aq-strength"": ""1.5"", ""b-adapt"": ""1"", ""bframes"": ""7"", ""crf"": ""30.0"", ""ctu"": ""32"", ""keyint"": ""478"", ""limit-refs"": ""1"", ""limit-tu"": ""0"", ""me"": ""hex"", ""merange"": ""27"", ""open-gop"": ""0"", ""psy-rd"": ""4.0"", ""psy-rdoq"": ""0.5"", ""qcomp"": ""0.9"", ""qpmax"": ""28"", ""qpmin"": ""1"", ""rc-lookahead"": ""42"", ""rd"": ""4"", ""rdoq-level"": ""0"", ""rect"": ""1"", ""ref"": ""4"", ""rskip"": ""1"", ""sao"": ""0"", ""scenecut"": ""53"", ""subme"": ""5"", ""tu-inter-depth"": ""1"", ""tu-intra-depth"": ""4"", ""weightb"": ""1"", ""weightp"": ""0"", ""wpp"": ""0""}"
x265,hebo,7304,plain,false,50,17.89,13.34,17.89,13.679222583770752,"['Standard', '320p', 30, '10s']",0.0,13.679110765457153,0.0,"{""amp"": ""0"", ""aq-mode"": ""1"", ""aq-strength"": ""2.0"", ""b-adapt"": ""2"", ""bframes"": ""1"", ""crf"": ""30.0"", ""ctu"": ""64"", ""keyint"": ""231"", ""limit-refs"": ""2"", ""limit-tu"": ""0"", ""me"": ""dia"", ""merange"": ""28"", ""open-gop"": ""0"", ""psy-rd"": ""0.0"", ""psy-rdoq"": ""3.5"", ""qcomp"": ""0.75"", ""qpmax"": ""29"", ""qpmin"": ""5"", ""rc-lookahead"": ""21"", ""rd"": ""3"", ""rdoq-level"": ""1"", ""rect"": ""0"", ""ref"": ""3"", ""rskip"": ""0"", ""sao"": ""0"", ""scenecut"": ""59"", ""subme"": ""5"", ""tu-inter-depth"": ""4"", ""tu-intra-depth"": ""3"", ""weightb"": ""1"", ""weightp"": ""0"", ""wpp"": ""0""}"
x265,hebo,7304,plain,false,51,80.41,3.61,80.41,3.9469101428985596,"['Standard', '320p', 30, '10s']",0.0,3.94681453704834,0.0,"{""amp"": ""1"", ""aq-mode"": ""0"", ""aq-strength"": ""0.5"", ""b-adapt"": ""2"", ""bframes"": ""1"", ""crf"": ""25.0"", ""ctu"": ""16"", ""keyint"": ""237"", ""limit-refs"": ""1"", ""limit-tu"": ""4"", ""me"": ""hex"", ""merange"": ""24"", ""open-gop"": ""1"", ""psy-rd"": ""1.0"", ""psy-rdoq"": ""3.5"", ""qcomp"": ""0.75"", ""qpmax"": ""30"", ""qpmin"": ""16"", ""rc-lookahead"": ""22"", ""rd"": ""1"", ""rdoq-level"": ""1"", ""rect"": ""0"", ""ref"": ""6"", ""rskip"": ""1"", ""sao"": ""1"", ""scenecut"": ""63"", ""subme"": ""5"", ""tu-inter-depth"": ""3"", ""tu-intra-depth"": ""3"", ""weightb"": ""0"", ""weightp"": ""1"", ""wpp"": ""1""}"
x265,hebo,7304,plain,false,52,81.36,3.57,81.36,3.9071085453033447,"['Standard', '320p', 30, '10s']",0.0,3.907005548477173,0.0,"{""amp"": ""1"", ""aq-mode"": ""2"", ""aq-strength"": ""1.5"", ""b-adapt"": ""0"", ""bframes"": ""5"", ""crf"": ""28.0"", ""ctu"": ""16"", ""keyint"": ""249"", ""limit-refs"": ""0"", ""limit-tu"": ""1"", ""me"": ""hex"", ""merange"": ""42"", ""open-gop"": ""0"", ""psy-rd"": ""2.5"", ""psy-rdoq"": ""3.5"", ""qcomp"": ""0.7"", ""qpmax"": ""27"", ""qpmin"": ""9"", ""rc-lookahead"": ""34"", ""rd"": ""2"", ""rdoq-level"": ""0"", ""rect"": ""0"", ""ref"": ""5"", ""rskip"": ""1"", ""sao"": ""1"", ""scenecut"": ""5"", ""subme"": ""2"", ""tu-inter-depth"": ""1"", ""tu-intra-depth"": ""2"", ""weightb"": ""1"", ""weightp"": ""0"", ""wpp"": ""0""}"
x265,hebo,7304,plain,false,53,42.13,6.5,42.13,6.835516452789307,"['Standard', '320p', 30, '10s']",0.0,6.835423707962036,0.0,"{""amp"": ""1"", ""aq-mode"": ""3"", ""aq-strength"": ""0.8"", ""b-adapt"": ""1"", ""bframes"": ""0"", ""crf"": ""30.0"", ""ctu"": ""32"", ""keyint"": ""135"", ""limit-refs"": ""0"", ""limit-tu"": ""1"", ""me"": ""full"", ""merange"": ""17"", ""open-gop"": ""1"", ""psy-rd"": ""0.5"", ""psy-rdoq"": ""3.5"", ""qcomp"": ""0.75"", ""qpmax"": ""43"", ""qpmin"": ""18"", ""rc-lookahead"": ""40"", ""rd"": ""3"", ""rdoq-level"": ""0"", ""rect"": ""0"", ""ref"": ""3"", ""rskip"": ""0"", ""sao"": ""0"", ""scenecut"": ""8"", ""subme"": ""3"", ""tu-inter-depth"": ""3"", ""tu-intra-depth"": ""1"", ""weightb"": ""1"", ""weightp"": ""0"", ""wpp"": ""0""}"
x265,hebo,7304,plain,false,54,-1.99,101.03,-1.99,101.35240626335144,"['Standard', '320p', 30, '10s']",0.0,101.35229182243347,0.0,"{""amp"": ""1"", ""aq-mode"": ""1"", ""aq-strength"": ""0.0"", ""b-adapt"": ""2"", ""bframes"": ""8"", ""crf"": ""30.0"", ""ctu"": ""16"", ""keyint"": ""483"", ""limit-refs"": ""2"", ""limit-tu"": ""2"", ""me"": ""full"", ""merange"": ""49"", ""open-gop"": ""0"", ""psy-rd"": ""2.0"", ""psy-rdoq"": ""1.5"", ""qcomp"": ""0.5"", ""qpmax"": ""48"", ""qpmin"": ""5"", ""rc-lookahead"": ""28"", ""rd"": ""5"", ""rdoq-level"": ""0"", ""rect"": ""0"", ""ref"": ""2"", ""rskip"": ""1"", ""sao"": ""0"", ""scenecut"": ""70"", ""subme"": ""4"", ""tu-inter-depth"": ""3"", ""tu-intra-depth"": ""1"", ""weightb"": ""0"", ""weightp"": ""0"", ""wpp"": ""1""}"
x265,hebo,7304,plain,false,55,74.96,3.86,74.96,4.252092361450195,"['Standard', '320p', 30, '10s']",0.0,4.251944303512573,0.0,"{""amp"": ""1"", ""aq-mode"": ""0"", ""aq-strength"": ""1.8"", ""b-adapt"": ""1"", ""bframes"": ""6"", ""crf"": ""28.0"", ""ctu"": ""64"", ""keyint"": ""288"", ""limit-refs"": ""2"", ""limit-tu"": ""2"", ""me"": ""umh"", ""merange"": ""20"", ""open-gop"": ""0"", ""psy-rd"": ""3.0"", ""psy-rdoq"": ""3.0"", ""qcomp"": ""0.75"", ""qpmax"": ""34"", ""qpmin"": ""5"", ""rc-lookahead"": ""34"", ""rd"": ""1"", ""rdoq-level"": ""0"", ""rect"": ""0"", ""ref"": ""2"", ""rskip"": ""0"", ""sao"": ""0"", ""scenecut"": ""42"", ""subme"": ""2"", ""tu-inter-depth"": ""1"", ""tu-intra-depth"": ""4"", ""weightb"": ""0"", ""weightp"": ""0"", ""wpp"": ""0""}"
x265,hebo,7304,plain,false,56,45.14,6.11,45.14,6.431668996810913,"['Standard', '320p', 30, '10s']",0.0,6.43155574798584,0.0,"{""amp"": ""1"", ""aq-mode"": ""1"", ""aq-strength"": ""0.5"", ""b-adapt"": ""0"", ""bframes"": ""6"", ""crf"": ""20.0"", ""ctu"": ""16"", ""keyint"": ""197"", ""limit-refs"": ""2"", ""limit-tu"": ""4"", ""me"": ""umh"", ""merange"": ""53"", ""open-gop"": ""1"", ""psy-rd"": ""4.0"", ""psy-rdoq"": ""4.0"", ""qcomp"": ""0.5"", ""qpmax"": ""38"", ""qpmin"": ""17"", ""rc-lookahead"": ""10"", ""rd"": ""2"", ""rdoq-level"": ""2"", ""rect"": ""1"", ""ref"": ""1"", ""rskip"": ""0"", ""sao"": ""0"", ""scenecut"": ""8"", ""subme"": ""2"", ""tu-inter-depth"": ""1"", ""tu-intra-depth"": ""2"", ""weightb"": ""1"", ""weightp"": ""0"", ""wpp"": ""1""}"
x265,hebo,7304,plain,false,57,-1.66,91.15,-1.66,91.48475432395935,"['Standard', '320p', 30, '10s']",0.0,91.48463463783264,0.0,"{""amp"": ""0"", ""aq-mode"": ""0"", ""aq-strength"": ""1.8"", ""b-adapt"": ""0"", ""bframes"": ""7"", ""crf"": ""30.0"", ""ctu"": ""32"", ""keyint"": ""120"", ""limit-refs"": ""0"", ""limit-tu"": ""0"", ""me"": ""full"", ""merange"": ""56"", ""open-gop"": ""0"", ""psy-rd"": ""3.0"", ""psy-rdoq"": ""1.5"", ""qcomp"": ""0.9"", ""qpmax"": ""21"", ""qpmin"": ""3"", ""rc-lookahead"": ""27"", ""rd"": ""1"", ""rdoq-level"": ""2"", ""rect"": ""0"", ""ref"": ""4"", ""rskip"": ""0"", ""sao"": ""0"", ""scenecut"": ""91"", ""subme"": ""3"", ""tu-inter-depth"": ""2"", ""tu-intra-depth"": ""3"", ""weightb"": ""0"", ""weightp"": ""1"", ""wpp"": ""0""}"
x265,hebo,7304,plain,false,58,19.73,12.35,19.73,12.71673059463501,"['Standard', '320p', 30, '10s']",0.0,12.716581106185913,0.0,"{""amp"": ""0"", ""aq-mode"": ""2"", ""aq-strength"": ""1.5"", ""b-adapt"": ""1"", ""bframes"": ""6"", ""crf"": ""20.0"", ""ctu"": ""64"", ""keyint"": ""122"", ""limit-refs"": ""0"", ""limit-tu"": ""2"", ""me"": ""hex"", ""merange"": ""33"", ""open-gop"": ""0"", ""psy-rd"": ""2.5"", ""psy-rdoq"": ""1.0"", ""qcomp"": ""0.9"", ""qpmax"": ""36"", ""qpmin"": ""5"", ""rc-lookahead"": ""34"", ""rd"": ""3"", ""rdoq-level"": ""0"", ""rect"": ""1"", ""ref"": ""2"", ""rskip"": ""0"", ""sao"": ""1"", ""scenecut"": ""83"", ""subme"": ""2"", ""tu-inter-depth"": ""1"", ""tu-intra-depth"": ""1"", ""weightb"": ""1"", ""weightp"": ""0"", ""wpp"": ""0""}"
x265,hebo,7304,plain,false,59,36.37,7.4,36.37,7.740264892578125,"['Standard', '320p', 30, '10s']",0.0,7.740154266357422,0.0,"{""amp"": ""1"", ""aq-mode"": ""1"", ""aq-strength"": ""2.0"", ""b-adapt"": ""1"", ""bframes"": ""8"", ""crf"": ""20.0"", ""ctu"": ""16"", ""keyint"": ""369"", ""limit-refs"": ""3"", ""limit-tu"": ""4"", ""me"": ""star"", ""merange"": ""41"", ""open-gop"": ""1"", ""psy-rd"": ""0.5"", ""psy-rdoq"": ""4.0"", ""qcomp"": ""0.75"", ""qpmax"": ""40"", ""qpmin"": ""15"", ""rc-lookahead"": ""57"", ""rd"": ""3"", ""rdoq-level"": ""1"", ""rect"": ""1"", ""ref"": ""3"", ""rskip"": ""0"", ""sao"": ""1"", ""scenecut"": ""48"", ""subme"": ""4"", ""tu-inter-depth"": ""1"", ""tu-intra-depth"": ""1"", ""weightb"": ""1"", ""weightp"": ""0"", ""wpp"": ""1""}"
x265,hebo,7304,plain,false,60,51.03,5.48,51.03,5.817601680755615,"['Standard', '320p', 30, '10s']",0.0,5.817504167556763,0.0,"{""amp"": ""0"", ""aq-mode"": ""4"", ""aq-strength"": ""1.0"", ""b-adapt"": ""1"", ""bframes"": ""7"", ""crf"": ""30.0"", ""ctu"": ""16"", ""keyint"": ""208"", ""limit-refs"": ""3"", ""limit-tu"": ""3"", ""me"": ""star"", ""merange"": ""38"", ""open-gop"": ""0"", ""psy-rd"": ""1.5"", ""psy-rdoq"": ""1.0"", ""qcomp"": ""0.7"", ""qpmax"": ""32"", ""qpmin"": ""11"", ""rc-lookahead"": ""54"", ""rd"": ""3"", ""rdoq-level"": ""1"", ""rect"": ""0"", ""ref"": ""6"", ""rskip"": ""1"", ""sao"": ""1"", ""scenecut"": ""53"", ""subme"": ""5"", ""tu-inter-depth"": ""3"", ""tu-intra-depth"": ""3"", ""weightb"": ""0"", ""weightp"": ""1"", ""wpp"": ""1""}"
x265,hebo,7304,plain,false,61,40.56,6.77,40.56,7.31686806678772,"['Standard', '320p', 30, '10s']",0.0,7.316758394241333,0.0,"{""amp"": ""1"", ""aq-mode"": ""2"", ""aq-strength"": ""0.8"", ""b-adapt"": ""0"", ""bframes"": ""0"", ""crf"": ""20.0"", ""ctu"": ""32"", ""keyint"": ""232"", ""limit-refs"": ""1"", ""limit-tu"": ""0"", ""me"": ""star"", ""merange"": ""29"", ""open-gop"": ""0"", ""psy-rd"": ""1.0"", ""psy-rdoq"": ""4.0"", ""qcomp"": ""0.9"", ""qpmax"": ""40"", ""qpmin"": ""20"", ""rc-lookahead"": ""46"", ""rd"": ""2"", ""rdoq-level"": ""0"", ""rect"": ""0"", ""ref"": ""3"", ""rskip"": ""1"", ""sao"": ""1"", ""scenecut"": ""69"", ""subme"": ""4"", ""tu-inter-depth"": ""3"", ""tu-intra-depth"": ""4"", ""weightb"": ""0"", ""weightp"": ""1"", ""wpp"": ""0""}"
x265,hebo,7304,plain,false,62,25.56,10.0,25.56,10.335450410842896,"['Standard', '320p', 30, '10s']",0.0,10.335344552993774,0.0,"{""amp"": ""1"", ""aq-mode"": ""4"", ""aq-strength"": ""0.0"", ""b-adapt"": ""1"", ""bframes"": ""4"", ""crf"": ""18.0"", ""ctu"": ""64"", ""keyint"": ""300"", ""limit-refs"": ""2"", ""limit-tu"": ""3"", ""me"": ""umh"", ""merange"": ""29"", ""open-gop"": ""1"", ""psy-rd"": ""2.0"", ""psy-rdoq"": ""0.5"", ""qcomp"": ""0.7"", ""qpmax"": ""42"", ""qpmin"": ""9"", ""rc-lookahead"": ""22"", ""rd"": ""2"", ""rdoq-level"": ""0"", ""rect"": ""1"", ""ref"": ""3"", ""rskip"": ""0"", ""sao"": ""0"", ""scenecut"": ""24"", ""subme"": ""2"", ""tu-inter-depth"": ""3"", ""tu-intra-depth"": ""2"", ""weightb"": ""1"", ""weightp"": ""1"", ""wpp"": ""1""}"
x265,hebo,7304,plain,false,63,26.19,9.8,26.19,10.11987042427063,"['Standard', '320p', 30, '10s']",0.0,10.119770765304565,0.0,"{""amp"": ""1"", ""aq-mode"": ""2"", ""aq-strength"": ""0.5"", ""b-adapt"": ""2"", ""bframes"": ""4"", ""crf"": ""32.0"", ""ctu"": ""16"", ""keyint"": ""286"", ""limit-refs"": ""0"", ""limit-tu"": ""0"", ""me"": ""full"", ""merange"": ""42"", ""open-gop"": ""1"", ""psy-rd"": ""2.5"", ""psy-rdoq"": ""4.5"", ""qcomp"": ""0.9"", ""qpmax"": ""50"", ""qpmin"": ""17"", ""rc-lookahead"": ""40"", ""rd"": ""2"", ""rdoq-level"": ""2"", ""rect"": ""0"", ""ref"": ""4"", ""rskip"": ""1"", ""sao"": ""1"", ""scenecut"": ""81"", ""subme"": ""5"", ""tu-inter-depth"": ""3"", ""tu-intra-depth"": ""3"", ""weightb"": ""0"", ""weightp"": ""0"", ""wpp"": ""1""}"
x265,hebo,7304,plain,false,64,46.95,5.9,46.95,6.235165357589722,"['Standard', '320p', 30, '10s']",0.0,6.235053777694702,0.0,"{""amp"": ""1"", ""aq-mode"": ""4"", ""aq-strength"": ""0.5"", ""b-adapt"": ""2"", ""bframes"": ""4"", ""crf"": ""25.0"", ""ctu"": ""16"", ""keyint"": ""453"", ""limit-refs"": ""3"", ""limit-tu"": ""2"", ""me"": ""dia"", ""merange"": ""40"", ""open-gop"": ""0"", ""psy-rd"": ""0.0"", ""psy-rdoq"": ""1.5"", ""qcomp"": ""0.9"", ""qpmax"": ""47"", ""qpmin"": ""16"", ""rc-lookahead"": ""22"", ""rd"": ""3"", ""rdoq-level"": ""0"", ""rect"": ""1"", ""ref"": ""1"", ""rskip"": ""1"", ""sao"": ""1"", ""scenecut"": ""92"", ""subme"": ""3"", ""tu-inter-depth"": ""1"", ""tu-intra-depth"": ""1"", ""weightb"": ""0"", ""weightp"": ""1"", ""wpp"": ""1""}"
x265,hebo,7304,plain,false,65,5.53,28.93,5.53,29.258233785629272,"['Standard', '320p', 30, '10s']",0.0,29.258131742477417,0.0,"{""amp"": ""1"", ""aq-mode"": ""1"", ""aq-strength"": ""1.0"", ""b-adapt"": ""2"", ""bframes"": ""7"", ""crf"": ""30.0"", ""ctu"": ""64"", ""keyint"": ""410"", ""limit-refs"": ""1"", ""limit-tu"": ""2"", ""me"": ""hex"", ""merange"": ""25"", ""open-gop"": ""0"", ""psy-rd"": ""0.5"", ""psy-rdoq"": ""2.0"", ""qcomp"": ""1.0"", ""qpmax"": ""42"", ""qpmin"": ""16"", ""rc-lookahead"": ""14"", ""rd"": ""5"", ""rdoq-level"": ""1"", ""rect"": ""1"", ""ref"": ""6"", ""rskip"": ""0"", ""sao"": ""0"", ""scenecut"": ""65"", ""subme"": ""4"", ""tu-inter-depth"": ""2"", ""tu-intra-depth"": ""2"", ""weightb"": ""0"", ""weightp"": ""0"", ""wpp"": ""0""}"
x265,hebo,7304,plain,false,66,23.91,10.57,23.91,10.895713567733765,"['Standard', '320p', 30, '10s']",0.0,10.895620584487915,0.0,"{""amp"": ""0"", ""aq-mode"": ""3"", ""aq-strength"": ""1.0"", ""b-adapt"": ""0"", ""bframes"": ""5"", ""crf"": ""18.0"", ""ctu"": ""16"", ""keyint"": ""43"", ""limit-refs"": ""1"", ""limit-tu"": ""0"", ""me"": ""full"", ""merange"": ""16"", ""open-gop"": ""0"", ""psy-rd"": ""1.5"", ""psy-rdoq"": ""3.5"", ""qcomp"": ""1.0"", ""qpmax"": ""33"", ""qpmin"": ""5"", ""rc-lookahead"": ""12"", ""rd"": ""1"", ""rdoq-level"": ""1"", ""rect"": ""1"", ""ref"": ""5"", ""rskip"": ""0"", ""sao"": ""0"", ""scenecut"": ""54"", ""subme"": ""2"", ""tu-inter-depth"": ""1"", ""tu-intra-depth"": ""3"", ""weightb"": ""0"", ""weightp"": ""0"", ""wpp"": ""0""}"
x265,hebo,7304,plain,false,67,-2.81,138.67,-2.81,139.00389981269836,"['Standard', '320p', 30, '10s']",0.0,139.00379085540771,0.0,"{""amp"": ""0"", ""aq-mode"": ""3"", ""aq-strength"": ""1.0"", ""b-adapt"": ""1"", ""bframes"": ""3"", ""crf"": ""28.0"", ""ctu"": ""64"", ""keyint"": ""297"", ""limit-refs"": ""3"", ""limit-tu"": ""4"", ""me"": ""full"", ""merange"": ""46"", ""open-gop"": ""1"", ""psy-rd"": ""1.0"", ""psy-rdoq"": ""2.0"", ""qcomp"": ""1.0"", ""qpmax"": ""49"", ""qpmin"": ""12"", ""rc-lookahead"": ""45"", ""rd"": ""5"", ""rdoq-level"": ""2"", ""rect"": ""1"", ""ref"": ""5"", ""rskip"": ""1"", ""sao"": ""0"", ""scenecut"": ""53"", ""subme"": ""5"", ""tu-inter-depth"": ""2"", ""tu-intra-depth"": ""3"", ""weightb"": ""0"", ""weightp"": ""0"", ""wpp"": ""0""}"
x265,hebo,7304,plain,false,68,75.00,3.86,75.00,4.205606460571289,"['Standard', '320p', 30, '10s']",0.0,4.2054994106292725,0.0,"{""amp"": ""0"", ""aq-mode"": ""3"", ""aq-strength"": ""1.5"", ""b-adapt"": ""1"", ""bframes"": ""5"", ""crf"": ""30.0"", ""ctu"": ""16"", ""keyint"": ""61"", ""limit-refs"": ""1"", ""limit-tu"": ""0"", ""me"": ""star"", ""merange"": ""46"", ""open-gop"": ""0"", ""psy-rd"": ""1.0"", ""psy-rdoq"": ""0.0"", ""qcomp"": ""0.9"", ""qpmax"": ""32"", ""qpmin"": ""7"", ""rc-lookahead"": ""34"", ""rd"": ""2"", ""rdoq-level"": ""1"", ""rect"": ""0"", ""ref"": ""5"", ""rskip"": ""0"", ""sao"": ""0"", ""scenecut"": ""83"", ""subme"": ""3"", ""tu-inter-depth"": ""1"", ""tu-intra-depth"": ""1"", ""weightb"": ""1"", ""weightp"": ""1"", ""wpp"": ""0""}"
x265,hebo,7304,plain,false,69,7.67,24.05,7.67,24.37806797027588,"['Standard', '320p', 30, '10s']",0.0,24.377965211868286,0.0,"{""amp"": ""0"", ""aq-mode"": ""1"", ""aq-strength"": ""1.8"", ""b-adapt"": ""0"", ""bframes"": ""2"", ""crf"": ""30.0"", ""ctu"": ""64"", ""keyint"": ""90"", ""limit-refs"": ""0"", ""limit-tu"": ""1"", ""me"": ""full"", ""merange"": ""60"", ""open-gop"": ""0"", ""psy-rd"": ""1.0"", ""psy-rdoq"": ""4.5"", ""qcomp"": ""0.7"", ""qpmax"": ""31"", ""qpmin"": ""12"", ""rc-lookahead"": ""10"", ""rd"": ""3"", ""rdoq-level"": ""0"", ""rect"": ""0"", ""ref"": ""2"", ""rskip"": ""0"", ""sao"": ""0"", ""scenecut"": ""95"", ""subme"": ""2"", ""tu-inter-depth"": ""2"", ""tu-intra-depth"": ""4"", ""weightb"": ""0"", ""weightp"": ""1"", ""wpp"": ""0""}"
x265,hebo,7304,plain,false,70,59.35,4.78,59.35,5.107919931411743,"['Standard', '320p', 30, '10s']",0.0,5.107815504074097,0.0,"{""amp"": ""0"", ""aq-mode"": ""4"", ""aq-strength"": ""0.8"", ""b-adapt"": ""0"", ""bframes"": ""2"", ""crf"": ""30.0"", ""ctu"": ""16"", ""keyint"": ""321"", ""limit-refs"": ""1"", ""limit-tu"": ""3"", ""me"": ""full"", ""merange"": ""18"", ""open-gop"": ""1"", ""psy-rd"": ""1.0"", ""psy-rdoq"": ""0.0"", ""qcomp"": ""1.0"", ""qpmax"": ""27"", ""qpmin"": ""6"", ""rc-lookahead"": ""43"", ""rd"": ""1"", ""rdoq-level"": ""0"", ""rect"": ""0"", ""ref"": ""1"", ""rskip"": ""1"", ""sao"": ""0"", ""scenecut"": ""93"", ""subme"": ""1"", ""tu-inter-depth"": ""1"", ""tu-intra-depth"": ""1"", ""weightb"": ""1"", ""weightp"": ""0"", ""wpp"": ""0""}"
x265,hebo,7304,plain,false,71,75.91,3.81,75.91,4.151258230209351,"['Standard', '320p', 30, '10s']",0.0,4.151151657104492,0.0,"{""amp"": ""0"", ""aq-mode"": ""1"", ""aq-strength"": ""2.0"", ""b-adapt"": ""1"", ""bframes"": ""4"", ""crf"": ""32.0"", ""ctu"": ""64"", ""keyint"": ""299"", ""limit-refs"": ""2"", ""limit-tu"": ""3"", ""me"": ""hex"", ""merange"": ""43"", ""open-gop"": ""0"", ""psy-rd"": ""4.0"", ""psy-rdoq"": ""5.0"", ""qcomp"": ""1.0"", ""qpmax"": ""36"", ""qpmin"": ""1"", ""rc-lookahead"": ""20"", ""rd"": ""2"", ""rdoq-level"": ""0"", ""rect"": ""0"", ""ref"": ""4"", ""rskip"": ""0"", ""sao"": ""0"", ""scenecut"": ""84"", ""subme"": ""2"", ""tu-inter-depth"": ""3"", ""tu-intra-depth"": ""2"", ""weightb"": ""1"", ""weightp"": ""1"", ""wpp"": ""0""}"
x265,hebo,7304,plain,false,72,20.85,11.82,20.85,12.152779340744019,"['Standard', '320p', 30, '10s']",0.0,12.152679681777954,0.0,"{""amp"": ""0"", ""aq-mode"": ""4"", ""aq-strength"": ""1.0"", ""b-adapt"": ""2"", ""bframes"": ""7"", ""crf"": ""22.0"", ""ctu"": ""32"", ""keyint"": ""84"", ""limit-refs"": ""3"", ""limit-tu"": ""0"", ""me"": ""dia"", ""merange"": ""43"", ""open-gop"": ""1"", ""psy-rd"": ""0.5"", ""psy-rdoq"": ""3.5"", ""qcomp"": ""0.7"", ""qpmax"": ""48"", ""qpmin"": ""12"", ""rc-lookahead"": ""34"", ""rd"": ""2"", ""rdoq-level"": ""1"", ""rect"": ""1"", ""ref"": ""5"", ""rskip"": ""0"", ""sao"": ""1"", ""scenecut"": ""87"", ""subme"": ""4"", ""tu-inter-depth"": ""3"", ""tu-intra-depth"": ""1"", ""weightb"": ""1"", ""weightp"": ""1"", ""wpp"": ""1""}"
x265,hebo,7304,plain,false,73,13.89,16.15,13.89,16.459116220474243,"['Standard', '320p', 30, '10s']",0.0,16.459019899368286,0.0,"{""amp"": ""1"", ""aq-mode"": ""0"", ""aq-strength"": ""1.5"", ""b-adapt"": ""2"", ""bframes"": ""5"", ""crf"": ""18.0"", ""ctu"": ""16"", ""keyint"": ""136"", ""limit-refs"": ""1"", ""limit-tu"": ""1"", ""me"": ""full"", ""merange"": ""57"", ""open-gop"": ""0"", ""psy-rd"": ""1.0"", ""psy-rdoq"": ""5.0"", ""qcomp"": ""0.6"", ""qpmax"": ""31"", ""qpmin"": ""19"", ""rc-lookahead"": ""50"", ""rd"": ""2"", ""rdoq-level"": ""0"", ""rect"": ""0"", ""ref"": ""1"", ""rskip"": ""1"", ""sao"": ""1"", ""scenecut"": ""61"", ""subme"": ""4"", ""tu-inter-depth"": ""1"", ""tu-intra-depth"": ""2"", ""weightb"": ""0"", ""weightp"": ""1"", ""wpp"": ""1""}"
x265,hebo,7304,plain,false,74,12.09,17.88,12.09,18.43942666053772,"['Standard', '320p', 30, '10s']",0.0,18.43931555747986,0.0,"{""amp"": ""0"", ""aq-mode"": ""0"", ""aq-strength"": ""1.2"", ""b-adapt"": ""0"", ""bframes"": ""7"", ""crf"": ""18.0"", ""ctu"": ""32"", ""keyint"": ""163"", ""limit-refs"": ""1"", ""limit-tu"": ""1"", ""me"": ""full"", ""merange"": ""40"", ""open-gop"": ""0"", ""psy-rd"": ""0.0"", ""psy-rdoq"": ""4.0"", ""qcomp"": ""0.75"", ""qpmax"": ""31"", ""qpmin"": ""2"", ""rc-lookahead"": ""12"", ""rd"": ""2"", ""rdoq-level"": ""0"", ""rect"": ""0"", ""ref"": ""1"", ""rskip"": ""0"", ""sao"": ""0"", ""scenecut"": ""45"", ""subme"": ""4"", ""tu-inter-depth"": ""3"", ""tu-intra-depth"": ""2"", ""weightb"": ""0"", ""weightp"": ""1"", ""wpp"": ""0""}"
x265,hebo,7304,plain,false,75,57.02,5.0,57.02,5.546573638916016,"['Standard', '320p', 30, '10s']",0.0,5.546463966369629,0.0,"{""amp"": ""1"", ""aq-mode"": ""0"", ""aq-strength"": ""0.0"", ""b-adapt"": ""2"", ""bframes"": ""7"", ""crf"": ""32.0"", ""ctu"": ""32"", ""keyint"": ""416"", ""limit-refs"": ""1"", ""limit-tu"": ""0"", ""me"": ""star"", ""merange"": ""61"", ""open-gop"": ""1"", ""psy-rd"": ""0.5"", ""psy-rdoq"": ""2.5"", ""qcomp"": ""1.0"", ""qpmax"": ""47"", ""qpmin"": ""15"", ""rc-lookahead"": ""28"", ""rd"": ""4"", ""rdoq-level"": ""2"", ""rect"": ""0"", ""ref"": ""5"", ""rskip"": ""1"", ""sao"": ""1"", ""scenecut"": ""63"", ""subme"": ""3"", ""tu-inter-depth"": ""2"", ""tu-intra-depth"": ""3"", ""weightb"": ""1"", ""weightp"": ""1"", ""wpp"": ""0""}"
x265,hebo,7304,plain,false,76,24.50,10.36,24.50,10.69625449180603,"['Standard', '320p', 30, '10s']",0.0,10.696147680282593,0.0,"{""amp"": ""0"", ""aq-mode"": ""3"", ""aq-strength"": ""0.0"", ""b-adapt"": ""1"", ""bframes"": ""4"", ""crf"": ""32.0"", ""ctu"": ""32"", ""keyint"": ""54"", ""limit-refs"": ""1"", ""limit-tu"": ""4"", ""me"": ""full"", ""merange"": ""51"", ""open-gop"": ""0"", ""psy-rd"": ""3.5"", ""psy-rdoq"": ""0.5"", ""qcomp"": ""1.0"", ""qpmax"": ""44"", ""qpmin"": ""0"", ""rc-lookahead"": ""14"", ""rd"": ""1"", ""rdoq-level"": ""0"", ""rect"": ""0"", ""ref"": ""3"", ""rskip"": ""0"", ""sao"": ""1"", ""scenecut"": ""22"", ""subme"": ""1"", ""tu-inter-depth"": ""4"", ""tu-intra-depth"": ""2"", ""weightb"": ""1"", ""weightp"": ""0"", ""wpp"": ""1""}"
x265,hebo,7304,plain,false,77,5.73,28.39,5.73,28.72071933746338,"['Standard', '320p', 30, '10s']",0.0,28.72061562538147,0.0,"{""amp"": ""1"", ""aq-mode"": ""3"", ""aq-strength"": ""2.0"", ""b-adapt"": ""0"", ""bframes"": ""2"", ""crf"": ""32.0"", ""ctu"": ""64"", ""keyint"": ""433"", ""limit-refs"": ""1"", ""limit-tu"": ""4"", ""me"": ""full"", ""merange"": ""56"", ""open-gop"": ""1"", ""psy-rd"": ""0.0"", ""psy-rdoq"": ""3.5"", ""qcomp"": ""0.9"", ""qpmax"": ""31"", ""qpmin"": ""5"", ""rc-lookahead"": ""11"", ""rd"": ""3"", ""rdoq-level"": ""2"", ""rect"": ""0"", ""ref"": ""6"", ""rskip"": ""1"", ""sao"": ""1"", ""scenecut"": ""50"", ""subme"": ""4"", ""tu-inter-depth"": ""3"", ""tu-intra-depth"": ""3"", ""weightb"": ""1"", ""weightp"": ""1"", ""wpp"": ""0""}"
x265,hebo,7304,plain,false,78,45.70,6.09,45.70,6.476052761077881,"['Standard', '320p', 30, '10s']",0.0,6.475950241088867,0.0,"{""amp"": ""0"", ""aq-mode"": ""2"", ""aq-strength"": ""0.5"", ""b-adapt"": ""0"", ""bframes"": ""1"", ""crf"": ""18.0"", ""ctu"": ""32"", ""keyint"": ""391"", ""limit-refs"": ""0"", ""limit-tu"": ""1"", ""me"": ""dia"", ""merange"": ""52"", ""open-gop"": ""1"", ""psy-rd"": ""0.0"", ""psy-rdoq"": ""2.5"", ""qcomp"": ""0.5"", ""qpmax"": ""34"", ""qpmin"": ""18"", ""rc-lookahead"": ""23"", ""rd"": ""1"", ""rdoq-level"": ""0"", ""rect"": ""0"", ""ref"": ""3"", ""rskip"": ""0"", ""sao"": ""0"", ""scenecut"": ""14"", ""subme"": ""5"", ""tu-inter-depth"": ""3"", ""tu-intra-depth"": ""3"", ""weightb"": ""0"", ""weightp"": ""0"", ""wpp"": ""1""}"
x265,hebo,7304,plain,false,79,-1.41,84.7,-1.41,85.0396180152893,"['Standard', '320p', 30, '10s']",0.0,85.03951334953308,0.0,"{""amp"": ""0"", ""aq-mode"": ""0"", ""aq-strength"": ""0.5"", ""b-adapt"": ""0"", ""bframes"": ""7"", ""crf"": ""20.0"", ""ctu"": ""32"", ""keyint"": ""109"", ""limit-refs"": ""0"", ""limit-tu"": ""2"", ""me"": ""hex"", ""merange"": ""55"", ""open-gop"": ""0"", ""psy-rd"": ""2.0"", ""psy-rdoq"": ""1.5"", ""qcomp"": ""0.75"", ""qpmax"": ""20"", ""qpmin"": ""2"", ""rc-lookahead"": ""10"", ""rd"": ""5"", ""rdoq-level"": ""1"", ""rect"": ""1"", ""ref"": ""5"", ""rskip"": ""0"", ""sao"": ""0"", ""scenecut"": ""30"", ""subme"": ""2"", ""tu-inter-depth"": ""4"", ""tu-intra-depth"": ""3"", ""weightb"": ""0"", ""weightp"": ""0"", ""wpp"": ""0""}"
x265,hebo,7304,plain,false,80,38.54,7.04,38.54,7.371976613998413,"['Standard', '320p', 30, '10s']",0.0,7.371876955032349,0.0,"{""amp"": ""0"", ""aq-mode"": ""2"", ""aq-strength"": ""2.0"", ""b-adapt"": ""2"", ""bframes"": ""2"", ""crf"": ""22.0"", ""ctu"": ""64"", ""keyint"": ""220"", ""limit-refs"": ""1"", ""limit-tu"": ""2"", ""me"": ""hex"", ""merange"": ""23"", ""open-gop"": ""0"", ""psy-rd"": ""0.5"", ""psy-rdoq"": ""1.0"", ""qcomp"": ""0.7"", ""qpmax"": ""31"", ""qpmin"": ""2"", ""rc-lookahead"": ""11"", ""rd"": ""4"", ""rdoq-level"": ""1"", ""rect"": ""0"", ""ref"": ""1"", ""rskip"": ""1"", ""sao"": ""0"", ""scenecut"": ""3"", ""subme"": ""2"", ""tu-inter-depth"": ""3"", ""tu-intra-depth"": ""3"", ""weightb"": ""0"", ""weightp"": ""1"", ""wpp"": ""1""}"
x265,hebo,7304,plain,false,81,31.31,8.43,31.31,8.766833066940308,"['Standard', '320p', 30, '10s']",0.0,8.766730308532715,0.0,"{""amp"": ""0"", ""aq-mode"": ""3"", ""aq-strength"": ""1.8"", ""b-adapt"": ""0"", ""bframes"": ""0"", ""crf"": ""25.0"", ""ctu"": ""64"", ""keyint"": ""298"", ""limit-refs"": ""2"", ""limit-tu"": ""0"", ""me"": ""star"", ""merange"": ""59"", ""open-gop"": ""0"", ""psy-rd"": ""1.0"", ""psy-rdoq"": ""0.0"", ""qcomp"": ""0.75"", ""qpmax"": ""23"", ""qpmin"": ""0"", ""rc-lookahead"": ""29"", ""rd"": ""2"", ""rdoq-level"": ""0"", ""rect"": ""0"", ""ref"": ""2"", ""rskip"": ""0"", ""sao"": ""1"", ""scenecut"": ""13"", ""subme"": ""4"", ""tu-inter-depth"": ""3"", ""tu-intra-depth"": ""3"", ""weightb"": ""0"", ""weightp"": ""0"", ""wpp"": ""1""}"
x265,hebo,7304,plain,false,82,41.09,6.65,41.09,6.9696667194366455,"['Standard', '320p', 30, '10s']",0.0,6.969568729400635,0.0,"{""amp"": ""1"", ""aq-mode"": ""0"", ""aq-strength"": ""1.0"", ""b-adapt"": ""0"", ""bframes"": ""8"", ""crf"": ""25.0"", ""ctu"": ""32"", ""keyint"": ""498"", ""limit-refs"": ""0"", ""limit-tu"": ""2"", ""me"": ""umh"", ""merange"": ""54"", ""open-gop"": ""1"", ""psy-rd"": ""2.5"", ""psy-rdoq"": ""5.0"", ""qcomp"": ""0.6"", ""qpmax"": ""51"", ""qpmin"": ""1"", ""rc-lookahead"": ""41"", ""rd"": ""4"", ""rdoq-level"": ""2"", ""rect"": ""0"", ""ref"": ""5"", ""rskip"": ""1"", ""sao"": ""1"", ""scenecut"": ""82"", ""subme"": ""3"", ""tu-inter-depth"": ""4"", ""tu-intra-depth"": ""2"", ""weightb"": ""0"", ""weightp"": ""1"", ""wpp"": ""0""}"
x265,hebo,7304,plain,false,83,66.51,4.3,66.51,4.62414026260376,"['Standard', '320p', 30, '10s']",0.0,4.624036073684692,0.0,"{""amp"": ""1"", ""aq-mode"": ""0"", ""aq-strength"": ""0.0"", ""b-adapt"": ""1"", ""bframes"": ""5"", ""crf"": ""30.0"", ""ctu"": ""16"", ""keyint"": ""307"", ""limit-refs"": ""2"", ""limit-tu"": ""1"", ""me"": ""star"", ""merange"": ""47"", ""open-gop"": ""0"", ""psy-rd"": ""4.0"", ""psy-rdoq"": ""4.5"", ""qcomp"": ""0.7"", ""qpmax"": ""38"", ""qpmin"": ""1"", ""rc-lookahead"": ""31"", ""rd"": ""2"", ""rdoq-level"": ""2"", ""rect"": ""0"", ""ref"": ""3"", ""rskip"": ""0"", ""sao"": ""0"", ""scenecut"": ""31"", ""subme"": ""3"", ""tu-inter-depth"": ""3"", ""tu-intra-depth"": ""3"", ""weightb"": ""1"", ""weightp"": ""1"", ""wpp"": ""0""}"
x265,hebo,7304,plain,false,84,70.30,4.09,70.30,4.42729926109314,"['Standard', '320p', 30, '10s']",0.0,4.427205801010132,0.0,"{""amp"": ""1"", ""aq-mode"": ""1"", ""aq-strength"": ""2.0"", ""b-adapt"": ""2"", ""bframes"": ""6"", ""crf"": ""20.0"", ""ctu"": ""64"", ""keyint"": ""424"", ""limit-refs"": ""2"", ""limit-tu"": ""4"", ""me"": ""hex"", ""merange"": ""47"", ""open-gop"": ""0"", ""psy-rd"": ""4.0"", ""psy-rdoq"": ""0.5"", ""qcomp"": ""0.7"", ""qpmax"": ""49"", ""qpmin"": ""0"", ""rc-lookahead"": ""21"", ""rd"": ""2"", ""rdoq-level"": ""1"", ""rect"": ""0"", ""ref"": ""2"", ""rskip"": ""1"", ""sao"": ""1"", ""scenecut"": ""64"", ""subme"": ""1"", ""tu-inter-depth"": ""1"", ""tu-intra-depth"": ""1"", ""weightb"": ""1"", ""weightp"": ""1"", ""wpp"": ""1""}"
x265,hebo,7304,plain,false,85,12.19,17.79,12.19,18.276775598526,"['Standard', '320p', 30, '10s']",0.0,18.276682376861572,0.0,"{""amp"": ""0"", ""aq-mode"": ""3"", ""aq-strength"": ""1.2"", ""b-adapt"": ""2"", ""bframes"": ""1"", ""crf"": ""28.0"", ""ctu"": ""64"", ""keyint"": ""272"", ""limit-refs"": ""3"", ""limit-tu"": ""0"", ""me"": ""full"", ""merange"": ""34"", ""open-gop"": ""0"", ""psy-rd"": ""1.0"", ""psy-rdoq"": ""3.5"", ""qcomp"": ""0.5"", ""qpmax"": ""28"", ""qpmin"": ""3"", ""rc-lookahead"": ""32"", ""rd"": ""2"", ""rdoq-level"": ""0"", ""rect"": ""0"", ""ref"": ""3"", ""rskip"": ""1"", ""sao"": ""0"", ""scenecut"": ""5"", ""subme"": ""1"", ""tu-inter-depth"": ""4"", ""tu-intra-depth"": ""1"", ""weightb"": ""1"", ""weightp"": ""1"", ""wpp"": ""0""}"
x265,hebo,7304,plain,false,86,36.13,7.45,36.13,7.8503875732421875,"['Standard', '320p', 30, '10s']",0.0,7.850228786468506,0.0,"{""amp"": ""0"", ""aq-mode"": ""0"", ""aq-strength"": ""1.0"", ""b-adapt"": ""1"", ""bframes"": ""8"", ""crf"": ""25.0"", ""ctu"": ""64"", ""keyint"": ""40"", ""limit-refs"": ""1"", ""limit-tu"": ""0"", ""me"": ""hex"", ""merange"": ""36"", ""open-gop"": ""0"", ""psy-rd"": ""4.0"", ""psy-rdoq"": ""0.0"", ""qcomp"": ""1.0"", ""qpmax"": ""20"", ""qpmin"": ""2"", ""rc-lookahead"": ""28"", ""rd"": ""2"", ""rdoq-level"": ""0"", ""rect"": ""0"", ""ref"": ""1"", ""rskip"": ""0"", ""sao"": ""0"", ""scenecut"": ""15"", ""subme"": ""1"", ""tu-inter-depth"": ""2"", ""tu-intra-depth"": ""2"", ""weightb"": ""1"", ""weightp"": ""0"", ""wpp"": ""0""}"
x265,hebo,7304,plain,false,87,21.20,11.66,21.20,11.983219623565674,"['Standard', '320p', 30, '10s']",0.0,11.983112812042236,0.0,"{""amp"": ""1"", ""aq-mode"": ""0"", ""aq-strength"": ""1.0"", ""b-adapt"": ""1"", ""bframes"": ""8"", ""crf"": ""30.0"", ""ctu"": ""64"", ""keyint"": ""477"", ""limit-refs"": ""3"", ""limit-tu"": ""4"", ""me"": ""umh"", ""merange"": ""18"", ""open-gop"": ""1"", ""psy-rd"": ""0.0"", ""psy-rdoq"": ""1.5"", ""qcomp"": ""0.75"", ""qpmax"": ""45"", ""qpmin"": ""5"", ""rc-lookahead"": ""42"", ""rd"": ""6"", ""rdoq-level"": ""2"", ""rect"": ""0"", ""ref"": ""2"", ""rskip"": ""1"", ""sao"": ""1"", ""scenecut"": ""53"", ""subme"": ""4"", ""tu-inter-depth"": ""2"", ""tu-intra-depth"": ""2"", ""weightb"": ""0"", ""weightp"": ""0"", ""wpp"": ""0""}"
x265,hebo,7304,plain,false,88,60.55,4.69,60.55,5.020208120346069,"['Standard', '320p', 30, '10s']",0.0,5.020111799240112,0.0,"{""amp"": ""1"", ""aq-mode"": ""1"", ""aq-strength"": ""1.5"", ""b-adapt"": ""2"", ""bframes"": ""0"", ""crf"": ""22.0"", ""ctu"": ""64"", ""keyint"": ""325"", ""limit-refs"": ""2"", ""limit-tu"": ""3"", ""me"": ""umh"", ""merange"": ""19"", ""open-gop"": ""0"", ""psy-rd"": ""4.0"", ""psy-rdoq"": ""3.5"", ""qcomp"": ""0.7"", ""qpmax"": ""37"", ""qpmin"": ""3"", ""rc-lookahead"": ""21"", ""rd"": ""2"", ""rdoq-level"": ""1"", ""rect"": ""0"", ""ref"": ""4"", ""rskip"": ""1"", ""sao"": ""0"", ""scenecut"": ""19"", ""subme"": ""5"", ""tu-inter-depth"": ""1"", ""tu-intra-depth"": ""4"", ""weightb"": ""0"", ""weightp"": ""1"", ""wpp"": ""1""}"
x265,hebo,7304,plain,false,89,-2.77,136.5,-2.77,136.8270251750946,"['Standard', '320p', 30, '10s']",0.0,136.82690858840942,0.0,"{""amp"": ""0"", ""aq-mode"": ""2"", ""aq-strength"": ""1.5"", ""b-adapt"": ""1"", ""bframes"": ""0"", ""crf"": ""30.0"", ""ctu"": ""16"", ""keyint"": ""237"", ""limit-refs"": ""0"", ""limit-tu"": ""0"", ""me"": ""full"", ""merange"": ""59"", ""open-gop"": ""1"", ""psy-rd"": ""3.5"", ""psy-rdoq"": ""0.5"", ""qcomp"": ""1.0"", ""qpmax"": ""43"", ""qpmin"": ""9"", ""rc-lookahead"": ""29"", ""rd"": ""6"", ""rdoq-level"": ""0"", ""rect"": ""0"", ""ref"": ""3"", ""rskip"": ""1"", ""sao"": ""0"", ""scenecut"": ""26"", ""subme"": ""5"", ""tu-inter-depth"": ""1"", ""tu-intra-depth"": ""2"", ""weightb"": ""1"", ""weightp"": ""1"", ""wpp"": ""0""}"
x265,hebo,7304,plain,false,90,28.23,9.2,28.23,9.72388505935669,"['Standard', '320p', 30, '10s']",0.0,9.723771810531616,0.0,"{""amp"": ""0"", ""aq-mode"": ""1"", ""aq-strength"": ""1.5"", ""b-adapt"": ""1"", ""bframes"": ""4"", ""crf"": ""18.0"", ""ctu"": ""32"", ""keyint"": ""111"", ""limit-refs"": ""3"", ""limit-tu"": ""4"", ""me"": ""umh"", ""merange"": ""57"", ""open-gop"": ""0"", ""psy-rd"": ""2.5"", ""psy-rdoq"": ""5.0"", ""qcomp"": ""0.5"", ""qpmax"": ""27"", ""qpmin"": ""6"", ""rc-lookahead"": ""41"", ""rd"": ""4"", ""rdoq-level"": ""2"", ""rect"": ""1"", ""ref"": ""2"", ""rskip"": ""1"", ""sao"": ""0"", ""scenecut"": ""86"", ""subme"": ""3"", ""tu-inter-depth"": ""1"", ""tu-intra-depth"": ""4"", ""weightb"": ""0"", ""weightp"": ""0"", ""wpp"": ""1""}"
x265,hebo,7304,plain,false,91,5.24,29.77,5.24,30.346091270446777,"['Standard', '320p', 30, '10s']",0.0,30.345982789993286,0.0,"{""amp"": ""0"", ""aq-mode"": ""1"", ""aq-strength"": ""0.5"", ""b-adapt"": ""2"", ""bframes"": ""8"", ""crf"": ""18.0"", ""ctu"": ""16"", ""keyint"": ""233"", ""limit-refs"": ""3"", ""limit-tu"": ""1"", ""me"": ""dia"", ""merange"": ""58"", ""open-gop"": ""0"", ""psy-rd"": ""1.0"", ""psy-rdoq"": ""3.5"", ""qcomp"": ""0.6"", ""qpmax"": ""47"", ""qpmin"": ""13"", ""rc-lookahead"": ""42"", ""rd"": ""5"", ""rdoq-level"": ""2"", ""rect"": ""1"", ""ref"": ""6"", ""rskip"": ""1"", ""sao"": ""0"", ""scenecut"": ""54"", ""subme"": ""5"", ""tu-inter-depth"": ""1"", ""tu-intra-depth"": ""1"", ""weightb"": ""1"", ""weightp"": ""1"", ""wpp"": ""1""}"
x265,hebo,7304,plain,false,92,54.61,5.15,54.61,5.475379943847656,"['Standard', '320p', 30, '10s']",0.0,5.475279808044434,0.0,"{""amp"": ""0"", ""aq-mode"": ""3"", ""aq-strength"": ""0.0"", ""b-adapt"": ""1"", ""bframes"": ""5"", ""crf"": ""28.0"", ""ctu"": ""32"", ""keyint"": ""258"", ""limit-refs"": ""0"", ""limit-tu"": ""0"", ""me"": ""hex"", ""merange"": ""34"", ""open-gop"": ""0"", ""psy-rd"": ""0.0"", ""psy-rdoq"": ""1.0"", ""qcomp"": ""0.8"", ""qpmax"": ""37"", ""qpmin"": ""11"", ""rc-lookahead"": ""24"", ""rd"": ""1"", ""rdoq-level"": ""2"", ""rect"": ""1"", ""ref"": ""3"", ""rskip"": ""1"", ""sao"": ""0"", ""scenecut"": ""77"", ""subme"": ""2"", ""tu-inter-depth"": ""3"", ""tu-intra-depth"": ""3"", ""weightb"": ""0"", ""weightp"": ""1"", ""wpp"": ""1""}"
x265,hebo,7304,plain,false,93,22.72,11.02,22.72,11.348998546600342,"['Standard', '320p', 30, '10s']",0.0,11.348890781402588,0.0,"{""amp"": ""0"", ""aq-mode"": ""4"", ""aq-strength"": ""1.5"", ""b-adapt"": ""2"", ""bframes"": ""8"", ""crf"": ""28.0"", ""ctu"": ""32"", ""keyint"": ""463"", ""limit-refs"": ""3"", ""limit-tu"": ""4"", ""me"": ""umh"", ""merange"": ""22"", ""open-gop"": ""1"", ""psy-rd"": ""3.5"", ""psy-rdoq"": ""0.5"", ""qcomp"": ""0.8"", ""qpmax"": ""46"", ""qpmin"": ""14"", ""rc-lookahead"": ""46"", ""rd"": ""5"", ""rdoq-level"": ""2"", ""rect"": ""1"", ""ref"": ""3"", ""rskip"": ""1"", ""sao"": ""1"", ""scenecut"": ""67"", ""subme"": ""1"", ""tu-inter-depth"": ""4"", ""tu-intra-depth"": ""3"", ""weightb"": ""0"", ""weightp"": ""1"", ""wpp"": ""1""}"
x265,hebo,7304,plain,false,94,-3.35,184.82,-3.35,185.13074111938477,"['Standard', '320p', 30, '10s']",0.0,185.1306335926056,0.0,"{""amp"": ""1"", ""aq-mode"": ""4"", ""aq-strength"": ""2.0"", ""b-adapt"": ""2"", ""bframes"": ""8"", ""crf"": ""32.0"", ""ctu"": ""32"", ""keyint"": ""460"", ""limit-refs"": ""3"", ""limit-tu"": ""2"", ""me"": ""full"", ""merange"": ""62"", ""open-gop"": ""1"", ""psy-rd"": ""3.5"", ""psy-rdoq"": ""1.5"", ""qcomp"": ""0.8"", ""qpmax"": ""45"", ""qpmin"": ""18"", ""rc-lookahead"": ""34"", ""rd"": ""6"", ""rdoq-level"": ""2"", ""rect"": ""1"", ""ref"": ""6"", ""rskip"": ""1"", ""sao"": ""1"", ""scenecut"": ""53"", ""subme"": ""3"", ""tu-inter-depth"": ""4"", ""tu-intra-depth"": ""2"", ""weightb"": ""1"", ""weightp"": ""1"", ""wpp"": ""1""}"
x265,hebo,7304,plain,false,95,2.90,38.51,2.90,38.84863615036011,"['Standard', '320p', 30, '10s']",0.0,38.84852838516235,0.0,"{""amp"": ""0"", ""aq-mode"": ""3"", ""aq-strength"": ""2.0"", ""b-adapt"": ""2"", ""bframes"": ""3"", ""crf"": ""30.0"", ""ctu"": ""16"", ""keyint"": ""226"", ""limit-refs"": ""2"", ""limit-tu"": ""1"", ""me"": ""hex"", ""merange"": ""64"", ""open-gop"": ""0"", ""psy-rd"": ""1.5"", ""psy-rdoq"": ""1.5"", ""qcomp"": ""0.8"", ""qpmax"": ""24"", ""qpmin"": ""2"", ""rc-lookahead"": ""37"", ""rd"": ""6"", ""rdoq-level"": ""2"", ""rect"": ""1"", ""ref"": ""5"", ""rskip"": ""1"", ""sao"": ""1"", ""scenecut"": ""36"", ""subme"": ""3"", ""tu-inter-depth"": ""3"", ""tu-intra-depth"": ""3"", ""weightb"": ""1"", ""weightp"": ""1"", ""wpp"": ""1""}"
x265,hebo,7304,plain,false,96,17.64,13.48,17.64,13.817184448242188,"['Standard', '320p', 30, '10s']",0.0,13.817084074020386,0.0,"{""amp"": ""0"", ""aq-mode"": ""0"", ""aq-strength"": ""2.0"", ""b-adapt"": ""1"", ""bframes"": ""2"", ""crf"": ""20.0"", ""ctu"": ""64"", ""keyint"": ""470"", ""limit-refs"": ""2"", ""limit-tu"": ""0"", ""me"": ""full"", ""merange"": ""40"", ""open-gop"": ""0"", ""psy-rd"": ""0.0"", ""psy-rdoq"": ""3.5"", ""qcomp"": ""0.7"", ""qpmax"": ""47"", ""qpmin"": ""7"", ""rc-lookahead"": ""44"", ""rd"": ""1"", ""rdoq-level"": ""1"", ""rect"": ""0"", ""ref"": ""1"", ""rskip"": ""0"", ""sao"": ""1"", ""scenecut"": ""35"", ""subme"": ""4"", ""tu-inter-depth"": ""1"", ""tu-intra-depth"": ""2"", ""weightb"": ""1"", ""weightp"": ""1"", ""wpp"": ""0""}"
x265,hebo,7304,plain,false,97,26.03,9.85,26.03,10.203479766845703,"['Standard', '320p', 30, '10s']",0.0,10.20337963104248,0.0,"{""amp"": ""0"", ""aq-mode"": ""2"", ""aq-strength"": ""0.5"", ""b-adapt"": ""0"", ""bframes"": ""4"", ""crf"": ""30.0"", ""ctu"": ""16"", ""keyint"": ""236"", ""limit-refs"": ""3"", ""limit-tu"": ""0"", ""me"": ""star"", ""merange"": ""30"", ""open-gop"": ""0"", ""psy-rd"": ""0.5"", ""psy-rdoq"": ""3.5"", ""qcomp"": ""0.5"", ""qpmax"": ""26"", ""qpmin"": ""8"", ""rc-lookahead"": ""20"", ""rd"": ""3"", ""rdoq-level"": ""1"", ""rect"": ""1"", ""ref"": ""4"", ""rskip"": ""1"", ""sao"": ""0"", ""scenecut"": ""46"", ""subme"": ""3"", ""tu-inter-depth"": ""2"", ""tu-intra-depth"": ""3"", ""weightb"": ""0"", ""weightp"": ""1"", ""wpp"": ""0""}"
x265,hebo,7304,plain,false,98,5.81,28.17,5.81,28.497286319732666,"['Standard', '320p', 30, '10s']",0.0,28.497178077697754,0.0,"{""amp"": ""1"", ""aq-mode"": ""2"", ""aq-strength"": ""1.5"", ""b-adapt"": ""1"", ""bframes"": ""7"", ""crf"": ""32.0"", ""ctu"": ""32"", ""keyint"": ""456"", ""limit-refs"": ""2"", ""limit-tu"": ""1"", ""me"": ""star"", ""merange"": ""33"", ""open-gop"": ""1"", ""psy-rd"": ""4.0"", ""psy-rdoq"": ""5.0"", ""qcomp"": ""0.9"", ""qpmax"": ""38"", ""qpmin"": ""4"", ""rc-lookahead"": ""33"", ""rd"": ""6"", ""rdoq-level"": ""2"", ""rect"": ""1"", ""ref"": ""6"", ""rskip"": ""0"", ""sao"": ""1"", ""scenecut"": ""90"", ""subme"": ""5"", ""tu-inter-depth"": ""2"", ""tu-intra-depth"": ""4"", ""weightb"": ""1"", ""weightp"": ""1"", ""wpp"": ""1""}"
x265,hebo,7304,plain,false,99,26.03,9.85,26.03,10.182535409927368,"['Standard', '320p', 30, '10s']",0.0,10.182430982589722,0.0,"{""amp"": ""1"", ""aq-mode"": ""0"", ""aq-strength"": ""1.0"", ""b-adapt"": ""0"", ""bframes"": ""5"", ""crf"": ""22.0"", ""ctu"": ""64"", ""keyint"": ""455"", ""limit-refs"": ""1"", ""limit-tu"": ""3"", ""me"": ""hex"", ""merange"": ""23"", ""open-gop"": ""0"", ""psy-rd"": ""3.0"", ""psy-rdoq"": ""4.0"", ""qcomp"": ""0.9"", ""qpmax"": ""23"", ""qpmin"": ""10"", ""rc-lookahead"": ""37"", ""rd"": ""3"", ""rdoq-level"": ""1"", ""rect"": ""0"", ""ref"": ""5"", ""rskip"": ""1"", ""sao"": ""0"", ""scenecut"": ""5"", ""subme"": ""5"", ""tu-inter-depth"": ""2"", ""tu-intra-depth"": ""2"", ""weightb"": ""0"", ""weightp"": ""0"", ""wpp"": ""1""}"
x265,hebo,7304,plain,false,100,2.02,43.39,2.02,43.718239545822144,"['Standard', '320p', 30, '10s']",0.0,43.71813702583313,0.0,"{""amp"": ""0"", ""aq-mode"": ""4"", ""aq-strength"": ""1.0"", ""b-adapt"": ""1"", ""bframes"": ""3"", ""crf"": ""32.0"", ""ctu"": ""64"", ""keyint"": ""81"", ""limit-refs"": ""3"", ""limit-tu"": ""3"", ""me"": ""star"", ""merange"": ""37"", ""open-gop"": ""1"", ""psy-rd"": ""1.0"", ""psy-rdoq"": ""1.0"", ""qcomp"": ""0.5"", ""qpmax"": ""21"", ""qpmin"": ""14"", ""rc-lookahead"": ""17"", ""rd"": ""5"", ""rdoq-level"": ""1"", ""rect"": ""0"", ""ref"": ""6"", ""rskip"": ""1"", ""sao"": ""1"", ""scenecut"": ""91"", ""subme"": ""5"", ""tu-inter-depth"": ""1"", ""tu-intra-depth"": ""2"", ""weightb"": ""0"", ""weightp"": ""1"", ""wpp"": ""0""}"
x265,hebo,7304,plain,false,101,16.28,14.34,16.28,14.682043552398682,"['Standard', '320p', 30, '10s']",0.0,14.681946516036987,0.0,"{""amp"": ""1"", ""aq-mode"": ""3"", ""aq-strength"": ""1.2"", ""b-adapt"": ""0"", ""bframes"": ""2"", ""crf"": ""30.0"", ""ctu"": ""64"", ""keyint"": ""119"", ""limit-refs"": ""3"", ""limit-tu"": ""3"", ""me"": ""full"", ""merange"": ""51"", ""open-gop"": ""0"", ""psy-rd"": ""3.5"", ""psy-rdoq"": ""4.0"", ""qcomp"": ""1.0"", ""qpmax"": ""38"", ""qpmin"": ""3"", ""rc-lookahead"": ""25"", ""rd"": ""2"", ""rdoq-level"": ""0"", ""rect"": ""0"", ""ref"": ""2"", ""rskip"": ""0"", ""sao"": ""0"", ""scenecut"": ""45"", ""subme"": ""3"", ""tu-inter-depth"": ""1"", ""tu-intra-depth"": ""1"", ""weightb"": ""1"", ""weightp"": ""0"", ""wpp"": ""1""}"
x265,hebo,7304,plain,false,102,43.97,6.27,43.97,6.613213300704956,"['Standard', '320p', 30, '10s']",0.0,6.6131041049957275,0.0,"{""amp"": ""1"", ""aq-mode"": ""4"", ""aq-strength"": ""1.2"", ""b-adapt"": ""1"", ""bframes"": ""1"", ""crf"": ""20.0"", ""ctu"": ""16"", ""keyint"": ""293"", ""limit-refs"": ""2"", ""limit-tu"": ""1"", ""me"": ""dia"", ""merange"": ""46"", ""open-gop"": ""1"", ""psy-rd"": ""1.0"", ""psy-rdoq"": ""1.5"", ""qcomp"": ""0.6"", ""qpmax"": ""42"", ""qpmin"": ""8"", ""rc-lookahead"": ""60"", ""rd"": ""4"", ""rdoq-level"": ""0"", ""rect"": ""0"", ""ref"": ""2"", ""rskip"": ""0"", ""sao"": ""1"", ""scenecut"": ""76"", ""subme"": ""5"", ""tu-inter-depth"": ""1"", ""tu-intra-depth"": ""2"", ""weightb"": ""0"", ""weightp"": ""0"", ""wpp"": ""0""}"
x265,hebo,7304,plain,false,103,80.70,3.6,80.70,3.930867910385132,"['Standard', '320p', 30, '10s']",0.0,3.9307663440704346,0.0,"{""amp"": ""0"", ""aq-mode"": ""1"", ""aq-strength"": ""2.0"", ""b-adapt"": ""1"", ""bframes"": ""4"", ""crf"": ""32.0"", ""ctu"": ""64"", ""keyint"": ""302"", ""limit-refs"": ""0"", ""limit-tu"": ""3"", ""me"": ""umh"", ""merange"": ""42"", ""open-gop"": ""0"", ""psy-rd"": ""4.0"", ""psy-rdoq"": ""5.0"", ""qcomp"": ""1.0"", ""qpmax"": ""36"", ""qpmin"": ""1"", ""rc-lookahead"": ""20"", ""rd"": ""2"", ""rdoq-level"": ""0"", ""rect"": ""0"", ""ref"": ""4"", ""rskip"": ""0"", ""sao"": ""0"", ""scenecut"": ""84"", ""subme"": ""2"", ""tu-inter-depth"": ""3"", ""tu-intra-depth"": ""2"", ""weightb"": ""1"", ""weightp"": ""1"", ""wpp"": ""1""}"
x265,hebo,7304,plain,false,104,12.17,17.76,12.17,18.075769186019897,"['Standard', '320p', 30, '10s']",0.0,18.075671434402466,0.0,"{""amp"": ""1"", ""aq-mode"": ""1"", ""aq-strength"": ""0.0"", ""b-adapt"": ""2"", ""bframes"": ""3"", ""crf"": ""32.0"", ""ctu"": ""32"", ""keyint"": ""424"", ""limit-refs"": ""1"", ""limit-tu"": ""2"", ""me"": ""full"", ""merange"": ""48"", ""open-gop"": ""1"", ""psy-rd"": ""0.5"", ""psy-rdoq"": ""3.0"", ""qcomp"": ""0.9"", ""qpmax"": ""25"", ""qpmin"": ""5"", ""rc-lookahead"": ""13"", ""rd"": ""3"", ""rdoq-level"": ""0"", ""rect"": ""0"", ""ref"": ""1"", ""rskip"": ""0"", ""sao"": ""0"", ""scenecut"": ""82"", ""subme"": ""4"", ""tu-inter-depth"": ""3"", ""tu-intra-depth"": ""1"", ""weightb"": ""0"", ""weightp"": ""1"", ""wpp"": ""0""}"
x265,hebo,7304,plain,false,105,5.64,28.63,5.64,28.96740436553955,"['Standard', '320p', 30, '10s']",0.0,28.96730637550354,0.0,"{""amp"": ""0"", ""aq-mode"": ""0"", ""aq-strength"": ""1.2"", ""b-adapt"": ""0"", ""bframes"": ""0"", ""crf"": ""22.0"", ""ctu"": ""32"", ""keyint"": ""44"", ""limit-refs"": ""3"", ""limit-tu"": ""1"", ""me"": ""full"", ""merange"": ""57"", ""open-gop"": ""0"", ""psy-rd"": ""2.0"", ""psy-rdoq"": ""3.0"", ""qcomp"": ""0.5"", ""qpmax"": ""50"", ""qpmin"": ""0"", ""rc-lookahead"": ""49"", ""rd"": ""1"", ""rdoq-level"": ""1"", ""rect"": ""1"", ""ref"": ""3"", ""rskip"": ""1"", ""sao"": ""0"", ""scenecut"": ""22"", ""subme"": ""4"", ""tu-inter-depth"": ""2"", ""tu-intra-depth"": ""4"", ""weightb"": ""0"", ""weightp"": ""1"", ""wpp"": ""0""}"
x265,hebo,7304,plain,false,106,49.88,5.59,49.88,5.919928550720215,"['Standard', '320p', 30, '10s']",0.0,5.919830799102783,0.0,"{""amp"": ""1"", ""aq-mode"": ""3"", ""aq-strength"": ""0.0"", ""b-adapt"": ""0"", ""bframes"": ""7"", ""crf"": ""28.0"", ""ctu"": ""16"", ""keyint"": ""390"", ""limit-refs"": ""2"", ""limit-tu"": ""3"", ""me"": ""hex"", ""merange"": ""20"", ""open-gop"": ""0"", ""psy-rd"": ""0.5"", ""psy-rdoq"": ""2.5"", ""qcomp"": ""0.75"", ""qpmax"": ""31"", ""qpmin"": ""4"", ""rc-lookahead"": ""35"", ""rd"": ""3"", ""rdoq-level"": ""1"", ""rect"": ""1"", ""ref"": ""1"", ""rskip"": ""0"", ""sao"": ""1"", ""scenecut"": ""50"", ""subme"": ""4"", ""tu-inter-depth"": ""1"", ""tu-intra-depth"": ""1"", ""weightb"": ""1"", ""weightp"": ""0"", ""wpp"": ""1""}"
x265,hebo,7304,plain,false,107,43.46,6.33,43.46,6.657167911529541,"['Standard', '320p', 30, '10s']",0.0,6.657073020935059,0.0,"{""amp"": ""0"", ""aq-mode"": ""0"", ""aq-strength"": ""0.0"", ""b-adapt"": ""2"", ""bframes"": ""4"", ""crf"": ""25.0"", ""ctu"": ""32"", ""keyint"": ""350"", ""limit-refs"": ""1"", ""limit-tu"": ""1"", ""me"": ""umh"", ""merange"": ""26"", ""open-gop"": ""1"", ""psy-rd"": ""1.0"", ""psy-rdoq"": ""1.0"", ""qcomp"": ""0.9"", ""qpmax"": ""48"", ""qpmin"": ""1"", ""rc-lookahead"": ""17"", ""rd"": ""3"", ""rdoq-level"": ""2"", ""rect"": ""0"", ""ref"": ""5"", ""rskip"": ""1"", ""sao"": ""0"", ""scenecut"": ""14"", ""subme"": ""2"", ""tu-inter-depth"": ""2"", ""tu-intra-depth"": ""1"", ""weightb"": ""1"", ""weightp"": ""0"", ""wpp"": ""1""}"
x265,hebo,7304,plain,false,108,23.32,10.79,23.32,11.123691082000732,"['Standard', '320p', 30, '10s']",0.0,11.123571395874023,0.0,"{""amp"": ""0"", ""aq-mode"": ""2"", ""aq-strength"": ""1.0"", ""b-adapt"": ""2"", ""bframes"": ""3"", ""crf"": ""28.0"", ""ctu"": ""32"", ""keyint"": ""96"", ""limit-refs"": ""3"", ""limit-tu"": ""3"", ""me"": ""dia"", ""merange"": ""63"", ""open-gop"": ""0"", ""psy-rd"": ""4.0"", ""psy-rdoq"": ""2.0"", ""qcomp"": ""0.5"", ""qpmax"": ""32"", ""qpmin"": ""2"", ""rc-lookahead"": ""32"", ""rd"": ""6"", ""rdoq-level"": ""0"", ""rect"": ""0"", ""ref"": ""3"", ""rskip"": ""1"", ""sao"": ""1"", ""scenecut"": ""55"", ""subme"": ""5"", ""tu-inter-depth"": ""1"", ""tu-intra-depth"": ""1"", ""weightb"": ""1"", ""weightp"": ""1"", ""wpp"": ""1""}"
x265,hebo,7304,plain,false,109,5.17,29.94,5.17,30.26271104812622,"['Standard', '320p', 30, '10s']",0.0,30.262606620788574,0.0,"{""amp"": ""1"", ""aq-mode"": ""0"", ""aq-strength"": ""1.0"", ""b-adapt"": ""0"", ""bframes"": ""3"", ""crf"": ""20.0"", ""ctu"": ""32"", ""keyint"": ""83"", ""limit-refs"": ""1"", ""limit-tu"": ""3"", ""me"": ""star"", ""merange"": ""50"", ""open-gop"": ""0"", ""psy-rd"": ""3.0"", ""psy-rdoq"": ""3.5"", ""qcomp"": ""0.9"", ""qpmax"": ""39"", ""qpmin"": ""10"", ""rc-lookahead"": ""23"", ""rd"": ""5"", ""rdoq-level"": ""1"", ""rect"": ""0"", ""ref"": ""3"", ""rskip"": ""0"", ""sao"": ""0"", ""scenecut"": ""90"", ""subme"": ""4"", ""tu-inter-depth"": ""2"", ""tu-intra-depth"": ""3"", ""weightb"": ""0"", ""weightp"": ""0"", ""wpp"": ""1""}"
x265,hebo,7304,plain,false,110,55.80,5.05,55.80,5.383497714996338,"['Standard', '320p', 30, '10s']",0.0,5.383399724960327,0.0,"{""amp"": ""0"", ""aq-mode"": ""1"", ""aq-strength"": ""0.5"", ""b-adapt"": ""1"", ""bframes"": ""4"", ""crf"": ""22.0"", ""ctu"": ""64"", ""keyint"": ""302"", ""limit-refs"": ""2"", ""limit-tu"": ""3"", ""me"": ""star"", ""merange"": ""42"", ""open-gop"": ""0"", ""psy-rd"": ""1.5"", ""psy-rdoq"": ""3.0"", ""qcomp"": ""0.5"", ""qpmax"": ""27"", ""qpmin"": ""1"", ""rc-lookahead"": ""20"", ""rd"": ""2"", ""rdoq-level"": ""0"", ""rect"": ""0"", ""ref"": ""4"", ""rskip"": ""0"", ""sao"": ""0"", ""scenecut"": ""46"", ""subme"": ""2"", ""tu-inter-depth"": ""2"", ""tu-intra-depth"": ""1"", ""weightb"": ""1"", ""weightp"": ""1"", ""wpp"": ""1""}"
x265,hebo,7304,plain,false,111,33.84,7.88,33.84,8.316629648208618,"['Standard', '320p', 30, '10s']",0.0,8.316521406173706,0.0,"{""amp"": ""0"", ""aq-mode"": ""4"", ""aq-strength"": ""0.0"", ""b-adapt"": ""2"", ""bframes"": ""8"", ""crf"": ""20.0"", ""ctu"": ""64"", ""keyint"": ""406"", ""limit-refs"": ""0"", ""limit-tu"": ""4"", ""me"": ""hex"", ""merange"": ""52"", ""open-gop"": ""1"", ""psy-rd"": ""1.0"", ""psy-rdoq"": ""3.0"", ""qcomp"": ""0.75"", ""qpmax"": ""46"", ""qpmin"": ""5"", ""rc-lookahead"": ""47"", ""rd"": ""2"", ""rdoq-level"": ""0"", ""rect"": ""0"", ""ref"": ""6"", ""rskip"": ""0"", ""sao"": ""0"", ""scenecut"": ""51"", ""subme"": ""5"", ""tu-inter-depth"": ""4"", ""tu-intra-depth"": ""3"", ""weightb"": ""0"", ""weightp"": ""0"", ""wpp"": ""0""}"
x265,hebo,7304,plain,false,112,14.50,15.64,14.50,15.991477489471436,"['Standard', '320p', 30, '10s']",0.0,15.991380214691162,0.0,"{""amp"": ""0"", ""aq-mode"": ""1"", ""aq-strength"": ""1.5"", ""b-adapt"": ""0"", ""bframes"": ""0"", ""crf"": ""18.0"", ""ctu"": ""32"", ""keyint"": ""36"", ""limit-refs"": ""2"", ""limit-tu"": ""0"", ""me"": ""dia"", ""merange"": ""44"", ""open-gop"": ""0"", ""psy-rd"": ""1.0"", ""psy-rdoq"": ""3.5"", ""qcomp"": ""1.0"", ""qpmax"": ""34"", ""qpmin"": ""1"", ""rc-lookahead"": ""36"", ""rd"": ""3"", ""rdoq-level"": ""2"", ""rect"": ""0"", ""ref"": ""1"", ""rskip"": ""1"", ""sao"": ""1"", ""scenecut"": ""80"", ""subme"": ""1"", ""tu-inter-depth"": ""3"", ""tu-intra-depth"": ""1"", ""weightb"": ""0"", ""weightp"": ""1"", ""wpp"": ""1""}"
x265,hebo,7304,plain,false,113,42.29,6.48,42.29,6.824301481246948,"['Standard', '320p', 30, '10s']",0.0,6.824205160140991,0.0,"{""amp"": ""0"", ""aq-mode"": ""3"", ""aq-strength"": ""0.5"", ""b-adapt"": ""1"", ""bframes"": ""4"", ""crf"": ""32.0"", ""ctu"": ""32"", ""keyint"": ""381"", ""limit-refs"": ""1"", ""limit-tu"": ""0"", ""me"": ""star"", ""merange"": ""54"", ""open-gop"": ""1"", ""psy-rd"": ""0.5"", ""psy-rdoq"": ""1.0"", ""qcomp"": ""0.5"", ""qpmax"": ""47"", ""qpmin"": ""7"", ""rc-lookahead"": ""23"", ""rd"": ""2"", ""rdoq-level"": ""2"", ""rect"": ""1"", ""ref"": ""5"", ""rskip"": ""0"", ""sao"": ""1"", ""scenecut"": ""47"", ""subme"": ""5"", ""tu-inter-depth"": ""2"", ""tu-intra-depth"": ""1"", ""weightb"": ""1"", ""weightp"": ""1"", ""wpp"": ""1""}"
x265,hebo,7304,plain,false,114,29.49,8.88,29.49,9.20126748085022,"['Standard', '320p', 30, '10s']",0.0,9.201170206069946,0.0,"{""amp"": ""0"", ""aq-mode"": ""1"", ""aq-strength"": ""2.0"", ""b-adapt"": ""1"", ""bframes"": ""0"", ""crf"": ""32.0"", ""ctu"": ""64"", ""keyint"": ""360"", ""limit-refs"": ""2"", ""limit-tu"": ""3"", ""me"": ""hex"", ""merange"": ""42"", ""open-gop"": ""0"", ""psy-rd"": ""4.0"", ""psy-rdoq"": ""5.0"", ""qcomp"": ""1.0"", ""qpmax"": ""40"", ""qpmin"": ""1"", ""rc-lookahead"": ""42"", ""rd"": ""5"", ""rdoq-level"": ""0"", ""rect"": ""0"", ""ref"": ""3"", ""rskip"": ""0"", ""sao"": ""0"", ""scenecut"": ""84"", ""subme"": ""1"", ""tu-inter-depth"": ""4"", ""tu-intra-depth"": ""2"", ""weightb"": ""1"", ""weightp"": ""1"", ""wpp"": ""1""}"
x265,hebo,7304,plain,false,115,15.25,15.06,15.25,15.384828805923462,"['Standard', '320p', 30, '10s']",0.0,15.384681224822998,0.0,"{""amp"": ""0"", ""aq-mode"": ""1"", ""aq-strength"": ""1.0"", ""b-adapt"": ""1"", ""bframes"": ""6"", ""crf"": ""30.0"", ""ctu"": ""16"", ""keyint"": ""315"", ""limit-refs"": ""2"", ""limit-tu"": ""3"", ""me"": ""full"", ""merange"": ""41"", ""open-gop"": ""0"", ""psy-rd"": ""3.0"", ""psy-rdoq"": ""4.0"", ""qcomp"": ""0.75"", ""qpmax"": ""36"", ""qpmin"": ""1"", ""rc-lookahead"": ""43"", ""rd"": ""2"", ""rdoq-level"": ""0"", ""rect"": ""1"", ""ref"": ""6"", ""rskip"": ""0"", ""sao"": ""0"", ""scenecut"": ""82"", ""subme"": ""5"", ""tu-inter-depth"": ""3"", ""tu-intra-depth"": ""3"", ""weightb"": ""1"", ""weightp"": ""0"", ""wpp"": ""1""}"
x265,hebo,7304,plain,false,116,4.91,30.74,4.91,31.069937705993652,"['Standard', '320p', 30, '10s']",0.0,31.0698082447052,0.0,"{""amp"": ""0"", ""aq-mode"": ""1"", ""aq-strength"": ""1.0"", ""b-adapt"": ""0"", ""bframes"": ""5"", ""crf"": ""18.0"", ""ctu"": ""32"", ""keyint"": ""136"", ""limit-refs"": ""2"", ""limit-tu"": ""3"", ""me"": ""hex"", ""merange"": ""17"", ""open-gop"": ""1"", ""psy-rd"": ""2.0"", ""psy-rdoq"": ""4.0"", ""qcomp"": ""1.0"", ""qpmax"": ""27"", ""qpmin"": ""3"", ""rc-lookahead"": ""36"", ""rd"": ""6"", ""rdoq-level"": ""2"", ""rect"": ""0"", ""ref"": ""5"", ""rskip"": ""0"", ""sao"": ""0"", ""scenecut"": ""29"", ""subme"": ""1"", ""tu-inter-depth"": ""1"", ""tu-intra-depth"": ""3"", ""weightb"": ""1"", ""weightp"": ""1"", ""wpp"": ""0""}"
x265,hebo,7304,plain,false,117,46.51,5.96,46.51,6.297280788421631,"['Standard', '320p', 30, '10s']",0.0,6.297179222106934,0.0,"{""amp"": ""0"", ""aq-mode"": ""2"", ""aq-strength"": ""1.0"", ""b-adapt"": ""0"", ""bframes"": ""8"", ""crf"": ""18.0"", ""ctu"": ""32"", ""keyint"": ""169"", ""limit-refs"": ""0"", ""limit-tu"": ""4"", ""me"": ""star"", ""merange"": ""59"", ""open-gop"": ""0"", ""psy-rd"": ""4.0"", ""psy-rdoq"": ""2.0"", ""qcomp"": ""0.9"", ""qpmax"": ""24"", ""qpmin"": ""9"", ""rc-lookahead"": ""30"", ""rd"": ""1"", ""rdoq-level"": ""1"", ""rect"": ""0"", ""ref"": ""2"", ""rskip"": ""1"", ""sao"": ""0"", ""scenecut"": ""34"", ""subme"": ""4"", ""tu-inter-depth"": ""1"", ""tu-intra-depth"": ""4"", ""weightb"": ""0"", ""weightp"": ""0"", ""wpp"": ""0""}"
x265,hebo,7304,plain,false,118,3.08,37.7,3.08,38.034377336502075,"['Standard', '320p', 30, '10s']",0.0,38.034281492233276,0.0,"{""amp"": ""0"", ""aq-mode"": ""2"", ""aq-strength"": ""1.0"", ""b-adapt"": ""0"", ""bframes"": ""6"", ""crf"": ""18.0"", ""ctu"": ""16"", ""keyint"": ""145"", ""limit-refs"": ""3"", ""limit-tu"": ""4"", ""me"": ""hex"", ""merange"": ""50"", ""open-gop"": ""1"", ""psy-rd"": ""2.0"", ""psy-rdoq"": ""0.0"", ""qcomp"": ""0.9"", ""qpmax"": ""24"", ""qpmin"": ""16"", ""rc-lookahead"": ""47"", ""rd"": ""5"", ""rdoq-level"": ""2"", ""rect"": ""1"", ""ref"": ""4"", ""rskip"": ""1"", ""sao"": ""1"", ""scenecut"": ""33"", ""subme"": ""5"", ""tu-inter-depth"": ""2"", ""tu-intra-depth"": ""3"", ""weightb"": ""1"", ""weightp"": ""0"", ""wpp"": ""0""}"
x265,hebo,7304,plain,false,119,55.39,5.09,55.39,5.418661117553711,"['Standard', '320p', 30, '10s']",0.0,5.418559789657593,0.0,"{""amp"": ""1"", ""aq-mode"": ""2"", ""aq-strength"": ""0.0"", ""b-adapt"": ""1"", ""bframes"": ""2"", ""crf"": ""30.0"", ""ctu"": ""32"", ""keyint"": ""58"", ""limit-refs"": ""0"", ""limit-tu"": ""0"", ""me"": ""hex"", ""merange"": ""60"", ""open-gop"": ""0"", ""psy-rd"": ""3.5"", ""psy-rdoq"": ""4.5"", ""qcomp"": ""1.0"", ""qpmax"": ""47"", ""qpmin"": ""1"", ""rc-lookahead"": ""26"", ""rd"": ""4"", ""rdoq-level"": ""2"", ""rect"": ""0"", ""ref"": ""4"", ""rskip"": ""1"", ""sao"": ""1"", ""scenecut"": ""22"", ""subme"": ""1"", ""tu-inter-depth"": ""1"", ""tu-intra-depth"": ""1"", ""weightb"": ""0"", ""weightp"": ""0"", ""wpp"": ""0""}"
x265,hebo,7304,plain,false,120,36.28,7.41,36.28,7.726781606674194,"['Standard', '320p', 30, '10s']",0.0,7.72668194770813,0.0,"{""amp"": ""0"", ""aq-mode"": ""0"", ""aq-strength"": ""0.5"", ""b-adapt"": ""1"", ""bframes"": ""1"", ""crf"": ""22.0"", ""ctu"": ""16"", ""keyint"": ""89"", ""limit-refs"": ""2"", ""limit-tu"": ""0"", ""me"": ""dia"", ""merange"": ""36"", ""open-gop"": ""0"", ""psy-rd"": ""0.5"", ""psy-rdoq"": ""1.5"", ""qcomp"": ""0.75"", ""qpmax"": ""34"", ""qpmin"": ""3"", ""rc-lookahead"": ""55"", ""rd"": ""3"", ""rdoq-level"": ""0"", ""rect"": ""1"", ""ref"": ""6"", ""rskip"": ""1"", ""sao"": ""0"", ""scenecut"": ""86"", ""subme"": ""2"", ""tu-inter-depth"": ""3"", ""tu-intra-depth"": ""3"", ""weightb"": ""0"", ""weightp"": ""0"", ""wpp"": ""1""}"
x265,hebo,7304,plain,false,121,61.22,4.65,61.22,4.995649099349976,"['Standard', '320p', 30, '10s']",0.0,4.9955432415008545,0.0,"{""amp"": ""1"", ""aq-mode"": ""4"", ""aq-strength"": ""0.0"", ""b-adapt"": ""2"", ""bframes"": ""5"", ""crf"": ""32.0"", ""ctu"": ""16"", ""keyint"": ""487"", ""limit-refs"": ""3"", ""limit-tu"": ""2"", ""me"": ""dia"", ""merange"": ""32"", ""open-gop"": ""1"", ""psy-rd"": ""1.0"", ""psy-rdoq"": ""0.5"", ""qcomp"": ""1.0"", ""qpmax"": ""51"", ""qpmin"": ""13"", ""rc-lookahead"": ""51"", ""rd"": ""3"", ""rdoq-level"": ""2"", ""rect"": ""1"", ""ref"": ""6"", ""rskip"": ""1"", ""sao"": ""0"", ""scenecut"": ""13"", ""subme"": ""1"", ""tu-inter-depth"": ""3"", ""tu-intra-depth"": ""3"", ""weightb"": ""1"", ""weightp"": ""1"", ""wpp"": ""0""}"
x265,hebo,7304,plain,false,122,97.00,3.03,97.00,3.5184881687164307,"['Standard', '320p', 30, '10s']",0.0,3.5183756351470947,0.0,"{""amp"": ""0"", ""aq-mode"": ""3"", ""aq-strength"": ""2.0"", ""b-adapt"": ""0"", ""bframes"": ""8"", ""crf"": ""32.0"", ""ctu"": ""32"", ""keyint"": ""210"", ""limit-refs"": ""3"", ""limit-tu"": ""2"", ""me"": ""dia"", ""merange"": ""26"", ""open-gop"": ""0"", ""psy-rd"": ""1.5"", ""psy-rdoq"": ""2.5"", ""qcomp"": ""1.0"", ""qpmax"": ""32"", ""qpmin"": ""19"", ""rc-lookahead"": ""24"", ""rd"": ""4"", ""rdoq-level"": ""0"", ""rect"": ""0"", ""ref"": ""6"", ""rskip"": ""1"", ""sao"": ""1"", ""scenecut"": ""66"", ""subme"": ""1"", ""tu-inter-depth"": ""3"", ""tu-intra-depth"": ""2"", ""weightb"": ""1"", ""weightp"": ""0"", ""wpp"": ""1""}"
x265,hebo,7304,plain,false,123,32.29,8.2,32.29,8.532713413238525,"['Standard', '320p', 30, '10s']",0.0,8.532612085342407,0.0,"{""amp"": ""1"", ""aq-mode"": ""1"", ""aq-strength"": ""0.5"", ""b-adapt"": ""2"", ""bframes"": ""3"", ""crf"": ""22.0"", ""ctu"": ""16"", ""keyint"": ""397"", ""limit-refs"": ""2"", ""limit-tu"": ""3"", ""me"": ""star"", ""merange"": ""49"", ""open-gop"": ""1"", ""psy-rd"": ""0.5"", ""psy-rdoq"": ""1.0"", ""qcomp"": ""0.7"", ""qpmax"": ""44"", ""qpmin"": ""10"", ""rc-lookahead"": ""53"", ""rd"": ""4"", ""rdoq-level"": ""2"", ""rect"": ""1"", ""ref"": ""3"", ""rskip"": ""1"", ""sao"": ""0"", ""scenecut"": ""46"", ""subme"": ""5"", ""tu-inter-depth"": ""2"", ""tu-intra-depth"": ""3"", ""weightb"": ""1"", ""weightp"": ""0"", ""wpp"": ""1""}"
x265,hebo,7304,plain,false,124,27.69,9.36,27.69,9.68044638633728,"['Standard', '320p', 30, '10s']",0.0,9.680350065231323,0.0,"{""amp"": ""1"", ""aq-mode"": ""2"", ""aq-strength"": ""1.8"", ""b-adapt"": ""0"", ""bframes"": ""4"", ""crf"": ""18.0"", ""ctu"": ""64"", ""keyint"": ""366"", ""limit-refs"": ""0"", ""limit-tu"": ""2"", ""me"": ""star"", ""merange"": ""44"", ""open-gop"": ""1"", ""psy-rd"": ""2.5"", ""psy-rdoq"": ""1.0"", ""qcomp"": ""0.75"", ""qpmax"": ""21"", ""qpmin"": ""19"", ""rc-lookahead"": ""42"", ""rd"": ""2"", ""rdoq-level"": ""0"", ""rect"": ""0"", ""ref"": ""6"", ""rskip"": ""1"", ""sao"": ""1"", ""scenecut"": ""53"", ""subme"": ""4"", ""tu-inter-depth"": ""3"", ""tu-intra-depth"": ""3"", ""weightb"": ""1"", ""weightp"": ""0"", ""wpp"": ""0""}"
x265,hebo,7304,plain,false,125,-2.13,106.01,-2.13,106.34931826591492,"['Standard', '320p', 30, '10s']",0.0,106.34921455383301,0.0,"{""amp"": ""1"", ""aq-mode"": ""3"", ""aq-strength"": ""1.5"", ""b-adapt"": ""1"", ""bframes"": ""8"", ""crf"": ""22.0"", ""ctu"": ""64"", ""keyint"": ""413"", ""limit-refs"": ""3"", ""limit-tu"": ""2"", ""me"": ""dia"", ""merange"": ""28"", ""open-gop"": ""0"", ""psy-rd"": ""2.0"", ""psy-rdoq"": ""0.5"", ""qcomp"": ""0.5"", ""qpmax"": ""21"", ""qpmin"": ""10"", ""rc-lookahead"": ""43"", ""rd"": ""5"", ""rdoq-level"": ""1"", ""rect"": ""1"", ""ref"": ""6"", ""rskip"": ""0"", ""sao"": ""1"", ""scenecut"": ""40"", ""subme"": ""4"", ""tu-inter-depth"": ""3"", ""tu-intra-depth"": ""2"", ""weightb"": ""1"", ""weightp"": ""1"", ""wpp"": ""0""}"
x265,hebo,7304,plain,false,126,88.44,3.31,88.44,3.632736921310425,"['Standard', '320p', 30, '10s']",0.0,3.632619619369507,0.0,"{""amp"": ""0"", ""aq-mode"": ""2"", ""aq-strength"": ""0.8"", ""b-adapt"": ""0"", ""bframes"": ""0"", ""crf"": ""32.0"", ""ctu"": ""64"", ""keyint"": ""317"", ""limit-refs"": ""2"", ""limit-tu"": ""4"", ""me"": ""dia"", ""merange"": ""39"", ""open-gop"": ""1"", ""psy-rd"": ""1.0"", ""psy-rdoq"": ""1.0"", ""qcomp"": ""0.6"", ""qpmax"": ""30"", ""qpmin"": ""3"", ""rc-lookahead"": ""23"", ""rd"": ""1"", ""rdoq-level"": ""0"", ""rect"": ""0"", ""ref"": ""3"", ""rskip"": ""1"", ""sao"": ""1"", ""scenecut"": ""76"", ""subme"": ""1"", ""tu-inter-depth"": ""1"", ""tu-intra-depth"": ""2"", ""weightb"": ""1"", ""weightp"": ""1"", ""wpp"": ""0""}"
x265,hebo,7304,plain,false,127,1.64,45.81,1.64,46.15683960914612,"['Standard', '320p', 30, '10s']",0.0,46.15673828125,0.0,"{""amp"": ""0"", ""aq-mode"": ""3"", ""aq-strength"": ""0.8"", ""b-adapt"": ""1"", ""bframes"": ""4"", ""crf"": ""18.0"", ""ctu"": ""32"", ""keyint"": ""201"", ""limit-refs"": ""1"", ""limit-tu"": ""2"", ""me"": ""star"", ""merange"": ""55"", ""open-gop"": ""0"", ""psy-rd"": ""3.0"", ""psy-rdoq"": ""0.5"", ""qcomp"": ""0.9"", ""qpmax"": ""40"", ""qpmin"": ""5"", ""rc-lookahead"": ""27"", ""rd"": ""6"", ""rdoq-level"": ""2"", ""rect"": ""1"", ""ref"": ""5"", ""rskip"": ""0"", ""sao"": ""1"", ""scenecut"": ""47"", ""subme"": ""1"", ""tu-inter-depth"": ""1"", ""tu-intra-depth"": ""1"", ""weightb"": ""1"", ""weightp"": ""1"", ""wpp"": ""0""}"
x265,hebo,7304,plain,false,128,74.51,3.92,74.51,4.467243432998657,"['Standard', '320p', 30, '10s']",0.0,4.467132806777954,0.0,"{""amp"": ""0"", ""aq-mode"": ""3"", ""aq-strength"": ""2.0"", ""b-adapt"": ""0"", ""bframes"": ""8"", ""crf"": ""32.0"", ""ctu"": ""64"", ""keyint"": ""210"", ""limit-refs"": ""3"", ""limit-tu"": ""1"", ""me"": ""hex"", ""merange"": ""26"", ""open-gop"": ""0"", ""psy-rd"": ""4.0"", ""psy-rdoq"": ""5.0"", ""qcomp"": ""1.0"", ""qpmax"": ""32"", ""qpmin"": ""19"", ""rc-lookahead"": ""24"", ""rd"": ""4"", ""rdoq-level"": ""0"", ""rect"": ""0"", ""ref"": ""6"", ""rskip"": ""1"", ""sao"": ""1"", ""scenecut"": ""66"", ""subme"": ""1"", ""tu-inter-depth"": ""3"", ""tu-intra-depth"": ""2"", ""weightb"": ""1"", ""weightp"": ""0"", ""wpp"": ""1""}"
x265,hebo,7304,plain,false,129,109.77,2.7,109.77,3.0371131896972656,"['Standard', '320p', 30, '10s']",0.0,3.0370163917541504,0.0,"{""amp"": ""1"", ""aq-mode"": ""2"", ""aq-strength"": ""1.8"", ""b-adapt"": ""0"", ""bframes"": ""3"", ""crf"": ""25.0"", ""ctu"": ""16"", ""keyint"": ""221"", ""limit-refs"": ""0"", ""limit-tu"": ""4"", ""me"": ""umh"", ""merange"": ""49"", ""open-gop"": ""0"", ""psy-rd"": ""3.0"", ""psy-rdoq"": ""4.0"", ""qcomp"": ""0.75"", ""qpmax"": ""35"", ""qpmin"": ""19"", ""rc-lookahead"": ""56"", ""rd"": ""1"", ""rdoq-level"": ""0"", ""rect"": ""0"", ""ref"": ""3"", ""rskip"": ""1"", ""sao"": ""1"", ""scenecut"": ""46"", ""subme"": ""2"", ""tu-inter-depth"": ""3"", ""tu-intra-depth"": ""1"", ""weightb"": ""0"", ""weightp"": ""0"", ""wpp"": ""1""}"
x265,hebo,7304,plain,false,130,53.45,5.26,53.45,5.683213233947754,"['Standard', '320p', 30, '10s']",0.0,5.683109521865845,0.0,"{""amp"": ""0"", ""aq-mode"": ""1"", ""aq-strength"": ""1.2"", ""b-adapt"": ""1"", ""bframes"": ""7"", ""crf"": ""25.0"", ""ctu"": ""16"", ""keyint"": ""212"", ""limit-refs"": ""1"", ""limit-tu"": ""1"", ""me"": ""hex"", ""merange"": ""43"", ""open-gop"": ""0"", ""psy-rd"": ""2.5"", ""psy-rdoq"": ""5.0"", ""qcomp"": ""0.6"", ""qpmax"": ""30"", ""qpmin"": ""16"", ""rc-lookahead"": ""25"", ""rd"": ""2"", ""rdoq-level"": ""0"", ""rect"": ""1"", ""ref"": ""3"", ""rskip"": ""0"", ""sao"": ""1"", ""scenecut"": ""58"", ""subme"": ""2"", ""tu-inter-depth"": ""2"", ""tu-intra-depth"": ""1"", ""weightb"": ""0"", ""weightp"": ""0"", ""wpp"": ""0""}"
x265,hebo,7304,plain,false,131,43.98,6.26,43.98,6.5966410636901855,"['Standard', '320p', 30, '10s']",0.0,6.596546649932861,0.0,"{""amp"": ""0"", ""aq-mode"": ""1"", ""aq-strength"": ""1.0"", ""b-adapt"": ""2"", ""bframes"": ""2"", ""crf"": ""25.0"", ""ctu"": ""16"", ""keyint"": ""288"", ""limit-refs"": ""1"", ""limit-tu"": ""0"", ""me"": ""dia"", ""merange"": ""33"", ""open-gop"": ""0"", ""psy-rd"": ""0.5"", ""psy-rdoq"": ""2.5"", ""qcomp"": ""0.7"", ""qpmax"": ""23"", ""qpmin"": ""10"", ""rc-lookahead"": ""60"", ""rd"": ""1"", ""rdoq-level"": ""2"", ""rect"": ""0"", ""ref"": ""4"", ""rskip"": ""0"", ""sao"": ""1"", ""scenecut"": ""68"", ""subme"": ""4"", ""tu-inter-depth"": ""1"", ""tu-intra-depth"": ""1"", ""weightb"": ""1"", ""weightp"": ""0"", ""wpp"": ""0""}"
x265,hebo,7304,plain,false,132,42.43,6.46,42.43,6.799267768859863,"['Standard', '320p', 30, '10s']",0.0,6.79917311668396,0.0,"{""amp"": ""1"", ""aq-mode"": ""0"", ""aq-strength"": ""1.2"", ""b-adapt"": ""1"", ""bframes"": ""4"", ""crf"": ""30.0"", ""ctu"": ""16"", ""keyint"": ""356"", ""limit-refs"": ""3"", ""limit-tu"": ""1"", ""me"": ""dia"", ""merange"": ""51"", ""open-gop"": ""1"", ""psy-rd"": ""4.0"", ""psy-rdoq"": ""5.0"", ""qcomp"": ""0.7"", ""qpmax"": ""31"", ""qpmin"": ""9"", ""rc-lookahead"": ""14"", ""rd"": ""4"", ""rdoq-level"": ""2"", ""rect"": ""1"", ""ref"": ""4"", ""rskip"": ""1"", ""sao"": ""0"", ""scenecut"": ""59"", ""subme"": ""2"", ""tu-inter-depth"": ""3"", ""tu-intra-depth"": ""3"", ""weightb"": ""1"", ""weightp"": ""1"", ""wpp"": ""0""}"
x265,hebo,7304,plain,false,133,5.30,29.55,5.30,29.911012887954712,"['Standard', '320p', 30, '10s']",0.0,29.910903453826904,0.0,"{""amp"": ""1"", ""aq-mode"": ""1"", ""aq-strength"": ""2.0"", ""b-adapt"": ""2"", ""bframes"": ""4"", ""crf"": ""28.0"", ""ctu"": ""32"", ""keyint"": ""121"", ""limit-refs"": ""2"", ""limit-tu"": ""0"", ""me"": ""star"", ""merange"": ""37"", ""open-gop"": ""1"", ""psy-rd"": ""3.5"", ""psy-rdoq"": ""0.0"", ""qcomp"": ""0.6"", ""qpmax"": ""24"", ""qpmin"": ""3"", ""rc-lookahead"": ""25"", ""rd"": ""5"", ""rdoq-level"": ""0"", ""rect"": ""1"", ""ref"": ""1"", ""rskip"": ""0"", ""sao"": ""1"", ""scenecut"": ""28"", ""subme"": ""1"", ""tu-inter-depth"": ""3"", ""tu-intra-depth"": ""1"", ""weightb"": ""0"", ""weightp"": ""0"", ""wpp"": ""0""}"
x265,hebo,7304,plain,false,134,20.84,11.82,20.84,12.163829803466797,"['Standard', '320p', 30, '10s']",0.0,12.163728713989258,0.0,"{""amp"": ""0"", ""aq-mode"": ""3"", ""aq-strength"": ""0.5"", ""b-adapt"": ""0"", ""bframes"": ""0"", ""crf"": ""32.0"", ""ctu"": ""32"", ""keyint"": ""207"", ""limit-refs"": ""2"", ""limit-tu"": ""1"", ""me"": ""dia"", ""merange"": ""49"", ""open-gop"": ""1"", ""psy-rd"": ""1.0"", ""psy-rdoq"": ""4.0"", ""qcomp"": ""1.0"", ""qpmax"": ""20"", ""qpmin"": ""5"", ""rc-lookahead"": ""56"", ""rd"": ""4"", ""rdoq-level"": ""0"", ""rect"": ""0"", ""ref"": ""5"", ""rskip"": ""1"", ""sao"": ""0"", ""scenecut"": ""36"", ""subme"": ""4"", ""tu-inter-depth"": ""4"", ""tu-intra-depth"": ""4"", ""weightb"": ""1"", ""weightp"": ""1"", ""wpp"": ""0""}"
x265,hebo,7304,plain,false,135,37.28,7.25,37.28,7.587270259857178,"['Standard', '320p', 30, '10s']",0.0,7.587175130844116,0.0,"{""amp"": ""0"", ""aq-mode"": ""0"", ""aq-strength"": ""0.8"", ""b-adapt"": ""2"", ""bframes"": ""5"", ""crf"": ""22.0"", ""ctu"": ""64"", ""keyint"": ""218"", ""limit-refs"": ""2"", ""limit-tu"": ""3"", ""me"": ""star"", ""merange"": ""18"", ""open-gop"": ""0"", ""psy-rd"": ""0.0"", ""psy-rdoq"": ""4.0"", ""qcomp"": ""0.75"", ""qpmax"": ""38"", ""qpmin"": ""11"", ""rc-lookahead"": ""41"", ""rd"": ""3"", ""rdoq-level"": ""0"", ""rect"": ""0"", ""ref"": ""6"", ""rskip"": ""0"", ""sao"": ""1"", ""scenecut"": ""1"", ""subme"": ""4"", ""tu-inter-depth"": ""4"", ""tu-intra-depth"": ""1"", ""weightb"": ""0"", ""weightp"": ""1"", ""wpp"": ""1""}"
x265,hebo,7304,plain,false,136,103.30,2.86,103.30,3.1887869834899902,"['Standard', '320p', 30, '10s']",0.0,3.1886887550354004,0.0,"{""amp"": ""1"", ""aq-mode"": ""1"", ""aq-strength"": ""1.8"", ""b-adapt"": ""0"", ""bframes"": ""4"", ""crf"": ""28.0"", ""ctu"": ""64"", ""keyint"": ""139"", ""limit-refs"": ""2"", ""limit-tu"": ""1"", ""me"": ""dia"", ""merange"": ""43"", ""open-gop"": ""0"", ""psy-rd"": ""2.0"", ""psy-rdoq"": ""4.5"", ""qcomp"": ""0.8"", ""qpmax"": ""32"", ""qpmin"": ""4"", ""rc-lookahead"": ""13"", ""rd"": ""1"", ""rdoq-level"": ""2"", ""rect"": ""1"", ""ref"": ""3"", ""rskip"": ""1"", ""sao"": ""0"", ""scenecut"": ""75"", ""subme"": ""3"", ""tu-inter-depth"": ""1"", ""tu-intra-depth"": ""2"", ""weightb"": ""0"", ""weightp"": ""0"", ""wpp"": ""0""}"
x265,hebo,7304,plain,false,137,48.95,5.69,48.95,6.017629384994507,"['Standard', '320p', 30, '10s']",0.0,6.017535448074341,0.0,"{""amp"": ""1"", ""aq-mode"": ""0"", ""aq-strength"": ""1.0"", ""b-adapt"": ""0"", ""bframes"": ""1"", ""crf"": ""30.0"", ""ctu"": ""32"", ""keyint"": ""114"", ""limit-refs"": ""0"", ""limit-tu"": ""2"", ""me"": ""hex"", ""merange"": ""30"", ""open-gop"": ""0"", ""psy-rd"": ""0.5"", ""psy-rdoq"": ""0.0"", ""qcomp"": ""0.75"", ""qpmax"": ""49"", ""qpmin"": ""3"", ""rc-lookahead"": ""40"", ""rd"": ""2"", ""rdoq-level"": ""0"", ""rect"": ""1"", ""ref"": ""3"", ""rskip"": ""0"", ""sao"": ""0"", ""scenecut"": ""91"", ""subme"": ""2"", ""tu-inter-depth"": ""2"", ""tu-intra-depth"": ""1"", ""weightb"": ""0"", ""weightp"": ""0"", ""wpp"": ""0""}"
x265,hebo,7304,plain,false,138,10.08,20.22,10.08,20.553175687789917,"['Standard', '320p', 30, '10s']",0.0,20.55303645133972,0.0,"{""amp"": ""1"", ""aq-mode"": ""1"", ""aq-strength"": ""1.8"", ""b-adapt"": ""2"", ""bframes"": ""3"", ""crf"": ""32.0"", ""ctu"": ""32"", ""keyint"": ""239"", ""limit-refs"": ""0"", ""limit-tu"": ""1"", ""me"": ""hex"", ""merange"": ""45"", ""open-gop"": ""1"", ""psy-rd"": ""3.5"", ""psy-rdoq"": ""2.5"", ""qcomp"": ""0.6"", ""qpmax"": ""32"", ""qpmin"": ""2"", ""rc-lookahead"": ""21"", ""rd"": ""5"", ""rdoq-level"": ""1"", ""rect"": ""0"", ""ref"": ""5"", ""rskip"": ""0"", ""sao"": ""0"", ""scenecut"": ""21"", ""subme"": ""1"", ""tu-inter-depth"": ""2"", ""tu-intra-depth"": ""2"", ""weightb"": ""1"", ""weightp"": ""0"", ""wpp"": ""0""}"
x265,hebo,7304,plain,false,139,37.46,7.21,37.46,7.542797088623047,"['Standard', '320p', 30, '10s']",0.0,7.542698383331299,0.0,"{""amp"": ""0"", ""aq-mode"": ""3"", ""aq-strength"": ""1.0"", ""b-adapt"": ""2"", ""bframes"": ""2"", ""crf"": ""32.0"", ""ctu"": ""32"", ""keyint"": ""218"", ""limit-refs"": ""1"", ""limit-tu"": ""1"", ""me"": ""dia"", ""merange"": ""48"", ""open-gop"": ""0"", ""psy-rd"": ""3.0"", ""psy-rdoq"": ""0.0"", ""qcomp"": ""0.7"", ""qpmax"": ""29"", ""qpmin"": ""12"", ""rc-lookahead"": ""32"", ""rd"": ""4"", ""rdoq-level"": ""2"", ""rect"": ""0"", ""ref"": ""4"", ""rskip"": ""1"", ""sao"": ""0"", ""scenecut"": ""79"", ""subme"": ""1"", ""tu-inter-depth"": ""4"", ""tu-intra-depth"": ""3"", ""weightb"": ""0"", ""weightp"": ""0"", ""wpp"": ""1""}"
x265,hebo,7304,plain,false,140,2.23,42.1,2.23,42.42405843734741,"['Standard', '320p', 30, '10s']",0.0,42.42395806312561,0.0,"{""amp"": ""1"", ""aq-mode"": ""4"", ""aq-strength"": ""0.0"", ""b-adapt"": ""0"", ""bframes"": ""3"", ""crf"": ""22.0"", ""ctu"": ""16"", ""keyint"": ""469"", ""limit-refs"": ""1"", ""limit-tu"": ""1"", ""me"": ""star"", ""merange"": ""19"", ""open-gop"": ""0"", ""psy-rd"": ""1.5"", ""psy-rdoq"": ""5.0"", ""qcomp"": ""1.0"", ""qpmax"": ""32"", ""qpmin"": ""7"", ""rc-lookahead"": ""51"", ""rd"": ""6"", ""rdoq-level"": ""1"", ""rect"": ""1"", ""ref"": ""5"", ""rskip"": ""0"", ""sao"": ""0"", ""scenecut"": ""77"", ""subme"": ""5"", ""tu-inter-depth"": ""3"", ""tu-intra-depth"": ""3"", ""weightb"": ""1"", ""weightp"": ""1"", ""wpp"": ""0""}"
x265,hebo,7304,plain,false,141,38.93,6.97,38.93,7.30986475944519,"['Standard', '320p', 30, '10s']",0.0,7.309765577316284,0.0,"{""amp"": ""1"", ""aq-mode"": ""2"", ""aq-strength"": ""1.8"", ""b-adapt"": ""0"", ""bframes"": ""7"", ""crf"": ""25.0"", ""ctu"": ""16"", ""keyint"": ""299"", ""limit-refs"": ""1"", ""limit-tu"": ""4"", ""me"": ""hex"", ""merange"": ""58"", ""open-gop"": ""1"", ""psy-rd"": ""3.5"", ""psy-rdoq"": ""0.0"", ""qcomp"": ""0.75"", ""qpmax"": ""44"", ""qpmin"": ""20"", ""rc-lookahead"": ""30"", ""rd"": ""4"", ""rdoq-level"": ""1"", ""rect"": ""1"", ""ref"": ""6"", ""rskip"": ""1"", ""sao"": ""1"", ""scenecut"": ""44"", ""subme"": ""5"", ""tu-inter-depth"": ""3"", ""tu-intra-depth"": ""1"", ""weightb"": ""1"", ""weightp"": ""1"", ""wpp"": ""1""}"
x265,hebo,7304,plain,false,142,20.90,11.79,20.90,12.149739265441895,"['Standard', '320p', 30, '10s']",0.0,12.149644136428833,0.0,"{""amp"": ""1"", ""aq-mode"": ""2"", ""aq-strength"": ""1.5"", ""b-adapt"": ""1"", ""bframes"": ""7"", ""crf"": ""28.0"", ""ctu"": ""32"", ""keyint"": ""64"", ""limit-refs"": ""0"", ""limit-tu"": ""4"", ""me"": ""umh"", ""merange"": ""57"", ""open-gop"": ""1"", ""psy-rd"": ""3.0"", ""psy-rdoq"": ""2.5"", ""qcomp"": ""1.0"", ""qpmax"": ""39"", ""qpmin"": ""6"", ""rc-lookahead"": ""47"", ""rd"": ""3"", ""rdoq-level"": ""1"", ""rect"": ""1"", ""ref"": ""3"", ""rskip"": ""0"", ""sao"": ""1"", ""scenecut"": ""23"", ""subme"": ""3"", ""tu-inter-depth"": ""1"", ""tu-intra-depth"": ""3"", ""weightb"": ""1"", ""weightp"": ""1"", ""wpp"": ""1""}"
x265,hebo,7304,plain,false,143,52.82,5.31,52.82,5.635576248168945,"['Standard', '320p', 30, '10s']",0.0,5.635438680648804,0.0,"{""amp"": ""1"", ""aq-mode"": ""3"", ""aq-strength"": ""1.8"", ""b-adapt"": ""1"", ""bframes"": ""3"", ""crf"": ""20.0"", ""ctu"": ""32"", ""keyint"": ""221"", ""limit-refs"": ""0"", ""limit-tu"": ""3"", ""me"": ""star"", ""merange"": ""48"", ""open-gop"": ""0"", ""psy-rd"": ""3.5"", ""psy-rdoq"": ""2.0"", ""qcomp"": ""0.8"", ""qpmax"": ""32"", ""qpmin"": ""12"", ""rc-lookahead"": ""58"", ""rd"": ""2"", ""rdoq-level"": ""0"", ""rect"": ""0"", ""ref"": ""3"", ""rskip"": ""0"", ""sao"": ""1"", ""scenecut"": ""76"", ""subme"": ""1"", ""tu-inter-depth"": ""3"", ""tu-intra-depth"": ""1"", ""weightb"": ""1"", ""weightp"": ""1"", ""wpp"": ""1""}"
x265,hebo,7304,plain,false,144,39.37,6.91,39.37,7.25402307510376,"['Standard', '320p', 30, '10s']",0.0,7.2539262771606445,0.0,"{""amp"": ""1"", ""aq-mode"": ""0"", ""aq-strength"": ""1.5"", ""b-adapt"": ""1"", ""bframes"": ""8"", ""crf"": ""32.0"", ""ctu"": ""64"", ""keyint"": ""324"", ""limit-refs"": ""2"", ""limit-tu"": ""4"", ""me"": ""star"", ""merange"": ""17"", ""open-gop"": ""0"", ""psy-rd"": ""3.5"", ""psy-rdoq"": ""2.0"", ""qcomp"": ""0.7"", ""qpmax"": ""24"", ""qpmin"": ""13"", ""rc-lookahead"": ""34"", ""rd"": ""4"", ""rdoq-level"": ""0"", ""rect"": ""0"", ""ref"": ""2"", ""rskip"": ""0"", ""sao"": ""1"", ""scenecut"": ""71"", ""subme"": ""3"", ""tu-inter-depth"": ""1"", ""tu-intra-depth"": ""1"", ""weightb"": ""0"", ""weightp"": ""1"", ""wpp"": ""0""}"
x265,hebo,7304,plain,false,145,13.61,16.39,13.61,16.717313766479492,"['Standard', '320p', 30, '10s']",0.0,16.717205286026,0.0,"{""amp"": ""0"", ""aq-mode"": ""1"", ""aq-strength"": ""2.0"", ""b-adapt"": ""0"", ""bframes"": ""5"", ""crf"": ""22.0"", ""ctu"": ""64"", ""keyint"": ""151"", ""limit-refs"": ""2"", ""limit-tu"": ""3"", ""me"": ""umh"", ""merange"": ""23"", ""open-gop"": ""0"", ""psy-rd"": ""2.5"", ""psy-rdoq"": ""4.0"", ""qcomp"": ""1.0"", ""qpmax"": ""35"", ""qpmin"": ""19"", ""rc-lookahead"": ""30"", ""rd"": ""5"", ""rdoq-level"": ""2"", ""rect"": ""0"", ""ref"": ""3"", ""rskip"": ""1"", ""sao"": ""1"", ""scenecut"": ""54"", ""subme"": ""1"", ""tu-inter-depth"": ""1"", ""tu-intra-depth"": ""4"", ""weightb"": ""0"", ""weightp"": ""1"", ""wpp"": ""1""}"
x265,hebo,7304,plain,false,146,17.62,13.5,17.62,13.843632936477661,"['Standard', '320p', 30, '10s']",0.0,13.843535661697388,0.0,"{""amp"": ""0"", ""aq-mode"": ""3"", ""aq-strength"": ""0.0"", ""b-adapt"": ""2"", ""bframes"": ""7"", ""crf"": ""22.0"", ""ctu"": ""64"", ""keyint"": ""397"", ""limit-refs"": ""3"", ""limit-tu"": ""2"", ""me"": ""umh"", ""merange"": ""59"", ""open-gop"": ""1"", ""psy-rd"": ""2.5"", ""psy-rdoq"": ""5.0"", ""qcomp"": ""0.9"", ""qpmax"": ""20"", ""qpmin"": ""13"", ""rc-lookahead"": ""24"", ""rd"": ""1"", ""rdoq-level"": ""1"", ""rect"": ""0"", ""ref"": ""6"", ""rskip"": ""0"", ""sao"": ""0"", ""scenecut"": ""14"", ""subme"": ""4"", ""tu-inter-depth"": ""4"", ""tu-intra-depth"": ""3"", ""weightb"": ""0"", ""weightp"": ""0"", ""wpp"": ""1""}"
x265,hebo,7304,plain,false,147,13.84,16.19,13.84,16.509476900100708,"['Standard', '320p', 30, '10s']",0.0,16.509374618530273,0.0,"{""amp"": ""1"", ""aq-mode"": ""1"", ""aq-strength"": ""1.2"", ""b-adapt"": ""0"", ""bframes"": ""0"", ""crf"": ""18.0"", ""ctu"": ""32"", ""keyint"": ""221"", ""limit-refs"": ""0"", ""limit-tu"": ""0"", ""me"": ""full"", ""merange"": ""25"", ""open-gop"": ""0"", ""psy-rd"": ""1.5"", ""psy-rdoq"": ""2.0"", ""qcomp"": ""0.7"", ""qpmax"": ""35"", ""qpmin"": ""19"", ""rc-lookahead"": ""27"", ""rd"": ""1"", ""rdoq-level"": ""0"", ""rect"": ""0"", ""ref"": ""3"", ""rskip"": ""1"", ""sao"": ""1"", ""scenecut"": ""39"", ""subme"": ""2"", ""tu-inter-depth"": ""2"", ""tu-intra-depth"": ""1"", ""weightb"": ""0"", ""weightp"": ""0"", ""wpp"": ""1""}"
x265,hebo,7304,plain,false,148,51.24,5.46,51.24,5.8550779819488525,"['Standard', '320p', 30, '10s']",0.0,5.854931592941284,0.0,"{""amp"": ""1"", ""aq-mode"": ""2"", ""aq-strength"": ""0.8"", ""b-adapt"": ""0"", ""bframes"": ""3"", ""crf"": ""22.0"", ""ctu"": ""16"", ""keyint"": ""49"", ""limit-refs"": ""0"", ""limit-tu"": ""2"", ""me"": ""umh"", ""merange"": ""57"", ""open-gop"": ""0"", ""psy-rd"": ""0.5"", ""psy-rdoq"": ""4.0"", ""qcomp"": ""1.0"", ""qpmax"": ""35"", ""qpmin"": ""8"", ""rc-lookahead"": ""44"", ""rd"": ""1"", ""rdoq-level"": ""0"", ""rect"": ""0"", ""ref"": ""3"", ""rskip"": ""0"", ""sao"": ""1"", ""scenecut"": ""53"", ""subme"": ""2"", ""tu-inter-depth"": ""3"", ""tu-intra-depth"": ""1"", ""weightb"": ""0"", ""weightp"": ""0"", ""wpp"": ""0""}"
x265,hebo,7304,plain,false,149,19.32,12.56,19.32,12.89860987663269,"['Standard', '320p', 30, '10s']",0.0,12.898497581481934,0.0,"{""amp"": ""0"", ""aq-mode"": ""2"", ""aq-strength"": ""1.2"", ""b-adapt"": ""2"", ""bframes"": ""8"", ""crf"": ""20.0"", ""ctu"": ""16"", ""keyint"": ""306"", ""limit-refs"": ""2"", ""limit-tu"": ""4"", ""me"": ""star"", ""merange"": ""19"", ""open-gop"": ""1"", ""psy-rd"": ""4.0"", ""psy-rdoq"": ""3.0"", ""qcomp"": ""0.75"", ""qpmax"": ""48"", ""qpmin"": ""18"", ""rc-lookahead"": ""59"", ""rd"": ""3"", ""rdoq-level"": ""1"", ""rect"": ""1"", ""ref"": ""6"", ""rskip"": ""0"", ""sao"": ""1"", ""scenecut"": ""26"", ""subme"": ""5"", ""tu-inter-depth"": ""3"", ""tu-intra-depth"": ""3"", ""weightb"": ""1"", ""weightp"": ""1"", ""wpp"": ""0""}"
x265,hebo,7304,plain,false,150,21.87,11.37,21.87,11.7138671875,"['Standard', '320p', 30, '10s']",0.0,11.713760614395142,0.0,"{""amp"": ""0"", ""aq-mode"": ""0"", ""aq-strength"": ""0.0"", ""b-adapt"": ""2"", ""bframes"": ""8"", ""crf"": ""18.0"", ""ctu"": ""64"", ""keyint"": ""376"", ""limit-refs"": ""2"", ""limit-tu"": ""0"", ""me"": ""hex"", ""merange"": ""20"", ""open-gop"": ""0"", ""psy-rd"": ""3.0"", ""psy-rdoq"": ""2.5"", ""qcomp"": ""0.9"", ""qpmax"": ""37"", ""qpmin"": ""14"", ""rc-lookahead"": ""39"", ""rd"": ""4"", ""rdoq-level"": ""0"", ""rect"": ""1"", ""ref"": ""2"", ""rskip"": ""1"", ""sao"": ""0"", ""scenecut"": ""17"", ""subme"": ""3"", ""tu-inter-depth"": ""2"", ""tu-intra-depth"": ""1"", ""weightb"": ""1"", ""weightp"": ""1"", ""wpp"": ""0""}"
x265,hebo,7304,plain,false,151,15.09,15.19,15.09,15.503823280334473,"['Standard', '320p', 30, '10s']",0.0,15.503721475601196,0.0,"{""amp"": ""0"", ""aq-mode"": ""2"", ""aq-strength"": ""2.0"", ""b-adapt"": ""1"", ""bframes"": ""1"", ""crf"": ""30.0"", ""ctu"": ""32"", ""keyint"": ""332"", ""limit-refs"": ""0"", ""limit-tu"": ""2"", ""me"": ""full"", ""merange"": ""32"", ""open-gop"": ""0"", ""psy-rd"": ""0.0"", ""psy-rdoq"": ""4.0"", ""qcomp"": ""0.9"", ""qpmax"": ""28"", ""qpmin"": ""7"", ""rc-lookahead"": ""32"", ""rd"": ""2"", ""rdoq-level"": ""1"", ""rect"": ""0"", ""ref"": ""4"", ""rskip"": ""0"", ""sao"": ""1"", ""scenecut"": ""95"", ""subme"": ""2"", ""tu-inter-depth"": ""4"", ""tu-intra-depth"": ""1"", ""weightb"": ""1"", ""weightp"": ""0"", ""wpp"": ""0""}"
x265,hebo,7304,plain,false,152,101.34,2.91,101.34,3.2288167476654053,"['Standard', '320p', 30, '10s']",0.0,3.2287230491638184,0.0,"{""amp"": ""1"", ""aq-mode"": ""2"", ""aq-strength"": ""2.0"", ""b-adapt"": ""2"", ""bframes"": ""3"", ""crf"": ""32.0"", ""ctu"": ""64"", ""keyint"": ""221"", ""limit-refs"": ""0"", ""limit-tu"": ""4"", ""me"": ""hex"", ""merange"": ""47"", ""open-gop"": ""0"", ""psy-rd"": ""4.0"", ""psy-rdoq"": ""5.0"", ""qcomp"": ""1.0"", ""qpmax"": ""35"", ""qpmin"": ""19"", ""rc-lookahead"": ""56"", ""rd"": ""3"", ""rdoq-level"": ""0"", ""rect"": ""0"", ""ref"": ""3"", ""rskip"": ""1"", ""sao"": ""1"", ""scenecut"": ""46"", ""subme"": ""2"", ""tu-inter-depth"": ""3"", ""tu-intra-depth"": ""1"", ""weightb"": ""0"", ""weightp"": ""0"", ""wpp"": ""1""}"
x265,hebo,7304,plain,false,153,2.26,41.9,2.26,42.24188995361328,"['Standard', '320p', 30, '10s']",0.0,42.24178671836853,0.0,"{""amp"": ""1"", ""aq-mode"": ""0"", ""aq-strength"": ""1.0"", ""b-adapt"": ""1"", ""bframes"": ""6"", ""crf"": ""30.0"", ""ctu"": ""32"", ""keyint"": ""195"", ""limit-refs"": ""0"", ""limit-tu"": ""0"", ""me"": ""full"", ""merange"": ""27"", ""open-gop"": ""0"", ""psy-rd"": ""2.0"", ""psy-rdoq"": ""2.5"", ""qcomp"": ""1.0"", ""qpmax"": ""25"", ""qpmin"": ""0"", ""rc-lookahead"": ""38"", ""rd"": ""4"", ""rdoq-level"": ""1"", ""rect"": ""1"", ""ref"": ""1"", ""rskip"": ""1"", ""sao"": ""1"", ""scenecut"": ""85"", ""subme"": ""3"", ""tu-inter-depth"": ""2"", ""tu-intra-depth"": ""3"", ""weightb"": ""0"", ""weightp"": ""1"", ""wpp"": ""0""}"
x265,hebo,7304,plain,false,154,13.49,16.49,13.49,16.821111917495728,"['Standard', '320p', 30, '10s']",0.0,16.82101058959961,0.0,"{""amp"": ""0"", ""aq-mode"": ""4"", ""aq-strength"": ""1.2"", ""b-adapt"": ""1"", ""bframes"": ""0"", ""crf"": ""22.0"", ""ctu"": ""16"", ""keyint"": ""245"", ""limit-refs"": ""1"", ""limit-tu"": ""4"", ""me"": ""umh"", ""merange"": ""24"", ""open-gop"": ""1"", ""psy-rd"": ""3.5"", ""psy-rdoq"": ""0.0"", ""qcomp"": ""0.6"", ""qpmax"": ""25"", ""qpmin"": ""5"", ""rc-lookahead"": ""42"", ""rd"": ""5"", ""rdoq-level"": ""0"", ""rect"": ""0"", ""ref"": ""5"", ""rskip"": ""0"", ""sao"": ""1"", ""scenecut"": ""72"", ""subme"": ""2"", ""tu-inter-depth"": ""3"", ""tu-intra-depth"": ""3"", ""weightb"": ""1"", ""weightp"": ""1"", ""wpp"": ""1""}"
x265,hebo,7304,plain,false,155,73.32,3.93,73.32,4.256789922714233,"['Standard', '320p', 30, '10s']",0.0,4.256694793701172,0.0,"{""amp"": ""1"", ""aq-mode"": ""0"", ""aq-strength"": ""0.8"", ""b-adapt"": ""1"", ""bframes"": ""1"", ""crf"": ""30.0"", ""ctu"": ""64"", ""keyint"": ""278"", ""limit-refs"": ""1"", ""limit-tu"": ""1"", ""me"": ""umh"", ""merange"": ""26"", ""open-gop"": ""1"", ""psy-rd"": ""2.5"", ""psy-rdoq"": ""4.0"", ""qcomp"": ""0.9"", ""qpmax"": ""27"", ""qpmin"": ""13"", ""rc-lookahead"": ""27"", ""rd"": ""2"", ""rdoq-level"": ""1"", ""rect"": ""0"", ""ref"": ""4"", ""rskip"": ""1"", ""sao"": ""0"", ""scenecut"": ""54"", ""subme"": ""2"", ""tu-inter-depth"": ""1"", ""tu-intra-depth"": ""1"", ""weightb"": ""0"", ""weightp"": ""1"", ""wpp"": ""0""}"
x265,hebo,7304,plain,false,156,36.38,7.4,36.38,7.756278038024902,"['Standard', '320p', 30, '10s']",0.0,7.756175756454468,0.0,"{""amp"": ""0"", ""aq-mode"": ""1"", ""aq-strength"": ""2.0"", ""b-adapt"": ""0"", ""bframes"": ""2"", ""crf"": ""18.0"", ""ctu"": ""16"", ""keyint"": ""42"", ""limit-refs"": ""0"", ""limit-tu"": ""1"", ""me"": ""umh"", ""merange"": ""58"", ""open-gop"": ""0"", ""psy-rd"": ""3.0"", ""psy-rdoq"": ""0.0"", ""qcomp"": ""0.6"", ""qpmax"": ""39"", ""qpmin"": ""11"", ""rc-lookahead"": ""14"", ""rd"": ""4"", ""rdoq-level"": ""2"", ""rect"": ""1"", ""ref"": ""1"", ""rskip"": ""1"", ""sao"": ""0"", ""scenecut"": ""43"", ""subme"": ""3"", ""tu-inter-depth"": ""1"", ""tu-intra-depth"": ""1"", ""weightb"": ""0"", ""weightp"": ""1"", ""wpp"": ""1""}"
x265,hebo,7304,plain,false,157,16.48,14.21,16.48,14.544099569320679,"['Standard', '320p', 30, '10s']",0.0,14.5439932346344,0.0,"{""amp"": ""1"", ""aq-mode"": ""4"", ""aq-strength"": ""1.0"", ""b-adapt"": ""0"", ""bframes"": ""7"", ""crf"": ""22.0"", ""ctu"": ""64"", ""keyint"": ""496"", ""limit-refs"": ""3"", ""limit-tu"": ""4"", ""me"": ""umh"", ""merange"": ""45"", ""open-gop"": ""1"", ""psy-rd"": ""2.0"", ""psy-rdoq"": ""4.5"", ""qcomp"": ""0.75"", ""qpmax"": ""33"", ""qpmin"": ""16"", ""rc-lookahead"": ""50"", ""rd"": ""6"", ""rdoq-level"": ""2"", ""rect"": ""0"", ""ref"": ""1"", ""rskip"": ""1"", ""sao"": ""0"", ""scenecut"": ""10"", ""subme"": ""2"", ""tu-inter-depth"": ""1"", ""tu-intra-depth"": ""4"", ""weightb"": ""1"", ""weightp"": ""1"", ""wpp"": ""1""}"
x265,hebo,7304,plain,false,158,6.08,27.49,6.08,27.818147897720337,"['Standard', '320p', 30, '10s']",0.0,27.818049907684326,0.0,"{""amp"": ""1"", ""aq-mode"": ""4"", ""aq-strength"": ""1.2"", ""b-adapt"": ""0"", ""bframes"": ""8"", ""crf"": ""20.0"", ""ctu"": ""64"", ""keyint"": ""47"", ""limit-refs"": ""1"", ""limit-tu"": ""0"", ""me"": ""umh"", ""merange"": ""34"", ""open-gop"": ""0"", ""psy-rd"": ""2.5"", ""psy-rdoq"": ""1.0"", ""qcomp"": ""0.8"", ""qpmax"": ""24"", ""qpmin"": ""13"", ""rc-lookahead"": ""25"", ""rd"": ""5"", ""rdoq-level"": ""1"", ""rect"": ""0"", ""ref"": ""2"", ""rskip"": ""1"", ""sao"": ""1"", ""scenecut"": ""57"", ""subme"": ""2"", ""tu-inter-depth"": ""1"", ""tu-intra-depth"": ""1"", ""weightb"": ""1"", ""weightp"": ""0"", ""wpp"": ""0""}"
x265,hebo,7304,plain,false,159,3.57,35.51,3.57,35.85881280899048,"['Standard', '320p', 30, '10s']",0.0,35.858707904815674,0.0,"{""amp"": ""1"", ""aq-mode"": ""1"", ""aq-strength"": ""1.5"", ""b-adapt"": ""0"", ""bframes"": ""8"", ""crf"": ""32.0"", ""ctu"": ""64"", ""keyint"": ""38"", ""limit-refs"": ""0"", ""limit-tu"": ""1"", ""me"": ""hex"", ""merange"": ""44"", ""open-gop"": ""1"", ""psy-rd"": ""1.5"", ""psy-rdoq"": ""4.5"", ""qcomp"": ""0.9"", ""qpmax"": ""28"", ""qpmin"": ""14"", ""rc-lookahead"": ""21"", ""rd"": ""6"", ""rdoq-level"": ""2"", ""rect"": ""0"", ""ref"": ""3"", ""rskip"": ""0"", ""sao"": ""0"", ""scenecut"": ""54"", ""subme"": ""3"", ""tu-inter-depth"": ""1"", ""tu-intra-depth"": ""2"", ""weightb"": ""0"", ""weightp"": ""1"", ""wpp"": ""0""}"
x265,hebo,7304,plain,false,160,76.00,3.81,76.00,4.146268129348755,"['Standard', '320p', 30, '10s']",0.0,4.146169424057007,0.0,"{""amp"": ""1"", ""aq-mode"": ""1"", ""aq-strength"": ""1.5"", ""b-adapt"": ""2"", ""bframes"": ""5"", ""crf"": ""32.0"", ""ctu"": ""32"", ""keyint"": ""76"", ""limit-refs"": ""2"", ""limit-tu"": ""0"", ""me"": ""hex"", ""merange"": ""49"", ""open-gop"": ""1"", ""psy-rd"": ""3.0"", ""psy-rdoq"": ""1.0"", ""qcomp"": ""0.6"", ""qpmax"": ""51"", ""qpmin"": ""5"", ""rc-lookahead"": ""15"", ""rd"": ""1"", ""rdoq-level"": ""0"", ""rect"": ""1"", ""ref"": ""4"", ""rskip"": ""0"", ""sao"": ""0"", ""scenecut"": ""24"", ""subme"": ""4"", ""tu-inter-depth"": ""1"", ""tu-intra-depth"": ""3"", ""weightb"": ""0"", ""weightp"": ""0"", ""wpp"": ""1""}"
x265,hebo,7304,plain,false,161,99.15,2.97,99.15,3.3043806552886963,"['Standard', '320p', 30, '10s']",0.0,3.3042845726013184,0.0,"{""amp"": ""1"", ""aq-mode"": ""2"", ""aq-strength"": ""0.8"", ""b-adapt"": ""0"", ""bframes"": ""5"", ""crf"": ""32.0"", ""ctu"": ""64"", ""keyint"": ""52"", ""limit-refs"": ""1"", ""limit-tu"": ""3"", ""me"": ""umh"", ""merange"": ""61"", ""open-gop"": ""0"", ""psy-rd"": ""3.5"", ""psy-rdoq"": ""1.0"", ""qcomp"": ""0.5"", ""qpmax"": ""48"", ""qpmin"": ""13"", ""rc-lookahead"": ""27"", ""rd"": ""1"", ""rdoq-level"": ""2"", ""rect"": ""1"", ""ref"": ""5"", ""rskip"": ""1"", ""sao"": ""1"", ""scenecut"": ""82"", ""subme"": ""3"", ""tu-inter-depth"": ""4"", ""tu-intra-depth"": ""4"", ""weightb"": ""1"", ""weightp"": ""0"", ""wpp"": ""1""}"
x265,hebo,7304,plain,false,162,24.10,10.51,24.10,10.833721160888672,"['Standard', '320p', 30, '10s']",0.0,10.833616971969604,0.0,"{""amp"": ""1"", ""aq-mode"": ""4"", ""aq-strength"": ""2.0"", ""b-adapt"": ""0"", ""bframes"": ""6"", ""crf"": ""20.0"", ""ctu"": ""32"", ""keyint"": ""157"", ""limit-refs"": ""1"", ""limit-tu"": ""1"", ""me"": ""hex"", ""merange"": ""29"", ""open-gop"": ""0"", ""psy-rd"": ""0.5"", ""psy-rdoq"": ""4.0"", ""qcomp"": ""0.6"", ""qpmax"": ""51"", ""qpmin"": ""18"", ""rc-lookahead"": ""50"", ""rd"": ""3"", ""rdoq-level"": ""1"", ""rect"": ""1"", ""ref"": ""6"", ""rskip"": ""0"", ""sao"": ""0"", ""scenecut"": ""79"", ""subme"": ""5"", ""tu-inter-depth"": ""2"", ""tu-intra-depth"": ""3"", ""weightb"": ""0"", ""weightp"": ""1"", ""wpp"": ""0""}"
x265,hebo,7304,plain,false,163,7.21,24.95,7.21,25.280531644821167,"['Standard', '320p', 30, '10s']",0.0,25.28043246269226,0.0,"{""amp"": ""1"", ""aq-mode"": ""3"", ""aq-strength"": ""2.0"", ""b-adapt"": ""0"", ""bframes"": ""1"", ""crf"": ""18.0"", ""ctu"": ""32"", ""keyint"": ""492"", ""limit-refs"": ""0"", ""limit-tu"": ""4"", ""me"": ""star"", ""merange"": ""63"", ""open-gop"": ""0"", ""psy-rd"": ""2.0"", ""psy-rdoq"": ""1.5"", ""qcomp"": ""1.0"", ""qpmax"": ""24"", ""qpmin"": ""0"", ""rc-lookahead"": ""40"", ""rd"": ""5"", ""rdoq-level"": ""0"", ""rect"": ""0"", ""ref"": ""1"", ""rskip"": ""1"", ""sao"": ""1"", ""scenecut"": ""83"", ""subme"": ""2"", ""tu-inter-depth"": ""3"", ""tu-intra-depth"": ""2"", ""weightb"": ""1"", ""weightp"": ""0"", ""wpp"": ""0""}"
x265,hebo,7304,plain,false,164,50.27,5.55,50.27,5.885695457458496,"['Standard', '320p', 30, '10s']",0.0,5.885596513748169,0.0,"{""amp"": ""1"", ""aq-mode"": ""2"", ""aq-strength"": ""1.2"", ""b-adapt"": ""1"", ""bframes"": ""6"", ""crf"": ""28.0"", ""ctu"": ""16"", ""keyint"": ""372"", ""limit-refs"": ""1"", ""limit-tu"": ""2"", ""me"": ""umh"", ""merange"": ""56"", ""open-gop"": ""1"", ""psy-rd"": ""4.0"", ""psy-rdoq"": ""3.0"", ""qcomp"": ""0.5"", ""qpmax"": ""38"", ""qpmin"": ""15"", ""rc-lookahead"": ""26"", ""rd"": ""3"", ""rdoq-level"": ""1"", ""rect"": ""0"", ""ref"": ""5"", ""rskip"": ""0"", ""sao"": ""1"", ""scenecut"": ""92"", ""subme"": ""3"", ""tu-inter-depth"": ""2"", ""tu-intra-depth"": ""3"", ""weightb"": ""1"", ""weightp"": ""0"", ""wpp"": ""1""}"
x265,hebo,7304,plain,false,165,23.47,10.73,23.47,11.072014093399048,"['Standard', '320p', 30, '10s']",0.0,11.07191276550293,0.0,"{""amp"": ""0"", ""aq-mode"": ""3"", ""aq-strength"": ""1.8"", ""b-adapt"": ""0"", ""bframes"": ""8"", ""crf"": ""20.0"", ""ctu"": ""32"", ""keyint"": ""87"", ""limit-refs"": ""2"", ""limit-tu"": ""4"", ""me"": ""umh"", ""merange"": ""36"", ""open-gop"": ""0"", ""psy-rd"": ""1.0"", ""psy-rdoq"": ""5.0"", ""qcomp"": ""0.7"", ""qpmax"": ""39"", ""qpmin"": ""15"", ""rc-lookahead"": ""42"", ""rd"": ""3"", ""rdoq-level"": ""2"", ""rect"": ""1"", ""ref"": ""4"", ""rskip"": ""0"", ""sao"": ""1"", ""scenecut"": ""21"", ""subme"": ""2"", ""tu-inter-depth"": ""1"", ""tu-intra-depth"": ""1"", ""weightb"": ""1"", ""weightp"": ""0"", ""wpp"": ""0""}"
x265,hebo,7304,plain,false,166,45.40,6.08,45.40,6.416893243789673,"['Standard', '320p', 30, '10s']",0.0,6.416793584823608,0.0,"{""amp"": ""0"", ""aq-mode"": ""0"", ""aq-strength"": ""1.5"", ""b-adapt"": ""2"", ""bframes"": ""5"", ""crf"": ""28.0"", ""ctu"": ""16"", ""keyint"": ""356"", ""limit-refs"": ""1"", ""limit-tu"": ""2"", ""me"": ""umh"", ""merange"": ""31"", ""open-gop"": ""1"", ""psy-rd"": ""0.5"", ""psy-rdoq"": ""2.0"", ""qcomp"": ""0.8"", ""qpmax"": ""40"", ""qpmin"": ""12"", ""rc-lookahead"": ""12"", ""rd"": ""3"", ""rdoq-level"": ""2"", ""rect"": ""0"", ""ref"": ""5"", ""rskip"": ""0"", ""sao"": ""0"", ""scenecut"": ""18"", ""subme"": ""4"", ""tu-inter-depth"": ""2"", ""tu-intra-depth"": ""3"", ""weightb"": ""0"", ""weightp"": ""1"", ""wpp"": ""1""}"
x265,hebo,7304,plain,false,167,15.81,14.67,15.81,15.01108694076538,"['Standard', '320p', 30, '10s']",0.0,15.010979175567627,0.0,"{""amp"": ""1"", ""aq-mode"": ""4"", ""aq-strength"": ""0.5"", ""b-adapt"": ""0"", ""bframes"": ""8"", ""crf"": ""28.0"", ""ctu"": ""16"", ""keyint"": ""54"", ""limit-refs"": ""0"", ""limit-tu"": ""4"", ""me"": ""star"", ""merange"": ""47"", ""open-gop"": ""1"", ""psy-rd"": ""0.5"", ""psy-rdoq"": ""5.0"", ""qcomp"": ""0.7"", ""qpmax"": ""21"", ""qpmin"": ""16"", ""rc-lookahead"": ""44"", ""rd"": ""3"", ""rdoq-level"": ""1"", ""rect"": ""0"", ""ref"": ""4"", ""rskip"": ""0"", ""sao"": ""0"", ""scenecut"": ""70"", ""subme"": ""5"", ""tu-inter-depth"": ""1"", ""tu-intra-depth"": ""2"", ""weightb"": ""1"", ""weightp"": ""1"", ""wpp"": ""0""}"
x265,hebo,7304,plain,false,168,18.58,12.95,18.58,13.277546405792236,"['Standard', '320p', 30, '10s']",0.0,13.277440547943115,0.0,"{""amp"": ""1"", ""aq-mode"": ""4"", ""aq-strength"": ""2.0"", ""b-adapt"": ""1"", ""bframes"": ""1"", ""crf"": ""22.0"", ""ctu"": ""32"", ""keyint"": ""88"", ""limit-refs"": ""1"", ""limit-tu"": ""0"", ""me"": ""full"", ""merange"": ""21"", ""open-gop"": ""0"", ""psy-rd"": ""1.0"", ""psy-rdoq"": ""1.5"", ""qcomp"": ""0.75"", ""qpmax"": ""30"", ""qpmin"": ""15"", ""rc-lookahead"": ""56"", ""rd"": ""3"", ""rdoq-level"": ""2"", ""rect"": ""0"", ""ref"": ""5"", ""rskip"": ""1"", ""sao"": ""1"", ""scenecut"": ""4"", ""subme"": ""2"", ""tu-inter-depth"": ""3"", ""tu-intra-depth"": ""1"", ""weightb"": ""0"", ""weightp"": ""0"", ""wpp"": ""0""}"
x265,hebo,7304,plain,false,169,73.13,3.95,73.13,4.289303541183472,"['Standard', '320p', 30, '10s']",0.0,4.289191961288452,0.0,"{""amp"": ""0"", ""aq-mode"": ""4"", ""aq-strength"": ""1.0"", ""b-adapt"": ""1"", ""bframes"": ""7"", ""crf"": ""32.0"", ""ctu"": ""64"", ""keyint"": ""146"", ""limit-refs"": ""3"", ""limit-tu"": ""3"", ""me"": ""hex"", ""merange"": ""17"", ""open-gop"": ""1"", ""psy-rd"": ""1.5"", ""psy-rdoq"": ""5.0"", ""qcomp"": ""0.75"", ""qpmax"": ""29"", ""qpmin"": ""11"", ""rc-lookahead"": ""16"", ""rd"": ""2"", ""rdoq-level"": ""0"", ""rect"": ""0"", ""ref"": ""4"", ""rskip"": ""1"", ""sao"": ""0"", ""scenecut"": ""38"", ""subme"": ""2"", ""tu-inter-depth"": ""1"", ""tu-intra-depth"": ""1"", ""weightb"": ""0"", ""weightp"": ""0"", ""wpp"": ""0""}"
x265,hebo,7304,plain,false,170,-3.95,289.58,-3.95,289.95639395713806,"['Standard', '320p', 30, '10s']",0.0,289.95621490478516,0.0,"{""amp"": ""0"", ""aq-mode"": ""1"", ""aq-strength"": ""1.2"", ""b-adapt"": ""1"", ""bframes"": ""1"", ""crf"": ""18.0"", ""ctu"": ""64"", ""keyint"": ""344"", ""limit-refs"": ""1"", ""limit-tu"": ""0"", ""me"": ""full"", ""merange"": ""59"", ""open-gop"": ""0"", ""psy-rd"": ""2.5"", ""psy-rdoq"": ""4.5"", ""qcomp"": ""1.0"", ""qpmax"": ""37"", ""qpmin"": ""3"", ""rc-lookahead"": ""21"", ""rd"": ""6"", ""rdoq-level"": ""1"", ""rect"": ""1"", ""ref"": ""2"", ""rskip"": ""1"", ""sao"": ""1"", ""scenecut"": ""33"", ""subme"": ""5"", ""tu-inter-depth"": ""2"", ""tu-intra-depth"": ""2"", ""weightb"": ""1"", ""weightp"": ""0"", ""wpp"": ""1""}"
x265,hebo,7304,plain,false,171,39.27,6.92,39.27,7.254731893539429,"['Standard', '320p', 30, '10s']",0.0,7.2546281814575195,0.0,"{""amp"": ""1"", ""aq-mode"": ""0"", ""aq-strength"": ""0.8"", ""b-adapt"": ""0"", ""bframes"": ""2"", ""crf"": ""30.0"", ""ctu"": ""16"", ""keyint"": ""99"", ""limit-refs"": ""0"", ""limit-tu"": ""0"", ""me"": ""star"", ""merange"": ""18"", ""open-gop"": ""0"", ""psy-rd"": ""0.5"", ""psy-rdoq"": ""3.0"", ""qcomp"": ""0.7"", ""qpmax"": ""20"", ""qpmin"": ""14"", ""rc-lookahead"": ""29"", ""rd"": ""1"", ""rdoq-level"": ""0"", ""rect"": ""0"", ""ref"": ""3"", ""rskip"": ""0"", ""sao"": ""0"", ""scenecut"": ""10"", ""subme"": ""5"", ""tu-inter-depth"": ""2"", ""tu-intra-depth"": ""3"", ""weightb"": ""0"", ""weightp"": ""0"", ""wpp"": ""0""}"
x265,hebo,7304,plain,false,172,29.81,8.79,29.81,9.12351655960083,"['Standard', '320p', 30, '10s']",0.0,9.123417377471924,0.0,"{""amp"": ""0"", ""aq-mode"": ""0"", ""aq-strength"": ""0.5"", ""b-adapt"": ""1"", ""bframes"": ""1"", ""crf"": ""20.0"", ""ctu"": ""64"", ""keyint"": ""156"", ""limit-refs"": ""0"", ""limit-tu"": ""1"", ""me"": ""umh"", ""merange"": ""58"", ""open-gop"": ""0"", ""psy-rd"": ""2.0"", ""psy-rdoq"": ""0.0"", ""qcomp"": ""1.0"", ""qpmax"": ""45"", ""qpmin"": ""7"", ""rc-lookahead"": ""12"", ""rd"": ""1"", ""rdoq-level"": ""1"", ""rect"": ""1"", ""ref"": ""2"", ""rskip"": ""0"", ""sao"": ""0"", ""scenecut"": ""36"", ""subme"": ""1"", ""tu-inter-depth"": ""2"", ""tu-intra-depth"": ""3"", ""weightb"": ""0"", ""weightp"": ""0"", ""wpp"": ""1""}"
x265,hebo,7304,plain,false,173,12.41,17.51,12.41,17.841288805007935,"['Standard', '320p', 30, '10s']",0.0,17.84119200706482,0.0,"{""amp"": ""0"", ""aq-mode"": ""4"", ""aq-strength"": ""2.0"", ""b-adapt"": ""2"", ""bframes"": ""4"", ""crf"": ""20.0"", ""ctu"": ""32"", ""keyint"": ""449"", ""limit-refs"": ""3"", ""limit-tu"": ""4"", ""me"": ""dia"", ""merange"": ""50"", ""open-gop"": ""0"", ""psy-rd"": ""0.0"", ""psy-rdoq"": ""1.0"", ""qcomp"": ""0.75"", ""qpmax"": ""40"", ""qpmin"": ""7"", ""rc-lookahead"": ""43"", ""rd"": ""6"", ""rdoq-level"": ""1"", ""rect"": ""1"", ""ref"": ""5"", ""rskip"": ""1"", ""sao"": ""1"", ""scenecut"": ""94"", ""subme"": ""3"", ""tu-inter-depth"": ""3"", ""tu-intra-depth"": ""3"", ""weightb"": ""0"", ""weightp"": ""1"", ""wpp"": ""1""}"
x265,hebo,7304,plain,false,174,4.14,33.32,4.14,33.635536909103394,"['Standard', '320p', 30, '10s']",0.0,33.63543343544006,0.0,"{""amp"": ""1"", ""aq-mode"": ""4"", ""aq-strength"": ""1.0"", ""b-adapt"": ""0"", ""bframes"": ""1"", ""crf"": ""22.0"", ""ctu"": ""32"", ""keyint"": ""273"", ""limit-refs"": ""3"", ""limit-tu"": ""1"", ""me"": ""dia"", ""merange"": ""49"", ""open-gop"": ""1"", ""psy-rd"": ""2.5"", ""psy-rdoq"": ""0.5"", ""qcomp"": ""0.7"", ""qpmax"": ""36"", ""qpmin"": ""19"", ""rc-lookahead"": ""55"", ""rd"": ""5"", ""rdoq-level"": ""2"", ""rect"": ""1"", ""ref"": ""2"", ""rskip"": ""0"", ""sao"": ""1"", ""scenecut"": ""44"", ""subme"": ""4"", ""tu-inter-depth"": ""3"", ""tu-intra-depth"": ""4"", ""weightb"": ""0"", ""weightp"": ""0"", ""wpp"": ""1""}"
x265,hebo,7304,plain,false,175,17.21,13.76,17.21,14.101169347763062,"['Standard', '320p', 30, '10s']",0.0,14.101065158843994,0.0,"{""amp"": ""0"", ""aq-mode"": ""2"", ""aq-strength"": ""0.5"", ""b-adapt"": ""2"", ""bframes"": ""6"", ""crf"": ""20.0"", ""ctu"": ""32"", ""keyint"": ""200"", ""limit-refs"": ""0"", ""limit-tu"": ""2"", ""me"": ""umh"", ""merange"": ""62"", ""open-gop"": ""1"", ""psy-rd"": ""4.0"", ""psy-rdoq"": ""0.0"", ""qcomp"": ""0.6"", ""qpmax"": ""37"", ""qpmin"": ""8"", ""rc-lookahead"": ""33"", ""rd"": ""4"", ""rdoq-level"": ""0"", ""rect"": ""1"", ""ref"": ""4"", ""rskip"": ""1"", ""sao"": ""1"", ""scenecut"": ""93"", ""subme"": ""3"", ""tu-inter-depth"": ""3"", ""tu-intra-depth"": ""4"", ""weightb"": ""1"", ""weightp"": ""1"", ""wpp"": ""0""}"
x265,hebo,7304,plain,false,176,22.59,11.07,22.59,11.415099382400513,"['Standard', '320p', 30, '10s']",0.0,11.41500186920166,0.0,"{""amp"": ""0"", ""aq-mode"": ""2"", ""aq-strength"": ""0.8"", ""b-adapt"": ""2"", ""bframes"": ""4"", ""crf"": ""32.0"", ""ctu"": ""16"", ""keyint"": ""432"", ""limit-refs"": ""3"", ""limit-tu"": ""3"", ""me"": ""full"", ""merange"": ""45"", ""open-gop"": ""1"", ""psy-rd"": ""0.5"", ""psy-rdoq"": ""5.0"", ""qcomp"": ""0.9"", ""qpmax"": ""42"", ""qpmin"": ""3"", ""rc-lookahead"": ""55"", ""rd"": ""3"", ""rdoq-level"": ""2"", ""rect"": ""1"", ""ref"": ""4"", ""rskip"": ""1"", ""sao"": ""1"", ""scenecut"": ""88"", ""subme"": ""4"", ""tu-inter-depth"": ""3"", ""tu-intra-depth"": ""1"", ""weightb"": ""0"", ""weightp"": ""1"", ""wpp"": ""0""}"
x265,hebo,7304,plain,false,177,4.00,33.83,4.00,34.17292881011963,"['Standard', '320p', 30, '10s']",0.0,34.17282509803772,0.0,"{""amp"": ""1"", ""aq-mode"": ""1"", ""aq-strength"": ""0.5"", ""b-adapt"": ""1"", ""bframes"": ""8"", ""crf"": ""20.0"", ""ctu"": ""32"", ""keyint"": ""415"", ""limit-refs"": ""3"", ""limit-tu"": ""4"", ""me"": ""star"", ""merange"": ""39"", ""open-gop"": ""1"", ""psy-rd"": ""0.0"", ""psy-rdoq"": ""4.5"", ""qcomp"": ""0.7"", ""qpmax"": ""45"", ""qpmin"": ""6"", ""rc-lookahead"": ""52"", ""rd"": ""5"", ""rdoq-level"": ""2"", ""rect"": ""1"", ""ref"": ""4"", ""rskip"": ""1"", ""sao"": ""1"", ""scenecut"": ""7"", ""subme"": ""1"", ""tu-inter-depth"": ""4"", ""tu-intra-depth"": ""3"", ""weightb"": ""1"", ""weightp"": ""0"", ""wpp"": ""0""}"
x265,hebo,7304,plain,false,178,28.70,9.07,28.70,9.410948514938354,"['Standard', '320p', 30, '10s']",0.0,9.410847663879395,0.0,"{""amp"": ""1"", ""aq-mode"": ""4"", ""aq-strength"": ""2.0"", ""b-adapt"": ""2"", ""bframes"": ""3"", ""crf"": ""32.0"", ""ctu"": ""16"", ""keyint"": ""212"", ""limit-refs"": ""0"", ""limit-tu"": ""0"", ""me"": ""dia"", ""merange"": ""49"", ""open-gop"": ""0"", ""psy-rd"": ""0.5"", ""psy-rdoq"": ""5.0"", ""qcomp"": ""0.5"", ""qpmax"": ""25"", ""qpmin"": ""10"", ""rc-lookahead"": ""56"", ""rd"": ""3"", ""rdoq-level"": ""0"", ""rect"": ""0"", ""ref"": ""2"", ""rskip"": ""1"", ""sao"": ""1"", ""scenecut"": ""53"", ""subme"": ""5"", ""tu-inter-depth"": ""3"", ""tu-intra-depth"": ""3"", ""weightb"": ""0"", ""weightp"": ""1"", ""wpp"": ""1""}"
x265,hebo,7304,plain,false,179,16.29,14.33,16.29,14.662333250045776,"['Standard', '320p', 30, '10s']",0.0,14.662232398986816,0.0,"{""amp"": ""1"", ""aq-mode"": ""3"", ""aq-strength"": ""1.5"", ""b-adapt"": ""1"", ""bframes"": ""0"", ""crf"": ""32.0"", ""ctu"": ""64"", ""keyint"": ""273"", ""limit-refs"": ""1"", ""limit-tu"": ""0"", ""me"": ""umh"", ""merange"": ""55"", ""open-gop"": ""1"", ""psy-rd"": ""0.5"", ""psy-rdoq"": ""2.5"", ""qcomp"": ""0.5"", ""qpmax"": ""26"", ""qpmin"": ""7"", ""rc-lookahead"": ""31"", ""rd"": ""1"", ""rdoq-level"": ""2"", ""rect"": ""1"", ""ref"": ""1"", ""rskip"": ""1"", ""sao"": ""1"", ""scenecut"": ""35"", ""subme"": ""1"", ""tu-inter-depth"": ""4"", ""tu-intra-depth"": ""1"", ""weightb"": ""1"", ""weightp"": ""0"", ""wpp"": ""0""}"
x265,hebo,7304,plain,false,180,41.73,6.56,41.73,6.886276483535767,"['Standard', '320p', 30, '10s']",0.0,6.886181116104126,0.0,"{""amp"": ""0"", ""aq-mode"": ""3"", ""aq-strength"": ""1.2"", ""b-adapt"": ""0"", ""bframes"": ""1"", ""crf"": ""25.0"", ""ctu"": ""64"", ""keyint"": ""221"", ""limit-refs"": ""2"", ""limit-tu"": ""4"", ""me"": ""star"", ""merange"": ""31"", ""open-gop"": ""0"", ""psy-rd"": ""0.0"", ""psy-rdoq"": ""5.0"", ""qcomp"": ""0.75"", ""qpmax"": ""40"", ""qpmin"": ""15"", ""rc-lookahead"": ""44"", ""rd"": ""2"", ""rdoq-level"": ""2"", ""rect"": ""1"", ""ref"": ""6"", ""rskip"": ""1"", ""sao"": ""0"", ""scenecut"": ""39"", ""subme"": ""5"", ""tu-inter-depth"": ""3"", ""tu-intra-depth"": ""2"", ""weightb"": ""1"", ""weightp"": ""1"", ""wpp"": ""1""}"
x265,hebo,7304,plain,false,181,22.16,11.28,22.16,11.837161540985107,"['Standard', '320p', 30, '10s']",0.0,11.837055444717407,0.0,"{""amp"": ""1"", ""aq-mode"": ""3"", ""aq-strength"": ""0.8"", ""b-adapt"": ""1"", ""bframes"": ""3"", ""crf"": ""18.0"", ""ctu"": ""16"", ""keyint"": ""444"", ""limit-refs"": ""2"", ""limit-tu"": ""2"", ""me"": ""hex"", ""merange"": ""53"", ""open-gop"": ""0"", ""psy-rd"": ""2.5"", ""psy-rdoq"": ""4.5"", ""qcomp"": ""0.8"", ""qpmax"": ""49"", ""qpmin"": ""3"", ""rc-lookahead"": ""54"", ""rd"": ""3"", ""rdoq-level"": ""1"", ""rect"": ""0"", ""ref"": ""3"", ""rskip"": ""0"", ""sao"": ""0"", ""scenecut"": ""89"", ""subme"": ""4"", ""tu-inter-depth"": ""3"", ""tu-intra-depth"": ""3"", ""weightb"": ""0"", ""weightp"": ""1"", ""wpp"": ""0""}"
x265,hebo,7304,plain,false,182,11.27,18.73,11.27,19.05176091194153,"['Standard', '320p', 30, '10s']",0.0,19.05165696144104,0.0,"{""amp"": ""0"", ""aq-mode"": ""1"", ""aq-strength"": ""1.0"", ""b-adapt"": ""1"", ""bframes"": ""4"", ""crf"": ""18.0"", ""ctu"": ""32"", ""keyint"": ""52"", ""limit-refs"": ""2"", ""limit-tu"": ""1"", ""me"": ""full"", ""merange"": ""44"", ""open-gop"": ""0"", ""psy-rd"": ""3.5"", ""psy-rdoq"": ""3.5"", ""qcomp"": ""0.7"", ""qpmax"": ""36"", ""qpmin"": ""3"", ""rc-lookahead"": ""11"", ""rd"": ""4"", ""rdoq-level"": ""1"", ""rect"": ""0"", ""ref"": ""1"", ""rskip"": ""0"", ""sao"": ""1"", ""scenecut"": ""69"", ""subme"": ""5"", ""tu-inter-depth"": ""3"", ""tu-intra-depth"": ""1"", ""weightb"": ""0"", ""weightp"": ""1"", ""wpp"": ""0""}"
x265,hebo,7304,plain,false,183,-3.59,215.92,-3.59,216.24889588356018,"['Standard', '320p', 30, '10s']",0.0,216.24877762794495,0.0,"{""amp"": ""1"", ""aq-mode"": ""1"", ""aq-strength"": ""0.0"", ""b-adapt"": ""1"", ""bframes"": ""8"", ""crf"": ""32.0"", ""ctu"": ""64"", ""keyint"": ""253"", ""limit-refs"": ""2"", ""limit-tu"": ""2"", ""me"": ""full"", ""merange"": ""61"", ""open-gop"": ""1"", ""psy-rd"": ""4.0"", ""psy-rdoq"": ""2.5"", ""qcomp"": ""0.5"", ""qpmax"": ""50"", ""qpmin"": ""3"", ""rc-lookahead"": ""39"", ""rd"": ""5"", ""rdoq-level"": ""2"", ""rect"": ""1"", ""ref"": ""6"", ""rskip"": ""1"", ""sao"": ""1"", ""scenecut"": ""47"", ""subme"": ""4"", ""tu-inter-depth"": ""2"", ""tu-intra-depth"": ""1"", ""weightb"": ""1"", ""weightp"": ""0"", ""wpp"": ""1""}"
x265,hebo,7304,plain,false,184,21.02,11.74,21.02,12.06725263595581,"['Standard', '320p', 30, '10s']",0.0,12.06715202331543,0.0,"{""amp"": ""1"", ""aq-mode"": ""4"", ""aq-strength"": ""1.0"", ""b-adapt"": ""0"", ""bframes"": ""5"", ""crf"": ""18.0"", ""ctu"": ""16"", ""keyint"": ""168"", ""limit-refs"": ""1"", ""limit-tu"": ""1"", ""me"": ""full"", ""merange"": ""26"", ""open-gop"": ""0"", ""psy-rd"": ""0.5"", ""psy-rdoq"": ""4.5"", ""qcomp"": ""0.8"", ""qpmax"": ""35"", ""qpmin"": ""11"", ""rc-lookahead"": ""26"", ""rd"": ""1"", ""rdoq-level"": ""1"", ""rect"": ""0"", ""ref"": ""6"", ""rskip"": ""1"", ""sao"": ""1"", ""scenecut"": ""76"", ""subme"": ""4"", ""tu-inter-depth"": ""2"", ""tu-intra-depth"": ""3"", ""weightb"": ""1"", ""weightp"": ""0"", ""wpp"": ""0""}"
x265,hebo,7304,plain,false,185,30.96,8.51,30.96,8.825173616409302,"['Standard', '320p', 30, '10s']",0.0,8.825064897537231,0.0,"{""amp"": ""1"", ""aq-mode"": ""4"", ""aq-strength"": ""1.5"", ""b-adapt"": ""2"", ""bframes"": ""6"", ""crf"": ""30.0"", ""ctu"": ""64"", ""keyint"": ""465"", ""limit-refs"": ""0"", ""limit-tu"": ""1"", ""me"": ""star"", ""merange"": ""50"", ""open-gop"": ""0"", ""psy-rd"": ""1.0"", ""psy-rdoq"": ""3.5"", ""qcomp"": ""0.8"", ""qpmax"": ""49"", ""qpmin"": ""2"", ""rc-lookahead"": ""24"", ""rd"": ""4"", ""rdoq-level"": ""1"", ""rect"": ""1"", ""ref"": ""4"", ""rskip"": ""0"", ""sao"": ""1"", ""scenecut"": ""98"", ""subme"": ""4"", ""tu-inter-depth"": ""2"", ""tu-intra-depth"": ""4"", ""weightb"": ""0"", ""weightp"": ""1"", ""wpp"": ""1""}"
x265,hebo,7304,plain,false,186,23.02,10.9,23.02,11.32226824760437,"['Standard', '320p', 30, '10s']",0.0,11.322158098220825,0.0,"{""amp"": ""1"", ""aq-mode"": ""0"", ""aq-strength"": ""0.5"", ""b-adapt"": ""2"", ""bframes"": ""2"", ""crf"": ""22.0"", ""ctu"": ""16"", ""keyint"": ""205"", ""limit-refs"": ""3"", ""limit-tu"": ""1"", ""me"": ""hex"", ""merange"": ""41"", ""open-gop"": ""0"", ""psy-rd"": ""4.0"", ""psy-rdoq"": ""3.0"", ""qcomp"": ""0.8"", ""qpmax"": ""43"", ""qpmin"": ""15"", ""rc-lookahead"": ""58"", ""rd"": ""4"", ""rdoq-level"": ""1"", ""rect"": ""1"", ""ref"": ""5"", ""rskip"": ""0"", ""sao"": ""0"", ""scenecut"": ""98"", ""subme"": ""4"", ""tu-inter-depth"": ""3"", ""tu-intra-depth"": ""1"", ""weightb"": ""1"", ""weightp"": ""1"", ""wpp"": ""1""}"
x265,hebo,7304,plain,false,187,56.61,4.99,56.61,5.3355114459991455,"['Standard', '320p', 30, '10s']",0.0,5.335408687591553,0.0,"{""amp"": ""0"", ""aq-mode"": ""3"", ""aq-strength"": ""1.5"", ""b-adapt"": ""1"", ""bframes"": ""3"", ""crf"": ""32.0"", ""ctu"": ""64"", ""keyint"": ""122"", ""limit-refs"": ""1"", ""limit-tu"": ""4"", ""me"": ""dia"", ""merange"": ""39"", ""open-gop"": ""0"", ""psy-rd"": ""0.5"", ""psy-rdoq"": ""3.0"", ""qcomp"": ""1.0"", ""qpmax"": ""30"", ""qpmin"": ""6"", ""rc-lookahead"": ""17"", ""rd"": ""2"", ""rdoq-level"": ""1"", ""rect"": ""1"", ""ref"": ""3"", ""rskip"": ""1"", ""sao"": ""0"", ""scenecut"": ""24"", ""subme"": ""5"", ""tu-inter-depth"": ""1"", ""tu-intra-depth"": ""1"", ""weightb"": ""1"", ""weightp"": ""1"", ""wpp"": ""1""}"
x265,hebo,7304,plain,false,188,18.16,13.18,18.16,13.520666360855103,"['Standard', '320p', 30, '10s']",0.0,13.520563840866089,0.0,"{""amp"": ""1"", ""aq-mode"": ""2"", ""aq-strength"": ""0.8"", ""b-adapt"": ""2"", ""bframes"": ""0"", ""crf"": ""28.0"", ""ctu"": ""64"", ""keyint"": ""133"", ""limit-refs"": ""1"", ""limit-tu"": ""1"", ""me"": ""umh"", ""merange"": ""36"", ""open-gop"": ""0"", ""psy-rd"": ""4.0"", ""psy-rdoq"": ""4.0"", ""qcomp"": ""0.75"", ""qpmax"": ""40"", ""qpmin"": ""13"", ""rc-lookahead"": ""47"", ""rd"": ""3"", ""rdoq-level"": ""1"", ""rect"": ""1"", ""ref"": ""2"", ""rskip"": ""0"", ""sao"": ""0"", ""scenecut"": ""38"", ""subme"": ""5"", ""tu-inter-depth"": ""3"", ""tu-intra-depth"": ""4"", ""weightb"": ""1"", ""weightp"": ""0"", ""wpp"": ""0""}"
x265,hebo,7304,plain,false,189,1.64,45.84,1.64,46.172640800476074,"['Standard', '320p', 30, '10s']",0.0,46.172526836395264,0.0,"{""amp"": ""1"", ""aq-mode"": ""2"", ""aq-strength"": ""0.0"", ""b-adapt"": ""0"", ""bframes"": ""3"", ""crf"": ""18.0"", ""ctu"": ""64"", ""keyint"": ""221"", ""limit-refs"": ""0"", ""limit-tu"": ""4"", ""me"": ""full"", ""merange"": ""58"", ""open-gop"": ""0"", ""psy-rd"": ""0.0"", ""psy-rdoq"": ""5.0"", ""qcomp"": ""0.5"", ""qpmax"": ""35"", ""qpmin"": ""19"", ""rc-lookahead"": ""51"", ""rd"": ""1"", ""rdoq-level"": ""0"", ""rect"": ""0"", ""ref"": ""3"", ""rskip"": ""1"", ""sao"": ""1"", ""scenecut"": ""46"", ""subme"": ""2"", ""tu-inter-depth"": ""3"", ""tu-intra-depth"": ""1"", ""weightb"": ""0"", ""weightp"": ""0"", ""wpp"": ""1""}"
x265,hebo,7304,plain,false,190,121.58,2.5,121.58,2.902156114578247,"['Standard', '320p', 30, '10s']",0.0,2.9020564556121826,0.0,"{""amp"": ""1"", ""aq-mode"": ""2"", ""aq-strength"": ""2.0"", ""b-adapt"": ""2"", ""bframes"": ""3"", ""crf"": ""32.0"", ""ctu"": ""64"", ""keyint"": ""213"", ""limit-refs"": ""0"", ""limit-tu"": ""1"", ""me"": ""star"", ""merange"": ""41"", ""open-gop"": ""0"", ""psy-rd"": ""4.0"", ""psy-rdoq"": ""5.0"", ""qcomp"": ""1.0"", ""qpmax"": ""37"", ""qpmin"": ""19"", ""rc-lookahead"": ""30"", ""rd"": ""1"", ""rdoq-level"": ""0"", ""rect"": ""0"", ""ref"": ""3"", ""rskip"": ""1"", ""sao"": ""0"", ""scenecut"": ""46"", ""subme"": ""1"", ""tu-inter-depth"": ""1"", ""tu-intra-depth"": ""1"", ""weightb"": ""1"", ""weightp"": ""0"", ""wpp"": ""1""}"
x265,hebo,7304,plain,false,191,12.69,17.25,12.69,17.58766484260559,"['Standard', '320p', 30, '10s']",0.0,17.587564706802368,0.0,"{""amp"": ""1"", ""aq-mode"": ""2"", ""aq-strength"": ""1.8"", ""b-adapt"": ""1"", ""bframes"": ""6"", ""crf"": ""20.0"", ""ctu"": ""64"", ""keyint"": ""48"", ""limit-refs"": ""1"", ""limit-tu"": ""2"", ""me"": ""umh"", ""merange"": ""29"", ""open-gop"": ""1"", ""psy-rd"": ""3.5"", ""psy-rdoq"": ""2.5"", ""qcomp"": ""0.6"", ""qpmax"": ""26"", ""qpmin"": ""18"", ""rc-lookahead"": ""57"", ""rd"": ""3"", ""rdoq-level"": ""0"", ""rect"": ""1"", ""ref"": ""6"", ""rskip"": ""1"", ""sao"": ""0"", ""scenecut"": ""76"", ""subme"": ""3"", ""tu-inter-depth"": ""3"", ""tu-intra-depth"": ""2"", ""weightb"": ""0"", ""weightp"": ""1"", ""wpp"": ""0""}"
x265,hebo,7304,plain,false,192,11.42,18.57,11.42,18.892276763916016,"['Standard', '320p', 30, '10s']",0.0,18.89216923713684,0.0,"{""amp"": ""0"", ""aq-mode"": ""1"", ""aq-strength"": ""0.5"", ""b-adapt"": ""2"", ""bframes"": ""0"", ""crf"": ""30.0"", ""ctu"": ""64"", ""keyint"": ""359"", ""limit-refs"": ""0"", ""limit-tu"": ""1"", ""me"": ""full"", ""merange"": ""18"", ""open-gop"": ""1"", ""psy-rd"": ""0.0"", ""psy-rdoq"": ""4.5"", ""qcomp"": ""0.6"", ""qpmax"": ""49"", ""qpmin"": ""8"", ""rc-lookahead"": ""34"", ""rd"": ""5"", ""rdoq-level"": ""1"", ""rect"": ""0"", ""ref"": ""2"", ""rskip"": ""1"", ""sao"": ""0"", ""scenecut"": ""47"", ""subme"": ""1"", ""tu-inter-depth"": ""3"", ""tu-intra-depth"": ""2"", ""weightb"": ""0"", ""weightp"": ""1"", ""wpp"": ""0""}"
x265,hebo,7304,plain,false,193,5.09,30.2,5.09,30.53082823753357,"['Standard', '320p', 30, '10s']",0.0,30.530715942382812,0.0,"{""amp"": ""0"", ""aq-mode"": ""0"", ""aq-strength"": ""0.8"", ""b-adapt"": ""1"", ""bframes"": ""8"", ""crf"": ""25.0"", ""ctu"": ""64"", ""keyint"": ""284"", ""limit-refs"": ""0"", ""limit-tu"": ""4"", ""me"": ""hex"", ""merange"": ""62"", ""open-gop"": ""0"", ""psy-rd"": ""1.0"", ""psy-rdoq"": ""0.0"", ""qcomp"": ""0.8"", ""qpmax"": ""46"", ""qpmin"": ""17"", ""rc-lookahead"": ""13"", ""rd"": ""6"", ""rdoq-level"": ""2"", ""rect"": ""0"", ""ref"": ""6"", ""rskip"": ""1"", ""sao"": ""0"", ""scenecut"": ""86"", ""subme"": ""5"", ""tu-inter-depth"": ""2"", ""tu-intra-depth"": ""3"", ""weightb"": ""1"", ""weightp"": ""1"", ""wpp"": ""1""}"
x265,hebo,7304,plain,false,194,143.28,2.1,143.28,2.427872896194458,"['Standard', '320p', 30, '10s']",0.0,2.4277799129486084,0.0,"{""amp"": ""1"", ""aq-mode"": ""3"", ""aq-strength"": ""1.2"", ""b-adapt"": ""0"", ""bframes"": ""1"", ""crf"": ""32.0"", ""ctu"": ""32"", ""keyint"": ""181"", ""limit-refs"": ""0"", ""limit-tu"": ""2"", ""me"": ""star"", ""merange"": ""41"", ""open-gop"": ""0"", ""psy-rd"": ""2.5"", ""psy-rdoq"": ""3.5"", ""qcomp"": ""1.0"", ""qpmax"": ""37"", ""qpmin"": ""13"", ""rc-lookahead"": ""13"", ""rd"": ""1"", ""rdoq-level"": ""1"", ""rect"": ""0"", ""ref"": ""3"", ""rskip"": ""1"", ""sao"": ""0"", ""scenecut"": ""50"", ""subme"": ""4"", ""tu-inter-depth"": ""1"", ""tu-intra-depth"": ""1"", ""weightb"": ""1"", ""weightp"": ""0"", ""wpp"": ""1""}"
x265,hebo,7304,plain,false,195,89.84,3.26,89.84,3.5958688259124756,"['Standard', '320p', 30, '10s']",0.0,3.5957741737365723,0.0,"{""amp"": ""1"", ""aq-mode"": ""2"", ""aq-strength"": ""1.2"", ""b-adapt"": ""1"", ""bframes"": ""2"", ""crf"": ""32.0"", ""ctu"": ""16"", ""keyint"": ""308"", ""limit-refs"": ""1"", ""limit-tu"": ""3"", ""me"": ""umh"", ""merange"": ""21"", ""open-gop"": ""0"", ""psy-rd"": ""2.0"", ""psy-rdoq"": ""5.0"", ""qcomp"": ""0.6"", ""qpmax"": ""36"", ""qpmin"": ""4"", ""rc-lookahead"": ""57"", ""rd"": ""3"", ""rdoq-level"": ""0"", ""rect"": ""0"", ""ref"": ""1"", ""rskip"": ""0"", ""sao"": ""0"", ""scenecut"": ""1"", ""subme"": ""1"", ""tu-inter-depth"": ""1"", ""tu-intra-depth"": ""1"", ""weightb"": ""0"", ""weightp"": ""0"", ""wpp"": ""0""}"
x265,hebo,7304,plain,false,196,41.14,6.65,41.14,6.974506378173828,"['Standard', '320p', 30, '10s']",0.0,6.974413633346558,0.0,"{""amp"": ""0"", ""aq-mode"": ""4"", ""aq-strength"": ""0.5"", ""b-adapt"": ""1"", ""bframes"": ""7"", ""crf"": ""28.0"", ""ctu"": ""32"", ""keyint"": ""482"", ""limit-refs"": ""0"", ""limit-tu"": ""1"", ""me"": ""umh"", ""merange"": ""43"", ""open-gop"": ""1"", ""psy-rd"": ""3.0"", ""psy-rdoq"": ""0.5"", ""qcomp"": ""1.0"", ""qpmax"": ""26"", ""qpmin"": ""9"", ""rc-lookahead"": ""19"", ""rd"": ""2"", ""rdoq-level"": ""0"", ""rect"": ""0"", ""ref"": ""1"", ""rskip"": ""0"", ""sao"": ""1"", ""scenecut"": ""28"", ""subme"": ""4"", ""tu-inter-depth"": ""3"", ""tu-intra-depth"": ""1"", ""weightb"": ""0"", ""weightp"": ""1"", ""wpp"": ""0""}"
x265,hebo,7304,plain,false,197,45.75,6.05,45.75,6.371036767959595,"['Standard', '320p', 30, '10s']",0.0,6.370938301086426,0.0,"{""amp"": ""1"", ""aq-mode"": ""0"", ""aq-strength"": ""0.0"", ""b-adapt"": ""1"", ""bframes"": ""4"", ""crf"": ""30.0"", ""ctu"": ""64"", ""keyint"": ""206"", ""limit-refs"": ""2"", ""limit-tu"": ""0"", ""me"": ""dia"", ""merange"": ""47"", ""open-gop"": ""1"", ""psy-rd"": ""1.0"", ""psy-rdoq"": ""2.0"", ""qcomp"": ""0.8"", ""qpmax"": ""50"", ""qpmin"": ""18"", ""rc-lookahead"": ""52"", ""rd"": ""4"", ""rdoq-level"": ""0"", ""rect"": ""1"", ""ref"": ""5"", ""rskip"": ""1"", ""sao"": ""0"", ""scenecut"": ""39"", ""subme"": ""3"", ""tu-inter-depth"": ""3"", ""tu-intra-depth"": ""4"", ""weightb"": ""1"", ""weightp"": ""1"", ""wpp"": ""0""}"
x265,hebo,7304,plain,false,198,62.30,4.57,62.30,4.89634108543396,"['Standard', '320p', 30, '10s']",0.0,4.896249055862427,0.0,"{""amp"": ""1"", ""aq-mode"": ""2"", ""aq-strength"": ""0.8"", ""b-adapt"": ""1"", ""bframes"": ""4"", ""crf"": ""32.0"", ""ctu"": ""64"", ""keyint"": ""388"", ""limit-refs"": ""2"", ""limit-tu"": ""1"", ""me"": ""hex"", ""merange"": ""26"", ""open-gop"": ""1"", ""psy-rd"": ""0.0"", ""psy-rdoq"": ""5.0"", ""qcomp"": ""0.7"", ""qpmax"": ""37"", ""qpmin"": ""13"", ""rc-lookahead"": ""48"", ""rd"": ""1"", ""rdoq-level"": ""2"", ""rect"": ""1"", ""ref"": ""1"", ""rskip"": ""0"", ""sao"": ""0"", ""scenecut"": ""10"", ""subme"": ""5"", ""tu-inter-depth"": ""2"", ""tu-intra-depth"": ""1"", ""weightb"": ""0"", ""weightp"": ""0"", ""wpp"": ""1""}"
x265,hebo,7304,plain,false,199,62.74,4.54,62.74,4.877269983291626,"['Standard', '320p', 30, '10s']",0.0,4.877179861068726,0.0,"{""amp"": ""0"", ""aq-mode"": ""1"", ""aq-strength"": ""1.0"", ""b-adapt"": ""0"", ""bframes"": ""1"", ""crf"": ""22.0"", ""ctu"": ""64"", ""keyint"": ""30"", ""limit-refs"": ""1"", ""limit-tu"": ""0"", ""me"": ""star"", ""merange"": ""21"", ""open-gop"": ""1"", ""psy-rd"": ""2.0"", ""psy-rdoq"": ""1.5"", ""qcomp"": ""0.75"", ""qpmax"": ""41"", ""qpmin"": ""1"", ""rc-lookahead"": ""42"", ""rd"": ""1"", ""rdoq-level"": ""1"", ""rect"": ""0"", ""ref"": ""3"", ""rskip"": ""1"", ""sao"": ""0"", ""scenecut"": ""35"", ""subme"": ""4"", ""tu-inter-depth"": ""1"", ""tu-intra-depth"": ""1"", ""weightb"": ""1"", ""weightp"": ""0"", ""wpp"": ""1""}"
x265,hebo,7304,plain,false,200,82.27,3.54,82.27,4.084132432937622,"['Standard', '320p', 30, '10s']",0.0,4.083976984024048,0.0,"{""amp"": ""0"", ""aq-mode"": ""1"", ""aq-strength"": ""0.0"", ""b-adapt"": ""1"", ""bframes"": ""3"", ""crf"": ""25.0"", ""ctu"": ""32"", ""keyint"": ""293"", ""limit-refs"": ""2"", ""limit-tu"": ""2"", ""me"": ""star"", ""merange"": ""26"", ""open-gop"": ""1"", ""psy-rd"": ""3.0"", ""psy-rdoq"": ""0.5"", ""qcomp"": ""0.8"", ""qpmax"": ""26"", ""qpmin"": ""13"", ""rc-lookahead"": ""13"", ""rd"": ""1"", ""rdoq-level"": ""0"", ""rect"": ""0"", ""ref"": ""1"", ""rskip"": ""0"", ""sao"": ""0"", ""scenecut"": ""50"", ""subme"": ""2"", ""tu-inter-depth"": ""1"", ""tu-intra-depth"": ""2"", ""weightb"": ""0"", ""weightp"": ""0"", ""wpp"": ""0""}"
x265,hebo,7305,plain,false,1,29.48,8.9,29.48,9.300596237182617,"['Standard', '320p', 30, '10s']",0.0,9.2998948097229,0.0,"{""amp"": ""1"", ""aq-mode"": ""3"", ""aq-strength"": ""1.2"", ""b-adapt"": ""1"", ""bframes"": ""3"", ""crf"": ""32.0"", ""ctu"": ""64"", ""keyint"": ""323"", ""limit-refs"": ""1"", ""limit-tu"": ""3"", ""me"": ""hex"", ""merange"": ""29"", ""open-gop"": ""1"", ""psy-rd"": ""4.0"", ""psy-rdoq"": ""2.5"", ""qcomp"": ""0.75"", ""qpmax"": ""41"", ""qpmin"": ""15"", ""rc-lookahead"": ""43"", ""rd"": ""2"", ""rdoq-level"": ""1"", ""rect"": ""1"", ""ref"": ""5"", ""rskip"": ""0"", ""sao"": ""0"", ""scenecut"": ""80"", ""subme"": ""3"", ""tu-inter-depth"": ""2"", ""tu-intra-depth"": ""1"", ""weightb"": ""1"", ""weightp"": ""1"", ""wpp"": ""0""}"
x265,hebo,7305,plain,false,2,1.09,50.0,1.09,50.39720940589905,"['Standard', '320p', 30, '10s']",0.0,50.39711833000183,0.0,"{""amp"": ""0"", ""aq-mode"": ""2"", ""aq-strength"": ""1.0"", ""b-adapt"": ""0"", ""bframes"": ""7"", ""crf"": ""18.0"", ""ctu"": ""32"", ""keyint"": ""236"", ""limit-refs"": ""2"", ""limit-tu"": ""1"", ""me"": ""umh"", ""merange"": ""54"", ""open-gop"": ""0"", ""psy-rd"": ""1.5"", ""psy-rdoq"": ""3.5"", ""qcomp"": ""1.0"", ""qpmax"": ""21"", ""qpmin"": ""9"", ""rc-lookahead"": ""18"", ""rd"": ""5"", ""rdoq-level"": ""1"", ""rect"": ""0"", ""ref"": ""3"", ""rskip"": ""1"", ""sao"": ""1"", ""scenecut"": ""27"", ""subme"": ""4"", ""tu-inter-depth"": ""3"", ""tu-intra-depth"": ""4"", ""weightb"": ""0"", ""weightp"": ""0"", ""wpp"": ""1""}"
x265,hebo,7305,plain,false,3,11.76,18.22,11.76,18.60699772834778,"['Standard', '320p', 30, '10s']",0.0,18.606905698776245,0.0,"{""amp"": ""0"", ""aq-mode"": ""3"", ""aq-strength"": ""1.8"", ""b-adapt"": ""2"", ""bframes"": ""4"", ""crf"": ""25.0"", ""ctu"": ""16"", ""keyint"": ""76"", ""limit-refs"": ""0"", ""limit-tu"": ""4"", ""me"": ""full"", ""merange"": ""47"", ""open-gop"": ""1"", ""psy-rd"": ""2.5"", ""psy-rdoq"": ""0.0"", ""qcomp"": ""0.5"", ""qpmax"": ""48"", ""qpmin"": ""2"", ""rc-lookahead"": ""32"", ""rd"": ""4"", ""rdoq-level"": ""0"", ""rect"": ""1"", ""ref"": ""1"", ""rskip"": ""0"", ""sao"": ""0"", ""scenecut"": ""53"", ""subme"": ""3"", ""tu-inter-depth"": ""1"", ""tu-intra-depth"": ""3"", ""weightb"": ""0"", ""weightp"": ""1"", ""wpp"": ""1""}"
x265,hebo,7305,plain,false,4,25.08,10.19,25.08,10.768994808197021,"['Standard', '320p', 30, '10s']",0.0,10.768893241882324,0.0,"{""amp"": ""1"", ""aq-mode"": ""0"", ""aq-strength"": ""0.5"", ""b-adapt"": ""1"", ""bframes"": ""2"", ""crf"": ""28.0"", ""ctu"": ""32"", ""keyint"": ""400"", ""limit-refs"": ""3"", ""limit-tu"": ""0"", ""me"": ""hex"", ""merange"": ""24"", ""open-gop"": ""0"", ""psy-rd"": ""0.0"", ""psy-rdoq"": ""4.0"", ""qcomp"": ""0.8"", ""qpmax"": ""29"", ""qpmin"": ""17"", ""rc-lookahead"": ""57"", ""rd"": ""3"", ""rdoq-level"": ""2"", ""rect"": ""0"", ""ref"": ""4"", ""rskip"": ""1"", ""sao"": ""1"", ""scenecut"": ""0"", ""subme"": ""2"", ""tu-inter-depth"": ""4"", ""tu-intra-depth"": ""2"", ""weightb"": ""1"", ""weightp"": ""0"", ""wpp"": ""0""}"
x265,hebo,7305,plain,false,5,1.48,47.03,1.48,47.42554068565369,"['Standard', '320p', 30, '10s']",0.0,47.425437688827515,0.0,"{""amp"": ""1"", ""aq-mode"": ""2"", ""aq-strength"": ""1.8"", ""b-adapt"": ""2"", ""bframes"": ""5"", ""crf"": ""22.0"", ""ctu"": ""32"", ""keyint"": ""469"", ""limit-refs"": ""2"", ""limit-tu"": ""1"", ""me"": ""umh"", ""merange"": ""37"", ""open-gop"": ""1"", ""psy-rd"": ""3.5"", ""psy-rdoq"": ""1.0"", ""qcomp"": ""0.7"", ""qpmax"": ""34"", ""qpmin"": ""18"", ""rc-lookahead"": ""27"", ""rd"": ""5"", ""rdoq-level"": ""2"", ""rect"": ""1"", ""ref"": ""2"", ""rskip"": ""1"", ""sao"": ""1"", ""scenecut"": ""65"", ""subme"": ""1"", ""tu-inter-depth"": ""3"", ""tu-intra-depth"": ""3"", ""weightb"": ""1"", ""weightp"": ""1"", ""wpp"": ""0""}"
x265,hebo,7305,plain,false,6,51.20,5.5,51.20,5.883499383926392,"['Standard', '320p', 30, '10s']",0.0,5.883417367935181,0.0,"{""amp"": ""0"", ""aq-mode"": ""1"", ""aq-strength"": ""0.5"", ""b-adapt"": ""1"", ""bframes"": ""1"", ""crf"": ""28.0"", ""ctu"": ""64"", ""keyint"": ""141"", ""limit-refs"": ""0"", ""limit-tu"": ""3"", ""me"": ""star"", ""merange"": ""63"", ""open-gop"": ""0"", ""psy-rd"": ""1.0"", ""psy-rdoq"": ""4.5"", ""qcomp"": ""0.9"", ""qpmax"": ""44"", ""qpmin"": ""3"", ""rc-lookahead"": ""52"", ""rd"": ""1"", ""rdoq-level"": ""0"", ""rect"": ""0"", ""ref"": ""4"", ""rskip"": ""0"", ""sao"": ""0"", ""scenecut"": ""19"", ""subme"": ""4"", ""tu-inter-depth"": ""1"", ""tu-intra-depth"": ""2"", ""weightb"": ""0"", ""weightp"": ""0"", ""wpp"": ""1""}"
x265,hebo,7305,plain,false,7,12.27,17.69,12.27,18.073144912719727,"['Standard', '320p', 30, '10s']",0.0,18.073057651519775,0.0,"{""amp"": ""0"", ""aq-mode"": ""4"", ""aq-strength"": ""1.5"", ""b-adapt"": ""1"", ""bframes"": ""4"", ""crf"": ""30.0"", ""ctu"": ""32"", ""keyint"": ""182"", ""limit-refs"": ""2"", ""limit-tu"": ""2"", ""me"": ""star"", ""merange"": ""43"", ""open-gop"": ""1"", ""psy-rd"": ""3.0"", ""psy-rdoq"": ""1.5"", ""qcomp"": ""0.6"", ""qpmax"": ""24"", ""qpmin"": ""6"", ""rc-lookahead"": ""41"", ""rd"": ""3"", ""rdoq-level"": ""1"", ""rect"": ""1"", ""ref"": ""6"", ""rskip"": ""1"", ""sao"": ""1"", ""scenecut"": ""89"", ""subme"": ""5"", ""tu-inter-depth"": ""3"", ""tu-intra-depth"": ""2"", ""weightb"": ""0"", ""weightp"": ""1"", ""wpp"": ""1""}"
x265,hebo,7305,plain,false,8,38.72,7.04,38.72,7.432321786880493,"['Standard', '320p', 30, '10s']",0.0,7.432238578796387,0.0,"{""amp"": ""1"", ""aq-mode"": ""1"", ""aq-strength"": ""0.8"", ""b-adapt"": ""0"", ""bframes"": ""6"", ""crf"": ""20.0"", ""ctu"": ""16"", ""keyint"": ""272"", ""limit-refs"": ""1"", ""limit-tu"": ""2"", ""me"": ""dia"", ""merange"": ""22"", ""open-gop"": ""0"", ""psy-rd"": ""0.5"", ""psy-rdoq"": ""3.0"", ""qcomp"": ""0.8"", ""qpmax"": ""37"", ""qpmin"": ""10"", ""rc-lookahead"": ""16"", ""rd"": ""4"", ""rdoq-level"": ""1"", ""rect"": ""0"", ""ref"": ""3"", ""rskip"": ""0"", ""sao"": ""0"", ""scenecut"": ""42"", ""subme"": ""2"", ""tu-inter-depth"": ""2"", ""tu-intra-depth"": ""3"", ""weightb"": ""1"", ""weightp"": ""0"", ""wpp"": ""0""}"
x265,hebo,7305,plain,false,9,51.87,5.43,51.87,5.811257839202881,"['Standard', '320p', 30, '10s']",0.0,5.8111631870269775,0.0,"{""amp"": ""1"", ""aq-mode"": ""3"", ""aq-strength"": ""1.0"", ""b-adapt"": ""2"", ""bframes"": ""6"", ""crf"": ""32.0"", ""ctu"": ""64"", ""keyint"": ""364"", ""limit-refs"": ""3"", ""limit-tu"": ""3"", ""me"": ""star"", ""merange"": ""28"", ""open-gop"": ""1"", ""psy-rd"": ""1.5"", ""psy-rdoq"": ""1.0"", ""qcomp"": ""0.75"", ""qpmax"": ""34"", ""qpmin"": ""0"", ""rc-lookahead"": ""11"", ""rd"": ""2"", ""rdoq-level"": ""0"", ""rect"": ""1"", ""ref"": ""2"", ""rskip"": ""1"", ""sao"": ""1"", ""scenecut"": ""24"", ""subme"": ""4"", ""tu-inter-depth"": ""4"", ""tu-intra-depth"": ""3"", ""weightb"": ""0"", ""weightp"": ""1"", ""wpp"": ""1""}"
x265,hebo,7305,plain,false,10,7.82,23.79,7.82,24.190024375915527,"['Standard', '320p', 30, '10s']",0.0,24.189934730529785,0.0,"{""amp"": ""0"", ""aq-mode"": ""0"", ""aq-strength"": ""1.2"", ""b-adapt"": ""1"", ""bframes"": ""0"", ""crf"": ""20.0"", ""ctu"": ""32"", ""keyint"": ""216"", ""limit-refs"": ""0"", ""limit-tu"": ""1"", ""me"": ""dia"", ""merange"": ""50"", ""open-gop"": ""0"", ""psy-rd"": ""3.0"", ""psy-rdoq"": ""5.0"", ""qcomp"": ""0.6"", ""qpmax"": ""46"", ""qpmin"": ""16"", ""rc-lookahead"": ""37"", ""rd"": ""4"", ""rdoq-level"": ""2"", ""rect"": ""0"", ""ref"": ""4"", ""rskip"": ""0"", ""sao"": ""0"", ""scenecut"": ""71"", ""subme"": ""3"", ""tu-inter-depth"": ""2"", ""tu-intra-depth"": ""2"", ""weightb"": ""1"", ""weightp"": ""0"", ""wpp"": ""0""}"
x265,hebo,7305,plain,false,11,7.03,25.37,7.03,25.75528073310852,"['Standard', '320p', 30, '10s']",0.0,25.755188703536987,0.0,"{""amp"": ""0"", ""aq-mode"": ""3"", ""aq-strength"": ""0.0"", ""b-adapt"": ""1"", ""bframes"": ""3"", ""crf"": ""25.0"", ""ctu"": ""16"", ""keyint"": ""50"", ""limit-refs"": ""2"", ""limit-tu"": ""2"", ""me"": ""umh"", ""merange"": ""58"", ""open-gop"": ""1"", ""psy-rd"": ""1.0"", ""psy-rdoq"": ""1.5"", ""qcomp"": ""1.0"", ""qpmax"": ""27"", ""qpmin"": ""14"", ""rc-lookahead"": ""48"", ""rd"": ""5"", ""rdoq-level"": ""1"", ""rect"": ""1"", ""ref"": ""6"", ""rskip"": ""1"", ""sao"": ""1"", ""scenecut"": ""47"", ""subme"": ""2"", ""tu-inter-depth"": ""3"", ""tu-intra-depth"": ""2"", ""weightb"": ""1"", ""weightp"": ""1"", ""wpp"": ""0""}"
x265,hebo,7305,plain,false,12,47.80,5.84,47.80,6.225832939147949,"['Standard', '320p', 30, '10s']",0.0,6.2257468700408936,0.0,"{""amp"": ""1"", ""aq-mode"": ""2"", ""aq-strength"": ""2.0"", ""b-adapt"": ""0"", ""bframes"": ""7"", ""crf"": ""25.0"", ""ctu"": ""32"", ""keyint"": ""435"", ""limit-refs"": ""1"", ""limit-tu"": ""2"", ""me"": ""star"", ""merange"": ""31"", ""open-gop"": ""0"", ""psy-rd"": ""2.5"", ""psy-rdoq"": ""2.5"", ""qcomp"": ""0.75"", ""qpmax"": ""38"", ""qpmin"": ""8"", ""rc-lookahead"": ""23"", ""rd"": ""2"", ""rdoq-level"": ""1"", ""rect"": ""0"", ""ref"": ""3"", ""rskip"": ""0"", ""sao"": ""0"", ""scenecut"": ""94"", ""subme"": ""3"", ""tu-inter-depth"": ""2"", ""tu-intra-depth"": ""3"", ""weightb"": ""0"", ""weightp"": ""0"", ""wpp"": ""1""}"
x265,hebo,7305,plain,false,13,7.14,25.12,7.14,25.517451524734497,"['Standard', '320p', 30, '10s']",0.0,25.517359733581543,0.0,"{""amp"": ""1"", ""aq-mode"": ""4"", ""aq-strength"": ""0.8"", ""b-adapt"": ""1"", ""bframes"": ""2"", ""crf"": ""22.0"", ""ctu"": ""32"", ""keyint"": ""489"", ""limit-refs"": ""1"", ""limit-tu"": ""1"", ""me"": ""full"", ""merange"": ""18"", ""open-gop"": ""1"", ""psy-rd"": ""2.0"", ""psy-rdoq"": ""2.0"", ""qcomp"": ""0.8"", ""qpmax"": ""42"", ""qpmin"": ""7"", ""rc-lookahead"": ""58"", ""rd"": ""4"", ""rdoq-level"": ""1"", ""rect"": ""1"", ""ref"": ""5"", ""rskip"": ""0"", ""sao"": ""0"", ""scenecut"": ""34"", ""subme"": ""4"", ""tu-inter-depth"": ""2"", ""tu-intra-depth"": ""1"", ""weightb"": ""0"", ""weightp"": ""1"", ""wpp"": ""1""}"
x265,hebo,7305,plain,false,14,13.92,16.16,13.92,16.545961141586304,"['Standard', '320p', 30, '10s']",0.0,16.545854568481445,0.0,"{""amp"": ""0"", ""aq-mode"": ""1"", ""aq-strength"": ""1.8"", ""b-adapt"": ""0"", ""bframes"": ""8"", ""crf"": ""28.0"", ""ctu"": ""64"", ""keyint"": ""100"", ""limit-refs"": ""2"", ""limit-tu"": ""3"", ""me"": ""hex"", ""merange"": ""41"", ""open-gop"": ""0"", ""psy-rd"": ""3.5"", ""psy-rdoq"": ""3.5"", ""qcomp"": ""0.6"", ""qpmax"": ""23"", ""qpmin"": ""12"", ""rc-lookahead"": ""33"", ""rd"": ""3"", ""rdoq-level"": ""1"", ""rect"": ""0"", ""ref"": ""3"", ""rskip"": ""1"", ""sao"": ""1"", ""scenecut"": ""87"", ""subme"": ""1"", ""tu-inter-depth"": ""3"", ""tu-intra-depth"": ""4"", ""weightb"": ""1"", ""weightp"": ""0"", ""wpp"": ""0""}"
x265,hebo,7305,plain,false,15,50.26,5.58,50.26,5.968255519866943,"['Standard', '320p', 30, '10s']",0.0,5.96816873550415,0.0,"{""amp"": ""0"", ""aq-mode"": ""2"", ""aq-strength"": ""0.8"", ""b-adapt"": ""2"", ""bframes"": ""5"", ""crf"": ""30.0"", ""ctu"": ""32"", ""keyint"": ""148"", ""limit-refs"": ""1"", ""limit-tu"": ""0"", ""me"": ""hex"", ""merange"": ""60"", ""open-gop"": ""1"", ""psy-rd"": ""0.5"", ""psy-rdoq"": ""0.5"", ""qcomp"": ""0.9"", ""qpmax"": ""50"", ""qpmin"": ""19"", ""rc-lookahead"": ""20"", ""rd"": ""1"", ""rdoq-level"": ""2"", ""rect"": ""1"", ""ref"": ""1"", ""rskip"": ""0"", ""sao"": ""0"", ""scenecut"": ""8"", ""subme"": ""2"", ""tu-inter-depth"": ""1"", ""tu-intra-depth"": ""3"", ""weightb"": ""1"", ""weightp"": ""1"", ""wpp"": ""0""}"
x265,hebo,7305,plain,false,16,11.17,18.88,11.17,19.2797749042511,"['Standard', '320p', 30, '10s']",0.0,19.279679536819458,0.0,"{""amp"": ""1"", ""aq-mode"": ""1"", ""aq-strength"": ""1.5"", ""b-adapt"": ""1"", ""bframes"": ""1"", ""crf"": ""20.0"", ""ctu"": ""16"", ""keyint"": ""299"", ""limit-refs"": ""3"", ""limit-tu"": ""4"", ""me"": ""umh"", ""merange"": ""35"", ""open-gop"": ""0"", ""psy-rd"": ""2.0"", ""psy-rdoq"": ""4.0"", ""qcomp"": ""0.7"", ""qpmax"": ""30"", ""qpmin"": ""5"", ""rc-lookahead"": ""45"", ""rd"": ""6"", ""rdoq-level"": ""0"", ""rect"": ""0"", ""ref"": ""4"", ""rskip"": ""1"", ""sao"": ""1"", ""scenecut"": ""60"", ""subme"": ""5"", ""tu-inter-depth"": ""3"", ""tu-intra-depth"": ""2"", ""weightb"": ""0"", ""weightp"": ""0"", ""wpp"": ""1""}"
x265,hebo,7305,plain,false,17,64.79,4.52,64.79,4.964481353759766,"['Standard', '320p', 30, '10s']",0.0,4.964395046234131,0.0,"{""amp"": ""1"", ""aq-mode"": ""2"", ""aq-strength"": ""1.5"", ""b-adapt"": ""0"", ""bframes"": ""5"", ""crf"": ""30.0"", ""ctu"": ""16"", ""keyint"": ""448"", ""limit-refs"": ""2"", ""limit-tu"": ""1"", ""me"": ""hex"", ""merange"": ""42"", ""open-gop"": ""1"", ""psy-rd"": ""3.0"", ""psy-rdoq"": ""1.0"", ""qcomp"": ""0.6"", ""qpmax"": ""40"", ""qpmin"": ""2"", ""rc-lookahead"": ""46"", ""rd"": ""1"", ""rdoq-level"": ""1"", ""rect"": ""0"", ""ref"": ""5"", ""rskip"": ""0"", ""sao"": ""1"", ""scenecut"": ""38"", ""subme"": ""2"", ""tu-inter-depth"": ""3"", ""tu-intra-depth"": ""3"", ""weightb"": ""0"", ""weightp"": ""0"", ""wpp"": ""0""}"
x265,hebo,7305,plain,false,18,1.09,50.02,1.09,50.41369009017944,"['Standard', '320p', 30, '10s']",0.0,50.413593769073486,0.0,"{""amp"": ""0"", ""aq-mode"": ""1"", ""aq-strength"": ""0.8"", ""b-adapt"": ""1"", ""bframes"": ""1"", ""crf"": ""20.0"", ""ctu"": ""32"", ""keyint"": ""118"", ""limit-refs"": ""1"", ""limit-tu"": ""3"", ""me"": ""full"", ""merange"": ""17"", ""open-gop"": ""0"", ""psy-rd"": ""1.5"", ""psy-rdoq"": ""4.5"", ""qcomp"": ""0.75"", ""qpmax"": ""22"", ""qpmin"": ""16"", ""rc-lookahead"": ""21"", ""rd"": ""6"", ""rdoq-level"": ""1"", ""rect"": ""1"", ""ref"": ""2"", ""rskip"": ""1"", ""sao"": ""0"", ""scenecut"": ""92"", ""subme"": ""3"", ""tu-inter-depth"": ""2"", ""tu-intra-depth"": ""2"", ""weightb"": ""1"", ""weightp"": ""1"", ""wpp"": ""1""}"
x265,hebo,7305,plain,false,19,19.62,12.51,19.62,12.985232830047607,"['Standard', '320p', 30, '10s']",0.0,12.985114812850952,0.0,"{""amp"": ""0"", ""aq-mode"": ""4"", ""aq-strength"": ""1.8"", ""b-adapt"": ""1"", ""bframes"": ""2"", ""crf"": ""22.0"", ""ctu"": ""64"", ""keyint"": ""189"", ""limit-refs"": ""3"", ""limit-tu"": ""0"", ""me"": ""umh"", ""merange"": ""36"", ""open-gop"": ""1"", ""psy-rd"": ""2.5"", ""psy-rdoq"": ""1.5"", ""qcomp"": ""0.7"", ""qpmax"": ""49"", ""qpmin"": ""14"", ""rc-lookahead"": ""35"", ""rd"": ""4"", ""rdoq-level"": ""2"", ""rect"": ""0"", ""ref"": ""3"", ""rskip"": ""0"", ""sao"": ""1"", ""scenecut"": ""16"", ""subme"": ""4"", ""tu-inter-depth"": ""4"", ""tu-intra-depth"": ""1"", ""weightb"": ""1"", ""weightp"": ""0"", ""wpp"": ""1""}"
x265,hebo,7305,plain,false,20,17.43,13.64,17.43,14.032987833023071,"['Standard', '320p', 30, '10s']",0.0,14.032905578613281,0.0,"{""amp"": ""1"", ""aq-mode"": ""1"", ""aq-strength"": ""0.5"", ""b-adapt"": ""2"", ""bframes"": ""8"", ""crf"": ""28.0"", ""ctu"": ""32"", ""keyint"": ""281"", ""limit-refs"": ""1"", ""limit-tu"": ""4"", ""me"": ""hex"", ""merange"": ""59"", ""open-gop"": ""0"", ""psy-rd"": ""1.0"", ""psy-rdoq"": ""3.0"", ""qcomp"": ""1.0"", ""qpmax"": ""28"", ""qpmin"": ""10"", ""rc-lookahead"": ""60"", ""rd"": ""3"", ""rdoq-level"": ""0"", ""rect"": ""1"", ""ref"": ""5"", ""rskip"": ""1"", ""sao"": ""0"", ""scenecut"": ""68"", ""subme"": ""3"", ""tu-inter-depth"": ""2"", ""tu-intra-depth"": ""4"", ""weightb"": ""0"", ""weightp"": ""1"", ""wpp"": ""0""}"
x265,hebo,7305,plain,false,21,10.55,19.63,10.55,20.01140308380127,"['Standard', '320p', 30, '10s']",0.0,20.011312007904053,0.0,"{""amp"": ""1"", ""aq-mode"": ""3"", ""aq-strength"": ""1.8"", ""b-adapt"": ""1"", ""bframes"": ""3"", ""crf"": ""22.0"", ""ctu"": ""32"", ""keyint"": ""345"", ""limit-refs"": ""0"", ""limit-tu"": ""3"", ""me"": ""dia"", ""merange"": ""52"", ""open-gop"": ""1"", ""psy-rd"": ""3.5"", ""psy-rdoq"": ""2.0"", ""qcomp"": ""0.6"", ""qpmax"": ""33"", ""qpmin"": ""5"", ""rc-lookahead"": ""24"", ""rd"": ""5"", ""rdoq-level"": ""0"", ""rect"": ""0"", ""ref"": ""2"", ""rskip"": ""1"", ""sao"": ""0"", ""scenecut"": ""4"", ""subme"": ""2"", ""tu-inter-depth"": ""1"", ""tu-intra-depth"": ""1"", ""weightb"": ""0"", ""weightp"": ""0"", ""wpp"": ""0""}"
x265,hebo,7305,plain,false,22,26.65,9.76,26.65,10.300894021987915,"['Standard', '320p', 30, '10s']",0.0,10.300805807113647,0.0,"{""amp"": ""0"", ""aq-mode"": ""2"", ""aq-strength"": ""0.0"", ""b-adapt"": ""2"", ""bframes"": ""7"", ""crf"": ""25.0"", ""ctu"": ""16"", ""keyint"": ""257"", ""limit-refs"": ""2"", ""limit-tu"": ""1"", ""me"": ""star"", ""merange"": ""25"", ""open-gop"": ""0"", ""psy-rd"": ""2.0"", ""psy-rdoq"": ""3.0"", ""qcomp"": ""0.8"", ""qpmax"": ""45"", ""qpmin"": ""11"", ""rc-lookahead"": ""49"", ""rd"": ""2"", ""rdoq-level"": ""2"", ""rect"": ""1"", ""ref"": ""5"", ""rskip"": ""0"", ""sao"": ""1"", ""scenecut"": ""50"", ""subme"": ""5"", ""tu-inter-depth"": ""3"", ""tu-intra-depth"": ""3"", ""weightb"": ""1"", ""weightp"": ""1"", ""wpp"": ""1""}"
x265,hebo,7305,plain,false,23,26.75,9.66,26.75,10.053497552871704,"['Standard', '320p', 30, '10s']",0.0,10.053404808044434,0.0,"{""amp"": ""0"", ""aq-mode"": ""3"", ""aq-strength"": ""1.2"", ""b-adapt"": ""0"", ""bframes"": ""6"", ""crf"": ""32.0"", ""ctu"": ""32"", ""keyint"": ""68"", ""limit-refs"": ""1"", ""limit-tu"": ""2"", ""me"": ""star"", ""merange"": ""33"", ""open-gop"": ""1"", ""psy-rd"": ""2.0"", ""psy-rdoq"": ""0.5"", ""qcomp"": ""0.7"", ""qpmax"": ""25"", ""qpmin"": ""18"", ""rc-lookahead"": ""38"", ""rd"": ""3"", ""rdoq-level"": ""1"", ""rect"": ""0"", ""ref"": ""4"", ""rskip"": ""1"", ""sao"": ""0"", ""scenecut"": ""30"", ""subme"": ""4"", ""tu-inter-depth"": ""2"", ""tu-intra-depth"": ""3"", ""weightb"": ""1"", ""weightp"": ""0"", ""wpp"": ""1""}"
x265,hebo,7305,plain,false,24,2.51,40.56,2.51,40.950382709503174,"['Standard', '320p', 30, '10s']",0.0,40.95028281211853,0.0,"{""amp"": ""1"", ""aq-mode"": ""0"", ""aq-strength"": ""1.0"", ""b-adapt"": ""1"", ""bframes"": ""0"", ""crf"": ""18.0"", ""ctu"": ""64"", ""keyint"": ""394"", ""limit-refs"": ""2"", ""limit-tu"": ""2"", ""me"": ""umh"", ""merange"": ""55"", ""open-gop"": ""0"", ""psy-rd"": ""0.5"", ""psy-rdoq"": ""4.5"", ""qcomp"": ""0.9"", ""qpmax"": ""36"", ""qpmin"": ""3"", ""rc-lookahead"": ""13"", ""rd"": ""4"", ""rdoq-level"": ""1"", ""rect"": ""1"", ""ref"": ""2"", ""rskip"": ""0"", ""sao"": ""1"", ""scenecut"": ""77"", ""subme"": ""1"", ""tu-inter-depth"": ""3"", ""tu-intra-depth"": ""2"", ""weightb"": ""0"", ""weightp"": ""1"", ""wpp"": ""0""}"
x265,hebo,7305,plain,false,25,49.89,5.62,49.89,6.015000343322754,"['Standard', '320p', 30, '10s']",0.0,6.014905691146851,0.0,"{""amp"": ""1"", ""aq-mode"": ""4"", ""aq-strength"": ""1.0"", ""b-adapt"": ""1"", ""bframes"": ""4"", ""crf"": ""30.0"", ""ctu"": ""16"", ""keyint"": ""480"", ""limit-refs"": ""0"", ""limit-tu"": ""1"", ""me"": ""star"", ""merange"": ""61"", ""open-gop"": ""1"", ""psy-rd"": ""1.5"", ""psy-rdoq"": ""2.0"", ""qcomp"": ""0.9"", ""qpmax"": ""35"", ""qpmin"": ""13"", ""rc-lookahead"": ""14"", ""rd"": ""3"", ""rdoq-level"": ""2"", ""rect"": ""0"", ""ref"": ""3"", ""rskip"": ""1"", ""sao"": ""0"", ""scenecut"": ""57"", ""subme"": ""3"", ""tu-inter-depth"": ""1"", ""tu-intra-depth"": ""2"", ""weightb"": ""1"", ""weightp"": ""0"", ""wpp"": ""1""}"
x265,hebo,7305,plain,false,26,23.12,10.9,23.12,11.28655219078064,"['Standard', '320p', 30, '10s']",0.0,11.286460876464844,0.0,"{""amp"": ""0"", ""aq-mode"": ""1"", ""aq-strength"": ""1.2"", ""b-adapt"": ""2"", ""bframes"": ""6"", ""crf"": ""20.0"", ""ctu"": ""32"", ""keyint"": ""93"", ""limit-refs"": ""2"", ""limit-tu"": ""3"", ""me"": ""umh"", ""merange"": ""40"", ""open-gop"": ""0"", ""psy-rd"": ""4.0"", ""psy-rdoq"": ""3.5"", ""qcomp"": ""0.75"", ""qpmax"": ""46"", ""qpmin"": ""8"", ""rc-lookahead"": ""40"", ""rd"": ""4"", ""rdoq-level"": ""0"", ""rect"": ""1"", ""ref"": ""5"", ""rskip"": ""0"", ""sao"": ""1"", ""scenecut"": ""11"", ""subme"": ""2"", ""tu-inter-depth"": ""4"", ""tu-intra-depth"": ""4"", ""weightb"": ""0"", ""weightp"": ""1"", ""wpp"": ""0""}"
x265,hebo,7305,plain,false,27,2.92,38.5,2.92,38.8993501663208,"['Standard', '320p', 30, '10s']",0.0,38.89924764633179,0.0,"{""amp"": ""0"", ""aq-mode"": ""2"", ""aq-strength"": ""0.8"", ""b-adapt"": ""0"", ""bframes"": ""5"", ""crf"": ""22.0"", ""ctu"": ""64"", ""keyint"": ""171"", ""limit-refs"": ""1"", ""limit-tu"": ""2"", ""me"": ""dia"", ""merange"": ""20"", ""open-gop"": ""1"", ""psy-rd"": ""0.0"", ""psy-rdoq"": ""0.5"", ""qcomp"": ""0.8"", ""qpmax"": ""26"", ""qpmin"": ""1"", ""rc-lookahead"": ""51"", ""rd"": ""6"", ""rdoq-level"": ""1"", ""rect"": ""0"", ""ref"": ""4"", ""rskip"": ""1"", ""sao"": ""0"", ""scenecut"": ""84"", ""subme"": ""3"", ""tu-inter-depth"": ""2"", ""tu-intra-depth"": ""3"", ""weightb"": ""0"", ""weightp"": ""0"", ""wpp"": ""0""}"
x265,hebo,7305,plain,false,28,72.14,4.02,72.14,4.416505575180054,"['Standard', '320p', 30, '10s']",0.0,4.416417598724365,0.0,"{""amp"": ""1"", ""aq-mode"": ""1"", ""aq-strength"": ""1.5"", ""b-adapt"": ""1"", ""bframes"": ""1"", ""crf"": ""28.0"", ""ctu"": ""32"", ""keyint"": ""321"", ""limit-refs"": ""2"", ""limit-tu"": ""2"", ""me"": ""star"", ""merange"": ""46"", ""open-gop"": ""0"", ""psy-rd"": ""2.5"", ""psy-rdoq"": ""4.0"", ""qcomp"": ""0.5"", ""qpmax"": ""39"", ""qpmin"": ""15"", ""rc-lookahead"": ""26"", ""rd"": ""1"", ""rdoq-level"": ""1"", ""rect"": ""1"", ""ref"": ""1"", ""rskip"": ""0"", ""sao"": ""1"", ""scenecut"": ""37"", ""subme"": ""4"", ""tu-inter-depth"": ""3"", ""tu-intra-depth"": ""2"", ""weightb"": ""1"", ""weightp"": ""1"", ""wpp"": ""1""}"
x265,hebo,7305,plain,false,29,5.76,28.34,5.76,28.725024461746216,"['Standard', '320p', 30, '10s']",0.0,28.72489094734192,0.0,"{""amp"": ""1"", ""aq-mode"": ""3"", ""aq-strength"": ""0.0"", ""b-adapt"": ""0"", ""bframes"": ""4"", ""crf"": ""25.0"", ""ctu"": ""32"", ""keyint"": ""371"", ""limit-refs"": ""2"", ""limit-tu"": ""3"", ""me"": ""umh"", ""merange"": ""53"", ""open-gop"": ""1"", ""psy-rd"": ""1.0"", ""psy-rdoq"": ""0.5"", ""qcomp"": ""0.9"", ""qpmax"": ""43"", ""qpmin"": ""20"", ""rc-lookahead"": ""55"", ""rd"": ""5"", ""rdoq-level"": ""1"", ""rect"": ""0"", ""ref"": ""4"", ""rskip"": ""0"", ""sao"": ""1"", ""scenecut"": ""97"", ""subme"": ""5"", ""tu-inter-depth"": ""3"", ""tu-intra-depth"": ""3"", ""weightb"": ""1"", ""weightp"": ""0"", ""wpp"": ""1""}"
x265,hebo,7305,plain,false,30,18.22,13.18,18.22,13.58147120475769,"['Standard', '320p', 30, '10s']",0.0,13.58138370513916,0.0,"{""amp"": ""0"", ""aq-mode"": ""0"", ""aq-strength"": ""2.0"", ""b-adapt"": ""1"", ""bframes"": ""2"", ""crf"": ""25.0"", ""ctu"": ""16"", ""keyint"": ""225"", ""limit-refs"": ""1"", ""limit-tu"": ""1"", ""me"": ""hex"", ""merange"": ""30"", ""open-gop"": ""0"", ""psy-rd"": ""3.5"", ""psy-rdoq"": ""4.5"", ""qcomp"": ""0.7"", ""qpmax"": ""22"", ""qpmin"": ""4"", ""rc-lookahead"": ""30"", ""rd"": ""3"", ""rdoq-level"": ""1"", ""rect"": ""1"", ""ref"": ""2"", ""rskip"": ""1"", ""sao"": ""0"", ""scenecut"": ""44"", ""subme"": ""2"", ""tu-inter-depth"": ""2"", ""tu-intra-depth"": ""2"", ""weightb"": ""0"", ""weightp"": ""1"", ""wpp"": ""0""}"
x265,hebo,7305,plain,false,31,40.90,6.7,40.90,7.097569942474365,"['Standard', '320p', 30, '10s']",0.0,7.097457408905029,0.0,"{""amp"": ""1"", ""aq-mode"": ""2"", ""aq-strength"": ""1.8"", ""b-adapt"": ""0"", ""bframes"": ""1"", ""crf"": ""32.0"", ""ctu"": ""16"", ""keyint"": ""310"", ""limit-refs"": ""1"", ""limit-tu"": ""2"", ""me"": ""star"", ""merange"": ""46"", ""open-gop"": ""0"", ""psy-rd"": ""2.5"", ""psy-rdoq"": ""1.0"", ""qcomp"": ""0.75"", ""qpmax"": ""24"", ""qpmin"": ""0"", ""rc-lookahead"": ""26"", ""rd"": ""1"", ""rdoq-level"": ""1"", ""rect"": ""0"", ""ref"": ""1"", ""rskip"": ""0"", ""sao"": ""1"", ""scenecut"": ""38"", ""subme"": ""1"", ""tu-inter-depth"": ""3"", ""tu-intra-depth"": ""2"", ""weightb"": ""1"", ""weightp"": ""0"", ""wpp"": ""0""}"
x265,hebo,7305,plain,false,32,6.57,26.35,6.57,26.926077127456665,"['Standard', '320p', 30, '10s']",0.0,26.92595863342285,0.0,"{""amp"": ""1"", ""aq-mode"": ""2"", ""aq-strength"": ""0.0"", ""b-adapt"": ""2"", ""bframes"": ""5"", ""crf"": ""25.0"", ""ctu"": ""32"", ""keyint"": ""291"", ""limit-refs"": ""0"", ""limit-tu"": ""2"", ""me"": ""hex"", ""merange"": ""27"", ""open-gop"": ""0"", ""psy-rd"": ""2.5"", ""psy-rdoq"": ""2.5"", ""qcomp"": ""0.5"", ""qpmax"": ""44"", ""qpmin"": ""11"", ""rc-lookahead"": ""42"", ""rd"": ""5"", ""rdoq-level"": ""0"", ""rect"": ""1"", ""ref"": ""3"", ""rskip"": ""1"", ""sao"": ""0"", ""scenecut"": ""8"", ""subme"": ""5"", ""tu-inter-depth"": ""4"", ""tu-intra-depth"": ""2"", ""weightb"": ""0"", ""weightp"": ""1"", ""wpp"": ""1""}"
x265,hebo,7305,plain,false,33,32.92,8.1,32.92,8.486630916595459,"['Standard', '320p', 30, '10s']",0.0,8.486538648605347,0.0,"{""amp"": ""1"", ""aq-mode"": ""4"", ""aq-strength"": ""0.5"", ""b-adapt"": ""0"", ""bframes"": ""2"", ""crf"": ""20.0"", ""ctu"": ""32"", ""keyint"": ""81"", ""limit-refs"": ""0"", ""limit-tu"": ""1"", ""me"": ""umh"", ""merange"": ""45"", ""open-gop"": ""0"", ""psy-rd"": ""1.5"", ""psy-rdoq"": ""2.5"", ""qcomp"": ""0.8"", ""qpmax"": ""30"", ""qpmin"": ""19"", ""rc-lookahead"": ""32"", ""rd"": ""1"", ""rdoq-level"": ""1"", ""rect"": ""0"", ""ref"": ""4"", ""rskip"": ""1"", ""sao"": ""0"", ""scenecut"": ""68"", ""subme"": ""1"", ""tu-inter-depth"": ""2"", ""tu-intra-depth"": ""3"", ""weightb"": ""0"", ""weightp"": ""0"", ""wpp"": ""1""}"
x265,hebo,7305,plain,false,34,19.22,12.64,19.22,13.029585599899292,"['Standard', '320p', 30, '10s']",0.0,13.02948784828186,0.0,"{""amp"": ""1"", ""aq-mode"": ""1"", ""aq-strength"": ""0.0"", ""b-adapt"": ""1"", ""bframes"": ""4"", ""crf"": ""22.0"", ""ctu"": ""32"", ""keyint"": ""446"", ""limit-refs"": ""3"", ""limit-tu"": ""4"", ""me"": ""dia"", ""merange"": ""34"", ""open-gop"": ""0"", ""psy-rd"": ""1.5"", ""psy-rdoq"": ""5.0"", ""qcomp"": ""0.6"", ""qpmax"": ""46"", ""qpmin"": ""4"", ""rc-lookahead"": ""54"", ""rd"": ""3"", ""rdoq-level"": ""1"", ""rect"": ""1"", ""ref"": ""6"", ""rskip"": ""1"", ""sao"": ""0"", ""scenecut"": ""41"", ""subme"": ""2"", ""tu-inter-depth"": ""3"", ""tu-intra-depth"": ""4"", ""weightb"": ""0"", ""weightp"": ""0"", ""wpp"": ""0""}"
x265,hebo,7305,plain,false,35,14.74,15.48,14.74,15.867595195770264,"['Standard', '320p', 30, '10s']",0.0,15.867492914199829,0.0,"{""amp"": ""1"", ""aq-mode"": ""0"", ""aq-strength"": ""0.5"", ""b-adapt"": ""1"", ""bframes"": ""1"", ""crf"": ""30.0"", ""ctu"": ""32"", ""keyint"": ""202"", ""limit-refs"": ""0"", ""limit-tu"": ""3"", ""me"": ""star"", ""merange"": ""64"", ""open-gop"": ""1"", ""psy-rd"": ""3.5"", ""psy-rdoq"": ""0.5"", ""qcomp"": ""1.0"", ""qpmax"": ""35"", ""qpmin"": ""5"", ""rc-lookahead"": ""29"", ""rd"": ""3"", ""rdoq-level"": ""2"", ""rect"": ""1"", ""ref"": ""4"", ""rskip"": ""0"", ""sao"": ""1"", ""scenecut"": ""7"", ""subme"": ""4"", ""tu-inter-depth"": ""4"", ""tu-intra-depth"": ""3"", ""weightb"": ""1"", ""weightp"": ""1"", ""wpp"": ""1""}"
x265,hebo,7305,plain,false,36,6.32,27.01,6.32,27.403223752975464,"['Standard', '320p', 30, '10s']",0.0,27.4031183719635,0.0,"{""amp"": ""1"", ""aq-mode"": ""2"", ""aq-strength"": ""2.0"", ""b-adapt"": ""1"", ""bframes"": ""8"", ""crf"": ""32.0"", ""ctu"": ""64"", ""keyint"": ""314"", ""limit-refs"": ""0"", ""limit-tu"": ""3"", ""me"": ""hex"", ""merange"": ""59"", ""open-gop"": ""1"", ""psy-rd"": ""0.5"", ""psy-rdoq"": ""3.0"", ""qcomp"": ""0.7"", ""qpmax"": ""50"", ""qpmin"": ""19"", ""rc-lookahead"": ""36"", ""rd"": ""5"", ""rdoq-level"": ""1"", ""rect"": ""0"", ""ref"": ""6"", ""rskip"": ""1"", ""sao"": ""1"", ""scenecut"": ""93"", ""subme"": ""5"", ""tu-inter-depth"": ""3"", ""tu-intra-depth"": ""4"", ""weightb"": ""1"", ""weightp"": ""1"", ""wpp"": ""0""}"
x265,hebo,7305,plain,false,37,45.96,6.05,45.96,6.441951513290405,"['Standard', '320p', 30, '10s']",0.0,6.441853284835815,0.0,"{""amp"": ""1"", ""aq-mode"": ""1"", ""aq-strength"": ""2.0"", ""b-adapt"": ""0"", ""bframes"": ""1"", ""crf"": ""32.0"", ""ctu"": ""64"", ""keyint"": ""321"", ""limit-refs"": ""1"", ""limit-tu"": ""0"", ""me"": ""star"", ""merange"": ""46"", ""open-gop"": ""0"", ""psy-rd"": ""4.0"", ""psy-rdoq"": ""5.0"", ""qcomp"": ""1.0"", ""qpmax"": ""39"", ""qpmin"": ""15"", ""rc-lookahead"": ""25"", ""rd"": ""1"", ""rdoq-level"": ""1"", ""rect"": ""0"", ""ref"": ""1"", ""rskip"": ""0"", ""sao"": ""1"", ""scenecut"": ""74"", ""subme"": ""4"", ""tu-inter-depth"": ""3"", ""tu-intra-depth"": ""2"", ""weightb"": ""0"", ""weightp"": ""0"", ""wpp"": ""1""}"
x265,hebo,7305,plain,false,38,13.03,16.95,13.03,17.341039419174194,"['Standard', '320p', 30, '10s']",0.0,17.34094500541687,0.0,"{""amp"": ""0"", ""aq-mode"": ""2"", ""aq-strength"": ""0.8"", ""b-adapt"": ""2"", ""bframes"": ""7"", ""crf"": ""30.0"", ""ctu"": ""16"", ""keyint"": ""469"", ""limit-refs"": ""3"", ""limit-tu"": ""2"", ""me"": ""hex"", ""merange"": ""51"", ""open-gop"": ""1"", ""psy-rd"": ""1.0"", ""psy-rdoq"": ""5.0"", ""qcomp"": ""0.75"", ""qpmax"": ""41"", ""qpmin"": ""14"", ""rc-lookahead"": ""55"", ""rd"": ""6"", ""rdoq-level"": ""2"", ""rect"": ""0"", ""ref"": ""5"", ""rskip"": ""1"", ""sao"": ""0"", ""scenecut"": ""24"", ""subme"": ""3"", ""tu-inter-depth"": ""3"", ""tu-intra-depth"": ""1"", ""weightb"": ""0"", ""weightp"": ""0"", ""wpp"": ""0""}"
x265,hebo,7305,plain,false,39,46.88,5.94,46.88,6.325917720794678,"['Standard', '320p', 30, '10s']",0.0,6.325820446014404,0.0,"{""amp"": ""1"", ""aq-mode"": ""1"", ""aq-strength"": ""0.0"", ""b-adapt"": ""1"", ""bframes"": ""6"", ""crf"": ""30.0"", ""ctu"": ""16"", ""keyint"": ""292"", ""limit-refs"": ""3"", ""limit-tu"": ""2"", ""me"": ""dia"", ""merange"": ""47"", ""open-gop"": ""1"", ""psy-rd"": ""3.5"", ""psy-rdoq"": ""1.5"", ""qcomp"": ""0.9"", ""qpmax"": ""23"", ""qpmin"": ""1"", ""rc-lookahead"": ""41"", ""rd"": ""1"", ""rdoq-level"": ""0"", ""rect"": ""1"", ""ref"": ""4"", ""rskip"": ""0"", ""sao"": ""1"", ""scenecut"": ""72"", ""subme"": ""5"", ""tu-inter-depth"": ""2"", ""tu-intra-depth"": ""1"", ""weightb"": ""1"", ""weightp"": ""1"", ""wpp"": ""1""}"
x265,hebo,7305,plain,false,40,5.54,28.94,5.54,29.329408168792725,"['Standard', '320p', 30, '10s']",0.0,29.32931160926819,0.0,"{""amp"": ""1"", ""aq-mode"": ""4"", ""aq-strength"": ""1.5"", ""b-adapt"": ""2"", ""bframes"": ""7"", ""crf"": ""22.0"", ""ctu"": ""16"", ""keyint"": ""267"", ""limit-refs"": ""2"", ""limit-tu"": ""0"", ""me"": ""dia"", ""merange"": ""37"", ""open-gop"": ""1"", ""psy-rd"": ""1.5"", ""psy-rdoq"": ""2.5"", ""qcomp"": ""0.6"", ""qpmax"": ""42"", ""qpmin"": ""13"", ""rc-lookahead"": ""42"", ""rd"": ""5"", ""rdoq-level"": ""2"", ""rect"": ""1"", ""ref"": ""6"", ""rskip"": ""1"", ""sao"": ""1"", ""scenecut"": ""54"", ""subme"": ""4"", ""tu-inter-depth"": ""3"", ""tu-intra-depth"": ""3"", ""weightb"": ""1"", ""weightp"": ""0"", ""wpp"": ""0""}"
x265,hebo,7305,plain,false,41,44.05,6.28,44.05,6.682393550872803,"['Standard', '320p', 30, '10s']",0.0,6.6822967529296875,0.0,"{""amp"": ""1"", ""aq-mode"": ""1"", ""aq-strength"": ""2.0"", ""b-adapt"": ""1"", ""bframes"": ""7"", ""crf"": ""32.0"", ""ctu"": ""64"", ""keyint"": ""495"", ""limit-refs"": ""2"", ""limit-tu"": ""4"", ""me"": ""full"", ""merange"": ""62"", ""open-gop"": ""1"", ""psy-rd"": ""4.0"", ""psy-rdoq"": ""5.0"", ""qcomp"": ""1.0"", ""qpmax"": ""48"", ""qpmin"": ""18"", ""rc-lookahead"": ""27"", ""rd"": ""1"", ""rdoq-level"": ""1"", ""rect"": ""1"", ""ref"": ""1"", ""rskip"": ""1"", ""sao"": ""0"", ""scenecut"": ""30"", ""subme"": ""5"", ""tu-inter-depth"": ""3"", ""tu-intra-depth"": ""4"", ""weightb"": ""1"", ""weightp"": ""1"", ""wpp"": ""1""}"
x265,hebo,7305,plain,false,42,5.51,29.02,5.51,29.41955804824829,"['Standard', '320p', 30, '10s']",0.0,29.419438123703003,0.0,"{""amp"": ""0"", ""aq-mode"": ""2"", ""aq-strength"": ""1.0"", ""b-adapt"": ""2"", ""bframes"": ""7"", ""crf"": ""28.0"", ""ctu"": ""64"", ""keyint"": ""148"", ""limit-refs"": ""1"", ""limit-tu"": ""0"", ""me"": ""hex"", ""merange"": ""47"", ""open-gop"": ""1"", ""psy-rd"": ""1.5"", ""psy-rdoq"": ""2.5"", ""qcomp"": ""0.9"", ""qpmax"": ""22"", ""qpmin"": ""16"", ""rc-lookahead"": ""52"", ""rd"": ""6"", ""rdoq-level"": ""0"", ""rect"": ""1"", ""ref"": ""3"", ""rskip"": ""1"", ""sao"": ""0"", ""scenecut"": ""37"", ""subme"": ""2"", ""tu-inter-depth"": ""1"", ""tu-intra-depth"": ""2"", ""weightb"": ""0"", ""weightp"": ""1"", ""wpp"": ""1""}"
x265,hebo,7305,plain,false,43,50.97,5.51,50.97,5.898527145385742,"['Standard', '320p', 30, '10s']",0.0,5.898432731628418,0.0,"{""amp"": ""1"", ""aq-mode"": ""3"", ""aq-strength"": ""1.0"", ""b-adapt"": ""0"", ""bframes"": ""3"", ""crf"": ""30.0"", ""ctu"": ""16"", ""keyint"": ""238"", ""limit-refs"": ""1"", ""limit-tu"": ""2"", ""me"": ""star"", ""merange"": ""55"", ""open-gop"": ""0"", ""psy-rd"": ""2.5"", ""psy-rdoq"": ""1.0"", ""qcomp"": ""0.7"", ""qpmax"": ""48"", ""qpmin"": ""16"", ""rc-lookahead"": ""18"", ""rd"": ""4"", ""rdoq-level"": ""2"", ""rect"": ""1"", ""ref"": ""3"", ""rskip"": ""1"", ""sao"": ""1"", ""scenecut"": ""27"", ""subme"": ""2"", ""tu-inter-depth"": ""3"", ""tu-intra-depth"": ""3"", ""weightb"": ""0"", ""weightp"": ""0"", ""wpp"": ""0""}"
x265,hebo,7305,plain,false,44,44.40,6.24,44.40,6.634764194488525,"['Standard', '320p', 30, '10s']",0.0,6.634669542312622,0.0,"{""amp"": ""1"", ""aq-mode"": ""0"", ""aq-strength"": ""1.2"", ""b-adapt"": ""0"", ""bframes"": ""5"", ""crf"": ""20.0"", ""ctu"": ""16"", ""keyint"": ""216"", ""limit-refs"": ""1"", ""limit-tu"": ""3"", ""me"": ""hex"", ""merange"": ""55"", ""open-gop"": ""0"", ""psy-rd"": ""3.0"", ""psy-rdoq"": ""0.0"", ""qcomp"": ""0.9"", ""qpmax"": ""32"", ""qpmin"": ""8"", ""rc-lookahead"": ""53"", ""rd"": ""1"", ""rdoq-level"": ""2"", ""rect"": ""0"", ""ref"": ""6"", ""rskip"": ""0"", ""sao"": ""1"", ""scenecut"": ""100"", ""subme"": ""2"", ""tu-inter-depth"": ""3"", ""tu-intra-depth"": ""3"", ""weightb"": ""1"", ""weightp"": ""1"", ""wpp"": ""0""}"
x265,hebo,7305,plain,false,45,18.80,12.85,18.80,13.256267786026001,"['Standard', '320p', 30, '10s']",0.0,13.256149530410767,0.0,"{""amp"": ""0"", ""aq-mode"": ""0"", ""aq-strength"": ""0.0"", ""b-adapt"": ""0"", ""bframes"": ""0"", ""crf"": ""18.0"", ""ctu"": ""32"", ""keyint"": ""94"", ""limit-refs"": ""3"", ""limit-tu"": ""2"", ""me"": ""umh"", ""merange"": ""26"", ""open-gop"": ""0"", ""psy-rd"": ""2.0"", ""psy-rdoq"": ""3.5"", ""qcomp"": ""0.5"", ""qpmax"": ""30"", ""qpmin"": ""1"", ""rc-lookahead"": ""33"", ""rd"": ""2"", ""rdoq-level"": ""1"", ""rect"": ""1"", ""ref"": ""1"", ""rskip"": ""0"", ""sao"": ""0"", ""scenecut"": ""60"", ""subme"": ""2"", ""tu-inter-depth"": ""3"", ""tu-intra-depth"": ""2"", ""weightb"": ""1"", ""weightp"": ""0"", ""wpp"": ""1""}"
x265,hebo,7305,plain,false,46,4.92,30.72,4.92,31.132482290267944,"['Standard', '320p', 30, '10s']",0.0,31.132377862930298,0.0,"{""amp"": ""1"", ""aq-mode"": ""3"", ""aq-strength"": ""2.0"", ""b-adapt"": ""2"", ""bframes"": ""5"", ""crf"": ""18.0"", ""ctu"": ""32"", ""keyint"": ""474"", ""limit-refs"": ""2"", ""limit-tu"": ""3"", ""me"": ""full"", ""merange"": ""35"", ""open-gop"": ""1"", ""psy-rd"": ""4.0"", ""psy-rdoq"": ""2.5"", ""qcomp"": ""0.9"", ""qpmax"": ""25"", ""qpmin"": ""12"", ""rc-lookahead"": ""54"", ""rd"": ""3"", ""rdoq-level"": ""1"", ""rect"": ""0"", ""ref"": ""4"", ""rskip"": ""1"", ""sao"": ""0"", ""scenecut"": ""46"", ""subme"": ""3"", ""tu-inter-depth"": ""2"", ""tu-intra-depth"": ""1"", ""weightb"": ""1"", ""weightp"": ""1"", ""wpp"": ""1""}"
x265,hebo,7305,plain,false,47,0.78,52.66,0.78,53.05146074295044,"['Standard', '320p', 30, '10s']",0.0,53.05136322975159,0.0,"{""amp"": ""0"", ""aq-mode"": ""0"", ""aq-strength"": ""0.0"", ""b-adapt"": ""1"", ""bframes"": ""8"", ""crf"": ""22.0"", ""ctu"": ""64"", ""keyint"": ""317"", ""limit-refs"": ""0"", ""limit-tu"": ""1"", ""me"": ""star"", ""merange"": ""25"", ""open-gop"": ""1"", ""psy-rd"": ""2.5"", ""psy-rdoq"": ""2.5"", ""qcomp"": ""0.75"", ""qpmax"": ""48"", ""qpmin"": ""18"", ""rc-lookahead"": ""55"", ""rd"": ""5"", ""rdoq-level"": ""2"", ""rect"": ""0"", ""ref"": ""2"", ""rskip"": ""1"", ""sao"": ""1"", ""scenecut"": ""20"", ""subme"": ""2"", ""tu-inter-depth"": ""1"", ""tu-intra-depth"": ""2"", ""weightb"": ""1"", ""weightp"": ""0"", ""wpp"": ""0""}"
x265,hebo,7305,plain,false,48,48.83,5.73,48.83,6.135981798171997,"['Standard', '320p', 30, '10s']",0.0,6.135888576507568,0.0,"{""amp"": ""0"", ""aq-mode"": ""1"", ""aq-strength"": ""1.5"", ""b-adapt"": ""0"", ""bframes"": ""8"", ""crf"": ""22.0"", ""ctu"": ""16"", ""keyint"": ""318"", ""limit-refs"": ""0"", ""limit-tu"": ""0"", ""me"": ""hex"", ""merange"": ""18"", ""open-gop"": ""0"", ""psy-rd"": ""0.0"", ""psy-rdoq"": ""1.5"", ""qcomp"": ""0.7"", ""qpmax"": ""27"", ""qpmin"": ""9"", ""rc-lookahead"": ""35"", ""rd"": ""1"", ""rdoq-level"": ""0"", ""rect"": ""1"", ""ref"": ""1"", ""rskip"": ""0"", ""sao"": ""0"", ""scenecut"": ""86"", ""subme"": ""2"", ""tu-inter-depth"": ""3"", ""tu-intra-depth"": ""2"", ""weightb"": ""1"", ""weightp"": ""1"", ""wpp"": ""0""}"
x265,hebo,7305,plain,false,49,2.95,38.32,2.95,38.74102735519409,"['Standard', '320p', 30, '10s']",0.0,38.74092888832092,0.0,"{""amp"": ""1"", ""aq-mode"": ""3"", ""aq-strength"": ""0.5"", ""b-adapt"": ""2"", ""bframes"": ""8"", ""crf"": ""32.0"", ""ctu"": ""64"", ""keyint"": ""192"", ""limit-refs"": ""2"", ""limit-tu"": ""4"", ""me"": ""star"", ""merange"": ""23"", ""open-gop"": ""1"", ""psy-rd"": ""4.0"", ""psy-rdoq"": ""1.0"", ""qcomp"": ""1.0"", ""qpmax"": ""41"", ""qpmin"": ""9"", ""rc-lookahead"": ""54"", ""rd"": ""5"", ""rdoq-level"": ""2"", ""rect"": ""1"", ""ref"": ""6"", ""rskip"": ""1"", ""sao"": ""1"", ""scenecut"": ""70"", ""subme"": ""5"", ""tu-inter-depth"": ""1"", ""tu-intra-depth"": ""1"", ""weightb"": ""1"", ""weightp"": ""0"", ""wpp"": ""0""}"
x265,hebo,7305,plain,false,50,-3.18,167.48,-3.18,167.87821769714355,"['Standard', '320p', 30, '10s']",0.0,167.87809371948242,0.0,"{""amp"": ""0"", ""aq-mode"": ""4"", ""aq-strength"": ""2.0"", ""b-adapt"": ""0"", ""bframes"": ""6"", ""crf"": ""22.0"", ""ctu"": ""16"", ""keyint"": ""387"", ""limit-refs"": ""1"", ""limit-tu"": ""3"", ""me"": ""full"", ""merange"": ""51"", ""open-gop"": ""0"", ""psy-rd"": ""2.0"", ""psy-rdoq"": ""4.5"", ""qcomp"": ""0.7"", ""qpmax"": ""43"", ""qpmin"": ""9"", ""rc-lookahead"": ""25"", ""rd"": ""6"", ""rdoq-level"": ""2"", ""rect"": ""1"", ""ref"": ""5"", ""rskip"": ""1"", ""sao"": ""1"", ""scenecut"": ""77"", ""subme"": ""1"", ""tu-inter-depth"": ""3"", ""tu-intra-depth"": ""1"", ""weightb"": ""1"", ""weightp"": ""0"", ""wpp"": ""0""}"
x265,hebo,7305,plain,false,51,-1.07,77.44,-1.07,77.83332562446594,"['Standard', '320p', 30, '10s']",0.0,77.83322072029114,0.0,"{""amp"": ""1"", ""aq-mode"": ""2"", ""aq-strength"": ""0.5"", ""b-adapt"": ""0"", ""bframes"": ""4"", ""crf"": ""22.0"", ""ctu"": ""64"", ""keyint"": ""291"", ""limit-refs"": ""0"", ""limit-tu"": ""1"", ""me"": ""star"", ""merange"": ""55"", ""open-gop"": ""1"", ""psy-rd"": ""1.0"", ""psy-rdoq"": ""3.0"", ""qcomp"": ""1.0"", ""qpmax"": ""38"", ""qpmin"": ""6"", ""rc-lookahead"": ""59"", ""rd"": ""5"", ""rdoq-level"": ""1"", ""rect"": ""1"", ""ref"": ""5"", ""rskip"": ""0"", ""sao"": ""1"", ""scenecut"": ""38"", ""subme"": ""1"", ""tu-inter-depth"": ""2"", ""tu-intra-depth"": ""3"", ""weightb"": ""1"", ""weightp"": ""1"", ""wpp"": ""1""}"
x265,hebo,7305,plain,false,52,16.44,14.26,16.44,14.870091438293457,"['Standard', '320p', 30, '10s']",0.0,14.869982481002808,0.0,"{""amp"": ""0"", ""aq-mode"": ""2"", ""aq-strength"": ""0.5"", ""b-adapt"": ""0"", ""bframes"": ""0"", ""crf"": ""20.0"", ""ctu"": ""16"", ""keyint"": ""455"", ""limit-refs"": ""2"", ""limit-tu"": ""1"", ""me"": ""full"", ""merange"": ""39"", ""open-gop"": ""0"", ""psy-rd"": ""3.0"", ""psy-rdoq"": ""2.5"", ""qcomp"": ""0.5"", ""qpmax"": ""48"", ""qpmin"": ""15"", ""rc-lookahead"": ""30"", ""rd"": ""2"", ""rdoq-level"": ""2"", ""rect"": ""0"", ""ref"": ""1"", ""rskip"": ""0"", ""sao"": ""0"", ""scenecut"": ""78"", ""subme"": ""5"", ""tu-inter-depth"": ""2"", ""tu-intra-depth"": ""1"", ""weightb"": ""0"", ""weightp"": ""0"", ""wpp"": ""0""}"
x265,hebo,7305,plain,false,53,21.55,11.53,21.55,11.913304805755615,"['Standard', '320p', 30, '10s']",0.0,11.91320538520813,0.0,"{""amp"": ""0"", ""aq-mode"": ""3"", ""aq-strength"": ""0.8"", ""b-adapt"": ""1"", ""bframes"": ""7"", ""crf"": ""32.0"", ""ctu"": ""32"", ""keyint"": ""365"", ""limit-refs"": ""3"", ""limit-tu"": ""0"", ""me"": ""full"", ""merange"": ""39"", ""open-gop"": ""0"", ""psy-rd"": ""1.5"", ""psy-rdoq"": ""3.0"", ""qcomp"": ""1.0"", ""qpmax"": ""47"", ""qpmin"": ""16"", ""rc-lookahead"": ""29"", ""rd"": ""2"", ""rdoq-level"": ""1"", ""rect"": ""1"", ""ref"": ""6"", ""rskip"": ""1"", ""sao"": ""1"", ""scenecut"": ""44"", ""subme"": ""2"", ""tu-inter-depth"": ""1"", ""tu-intra-depth"": ""2"", ""weightb"": ""0"", ""weightp"": ""1"", ""wpp"": ""1""}"
x265,hebo,7305,plain,false,54,58.00,4.91,58.00,5.295255899429321,"['Standard', '320p', 30, '10s']",0.0,5.295161247253418,0.0,"{""amp"": ""1"", ""aq-mode"": ""0"", ""aq-strength"": ""1.0"", ""b-adapt"": ""1"", ""bframes"": ""6"", ""crf"": ""30.0"", ""ctu"": ""16"", ""keyint"": ""150"", ""limit-refs"": ""1"", ""limit-tu"": ""1"", ""me"": ""umh"", ""merange"": ""59"", ""open-gop"": ""0"", ""psy-rd"": ""1.5"", ""psy-rdoq"": ""4.5"", ""qcomp"": ""0.6"", ""qpmax"": ""35"", ""qpmin"": ""15"", ""rc-lookahead"": ""58"", ""rd"": ""4"", ""rdoq-level"": ""1"", ""rect"": ""0"", ""ref"": ""4"", ""rskip"": ""1"", ""sao"": ""1"", ""scenecut"": ""82"", ""subme"": ""1"", ""tu-inter-depth"": ""3"", ""tu-intra-depth"": ""3"", ""weightb"": ""1"", ""weightp"": ""1"", ""wpp"": ""1""}"
x265,hebo,7305,plain,false,55,25.26,10.13,25.26,10.527076244354248,"['Standard', '320p', 30, '10s']",0.0,10.526978969573975,0.0,"{""amp"": ""0"", ""aq-mode"": ""3"", ""aq-strength"": ""1.0"", ""b-adapt"": ""0"", ""bframes"": ""8"", ""crf"": ""20.0"", ""ctu"": ""64"", ""keyint"": ""397"", ""limit-refs"": ""3"", ""limit-tu"": ""3"", ""me"": ""hex"", ""merange"": ""21"", ""open-gop"": ""0"", ""psy-rd"": ""3.0"", ""psy-rdoq"": ""4.5"", ""qcomp"": ""0.7"", ""qpmax"": ""34"", ""qpmin"": ""12"", ""rc-lookahead"": ""12"", ""rd"": ""4"", ""rdoq-level"": ""2"", ""rect"": ""0"", ""ref"": ""5"", ""rskip"": ""1"", ""sao"": ""0"", ""scenecut"": ""10"", ""subme"": ""5"", ""tu-inter-depth"": ""4"", ""tu-intra-depth"": ""2"", ""weightb"": ""1"", ""weightp"": ""1"", ""wpp"": ""1""}"
x265,hebo,7305,plain,false,56,48.58,5.75,48.58,6.148972034454346,"['Standard', '320p', 30, '10s']",0.0,6.148873329162598,0.0,"{""amp"": ""1"", ""aq-mode"": ""2"", ""aq-strength"": ""1.0"", ""b-adapt"": ""1"", ""bframes"": ""1"", ""crf"": ""25.0"", ""ctu"": ""16"", ""keyint"": ""447"", ""limit-refs"": ""3"", ""limit-tu"": ""0"", ""me"": ""hex"", ""merange"": ""28"", ""open-gop"": ""0"", ""psy-rd"": ""0.5"", ""psy-rdoq"": ""1.5"", ""qcomp"": ""1.0"", ""qpmax"": ""24"", ""qpmin"": ""0"", ""rc-lookahead"": ""36"", ""rd"": ""2"", ""rdoq-level"": ""0"", ""rect"": ""0"", ""ref"": ""4"", ""rskip"": ""0"", ""sao"": ""0"", ""scenecut"": ""30"", ""subme"": ""2"", ""tu-inter-depth"": ""2"", ""tu-intra-depth"": ""2"", ""weightb"": ""1"", ""weightp"": ""1"", ""wpp"": ""0""}"
x265,hebo,7305,plain,false,57,17.77,13.43,17.77,13.837276458740234,"['Standard', '320p', 30, '10s']",0.0,13.837174654006958,0.0,"{""amp"": ""0"", ""aq-mode"": ""3"", ""aq-strength"": ""1.5"", ""b-adapt"": ""1"", ""bframes"": ""6"", ""crf"": ""20.0"", ""ctu"": ""16"", ""keyint"": ""386"", ""limit-refs"": ""3"", ""limit-tu"": ""0"", ""me"": ""umh"", ""merange"": ""58"", ""open-gop"": ""1"", ""psy-rd"": ""0.0"", ""psy-rdoq"": ""2.0"", ""qcomp"": ""1.0"", ""qpmax"": ""23"", ""qpmin"": ""12"", ""rc-lookahead"": ""47"", ""rd"": ""4"", ""rdoq-level"": ""1"", ""rect"": ""0"", ""ref"": ""5"", ""rskip"": ""1"", ""sao"": ""0"", ""scenecut"": ""36"", ""subme"": ""2"", ""tu-inter-depth"": ""3"", ""tu-intra-depth"": ""2"", ""weightb"": ""0"", ""weightp"": ""1"", ""wpp"": ""0""}"
x265,hebo,7305,plain,false,58,19.18,12.66,19.18,13.058528184890747,"['Standard', '320p', 30, '10s']",0.0,13.05838942527771,0.0,"{""amp"": ""0"", ""aq-mode"": ""4"", ""aq-strength"": ""1.5"", ""b-adapt"": ""2"", ""bframes"": ""1"", ""crf"": ""32.0"", ""ctu"": ""16"", ""keyint"": ""390"", ""limit-refs"": ""2"", ""limit-tu"": ""3"", ""me"": ""dia"", ""merange"": ""38"", ""open-gop"": ""1"", ""psy-rd"": ""0.5"", ""psy-rdoq"": ""4.0"", ""qcomp"": ""0.7"", ""qpmax"": ""22"", ""qpmin"": ""6"", ""rc-lookahead"": ""29"", ""rd"": ""3"", ""rdoq-level"": ""2"", ""rect"": ""1"", ""ref"": ""4"", ""rskip"": ""1"", ""sao"": ""1"", ""scenecut"": ""4"", ""subme"": ""1"", ""tu-inter-depth"": ""2"", ""tu-intra-depth"": ""1"", ""weightb"": ""1"", ""weightp"": ""0"", ""wpp"": ""0""}"
x265,hebo,7305,plain,false,59,10.22,20.06,10.22,20.45638346672058,"['Standard', '320p', 30, '10s']",0.0,20.45628023147583,0.0,"{""amp"": ""1"", ""aq-mode"": ""4"", ""aq-strength"": ""1.5"", ""b-adapt"": ""0"", ""bframes"": ""7"", ""crf"": ""22.0"", ""ctu"": ""64"", ""keyint"": ""347"", ""limit-refs"": ""0"", ""limit-tu"": ""2"", ""me"": ""full"", ""merange"": ""64"", ""open-gop"": ""0"", ""psy-rd"": ""0.0"", ""psy-rdoq"": ""4.0"", ""qcomp"": ""0.75"", ""qpmax"": ""31"", ""qpmin"": ""16"", ""rc-lookahead"": ""55"", ""rd"": ""2"", ""rdoq-level"": ""0"", ""rect"": ""0"", ""ref"": ""1"", ""rskip"": ""1"", ""sao"": ""1"", ""scenecut"": ""50"", ""subme"": ""4"", ""tu-inter-depth"": ""4"", ""tu-intra-depth"": ""1"", ""weightb"": ""1"", ""weightp"": ""1"", ""wpp"": ""1""}"
x265,hebo,7305,plain,false,60,22.93,10.97,22.93,11.359885454177856,"['Standard', '320p', 30, '10s']",0.0,11.359783411026001,0.0,"{""amp"": ""1"", ""aq-mode"": ""1"", ""aq-strength"": ""2.0"", ""b-adapt"": ""0"", ""bframes"": ""4"", ""crf"": ""18.0"", ""ctu"": ""64"", ""keyint"": ""119"", ""limit-refs"": ""2"", ""limit-tu"": ""4"", ""me"": ""full"", ""merange"": ""24"", ""open-gop"": ""0"", ""psy-rd"": ""3.5"", ""psy-rdoq"": ""1.0"", ""qcomp"": ""0.9"", ""qpmax"": ""30"", ""qpmin"": ""15"", ""rc-lookahead"": ""25"", ""rd"": ""3"", ""rdoq-level"": ""0"", ""rect"": ""0"", ""ref"": ""2"", ""rskip"": ""1"", ""sao"": ""0"", ""scenecut"": ""23"", ""subme"": ""2"", ""tu-inter-depth"": ""1"", ""tu-intra-depth"": ""1"", ""weightb"": ""0"", ""weightp"": ""0"", ""wpp"": ""1""}"
x265,hebo,7305,plain,false,61,22.57,11.2,22.57,11.81519627571106,"['Standard', '320p', 30, '10s']",0.0,11.815082311630249,0.0,"{""amp"": ""0"", ""aq-mode"": ""4"", ""aq-strength"": ""1.0"", ""b-adapt"": ""2"", ""bframes"": ""8"", ""crf"": ""20.0"", ""ctu"": ""64"", ""keyint"": ""378"", ""limit-refs"": ""3"", ""limit-tu"": ""0"", ""me"": ""dia"", ""merange"": ""43"", ""open-gop"": ""0"", ""psy-rd"": ""1.5"", ""psy-rdoq"": ""3.0"", ""qcomp"": ""0.9"", ""qpmax"": ""32"", ""qpmin"": ""12"", ""rc-lookahead"": ""49"", ""rd"": ""2"", ""rdoq-level"": ""2"", ""rect"": ""0"", ""ref"": ""1"", ""rskip"": ""0"", ""sao"": ""1"", ""scenecut"": ""44"", ""subme"": ""1"", ""tu-inter-depth"": ""2"", ""tu-intra-depth"": ""1"", ""weightb"": ""1"", ""weightp"": ""1"", ""wpp"": ""1""}"
x265,hebo,7305,plain,false,62,54.73,5.17,54.73,5.5667994022369385,"['Standard', '320p', 30, '10s']",0.0,5.5667033195495605,0.0,"{""amp"": ""0"", ""aq-mode"": ""2"", ""aq-strength"": ""1.8"", ""b-adapt"": ""0"", ""bframes"": ""2"", ""crf"": ""20.0"", ""ctu"": ""16"", ""keyint"": ""72"", ""limit-refs"": ""0"", ""limit-tu"": ""1"", ""me"": ""star"", ""merange"": ""32"", ""open-gop"": ""0"", ""psy-rd"": ""1.5"", ""psy-rdoq"": ""3.5"", ""qcomp"": ""0.7"", ""qpmax"": ""36"", ""qpmin"": ""0"", ""rc-lookahead"": ""31"", ""rd"": ""3"", ""rdoq-level"": ""0"", ""rect"": ""0"", ""ref"": ""1"", ""rskip"": ""1"", ""sao"": ""0"", ""scenecut"": ""98"", ""subme"": ""4"", ""tu-inter-depth"": ""1"", ""tu-intra-depth"": ""3"", ""weightb"": ""0"", ""weightp"": ""0"", ""wpp"": ""0""}"
x265,hebo,7305,plain,false,63,81.69,3.59,81.69,3.980067014694214,"['Standard', '320p', 30, '10s']",0.0,3.979973316192627,0.0,"{""amp"": ""1"", ""aq-mode"": ""3"", ""aq-strength"": ""1.2"", ""b-adapt"": ""0"", ""bframes"": ""6"", ""crf"": ""30.0"", ""ctu"": ""16"", ""keyint"": ""72"", ""limit-refs"": ""3"", ""limit-tu"": ""3"", ""me"": ""hex"", ""merange"": ""49"", ""open-gop"": ""0"", ""psy-rd"": ""3.5"", ""psy-rdoq"": ""2.5"", ""qcomp"": ""0.9"", ""qpmax"": ""41"", ""qpmin"": ""4"", ""rc-lookahead"": ""36"", ""rd"": ""1"", ""rdoq-level"": ""2"", ""rect"": ""0"", ""ref"": ""5"", ""rskip"": ""1"", ""sao"": ""0"", ""scenecut"": ""56"", ""subme"": ""5"", ""tu-inter-depth"": ""3"", ""tu-intra-depth"": ""1"", ""weightb"": ""0"", ""weightp"": ""1"", ""wpp"": ""1""}"
x265,hebo,7305,plain,false,64,14.30,15.84,14.30,16.22852849960327,"['Standard', '320p', 30, '10s']",0.0,16.22842574119568,0.0,"{""amp"": ""1"", ""aq-mode"": ""1"", ""aq-strength"": ""2.0"", ""b-adapt"": ""0"", ""bframes"": ""6"", ""crf"": ""32.0"", ""ctu"": ""64"", ""keyint"": ""42"", ""limit-refs"": ""3"", ""limit-tu"": ""3"", ""me"": ""umh"", ""merange"": ""49"", ""open-gop"": ""1"", ""psy-rd"": ""4.0"", ""psy-rdoq"": ""5.0"", ""qcomp"": ""1.0"", ""qpmax"": ""20"", ""qpmin"": ""19"", ""rc-lookahead"": ""13"", ""rd"": ""1"", ""rdoq-level"": ""2"", ""rect"": ""0"", ""ref"": ""5"", ""rskip"": ""0"", ""sao"": ""0"", ""scenecut"": ""24"", ""subme"": ""5"", ""tu-inter-depth"": ""3"", ""tu-intra-depth"": ""3"", ""weightb"": ""0"", ""weightp"": ""1"", ""wpp"": ""0""}"
x265,hebo,7305,plain,false,65,52.22,5.39,52.22,5.783241271972656,"['Standard', '320p', 30, '10s']",0.0,5.783144235610962,0.0,"{""amp"": ""0"", ""aq-mode"": ""3"", ""aq-strength"": ""1.8"", ""b-adapt"": ""0"", ""bframes"": ""5"", ""crf"": ""25.0"", ""ctu"": ""32"", ""keyint"": ""100"", ""limit-refs"": ""1"", ""limit-tu"": ""3"", ""me"": ""hex"", ""merange"": ""49"", ""open-gop"": ""0"", ""psy-rd"": ""1.0"", ""psy-rdoq"": ""3.0"", ""qcomp"": ""0.9"", ""qpmax"": ""41"", ""qpmin"": ""4"", ""rc-lookahead"": ""36"", ""rd"": ""1"", ""rdoq-level"": ""2"", ""rect"": ""0"", ""ref"": ""5"", ""rskip"": ""1"", ""sao"": ""1"", ""scenecut"": ""55"", ""subme"": ""5"", ""tu-inter-depth"": ""4"", ""tu-intra-depth"": ""3"", ""weightb"": ""0"", ""weightp"": ""1"", ""wpp"": ""1""}"
x265,hebo,7305,plain,false,66,29.12,9.0,29.12,9.395004272460938,"['Standard', '320p', 30, '10s']",0.0,9.39490270614624,0.0,"{""amp"": ""0"", ""aq-mode"": ""2"", ""aq-strength"": ""0.0"", ""b-adapt"": ""2"", ""bframes"": ""6"", ""crf"": ""30.0"", ""ctu"": ""64"", ""keyint"": ""73"", ""limit-refs"": ""0"", ""limit-tu"": ""1"", ""me"": ""umh"", ""merange"": ""26"", ""open-gop"": ""1"", ""psy-rd"": ""2.0"", ""psy-rdoq"": ""0.0"", ""qcomp"": ""0.7"", ""qpmax"": ""22"", ""qpmin"": ""20"", ""rc-lookahead"": ""19"", ""rd"": ""2"", ""rdoq-level"": ""0"", ""rect"": ""0"", ""ref"": ""4"", ""rskip"": ""0"", ""sao"": ""1"", ""scenecut"": ""57"", ""subme"": ""1"", ""tu-inter-depth"": ""1"", ""tu-intra-depth"": ""2"", ""weightb"": ""1"", ""weightp"": ""0"", ""wpp"": ""1""}"
x265,hebo,7305,plain,false,67,22.04,11.33,22.04,11.82863187789917,"['Standard', '320p', 30, '10s']",0.0,11.828520774841309,0.0,"{""amp"": ""0"", ""aq-mode"": ""2"", ""aq-strength"": ""2.0"", ""b-adapt"": ""1"", ""bframes"": ""1"", ""crf"": ""18.0"", ""ctu"": ""64"", ""keyint"": ""443"", ""limit-refs"": ""1"", ""limit-tu"": ""1"", ""me"": ""umh"", ""merange"": ""26"", ""open-gop"": ""1"", ""psy-rd"": ""3.0"", ""psy-rdoq"": ""1.5"", ""qcomp"": ""0.9"", ""qpmax"": ""41"", ""qpmin"": ""18"", ""rc-lookahead"": ""16"", ""rd"": ""2"", ""rdoq-level"": ""1"", ""rect"": ""0"", ""ref"": ""6"", ""rskip"": ""0"", ""sao"": ""0"", ""scenecut"": ""16"", ""subme"": ""1"", ""tu-inter-depth"": ""1"", ""tu-intra-depth"": ""2"", ""weightb"": ""1"", ""weightp"": ""0"", ""wpp"": ""0""}"
x265,hebo,7305,plain,false,68,14.82,15.42,14.82,15.81852674484253,"['Standard', '320p', 30, '10s']",0.0,15.818413734436035,0.0,"{""amp"": ""0"", ""aq-mode"": ""2"", ""aq-strength"": ""1.2"", ""b-adapt"": ""1"", ""bframes"": ""5"", ""crf"": ""22.0"", ""ctu"": ""64"", ""keyint"": ""26"", ""limit-refs"": ""0"", ""limit-tu"": ""3"", ""me"": ""umh"", ""merange"": ""29"", ""open-gop"": ""1"", ""psy-rd"": ""3.0"", ""psy-rdoq"": ""0.0"", ""qcomp"": ""0.7"", ""qpmax"": ""30"", ""qpmin"": ""17"", ""rc-lookahead"": ""58"", ""rd"": ""3"", ""rdoq-level"": ""0"", ""rect"": ""1"", ""ref"": ""4"", ""rskip"": ""0"", ""sao"": ""0"", ""scenecut"": ""66"", ""subme"": ""3"", ""tu-inter-depth"": ""3"", ""tu-intra-depth"": ""3"", ""weightb"": ""1"", ""weightp"": ""1"", ""wpp"": ""1""}"
x265,hebo,7305,plain,false,69,39.52,6.91,39.52,7.303815603256226,"['Standard', '320p', 30, '10s']",0.0,7.303716421127319,0.0,"{""amp"": ""1"", ""aq-mode"": ""4"", ""aq-strength"": ""0.5"", ""b-adapt"": ""0"", ""bframes"": ""3"", ""crf"": ""22.0"", ""ctu"": ""16"", ""keyint"": ""293"", ""limit-refs"": ""2"", ""limit-tu"": ""1"", ""me"": ""umh"", ""merange"": ""51"", ""open-gop"": ""1"", ""psy-rd"": ""1.5"", ""psy-rdoq"": ""1.0"", ""qcomp"": ""0.7"", ""qpmax"": ""34"", ""qpmin"": ""9"", ""rc-lookahead"": ""20"", ""rd"": ""1"", ""rdoq-level"": ""0"", ""rect"": ""1"", ""ref"": ""6"", ""rskip"": ""1"", ""sao"": ""1"", ""scenecut"": ""93"", ""subme"": ""5"", ""tu-inter-depth"": ""3"", ""tu-intra-depth"": ""3"", ""weightb"": ""1"", ""weightp"": ""1"", ""wpp"": ""1""}"
x265,hebo,7305,plain,false,70,45.50,6.1,45.50,6.495605230331421,"['Standard', '320p', 30, '10s']",0.0,6.495495796203613,0.0,"{""amp"": ""0"", ""aq-mode"": ""1"", ""aq-strength"": ""0.0"", ""b-adapt"": ""1"", ""bframes"": ""0"", ""crf"": ""22.0"", ""ctu"": ""16"", ""keyint"": ""112"", ""limit-refs"": ""0"", ""limit-tu"": ""4"", ""me"": ""hex"", ""merange"": ""60"", ""open-gop"": ""1"", ""psy-rd"": ""1.5"", ""psy-rdoq"": ""4.0"", ""qcomp"": ""1.0"", ""qpmax"": ""27"", ""qpmin"": ""15"", ""rc-lookahead"": ""13"", ""rd"": ""1"", ""rdoq-level"": ""1"", ""rect"": ""0"", ""ref"": ""4"", ""rskip"": ""1"", ""sao"": ""0"", ""scenecut"": ""43"", ""subme"": ""2"", ""tu-inter-depth"": ""2"", ""tu-intra-depth"": ""2"", ""weightb"": ""0"", ""weightp"": ""1"", ""wpp"": ""1""}"
x265,hebo,7305,plain,false,71,26.80,9.64,26.80,10.101720809936523,"['Standard', '320p', 30, '10s']",0.0,10.101627588272095,0.0,"{""amp"": ""1"", ""aq-mode"": ""4"", ""aq-strength"": ""1.0"", ""b-adapt"": ""2"", ""bframes"": ""8"", ""crf"": ""18.0"", ""ctu"": ""16"", ""keyint"": ""320"", ""limit-refs"": ""3"", ""limit-tu"": ""1"", ""me"": ""dia"", ""merange"": ""39"", ""open-gop"": ""1"", ""psy-rd"": ""2.0"", ""psy-rdoq"": ""1.5"", ""qcomp"": ""0.75"", ""qpmax"": ""30"", ""qpmin"": ""3"", ""rc-lookahead"": ""11"", ""rd"": ""3"", ""rdoq-level"": ""2"", ""rect"": ""0"", ""ref"": ""4"", ""rskip"": ""0"", ""sao"": ""1"", ""scenecut"": ""18"", ""subme"": ""1"", ""tu-inter-depth"": ""1"", ""tu-intra-depth"": ""3"", ""weightb"": ""1"", ""weightp"": ""0"", ""wpp"": ""1""}"
x265,hebo,7305,plain,false,72,63.30,4.54,63.30,4.933281421661377,"['Standard', '320p', 30, '10s']",0.0,4.933178901672363,0.0,"{""amp"": ""1"", ""aq-mode"": ""3"", ""aq-strength"": ""2.0"", ""b-adapt"": ""0"", ""bframes"": ""5"", ""crf"": ""32.0"", ""ctu"": ""64"", ""keyint"": ""69"", ""limit-refs"": ""3"", ""limit-tu"": ""3"", ""me"": ""dia"", ""merange"": ""49"", ""open-gop"": ""0"", ""psy-rd"": ""4.0"", ""psy-rdoq"": ""5.0"", ""qcomp"": ""1.0"", ""qpmax"": ""41"", ""qpmin"": ""4"", ""rc-lookahead"": ""36"", ""rd"": ""1"", ""rdoq-level"": ""1"", ""rect"": ""0"", ""ref"": ""5"", ""rskip"": ""1"", ""sao"": ""0"", ""scenecut"": ""6"", ""subme"": ""3"", ""tu-inter-depth"": ""3"", ""tu-intra-depth"": ""1"", ""weightb"": ""0"", ""weightp"": ""1"", ""wpp"": ""0""}"
x265,hebo,7305,plain,false,73,29.34,8.93,29.34,9.33493447303772,"['Standard', '320p', 30, '10s']",0.0,9.334839582443237,0.0,"{""amp"": ""1"", ""aq-mode"": ""0"", ""aq-strength"": ""2.0"", ""b-adapt"": ""2"", ""bframes"": ""4"", ""crf"": ""18.0"", ""ctu"": ""16"", ""keyint"": ""297"", ""limit-refs"": ""1"", ""limit-tu"": ""3"", ""me"": ""dia"", ""merange"": ""58"", ""open-gop"": ""1"", ""psy-rd"": ""3.0"", ""psy-rdoq"": ""3.0"", ""qcomp"": ""0.7"", ""qpmax"": ""30"", ""qpmin"": ""12"", ""rc-lookahead"": ""12"", ""rd"": ""3"", ""rdoq-level"": ""2"", ""rect"": ""0"", ""ref"": ""3"", ""rskip"": ""0"", ""sao"": ""1"", ""scenecut"": ""16"", ""subme"": ""4"", ""tu-inter-depth"": ""2"", ""tu-intra-depth"": ""1"", ""weightb"": ""0"", ""weightp"": ""0"", ""wpp"": ""1""}"
x265,hebo,7305,plain,false,74,-1.34,83.21,-1.34,83.61698603630066,"['Standard', '320p', 30, '10s']",0.0,83.61688446998596,0.0,"{""amp"": ""0"", ""aq-mode"": ""3"", ""aq-strength"": ""0.5"", ""b-adapt"": ""2"", ""bframes"": ""2"", ""crf"": ""18.0"", ""ctu"": ""64"", ""keyint"": ""75"", ""limit-refs"": ""0"", ""limit-tu"": ""0"", ""me"": ""umh"", ""merange"": ""64"", ""open-gop"": ""0"", ""psy-rd"": ""2.0"", ""psy-rdoq"": ""1.5"", ""qcomp"": ""0.9"", ""qpmax"": ""26"", ""qpmin"": ""0"", ""rc-lookahead"": ""52"", ""rd"": ""5"", ""rdoq-level"": ""1"", ""rect"": ""0"", ""ref"": ""1"", ""rskip"": ""0"", ""sao"": ""0"", ""scenecut"": ""24"", ""subme"": ""1"", ""tu-inter-depth"": ""3"", ""tu-intra-depth"": ""2"", ""weightb"": ""1"", ""weightp"": ""1"", ""wpp"": ""0""}"
x265,hebo,7305,plain,false,75,10.18,20.11,10.18,20.497317790985107,"['Standard', '320p', 30, '10s']",0.0,20.49722123146057,0.0,"{""amp"": ""1"", ""aq-mode"": ""2"", ""aq-strength"": ""0.0"", ""b-adapt"": ""1"", ""bframes"": ""8"", ""crf"": ""18.0"", ""ctu"": ""16"", ""keyint"": ""275"", ""limit-refs"": ""0"", ""limit-tu"": ""3"", ""me"": ""hex"", ""merange"": ""20"", ""open-gop"": ""1"", ""psy-rd"": ""1.0"", ""psy-rdoq"": ""0.5"", ""qcomp"": ""0.75"", ""qpmax"": ""22"", ""qpmin"": ""7"", ""rc-lookahead"": ""44"", ""rd"": ""3"", ""rdoq-level"": ""1"", ""rect"": ""1"", ""ref"": ""4"", ""rskip"": ""0"", ""sao"": ""0"", ""scenecut"": ""84"", ""subme"": ""3"", ""tu-inter-depth"": ""3"", ""tu-intra-depth"": ""3"", ""weightb"": ""1"", ""weightp"": ""0"", ""wpp"": ""1""}"
x265,hebo,7305,plain,false,76,6.71,26.04,6.71,26.430018663406372,"['Standard', '320p', 30, '10s']",0.0,26.429914951324463,0.0,"{""amp"": ""0"", ""aq-mode"": ""3"", ""aq-strength"": ""0.0"", ""b-adapt"": ""1"", ""bframes"": ""1"", ""crf"": ""32.0"", ""ctu"": ""64"", ""keyint"": ""136"", ""limit-refs"": ""0"", ""limit-tu"": ""3"", ""me"": ""dia"", ""merange"": ""59"", ""open-gop"": ""0"", ""psy-rd"": ""4.0"", ""psy-rdoq"": ""3.0"", ""qcomp"": ""0.9"", ""qpmax"": ""29"", ""qpmin"": ""15"", ""rc-lookahead"": ""21"", ""rd"": ""5"", ""rdoq-level"": ""0"", ""rect"": ""1"", ""ref"": ""1"", ""rskip"": ""1"", ""sao"": ""0"", ""scenecut"": ""5"", ""subme"": ""4"", ""tu-inter-depth"": ""2"", ""tu-intra-depth"": ""2"", ""weightb"": ""1"", ""weightp"": ""1"", ""wpp"": ""0""}"
x265,hebo,7305,plain,false,77,58.03,4.9,58.03,5.2851881980896,"['Standard', '320p', 30, '10s']",0.0,5.285085916519165,0.0,"{""amp"": ""0"", ""aq-mode"": ""1"", ""aq-strength"": ""1.0"", ""b-adapt"": ""1"", ""bframes"": ""0"", ""crf"": ""30.0"", ""ctu"": ""16"", ""keyint"": ""163"", ""limit-refs"": ""1"", ""limit-tu"": ""0"", ""me"": ""star"", ""merange"": ""56"", ""open-gop"": ""0"", ""psy-rd"": ""3.5"", ""psy-rdoq"": ""3.0"", ""qcomp"": ""1.0"", ""qpmax"": ""28"", ""qpmin"": ""9"", ""rc-lookahead"": ""11"", ""rd"": ""1"", ""rdoq-level"": ""0"", ""rect"": ""0"", ""ref"": ""4"", ""rskip"": ""0"", ""sao"": ""1"", ""scenecut"": ""56"", ""subme"": ""2"", ""tu-inter-depth"": ""3"", ""tu-intra-depth"": ""1"", ""weightb"": ""0"", ""weightp"": ""1"", ""wpp"": ""0""}"
x265,hebo,7305,plain,false,78,46.29,6.01,46.29,6.400476932525635,"['Standard', '320p', 30, '10s']",0.0,6.400371789932251,0.0,"{""amp"": ""1"", ""aq-mode"": ""0"", ""aq-strength"": ""2.0"", ""b-adapt"": ""0"", ""bframes"": ""3"", ""crf"": ""32.0"", ""ctu"": ""64"", ""keyint"": ""496"", ""limit-refs"": ""2"", ""limit-tu"": ""1"", ""me"": ""hex"", ""merange"": ""62"", ""open-gop"": ""0"", ""psy-rd"": ""4.0"", ""psy-rdoq"": ""5.0"", ""qcomp"": ""1.0"", ""qpmax"": ""36"", ""qpmin"": ""4"", ""rc-lookahead"": ""26"", ""rd"": ""1"", ""rdoq-level"": ""1"", ""rect"": ""0"", ""ref"": ""4"", ""rskip"": ""0"", ""sao"": ""0"", ""scenecut"": ""17"", ""subme"": ""3"", ""tu-inter-depth"": ""2"", ""tu-intra-depth"": ""3"", ""weightb"": ""1"", ""weightp"": ""0"", ""wpp"": ""1""}"
x265,hebo,7305,plain,false,79,0.92,51.43,0.92,51.82555317878723,"['Standard', '320p', 30, '10s']",0.0,51.8254451751709,0.0,"{""amp"": ""1"", ""aq-mode"": ""3"", ""aq-strength"": ""0.8"", ""b-adapt"": ""1"", ""bframes"": ""0"", ""crf"": ""18.0"", ""ctu"": ""32"", ""keyint"": ""77"", ""limit-refs"": ""0"", ""limit-tu"": ""4"", ""me"": ""full"", ""merange"": ""29"", ""open-gop"": ""1"", ""psy-rd"": ""0.0"", ""psy-rdoq"": ""2.5"", ""qcomp"": ""0.7"", ""qpmax"": ""30"", ""qpmin"": ""16"", ""rc-lookahead"": ""59"", ""rd"": ""6"", ""rdoq-level"": ""0"", ""rect"": ""0"", ""ref"": ""1"", ""rskip"": ""0"", ""sao"": ""0"", ""scenecut"": ""15"", ""subme"": ""1"", ""tu-inter-depth"": ""2"", ""tu-intra-depth"": ""4"", ""weightb"": ""0"", ""weightp"": ""0"", ""wpp"": ""0""}"
x265,hebo,7305,plain,false,80,55.15,5.14,55.15,5.543705463409424,"['Standard', '320p', 30, '10s']",0.0,5.543604850769043,0.0,"{""amp"": ""1"", ""aq-mode"": ""0"", ""aq-strength"": ""1.8"", ""b-adapt"": ""0"", ""bframes"": ""6"", ""crf"": ""32.0"", ""ctu"": ""64"", ""keyint"": ""416"", ""limit-refs"": ""1"", ""limit-tu"": ""2"", ""me"": ""hex"", ""merange"": ""23"", ""open-gop"": ""0"", ""psy-rd"": ""4.0"", ""psy-rdoq"": ""1.0"", ""qcomp"": ""0.7"", ""qpmax"": ""36"", ""qpmin"": ""12"", ""rc-lookahead"": ""40"", ""rd"": ""3"", ""rdoq-level"": ""2"", ""rect"": ""0"", ""ref"": ""1"", ""rskip"": ""0"", ""sao"": ""0"", ""scenecut"": ""98"", ""subme"": ""5"", ""tu-inter-depth"": ""1"", ""tu-intra-depth"": ""1"", ""weightb"": ""1"", ""weightp"": ""0"", ""wpp"": ""1""}"
x265,hebo,7305,plain,false,81,56.04,5.06,56.04,5.447482347488403,"['Standard', '320p', 30, '10s']",0.0,5.4473724365234375,0.0,"{""amp"": ""1"", ""aq-mode"": ""1"", ""aq-strength"": ""1.2"", ""b-adapt"": ""1"", ""bframes"": ""4"", ""crf"": ""20.0"", ""ctu"": ""16"", ""keyint"": ""351"", ""limit-refs"": ""1"", ""limit-tu"": ""3"", ""me"": ""umh"", ""merange"": ""54"", ""open-gop"": ""1"", ""psy-rd"": ""3.0"", ""psy-rdoq"": ""5.0"", ""qcomp"": ""0.6"", ""qpmax"": ""48"", ""qpmin"": ""15"", ""rc-lookahead"": ""48"", ""rd"": ""2"", ""rdoq-level"": ""1"", ""rect"": ""0"", ""ref"": ""4"", ""rskip"": ""1"", ""sao"": ""1"", ""scenecut"": ""80"", ""subme"": ""3"", ""tu-inter-depth"": ""1"", ""tu-intra-depth"": ""3"", ""weightb"": ""0"", ""weightp"": ""1"", ""wpp"": ""1""}"
x265,hebo,7305,plain,false,82,29.51,8.96,29.51,9.581197261810303,"['Standard', '320p', 30, '10s']",0.0,9.58109188079834,0.0,"{""amp"": ""1"", ""aq-mode"": ""4"", ""aq-strength"": ""1.8"", ""b-adapt"": ""0"", ""bframes"": ""2"", ""crf"": ""25.0"", ""ctu"": ""32"", ""keyint"": ""357"", ""limit-refs"": ""3"", ""limit-tu"": ""0"", ""me"": ""full"", ""merange"": ""34"", ""open-gop"": ""1"", ""psy-rd"": ""1.0"", ""psy-rdoq"": ""4.0"", ""qcomp"": ""0.8"", ""qpmax"": ""41"", ""qpmin"": ""6"", ""rc-lookahead"": ""11"", ""rd"": ""2"", ""rdoq-level"": ""2"", ""rect"": ""0"", ""ref"": ""4"", ""rskip"": ""0"", ""sao"": ""0"", ""scenecut"": ""5"", ""subme"": ""5"", ""tu-inter-depth"": ""1"", ""tu-intra-depth"": ""4"", ""weightb"": ""1"", ""weightp"": ""0"", ""wpp"": ""1""}"
x265,hebo,7305,plain,false,83,3.61,35.37,3.61,35.765676975250244,"['Standard', '320p', 30, '10s']",0.0,35.765578269958496,0.0,"{""amp"": ""0"", ""aq-mode"": ""4"", ""aq-strength"": ""1.0"", ""b-adapt"": ""0"", ""bframes"": ""1"", ""crf"": ""20.0"", ""ctu"": ""16"", ""keyint"": ""70"", ""limit-refs"": ""2"", ""limit-tu"": ""2"", ""me"": ""full"", ""merange"": ""60"", ""open-gop"": ""1"", ""psy-rd"": ""2.0"", ""psy-rdoq"": ""1.0"", ""qcomp"": ""0.8"", ""qpmax"": ""36"", ""qpmin"": ""8"", ""rc-lookahead"": ""17"", ""rd"": ""3"", ""rdoq-level"": ""0"", ""rect"": ""0"", ""ref"": ""4"", ""rskip"": ""1"", ""sao"": ""1"", ""scenecut"": ""85"", ""subme"": ""5"", ""tu-inter-depth"": ""3"", ""tu-intra-depth"": ""3"", ""weightb"": ""1"", ""weightp"": ""1"", ""wpp"": ""1""}"
x265,hebo,7305,plain,false,84,6.31,26.97,6.31,27.35833740234375,"['Standard', '320p', 30, '10s']",0.0,27.35823702812195,0.0,"{""amp"": ""1"", ""aq-mode"": ""4"", ""aq-strength"": ""0.0"", ""b-adapt"": ""2"", ""bframes"": ""2"", ""crf"": ""25.0"", ""ctu"": ""32"", ""keyint"": ""74"", ""limit-refs"": ""0"", ""limit-tu"": ""3"", ""me"": ""umh"", ""merange"": ""36"", ""open-gop"": ""0"", ""psy-rd"": ""2.0"", ""psy-rdoq"": ""1.0"", ""qcomp"": ""0.75"", ""qpmax"": ""32"", ""qpmin"": ""14"", ""rc-lookahead"": ""29"", ""rd"": ""4"", ""rdoq-level"": ""2"", ""rect"": ""1"", ""ref"": ""4"", ""rskip"": ""1"", ""sao"": ""0"", ""scenecut"": ""31"", ""subme"": ""4"", ""tu-inter-depth"": ""3"", ""tu-intra-depth"": ""1"", ""weightb"": ""0"", ""weightp"": ""1"", ""wpp"": ""0""}"
x265,hebo,7305,plain,false,85,-2.98,150.62,-2.98,151.00494360923767,"['Standard', '320p', 30, '10s']",0.0,151.00483918190002,0.0,"{""amp"": ""0"", ""aq-mode"": ""3"", ""aq-strength"": ""1.0"", ""b-adapt"": ""2"", ""bframes"": ""7"", ""crf"": ""32.0"", ""ctu"": ""32"", ""keyint"": ""282"", ""limit-refs"": ""3"", ""limit-tu"": ""0"", ""me"": ""full"", ""merange"": ""63"", ""open-gop"": ""1"", ""psy-rd"": ""1.0"", ""psy-rdoq"": ""2.5"", ""qcomp"": ""0.7"", ""qpmax"": ""31"", ""qpmin"": ""2"", ""rc-lookahead"": ""39"", ""rd"": ""5"", ""rdoq-level"": ""0"", ""rect"": ""1"", ""ref"": ""1"", ""rskip"": ""0"", ""sao"": ""0"", ""scenecut"": ""66"", ""subme"": ""1"", ""tu-inter-depth"": ""1"", ""tu-intra-depth"": ""3"", ""weightb"": ""1"", ""weightp"": ""1"", ""wpp"": ""0""}"
x265,hebo,7305,plain,false,86,25.21,10.14,25.21,10.554851770401001,"['Standard', '320p', 30, '10s']",0.0,10.554751634597778,0.0,"{""amp"": ""0"", ""aq-mode"": ""2"", ""aq-strength"": ""1.0"", ""b-adapt"": ""0"", ""bframes"": ""1"", ""crf"": ""25.0"", ""ctu"": ""32"", ""keyint"": ""194"", ""limit-refs"": ""0"", ""limit-tu"": ""0"", ""me"": ""full"", ""merange"": ""18"", ""open-gop"": ""1"", ""psy-rd"": ""4.0"", ""psy-rdoq"": ""0.5"", ""qcomp"": ""0.8"", ""qpmax"": ""21"", ""qpmin"": ""2"", ""rc-lookahead"": ""21"", ""rd"": ""3"", ""rdoq-level"": ""0"", ""rect"": ""0"", ""ref"": ""1"", ""rskip"": ""1"", ""sao"": ""0"", ""scenecut"": ""67"", ""subme"": ""2"", ""tu-inter-depth"": ""1"", ""tu-intra-depth"": ""1"", ""weightb"": ""0"", ""weightp"": ""0"", ""wpp"": ""1""}"
x265,hebo,7305,plain,false,87,31.57,8.4,31.57,8.805245161056519,"['Standard', '320p', 30, '10s']",0.0,8.80514645576477,0.0,"{""amp"": ""0"", ""aq-mode"": ""4"", ""aq-strength"": ""1.0"", ""b-adapt"": ""1"", ""bframes"": ""8"", ""crf"": ""20.0"", ""ctu"": ""32"", ""keyint"": ""238"", ""limit-refs"": ""2"", ""limit-tu"": ""4"", ""me"": ""umh"", ""merange"": ""55"", ""open-gop"": ""0"", ""psy-rd"": ""2.5"", ""psy-rdoq"": ""0.0"", ""qcomp"": ""0.7"", ""qpmax"": ""34"", ""qpmin"": ""13"", ""rc-lookahead"": ""56"", ""rd"": ""1"", ""rdoq-level"": ""2"", ""rect"": ""0"", ""ref"": ""6"", ""rskip"": ""1"", ""sao"": ""0"", ""scenecut"": ""40"", ""subme"": ""2"", ""tu-inter-depth"": ""2"", ""tu-intra-depth"": ""4"", ""weightb"": ""1"", ""weightp"": ""0"", ""wpp"": ""1""}"
x265,hebo,7305,plain,false,88,7.76,23.91,7.76,24.298007249832153,"['Standard', '320p', 30, '10s']",0.0,24.297908067703247,0.0,"{""amp"": ""0"", ""aq-mode"": ""4"", ""aq-strength"": ""1.8"", ""b-adapt"": ""1"", ""bframes"": ""1"", ""crf"": ""28.0"", ""ctu"": ""64"", ""keyint"": ""285"", ""limit-refs"": ""0"", ""limit-tu"": ""3"", ""me"": ""star"", ""merange"": ""57"", ""open-gop"": ""1"", ""psy-rd"": ""3.5"", ""psy-rdoq"": ""4.5"", ""qcomp"": ""0.5"", ""qpmax"": ""46"", ""qpmin"": ""15"", ""rc-lookahead"": ""25"", ""rd"": ""6"", ""rdoq-level"": ""2"", ""rect"": ""0"", ""ref"": ""2"", ""rskip"": ""0"", ""sao"": ""1"", ""scenecut"": ""11"", ""subme"": ""3"", ""tu-inter-depth"": ""3"", ""tu-intra-depth"": ""3"", ""weightb"": ""1"", ""weightp"": ""0"", ""wpp"": ""0""}"
x265,hebo,7305,plain,false,89,11.75,18.31,11.75,18.954253435134888,"['Standard', '320p', 30, '10s']",0.0,18.95414090156555,0.0,"{""amp"": ""1"", ""aq-mode"": ""3"", ""aq-strength"": ""0.0"", ""b-adapt"": ""2"", ""bframes"": ""1"", ""crf"": ""32.0"", ""ctu"": ""32"", ""keyint"": ""464"", ""limit-refs"": ""2"", ""limit-tu"": ""2"", ""me"": ""star"", ""merange"": ""60"", ""open-gop"": ""0"", ""psy-rd"": ""3.0"", ""psy-rdoq"": ""0.0"", ""qcomp"": ""0.9"", ""qpmax"": ""42"", ""qpmin"": ""11"", ""rc-lookahead"": ""19"", ""rd"": ""6"", ""rdoq-level"": ""2"", ""rect"": ""1"", ""ref"": ""6"", ""rskip"": ""1"", ""sao"": ""1"", ""scenecut"": ""86"", ""subme"": ""4"", ""tu-inter-depth"": ""2"", ""tu-intra-depth"": ""1"", ""weightb"": ""1"", ""weightp"": ""1"", ""wpp"": ""1""}"
x265,hebo,7305,plain,false,90,64.42,4.46,64.42,4.855026721954346,"['Standard', '320p', 30, '10s']",0.0,4.854931592941284,0.0,"{""amp"": ""0"", ""aq-mode"": ""3"", ""aq-strength"": ""1.5"", ""b-adapt"": ""0"", ""bframes"": ""1"", ""crf"": ""25.0"", ""ctu"": ""16"", ""keyint"": ""254"", ""limit-refs"": ""2"", ""limit-tu"": ""4"", ""me"": ""hex"", ""merange"": ""57"", ""open-gop"": ""1"", ""psy-rd"": ""1.0"", ""psy-rdoq"": ""1.5"", ""qcomp"": ""1.0"", ""qpmax"": ""27"", ""qpmin"": ""9"", ""rc-lookahead"": ""59"", ""rd"": ""1"", ""rdoq-level"": ""1"", ""rect"": ""0"", ""ref"": ""4"", ""rskip"": ""1"", ""sao"": ""1"", ""scenecut"": ""83"", ""subme"": ""4"", ""tu-inter-depth"": ""3"", ""tu-intra-depth"": ""3"", ""weightb"": ""1"", ""weightp"": ""0"", ""wpp"": ""1""}"
x265,hebo,7305,plain,false,91,66.69,4.32,66.69,4.715062141418457,"['Standard', '320p', 30, '10s']",0.0,4.714963674545288,0.0,"{""amp"": ""1"", ""aq-mode"": ""3"", ""aq-strength"": ""0.5"", ""b-adapt"": ""1"", ""bframes"": ""5"", ""crf"": ""32.0"", ""ctu"": ""16"", ""keyint"": ""114"", ""limit-refs"": ""0"", ""limit-tu"": ""2"", ""me"": ""dia"", ""merange"": ""45"", ""open-gop"": ""1"", ""psy-rd"": ""0.0"", ""psy-rdoq"": ""4.5"", ""qcomp"": ""0.75"", ""qpmax"": ""43"", ""qpmin"": ""12"", ""rc-lookahead"": ""31"", ""rd"": ""4"", ""rdoq-level"": ""2"", ""rect"": ""0"", ""ref"": ""6"", ""rskip"": ""1"", ""sao"": ""1"", ""scenecut"": ""16"", ""subme"": ""4"", ""tu-inter-depth"": ""2"", ""tu-intra-depth"": ""3"", ""weightb"": ""1"", ""weightp"": ""1"", ""wpp"": ""1""}"
x265,hebo,7305,plain,false,92,52.64,5.35,52.64,5.744368314743042,"['Standard', '320p', 30, '10s']",0.0,5.744271755218506,0.0,"{""amp"": ""0"", ""aq-mode"": ""0"", ""aq-strength"": ""0.0"", ""b-adapt"": ""2"", ""bframes"": ""4"", ""crf"": ""22.0"", ""ctu"": ""32"", ""keyint"": ""416"", ""limit-refs"": ""0"", ""limit-tu"": ""2"", ""me"": ""dia"", ""merange"": ""35"", ""open-gop"": ""0"", ""psy-rd"": ""2.5"", ""psy-rdoq"": ""4.0"", ""qcomp"": ""0.6"", ""qpmax"": ""37"", ""qpmin"": ""9"", ""rc-lookahead"": ""19"", ""rd"": ""1"", ""rdoq-level"": ""0"", ""rect"": ""0"", ""ref"": ""4"", ""rskip"": ""1"", ""sao"": ""1"", ""scenecut"": ""24"", ""subme"": ""3"", ""tu-inter-depth"": ""2"", ""tu-intra-depth"": ""1"", ""weightb"": ""0"", ""weightp"": ""0"", ""wpp"": ""0""}"
x265,hebo,7305,plain,false,93,38.38,7.09,38.38,7.475351333618164,"['Standard', '320p', 30, '10s']",0.0,7.475247383117676,0.0,"{""amp"": ""1"", ""aq-mode"": ""4"", ""aq-strength"": ""2.0"", ""b-adapt"": ""0"", ""bframes"": ""0"", ""crf"": ""20.0"", ""ctu"": ""16"", ""keyint"": ""73"", ""limit-refs"": ""3"", ""limit-tu"": ""3"", ""me"": ""star"", ""merange"": ""51"", ""open-gop"": ""0"", ""psy-rd"": ""4.0"", ""psy-rdoq"": ""4.0"", ""qcomp"": ""0.75"", ""qpmax"": ""41"", ""qpmin"": ""4"", ""rc-lookahead"": ""36"", ""rd"": ""1"", ""rdoq-level"": ""2"", ""rect"": ""0"", ""ref"": ""3"", ""rskip"": ""0"", ""sao"": ""0"", ""scenecut"": ""56"", ""subme"": ""5"", ""tu-inter-depth"": ""3"", ""tu-intra-depth"": ""3"", ""weightb"": ""0"", ""weightp"": ""1"", ""wpp"": ""1""}"
x265,hebo,7305,plain,false,94,-0.81,72.66,-0.81,73.05004000663757,"['Standard', '320p', 30, '10s']",0.0,73.04994058609009,0.0,"{""amp"": ""0"", ""aq-mode"": ""3"", ""aq-strength"": ""1.5"", ""b-adapt"": ""2"", ""bframes"": ""6"", ""crf"": ""25.0"", ""ctu"": ""64"", ""keyint"": ""458"", ""limit-refs"": ""3"", ""limit-tu"": ""3"", ""me"": ""full"", ""merange"": ""43"", ""open-gop"": ""1"", ""psy-rd"": ""2.5"", ""psy-rdoq"": ""5.0"", ""qcomp"": ""0.75"", ""qpmax"": ""41"", ""qpmin"": ""14"", ""rc-lookahead"": ""37"", ""rd"": ""6"", ""rdoq-level"": ""2"", ""rect"": ""1"", ""ref"": ""1"", ""rskip"": ""1"", ""sao"": ""0"", ""scenecut"": ""85"", ""subme"": ""4"", ""tu-inter-depth"": ""4"", ""tu-intra-depth"": ""1"", ""weightb"": ""1"", ""weightp"": ""0"", ""wpp"": ""1""}"
x265,hebo,7305,plain,false,95,5.09,30.21,5.09,30.60313129425049,"['Standard', '320p', 30, '10s']",0.0,30.603020668029785,0.0,"{""amp"": ""1"", ""aq-mode"": ""3"", ""aq-strength"": ""1.0"", ""b-adapt"": ""1"", ""bframes"": ""7"", ""crf"": ""18.0"", ""ctu"": ""32"", ""keyint"": ""124"", ""limit-refs"": ""0"", ""limit-tu"": ""0"", ""me"": ""hex"", ""merange"": ""55"", ""open-gop"": ""0"", ""psy-rd"": ""2.0"", ""psy-rdoq"": ""3.5"", ""qcomp"": ""0.75"", ""qpmax"": ""21"", ""qpmin"": ""9"", ""rc-lookahead"": ""10"", ""rd"": ""6"", ""rdoq-level"": ""0"", ""rect"": ""0"", ""ref"": ""3"", ""rskip"": ""1"", ""sao"": ""1"", ""scenecut"": ""48"", ""subme"": ""5"", ""tu-inter-depth"": ""1"", ""tu-intra-depth"": ""3"", ""weightb"": ""1"", ""weightp"": ""1"", ""wpp"": ""1""}"
x265,hebo,7305,plain,false,96,1.50,46.86,1.50,47.26561641693115,"['Standard', '320p', 30, '10s']",0.0,47.265512466430664,0.0,"{""amp"": ""1"", ""aq-mode"": ""3"", ""aq-strength"": ""1.8"", ""b-adapt"": ""2"", ""bframes"": ""0"", ""crf"": ""22.0"", ""ctu"": ""32"", ""keyint"": ""384"", ""limit-refs"": ""3"", ""limit-tu"": ""2"", ""me"": ""umh"", ""merange"": ""57"", ""open-gop"": ""1"", ""psy-rd"": ""2.5"", ""psy-rdoq"": ""4.5"", ""qcomp"": ""0.75"", ""qpmax"": ""40"", ""qpmin"": ""20"", ""rc-lookahead"": ""12"", ""rd"": ""6"", ""rdoq-level"": ""1"", ""rect"": ""0"", ""ref"": ""6"", ""rskip"": ""1"", ""sao"": ""1"", ""scenecut"": ""96"", ""subme"": ""1"", ""tu-inter-depth"": ""3"", ""tu-intra-depth"": ""3"", ""weightb"": ""1"", ""weightp"": ""1"", ""wpp"": ""0""}"
x265,hebo,7305,plain,false,97,36.02,7.49,36.02,7.902225494384766,"['Standard', '320p', 30, '10s']",0.0,7.902132987976074,0.0,"{""amp"": ""1"", ""aq-mode"": ""3"", ""aq-strength"": ""1.0"", ""b-adapt"": ""2"", ""bframes"": ""4"", ""crf"": ""22.0"", ""ctu"": ""16"", ""keyint"": ""109"", ""limit-refs"": ""2"", ""limit-tu"": ""2"", ""me"": ""full"", ""merange"": ""23"", ""open-gop"": ""0"", ""psy-rd"": ""1.5"", ""psy-rdoq"": ""1.5"", ""qcomp"": ""0.75"", ""qpmax"": ""41"", ""qpmin"": ""20"", ""rc-lookahead"": ""27"", ""rd"": ""1"", ""rdoq-level"": ""1"", ""rect"": ""1"", ""ref"": ""2"", ""rskip"": ""1"", ""sao"": ""1"", ""scenecut"": ""85"", ""subme"": ""4"", ""tu-inter-depth"": ""2"", ""tu-intra-depth"": ""1"", ""weightb"": ""1"", ""weightp"": ""0"", ""wpp"": ""0""}"
x265,hebo,7305,plain,false,98,6.18,27.28,6.18,27.788810968399048,"['Standard', '320p', 30, '10s']",0.0,27.788658142089844,0.0,"{""amp"": ""1"", ""aq-mode"": ""1"", ""aq-strength"": ""1.2"", ""b-adapt"": ""0"", ""bframes"": ""7"", ""crf"": ""22.0"", ""ctu"": ""32"", ""keyint"": ""368"", ""limit-refs"": ""2"", ""limit-tu"": ""3"", ""me"": ""umh"", ""merange"": ""45"", ""open-gop"": ""0"", ""psy-rd"": ""1.5"", ""psy-rdoq"": ""5.0"", ""qcomp"": ""0.6"", ""qpmax"": ""43"", ""qpmin"": ""15"", ""rc-lookahead"": ""53"", ""rd"": ""6"", ""rdoq-level"": ""1"", ""rect"": ""1"", ""ref"": ""4"", ""rskip"": ""1"", ""sao"": ""0"", ""scenecut"": ""15"", ""subme"": ""1"", ""tu-inter-depth"": ""4"", ""tu-intra-depth"": ""2"", ""weightb"": ""0"", ""weightp"": ""0"", ""wpp"": ""0""}"
x265,hebo,7305,plain,false,99,20.63,11.94,20.63,12.327683925628662,"['Standard', '320p', 30, '10s']",0.0,12.327580213546753,0.0,"{""amp"": ""1"", ""aq-mode"": ""2"", ""aq-strength"": ""1.5"", ""b-adapt"": ""0"", ""bframes"": ""1"", ""crf"": ""18.0"", ""ctu"": ""32"", ""keyint"": ""480"", ""limit-refs"": ""3"", ""limit-tu"": ""2"", ""me"": ""hex"", ""merange"": ""40"", ""open-gop"": ""1"", ""psy-rd"": ""3.0"", ""psy-rdoq"": ""4.0"", ""qcomp"": ""0.7"", ""qpmax"": ""22"", ""qpmin"": ""2"", ""rc-lookahead"": ""33"", ""rd"": ""4"", ""rdoq-level"": ""1"", ""rect"": ""0"", ""ref"": ""4"", ""rskip"": ""0"", ""sao"": ""0"", ""scenecut"": ""70"", ""subme"": ""2"", ""tu-inter-depth"": ""1"", ""tu-intra-depth"": ""1"", ""weightb"": ""0"", ""weightp"": ""1"", ""wpp"": ""0""}"
x265,hebo,7305,plain,false,100,78.11,3.74,78.11,4.130913257598877,"['Standard', '320p', 30, '10s']",0.0,4.130817174911499,0.0,"{""amp"": ""1"", ""aq-mode"": ""3"", ""aq-strength"": ""2.0"", ""b-adapt"": ""0"", ""bframes"": ""6"", ""crf"": ""32.0"", ""ctu"": ""64"", ""keyint"": ""72"", ""limit-refs"": ""3"", ""limit-tu"": ""3"", ""me"": ""dia"", ""merange"": ""49"", ""open-gop"": ""0"", ""psy-rd"": ""4.0"", ""psy-rdoq"": ""5.0"", ""qcomp"": ""1.0"", ""qpmax"": ""41"", ""qpmin"": ""4"", ""rc-lookahead"": ""36"", ""rd"": ""1"", ""rdoq-level"": ""2"", ""rect"": ""0"", ""ref"": ""5"", ""rskip"": ""1"", ""sao"": ""0"", ""scenecut"": ""56"", ""subme"": ""5"", ""tu-inter-depth"": ""3"", ""tu-intra-depth"": ""1"", ""weightb"": ""0"", ""weightp"": ""1"", ""wpp"": ""1""}"
x265,hebo,7305,plain,false,101,19.10,12.69,19.10,13.080875873565674,"['Standard', '320p', 30, '10s']",0.0,13.080780029296875,0.0,"{""amp"": ""1"", ""aq-mode"": ""0"", ""aq-strength"": ""1.2"", ""b-adapt"": ""0"", ""bframes"": ""1"", ""crf"": ""30.0"", ""ctu"": ""32"", ""keyint"": ""409"", ""limit-refs"": ""0"", ""limit-tu"": ""0"", ""me"": ""full"", ""merange"": ""24"", ""open-gop"": ""1"", ""psy-rd"": ""0.5"", ""psy-rdoq"": ""5.0"", ""qcomp"": ""0.8"", ""qpmax"": ""41"", ""qpmin"": ""18"", ""rc-lookahead"": ""36"", ""rd"": ""1"", ""rdoq-level"": ""2"", ""rect"": ""0"", ""ref"": ""5"", ""rskip"": ""0"", ""sao"": ""0"", ""scenecut"": ""42"", ""subme"": ""4"", ""tu-inter-depth"": ""3"", ""tu-intra-depth"": ""2"", ""weightb"": ""0"", ""weightp"": ""1"", ""wpp"": ""1""}"
x265,hebo,7305,plain,false,102,8.00,23.48,8.00,23.866829872131348,"['Standard', '320p', 30, '10s']",0.0,23.866734743118286,0.0,"{""amp"": ""0"", ""aq-mode"": ""2"", ""aq-strength"": ""1.0"", ""b-adapt"": ""2"", ""bframes"": ""1"", ""crf"": ""30.0"", ""ctu"": ""64"", ""keyint"": ""164"", ""limit-refs"": ""3"", ""limit-tu"": ""2"", ""me"": ""full"", ""merange"": ""20"", ""open-gop"": ""0"", ""psy-rd"": ""4.0"", ""psy-rdoq"": ""0.0"", ""qcomp"": ""0.75"", ""qpmax"": ""29"", ""qpmin"": ""15"", ""rc-lookahead"": ""33"", ""rd"": ""4"", ""rdoq-level"": ""0"", ""rect"": ""1"", ""ref"": ""4"", ""rskip"": ""0"", ""sao"": ""0"", ""scenecut"": ""14"", ""subme"": ""3"", ""tu-inter-depth"": ""3"", ""tu-intra-depth"": ""3"", ""weightb"": ""1"", ""weightp"": ""1"", ""wpp"": ""0""}"
x265,hebo,7305,plain,false,103,4.11,33.44,4.11,33.84369421005249,"['Standard', '320p', 30, '10s']",0.0,33.843589544296265,0.0,"{""amp"": ""0"", ""aq-mode"": ""3"", ""aq-strength"": ""1.5"", ""b-adapt"": ""1"", ""bframes"": ""8"", ""crf"": ""28.0"", ""ctu"": ""64"", ""keyint"": ""40"", ""limit-refs"": ""0"", ""limit-tu"": ""0"", ""me"": ""star"", ""merange"": ""23"", ""open-gop"": ""1"", ""psy-rd"": ""1.0"", ""psy-rdoq"": ""1.5"", ""qcomp"": ""1.0"", ""qpmax"": ""32"", ""qpmin"": ""6"", ""rc-lookahead"": ""10"", ""rd"": ""5"", ""rdoq-level"": ""1"", ""rect"": ""1"", ""ref"": ""4"", ""rskip"": ""0"", ""sao"": ""0"", ""scenecut"": ""16"", ""subme"": ""2"", ""tu-inter-depth"": ""1"", ""tu-intra-depth"": ""2"", ""weightb"": ""1"", ""weightp"": ""0"", ""wpp"": ""1""}"
x265,hebo,7305,plain,false,104,23.65,10.7,23.65,11.088248491287231,"['Standard', '320p', 30, '10s']",0.0,11.088145732879639,0.0,"{""amp"": ""1"", ""aq-mode"": ""4"", ""aq-strength"": ""2.0"", ""b-adapt"": ""1"", ""bframes"": ""3"", ""crf"": ""22.0"", ""ctu"": ""16"", ""keyint"": ""435"", ""limit-refs"": ""0"", ""limit-tu"": ""0"", ""me"": ""star"", ""merange"": ""25"", ""open-gop"": ""1"", ""psy-rd"": ""0.0"", ""psy-rdoq"": ""4.5"", ""qcomp"": ""0.7"", ""qpmax"": ""33"", ""qpmin"": ""14"", ""rc-lookahead"": ""18"", ""rd"": ""4"", ""rdoq-level"": ""2"", ""rect"": ""1"", ""ref"": ""4"", ""rskip"": ""1"", ""sao"": ""0"", ""scenecut"": ""60"", ""subme"": ""1"", ""tu-inter-depth"": ""3"", ""tu-intra-depth"": ""3"", ""weightb"": ""1"", ""weightp"": ""0"", ""wpp"": ""0""}"
x265,hebo,7305,plain,false,105,6.93,25.57,6.93,25.949906587600708,"['Standard', '320p', 30, '10s']",0.0,25.9498074054718,0.0,"{""amp"": ""0"", ""aq-mode"": ""1"", ""aq-strength"": ""1.5"", ""b-adapt"": ""0"", ""bframes"": ""2"", ""crf"": ""20.0"", ""ctu"": ""32"", ""keyint"": ""338"", ""limit-refs"": ""2"", ""limit-tu"": ""3"", ""me"": ""dia"", ""merange"": ""64"", ""open-gop"": ""1"", ""psy-rd"": ""1.0"", ""psy-rdoq"": ""1.0"", ""qcomp"": ""0.5"", ""qpmax"": ""34"", ""qpmin"": ""4"", ""rc-lookahead"": ""28"", ""rd"": ""6"", ""rdoq-level"": ""2"", ""rect"": ""0"", ""ref"": ""5"", ""rskip"": ""0"", ""sao"": ""1"", ""scenecut"": ""50"", ""subme"": ""3"", ""tu-inter-depth"": ""2"", ""tu-intra-depth"": ""3"", ""weightb"": ""1"", ""weightp"": ""1"", ""wpp"": ""1""}"
x265,hebo,7305,plain,false,106,34.73,7.74,34.73,8.26476001739502,"['Standard', '320p', 30, '10s']",0.0,8.264616012573242,0.0,"{""amp"": ""0"", ""aq-mode"": ""0"", ""aq-strength"": ""0.8"", ""b-adapt"": ""2"", ""bframes"": ""7"", ""crf"": ""20.0"", ""ctu"": ""32"", ""keyint"": ""489"", ""limit-refs"": ""3"", ""limit-tu"": ""2"", ""me"": ""star"", ""merange"": ""63"", ""open-gop"": ""0"", ""psy-rd"": ""3.5"", ""psy-rdoq"": ""3.5"", ""qcomp"": ""0.8"", ""qpmax"": ""39"", ""qpmin"": ""5"", ""rc-lookahead"": ""30"", ""rd"": ""1"", ""rdoq-level"": ""1"", ""rect"": ""1"", ""ref"": ""3"", ""rskip"": ""1"", ""sao"": ""0"", ""scenecut"": ""31"", ""subme"": ""3"", ""tu-inter-depth"": ""2"", ""tu-intra-depth"": ""4"", ""weightb"": ""1"", ""weightp"": ""0"", ""wpp"": ""0""}"
x265,hebo,7305,plain,false,107,6.77,25.92,6.77,26.317599773406982,"['Standard', '320p', 30, '10s']",0.0,26.31749391555786,0.0,"{""amp"": ""0"", ""aq-mode"": ""1"", ""aq-strength"": ""0.0"", ""b-adapt"": ""0"", ""bframes"": ""1"", ""crf"": ""20.0"", ""ctu"": ""32"", ""keyint"": ""98"", ""limit-refs"": ""3"", ""limit-tu"": ""1"", ""me"": ""full"", ""merange"": ""49"", ""open-gop"": ""0"", ""psy-rd"": ""3.5"", ""psy-rdoq"": ""0.0"", ""qcomp"": ""0.5"", ""qpmax"": ""41"", ""qpmin"": ""2"", ""rc-lookahead"": ""28"", ""rd"": ""1"", ""rdoq-level"": ""1"", ""rect"": ""0"", ""ref"": ""2"", ""rskip"": ""0"", ""sao"": ""0"", ""scenecut"": ""7"", ""subme"": ""1"", ""tu-inter-depth"": ""3"", ""tu-intra-depth"": ""1"", ""weightb"": ""0"", ""weightp"": ""1"", ""wpp"": ""0""}"
x265,hebo,7305,plain,false,108,34.14,7.84,34.14,8.239770412445068,"['Standard', '320p', 30, '10s']",0.0,8.23966360092163,0.0,"{""amp"": ""0"", ""aq-mode"": ""3"", ""aq-strength"": ""0.8"", ""b-adapt"": ""2"", ""bframes"": ""7"", ""crf"": ""22.0"", ""ctu"": ""16"", ""keyint"": ""298"", ""limit-refs"": ""3"", ""limit-tu"": ""4"", ""me"": ""star"", ""merange"": ""42"", ""open-gop"": ""0"", ""psy-rd"": ""2.0"", ""psy-rdoq"": ""1.5"", ""qcomp"": ""0.7"", ""qpmax"": ""49"", ""qpmin"": ""8"", ""rc-lookahead"": ""59"", ""rd"": ""4"", ""rdoq-level"": ""0"", ""rect"": ""1"", ""ref"": ""3"", ""rskip"": ""1"", ""sao"": ""1"", ""scenecut"": ""26"", ""subme"": ""5"", ""tu-inter-depth"": ""3"", ""tu-intra-depth"": ""3"", ""weightb"": ""0"", ""weightp"": ""0"", ""wpp"": ""1""}"
x265,hebo,7305,plain,false,109,11.80,18.18,11.80,18.57781744003296,"['Standard', '320p', 30, '10s']",0.0,18.57772159576416,0.0,"{""amp"": ""0"", ""aq-mode"": ""4"", ""aq-strength"": ""0.0"", ""b-adapt"": ""1"", ""bframes"": ""7"", ""crf"": ""20.0"", ""ctu"": ""32"", ""keyint"": ""282"", ""limit-refs"": ""3"", ""limit-tu"": ""4"", ""me"": ""star"", ""merange"": ""58"", ""open-gop"": ""1"", ""psy-rd"": ""4.0"", ""psy-rdoq"": ""4.5"", ""qcomp"": ""0.5"", ""qpmax"": ""20"", ""qpmin"": ""18"", ""rc-lookahead"": ""46"", ""rd"": ""2"", ""rdoq-level"": ""2"", ""rect"": ""1"", ""ref"": ""3"", ""rskip"": ""0"", ""sao"": ""0"", ""scenecut"": ""48"", ""subme"": ""3"", ""tu-inter-depth"": ""4"", ""tu-intra-depth"": ""4"", ""weightb"": ""1"", ""weightp"": ""0"", ""wpp"": ""0""}"
x265,hebo,7305,plain,false,110,19.02,12.8,19.02,13.426565647125244,"['Standard', '320p', 30, '10s']",0.0,13.426461696624756,0.0,"{""amp"": ""1"", ""aq-mode"": ""2"", ""aq-strength"": ""0.5"", ""b-adapt"": ""1"", ""bframes"": ""3"", ""crf"": ""22.0"", ""ctu"": ""16"", ""keyint"": ""233"", ""limit-refs"": ""0"", ""limit-tu"": ""0"", ""me"": ""dia"", ""merange"": ""36"", ""open-gop"": ""0"", ""psy-rd"": ""2.0"", ""psy-rdoq"": ""5.0"", ""qcomp"": ""0.7"", ""qpmax"": ""34"", ""qpmin"": ""2"", ""rc-lookahead"": ""17"", ""rd"": ""5"", ""rdoq-level"": ""0"", ""rect"": ""0"", ""ref"": ""1"", ""rskip"": ""0"", ""sao"": ""0"", ""scenecut"": ""72"", ""subme"": ""3"", ""tu-inter-depth"": ""1"", ""tu-intra-depth"": ""3"", ""weightb"": ""0"", ""weightp"": ""0"", ""wpp"": ""1""}"
x265,hebo,7305,plain,false,111,1.89,44.22,1.89,44.58532404899597,"['Standard', '320p', 30, '10s']",0.0,44.58521914482117,0.0,"{""amp"": ""1"", ""aq-mode"": ""0"", ""aq-strength"": ""1.2"", ""b-adapt"": ""2"", ""bframes"": ""1"", ""crf"": ""25.0"", ""ctu"": ""64"", ""keyint"": ""305"", ""limit-refs"": ""2"", ""limit-tu"": ""2"", ""me"": ""umh"", ""merange"": ""53"", ""open-gop"": ""0"", ""psy-rd"": ""4.0"", ""psy-rdoq"": ""4.0"", ""qcomp"": ""0.7"", ""qpmax"": ""39"", ""qpmin"": ""1"", ""rc-lookahead"": ""35"", ""rd"": ""6"", ""rdoq-level"": ""1"", ""rect"": ""0"", ""ref"": ""6"", ""rskip"": ""0"", ""sao"": ""0"", ""scenecut"": ""67"", ""subme"": ""5"", ""tu-inter-depth"": ""1"", ""tu-intra-depth"": ""1"", ""weightb"": ""1"", ""weightp"": ""1"", ""wpp"": ""1""}"
x265,hebo,7305,plain,false,112,-0.09,61.95,-0.09,62.35464096069336,"['Standard', '320p', 30, '10s']",0.0,62.354491233825684,0.0,"{""amp"": ""1"", ""aq-mode"": ""3"", ""aq-strength"": ""1.0"", ""b-adapt"": ""2"", ""bframes"": ""0"", ""crf"": ""18.0"", ""ctu"": ""32"", ""keyint"": ""29"", ""limit-refs"": ""3"", ""limit-tu"": ""4"", ""me"": ""hex"", ""merange"": ""58"", ""open-gop"": ""1"", ""psy-rd"": ""4.0"", ""psy-rdoq"": ""3.0"", ""qcomp"": ""0.9"", ""qpmax"": ""23"", ""qpmin"": ""18"", ""rc-lookahead"": ""16"", ""rd"": ""6"", ""rdoq-level"": ""1"", ""rect"": ""1"", ""ref"": ""4"", ""rskip"": ""0"", ""sao"": ""0"", ""scenecut"": ""97"", ""subme"": ""5"", ""tu-inter-depth"": ""2"", ""tu-intra-depth"": ""3"", ""weightb"": ""1"", ""weightp"": ""1"", ""wpp"": ""1""}"
x265,hebo,7305,plain,false,113,23.30,10.84,23.30,11.331333637237549,"['Standard', '320p', 30, '10s']",0.0,11.331225395202637,0.0,"{""amp"": ""0"", ""aq-mode"": ""1"", ""aq-strength"": ""2.0"", ""b-adapt"": ""2"", ""bframes"": ""8"", ""crf"": ""25.0"", ""ctu"": ""64"", ""keyint"": ""106"", ""limit-refs"": ""2"", ""limit-tu"": ""2"", ""me"": ""dia"", ""merange"": ""38"", ""open-gop"": ""0"", ""psy-rd"": ""0.0"", ""psy-rdoq"": ""0.0"", ""qcomp"": ""1.0"", ""qpmax"": ""40"", ""qpmin"": ""11"", ""rc-lookahead"": ""49"", ""rd"": ""3"", ""rdoq-level"": ""1"", ""rect"": ""1"", ""ref"": ""2"", ""rskip"": ""0"", ""sao"": ""0"", ""scenecut"": ""53"", ""subme"": ""4"", ""tu-inter-depth"": ""4"", ""tu-intra-depth"": ""3"", ""weightb"": ""1"", ""weightp"": ""1"", ""wpp"": ""0""}"
x265,hebo,7305,plain,false,114,43.04,6.41,43.04,6.818152904510498,"['Standard', '320p', 30, '10s']",0.0,6.8180506229400635,0.0,"{""amp"": ""0"", ""aq-mode"": ""4"", ""aq-strength"": ""0.5"", ""b-adapt"": ""2"", ""bframes"": ""5"", ""crf"": ""25.0"", ""ctu"": ""16"", ""keyint"": ""415"", ""limit-refs"": ""1"", ""limit-tu"": ""3"", ""me"": ""hex"", ""merange"": ""47"", ""open-gop"": ""0"", ""psy-rd"": ""2.0"", ""psy-rdoq"": ""1.0"", ""qcomp"": ""0.75"", ""qpmax"": ""37"", ""qpmin"": ""1"", ""rc-lookahead"": ""43"", ""rd"": ""4"", ""rdoq-level"": ""1"", ""rect"": ""0"", ""ref"": ""1"", ""rskip"": ""1"", ""sao"": ""1"", ""scenecut"": ""61"", ""subme"": ""5"", ""tu-inter-depth"": ""3"", ""tu-intra-depth"": ""1"", ""weightb"": ""0"", ""weightp"": ""0"", ""wpp"": ""1""}"
x265,hebo,7305,plain,false,115,16.46,14.26,16.46,14.720237970352173,"['Standard', '320p', 30, '10s']",0.0,14.720139980316162,0.0,"{""amp"": ""1"", ""aq-mode"": ""3"", ""aq-strength"": ""1.2"", ""b-adapt"": ""2"", ""bframes"": ""1"", ""crf"": ""30.0"", ""ctu"": ""32"", ""keyint"": ""106"", ""limit-refs"": ""1"", ""limit-tu"": ""3"", ""me"": ""star"", ""merange"": ""45"", ""open-gop"": ""1"", ""psy-rd"": ""3.0"", ""psy-rdoq"": ""3.5"", ""qcomp"": ""0.7"", ""qpmax"": ""26"", ""qpmin"": ""15"", ""rc-lookahead"": ""55"", ""rd"": ""2"", ""rdoq-level"": ""2"", ""rect"": ""1"", ""ref"": ""1"", ""rskip"": ""0"", ""sao"": ""0"", ""scenecut"": ""78"", ""subme"": ""1"", ""tu-inter-depth"": ""3"", ""tu-intra-depth"": ""4"", ""weightb"": ""0"", ""weightp"": ""0"", ""wpp"": ""0""}"
x265,hebo,7305,plain,false,116,31.36,8.53,31.36,8.943920612335205,"['Standard', '320p', 30, '10s']",0.0,8.943819046020508,0.0,"{""amp"": ""1"", ""aq-mode"": ""3"", ""aq-strength"": ""0.8"", ""b-adapt"": ""2"", ""bframes"": ""2"", ""crf"": ""25.0"", ""ctu"": ""32"", ""keyint"": ""272"", ""limit-refs"": ""3"", ""limit-tu"": ""3"", ""me"": ""hex"", ""merange"": ""52"", ""open-gop"": ""1"", ""psy-rd"": ""2.0"", ""psy-rdoq"": ""2.5"", ""qcomp"": ""0.5"", ""qpmax"": ""29"", ""qpmin"": ""10"", ""rc-lookahead"": ""22"", ""rd"": ""4"", ""rdoq-level"": ""2"", ""rect"": ""0"", ""ref"": ""5"", ""rskip"": ""0"", ""sao"": ""0"", ""scenecut"": ""21"", ""subme"": ""4"", ""tu-inter-depth"": ""1"", ""tu-intra-depth"": ""1"", ""weightb"": ""0"", ""weightp"": ""1"", ""wpp"": ""1""}"
x265,hebo,7305,plain,false,117,60.89,4.7,60.89,5.068374395370483,"['Standard', '320p', 30, '10s']",0.0,5.068280935287476,0.0,"{""amp"": ""1"", ""aq-mode"": ""1"", ""aq-strength"": ""1.0"", ""b-adapt"": ""1"", ""bframes"": ""8"", ""crf"": ""28.0"", ""ctu"": ""32"", ""keyint"": ""39"", ""limit-refs"": ""3"", ""limit-tu"": ""1"", ""me"": ""dia"", ""merange"": ""44"", ""open-gop"": ""1"", ""psy-rd"": ""0.5"", ""psy-rdoq"": ""3.0"", ""qcomp"": ""0.5"", ""qpmax"": ""34"", ""qpmin"": ""15"", ""rc-lookahead"": ""48"", ""rd"": ""4"", ""rdoq-level"": ""0"", ""rect"": ""1"", ""ref"": ""4"", ""rskip"": ""1"", ""sao"": ""1"", ""scenecut"": ""89"", ""subme"": ""4"", ""tu-inter-depth"": ""1"", ""tu-intra-depth"": ""2"", ""weightb"": ""1"", ""weightp"": ""1"", ""wpp"": ""1""}"
x265,hebo,7305,plain,false,118,21.78,11.45,21.78,11.958312034606934,"['Standard', '320p', 30, '10s']",0.0,11.958200693130493,0.0,"{""amp"": ""1"", ""aq-mode"": ""2"", ""aq-strength"": ""0.0"", ""b-adapt"": ""2"", ""bframes"": ""7"", ""crf"": ""22.0"", ""ctu"": ""16"", ""keyint"": ""257"", ""limit-refs"": ""3"", ""limit-tu"": ""1"", ""me"": ""hex"", ""merange"": ""64"", ""open-gop"": ""1"", ""psy-rd"": ""3.5"", ""psy-rdoq"": ""4.0"", ""qcomp"": ""1.0"", ""qpmax"": ""47"", ""qpmin"": ""10"", ""rc-lookahead"": ""52"", ""rd"": ""2"", ""rdoq-level"": ""1"", ""rect"": ""1"", ""ref"": ""2"", ""rskip"": ""1"", ""sao"": ""0"", ""scenecut"": ""31"", ""subme"": ""5"", ""tu-inter-depth"": ""2"", ""tu-intra-depth"": ""2"", ""weightb"": ""1"", ""weightp"": ""1"", ""wpp"": ""0""}"
x265,hebo,7305,plain,false,119,10.47,19.74,10.47,20.142854928970337,"['Standard', '320p', 30, '10s']",0.0,20.14275336265564,0.0,"{""amp"": ""0"", ""aq-mode"": ""3"", ""aq-strength"": ""0.8"", ""b-adapt"": ""1"", ""bframes"": ""0"", ""crf"": ""32.0"", ""ctu"": ""64"", ""keyint"": ""272"", ""limit-refs"": ""3"", ""limit-tu"": ""3"", ""me"": ""umh"", ""merange"": ""54"", ""open-gop"": ""1"", ""psy-rd"": ""2.0"", ""psy-rdoq"": ""0.5"", ""qcomp"": ""0.5"", ""qpmax"": ""30"", ""qpmin"": ""13"", ""rc-lookahead"": ""14"", ""rd"": ""4"", ""rdoq-level"": ""2"", ""rect"": ""0"", ""ref"": ""6"", ""rskip"": ""0"", ""sao"": ""0"", ""scenecut"": ""26"", ""subme"": ""3"", ""tu-inter-depth"": ""1"", ""tu-intra-depth"": ""4"", ""weightb"": ""1"", ""weightp"": ""1"", ""wpp"": ""0""}"
x265,hebo,7305,plain,false,120,63.44,4.53,63.44,4.912788152694702,"['Standard', '320p', 30, '10s']",0.0,4.912691354751587,0.0,"{""amp"": ""1"", ""aq-mode"": ""3"", ""aq-strength"": ""0.5"", ""b-adapt"": ""0"", ""bframes"": ""6"", ""crf"": ""28.0"", ""ctu"": ""64"", ""keyint"": ""274"", ""limit-refs"": ""3"", ""limit-tu"": ""3"", ""me"": ""hex"", ""merange"": ""51"", ""open-gop"": ""0"", ""psy-rd"": ""4.0"", ""psy-rdoq"": ""4.0"", ""qcomp"": ""1.0"", ""qpmax"": ""51"", ""qpmin"": ""4"", ""rc-lookahead"": ""36"", ""rd"": ""1"", ""rdoq-level"": ""2"", ""rect"": ""1"", ""ref"": ""5"", ""rskip"": ""1"", ""sao"": ""0"", ""scenecut"": ""68"", ""subme"": ""5"", ""tu-inter-depth"": ""3"", ""tu-intra-depth"": ""1"", ""weightb"": ""0"", ""weightp"": ""1"", ""wpp"": ""1""}"
x265,hebo,7305,plain,false,121,64.74,4.45,64.74,4.840444564819336,"['Standard', '320p', 30, '10s']",0.0,4.840342998504639,0.0,"{""amp"": ""1"", ""aq-mode"": ""3"", ""aq-strength"": ""2.0"", ""b-adapt"": ""0"", ""bframes"": ""6"", ""crf"": ""32.0"", ""ctu"": ""64"", ""keyint"": ""49"", ""limit-refs"": ""3"", ""limit-tu"": ""3"", ""me"": ""star"", ""merange"": ""49"", ""open-gop"": ""0"", ""psy-rd"": ""4.0"", ""psy-rdoq"": ""5.0"", ""qcomp"": ""1.0"", ""qpmax"": ""42"", ""qpmin"": ""4"", ""rc-lookahead"": ""59"", ""rd"": ""1"", ""rdoq-level"": ""2"", ""rect"": ""0"", ""ref"": ""5"", ""rskip"": ""1"", ""sao"": ""0"", ""scenecut"": ""82"", ""subme"": ""5"", ""tu-inter-depth"": ""4"", ""tu-intra-depth"": ""1"", ""weightb"": ""0"", ""weightp"": ""1"", ""wpp"": ""1""}"
x265,hebo,7305,plain,false,122,16.11,14.49,16.11,14.884778022766113,"['Standard', '320p', 30, '10s']",0.0,14.884665250778198,0.0,"{""amp"": ""0"", ""aq-mode"": ""4"", ""aq-strength"": ""0.8"", ""b-adapt"": ""2"", ""bframes"": ""4"", ""crf"": ""18.0"", ""ctu"": ""64"", ""keyint"": ""492"", ""limit-refs"": ""3"", ""limit-tu"": ""2"", ""me"": ""star"", ""merange"": ""43"", ""open-gop"": ""0"", ""psy-rd"": ""1.5"", ""psy-rdoq"": ""4.0"", ""qcomp"": ""1.0"", ""qpmax"": ""50"", ""qpmin"": ""15"", ""rc-lookahead"": ""30"", ""rd"": ""2"", ""rdoq-level"": ""2"", ""rect"": ""1"", ""ref"": ""2"", ""rskip"": ""1"", ""sao"": ""0"", ""scenecut"": ""67"", ""subme"": ""5"", ""tu-inter-depth"": ""4"", ""tu-intra-depth"": ""3"", ""weightb"": ""1"", ""weightp"": ""0"", ""wpp"": ""1""}"
x265,hebo,7305,plain,false,123,24.16,10.51,24.16,10.904874324798584,"['Standard', '320p', 30, '10s']",0.0,10.904772996902466,0.0,"{""amp"": ""0"", ""aq-mode"": ""3"", ""aq-strength"": ""1.5"", ""b-adapt"": ""1"", ""bframes"": ""1"", ""crf"": ""20.0"", ""ctu"": ""64"", ""keyint"": ""422"", ""limit-refs"": ""1"", ""limit-tu"": ""2"", ""me"": ""hex"", ""merange"": ""40"", ""open-gop"": ""0"", ""psy-rd"": ""3.5"", ""psy-rdoq"": ""5.0"", ""qcomp"": ""0.5"", ""qpmax"": ""27"", ""qpmin"": ""1"", ""rc-lookahead"": ""24"", ""rd"": ""4"", ""rdoq-level"": ""0"", ""rect"": ""0"", ""ref"": ""2"", ""rskip"": ""0"", ""sao"": ""0"", ""scenecut"": ""64"", ""subme"": ""1"", ""tu-inter-depth"": ""2"", ""tu-intra-depth"": ""2"", ""weightb"": ""1"", ""weightp"": ""0"", ""wpp"": ""0""}"
x265,hebo,7305,plain,false,124,97.43,3.05,97.43,3.440009832382202,"['Standard', '320p', 30, '10s']",0.0,3.439913034439087,0.0,"{""amp"": ""1"", ""aq-mode"": ""3"", ""aq-strength"": ""1.5"", ""b-adapt"": ""0"", ""bframes"": ""6"", ""crf"": ""32.0"", ""ctu"": ""64"", ""keyint"": ""123"", ""limit-refs"": ""3"", ""limit-tu"": ""3"", ""me"": ""hex"", ""merange"": ""49"", ""open-gop"": ""0"", ""psy-rd"": ""2.0"", ""psy-rdoq"": ""0.5"", ""qcomp"": ""0.8"", ""qpmax"": ""41"", ""qpmin"": ""4"", ""rc-lookahead"": ""36"", ""rd"": ""1"", ""rdoq-level"": ""1"", ""rect"": ""0"", ""ref"": ""6"", ""rskip"": ""1"", ""sao"": ""0"", ""scenecut"": ""46"", ""subme"": ""5"", ""tu-inter-depth"": ""3"", ""tu-intra-depth"": ""1"", ""weightb"": ""0"", ""weightp"": ""1"", ""wpp"": ""1""}"
x265,hebo,7305,plain,false,125,73.19,3.97,73.19,4.36833381652832,"['Standard', '320p', 30, '10s']",0.0,4.368227958679199,0.0,"{""amp"": ""0"", ""aq-mode"": ""1"", ""aq-strength"": ""0.5"", ""b-adapt"": ""2"", ""bframes"": ""0"", ""crf"": ""30.0"", ""ctu"": ""16"", ""keyint"": ""343"", ""limit-refs"": ""1"", ""limit-tu"": ""0"", ""me"": ""star"", ""merange"": ""24"", ""open-gop"": ""0"", ""psy-rd"": ""0.0"", ""psy-rdoq"": ""3.5"", ""qcomp"": ""0.7"", ""qpmax"": ""42"", ""qpmin"": ""9"", ""rc-lookahead"": ""33"", ""rd"": ""1"", ""rdoq-level"": ""2"", ""rect"": ""0"", ""ref"": ""3"", ""rskip"": ""1"", ""sao"": ""0"", ""scenecut"": ""14"", ""subme"": ""1"", ""tu-inter-depth"": ""2"", ""tu-intra-depth"": ""1"", ""weightb"": ""0"", ""weightp"": ""1"", ""wpp"": ""0""}"
x265,hebo,7305,plain,false,126,13.18,16.81,13.18,17.301658868789673,"['Standard', '320p', 30, '10s']",0.0,17.301550149917603,0.0,"{""amp"": ""0"", ""aq-mode"": ""1"", ""aq-strength"": ""1.0"", ""b-adapt"": ""2"", ""bframes"": ""5"", ""crf"": ""20.0"", ""ctu"": ""16"", ""keyint"": ""344"", ""limit-refs"": ""3"", ""limit-tu"": ""4"", ""me"": ""star"", ""merange"": ""51"", ""open-gop"": ""0"", ""psy-rd"": ""0.5"", ""psy-rdoq"": ""0.0"", ""qcomp"": ""0.8"", ""qpmax"": ""44"", ""qpmin"": ""7"", ""rc-lookahead"": ""33"", ""rd"": ""5"", ""rdoq-level"": ""1"", ""rect"": ""0"", ""ref"": ""3"", ""rskip"": ""0"", ""sao"": ""0"", ""scenecut"": ""5"", ""subme"": ""2"", ""tu-inter-depth"": ""1"", ""tu-intra-depth"": ""1"", ""weightb"": ""0"", ""weightp"": ""0"", ""wpp"": ""0""}"
x265,hebo,7305,plain,false,127,47.50,5.94,47.50,6.565629482269287,"['Standard', '320p', 30, '10s']",0.0,6.565519571304321,0.0,"{""amp"": ""0"", ""aq-mode"": ""4"", ""aq-strength"": ""1.2"", ""b-adapt"": ""0"", ""bframes"": ""3"", ""crf"": ""22.0"", ""ctu"": ""16"", ""keyint"": ""73"", ""limit-refs"": ""2"", ""limit-tu"": ""2"", ""me"": ""dia"", ""merange"": ""30"", ""open-gop"": ""0"", ""psy-rd"": ""3.0"", ""psy-rdoq"": ""4.5"", ""qcomp"": ""0.6"", ""qpmax"": ""51"", ""qpmin"": ""15"", ""rc-lookahead"": ""20"", ""rd"": ""1"", ""rdoq-level"": ""2"", ""rect"": ""1"", ""ref"": ""5"", ""rskip"": ""1"", ""sao"": ""1"", ""scenecut"": ""46"", ""subme"": ""5"", ""tu-inter-depth"": ""3"", ""tu-intra-depth"": ""2"", ""weightb"": ""1"", ""weightp"": ""1"", ""wpp"": ""1""}"
x265,hebo,7305,plain,false,128,17.70,13.47,17.70,13.872517585754395,"['Standard', '320p', 30, '10s']",0.0,13.872419357299805,0.0,"{""amp"": ""1"", ""aq-mode"": ""1"", ""aq-strength"": ""0.8"", ""b-adapt"": ""0"", ""bframes"": ""8"", ""crf"": ""32.0"", ""ctu"": ""32"", ""keyint"": ""100"", ""limit-refs"": ""3"", ""limit-tu"": ""0"", ""me"": ""umh"", ""merange"": ""27"", ""open-gop"": ""0"", ""psy-rd"": ""2.0"", ""psy-rdoq"": ""2.5"", ""qcomp"": ""0.7"", ""qpmax"": ""49"", ""qpmin"": ""4"", ""rc-lookahead"": ""43"", ""rd"": ""6"", ""rdoq-level"": ""1"", ""rect"": ""1"", ""ref"": ""6"", ""rskip"": ""1"", ""sao"": ""0"", ""scenecut"": ""99"", ""subme"": ""2"", ""tu-inter-depth"": ""2"", ""tu-intra-depth"": ""2"", ""weightb"": ""1"", ""weightp"": ""1"", ""wpp"": ""1""}"
x265,hebo,7305,plain,false,129,18.37,13.09,18.37,13.488461971282959,"['Standard', '320p', 30, '10s']",0.0,13.488363981246948,0.0,"{""amp"": ""0"", ""aq-mode"": ""1"", ""aq-strength"": ""0.0"", ""b-adapt"": ""1"", ""bframes"": ""5"", ""crf"": ""25.0"", ""ctu"": ""16"", ""keyint"": ""77"", ""limit-refs"": ""0"", ""limit-tu"": ""4"", ""me"": ""dia"", ""merange"": ""50"", ""open-gop"": ""0"", ""psy-rd"": ""3.5"", ""psy-rdoq"": ""4.5"", ""qcomp"": ""0.9"", ""qpmax"": ""34"", ""qpmin"": ""12"", ""rc-lookahead"": ""25"", ""rd"": ""5"", ""rdoq-level"": ""0"", ""rect"": ""0"", ""ref"": ""1"", ""rskip"": ""0"", ""sao"": ""0"", ""scenecut"": ""60"", ""subme"": ""5"", ""tu-inter-depth"": ""3"", ""tu-intra-depth"": ""2"", ""weightb"": ""0"", ""weightp"": ""0"", ""wpp"": ""1""}"
x265,hebo,7305,plain,false,130,7.45,24.52,7.45,24.91035771369934,"['Standard', '320p', 30, '10s']",0.0,24.910252571105957,0.0,"{""amp"": ""0"", ""aq-mode"": ""2"", ""aq-strength"": ""1.8"", ""b-adapt"": ""1"", ""bframes"": ""7"", ""crf"": ""22.0"", ""ctu"": ""64"", ""keyint"": ""213"", ""limit-refs"": ""1"", ""limit-tu"": ""1"", ""me"": ""full"", ""merange"": ""24"", ""open-gop"": ""1"", ""psy-rd"": ""3.0"", ""psy-rdoq"": ""5.0"", ""qcomp"": ""0.8"", ""qpmax"": ""40"", ""qpmin"": ""1"", ""rc-lookahead"": ""33"", ""rd"": ""2"", ""rdoq-level"": ""2"", ""rect"": ""0"", ""ref"": ""6"", ""rskip"": ""0"", ""sao"": ""1"", ""scenecut"": ""78"", ""subme"": ""2"", ""tu-inter-depth"": ""1"", ""tu-intra-depth"": ""1"", ""weightb"": ""0"", ""weightp"": ""1"", ""wpp"": ""0""}"
x265,hebo,7305,plain,false,131,4.97,30.58,4.97,30.971434116363525,"['Standard', '320p', 30, '10s']",0.0,30.971332788467407,0.0,"{""amp"": ""0"", ""aq-mode"": ""2"", ""aq-strength"": ""0.0"", ""b-adapt"": ""0"", ""bframes"": ""6"", ""crf"": ""18.0"", ""ctu"": ""64"", ""keyint"": ""278"", ""limit-refs"": ""0"", ""limit-tu"": ""0"", ""me"": ""full"", ""merange"": ""50"", ""open-gop"": ""0"", ""psy-rd"": ""4.0"", ""psy-rdoq"": ""3.5"", ""qcomp"": ""0.5"", ""qpmax"": ""44"", ""qpmin"": ""4"", ""rc-lookahead"": ""13"", ""rd"": ""4"", ""rdoq-level"": ""2"", ""rect"": ""0"", ""ref"": ""1"", ""rskip"": ""0"", ""sao"": ""1"", ""scenecut"": ""8"", ""subme"": ""1"", ""tu-inter-depth"": ""1"", ""tu-intra-depth"": ""3"", ""weightb"": ""0"", ""weightp"": ""0"", ""wpp"": ""0""}"
x265,hebo,7305,plain,false,132,56.71,5.01,56.71,5.399351358413696,"['Standard', '320p', 30, '10s']",0.0,5.399258375167847,0.0,"{""amp"": ""1"", ""aq-mode"": ""1"", ""aq-strength"": ""1.5"", ""b-adapt"": ""0"", ""bframes"": ""8"", ""crf"": ""30.0"", ""ctu"": ""16"", ""keyint"": ""294"", ""limit-refs"": ""0"", ""limit-tu"": ""3"", ""me"": ""umh"", ""merange"": ""16"", ""open-gop"": ""1"", ""psy-rd"": ""1.5"", ""psy-rdoq"": ""1.5"", ""qcomp"": ""0.9"", ""qpmax"": ""42"", ""qpmin"": ""7"", ""rc-lookahead"": ""39"", ""rd"": ""3"", ""rdoq-level"": ""1"", ""rect"": ""1"", ""ref"": ""5"", ""rskip"": ""0"", ""sao"": ""0"", ""scenecut"": ""63"", ""subme"": ""2"", ""tu-inter-depth"": ""3"", ""tu-intra-depth"": ""3"", ""weightb"": ""1"", ""weightp"": ""0"", ""wpp"": ""0""}"
x265,hebo,7305,plain,false,133,-1.53,87.61,-1.53,87.98861241340637,"['Standard', '320p', 30, '10s']",0.0,87.9885082244873,0.0,"{""amp"": ""0"", ""aq-mode"": ""3"", ""aq-strength"": ""1.8"", ""b-adapt"": ""1"", ""bframes"": ""4"", ""crf"": ""25.0"", ""ctu"": ""32"", ""keyint"": ""186"", ""limit-refs"": ""0"", ""limit-tu"": ""3"", ""me"": ""full"", ""merange"": ""39"", ""open-gop"": ""0"", ""psy-rd"": ""4.0"", ""psy-rdoq"": ""3.0"", ""qcomp"": ""1.0"", ""qpmax"": ""41"", ""qpmin"": ""0"", ""rc-lookahead"": ""58"", ""rd"": ""3"", ""rdoq-level"": ""2"", ""rect"": ""1"", ""ref"": ""4"", ""rskip"": ""1"", ""sao"": ""0"", ""scenecut"": ""51"", ""subme"": ""5"", ""tu-inter-depth"": ""3"", ""tu-intra-depth"": ""1"", ""weightb"": ""0"", ""weightp"": ""0"", ""wpp"": ""1""}"
x265,hebo,7305,plain,false,134,23.52,10.75,23.52,11.1348717212677,"['Standard', '320p', 30, '10s']",0.0,11.134765625,0.0,"{""amp"": ""1"", ""aq-mode"": ""3"", ""aq-strength"": ""1.5"", ""b-adapt"": ""1"", ""bframes"": ""6"", ""crf"": ""32.0"", ""ctu"": ""32"", ""keyint"": ""122"", ""limit-refs"": ""3"", ""limit-tu"": ""3"", ""me"": ""full"", ""merange"": ""49"", ""open-gop"": ""0"", ""psy-rd"": ""1.0"", ""psy-rdoq"": ""5.0"", ""qcomp"": ""0.6"", ""qpmax"": ""41"", ""qpmin"": ""4"", ""rc-lookahead"": ""36"", ""rd"": ""1"", ""rdoq-level"": ""1"", ""rect"": ""0"", ""ref"": ""6"", ""rskip"": ""0"", ""sao"": ""0"", ""scenecut"": ""46"", ""subme"": ""2"", ""tu-inter-depth"": ""3"", ""tu-intra-depth"": ""1"", ""weightb"": ""0"", ""weightp"": ""0"", ""wpp"": ""0""}"
x265,hebo,7305,plain,false,135,41.81,6.58,41.81,6.978816032409668,"['Standard', '320p', 30, '10s']",0.0,6.978717565536499,0.0,"{""amp"": ""1"", ""aq-mode"": ""2"", ""aq-strength"": ""2.0"", ""b-adapt"": ""0"", ""bframes"": ""6"", ""crf"": ""32.0"", ""ctu"": ""64"", ""keyint"": ""494"", ""limit-refs"": ""3"", ""limit-tu"": ""1"", ""me"": ""umh"", ""merange"": ""21"", ""open-gop"": ""0"", ""psy-rd"": ""4.0"", ""psy-rdoq"": ""5.0"", ""qcomp"": ""1.0"", ""qpmax"": ""41"", ""qpmin"": ""10"", ""rc-lookahead"": ""14"", ""rd"": ""1"", ""rdoq-level"": ""1"", ""rect"": ""0"", ""ref"": ""2"", ""rskip"": ""0"", ""sao"": ""1"", ""scenecut"": ""32"", ""subme"": ""4"", ""tu-inter-depth"": ""2"", ""tu-intra-depth"": ""4"", ""weightb"": ""0"", ""weightp"": ""0"", ""wpp"": ""0""}"
x265,hebo,7305,plain,false,136,-2.55,124.27,-2.55,124.66673374176025,"['Standard', '320p', 30, '10s']",0.0,124.66662359237671,0.0,"{""amp"": ""0"", ""aq-mode"": ""2"", ""aq-strength"": ""0.5"", ""b-adapt"": ""0"", ""bframes"": ""4"", ""crf"": ""32.0"", ""ctu"": ""64"", ""keyint"": ""70"", ""limit-refs"": ""0"", ""limit-tu"": ""0"", ""me"": ""full"", ""merange"": ""37"", ""open-gop"": ""0"", ""psy-rd"": ""0.0"", ""psy-rdoq"": ""4.0"", ""qcomp"": ""0.75"", ""qpmax"": ""32"", ""qpmin"": ""20"", ""rc-lookahead"": ""59"", ""rd"": ""5"", ""rdoq-level"": ""1"", ""rect"": ""0"", ""ref"": ""6"", ""rskip"": ""1"", ""sao"": ""0"", ""scenecut"": ""90"", ""subme"": ""5"", ""tu-inter-depth"": ""4"", ""tu-intra-depth"": ""4"", ""weightb"": ""1"", ""weightp"": ""0"", ""wpp"": ""0""}"
x265,hebo,7305,plain,false,137,49.10,5.7,49.10,6.104917287826538,"['Standard', '320p', 30, '10s']",0.0,6.104816913604736,0.0,"{""amp"": ""1"", ""aq-mode"": ""2"", ""aq-strength"": ""1.2"", ""b-adapt"": ""0"", ""bframes"": ""6"", ""crf"": ""28.0"", ""ctu"": ""64"", ""keyint"": ""382"", ""limit-refs"": ""2"", ""limit-tu"": ""4"", ""me"": ""umh"", ""merange"": ""43"", ""open-gop"": ""1"", ""psy-rd"": ""2.0"", ""psy-rdoq"": ""4.0"", ""qcomp"": ""0.6"", ""qpmax"": ""40"", ""qpmin"": ""3"", ""rc-lookahead"": ""57"", ""rd"": ""4"", ""rdoq-level"": ""1"", ""rect"": ""0"", ""ref"": ""2"", ""rskip"": ""0"", ""sao"": ""0"", ""scenecut"": ""71"", ""subme"": ""3"", ""tu-inter-depth"": ""2"", ""tu-intra-depth"": ""1"", ""weightb"": ""0"", ""weightp"": ""0"", ""wpp"": ""1""}"
x265,hebo,7305,plain,false,138,44.21,6.26,44.21,6.650163173675537,"['Standard', '320p', 30, '10s']",0.0,6.650062561035156,0.0,"{""amp"": ""1"", ""aq-mode"": ""1"", ""aq-strength"": ""0.0"", ""b-adapt"": ""1"", ""bframes"": ""4"", ""crf"": ""28.0"", ""ctu"": ""64"", ""keyint"": ""465"", ""limit-refs"": ""3"", ""limit-tu"": ""3"", ""me"": ""hex"", ""merange"": ""41"", ""open-gop"": ""1"", ""psy-rd"": ""3.0"", ""psy-rdoq"": ""0.0"", ""qcomp"": ""0.5"", ""qpmax"": ""37"", ""qpmin"": ""4"", ""rc-lookahead"": ""54"", ""rd"": ""2"", ""rdoq-level"": ""1"", ""rect"": ""1"", ""ref"": ""4"", ""rskip"": ""1"", ""sao"": ""0"", ""scenecut"": ""46"", ""subme"": ""5"", ""tu-inter-depth"": ""4"", ""tu-intra-depth"": ""4"", ""weightb"": ""0"", ""weightp"": ""1"", ""wpp"": ""1""}"
x265,hebo,7305,plain,false,139,13.06,16.92,13.06,17.309674978256226,"['Standard', '320p', 30, '10s']",0.0,17.309577226638794,0.0,"{""amp"": ""0"", ""aq-mode"": ""0"", ""aq-strength"": ""1.2"", ""b-adapt"": ""0"", ""bframes"": ""6"", ""crf"": ""18.0"", ""ctu"": ""16"", ""keyint"": ""438"", ""limit-refs"": ""2"", ""limit-tu"": ""3"", ""me"": ""dia"", ""merange"": ""43"", ""open-gop"": ""0"", ""psy-rd"": ""2.5"", ""psy-rdoq"": ""1.5"", ""qcomp"": ""0.9"", ""qpmax"": ""38"", ""qpmin"": ""20"", ""rc-lookahead"": ""36"", ""rd"": ""6"", ""rdoq-level"": ""0"", ""rect"": ""0"", ""ref"": ""2"", ""rskip"": ""1"", ""sao"": ""1"", ""scenecut"": ""29"", ""subme"": ""3"", ""tu-inter-depth"": ""2"", ""tu-intra-depth"": ""1"", ""weightb"": ""0"", ""weightp"": ""1"", ""wpp"": ""0""}"
x265,hebo,7305,plain,false,140,-1.42,85.02,-1.42,85.54642748832703,"['Standard', '320p', 30, '10s']",0.0,85.54626417160034,0.0,"{""amp"": ""1"", ""aq-mode"": ""0"", ""aq-strength"": ""2.0"", ""b-adapt"": ""1"", ""bframes"": ""6"", ""crf"": ""18.0"", ""ctu"": ""64"", ""keyint"": ""247"", ""limit-refs"": ""3"", ""limit-tu"": ""0"", ""me"": ""star"", ""merange"": ""41"", ""open-gop"": ""0"", ""psy-rd"": ""1.0"", ""psy-rdoq"": ""3.5"", ""qcomp"": ""0.5"", ""qpmax"": ""47"", ""qpmin"": ""19"", ""rc-lookahead"": ""53"", ""rd"": ""5"", ""rdoq-level"": ""2"", ""rect"": ""1"", ""ref"": ""5"", ""rskip"": ""1"", ""sao"": ""0"", ""scenecut"": ""4"", ""subme"": ""5"", ""tu-inter-depth"": ""4"", ""tu-intra-depth"": ""2"", ""weightb"": ""1"", ""weightp"": ""1"", ""wpp"": ""1""}"
x265,hebo,7305,plain,false,141,13.73,16.32,13.73,16.71370244026184,"['Standard', '320p', 30, '10s']",0.0,16.713598012924194,0.0,"{""amp"": ""0"", ""aq-mode"": ""4"", ""aq-strength"": ""1.2"", ""b-adapt"": ""1"", ""bframes"": ""7"", ""crf"": ""20.0"", ""ctu"": ""16"", ""keyint"": ""343"", ""limit-refs"": ""1"", ""limit-tu"": ""1"", ""me"": ""star"", ""merange"": ""41"", ""open-gop"": ""0"", ""psy-rd"": ""1.0"", ""psy-rdoq"": ""0.0"", ""qcomp"": ""0.9"", ""qpmax"": ""23"", ""qpmin"": ""2"", ""rc-lookahead"": ""55"", ""rd"": ""4"", ""rdoq-level"": ""2"", ""rect"": ""1"", ""ref"": ""6"", ""rskip"": ""1"", ""sao"": ""1"", ""scenecut"": ""55"", ""subme"": ""1"", ""tu-inter-depth"": ""3"", ""tu-intra-depth"": ""2"", ""weightb"": ""0"", ""weightp"": ""0"", ""wpp"": ""0""}"
x265,hebo,7305,plain,false,142,42.89,6.43,42.89,6.82075572013855,"['Standard', '320p', 30, '10s']",0.0,6.820657014846802,0.0,"{""amp"": ""1"", ""aq-mode"": ""4"", ""aq-strength"": ""0.0"", ""b-adapt"": ""0"", ""bframes"": ""2"", ""crf"": ""25.0"", ""ctu"": ""64"", ""keyint"": ""323"", ""limit-refs"": ""1"", ""limit-tu"": ""2"", ""me"": ""hex"", ""merange"": ""35"", ""open-gop"": ""1"", ""psy-rd"": ""2.0"", ""psy-rdoq"": ""5.0"", ""qcomp"": ""0.5"", ""qpmax"": ""46"", ""qpmin"": ""13"", ""rc-lookahead"": ""48"", ""rd"": ""1"", ""rdoq-level"": ""1"", ""rect"": ""1"", ""ref"": ""4"", ""rskip"": ""0"", ""sao"": ""0"", ""scenecut"": ""4"", ""subme"": ""4"", ""tu-inter-depth"": ""2"", ""tu-intra-depth"": ""4"", ""weightb"": ""1"", ""weightp"": ""1"", ""wpp"": ""1""}"
x265,hebo,7305,plain,false,143,27.46,9.44,27.46,9.845132827758789,"['Standard', '320p', 30, '10s']",0.0,9.84502124786377,0.0,"{""amp"": ""0"", ""aq-mode"": ""1"", ""aq-strength"": ""0.0"", ""b-adapt"": ""2"", ""bframes"": ""3"", ""crf"": ""22.0"", ""ctu"": ""32"", ""keyint"": ""116"", ""limit-refs"": ""3"", ""limit-tu"": ""2"", ""me"": ""dia"", ""merange"": ""61"", ""open-gop"": ""1"", ""psy-rd"": ""2.0"", ""psy-rdoq"": ""1.0"", ""qcomp"": ""0.75"", ""qpmax"": ""28"", ""qpmin"": ""9"", ""rc-lookahead"": ""52"", ""rd"": ""4"", ""rdoq-level"": ""2"", ""rect"": ""1"", ""ref"": ""4"", ""rskip"": ""0"", ""sao"": ""0"", ""scenecut"": ""8"", ""subme"": ""2"", ""tu-inter-depth"": ""1"", ""tu-intra-depth"": ""2"", ""weightb"": ""1"", ""weightp"": ""1"", ""wpp"": ""1""}"
x265,hebo,7305,plain,false,144,19.00,12.74,19.00,13.133904218673706,"['Standard', '320p', 30, '10s']",0.0,13.133802652359009,0.0,"{""amp"": ""0"", ""aq-mode"": ""4"", ""aq-strength"": ""1.8"", ""b-adapt"": ""1"", ""bframes"": ""0"", ""crf"": ""18.0"", ""ctu"": ""16"", ""keyint"": ""38"", ""limit-refs"": ""0"", ""limit-tu"": ""1"", ""me"": ""star"", ""merange"": ""35"", ""open-gop"": ""1"", ""psy-rd"": ""2.0"", ""psy-rdoq"": ""3.5"", ""qcomp"": ""0.8"", ""qpmax"": ""24"", ""qpmin"": ""1"", ""rc-lookahead"": ""19"", ""rd"": ""3"", ""rdoq-level"": ""0"", ""rect"": ""1"", ""ref"": ""4"", ""rskip"": ""1"", ""sao"": ""0"", ""scenecut"": ""84"", ""subme"": ""1"", ""tu-inter-depth"": ""1"", ""tu-intra-depth"": ""2"", ""weightb"": ""1"", ""weightp"": ""1"", ""wpp"": ""1""}"
x265,hebo,7305,plain,false,145,13.69,16.35,13.69,16.735928058624268,"['Standard', '320p', 30, '10s']",0.0,16.73582649230957,0.0,"{""amp"": ""1"", ""aq-mode"": ""4"", ""aq-strength"": ""2.0"", ""b-adapt"": ""2"", ""bframes"": ""6"", ""crf"": ""25.0"", ""ctu"": ""32"", ""keyint"": ""74"", ""limit-refs"": ""0"", ""limit-tu"": ""0"", ""me"": ""hex"", ""merange"": ""55"", ""open-gop"": ""1"", ""psy-rd"": ""1.0"", ""psy-rdoq"": ""2.5"", ""qcomp"": ""0.6"", ""qpmax"": ""47"", ""qpmin"": ""17"", ""rc-lookahead"": ""52"", ""rd"": ""5"", ""rdoq-level"": ""2"", ""rect"": ""0"", ""ref"": ""2"", ""rskip"": ""1"", ""sao"": ""0"", ""scenecut"": ""63"", ""subme"": ""1"", ""tu-inter-depth"": ""2"", ""tu-intra-depth"": ""4"", ""weightb"": ""1"", ""weightp"": ""1"", ""wpp"": ""1""}"
x265,hebo,7305,plain,false,146,1.60,46.15,1.60,46.545175075531006,"['Standard', '320p', 30, '10s']",0.0,46.54507303237915,0.0,"{""amp"": ""0"", ""aq-mode"": ""3"", ""aq-strength"": ""0.5"", ""b-adapt"": ""2"", ""bframes"": ""4"", ""crf"": ""18.0"", ""ctu"": ""32"", ""keyint"": ""104"", ""limit-refs"": ""1"", ""limit-tu"": ""4"", ""me"": ""umh"", ""merange"": ""25"", ""open-gop"": ""0"", ""psy-rd"": ""3.0"", ""psy-rdoq"": ""4.0"", ""qcomp"": ""1.0"", ""qpmax"": ""30"", ""qpmin"": ""13"", ""rc-lookahead"": ""22"", ""rd"": ""5"", ""rdoq-level"": ""2"", ""rect"": ""1"", ""ref"": ""4"", ""rskip"": ""0"", ""sao"": ""1"", ""scenecut"": ""88"", ""subme"": ""1"", ""tu-inter-depth"": ""1"", ""tu-intra-depth"": ""3"", ""weightb"": ""1"", ""weightp"": ""1"", ""wpp"": ""1""}"
x265,hebo,7305,plain,false,147,13.94,16.13,13.94,16.540444135665894,"['Standard', '320p', 30, '10s']",0.0,16.54034733772278,0.0,"{""amp"": ""0"", ""aq-mode"": ""3"", ""aq-strength"": ""1.0"", ""b-adapt"": ""1"", ""bframes"": ""5"", ""crf"": ""20.0"", ""ctu"": ""32"", ""keyint"": ""145"", ""limit-refs"": ""3"", ""limit-tu"": ""3"", ""me"": ""dia"", ""merange"": ""52"", ""open-gop"": ""1"", ""psy-rd"": ""0.0"", ""psy-rdoq"": ""3.5"", ""qcomp"": ""1.0"", ""qpmax"": ""37"", ""qpmin"": ""1"", ""rc-lookahead"": ""47"", ""rd"": ""4"", ""rdoq-level"": ""1"", ""rect"": ""1"", ""ref"": ""2"", ""rskip"": ""1"", ""sao"": ""0"", ""scenecut"": ""2"", ""subme"": ""5"", ""tu-inter-depth"": ""3"", ""tu-intra-depth"": ""4"", ""weightb"": ""0"", ""weightp"": ""1"", ""wpp"": ""0""}"
x265,hebo,7305,plain,false,148,12.18,17.78,12.18,18.1690936088562,"['Standard', '320p', 30, '10s']",0.0,18.16899347305298,0.0,"{""amp"": ""1"", ""aq-mode"": ""0"", ""aq-strength"": ""1.2"", ""b-adapt"": ""0"", ""bframes"": ""3"", ""crf"": ""28.0"", ""ctu"": ""16"", ""keyint"": ""49"", ""limit-refs"": ""3"", ""limit-tu"": ""1"", ""me"": ""star"", ""merange"": ""40"", ""open-gop"": ""1"", ""psy-rd"": ""2.5"", ""psy-rdoq"": ""1.5"", ""qcomp"": ""0.8"", ""qpmax"": ""38"", ""qpmin"": ""10"", ""rc-lookahead"": ""27"", ""rd"": ""6"", ""rdoq-level"": ""1"", ""rect"": ""1"", ""ref"": ""2"", ""rskip"": ""0"", ""sao"": ""0"", ""scenecut"": ""75"", ""subme"": ""3"", ""tu-inter-depth"": ""3"", ""tu-intra-depth"": ""3"", ""weightb"": ""1"", ""weightp"": ""0"", ""wpp"": ""0""}"
x265,hebo,7305,plain,false,149,109.66,2.74,109.66,3.1155240535736084,"['Standard', '320p', 30, '10s']",0.0,3.1154301166534424,0.0,"{""amp"": ""1"", ""aq-mode"": ""2"", ""aq-strength"": ""2.0"", ""b-adapt"": ""0"", ""bframes"": ""6"", ""crf"": ""32.0"", ""ctu"": ""64"", ""keyint"": ""119"", ""limit-refs"": ""3"", ""limit-tu"": ""3"", ""me"": ""hex"", ""merange"": ""49"", ""open-gop"": ""0"", ""psy-rd"": ""4.0"", ""psy-rdoq"": ""5.0"", ""qcomp"": ""1.0"", ""qpmax"": ""34"", ""qpmin"": ""4"", ""rc-lookahead"": ""36"", ""rd"": ""1"", ""rdoq-level"": ""0"", ""rect"": ""0"", ""ref"": ""4"", ""rskip"": ""1"", ""sao"": ""0"", ""scenecut"": ""46"", ""subme"": ""4"", ""tu-inter-depth"": ""3"", ""tu-intra-depth"": ""1"", ""weightb"": ""0"", ""weightp"": ""1"", ""wpp"": ""1""}"
x265,hebo,7305,plain,false,150,35.65,7.56,35.65,7.950811147689819,"['Standard', '320p', 30, '10s']",0.0,7.950712203979492,0.0,"{""amp"": ""1"", ""aq-mode"": ""4"", ""aq-strength"": ""1.2"", ""b-adapt"": ""0"", ""bframes"": ""2"", ""crf"": ""28.0"", ""ctu"": ""32"", ""keyint"": ""277"", ""limit-refs"": ""0"", ""limit-tu"": ""0"", ""me"": ""umh"", ""merange"": ""55"", ""open-gop"": ""0"", ""psy-rd"": ""0.0"", ""psy-rdoq"": ""2.0"", ""qcomp"": ""1.0"", ""qpmax"": ""44"", ""qpmin"": ""9"", ""rc-lookahead"": ""55"", ""rd"": ""4"", ""rdoq-level"": ""0"", ""rect"": ""0"", ""ref"": ""4"", ""rskip"": ""0"", ""sao"": ""1"", ""scenecut"": ""58"", ""subme"": ""2"", ""tu-inter-depth"": ""4"", ""tu-intra-depth"": ""3"", ""weightb"": ""0"", ""weightp"": ""0"", ""wpp"": ""0""}"
x265,hebo,7305,plain,false,151,16.01,14.56,16.01,14.953076601028442,"['Standard', '320p', 30, '10s']",0.0,14.952975273132324,0.0,"{""amp"": ""1"", ""aq-mode"": ""4"", ""aq-strength"": ""1.5"", ""b-adapt"": ""0"", ""bframes"": ""1"", ""crf"": ""32.0"", ""ctu"": ""64"", ""keyint"": ""455"", ""limit-refs"": ""2"", ""limit-tu"": ""2"", ""me"": ""star"", ""merange"": ""40"", ""open-gop"": ""0"", ""psy-rd"": ""1.5"", ""psy-rdoq"": ""4.5"", ""qcomp"": ""0.7"", ""qpmax"": ""23"", ""qpmin"": ""2"", ""rc-lookahead"": ""12"", ""rd"": ""1"", ""rdoq-level"": ""2"", ""rect"": ""0"", ""ref"": ""3"", ""rskip"": ""0"", ""sao"": ""1"", ""scenecut"": ""60"", ""subme"": ""3"", ""tu-inter-depth"": ""3"", ""tu-intra-depth"": ""1"", ""weightb"": ""0"", ""weightp"": ""0"", ""wpp"": ""0""}"
x265,hebo,7305,plain,false,152,68.03,4.24,68.03,4.638048887252808,"['Standard', '320p', 30, '10s']",0.0,4.637953042984009,0.0,"{""amp"": ""1"", ""aq-mode"": ""1"", ""aq-strength"": ""2.0"", ""b-adapt"": ""1"", ""bframes"": ""4"", ""crf"": ""25.0"", ""ctu"": ""16"", ""keyint"": ""419"", ""limit-refs"": ""3"", ""limit-tu"": ""2"", ""me"": ""dia"", ""merange"": ""33"", ""open-gop"": ""1"", ""psy-rd"": ""0.0"", ""psy-rdoq"": ""3.5"", ""qcomp"": ""1.0"", ""qpmax"": ""48"", ""qpmin"": ""16"", ""rc-lookahead"": ""39"", ""rd"": ""4"", ""rdoq-level"": ""0"", ""rect"": ""1"", ""ref"": ""2"", ""rskip"": ""0"", ""sao"": ""0"", ""scenecut"": ""56"", ""subme"": ""3"", ""tu-inter-depth"": ""2"", ""tu-intra-depth"": ""2"", ""weightb"": ""0"", ""weightp"": ""1"", ""wpp"": ""1""}"
x265,hebo,7305,plain,false,153,16.27,14.37,16.27,14.864193677902222,"['Standard', '320p', 30, '10s']",0.0,14.864083051681519,0.0,"{""amp"": ""1"", ""aq-mode"": ""0"", ""aq-strength"": ""2.0"", ""b-adapt"": ""2"", ""bframes"": ""0"", ""crf"": ""25.0"", ""ctu"": ""16"", ""keyint"": ""288"", ""limit-refs"": ""2"", ""limit-tu"": ""3"", ""me"": ""star"", ""merange"": ""25"", ""open-gop"": ""1"", ""psy-rd"": ""2.5"", ""psy-rdoq"": ""2.5"", ""qcomp"": ""0.6"", ""qpmax"": ""20"", ""qpmin"": ""13"", ""rc-lookahead"": ""18"", ""rd"": ""2"", ""rdoq-level"": ""0"", ""rect"": ""1"", ""ref"": ""4"", ""rskip"": ""0"", ""sao"": ""0"", ""scenecut"": ""91"", ""subme"": ""5"", ""tu-inter-depth"": ""2"", ""tu-intra-depth"": ""3"", ""weightb"": ""0"", ""weightp"": ""1"", ""wpp"": ""1""}"
x265,hebo,7305,plain,false,154,24.61,10.35,24.61,10.744766473770142,"['Standard', '320p', 30, '10s']",0.0,10.744670629501343,0.0,"{""amp"": ""1"", ""aq-mode"": ""0"", ""aq-strength"": ""1.2"", ""b-adapt"": ""2"", ""bframes"": ""4"", ""crf"": ""22.0"", ""ctu"": ""16"", ""keyint"": ""140"", ""limit-refs"": ""2"", ""limit-tu"": ""0"", ""me"": ""hex"", ""merange"": ""24"", ""open-gop"": ""0"", ""psy-rd"": ""3.5"", ""psy-rdoq"": ""2.0"", ""qcomp"": ""0.5"", ""qpmax"": ""24"", ""qpmin"": ""3"", ""rc-lookahead"": ""50"", ""rd"": ""2"", ""rdoq-level"": ""0"", ""rect"": ""1"", ""ref"": ""3"", ""rskip"": ""1"", ""sao"": ""0"", ""scenecut"": ""73"", ""subme"": ""4"", ""tu-inter-depth"": ""3"", ""tu-intra-depth"": ""1"", ""weightb"": ""0"", ""weightp"": ""0"", ""wpp"": ""0""}"
x265,hebo,7305,plain,false,155,16.55,14.27,16.55,14.884319543838501,"['Standard', '320p', 30, '10s']",0.0,14.88420057296753,0.0,"{""amp"": ""1"", ""aq-mode"": ""1"", ""aq-strength"": ""1.0"", ""b-adapt"": ""1"", ""bframes"": ""6"", ""crf"": ""20.0"", ""ctu"": ""64"", ""keyint"": ""349"", ""limit-refs"": ""1"", ""limit-tu"": ""3"", ""me"": ""umh"", ""merange"": ""27"", ""open-gop"": ""0"", ""psy-rd"": ""4.0"", ""psy-rdoq"": ""3.0"", ""qcomp"": ""0.9"", ""qpmax"": ""30"", ""qpmin"": ""1"", ""rc-lookahead"": ""12"", ""rd"": ""4"", ""rdoq-level"": ""1"", ""rect"": ""0"", ""ref"": ""4"", ""rskip"": ""0"", ""sao"": ""1"", ""scenecut"": ""89"", ""subme"": ""5"", ""tu-inter-depth"": ""3"", ""tu-intra-depth"": ""1"", ""weightb"": ""1"", ""weightp"": ""1"", ""wpp"": ""0""}"
x265,hebo,7305,plain,false,156,40.68,6.74,40.68,7.1380860805511475,"['Standard', '320p', 30, '10s']",0.0,7.137988328933716,0.0,"{""amp"": ""0"", ""aq-mode"": ""1"", ""aq-strength"": ""2.0"", ""b-adapt"": ""1"", ""bframes"": ""4"", ""crf"": ""22.0"", ""ctu"": ""32"", ""keyint"": ""266"", ""limit-refs"": ""0"", ""limit-tu"": ""0"", ""me"": ""umh"", ""merange"": ""20"", ""open-gop"": ""0"", ""psy-rd"": ""3.5"", ""psy-rdoq"": ""4.5"", ""qcomp"": ""0.75"", ""qpmax"": ""47"", ""qpmin"": ""17"", ""rc-lookahead"": ""10"", ""rd"": ""1"", ""rdoq-level"": ""1"", ""rect"": ""1"", ""ref"": ""1"", ""rskip"": ""0"", ""sao"": ""0"", ""scenecut"": ""99"", ""subme"": ""1"", ""tu-inter-depth"": ""2"", ""tu-intra-depth"": ""1"", ""weightb"": ""0"", ""weightp"": ""1"", ""wpp"": ""0""}"
x265,hebo,7305,plain,false,157,102.87,2.91,102.87,3.4108479022979736,"['Standard', '320p', 30, '10s']",0.0,3.4106950759887695,0.0,"{""amp"": ""1"", ""aq-mode"": ""2"", ""aq-strength"": ""2.0"", ""b-adapt"": ""0"", ""bframes"": ""7"", ""crf"": ""32.0"", ""ctu"": ""64"", ""keyint"": ""113"", ""limit-refs"": ""1"", ""limit-tu"": ""3"", ""me"": ""umh"", ""merange"": ""55"", ""open-gop"": ""0"", ""psy-rd"": ""4.0"", ""psy-rdoq"": ""5.0"", ""qcomp"": ""1.0"", ""qpmax"": ""34"", ""qpmin"": ""4"", ""rc-lookahead"": ""36"", ""rd"": ""1"", ""rdoq-level"": ""0"", ""rect"": ""0"", ""ref"": ""4"", ""rskip"": ""1"", ""sao"": ""0"", ""scenecut"": ""46"", ""subme"": ""4"", ""tu-inter-depth"": ""3"", ""tu-intra-depth"": ""1"", ""weightb"": ""0"", ""weightp"": ""1"", ""wpp"": ""1""}"
x265,hebo,7305,plain,false,158,18.84,12.83,18.84,13.218074560165405,"['Standard', '320p', 30, '10s']",0.0,13.217973470687866,0.0,"{""amp"": ""0"", ""aq-mode"": ""4"", ""aq-strength"": ""1.5"", ""b-adapt"": ""1"", ""bframes"": ""0"", ""crf"": ""25.0"", ""ctu"": ""16"", ""keyint"": ""323"", ""limit-refs"": ""1"", ""limit-tu"": ""3"", ""me"": ""dia"", ""merange"": ""17"", ""open-gop"": ""0"", ""psy-rd"": ""0.0"", ""psy-rdoq"": ""1.5"", ""qcomp"": ""0.7"", ""qpmax"": ""43"", ""qpmin"": ""10"", ""rc-lookahead"": ""19"", ""rd"": ""6"", ""rdoq-level"": ""0"", ""rect"": ""1"", ""ref"": ""4"", ""rskip"": ""0"", ""sao"": ""0"", ""scenecut"": ""48"", ""subme"": ""3"", ""tu-inter-depth"": ""1"", ""tu-intra-depth"": ""3"", ""weightb"": ""0"", ""weightp"": ""1"", ""wpp"": ""0""}"
x265,hebo,7305,plain,false,159,8.00,23.46,8.00,23.856605768203735,"['Standard', '320p', 30, '10s']",0.0,23.8565034866333,0.0,"{""amp"": ""1"", ""aq-mode"": ""3"", ""aq-strength"": ""0.8"", ""b-adapt"": ""0"", ""bframes"": ""4"", ""crf"": ""18.0"", ""ctu"": ""16"", ""keyint"": ""322"", ""limit-refs"": ""2"", ""limit-tu"": ""4"", ""me"": ""umh"", ""merange"": ""42"", ""open-gop"": ""0"", ""psy-rd"": ""0.0"", ""psy-rdoq"": ""5.0"", ""qcomp"": ""0.8"", ""qpmax"": ""35"", ""qpmin"": ""13"", ""rc-lookahead"": ""30"", ""rd"": ""5"", ""rdoq-level"": ""0"", ""rect"": ""1"", ""ref"": ""6"", ""rskip"": ""1"", ""sao"": ""0"", ""scenecut"": ""80"", ""subme"": ""2"", ""tu-inter-depth"": ""3"", ""tu-intra-depth"": ""2"", ""weightb"": ""1"", ""weightp"": ""1"", ""wpp"": ""1""}"
x265,hebo,7305,plain,false,160,-3.06,156.66,-3.06,157.05356669425964,"['Standard', '320p', 30, '10s']",0.0,157.05346584320068,0.0,"{""amp"": ""1"", ""aq-mode"": ""0"", ""aq-strength"": ""2.0"", ""b-adapt"": ""1"", ""bframes"": ""8"", ""crf"": ""32.0"", ""ctu"": ""16"", ""keyint"": ""443"", ""limit-refs"": ""1"", ""limit-tu"": ""1"", ""me"": ""full"", ""merange"": ""49"", ""open-gop"": ""1"", ""psy-rd"": ""1.0"", ""psy-rdoq"": ""0.0"", ""qcomp"": ""0.75"", ""qpmax"": ""37"", ""qpmin"": ""9"", ""rc-lookahead"": ""12"", ""rd"": ""6"", ""rdoq-level"": ""0"", ""rect"": ""0"", ""ref"": ""6"", ""rskip"": ""0"", ""sao"": ""0"", ""scenecut"": ""73"", ""subme"": ""1"", ""tu-inter-depth"": ""1"", ""tu-intra-depth"": ""1"", ""weightb"": ""0"", ""weightp"": ""0"", ""wpp"": ""0""}"
x265,hebo,7305,plain,false,161,-2.65,129.42,-2.65,129.81759643554688,"['Standard', '320p', 30, '10s']",0.0,129.81749153137207,0.0,"{""amp"": ""1"", ""aq-mode"": ""3"", ""aq-strength"": ""0.0"", ""b-adapt"": ""1"", ""bframes"": ""6"", ""crf"": ""20.0"", ""ctu"": ""64"", ""keyint"": ""450"", ""limit-refs"": ""2"", ""limit-tu"": ""1"", ""me"": ""full"", ""merange"": ""59"", ""open-gop"": ""0"", ""psy-rd"": ""1.0"", ""psy-rdoq"": ""3.0"", ""qcomp"": ""0.7"", ""qpmax"": ""39"", ""qpmin"": ""12"", ""rc-lookahead"": ""35"", ""rd"": ""5"", ""rdoq-level"": ""1"", ""rect"": ""0"", ""ref"": ""1"", ""rskip"": ""0"", ""sao"": ""0"", ""scenecut"": ""96"", ""subme"": ""2"", ""tu-inter-depth"": ""2"", ""tu-intra-depth"": ""3"", ""weightb"": ""1"", ""weightp"": ""1"", ""wpp"": ""1""}"
x265,hebo,7305,plain,false,162,101.93,2.93,101.93,3.4369869232177734,"['Standard', '320p', 30, '10s']",0.0,3.436838150024414,0.0,"{""amp"": ""1"", ""aq-mode"": ""2"", ""aq-strength"": ""1.2"", ""b-adapt"": ""0"", ""bframes"": ""6"", ""crf"": ""32.0"", ""ctu"": ""16"", ""keyint"": ""108"", ""limit-refs"": ""3"", ""limit-tu"": ""3"", ""me"": ""star"", ""merange"": ""49"", ""open-gop"": ""0"", ""psy-rd"": ""3.0"", ""psy-rdoq"": ""0.5"", ""qcomp"": ""0.5"", ""qpmax"": ""34"", ""qpmin"": ""4"", ""rc-lookahead"": ""36"", ""rd"": ""1"", ""rdoq-level"": ""0"", ""rect"": ""1"", ""ref"": ""4"", ""rskip"": ""1"", ""sao"": ""0"", ""scenecut"": ""62"", ""subme"": ""4"", ""tu-inter-depth"": ""3"", ""tu-intra-depth"": ""1"", ""weightb"": ""0"", ""weightp"": ""1"", ""wpp"": ""1""}"
x265,hebo,7305,plain,false,163,31.71,8.37,31.71,8.986014604568481,"['Standard', '320p', 30, '10s']",0.0,8.985900163650513,0.0,"{""amp"": ""0"", ""aq-mode"": ""2"", ""aq-strength"": ""1.0"", ""b-adapt"": ""1"", ""bframes"": ""7"", ""crf"": ""25.0"", ""ctu"": ""64"", ""keyint"": ""452"", ""limit-refs"": ""1"", ""limit-tu"": ""1"", ""me"": ""umh"", ""merange"": ""25"", ""open-gop"": ""1"", ""psy-rd"": ""1.5"", ""psy-rdoq"": ""5.0"", ""qcomp"": ""0.8"", ""qpmax"": ""34"", ""qpmin"": ""3"", ""rc-lookahead"": ""37"", ""rd"": ""1"", ""rdoq-level"": ""1"", ""rect"": ""1"", ""ref"": ""3"", ""rskip"": ""0"", ""sao"": ""1"", ""scenecut"": ""59"", ""subme"": ""4"", ""tu-inter-depth"": ""1"", ""tu-intra-depth"": ""4"", ""weightb"": ""0"", ""weightp"": ""1"", ""wpp"": ""0""}"
x265,hebo,7305,plain,false,164,39.33,7.04,39.33,7.671046257019043,"['Standard', '320p', 30, '10s']",0.0,7.670939922332764,0.0,"{""amp"": ""1"", ""aq-mode"": ""4"", ""aq-strength"": ""1.8"", ""b-adapt"": ""1"", ""bframes"": ""8"", ""crf"": ""25.0"", ""ctu"": ""64"", ""keyint"": ""66"", ""limit-refs"": ""3"", ""limit-tu"": ""3"", ""me"": ""hex"", ""merange"": ""19"", ""open-gop"": ""1"", ""psy-rd"": ""2.5"", ""psy-rdoq"": ""3.0"", ""qcomp"": ""0.9"", ""qpmax"": ""50"", ""qpmin"": ""17"", ""rc-lookahead"": ""34"", ""rd"": ""2"", ""rdoq-level"": ""1"", ""rect"": ""1"", ""ref"": ""1"", ""rskip"": ""1"", ""sao"": ""1"", ""scenecut"": ""63"", ""subme"": ""2"", ""tu-inter-depth"": ""1"", ""tu-intra-depth"": ""1"", ""weightb"": ""1"", ""weightp"": ""1"", ""wpp"": ""0""}"
x265,hebo,7305,plain,false,165,-1.58,89.12,-1.58,89.63388085365295,"['Standard', '320p', 30, '10s']",0.0,89.63376998901367,0.0,"{""amp"": ""1"", ""aq-mode"": ""2"", ""aq-strength"": ""1.2"", ""b-adapt"": ""0"", ""bframes"": ""1"", ""crf"": ""32.0"", ""ctu"": ""16"", ""keyint"": ""226"", ""limit-refs"": ""2"", ""limit-tu"": ""4"", ""me"": ""full"", ""merange"": ""38"", ""open-gop"": ""1"", ""psy-rd"": ""4.0"", ""psy-rdoq"": ""1.0"", ""qcomp"": ""0.6"", ""qpmax"": ""39"", ""qpmin"": ""20"", ""rc-lookahead"": ""34"", ""rd"": ""6"", ""rdoq-level"": ""1"", ""rect"": ""1"", ""ref"": ""5"", ""rskip"": ""1"", ""sao"": ""1"", ""scenecut"": ""73"", ""subme"": ""2"", ""tu-inter-depth"": ""2"", ""tu-intra-depth"": ""1"", ""weightb"": ""0"", ""weightp"": ""1"", ""wpp"": ""1""}"
x265,hebo,7305,plain,false,166,7.85,23.75,7.85,24.14795422554016,"['Standard', '320p', 30, '10s']",0.0,24.147853136062622,0.0,"{""amp"": ""0"", ""aq-mode"": ""0"", ""aq-strength"": ""1.2"", ""b-adapt"": ""1"", ""bframes"": ""4"", ""crf"": ""18.0"", ""ctu"": ""32"", ""keyint"": ""53"", ""limit-refs"": ""2"", ""limit-tu"": ""1"", ""me"": ""full"", ""merange"": ""55"", ""open-gop"": ""0"", ""psy-rd"": ""4.0"", ""psy-rdoq"": ""3.5"", ""qcomp"": ""0.9"", ""qpmax"": ""26"", ""qpmin"": ""20"", ""rc-lookahead"": ""48"", ""rd"": ""1"", ""rdoq-level"": ""1"", ""rect"": ""0"", ""ref"": ""1"", ""rskip"": ""0"", ""sao"": ""0"", ""scenecut"": ""2"", ""subme"": ""2"", ""tu-inter-depth"": ""1"", ""tu-intra-depth"": ""2"", ""weightb"": ""1"", ""weightp"": ""0"", ""wpp"": ""0""}"
x265,hebo,7305,plain,false,167,2.91,38.58,2.91,39.193002462387085,"['Standard', '320p', 30, '10s']",0.0,39.192888259887695,0.0,"{""amp"": ""1"", ""aq-mode"": ""2"", ""aq-strength"": ""2.0"", ""b-adapt"": ""0"", ""bframes"": ""8"", ""crf"": ""30.0"", ""ctu"": ""32"", ""keyint"": ""437"", ""limit-refs"": ""2"", ""limit-tu"": ""4"", ""me"": ""full"", ""merange"": ""62"", ""open-gop"": ""0"", ""psy-rd"": ""2.5"", ""psy-rdoq"": ""3.5"", ""qcomp"": ""0.7"", ""qpmax"": ""31"", ""qpmin"": ""6"", ""rc-lookahead"": ""38"", ""rd"": ""4"", ""rdoq-level"": ""2"", ""rect"": ""0"", ""ref"": ""3"", ""rskip"": ""0"", ""sao"": ""0"", ""scenecut"": ""61"", ""subme"": ""3"", ""tu-inter-depth"": ""2"", ""tu-intra-depth"": ""4"", ""weightb"": ""0"", ""weightp"": ""0"", ""wpp"": ""0""}"
x265,hebo,7305,plain,false,168,27.82,9.35,27.82,9.733582258224487,"['Standard', '320p', 30, '10s']",0.0,9.733482360839844,0.0,"{""amp"": ""0"", ""aq-mode"": ""1"", ""aq-strength"": ""1.2"", ""b-adapt"": ""2"", ""bframes"": ""2"", ""crf"": ""30.0"", ""ctu"": ""16"", ""keyint"": ""367"", ""limit-refs"": ""1"", ""limit-tu"": ""3"", ""me"": ""full"", ""merange"": ""27"", ""open-gop"": ""0"", ""psy-rd"": ""0.0"", ""psy-rdoq"": ""1.0"", ""qcomp"": ""1.0"", ""qpmax"": ""27"", ""qpmin"": ""2"", ""rc-lookahead"": ""14"", ""rd"": ""3"", ""rdoq-level"": ""1"", ""rect"": ""0"", ""ref"": ""4"", ""rskip"": ""0"", ""sao"": ""0"", ""scenecut"": ""15"", ""subme"": ""1"", ""tu-inter-depth"": ""1"", ""tu-intra-depth"": ""1"", ""weightb"": ""0"", ""weightp"": ""1"", ""wpp"": ""0""}"
x265,hebo,7305,plain,false,169,44.55,6.22,44.55,6.60933256149292,"['Standard', '320p', 30, '10s']",0.0,6.609199047088623,0.0,"{""amp"": ""1"", ""aq-mode"": ""1"", ""aq-strength"": ""1.5"", ""b-adapt"": ""2"", ""bframes"": ""6"", ""crf"": ""18.0"", ""ctu"": ""16"", ""keyint"": ""113"", ""limit-refs"": ""1"", ""limit-tu"": ""2"", ""me"": ""hex"", ""merange"": ""28"", ""open-gop"": ""0"", ""psy-rd"": ""3.5"", ""psy-rdoq"": ""2.5"", ""qcomp"": ""1.0"", ""qpmax"": ""22"", ""qpmin"": ""14"", ""rc-lookahead"": ""15"", ""rd"": ""1"", ""rdoq-level"": ""0"", ""rect"": ""1"", ""ref"": ""1"", ""rskip"": ""0"", ""sao"": ""0"", ""scenecut"": ""38"", ""subme"": ""2"", ""tu-inter-depth"": ""3"", ""tu-intra-depth"": ""1"", ""weightb"": ""1"", ""weightp"": ""0"", ""wpp"": ""0""}"
x265,hebo,7305,plain,false,170,60.45,4.72,60.45,5.109844446182251,"['Standard', '320p', 30, '10s']",0.0,5.109752655029297,0.0,"{""amp"": ""0"", ""aq-mode"": ""1"", ""aq-strength"": ""1.8"", ""b-adapt"": ""2"", ""bframes"": ""1"", ""crf"": ""28.0"", ""ctu"": ""32"", ""keyint"": ""139"", ""limit-refs"": ""1"", ""limit-tu"": ""0"", ""me"": ""hex"", ""merange"": ""47"", ""open-gop"": ""0"", ""psy-rd"": ""3.5"", ""psy-rdoq"": ""0.0"", ""qcomp"": ""0.7"", ""qpmax"": ""25"", ""qpmin"": ""17"", ""rc-lookahead"": ""10"", ""rd"": ""2"", ""rdoq-level"": ""1"", ""rect"": ""0"", ""ref"": ""1"", ""rskip"": ""1"", ""sao"": ""1"", ""scenecut"": ""83"", ""subme"": ""3"", ""tu-inter-depth"": ""1"", ""tu-intra-depth"": ""4"", ""weightb"": ""1"", ""weightp"": ""0"", ""wpp"": ""1""}"
x265,hebo,7305,plain,false,171,90.53,3.27,90.53,3.6553547382354736,"['Standard', '320p', 30, '10s']",0.0,3.655261993408203,0.0,"{""amp"": ""1"", ""aq-mode"": ""2"", ""aq-strength"": ""2.0"", ""b-adapt"": ""0"", ""bframes"": ""7"", ""crf"": ""32.0"", ""ctu"": ""64"", ""keyint"": ""120"", ""limit-refs"": ""3"", ""limit-tu"": ""1"", ""me"": ""hex"", ""merange"": ""49"", ""open-gop"": ""0"", ""psy-rd"": ""4.0"", ""psy-rdoq"": ""5.0"", ""qcomp"": ""1.0"", ""qpmax"": ""45"", ""qpmin"": ""19"", ""rc-lookahead"": ""36"", ""rd"": ""1"", ""rdoq-level"": ""0"", ""rect"": ""0"", ""ref"": ""4"", ""rskip"": ""1"", ""sao"": ""0"", ""scenecut"": ""46"", ""subme"": ""1"", ""tu-inter-depth"": ""3"", ""tu-intra-depth"": ""1"", ""weightb"": ""0"", ""weightp"": ""1"", ""wpp"": ""1""}"
x265,hebo,7305,plain,false,172,19.52,12.48,19.52,12.866015195846558,"['Standard', '320p', 30, '10s']",0.0,12.86590838432312,0.0,"{""amp"": ""1"", ""aq-mode"": ""2"", ""aq-strength"": ""0.5"", ""b-adapt"": ""1"", ""bframes"": ""8"", ""crf"": ""18.0"", ""ctu"": ""32"", ""keyint"": ""216"", ""limit-refs"": ""3"", ""limit-tu"": ""1"", ""me"": ""hex"", ""merange"": ""23"", ""open-gop"": ""0"", ""psy-rd"": ""3.5"", ""psy-rdoq"": ""4.5"", ""qcomp"": ""0.6"", ""qpmax"": ""35"", ""qpmin"": ""3"", ""rc-lookahead"": ""17"", ""rd"": ""2"", ""rdoq-level"": ""2"", ""rect"": ""0"", ""ref"": ""4"", ""rskip"": ""0"", ""sao"": ""0"", ""scenecut"": ""54"", ""subme"": ""5"", ""tu-inter-depth"": ""3"", ""tu-intra-depth"": ""2"", ""weightb"": ""0"", ""weightp"": ""1"", ""wpp"": ""0""}"
x265,hebo,7305,plain,false,173,38.51,7.06,38.51,7.464341163635254,"['Standard', '320p', 30, '10s']",0.0,7.464243412017822,0.0,"{""amp"": ""0"", ""aq-mode"": ""2"", ""aq-strength"": ""1.5"", ""b-adapt"": ""0"", ""bframes"": ""2"", ""crf"": ""22.0"", ""ctu"": ""16"", ""keyint"": ""366"", ""limit-refs"": ""1"", ""limit-tu"": ""1"", ""me"": ""umh"", ""merange"": ""62"", ""open-gop"": ""1"", ""psy-rd"": ""1.5"", ""psy-rdoq"": ""1.5"", ""qcomp"": ""0.75"", ""qpmax"": ""35"", ""qpmin"": ""9"", ""rc-lookahead"": ""42"", ""rd"": ""3"", ""rdoq-level"": ""2"", ""rect"": ""0"", ""ref"": ""3"", ""rskip"": ""1"", ""sao"": ""1"", ""scenecut"": ""77"", ""subme"": ""5"", ""tu-inter-depth"": ""1"", ""tu-intra-depth"": ""2"", ""weightb"": ""0"", ""weightp"": ""1"", ""wpp"": ""1""}"
x265,hebo,7305,plain,false,174,32.94,8.1,32.94,8.4873366355896,"['Standard', '320p', 30, '10s']",0.0,8.487225532531738,0.0,"{""amp"": ""1"", ""aq-mode"": ""4"", ""aq-strength"": ""1.0"", ""b-adapt"": ""0"", ""bframes"": ""0"", ""crf"": ""30.0"", ""ctu"": ""64"", ""keyint"": ""122"", ""limit-refs"": ""2"", ""limit-tu"": ""3"", ""me"": ""umh"", ""merange"": ""42"", ""open-gop"": ""0"", ""psy-rd"": ""4.0"", ""psy-rdoq"": ""0.0"", ""qcomp"": ""0.8"", ""qpmax"": ""29"", ""qpmin"": ""4"", ""rc-lookahead"": ""15"", ""rd"": ""1"", ""rdoq-level"": ""0"", ""rect"": ""0"", ""ref"": ""5"", ""rskip"": ""1"", ""sao"": ""0"", ""scenecut"": ""56"", ""subme"": ""2"", ""tu-inter-depth"": ""2"", ""tu-intra-depth"": ""2"", ""weightb"": ""0"", ""weightp"": ""0"", ""wpp"": ""0""}"
x265,hebo,7305,plain,false,175,16.23,14.4,16.23,14.797155618667603,"['Standard', '320p', 30, '10s']",0.0,14.797056198120117,0.0,"{""amp"": ""0"", ""aq-mode"": ""0"", ""aq-strength"": ""2.0"", ""b-adapt"": ""2"", ""bframes"": ""3"", ""crf"": ""22.0"", ""ctu"": ""64"", ""keyint"": ""31"", ""limit-refs"": ""0"", ""limit-tu"": ""2"", ""me"": ""hex"", ""merange"": ""40"", ""open-gop"": ""0"", ""psy-rd"": ""0.0"", ""psy-rdoq"": ""4.0"", ""qcomp"": ""0.7"", ""qpmax"": ""25"", ""qpmin"": ""4"", ""rc-lookahead"": ""38"", ""rd"": ""4"", ""rdoq-level"": ""1"", ""rect"": ""1"", ""ref"": ""2"", ""rskip"": ""0"", ""sao"": ""0"", ""scenecut"": ""66"", ""subme"": ""1"", ""tu-inter-depth"": ""1"", ""tu-intra-depth"": ""1"", ""weightb"": ""1"", ""weightp"": ""1"", ""wpp"": ""1""}"
x265,hebo,7305,plain,false,176,3.96,34.01,3.96,34.40254259109497,"['Standard', '320p', 30, '10s']",0.0,34.40243721008301,0.0,"{""amp"": ""1"", ""aq-mode"": ""0"", ""aq-strength"": ""2.0"", ""b-adapt"": ""1"", ""bframes"": ""8"", ""crf"": ""25.0"", ""ctu"": ""32"", ""keyint"": ""375"", ""limit-refs"": ""1"", ""limit-tu"": ""1"", ""me"": ""star"", ""merange"": ""64"", ""open-gop"": ""0"", ""psy-rd"": ""3.5"", ""psy-rdoq"": ""0.0"", ""qcomp"": ""0.8"", ""qpmax"": ""32"", ""qpmin"": ""0"", ""rc-lookahead"": ""18"", ""rd"": ""6"", ""rdoq-level"": ""1"", ""rect"": ""1"", ""ref"": ""1"", ""rskip"": ""0"", ""sao"": ""0"", ""scenecut"": ""24"", ""subme"": ""2"", ""tu-inter-depth"": ""4"", ""tu-intra-depth"": ""2"", ""weightb"": ""1"", ""weightp"": ""1"", ""wpp"": ""0""}"
x265,hebo,7305,plain,false,177,2.91,38.5,2.91,38.89744853973389,"['Standard', '320p', 30, '10s']",0.0,38.89734601974487,0.0,"{""amp"": ""1"", ""aq-mode"": ""3"", ""aq-strength"": ""2.0"", ""b-adapt"": ""0"", ""bframes"": ""6"", ""crf"": ""28.0"", ""ctu"": ""16"", ""keyint"": ""422"", ""limit-refs"": ""2"", ""limit-tu"": ""4"", ""me"": ""full"", ""merange"": ""16"", ""open-gop"": ""1"", ""psy-rd"": ""1.0"", ""psy-rdoq"": ""5.0"", ""qcomp"": ""0.6"", ""qpmax"": ""41"", ""qpmin"": ""12"", ""rc-lookahead"": ""49"", ""rd"": ""6"", ""rdoq-level"": ""1"", ""rect"": ""0"", ""ref"": ""6"", ""rskip"": ""1"", ""sao"": ""1"", ""scenecut"": ""71"", ""subme"": ""5"", ""tu-inter-depth"": ""2"", ""tu-intra-depth"": ""2"", ""weightb"": ""0"", ""weightp"": ""1"", ""wpp"": ""1""}"
x265,hebo,7305,plain,false,178,10.68,19.47,10.68,19.859352111816406,"['Standard', '320p', 30, '10s']",0.0,19.859244346618652,0.0,"{""amp"": ""0"", ""aq-mode"": ""2"", ""aq-strength"": ""0.0"", ""b-adapt"": ""1"", ""bframes"": ""1"", ""crf"": ""32.0"", ""ctu"": ""16"", ""keyint"": ""448"", ""limit-refs"": ""3"", ""limit-tu"": ""1"", ""me"": ""full"", ""merange"": ""44"", ""open-gop"": ""0"", ""psy-rd"": ""2.5"", ""psy-rdoq"": ""0.0"", ""qcomp"": ""0.5"", ""qpmax"": ""30"", ""qpmin"": ""12"", ""rc-lookahead"": ""34"", ""rd"": ""1"", ""rdoq-level"": ""2"", ""rect"": ""1"", ""ref"": ""4"", ""rskip"": ""0"", ""sao"": ""0"", ""scenecut"": ""91"", ""subme"": ""4"", ""tu-inter-depth"": ""1"", ""tu-intra-depth"": ""2"", ""weightb"": ""1"", ""weightp"": ""0"", ""wpp"": ""0""}"
x265,hebo,7305,plain,false,179,23.72,10.66,23.72,11.05690884590149,"['Standard', '320p', 30, '10s']",0.0,11.056812763214111,0.0,"{""amp"": ""1"", ""aq-mode"": ""1"", ""aq-strength"": ""1.5"", ""b-adapt"": ""1"", ""bframes"": ""4"", ""crf"": ""30.0"", ""ctu"": ""16"", ""keyint"": ""354"", ""limit-refs"": ""1"", ""limit-tu"": ""3"", ""me"": ""full"", ""merange"": ""50"", ""open-gop"": ""0"", ""psy-rd"": ""4.0"", ""psy-rdoq"": ""3.0"", ""qcomp"": ""0.8"", ""qpmax"": ""30"", ""qpmin"": ""16"", ""rc-lookahead"": ""29"", ""rd"": ""1"", ""rdoq-level"": ""2"", ""rect"": ""0"", ""ref"": ""4"", ""rskip"": ""1"", ""sao"": ""1"", ""scenecut"": ""39"", ""subme"": ""5"", ""tu-inter-depth"": ""1"", ""tu-intra-depth"": ""3"", ""weightb"": ""1"", ""weightp"": ""1"", ""wpp"": ""1""}"
x265,hebo,7305,plain,false,180,33.18,8.05,33.18,8.436312198638916,"['Standard', '320p', 30, '10s']",0.0,8.436219215393066,0.0,"{""amp"": ""1"", ""aq-mode"": ""2"", ""aq-strength"": ""2.0"", ""b-adapt"": ""0"", ""bframes"": ""6"", ""crf"": ""18.0"", ""ctu"": ""64"", ""keyint"": ""153"", ""limit-refs"": ""3"", ""limit-tu"": ""3"", ""me"": ""hex"", ""merange"": ""44"", ""open-gop"": ""1"", ""psy-rd"": ""2.5"", ""psy-rdoq"": ""4.5"", ""qcomp"": ""0.75"", ""qpmax"": ""34"", ""qpmin"": ""4"", ""rc-lookahead"": ""36"", ""rd"": ""3"", ""rdoq-level"": ""0"", ""rect"": ""0"", ""ref"": ""3"", ""rskip"": ""0"", ""sao"": ""0"", ""scenecut"": ""47"", ""subme"": ""3"", ""tu-inter-depth"": ""3"", ""tu-intra-depth"": ""1"", ""weightb"": ""1"", ""weightp"": ""1"", ""wpp"": ""1""}"
x265,hebo,7305,plain,false,181,-3.59,216.19,-3.59,216.58519434928894,"['Standard', '320p', 30, '10s']",0.0,216.58508205413818,0.0,"{""amp"": ""0"", ""aq-mode"": ""4"", ""aq-strength"": ""0.5"", ""b-adapt"": ""0"", ""bframes"": ""6"", ""crf"": ""32.0"", ""ctu"": ""32"", ""keyint"": ""166"", ""limit-refs"": ""1"", ""limit-tu"": ""1"", ""me"": ""full"", ""merange"": ""56"", ""open-gop"": ""1"", ""psy-rd"": ""2.0"", ""psy-rdoq"": ""5.0"", ""qcomp"": ""0.5"", ""qpmax"": ""20"", ""qpmin"": ""5"", ""rc-lookahead"": ""56"", ""rd"": ""3"", ""rdoq-level"": ""0"", ""rect"": ""1"", ""ref"": ""6"", ""rskip"": ""1"", ""sao"": ""1"", ""scenecut"": ""45"", ""subme"": ""1"", ""tu-inter-depth"": ""1"", ""tu-intra-depth"": ""2"", ""weightb"": ""1"", ""weightp"": ""0"", ""wpp"": ""1""}"
x265,hebo,7305,plain,false,182,32.88,8.11,32.88,8.50846266746521,"['Standard', '320p', 30, '10s']",0.0,8.508368253707886,0.0,"{""amp"": ""1"", ""aq-mode"": ""3"", ""aq-strength"": ""1.8"", ""b-adapt"": ""1"", ""bframes"": ""1"", ""crf"": ""25.0"", ""ctu"": ""32"", ""keyint"": ""111"", ""limit-refs"": ""2"", ""limit-tu"": ""4"", ""me"": ""star"", ""merange"": ""56"", ""open-gop"": ""1"", ""psy-rd"": ""1.0"", ""psy-rdoq"": ""0.5"", ""qcomp"": ""0.6"", ""qpmax"": ""36"", ""qpmin"": ""10"", ""rc-lookahead"": ""48"", ""rd"": ""3"", ""rdoq-level"": ""0"", ""rect"": ""1"", ""ref"": ""2"", ""rskip"": ""1"", ""sao"": ""0"", ""scenecut"": ""46"", ""subme"": ""1"", ""tu-inter-depth"": ""3"", ""tu-intra-depth"": ""3"", ""weightb"": ""1"", ""weightp"": ""0"", ""wpp"": ""0""}"
x265,hebo,7305,plain,false,183,7.26,24.87,7.26,25.24640941619873,"['Standard', '320p', 30, '10s']",0.0,25.246304512023926,0.0,"{""amp"": ""0"", ""aq-mode"": ""1"", ""aq-strength"": ""1.5"", ""b-adapt"": ""2"", ""bframes"": ""1"", ""crf"": ""25.0"", ""ctu"": ""64"", ""keyint"": ""387"", ""limit-refs"": ""0"", ""limit-tu"": ""2"", ""me"": ""full"", ""merange"": ""19"", ""open-gop"": ""0"", ""psy-rd"": ""4.0"", ""psy-rdoq"": ""1.0"", ""qcomp"": ""0.5"", ""qpmax"": ""33"", ""qpmin"": ""6"", ""rc-lookahead"": ""24"", ""rd"": ""2"", ""rdoq-level"": ""0"", ""rect"": ""1"", ""ref"": ""3"", ""rskip"": ""1"", ""sao"": ""0"", ""scenecut"": ""16"", ""subme"": ""1"", ""tu-inter-depth"": ""4"", ""tu-intra-depth"": ""3"", ""weightb"": ""0"", ""weightp"": ""1"", ""wpp"": ""0""}"
x265,hebo,7305,plain,false,184,57.59,4.94,57.59,5.333324670791626,"['Standard', '320p', 30, '10s']",0.0,5.333220958709717,0.0,"{""amp"": ""1"", ""aq-mode"": ""4"", ""aq-strength"": ""0.8"", ""b-adapt"": ""2"", ""bframes"": ""1"", ""crf"": ""30.0"", ""ctu"": ""32"", ""keyint"": ""307"", ""limit-refs"": ""3"", ""limit-tu"": ""1"", ""me"": ""star"", ""merange"": ""56"", ""open-gop"": ""1"", ""psy-rd"": ""1.0"", ""psy-rdoq"": ""3.0"", ""qcomp"": ""0.5"", ""qpmax"": ""38"", ""qpmin"": ""14"", ""rc-lookahead"": ""44"", ""rd"": ""1"", ""rdoq-level"": ""2"", ""rect"": ""1"", ""ref"": ""6"", ""rskip"": ""1"", ""sao"": ""1"", ""scenecut"": ""44"", ""subme"": ""5"", ""tu-inter-depth"": ""4"", ""tu-intra-depth"": ""1"", ""weightb"": ""0"", ""weightp"": ""1"", ""wpp"": ""0""}"
x265,hebo,7305,plain,false,185,51.16,5.5,51.16,5.9173455238342285,"['Standard', '320p', 30, '10s']",0.0,5.91724967956543,0.0,"{""amp"": ""1"", ""aq-mode"": ""2"", ""aq-strength"": ""0.8"", ""b-adapt"": ""1"", ""bframes"": ""8"", ""crf"": ""22.0"", ""ctu"": ""32"", ""keyint"": ""324"", ""limit-refs"": ""3"", ""limit-tu"": ""3"", ""me"": ""star"", ""merange"": ""49"", ""open-gop"": ""0"", ""psy-rd"": ""1.0"", ""psy-rdoq"": ""3.5"", ""qcomp"": ""0.5"", ""qpmax"": ""45"", ""qpmin"": ""15"", ""rc-lookahead"": ""48"", ""rd"": ""1"", ""rdoq-level"": ""2"", ""rect"": ""0"", ""ref"": ""2"", ""rskip"": ""1"", ""sao"": ""1"", ""scenecut"": ""56"", ""subme"": ""4"", ""tu-inter-depth"": ""3"", ""tu-intra-depth"": ""4"", ""weightb"": ""0"", ""weightp"": ""1"", ""wpp"": ""1""}"
x265,hebo,7305,plain,false,186,10.77,19.36,10.77,19.79005742073059,"['Standard', '320p', 30, '10s']",0.0,19.789957761764526,0.0,"{""amp"": ""0"", ""aq-mode"": ""1"", ""aq-strength"": ""0.8"", ""b-adapt"": ""2"", ""bframes"": ""0"", ""crf"": ""20.0"", ""ctu"": ""64"", ""keyint"": ""216"", ""limit-refs"": ""1"", ""limit-tu"": ""0"", ""me"": ""hex"", ""merange"": ""28"", ""open-gop"": ""0"", ""psy-rd"": ""2.0"", ""psy-rdoq"": ""4.0"", ""qcomp"": ""0.5"", ""qpmax"": ""35"", ""qpmin"": ""5"", ""rc-lookahead"": ""45"", ""rd"": ""3"", ""rdoq-level"": ""0"", ""rect"": ""1"", ""ref"": ""1"", ""rskip"": ""0"", ""sao"": ""0"", ""scenecut"": ""61"", ""subme"": ""4"", ""tu-inter-depth"": ""2"", ""tu-intra-depth"": ""1"", ""weightb"": ""1"", ""weightp"": ""1"", ""wpp"": ""0""}"
x265,hebo,7305,plain,false,187,2.15,42.62,2.15,43.01836156845093,"['Standard', '320p', 30, '10s']",0.0,43.01826024055481,0.0,"{""amp"": ""0"", ""aq-mode"": ""3"", ""aq-strength"": ""1.2"", ""b-adapt"": ""0"", ""bframes"": ""5"", ""crf"": ""20.0"", ""ctu"": ""16"", ""keyint"": ""201"", ""limit-refs"": ""0"", ""limit-tu"": ""2"", ""me"": ""umh"", ""merange"": ""45"", ""open-gop"": ""0"", ""psy-rd"": ""1.5"", ""psy-rdoq"": ""3.5"", ""qcomp"": ""0.6"", ""qpmax"": ""31"", ""qpmin"": ""8"", ""rc-lookahead"": ""50"", ""rd"": ""5"", ""rdoq-level"": ""2"", ""rect"": ""1"", ""ref"": ""6"", ""rskip"": ""1"", ""sao"": ""1"", ""scenecut"": ""50"", ""subme"": ""4"", ""tu-inter-depth"": ""3"", ""tu-intra-depth"": ""2"", ""weightb"": ""0"", ""weightp"": ""0"", ""wpp"": ""1""}"
x265,hebo,7305,plain,false,188,75.10,3.88,75.10,4.27606463432312,"['Standard', '320p', 30, '10s']",0.0,4.275969982147217,0.0,"{""amp"": ""0"", ""aq-mode"": ""0"", ""aq-strength"": ""1.8"", ""b-adapt"": ""0"", ""bframes"": ""4"", ""crf"": ""30.0"", ""ctu"": ""16"", ""keyint"": ""355"", ""limit-refs"": ""1"", ""limit-tu"": ""0"", ""me"": ""hex"", ""merange"": ""31"", ""open-gop"": ""0"", ""psy-rd"": ""1.5"", ""psy-rdoq"": ""2.0"", ""qcomp"": ""0.7"", ""qpmax"": ""31"", ""qpmin"": ""17"", ""rc-lookahead"": ""28"", ""rd"": ""2"", ""rdoq-level"": ""0"", ""rect"": ""1"", ""ref"": ""2"", ""rskip"": ""1"", ""sao"": ""1"", ""scenecut"": ""49"", ""subme"": ""1"", ""tu-inter-depth"": ""1"", ""tu-intra-depth"": ""1"", ""weightb"": ""0"", ""weightp"": ""1"", ""wpp"": ""0""}"
x265,hebo,7305,plain,false,189,11.58,18.42,11.58,18.810145616531372,"['Standard', '320p', 30, '10s']",0.0,18.81004047393799,0.0,"{""amp"": ""1"", ""aq-mode"": ""4"", ""aq-strength"": ""1.2"", ""b-adapt"": ""1"", ""bframes"": ""2"", ""crf"": ""32.0"", ""ctu"": ""16"", ""keyint"": ""463"", ""limit-refs"": ""3"", ""limit-tu"": ""1"", ""me"": ""star"", ""merange"": ""23"", ""open-gop"": ""1"", ""psy-rd"": ""2.0"", ""psy-rdoq"": ""4.5"", ""qcomp"": ""0.75"", ""qpmax"": ""51"", ""qpmin"": ""5"", ""rc-lookahead"": ""27"", ""rd"": ""6"", ""rdoq-level"": ""1"", ""rect"": ""1"", ""ref"": ""4"", ""rskip"": ""1"", ""sao"": ""1"", ""scenecut"": ""28"", ""subme"": ""5"", ""tu-inter-depth"": ""3"", ""tu-intra-depth"": ""2"", ""weightb"": ""0"", ""weightp"": ""0"", ""wpp"": ""1""}"
x265,hebo,7305,plain,false,190,15.30,15.14,15.30,15.770713806152344,"['Standard', '320p', 30, '10s']",0.0,15.770606994628906,0.0,"{""amp"": ""1"", ""aq-mode"": ""0"", ""aq-strength"": ""0.8"", ""b-adapt"": ""0"", ""bframes"": ""8"", ""crf"": ""30.0"", ""ctu"": ""64"", ""keyint"": ""306"", ""limit-refs"": ""2"", ""limit-tu"": ""0"", ""me"": ""umh"", ""merange"": ""29"", ""open-gop"": ""0"", ""psy-rd"": ""3.0"", ""psy-rdoq"": ""3.5"", ""qcomp"": ""0.7"", ""qpmax"": ""30"", ""qpmin"": ""6"", ""rc-lookahead"": ""12"", ""rd"": ""2"", ""rdoq-level"": ""0"", ""rect"": ""1"", ""ref"": ""6"", ""rskip"": ""0"", ""sao"": ""0"", ""scenecut"": ""44"", ""subme"": ""4"", ""tu-inter-depth"": ""2"", ""tu-intra-depth"": ""2"", ""weightb"": ""0"", ""weightp"": ""1"", ""wpp"": ""0""}"
x265,hebo,7305,plain,false,191,8.51,22.59,8.51,22.98919153213501,"['Standard', '320p', 30, '10s']",0.0,22.98908281326294,0.0,"{""amp"": ""0"", ""aq-mode"": ""1"", ""aq-strength"": ""1.2"", ""b-adapt"": ""2"", ""bframes"": ""5"", ""crf"": ""18.0"", ""ctu"": ""64"", ""keyint"": ""244"", ""limit-refs"": ""1"", ""limit-tu"": ""1"", ""me"": ""full"", ""merange"": ""22"", ""open-gop"": ""1"", ""psy-rd"": ""2.0"", ""psy-rdoq"": ""3.5"", ""qcomp"": ""0.75"", ""qpmax"": ""26"", ""qpmin"": ""10"", ""rc-lookahead"": ""20"", ""rd"": ""4"", ""rdoq-level"": ""1"", ""rect"": ""1"", ""ref"": ""2"", ""rskip"": ""1"", ""sao"": ""0"", ""scenecut"": ""45"", ""subme"": ""5"", ""tu-inter-depth"": ""1"", ""tu-intra-depth"": ""1"", ""weightb"": ""1"", ""weightp"": ""1"", ""wpp"": ""1""}"
x265,hebo,7305,plain,false,192,16.01,14.56,16.01,14.943259716033936,"['Standard', '320p', 30, '10s']",0.0,14.943158626556396,0.0,"{""amp"": ""1"", ""aq-mode"": ""0"", ""aq-strength"": ""0.8"", ""b-adapt"": ""1"", ""bframes"": ""5"", ""crf"": ""22.0"", ""ctu"": ""16"", ""keyint"": ""167"", ""limit-refs"": ""0"", ""limit-tu"": ""4"", ""me"": ""star"", ""merange"": ""32"", ""open-gop"": ""1"", ""psy-rd"": ""0.5"", ""psy-rdoq"": ""2.0"", ""qcomp"": ""0.75"", ""qpmax"": ""27"", ""qpmin"": ""20"", ""rc-lookahead"": ""53"", ""rd"": ""3"", ""rdoq-level"": ""2"", ""rect"": ""1"", ""ref"": ""3"", ""rskip"": ""1"", ""sao"": ""1"", ""scenecut"": ""83"", ""subme"": ""2"", ""tu-inter-depth"": ""3"", ""tu-intra-depth"": ""1"", ""weightb"": ""0"", ""weightp"": ""0"", ""wpp"": ""0""}"
x265,hebo,7305,plain,false,193,9.44,21.14,9.44,21.526052713394165,"['Standard', '320p', 30, '10s']",0.0,21.525952100753784,0.0,"{""amp"": ""1"", ""aq-mode"": ""1"", ""aq-strength"": ""0.5"", ""b-adapt"": ""0"", ""bframes"": ""6"", ""crf"": ""18.0"", ""ctu"": ""64"", ""keyint"": ""106"", ""limit-refs"": ""0"", ""limit-tu"": ""1"", ""me"": ""hex"", ""merange"": ""28"", ""open-gop"": ""1"", ""psy-rd"": ""3.0"", ""psy-rdoq"": ""2.0"", ""qcomp"": ""0.8"", ""qpmax"": ""40"", ""qpmin"": ""4"", ""rc-lookahead"": ""38"", ""rd"": ""3"", ""rdoq-level"": ""0"", ""rect"": ""1"", ""ref"": ""3"", ""rskip"": ""0"", ""sao"": ""0"", ""scenecut"": ""89"", ""subme"": ""2"", ""tu-inter-depth"": ""4"", ""tu-intra-depth"": ""1"", ""weightb"": ""0"", ""weightp"": ""0"", ""wpp"": ""1""}"
x265,hebo,7305,plain,false,194,4.95,30.64,4.95,31.047263860702515,"['Standard', '320p', 30, '10s']",0.0,31.047158241271973,0.0,"{""amp"": ""0"", ""aq-mode"": ""0"", ""aq-strength"": ""0.0"", ""b-adapt"": ""2"", ""bframes"": ""1"", ""crf"": ""18.0"", ""ctu"": ""64"", ""keyint"": ""69"", ""limit-refs"": ""0"", ""limit-tu"": ""2"", ""me"": ""umh"", ""merange"": ""54"", ""open-gop"": ""1"", ""psy-rd"": ""0.0"", ""psy-rdoq"": ""0.5"", ""qcomp"": ""1.0"", ""qpmax"": ""44"", ""qpmin"": ""2"", ""rc-lookahead"": ""60"", ""rd"": ""3"", ""rdoq-level"": ""2"", ""rect"": ""0"", ""ref"": ""5"", ""rskip"": ""1"", ""sao"": ""0"", ""scenecut"": ""20"", ""subme"": ""3"", ""tu-inter-depth"": ""2"", ""tu-intra-depth"": ""3"", ""weightb"": ""0"", ""weightp"": ""0"", ""wpp"": ""0""}"
x265,hebo,7305,plain,false,195,33.19,8.05,33.19,8.441363334655762,"['Standard', '320p', 30, '10s']",0.0,8.441263675689697,0.0,"{""amp"": ""0"", ""aq-mode"": ""4"", ""aq-strength"": ""1.2"", ""b-adapt"": ""1"", ""bframes"": ""2"", ""crf"": ""20.0"", ""ctu"": ""16"", ""keyint"": ""251"", ""limit-refs"": ""3"", ""limit-tu"": ""4"", ""me"": ""dia"", ""merange"": ""56"", ""open-gop"": ""0"", ""psy-rd"": ""2.5"", ""psy-rdoq"": ""3.5"", ""qcomp"": ""0.8"", ""qpmax"": ""23"", ""qpmin"": ""5"", ""rc-lookahead"": ""24"", ""rd"": ""3"", ""rdoq-level"": ""0"", ""rect"": ""0"", ""ref"": ""4"", ""rskip"": ""0"", ""sao"": ""1"", ""scenecut"": ""68"", ""subme"": ""1"", ""tu-inter-depth"": ""3"", ""tu-intra-depth"": ""3"", ""weightb"": ""0"", ""weightp"": ""0"", ""wpp"": ""0""}"
x265,hebo,7305,plain,false,196,0.68,53.57,0.68,53.97035765647888,"['Standard', '320p', 30, '10s']",0.0,53.97025537490845,0.0,"{""amp"": ""0"", ""aq-mode"": ""2"", ""aq-strength"": ""2.0"", ""b-adapt"": ""0"", ""bframes"": ""5"", ""crf"": ""28.0"", ""ctu"": ""64"", ""keyint"": ""107"", ""limit-refs"": ""1"", ""limit-tu"": ""1"", ""me"": ""star"", ""merange"": ""47"", ""open-gop"": ""1"", ""psy-rd"": ""1.0"", ""psy-rdoq"": ""4.0"", ""qcomp"": ""0.8"", ""qpmax"": ""33"", ""qpmin"": ""1"", ""rc-lookahead"": ""52"", ""rd"": ""5"", ""rdoq-level"": ""1"", ""rect"": ""0"", ""ref"": ""5"", ""rskip"": ""0"", ""sao"": ""0"", ""scenecut"": ""23"", ""subme"": ""5"", ""tu-inter-depth"": ""4"", ""tu-intra-depth"": ""4"", ""weightb"": ""1"", ""weightp"": ""0"", ""wpp"": ""0""}"
x265,hebo,7305,plain,false,197,3.74,34.87,3.74,35.25637173652649,"['Standard', '320p', 30, '10s']",0.0,35.25626873970032,0.0,"{""amp"": ""1"", ""aq-mode"": ""2"", ""aq-strength"": ""1.0"", ""b-adapt"": ""2"", ""bframes"": ""2"", ""crf"": ""25.0"", ""ctu"": ""16"", ""keyint"": ""115"", ""limit-refs"": ""0"", ""limit-tu"": ""4"", ""me"": ""full"", ""merange"": ""38"", ""open-gop"": ""0"", ""psy-rd"": ""3.5"", ""psy-rdoq"": ""0.5"", ""qcomp"": ""0.75"", ""qpmax"": ""34"", ""qpmin"": ""18"", ""rc-lookahead"": ""30"", ""rd"": ""2"", ""rdoq-level"": ""0"", ""rect"": ""1"", ""ref"": ""2"", ""rskip"": ""1"", ""sao"": ""1"", ""scenecut"": ""84"", ""subme"": ""4"", ""tu-inter-depth"": ""3"", ""tu-intra-depth"": ""3"", ""weightb"": ""1"", ""weightp"": ""1"", ""wpp"": ""1""}"
x265,hebo,7305,plain,false,198,3.83,34.51,3.83,35.01547718048096,"['Standard', '320p', 30, '10s']",0.0,35.015260457992554,0.0,"{""amp"": ""0"", ""aq-mode"": ""1"", ""aq-strength"": ""0.8"", ""b-adapt"": ""0"", ""bframes"": ""6"", ""crf"": ""18.0"", ""ctu"": ""16"", ""keyint"": ""184"", ""limit-refs"": ""0"", ""limit-tu"": ""1"", ""me"": ""hex"", ""merange"": ""52"", ""open-gop"": ""0"", ""psy-rd"": ""0.5"", ""psy-rdoq"": ""1.5"", ""qcomp"": ""0.75"", ""qpmax"": ""32"", ""qpmin"": ""11"", ""rc-lookahead"": ""54"", ""rd"": ""6"", ""rdoq-level"": ""2"", ""rect"": ""0"", ""ref"": ""6"", ""rskip"": ""1"", ""sao"": ""1"", ""scenecut"": ""15"", ""subme"": ""3"", ""tu-inter-depth"": ""3"", ""tu-intra-depth"": ""3"", ""weightb"": ""1"", ""weightp"": ""1"", ""wpp"": ""0""}"
x265,hebo,7305,plain,false,199,30.95,8.54,30.95,8.8981773853302,"['Standard', '320p', 30, '10s']",0.0,8.89807677268982,0.0,"{""amp"": ""1"", ""aq-mode"": ""4"", ""aq-strength"": ""2.0"", ""b-adapt"": ""2"", ""bframes"": ""0"", ""crf"": ""30.0"", ""ctu"": ""16"", ""keyint"": ""301"", ""limit-refs"": ""2"", ""limit-tu"": ""2"", ""me"": ""full"", ""merange"": ""47"", ""open-gop"": ""1"", ""psy-rd"": ""1.5"", ""psy-rdoq"": ""2.5"", ""qcomp"": ""0.8"", ""qpmax"": ""40"", ""qpmin"": ""20"", ""rc-lookahead"": ""24"", ""rd"": ""1"", ""rdoq-level"": ""1"", ""rect"": ""1"", ""ref"": ""6"", ""rskip"": ""1"", ""sao"": ""1"", ""scenecut"": ""63"", ""subme"": ""4"", ""tu-inter-depth"": ""2"", ""tu-intra-depth"": ""3"", ""weightb"": ""1"", ""weightp"": ""1"", ""wpp"": ""1""}"
x265,hebo,7305,plain,false,200,9.07,21.76,9.07,22.25870442390442,"['Standard', '320p', 30, '10s']",0.0,22.258605241775513,0.0,"{""amp"": ""1"", ""aq-mode"": ""0"", ""aq-strength"": ""0.8"", ""b-adapt"": ""1"", ""bframes"": ""2"", ""crf"": ""22.0"", ""ctu"": ""64"", ""keyint"": ""393"", ""limit-refs"": ""0"", ""limit-tu"": ""3"", ""me"": ""star"", ""merange"": ""45"", ""open-gop"": ""0"", ""psy-rd"": ""3.5"", ""psy-rdoq"": ""1.5"", ""qcomp"": ""0.7"", ""qpmax"": ""41"", ""qpmin"": ""18"", ""rc-lookahead"": ""31"", ""rd"": ""2"", ""rdoq-level"": ""0"", ""rect"": ""1"", ""ref"": ""3"", ""rskip"": ""0"", ""sao"": ""0"", ""scenecut"": ""67"", ""subme"": ""1"", ""tu-inter-depth"": ""3"", ""tu-intra-depth"": ""1"", ""weightb"": ""0"", ""weightp"": ""0"", ""wpp"": ""0""}"
